,Chemical,CAS,Cell.type,FBS,Well,Q_cells,Q_media_free,Q_media,F_free_media,IOC,pKa
1,Caffeine,58-08-2,Rat cerebellar granule cell,2,96,5.70E-08,0.000148436,0.000148448,1.000304038,N,
2,Lamotrigine,84057-84-1,Rat cerebellar granule cell,2,96,1.70E-05,0.000100742,0.000105699,0.953473213,B,6.6
3,Diclofenac,15307-79-6,Rat cerebellar granule cell,2,96,1.54E-07,0.000149838,0.000149844,1.000347876,B,17.6
4,"2,4-Dichlorophenoxyacetic",94-75-7,Rat cerebellar granule cell,2,96,3.59E-06,0.000135256,0.000146386,0.92433327,A,2.7
5,(S)-Naproxen,22204-53-1,Rat cerebellar granule cell,2,96,7.53E-06,0.000117893,0.000142367,0.828413973,A,4.4
6,Ibuprofen,15687-27-1,Rat cerebellar granule cell,2,96,1.82E-05,7.17E-05,0.000130769,0.548829947,A,5.4
7,Torasemide,56211-40-6,Rat cerebellar granule cell,2,96,1.04E-05,1.05E-04,0.000139583,0.750023823,A,4
8,Warfarin,81-81-2,Rat cerebellar granule cell,2,96,2.88E-06,0.000138385,0.000147036,0.941530881,A,4.5
9,di-n-butylphthalate,84-74-2,Rat cerebellar granule cell,2,96,9.10E-05,4.23E-06,4.00E-05,0.105854763,N,
10,hexachlorophene,70-30-4,Rat cerebellar granule cell,2,96,1.41E-04,5.04E-08,7.98E-06,6.32E-03,A,6.2
11,hexamethylenetetramine,100-97-0,Rat cerebellar granule cell,2,96,3.92E-09,0.00014084,0.00014084,1.000385801,B,6.4
12,Malathion,121-75-5,Rat cerebellar granule cell,2,96,1.21E-05,0.000108397,0.000112034,0.967913055,N,
13,pentachlorophenol,87-86-5,Rat cerebellar granule cell,2,96,5.02E-05,8.15E-06,9.95E-05,0.081965148,A,5
14,"2,2,2-trichloroethanol",115-20-8,Rat cerebellar granule cell,2,96,1.58E-06,0.000127936,0.00012836,0.997078122,N,
15,diethylphthalate,84-66-2,Rat cerebellar granule cell,2,96,1.40E-05,0.000104071,0.000108323,0.961116816,N,
16,4-chlorophenol,106-48-9,Rat cerebellar granule cell,2,96,1.27E-05,0.000106607,0.000110458,0.965509205,N,
17,permethrin,52645-53-1,Rat cerebellar granule cell,2,96,1.36E-04,7.58E-08,1.05E-05,0.007245657,N,
18,Aniline,62-53-3,Rat cerebellar granule cell,2,96,5.23E-07,0.000142811,0.000142944,0.999464278,N,
19,4-fluoroaniline,371-40-4,Rat cerebellar granule cell,2,96,9.14E-07,0.000139222,0.00013946,0.998681172,N,
20,"2,4,6-trichlorophenol",88-06-2,Rat cerebellar granule cell,2,96,3.67E-05,5.50E-05,9.75447E-05,0.564259849,A,6.8
21,Allyl alcohol,107-18-6,Rat cerebellar granule cell,2,96,9.37E-08,0.000140079,0.0001401,1.000235302,N,
22,N-methylaniline,100-61-8,Rat cerebellar granule cell,2,96,2.71E-06,0.000125254,0.000126005,0.994431355,N,
23,"3,4-dichloroaniline",95-76-1,Rat cerebellar granule cell,2,96,2.14E-05,8.88687E-05,9.55924E-05,0.930025578,N,
24,4-decylaniline,37529-30-9,Rat cerebellar granule cell,2,96,1.34E-04,1.14E-07,1.13E-05,0.01014587,N,
25,naphthalene,91-20-3,Rat cerebellar granule cell,2,96,3.84E-05,3.83E-05,5.1379E-05,0.746223652,N,
26,"1,2,4-trichlorobenzene",120-82-1,Rat cerebellar granule cell,2,96,1.94E-05,3.85E-06,1.10609E-05,0.348332316,N,
27,"1,2-dichlorobenzene",95-50-1,Rat cerebellar granule cell,2,96,8.43E-06,6.20E-06,9.11183E-06,0.680785945,N,
28,dichloromethane,75-09-2,Rat cerebellar granule cell,2,96,9.38E-08,1.13032E-05,1.13279E-05,0.998206451,N,
29,tetrachloroethylene,127-18-4,Rat cerebellar granule cell,2,96,3.05E-06,2.40E-06,3.45E-06,0.696672964,N,
30,"2,3-dimethyl-1,3-butadiene",513-81-5,Rat cerebellar granule cell,2,96,5.08E-08,8.67E-08,1.03E-07,0.838476732,N,
31,Eugenol F,97-53-0,Rat cerebellar granule cell,2,96,1.01E-05,0.00011259,0.000115617,0.974200527,N,
32,Methyl-antranilate,134-20-3,Rat cerebellar granule cell,2,96,4.62E-06,0.000127721,0.000129036,0.99019704,N,
33,Lilyfore,285977-85-7,Rat cerebellar granule cell,2,96,4.48E-05,5.14E-05,6.64981E-05,0.77326174,N,
34,Damascone beta,23726-91-2,Rat cerebellar granule cell,2,96,8.22E-05,8.09E-06,3.99E-05,0.202935234,N,
35,Veloutone,14595-54-1,Rat cerebellar granule cell,2,96,1.16E-04,1.12E-06,2.22E-05,0.050571755,N,
36,Verdox,82356-51-2,Rat cerebellar granule cell,2,96,0.000134942,8.47968E-08,1.06465E-05,0.00796788,N,
37,Nirvanol,1506-02-1,Rat cerebellar granule cell,2,96,0.000125481,4.55836E-07,1.60354E-05,0.028437992,N,
38,Cetalox,3738-00-9,Rat cerebellar granule cell,2,96,1.15E-04,8.45E-07,1.95E-05,0.043327129,N,
39,Tonalide,21145-77-7,Rat cerebellar granule cell,2,96,1.25E-04,4.56E-07,1.60E-05,0.028437992,N,
40,"2,4-Dinitrophenol",51-28-5,Rat cerebellar granule cell,2,96,2.77E-07,0.000149002,0.000149711,0.995653616,A,4.1
41,Aldrin,309-00-2,Rat cerebellar granule cell,2,96,1.35E-04,7.56E-08,1.04E-05,0.007245657,N,
42,Azinphos-methyl,86-50-0,Rat cerebellar granule cell,2,96,2.36E-05,8.51266E-05,9.25938E-05,0.91971443,N,
43,Chlorpyrifos,2921-88-2,Rat cerebellar granule cell,2,96,1.05E-04,2.16E-06,2.93E-05,0.073737078,N,
44,"DDD-p,p'",50-29-3,Rat cerebellar granule cell,2,96,1.38E-04,2.96E-08,9.24E-06,0.003201257,N,
45,"DDT-o,p'",789-02-6,Rat cerebellar granule cell,2,96,1.36E-04,6.61E-08,1.02E-05,0.006455554,N,
46,"DDT-p,p'",72-54-8,Rat cerebellar granule cell,2,96,1.32E-04,1.79E-07,1.24E-05,0.014475667,N,
47,Diazinon,333-41-5,Rat cerebellar granule cell,2,96,7.00E-05,2.12E-05,4.65388E-05,0.454744329,N,
48,Dicofol,115-32-2,Rat cerebellar granule cell,2,96,1.08E-04,1.92E-06,2.78E-05,0.068955307,N,
49,Dieldrin,60-57-1,Rat cerebellar granule cell,2,96,1.11E-04,1.56E-06,2.55E-05,0.061440283,N,
50,Disulfoton,298-04-4,Rat cerebellar granule cell,2,96,7.72E-05,1.43E-05,4.30745E-05,0.331694573,N,
51,Endosulfan I,115-29-7,Rat cerebellar granule cell,2,96,7.07E-05,2.04E-05,4.61215E-05,0.44251938,N,
52,Endrin,72-20-8,Rat cerebellar granule cell,2,96,1.20E-04,8.18E-07,1.96E-05,0.041634285,N,
53,Ethion,563-12-2,Rat cerebellar granule cell,2,96,1.09E-04,1.73E-06,2.66E-05,0.065127306,N,
54,Heptachlor,76-44-8,Rat cerebellar granule cell,2,96,1.32E-04,1.87E-07,1.25E-05,0.014982094,N,
55,Heptachlor epoxide B,1024-57-3,Rat cerebellar granule cell,2,96,1.06E-04,2.08E-06,2.88E-05,0.072120204,N,
56,Lindane,58-89-9,Rat cerebellar granule cell,2,96,6.61E-05,2.47E-05,4.83714E-05,0.510217563,N,
57,"Methoxychlor-o,p'",72-43-5,Rat cerebellar granule cell,2,96,1.10E-04,1.70E-06,2.64E-05,0.06437867,N,
58,Parathion,56-38-2,Rat cerebellar granule cell,2,96,7.07E-05,2.04E-05,4.61329E-05,0.44251938,N,
59,Trifluralin,1582-09-8,Rat cerebellar granule cell,2,96,1.17E-04,9.89E-07,2.11E-05,0.046854026,N,
60,Cisapride,81098-60-4,Rat cerebellar granule cell,2,96,5.86E-05,6.16E-05,7.31038E-05,0.842597877,B,7.8
61,Citalopram hydrobromide,59729-33-8,Rat cerebellar granule cell,2,96,4.29E-05,5.41E-05,6.84578E-05,0.790121862,N,
62,Dofetilide,115256-11-6,Rat cerebellar granule cell,2,96,5.69E-06,0.000141187,0.000141738,0.996501925,B,8.4
63,Moxifloxacin hydrochloride,186826-86-8,Rat cerebellar granule cell,2,96,1.12E-07,0.000149424,0.000149611,0.999143237,A,6
64,N-acetylpro-cainamide,32795-44-1,Rat cerebellar granule cell,2,96,4.81E-07,0.000149372,0.000149397,1.000223384,B,9.2
65,Quinidine sulfate,50-54-4,Rat cerebellar granule cell,2,96,4.06E-05,1.06E-04,0.000108442,0.974465125,B,9.3
66,Sematilide,101526-83-4,Rat cerebellar granule cell,2,96,4.01E-07,0.000149441,0.000149462,1.00024813,B,9.1
67,Sotalol hydrochloride,959-24-0,Rat cerebellar granule cell,2,96,5.40E-08,0.000149888,0.00014989,1.000372788,B,9
68,Mifepristone,84371-65-3,Rat cerebellar granule cell,2,96,1.02E-04,2.55E-06,3.16E-05,0.080694784,N,
69,Perfluorobutanesulfonic_acid,375-73-5,Rat cerebellar granule cell,2,96,1.86E-07,0.000149346,0.00014981,0.997289169,A,-2.9
70,4_2_Fluorotelomer_sulfonic_acid,757124-72-4,Rat cerebellar granule cell,2,96,3.40E-07,0.000148769,0.000149655,0.994466143,A,1.4
71,Perfluorononanoic_acid,375-95-1,Rat cerebellar granule cell,2,96,1.01E-04,1.85E-06,4.90E-05,0.037784558,A,0.1
72,Perfluorohexanoic_acid,307-24-4,Rat cerebellar granule cell,2,96,2.37E-05,3.45E-05,1.26E-04,0.273349803,A,0.1
73,Perfluorobutanoic_acid,375-22-4,Rat cerebellar granule cell,2,96,3.10E-07,0.000148883,0.000149685,0.995026977,A,0.1
74,Perfluorooctanoic_acid,335-67-1,Rat cerebellar granule cell,2,96,2.29E-05,3.93E-05,1.27E-04,0.309464697,A,0.1
75,6_2_Fluorotelomer_sulfonic_acid,27619-97-2,Rat cerebellar granule cell,2,96,4.99E-06,0.000129136,0.000144989,0.891007572,A,1.4
76,8_2_Fluorotelomer_sulfonic_acid,39108-34-4,Rat cerebellar granule cell,2,96,2.35E-05,3.58E-05,1.26E-04,0.283396925,A,1.4
77,Perfluoroundecanoic_acid,2058-94-8,Rat cerebellar granule cell,2,96,9.48E-05,2.30E-06,5.52E-05,0.041751562,A,0.1
78,Perfluorooctanesulfonic_acid,1763-23-1,Rat cerebellar granule cell,2,96,9.48E-05,2.30E-06,5.52E-05,0.041751564,A,-2.9
79,Perfluoroheptanoic_acid,375-85-9,Rat cerebellar granule cell,2,96,1.31E-05,9.14E-05,0.000136885,0.667820351,A,0.1
80,Perfluoropentanoic_acid,2706-90-3,Rat cerebellar granule cell,2,96,1.23E-06,0.000145252,0.000148762,0.976786849,A,0.1
81,Perfluorohexanesulfonic_acid,355-46-4,Rat cerebellar granule cell,2,96,2.91E-06,0.00013822,0.000147077,0.940147416,A,-2.9
82,Perfluorodecanoic_acid,335-76-2,Rat cerebellar granule cell,2,96,1.16E-04,9.81E-07,3.42E-05,0.02865571,A,0.1
83,cyclosporine A,59865-13-3,Rat cerebellar granule cell,2,96,3.03E-05,7.34716E-05,8.32719E-05,0.882653472,N,
84,chlorpromazine,50-53-3,Rat cerebellar granule cell,2,96,1.44E-04,2.27E-06,6.02E-06,0.377780288,B,9.4
85,PBDE 47,5436-43-1,Rat cerebellar granule cell,2,96,1.38E-04,3.72E-08,9.48E-06,0.003929009,N,
86,PBDE 99,60348-60-9,Rat cerebellar granule cell,2,96,1.40E-04,1.15E-08,8.55E-06,1.34E-03,N,
87,PBDE 153,68631-49-2,Rat cerebellar granule cell,2,96,1.41E-04,2.98E-09,8.02E-06,3.72E-04,N,
88,amiodarone,1951-25-3,Rat cerebellar granule cell,2,96,1.49E-04,1.48E-08,6.22E-07,2.38E-02,B,9
89,Azathioprine,446-86-6,Rat cerebellar granule cell,2,96,7.39E-08,0.000148299,0.000148317,1.000264661,A,8.2
90,Benzocaine,94-09-7,Rat cerebellar granule cell,2,96,4.43E-06,0.000128315,0.000129573,0.990681691,N,
91,Butylated hydroxyanisole,25013-16-5,Rat cerebellar granule cell,2,96,5.32644E-05,4.00989E-05,5.84649E-05,0.686130849,N,
92,Cetirizine dihydrochloride,83881-52-1,Rat cerebellar granule cell,2,96,3.12E-08,0.000149894,0.000149959,0.999953042,A,4.7
93,Cyclamate,139-05-9,Rat cerebellar granule cell,2,96,8.51E-09,0.000149991,0.000149991,1.000388297,B,17.6
94,Cyclophosphamide,6055-19-2,Rat cerebellar granule cell,2,96,3.22E-07,0.00014581,0.000145888,0.999854725,B,6.1
95,Cypermethrin,67375-30-8,Rat cerebellar granule cell,2,96,1.36E-04,5.76E-08,1.00E-05,0.005742934,N,
96,DEET,134-62-3,Rat cerebellar granule cell,2,96,8.53E-06,0.000116856,0.000119373,0.979296352,N,
97,Dexamethasone,50-02-2,Rat cerebellar granule cell,2,96,5.03E-06,0.000126497,0.000127934,0.989154705,N,
98,Digoxin,20830-75-5,Rat cerebellar granule cell,2,96,1.19E-06,0.000140486,0.000140801,0.998152269,N,
99,Fenazaquin,120928-09-8,Rat cerebellar granule cell,2,96,1.22E-04,6.89E-07,1.85E-05,0.037346358,N,
100,Fenbuconazole,114369-43-6,Rat cerebellar granule cell,2,96,4.43E-05,5.21E-05,6.69882E-05,0.777564681,N,
101,Fluazinam,79622-59-6,Rat cerebellar granule cell,2,96,7.69E-05,1.46E-05,4.31871E-05,0.337196496,N,
102,Furosemide,54-31-9,Rat cerebellar granule cell,2,96,6.34E-07,0.000147631,0.000149358,0.98881945,A,3
103,Glybenclamide,10238-21-8,Rat cerebellar granule cell,2,96,3.73E-05,1.14E-05,1.12E-04,0.101408961,A,5
104,HC Red 3,2871-01-4,Rat cerebellar granule cell,2,96,9.02E-08,0.000147956,0.000147976,1.000249737,N,
105,Hydralazine hydrochloride,304-20-1,Rat cerebellar granule cell,2,96,3.47E-07,0.000145595,0.00014568,0.999808604,B,6
106,Ketoconazole,65277-42-1,Rat cerebellar granule cell,2,96,8.75E-05,8.07E-06,4.02E-05,0.200580819,B,6.6
107,Metformin,1115-70-4,Rat cerebellar granule cell,2,96,4.85E-09,0.000149992,0.000149992,1.00038909,B,9.6
108,Metoclopramide,364-62-5,Rat cerebellar granule cell,2,96,1.27E-05,0.000135244,0.000136131,0.993875469,B,9
109,Nitrofurantoin,67-20-9,Rat cerebellar granule cell,2,96,1.18E-08,0.000149588,0.000149592,1.000363115,A,7.3
110,Oxytetracycline hydrochloride,2058-46-0,Rat cerebellar granule cell,2,96,1.08E-09,0.000149998,0.000149999,1.000388398,A,4.5
111,Panthenol,16485-10-2 ,Rat cerebellar granule cell,2,96,9.12E-09,0.000149476,0.000149477,1.000378555,N,
112,Paracetamol,103-90-2,Rat cerebellar granule cell,2,96,1.93E-07,0.000146812,0.000146858,1.000075203,N,
113,Topiramate,97240-79-4,Rat cerebellar granule cell,2,96,3.46E-09,0.00014973,0.000149731,1.000386592,A,9.2
114,Trimellitic anhydride,552-30-7,Rat cerebellar granule cell,2,96,1.70E-07,0.000149406,0.000149826,0.997583423,A,3.3
115,Verapamil hydrochloride,152-11-4,Rat cerebellar granule cell,2,96,1.22E-04,1.68E-05,2.74E-05,0.615367835,B,9.2
116,Warfarin,129-06-6,Rat cerebellar granule cell,2,96,1.50E-05,0.000101912,0.000106507,0.957225144,N,
117,Caffeine,58-08-2,Balbc_3T3,2,96,3.67E-08,0.000148456,0.000148469,1.000304038,N,
118,Lamotrigine,84057-84-1,Balbc_3T3,2,96,2.56E-06,0.000111656,0.00011715,0.953473213,B,6.6
119,Diclofenac,15307-79-6,Balbc_3T3,2,96,5.14E-08,0.000149941,0.000149947,1.000347876,B,17.6
120,"2,4-Dichlorophenoxyacetic",94-75-7,Balbc_3T3,2,96,4.54E-07,0.000138158,0.000149526,0.92433327,A,2.7
121,(S)-Naproxen,22204-53-1,Balbc_3T3,2,96,9.40E-07,0.000123342,0.000148947,0.828413973,A,4.4
122,Ibuprofen,15687-27-1,Balbc_3T3,2,96,2.42E-06,8.03E-05,0.000146415,0.548829947,A,5.4
123,Torasemide,56211-40-6,Balbc_3T3,2,96,1.30E-06,1.11E-04,0.000148626,0.750023823,A,4
124,Warfarin,81-81-2,Balbc_3T3,2,96,3.69E-07,0.00014075,0.000149549,0.941530881,A,4.5
125,di-n-butylphthalate,84-74-2,Balbc_3T3,2,96,2.53E-05,8.95E-06,8.4536E-05,0.105854763,N,
126,hexachlorophene,70-30-4,Balbc_3T3,2,96,1.00E-04,2.92E-07,4.61955E-05,6.32E-03,A,6.2
127,hexamethylenetetramine,100-97-0,Balbc_3T3,2,96,2.81E-08,0.000140817,0.000140818,1.000385801,B,6.4
128,Malathion,121-75-5,Balbc_3T3,2,96,1.74E-06,0.000116507,0.000120416,0.967913055,N,
129,pentachlorophenol,87-86-5,Balbc_3T3,2,96,8.34E-06,1.16E-05,0.000141231,0.081965148,A,5
130,"2,2,2-trichloroethanol",115-20-8,Balbc_3T3,2,96,2.37E-07,0.000129093,0.000129521,0.997078122,N,
131,diethylphthalate,84-66-2,Balbc_3T3,2,96,2.03E-06,0.000113196,0.000117821,0.961116816,N,
132,4-chlorophenol,106-48-9,Balbc_3T3,2,96,1.84E-06,0.000115058,0.000119214,0.965509205,N,
133,permethrin,52645-53-1,Balbc_3T3,2,96,8.27E-05,3.53E-07,4.87114E-05,0.007245657,N,
134,Aniline,62-53-3,Balbc_3T3,2,96,9.78E-08,0.000143218,0.00014335,0.999464278,N,
135,4-fluoroaniline,371-40-4,Balbc_3T3,2,96,1.50E-07,0.000139936,0.000140175,0.998681172,N,
136,"2,4,6-trichlorophenol",88-06-2,Balbc_3T3,2,96,6.00E-06,7.00E-05,0.00012403,0.564259849,A,6.8
137,Allyl alcohol,107-18-6,Balbc_3T3,2,96,3.99E-08,0.000140129,0.000140151,1.000235302,N,
138,N-methylaniline,100-61-8,Balbc_3T3,2,96,3.91E-07,0.000127227,0.00012799,0.994431355,N,
139,"3,4-dichloroaniline",95-76-1,Balbc_3T3,2,96,3.25E-06,0.000101408,0.00010908,0.930025578,N,
140,4-decylaniline,37529-30-9,Balbc_3T3,2,96,7.84E-05,5.10E-07,5.02461E-05,0.01014587,N,
141,naphthalene,91-20-3,Balbc_3T3,2,96,6.55E-06,4.93E-05,6.60726E-05,0.746223652,N,
142,"1,2,4-trichlorobenzene",120-82-1,Balbc_3T3,2,96,2.89E-06,4.34E-06,1.24605E-05,0.348332316,N,
143,"1,2-dichlorobenzene",95-50-1,Balbc_3T3,2,96,1.17E-06,6.52E-06,9.57905E-06,0.680785945,N,
144,dichloromethane,75-09-2,Balbc_3T3,2,96,1.47E-08,1.13092E-05,1.13339E-05,0.998206451,N,
145,tetrachloroethylene,127-18-4,Balbc_3T3,2,96,4.10E-07,2.45E-06,3.51E-06,0.696672964,N,
146,"2,3-dimethyl-1,3-butadiene",513-81-5,Balbc_3T3,2,96,6.74E-09,8.67E-08,1.03E-07,0.838476732,N,
147,Eugenol F,97-53-0,Balbc_3T3,2,96,1.45E-06,0.000119591,0.000122806,0.974200527,N,
148,Methyl-antranilate,134-20-3,Balbc_3T3,2,96,6.56E-07,0.000131207,0.000132558,0.99019704,N,
149,Lilyfore,285977-85-7,Balbc_3T3,2,96,8.01E-06,6.93832E-05,8.9763E-05,0.77326174,N,
150,Damascone beta,23726-91-2,Balbc_3T3,2,96,2.07E-05,1.54E-05,7.60617E-05,0.202935234,N,
151,Veloutone,14595-54-1,Balbc_3T3,2,96,4.60E-05,3.40E-06,6.72349E-05,0.050571755,N,
152,Verdox,82356-51-2,Balbc_3T3,2,96,8.10181E-05,3.8845E-07,4.87711E-05,0.00796788,N,
153,Nirvanol,1506-02-1,Balbc_3T3,2,96,6.02916E-05,1.66779E-06,5.86695E-05,0.028437992,N,
154,Cetalox,3738-00-9,Balbc_3T3,2,96,4.55E-05,2.54E-06,5.86057E-05,0.043327129,N,
155,Tonalide,21145-77-7,Balbc_3T3,2,96,6.03E-05,1.67E-06,5.86695E-05,0.028437992,N,
156,"2,4-Dinitrophenol",51-28-5,Balbc_3T3,2,96,6.15E-08,0.000149217,0.000149927,0.995653616,A,4.1
157,Aldrin,309-00-2,Balbc_3T3,2,96,8.19E-05,3.49E-07,4.82297E-05,0.007245657,N,
158,Azinphos-methyl,86-50-0,Balbc_3T3,2,96,3.63E-06,9.8562E-05,0.000107208,0.91971443,N,
159,Chlorpyrifos,2921-88-2,Balbc_3T3,2,96,3.55E-05,5.54E-06,7.51669E-05,0.073737078,N,
160,"DDD-p,p'",50-29-3,Balbc_3T3,2,96,9.04E-05,1.48E-07,4.6252E-05,0.003201257,N,
161,"DDT-o,p'",789-02-6,Balbc_3T3,2,96,8.40E-05,3.11E-07,4.82612E-05,0.006455554,N,
162,"DDT-p,p'",72-54-8,Balbc_3T3,2,96,7.32E-05,7.58E-07,5.24166E-05,0.014475667,N,
163,Diazinon,333-41-5,Balbc_3T3,2,96,1.55E-05,3.55E-05,7.82039E-05,0.454744329,N,
164,Dicofol,115-32-2,Balbc_3T3,2,96,3.75E-05,5.08E-06,7.36626E-05,0.068955307,N,
165,Dieldrin,60-57-1,Balbc_3T3,2,96,4.07E-05,4.37E-06,7.11314E-05,0.061440283,N,
166,Disulfoton,298-04-4,Balbc_3T3,2,96,1.84E-05,2.58E-05,7.78679E-05,0.331694573,N,
167,Endosulfan I,115-29-7,Balbc_3T3,2,96,1.58E-05,3.45E-05,7.80656E-05,0.44251938,N,
168,Endrin,72-20-8,Balbc_3T3,2,96,5.12E-05,2.66E-06,6.39767E-05,0.041634285,N,
169,Ethion,563-12-2,Balbc_3T3,2,96,3.91E-05,4.71E-06,7.23985E-05,0.065127306,N,
170,Heptachlor,76-44-8,Balbc_3T3,2,96,7.25E-05,7.88E-07,5.26191E-05,0.014982094,N,
171,Heptachlor epoxide B,1024-57-3,Balbc_3T3,2,96,3.62E-05,5.38E-06,7.46784E-05,0.072120204,N,
172,Lindane,58-89-9,Balbc_3T3,2,96,1.41E-05,4.00E-05,7.83365E-05,0.510217563,N,
173,"Methoxychlor-o,p'",72-43-5,Balbc_3T3,2,96,3.94E-05,4.64E-06,7.21479E-05,0.06437867,N,
174,Parathion,56-38-2,Balbc_3T3,2,96,1.58E-05,3.45E-05,7.80983E-05,0.44251938,N,
175,Trifluralin,1582-09-8,Balbc_3T3,2,96,4.81E-05,3.08E-06,6.585E-05,0.046854026,N,
176,Cisapride,81098-60-4,Balbc_3T3,2,96,1.26E-05,9.26E-05,0.000109894,0.842597877,B,7.8
177,Citalopram hydrobromide,59729-33-8,Balbc_3T3,2,96,7.56E-06,7.19261E-05,9.10671E-05,0.790121862,N,
178,Dofetilide,115256-11-6,Balbc_3T3,2,96,8.73E-07,0.000145898,0.000146468,0.996501925,B,8.4
179,Moxifloxacin hydrochloride,186826-86-8,Balbc_3T3,2,96,4.29E-08,0.000149493,0.00014968,0.999143237,A,6
180,N-acetylpro-cainamide,32795-44-1,Balbc_3T3,2,96,9.83E-08,0.000149754,0.000149779,1.000223384,B,9.2
181,Quinidine sulfate,50-54-4,Balbc_3T3,2,96,7.58E-06,0.000137467,0.000141125,0.974465125,B,9.3
182,Sematilide,101526-83-4,Balbc_3T3,2,96,8.68E-08,0.000149754,0.000149776,1.00024813,B,9.1
183,Sotalol hydrochloride,959-24-0,Balbc_3T3,2,96,3.71E-08,0.000149905,0.000149907,1.000372788,B,9
184,Mifepristone,84371-65-3,Balbc_3T3,2,96,3.30E-05,6.24E-06,7.73732E-05,0.080694784,N,
185,Perfluorobutanesulfonic_acid,375-73-5,Balbc_3T3,2,96,5.09E-08,0.000149481,0.000149945,0.997289169,A,-2.9
186,4_2_Fluorotelomer_sulfonic_acid,757124-72-4,Balbc_3T3,2,96,6.87E-08,0.000149038,0.000149926,0.994466143,A,1.4
187,Perfluorononanoic_acid,375-95-1,Balbc_3T3,2,96,2.89E-05,4.57E-06,0.000121015,0.037784558,A,0.1
188,Perfluorohexanoic_acid,307-24-4,Balbc_3T3,2,96,3.21E-06,4.01E-05,0.000146762,0.273349803,A,0.1
189,Perfluorobutanoic_acid,375-22-4,Balbc_3T3,2,96,6.52E-08,0.000149126,0.00014993,0.995026977,A,0.1
190,Perfluorooctanoic_acid,335-67-1,Balbc_3T3,2,96,3.08E-06,4.54E-05,0.000146881,0.309464697,A,0.1
191,6_2_Fluorotelomer_sulfonic_acid,27619-97-2,Balbc_3T3,2,96,6.23E-07,0.000133024,0.000149355,0.891007572,A,1.4
192,8_2_Fluorotelomer_sulfonic_acid,39108-34-4,Balbc_3T3,2,96,3.17E-06,4.16E-05,0.000146794,0.283396925,A,1.4
193,Perfluoroundecanoic_acid,2058-94-8,Balbc_3T3,2,96,2.49E-05,5.22E-06,0.000125008,0.041751562,A,0.1
194,Perfluorooctanesulfonic_acid,1763-23-1,Balbc_3T3,2,96,2.49E-05,5.22E-06,0.000125008,0.041751564,A,-2.9
195,Perfluoroheptanoic_acid,375-85-9,Balbc_3T3,2,96,1.67E-06,9.90E-05,0.0001483,0.667820351,A,0.1
196,Perfluoropentanoic_acid,2706-90-3,Balbc_3T3,2,96,1.72E-07,0.000146283,0.000149817,0.976786849,A,0.1
197,Perfluorohexanesulfonic_acid,355-46-4,Balbc_3T3,2,96,3.71E-07,0.000140603,0.000149612,0.940147416,A,-2.9
198,Perfluorodecanoic_acid,335-76-2,Balbc_3T3,2,96,4.23E-05,3.08E-06,0.000107687,0.02865571,A,0.1
199,cyclosporine A,59865-13-3,Balbc_3T3,2,96,4.88E-06,8.90747E-05,0.000100956,0.882653472,N,
200,chlorpromazine,50-53-3,Balbc_3T3,2,96,1.15E-04,1.27E-05,3.36023E-05,0.377780288,B,9.4
201,PBDE 47,5436-43-1,Balbc_3T3,2,96,8.88E-05,1.84E-07,4.67305E-05,0.003929009,N,
202,PBDE 99,60348-60-9,Balbc_3T3,2,96,9.59E-05,6.02E-08,4.48638E-05,1.34E-03,N,
203,PBDE 153,68631-49-2,Balbc_3T3,2,96,1.01E-04,1.63E-08,4.38771E-05,3.72E-04,N,
204,amiodarone,1951-25-3,Balbc_3T3,2,96,1.45E-04,1.01E-07,4.23108E-06,2.38E-02,B,9
205,Azathioprine,446-86-6,Balbc_3T3,2,96,3.89E-08,0.000148333,0.000148352,1.000264661,A,8.2
206,Benzocaine,94-09-7,Balbc_3T3,2,96,6.30E-07,0.000131668,0.000132959,0.990681691,N,
207,Butylated hydroxyanisole,25013-16-5,Balbc_3T3,2,96,1.01844E-05,5.79565E-05,8.45015E-05,0.686130849,N,
208,Cetirizine dihydrochloride,83881-52-1,Balbc_3T3,2,96,3.30E-08,0.000149892,0.000149957,0.999953042,A,4.7
209,Cyclamate,139-05-9,Balbc_3T3,2,96,3.06E-08,0.000149969,0.000149969,1.000388297,B,17.6
210,Cyclophosphamide,6055-19-2,Balbc_3T3,2,96,7.19E-08,0.000146054,0.000146133,0.999854725,B,6.1
211,Cypermethrin,67375-30-8,Balbc_3T3,2,96,8.52E-05,2.75E-07,4.78487E-05,0.005742934,N,
212,DEET,134-62-3,Balbc_3T3,2,96,1.21E-06,0.000122902,0.00012555,0.979296352,N,
213,Dexamethasone,50-02-2,Balbc_3T3,2,96,7.13E-07,0.000130263,0.000131743,0.989154705,N,
214,Digoxin,20830-75-5,Balbc_3T3,2,96,1.87E-07,0.000141436,0.000141753,0.998152269,N,
215,Fenazaquin,120928-09-8,Balbc_3T3,2,96,5.40E-05,2.33E-06,6.23207E-05,0.037346358,N,
216,Fenbuconazole,114369-43-6,Balbc_3T3,2,96,7.90E-06,7.00274E-05,9.0095E-05,0.777564681,N,
217,Fluazinam,79622-59-6,Balbc_3T3,2,96,1.83E-05,2.62E-05,7.77994E-05,0.337196496,N,
218,Furosemide,54-31-9,Balbc_3T3,2,96,1.03E-07,0.000148155,0.000149889,0.98881945,A,3
219,Glybenclamide,10238-21-8,Balbc_3T3,2,96,5.59E-06,1.46E-05,0.000144023,0.101408961,A,5
220,HC Red 3,2871-01-4,Balbc_3T3,2,96,4.10E-08,0.000148004,0.000148025,1.000249737,N,
221,Hydralazine hydrochloride,304-20-1,Balbc_3T3,2,96,7.51E-08,0.00014586,0.000145944,0.999808604,B,6
222,Ketoconazole,65277-42-1,Balbc_3T3,2,96,2.38E-05,1.63E-05,8.12695E-05,0.200580819,B,6.6
223,Metformin,1115-70-4,Balbc_3T3,2,96,3.00E-08,0.000149966,0.000149966,1.00038909,B,9.6
224,Metoclopramide,364-62-5,Balbc_3T3,2,96,2.00E-06,0.000145834,0.00014679,0.993875469,B,9
225,Nitrofurantoin,67-20-9,Balbc_3T3,2,96,3.08E-08,0.000149569,0.000149573,1.000363115,A,7.3
226,Oxytetracycline hydrochloride,2058-46-0,Balbc_3T3,2,96,2.95E-08,0.00014997,0.00014997,1.000388398,A,4.5
227,Panthenol,16485-10-2 ,Balbc_3T3,2,96,3.05E-08,0.000149454,0.000149456,1.000378555,N,
228,Paracetamol,103-90-2,Balbc_3T3,2,96,5.45E-08,0.000146947,0.000146993,1.000075203,N,
229,Topiramate,97240-79-4,Balbc_3T3,2,96,2.98E-08,0.000149704,0.000149705,1.000386592,A,9.2
230,Trimellitic anhydride,552-30-7,Balbc_3T3,2,96,4.90E-08,0.000149526,0.000149947,0.997583423,A,3.3
231,Verapamil hydrochloride,152-11-4,Balbc_3T3,2,96,5.70E-05,5.51E-05,8.96333E-05,0.615367835,B,9.2
232,Warfarin,129-06-6,Balbc_3T3,2,96,2.20E-06,0.000111587,0.000116618,0.957225144,N,
233,Caffeine,58-08-2,FishRtgut,2,96,1.83E-08,0.000148474,0.000148487,1.000304038,N,
234,Lamotrigine,84057-84-1,FishRtgut,2,96,2.87E-07,0.000113381,0.00011896,0.953473213,B,6.6
235,Diclofenac,15307-79-6,FishRtgut,2,96,2.03E-08,0.000149972,0.000149978,1.000347876,B,17.6
236,"2,4-Dichlorophenoxyacetic",94-75-7,FishRtgut,2,96,3.17E-08,0.000138548,0.000149948,0.92433327,A,2.7
237,(S)-Naproxen,22204-53-1,FishRtgut,2,96,4.86E-08,0.000124079,0.000149838,0.828413973,A,4.4
238,Ibuprofen,15687-27-1,FishRtgut,2,96,1.15E-07,8.16E-05,0.000148697,0.548829947,A,5.4
239,Torasemide,56211-40-6,FishRtgut,2,96,6.02E-08,1.12E-04,0.000149868,0.750023823,A,4
240,Warfarin,81-81-2,FishRtgut,2,96,2.93E-08,0.000141069,0.000149888,0.941530881,A,4.5
241,di-n-butylphthalate,84-74-2,FishRtgut,2,96,2.89E-06,1.06E-05,9.97504E-05,0.105854763,N,
242,hexachlorophene,70-30-4,FishRtgut,2,96,1.67E-05,7.82E-07,0.000123759,6.32E-03,A,6.2
243,hexamethylenetetramine,100-97-0,FishRtgut,2,96,1.66E-08,0.000140828,0.000140828,1.000385801,B,6.4
244,Malathion,121-75-5,FishRtgut,2,96,1.87E-07,0.000117728,0.000121678,0.967913055,N,
245,pentachlorophenol,87-86-5,FishRtgut,2,96,3.45E-07,1.22E-05,0.000149198,0.081965148,A,5
246,"2,2,2-trichloroethanol",115-20-8,FishRtgut,2,96,3.66E-08,0.000129266,0.000129695,0.997078122,N,
247,diethylphthalate,84-66-2,FishRtgut,2,96,2.16E-07,0.000114587,0.00011927,0.961116816,N,
248,4-chlorophenol,106-48-9,FishRtgut,2,96,1.97E-07,0.000116336,0.000120539,0.965509205,N,
249,permethrin,52645-53-1,FishRtgut,2,96,1.56E-05,7.05E-07,9.72995E-05,0.007245657,N,
250,Aniline,62-53-3,FishRtgut,2,96,2.40E-08,0.000143288,0.000143421,0.999464278,N,
251,4-fluoroaniline,371-40-4,FishRtgut,2,96,2.89E-08,0.000140049,0.000140288,0.998681172,N,
252,"2,4,6-trichlorophenol",88-06-2,FishRtgut,2,96,5.29E-07,7.26E-05,0.000128741,0.564259849,A,6.8
253,Allyl alcohol,107-18-6,FishRtgut,2,96,1.78E-08,0.00014015,0.000140171,1.000235302,N,
254,N-methylaniline,100-61-8,FishRtgut,2,96,5.18E-08,0.000127515,0.00012828,0.994431355,N,
255,"3,4-dichloroaniline",95-76-1,FishRtgut,2,96,3.39E-07,0.000103422,0.000111247,0.930025578,N,
256,4-decylaniline,37529-30-9,FishRtgut,2,96,1.41E-05,9.68E-07,9.54352E-05,0.01014587,N,
257,naphthalene,91-20-3,FishRtgut,2,96,6.74E-07,5.13028E-05,6.87767E-05,0.746223652,N,
258,"1,2,4-trichlorobenzene",120-82-1,FishRtgut,2,96,2.86E-07,4.42E-06,1.26806E-05,0.348332316,N,
259,"1,2-dichlorobenzene",95-50-1,FishRtgut,2,96,1.16E-07,6.56E-06,9.64702E-06,0.680785945,N,
260,dichloromethane,75-09-2,FishRtgut,2,96,2.59E-09,1.13101E-05,1.13348E-05,0.998206451,N,
261,tetrachloroethylene,127-18-4,FishRtgut,2,96,4.06E-08,2.45E-06,3.52E-06,0.696672964,N,
262,"2,3-dimethyl-1,3-butadiene",513-81-5,FishRtgut,2,96,6.72E-10,8.67E-08,1.03E-07,0.838476732,N,
263,Eugenol F,97-53-0,FishRtgut,2,96,1.58E-07,0.000120634,0.000123877,0.974200527,N,
264,Methyl-antranilate,134-20-3,FishRtgut,2,96,7.88E-08,0.000131714,0.00013307,0.99019704,N,
265,Lilyfore,285977-85-7,FishRtgut,2,96,8.35E-07,7.289E-05,9.42998E-05,0.77326174,N,
266,Damascone beta,23726-91-2,FishRtgut,2,96,2.29E-06,1.76E-05,8.68789E-05,0.202935234,N,
267,Veloutone,14595-54-1,FishRtgut,2,96,6.11E-06,4.70E-06,9.30703E-05,0.050571755,N,
268,Verdox,82356-51-2,FishRtgut,2,96,1.49657E-05,7.60404E-07,9.54709E-05,0.00796788,N,
269,Nirvanol,1506-02-1,FishRtgut,2,96,9.02633E-06,2.62088E-06,9.2197E-05,0.028437992,N,
270,Cetalox,3738-00-9,FishRtgut,2,96,6.00E-06,3.50E-06,8.07732E-05,0.043327129,N,
271,Tonalide,21145-77-7,FishRtgut,2,96,9.03E-06,2.62E-06,9.2197E-05,0.028437992,N,
272,"2,4-Dinitrophenol",51-28-5,FishRtgut,2,96,1.88E-08,0.000149259,0.000149969,0.995653616,A,4.1
273,Aldrin,309-00-2,FishRtgut,2,96,1.53E-05,6.91E-07,9.53964E-05,0.007245657,N,
274,Azinphos-methyl,86-50-0,FishRtgut,2,96,3.78E-07,0.000100755,0.000109593,0.91971443,N,
275,Chlorpyrifos,2921-88-2,FishRtgut,2,96,4.35E-06,7.05E-06,9.56486E-05,0.073737078,N,
276,"DDD-p,p'",50-29-3,FishRtgut,2,96,1.87E-05,3.26E-07,0.00010196,0.003201257,N,
277,"DDT-o,p'",789-02-6,FishRtgut,2,96,1.61E-05,6.32E-07,9.79298E-05,0.006455554,N,
278,"DDT-p,p'",72-54-8,FishRtgut,2,96,1.24E-05,1.36E-06,9.38571E-05,0.014475667,N,
279,Diazinon,333-41-5,FishRtgut,2,96,1.68E-06,3.92E-05,8.62605E-05,0.454744329,N,
280,Dicofol,115-32-2,FishRtgut,2,96,4.65E-06,6.56E-06,9.5146E-05,0.068955307,N,
281,Dieldrin,60-57-1,FishRtgut,2,96,5.18E-06,5.79E-06,9.42691E-05,0.061440283,N,
282,Disulfoton,298-04-4,FishRtgut,2,96,2.02E-06,2.90E-05,8.75732E-05,0.331694573,N,
283,Endosulfan I,115-29-7,FishRtgut,2,96,1.71E-06,3.82E-05,8.62669E-05,0.44251938,N,
284,Endrin,72-20-8,FishRtgut,2,96,7.08E-06,3.85E-06,9.25596E-05,0.041634285,N,
285,Ethion,563-12-2,FishRtgut,2,96,4.91E-06,6.17E-06,9.47119E-05,0.065127306,N,
286,Heptachlor,76-44-8,FishRtgut,2,96,1.22E-05,1.40E-06,9.35918E-05,0.014982094,N,
287,Heptachlor epoxide B,1024-57-3,FishRtgut,2,96,4.45E-06,6.88E-06,9.55013E-05,0.072120204,N,
288,Lindane,58-89-9,FishRtgut,2,96,1.51E-06,4.37E-05,8.56188E-05,0.510217563,N,
289,"Methoxychlor-o,p'",72-43-5,FishRtgut,2,96,4.97E-06,6.09E-06,9.46286E-05,0.06437867,N,
290,Parathion,56-38-2,FishRtgut,2,96,1.71E-06,3.82E-05,8.63069E-05,0.44251938,N,
291,Trifluralin,1582-09-8,FishRtgut,2,96,6.48E-06,4.34E-06,9.2723E-05,0.046854026,N,
292,Cisapride,81098-60-4,FishRtgut,2,96,1.67E-06,9.99E-05,0.000118653,0.842597877,B,7.8
293,Citalopram hydrobromide,59729-33-8,FishRtgut,2,96,7.87E-07,7.53487E-05,9.54006E-05,0.790121862,N,
294,Dofetilide,115256-11-6,FishRtgut,2,96,1.20E-07,0.000146635,0.000147207,0.996501925,B,8.4
295,Moxifloxacin hydrochloride,186826-86-8,FishRtgut,2,96,1.84E-08,0.000149517,0.000149704,0.999143237,A,6
296,N-acetylpro-cainamide,32795-44-1,FishRtgut,2,96,2.58E-08,0.000149827,0.000149852,1.000223384,B,9.2
297,Quinidine sulfate,50-54-4,FishRtgut,2,96,9.50E-07,0.000143866,0.000147694,0.974465125,B,9.3
298,Sematilide,101526-83-4,FishRtgut,2,96,2.45E-08,0.000149817,0.000149838,1.00024813,B,9.1
299,Sotalol hydrochloride,959-24-0,FishRtgut,2,96,1.86E-08,0.000149923,0.000149926,1.000372788,B,9
300,Mifepristone,84371-65-3,FishRtgut,2,96,3.96E-06,7.79E-06,9.6556E-05,0.080694784,N,
301,Perfluorobutanesulfonic_acid,375-73-5,FishRtgut,2,96,1.84E-08,0.000149513,0.000149978,0.997289169,A,-2.9
302,4_2_Fluorotelomer_sulfonic_acid,757124-72-4,FishRtgut,2,96,1.90E-08,0.000149088,0.000149976,0.994466143,A,1.4
303,Perfluorononanoic_acid,375-95-1,FishRtgut,2,96,1.28E-06,5.62E-06,0.000148666,0.037784558,A,0.1
304,Perfluorohexanoic_acid,307-24-4,FishRtgut,2,96,1.22E-07,4.09E-05,0.000149844,0.273349803,A,0.1
305,Perfluorobutanoic_acid,375-22-4,FishRtgut,2,96,1.89E-08,0.000149172,0.000149976,0.995026977,A,0.1
306,Perfluorooctanoic_acid,335-67-1,FishRtgut,2,96,1.18E-07,4.64E-05,0.000149846,0.309464697,A,0.1
307,6_2_Fluorotelomer_sulfonic_acid,27619-97-2,FishRtgut,2,96,3.73E-08,0.000133546,0.00014994,0.891007572,A,1.4
308,8_2_Fluorotelomer_sulfonic_acid,39108-34-4,FishRtgut,2,96,1.21E-07,4.24E-05,0.000149844,0.283396925,A,1.4
309,Perfluoroundecanoic_acid,2058-94-8,FishRtgut,2,96,1.07E-06,6.21E-06,0.000148879,0.041751562,A,0.1
310,Perfluorooctanesulfonic_acid,1763-23-1,FishRtgut,2,96,1.07E-06,6.21E-06,0.000148879,0.041751564,A,-2.9
311,Perfluoroheptanoic_acid,375-85-9,FishRtgut,2,96,7.17E-08,1.00E-04,0.000149894,0.667820351,A,0.1
312,Perfluoropentanoic_acid,2706-90-3,FishRtgut,2,96,2.24E-08,0.000146429,0.000149967,0.976786849,A,0.1
313,Perfluorohexanesulfonic_acid,355-46-4,FishRtgut,2,96,2.90E-08,0.000140924,0.000149954,0.940147416,A,-2.9
314,Perfluorodecanoic_acid,335-76-2,FishRtgut,2,96,2.09E-06,4.24E-06,0.000147849,0.02865571,A,0.1
315,cyclosporine A,59865-13-3,FishRtgut,2,96,5.05E-07,9.1759E-05,0.000103999,0.882653472,N,
316,chlorpromazine,50-53-3,FishRtgut,2,96,4.16E-05,3.90E-05,0.000103334,0.377780288,B,9.4
317,PBDE 47,5436-43-1,FishRtgut,2,96,1.80E-05,3.96E-07,0.000100769,0.003929009,N,
318,PBDE 99,60348-60-9,FishRtgut,2,96,2.13E-05,1.43E-07,0.000106735,1.34E-03,N,
319,PBDE 153,68631-49-2,FishRtgut,2,96,2.39E-05,4.18E-08,0.000112419,3.72E-04,N,
320,amiodarone,1951-25-3,FishRtgut,2,96,1.17E-04,6.89E-07,2.89324E-05,2.38E-02,B,9
321,Azathioprine,446-86-6,FishRtgut,2,96,1.85E-08,0.000148354,0.000148372,1.000264661,A,8.2
322,Benzocaine,94-09-7,FishRtgut,2,96,7.62E-08,0.000132156,0.000133451,0.990681691,N,
323,Butylated hydroxyanisole,25013-16-5,FishRtgut,2,96,1.07013E-06,6.17346E-05,9.001E-05,0.686130849,N,
324,Cetirizine dihydrochloride,83881-52-1,FishRtgut,2,96,1.78E-08,0.000149907,0.000149973,0.999953042,A,4.7
325,Cyclamate,139-05-9,FishRtgut,2,96,1.78E-08,0.000149982,0.000149982,1.000388297,B,17.6
326,Cyclophosphamide,6055-19-2,FishRtgut,2,96,2.17E-08,0.000146103,0.000146182,0.999854725,B,6.1
327,Cypermethrin,67375-30-8,FishRtgut,2,96,1.65E-05,5.66E-07,9.85991E-05,0.005742934,N,
328,DEET,134-62-3,FishRtgut,2,96,1.34E-07,0.000123795,0.000126461,0.979296352,N,
329,Dexamethasone,50-02-2,FishRtgut,2,96,8.44E-08,0.000130811,0.000132297,0.989154705,N,
330,Digoxin,20830-75-5,FishRtgut,2,96,3.28E-08,0.000141582,0.000141899,0.998152269,N,
331,Fenazaquin,120928-09-8,FishRtgut,2,96,7.64E-06,3.45E-06,9.23724E-05,0.037346358,N,
332,Fenbuconazole,114369-43-6,FishRtgut,2,96,8.23E-07,7.35146E-05,9.45815E-05,0.777564681,N,
333,Fluazinam,79622-59-6,FishRtgut,2,96,2.00E-06,2.95E-05,8.74115E-05,0.337196496,N,
334,Furosemide,54-31-9,FishRtgut,2,96,2.01E-08,0.000148237,0.000149972,0.98881945,A,3
335,Glybenclamide,10238-21-8,FishRtgut,2,96,2.28E-07,1.51E-05,0.000149374,0.101408961,A,5
336,HC Red 3,2871-01-4,FishRtgut,2,96,1.87E-08,0.000148026,0.000148047,1.000249737,N,
337,Hydralazine hydrochloride,304-20-1,FishRtgut,2,96,2.20E-08,0.000145911,0.000145996,0.999808604,B,6
338,Ketoconazole,65277-42-1,FishRtgut,2,96,2.88E-06,1.90E-05,9.47167E-05,0.200580819,B,6.6
339,Metformin,1115-70-4,FishRtgut,2,96,1.77E-08,0.000149979,0.000149979,1.00038909,B,9.6
340,Metoclopramide,364-62-5,FishRtgut,2,96,2.53E-07,0.000147552,0.000148519,0.993875469,B,9
341,Nitrofurantoin,67-20-9,FishRtgut,2,96,1.78E-08,0.000149582,0.000149586,1.000363115,A,7.3
342,Oxytetracycline hydrochloride,2058-46-0,FishRtgut,2,96,1.77E-08,0.000149982,0.000149982,1.000388398,A,4.5
343,Panthenol,16485-10-2 ,FishRtgut,2,96,1.77E-08,0.000149467,0.000149469,1.000378555,N,
344,Paracetamol,103-90-2,FishRtgut,2,96,1.99E-08,0.000146981,0.000147027,1.000075203,N,
345,Topiramate,97240-79-4,FishRtgut,2,96,1.77E-08,0.000149716,0.000149717,1.000386592,A,9.2
346,Trimellitic anhydride,552-30-7,FishRtgut,2,96,1.83E-08,0.000149557,0.000149977,0.997583423,A,3.3
347,Verapamil hydrochloride,152-11-4,FishRtgut,2,96,1.01E-05,8.30E-05,0.000134857,0.615367835,B,9.2
348,Warfarin,129-06-6,FishRtgut,2,96,2.32E-07,0.000113072,0.000118171,0.957225144,N,
349,Caffeine,58-08-2,FishRtgill,2,96,9.59E-09,0.000148483,0.000148495,1.000304038,N,
350,Lamotrigine,84057-84-1,FishRtgill,2,96,1.51E-07,0.000113484,0.000119068,0.953473213,B,6.6
351,Diclofenac,15307-79-6,FishRtgill,2,96,1.06E-08,0.000149982,0.000149988,1.000347876,B,17.6
352,"2,4-Dichlorophenoxyacetic",94-75-7,FishRtgill,2,96,1.67E-08,0.000138562,0.000149963,0.92433327,A,2.7
353,(S)-Naproxen,22204-53-1,FishRtgill,2,96,2.55E-08,0.000124099,0.000149861,0.828413973,A,4.4
354,Ibuprofen,15687-27-1,FishRtgill,2,96,6.06E-08,8.16E-05,0.000148752,0.548829947,A,5.4
355,Torasemide,56211-40-6,FishRtgill,2,96,3.16E-08,1.12E-04,0.000149897,0.750023823,A,4
356,Warfarin,81-81-2,FishRtgill,2,96,1.54E-08,0.000141082,0.000149902,0.941530881,A,4.5
357,di-n-butylphthalate,84-74-2,FishRtgill,2,96,1.53E-06,1.07E-05,0.000100671,0.105854763,N,
358,hexachlorophene,70-30-4,FishRtgill,2,96,9.27E-06,8.25E-07,0.000130677,6.32E-03,A,6.2
359,hexamethylenetetramine,100-97-0,FishRtgill,2,96,8.74E-09,0.000140835,0.000140836,1.000385801,B,6.4
360,Malathion,121-75-5,FishRtgill,2,96,9.80E-08,0.000117798,0.00012175,0.967913055,N,
361,pentachlorophenol,87-86-5,FishRtgill,2,96,1.82E-07,1.22E-05,0.000149362,0.081965148,A,5
362,"2,2,2-trichloroethanol",115-20-8,FishRtgill,2,96,1.92E-08,0.00012928,0.00012971,0.997078122,N,
363,diethylphthalate,84-66-2,FishRtgill,2,96,1.13E-07,0.000114666,0.000119351,0.961116816,N,
364,4-chlorophenol,106-48-9,FishRtgill,2,96,1.03E-07,0.000116408,0.000120614,0.965509205,N,
365,permethrin,52645-53-1,FishRtgill,2,96,8.60E-06,7.41E-07,0.000102349,0.007245657,N,
366,Aniline,62-53-3,FishRtgill,2,96,1.26E-08,0.000143299,0.000143432,0.999464278,N,
367,4-fluoroaniline,371-40-4,FishRtgill,2,96,1.52E-08,0.000140061,0.000140301,0.998681172,N,
368,"2,4,6-trichlorophenol",88-06-2,FishRtgill,2,96,2.78E-07,7.27E-05,0.000128957,0.564259849,A,6.8
369,Allyl alcohol,107-18-6,FishRtgill,2,96,9.34E-09,0.000140158,0.000140179,1.000235302,N,
370,N-methylaniline,100-61-8,FishRtgill,2,96,2.72E-08,0.000127536,0.000128301,0.994431355,N,
371,"3,4-dichloroaniline",95-76-1,FishRtgill,2,96,1.78E-07,0.000103533,0.000111366,0.930025578,N,
372,4-decylaniline,37529-30-9,FishRtgill,2,96,7.74E-06,1.01E-06,9.98896E-05,0.01014587,N,
373,naphthalene,91-20-3,FishRtgill,2,96,3.55E-07,5.14126E-05,6.89239E-05,0.746223652,N,
374,"1,2,4-trichlorobenzene",120-82-1,FishRtgill,2,96,1.50E-07,4.42E-06,1.26921E-05,0.348332316,N,
375,"1,2-dichlorobenzene",95-50-1,FishRtgill,2,96,6.12E-08,6.57E-06,9.65058E-06,0.680785945,N,
376,dichloromethane,75-09-2,FishRtgill,2,96,1.36E-09,1.13102E-05,1.13349E-05,0.998206451,N,
377,tetrachloroethylene,127-18-4,FishRtgill,2,96,2.13E-08,2.45E-06,3.52E-06,0.696672964,N,
378,"2,3-dimethyl-1,3-butadiene",513-81-5,FishRtgill,2,96,3.53E-10,8.67E-08,1.03E-07,0.838476732,N,
379,Eugenol F,97-53-0,FishRtgill,2,96,8.28E-08,0.000120694,0.000123939,0.974200527,N,
380,Methyl-antranilate,134-20-3,FishRtgill,2,96,4.14E-08,0.000131747,0.000133103,0.99019704,N,
381,Lilyfore,285977-85-7,FishRtgill,2,96,4.39E-07,7.30831E-05,9.45497E-05,0.77326174,N,
382,Damascone beta,23726-91-2,FishRtgill,2,96,1.21E-06,1.78E-05,8.75144E-05,0.202935234,N,
383,Veloutone,14595-54-1,FishRtgill,2,96,3.27E-06,4.80E-06,9.49052E-05,0.050571755,N,
384,Verdox,82356-51-2,FishRtgill,2,96,8.24787E-06,7.98233E-07,0.00010022,0.00796788,N,
385,Nirvanol,1506-02-1,FishRtgill,2,96,4.87826E-06,2.69799E-06,9.49099E-05,0.028437992,N,
386,Cetalox,3738-00-9,FishRtgill,2,96,3.21E-06,3.57E-06,8.23376E-05,0.043327129,N,
387,Tonalide,21145-77-7,FishRtgill,2,96,4.88E-06,2.70E-06,9.49099E-05,0.028437992,N,
388,"2,4-Dinitrophenol",51-28-5,FishRtgill,2,96,9.86E-09,0.000149268,0.000149978,0.995653616,A,4.1
389,Aldrin,309-00-2,FishRtgill,2,96,8.43E-06,7.26E-07,0.000100245,0.007245657,N,
390,Azinphos-methyl,86-50-0,FishRtgill,2,96,1.98E-07,0.000100876,0.000109725,0.91971443,N,
391,Chlorpyrifos,2921-88-2,FishRtgill,2,96,2.32E-06,7.15E-06,9.69844E-05,0.073737078,N,
392,"DDD-p,p'",50-29-3,FishRtgill,2,96,1.04E-05,3.47E-07,0.000108379,0.003201257,N,
393,"DDT-o,p'",789-02-6,FishRtgill,2,96,8.88E-06,6.66E-07,0.000103177,0.006455554,N,
394,"DDT-p,p'",72-54-8,FishRtgill,2,96,6.78E-06,1.41E-06,9.76976E-05,0.014475667,N,
395,Diazinon,333-41-5,FishRtgill,2,96,8.84E-07,3.94E-05,8.67206E-05,0.454744329,N,
396,Dicofol,115-32-2,FishRtgill,2,96,2.48E-06,6.66E-06,9.65684E-05,0.068955307,N,
397,Dieldrin,60-57-1,FishRtgill,2,96,2.77E-06,5.89E-06,9.58414E-05,0.061440283,N,
398,Disulfoton,298-04-4,FishRtgill,2,96,1.07E-06,2.92E-05,8.81368E-05,0.331694573,N,
399,Endosulfan I,115-29-7,FishRtgill,2,96,9.02E-07,3.84E-05,8.6736E-05,0.44251938,N,
400,Endrin,72-20-8,FishRtgill,2,96,3.80E-06,3.94E-06,9.46836E-05,0.041634285,N,
401,Ethion,563-12-2,FishRtgill,2,96,2.62E-06,6.26E-06,9.62083E-05,0.065127306,N,
402,Heptachlor,76-44-8,FishRtgill,2,96,6.68E-06,1.46E-06,9.73624E-05,0.014982094,N,
403,Heptachlor epoxide B,1024-57-3,FishRtgill,2,96,2.37E-06,6.98E-06,9.68662E-05,0.072120204,N,
404,Lindane,58-89-9,FishRtgill,2,96,7.99E-07,4.39E-05,8.60315E-05,0.510217563,N,
405,"Methoxychlor-o,p'",72-43-5,FishRtgill,2,96,2.65E-06,6.19E-06,9.61402E-05,0.06437867,N,
406,Parathion,56-38-2,FishRtgill,2,96,9.02E-07,3.84E-05,8.67765E-05,0.44251938,N,
407,Trifluralin,1582-09-8,FishRtgill,2,96,3.47E-06,4.43E-06,9.46652E-05,0.046854026,N,
408,Cisapride,81098-60-4,FishRtgill,2,96,8.80E-07,1.00E-04,0.000119282,0.842597877,B,7.8
409,Citalopram hydrobromide,59729-33-8,FishRtgill,2,96,4.14E-07,7.5537E-05,9.56389E-05,0.790121862,N,
410,Dofetilide,115256-11-6,FishRtgill,2,96,6.28E-08,0.000146691,0.000147263,0.996501925,B,8.4
411,Moxifloxacin hydrochloride,186826-86-8,FishRtgill,2,96,9.67E-09,0.000149526,0.000149713,0.999143237,A,6
412,N-acetylpro-cainamide,32795-44-1,FishRtgill,2,96,1.36E-08,0.000149839,0.000149864,1.000223384,B,9.2
413,Quinidine sulfate,50-54-4,FishRtgill,2,96,5.00E-07,0.0001443,0.000148139,0.974465125,B,9.3
414,Sematilide,101526-83-4,FishRtgill,2,96,1.28E-08,0.000149828,0.000149849,1.00024813,B,9.1
415,Sotalol hydrochloride,959-24-0,FishRtgill,2,96,9.75E-09,0.000149932,0.000149935,1.000372788,B,9
416,Mifepristone,84371-65-3,FishRtgill,2,96,2.11E-06,7.89E-06,9.77829E-05,0.080694784,N,
417,Perfluorobutanesulfonic_acid,375-73-5,FishRtgill,2,96,9.66E-09,0.000149522,0.000149987,0.997289169,A,-2.9
418,4_2_Fluorotelomer_sulfonic_acid,757124-72-4,FishRtgill,2,96,9.98E-09,0.000149097,0.000149985,0.994466143,A,1.4
419,Perfluorononanoic_acid,375-95-1,FishRtgill,2,96,6.75E-07,5.64E-06,0.000149272,0.037784558,A,0.1
420,Perfluorohexanoic_acid,307-24-4,FishRtgill,2,96,6.43E-08,4.10E-05,0.000149902,0.273349803,A,0.1
421,Perfluorobutanoic_acid,375-22-4,FishRtgill,2,96,9.91E-09,0.000149181,0.000149985,0.995026977,A,0.1
422,Perfluorooctanoic_acid,335-67-1,FishRtgill,2,96,6.22E-08,4.64E-05,0.000149903,0.309464697,A,0.1
423,6_2_Fluorotelomer_sulfonic_acid,27619-97-2,FishRtgill,2,96,1.96E-08,0.000133562,0.000149958,0.891007572,A,1.4
424,8_2_Fluorotelomer_sulfonic_acid,39108-34-4,FishRtgill,2,96,6.37E-08,4.25E-05,0.000149902,0.283396925,A,1.4
425,Perfluoroundecanoic_acid,2058-94-8,FishRtgill,2,96,5.64E-07,6.23E-06,0.000149386,0.041751562,A,0.1
426,Perfluorooctanesulfonic_acid,1763-23-1,FishRtgill,2,96,5.64E-07,6.23E-06,0.000149386,0.041751564,A,-2.9
427,Perfluoroheptanoic_acid,375-85-9,FishRtgill,2,96,3.77E-08,1.00E-04,0.000149928,0.667820351,A,0.1
428,Perfluoropentanoic_acid,2706-90-3,FishRtgill,2,96,1.18E-08,0.000146439,0.000149978,0.976786849,A,0.1
429,Perfluorohexanesulfonic_acid,355-46-4,FishRtgill,2,96,1.52E-08,0.000140937,0.000149968,0.940147416,A,-2.9
430,Perfluorodecanoic_acid,335-76-2,FishRtgill,2,96,1.10E-06,4.26E-06,0.000148834,0.02865571,A,0.1
431,cyclosporine A,59865-13-3,FishRtgill,2,96,2.66E-07,9.1906E-05,0.000104165,0.882653472,N,
432,chlorpromazine,50-53-3,FishRtgill,2,96,2.51E-05,4.49E-05,0.000119009,0.377780288,B,9.4
433,PBDE 47,5436-43-1,FishRtgill,2,96,1.00E-05,4.20E-07,0.000106854,0.003929009,N,
434,PBDE 99,60348-60-9,FishRtgill,2,96,1.20E-05,1.54E-07,0.000114453,1.34E-03,N,
435,PBDE 153,68631-49-2,FishRtgill,2,96,1.36E-05,4.52E-08,0.000121635,3.72E-04,N,
436,amiodarone,1951-25-3,FishRtgill,2,96,9.82E-05,1.10E-06,4.60623E-05,2.38E-02,B,9
437,Azathioprine,446-86-6,FishRtgill,2,96,9.70E-09,0.000148362,0.000148381,1.000264661,A,8.2
438,Benzocaine,94-09-7,FishRtgill,2,96,4.00E-08,0.000132188,0.000133483,0.990681691,N,
439,Butylated hydroxyanisole,25013-16-5,FishRtgill,2,96,5.63729E-07,6.19445E-05,9.03161E-05,0.686130849,N,
440,Cetirizine dihydrochloride,83881-52-1,FishRtgill,2,96,9.35E-09,0.000149915,0.000149981,0.999953042,A,4.7
441,Cyclamate,139-05-9,FishRtgill,2,96,9.35E-09,0.00014999,0.00014999,1.000388297,B,17.6
442,Cyclophosphamide,6055-19-2,FishRtgill,2,96,1.14E-08,0.000146113,0.000146192,0.999854725,B,6.1
443,Cypermethrin,67375-30-8,FishRtgill,2,96,9.16E-06,5.97E-07,0.000104048,0.005742934,N,
444,DEET,134-62-3,FishRtgill,2,96,7.04E-08,0.000123847,0.000126515,0.979296352,N,
445,Dexamethasone,50-02-2,FishRtgill,2,96,4.43E-08,0.000130846,0.000132332,0.989154705,N,
446,Digoxin,20830-75-5,FishRtgill,2,96,1.72E-08,0.000141596,0.000141914,0.998152269,N,
447,Fenazaquin,120928-09-8,FishRtgill,2,96,4.11E-06,3.53E-06,9.46617E-05,0.037346358,N,
448,Fenbuconazole,114369-43-6,FishRtgill,2,96,4.33E-07,7.37066E-05,9.48285E-05,0.777564681,N,
449,Fluazinam,79622-59-6,FishRtgill,2,96,1.06E-06,2.97E-05,8.79692E-05,0.337196496,N,
450,Furosemide,54-31-9,FishRtgill,2,96,1.06E-08,0.000148247,0.000149981,0.98881945,A,3
451,Glybenclamide,10238-21-8,FishRtgill,2,96,1.20E-07,1.52E-05,0.000149482,0.101408961,A,5
452,HC Red 3,2871-01-4,FishRtgill,2,96,9.80E-09,0.000148035,0.000148056,1.000249737,N,
453,Hydralazine hydrochloride,304-20-1,FishRtgill,2,96,1.16E-08,0.000145921,0.000146006,0.999808604,B,6
454,Ketoconazole,65277-42-1,FishRtgill,2,96,1.52E-06,1.92E-05,9.55876E-05,0.200580819,B,6.6
455,Metformin,1115-70-4,FishRtgill,2,96,9.32E-09,0.000149987,0.000149987,1.00038909,B,9.6
456,Metoclopramide,364-62-5,FishRtgill,2,96,1.33E-07,0.00014767,0.000148638,0.993875469,B,9
457,Nitrofurantoin,67-20-9,FishRtgill,2,96,9.33E-09,0.000149591,0.000149595,1.000363115,A,7.3
458,Oxytetracycline hydrochloride,2058-46-0,FishRtgill,2,96,9.28E-09,0.00014999,0.00014999,1.000388398,A,4.5
459,Panthenol,16485-10-2 ,FishRtgill,2,96,9.31E-09,0.000149475,0.000149477,1.000378555,N,
460,Paracetamol,103-90-2,FishRtgill,2,96,1.05E-08,0.00014699,0.000147037,1.000075203,N,
461,Topiramate,97240-79-4,FishRtgill,2,96,9.29E-09,0.000149725,0.000149725,1.000386592,A,9.2
462,Trimellitic anhydride,552-30-7,FishRtgill,2,96,9.63E-09,0.000149565,0.000149986,0.997583423,A,3.3
463,Verapamil hydrochloride,152-11-4,FishRtgill,2,96,5.50E-06,8.57E-05,0.000139333,0.615367835,B,9.2
464,Warfarin,129-06-6,FishRtgill,2,96,1.22E-07,0.000113155,0.000118258,0.957225144,N,
465,Caffeine,58-08-2,Default,2,96,8.89E-08,0.000148404,0.000148417,1.000304038,N,
466,Lamotrigine,84057-84-1,Default,2,96,1.36E-06,0.000112564,0.000118103,0.953473213,B,6.6
467,Diclofenac,15307-79-6,Default,2,96,1.04E-07,0.000149889,0.000149895,1.000347876,B,17.6
468,"2,4-Dichlorophenoxyacetic",94-75-7,Default,2,96,2.69E-07,0.000138329,0.000149711,0.92433327,A,2.7
469,(S)-Naproxen,22204-53-1,Default,2,96,4.78E-07,0.000123724,0.000149409,0.828413973,A,4.4
470,Ibuprofen,15687-27-1,Default,2,96,1.12E-06,8.10E-05,0.000147699,0.548829947,A,5.4
471,Torasemide,56211-40-6,Default,2,96,6.34E-07,1.12E-04,0.000149295,0.750023823,A,4
472,Warfarin,81-81-2,Default,2,96,2.32E-07,0.000140878,0.000149685,0.941530881,A,4.5
473,di-n-butylphthalate,84-74-2,Default,2,96,1.27E-05,9.85E-06,9.30919E-05,0.105854763,N,
474,hexachlorophene,70-30-4,Default,2,96,7.12E-05,4.62E-07,7.31923E-05,6.32E-03,A,6.2
475,hexamethylenetetramine,100-97-0,Default,2,96,8.13E-08,0.000140767,0.000140768,1.000385801,B,6.4
476,Malathion,121-75-5,Default,2,96,8.56E-07,0.000117202,0.000121135,0.967913055,N,
477,pentachlorophenol,87-86-5,Default,2,96,3.82E-06,1.19E-05,0.000145736,0.081965148,A,5
478,"2,2,2-trichloroethanol",115-20-8,Default,2,96,1.71E-07,0.00012915,0.000129579,0.997078122,N,
479,diethylphthalate,84-66-2,Default,2,96,9.90E-07,0.000113995,0.000118653,0.961116816,N,
480,4-chlorophenol,106-48-9,Default,2,96,9.02E-07,0.000115788,0.000119971,0.965509205,N,
481,permethrin,52645-53-1,Default,2,96,5.38E-05,5.04E-07,6.96373E-05,0.007245657,N,
482,Aniline,62-53-3,Default,2,96,1.14E-07,0.000143202,0.000143335,0.999464278,N,
483,4-fluoroaniline,371-40-4,Default,2,96,1.36E-07,0.000139948,0.000140188,0.998681172,N,
484,"2,4,6-trichlorophenol",88-06-2,Default,2,96,2.81E-06,7.15E-05,0.000126775,0.564259849,A,6.8
485,Allyl alcohol,107-18-6,Default,2,96,8.64E-08,0.000140086,0.000140107,1.000235302,N,
486,N-methylaniline,100-61-8,Default,2,96,2.40E-07,0.000127355,0.000128118,0.994431355,N,
487,"3,4-dichloroaniline",95-76-1,Default,2,96,1.55E-06,0.000102585,0.000110346,0.930025578,N,
488,4-decylaniline,37529-30-9,Default,2,96,4.99E-05,7.13E-07,7.02722E-05,0.01014587,N,
489,naphthalene,91-20-3,Default,2,96,3.08E-06,5.05E-05,6.76686E-05,0.746223652,N,
490,"1,2,4-trichlorobenzene",120-82-1,Default,2,96,1.33E-06,4.38E-06,1.25922E-05,0.348332316,N,
491,"1,2-dichlorobenzene",95-50-1,Default,2,96,5.40E-07,6.55E-06,9.61977E-06,0.680785945,N,
492,dichloromethane,75-09-2,Default,2,96,1.22E-08,1.13094E-05,1.13341E-05,0.998206451,N,
493,tetrachloroethylene,127-18-4,Default,2,96,1.88E-07,2.45E-06,3.52E-06,0.696672964,N,
494,"2,3-dimethyl-1,3-butadiene",513-81-5,Default,2,96,3.11E-09,8.67E-08,1.03E-07,0.838476732,N,
495,Eugenol F,97-53-0,Default,2,96,7.24E-07,0.000120178,0.000123409,0.974200527,N,
496,Methyl-antranilate,134-20-3,Default,2,96,3.64E-07,0.000131464,0.000132817,0.99019704,N,
497,Lilyfore,285977-85-7,Default,2,96,3.79E-06,7.14434E-05,9.24283E-05,0.77326174,N,
498,Damascone beta,23726-91-2,Default,2,96,1.02E-05,1.67E-05,8.2231E-05,0.202935234,N,
499,Veloutone,14595-54-1,Default,2,96,2.52E-05,4.08E-06,8.07343E-05,0.050571755,N,
500,Verdox,82356-51-2,Default,2,96,5.22415E-05,5.50497E-07,6.91165E-05,0.00796788,N,
501,Nirvanol,1506-02-1,Default,2,96,3.514E-05,2.13539E-06,7.51186E-05,0.028437992,N,
502,Cetalox,3738-00-9,Default,2,96,2.48E-05,3.04E-06,7.02113E-05,0.043327129,N,
503,Tonalide,21145-77-7,Default,2,96,3.51E-05,2.14E-06,7.51186E-05,0.028437992,N,
504,"2,4-Dinitrophenol",51-28-5,Default,2,96,1.00E-07,0.000149178,0.000149888,0.995653616,A,4.1
505,Aldrin,309-00-2,Default,2,96,5.30E-05,4.97E-07,6.8657E-05,0.007245657,N,
506,Azinphos-methyl,86-50-0,Default,2,96,1.73E-06,9.98463E-05,0.000108605,0.91971443,N,
507,Chlorpyrifos,2921-88-2,Default,2,96,1.86E-05,6.36E-06,8.63008E-05,0.073737078,N,
508,"DDD-p,p'",50-29-3,Default,2,96,6.13E-05,2.20E-07,6.88961E-05,0.003201257,N,
509,"DDT-o,p'",789-02-6,Default,2,96,5.50E-05,4.48E-07,6.94593E-05,0.006455554,N,
510,"DDT-p,p'",72-54-8,Default,2,96,4.53E-05,1.03E-06,7.13907E-05,0.014475667,N,
511,Diazinon,333-41-5,Default,2,96,7.52E-06,3.77E-05,8.28636E-05,0.454744329,N,
512,Dicofol,115-32-2,Default,2,96,1.98E-05,5.88E-06,8.52608E-05,0.068955307,N,
513,Dieldrin,60-57-1,Default,2,96,2.18E-05,5.13E-06,8.34739E-05,0.061440283,N,
514,Disulfoton,298-04-4,Default,2,96,9.01E-06,2.77E-05,8.34383E-05,0.331694573,N,
515,Endosulfan I,115-29-7,Default,2,96,7.66E-06,3.66E-05,8.28057E-05,0.44251938,N,
516,Endrin,72-20-8,Default,2,96,2.86E-05,3.27E-06,7.85945E-05,0.041634285,N,
517,Ethion,563-12-2,Default,2,96,2.07E-05,5.49E-06,8.43738E-05,0.065127306,N,
518,Heptachlor,76-44-8,Default,2,96,4.48E-05,1.07E-06,7.14474E-05,0.014982094,N,
519,Heptachlor epoxide B,1024-57-3,Default,2,96,1.90E-05,6.20E-06,8.59719E-05,0.072120204,N,
520,Lindane,58-89-9,Default,2,96,6.81E-06,4.21E-05,8.25632E-05,0.510217563,N,
521,"Methoxychlor-o,p'",72-43-5,Default,2,96,2.10E-05,5.42E-06,8.41984E-05,0.06437867,N,
522,Parathion,56-38-2,Default,2,96,7.66E-06,3.66E-05,8.28425E-05,0.44251938,N,
523,Trifluralin,1582-09-8,Default,2,96,2.65E-05,3.74E-06,7.97764E-05,0.046854026,N,
524,Cisapride,81098-60-4,Default,2,96,9.13E-06,9.49E-05,0.000112686,0.842597877,B,7.8
525,Citalopram hydrobromide,59729-33-8,Default,2,96,3.58E-06,7.39378E-05,9.36142E-05,0.790121862,N,
526,Dofetilide,115256-11-6,Default,2,96,7.30E-07,0.000146038,0.000146608,0.996501925,B,8.4
527,Moxifloxacin hydrochloride,186826-86-8,Default,2,96,9.22E-08,0.000149444,0.00014963,0.999143237,A,6
528,N-acetylpro-cainamide,32795-44-1,Default,2,96,1.41E-07,0.000149712,0.000149737,1.000223384,B,9.2
529,Quinidine sulfate,50-54-4,Default,2,96,6.11E-06,0.000138886,0.000142581,0.974465125,B,9.3
530,Sematilide,101526-83-4,Default,2,96,1.31E-07,0.00014971,0.000149731,1.00024813,B,9.1
531,Sotalol hydrochloride,959-24-0,Default,2,96,9.23E-08,0.00014985,0.000149852,1.000372788,B,9
532,Mifepristone,84371-65-3,Default,2,96,1.71E-05,7.09E-06,8.78943E-05,0.080694784,N,
533,Perfluorobutanesulfonic_acid,375-73-5,Default,2,96,9.56E-08,0.000149436,0.000149901,0.997289169,A,-2.9
534,4_2_Fluorotelomer_sulfonic_acid,757124-72-4,Default,2,96,1.03E-07,0.000149004,0.000149892,0.994466143,A,1.4
535,Perfluorononanoic_acid,375-95-1,Default,2,96,1.44E-05,5.12E-06,0.0001356,0.037784558,A,0.1
536,Perfluorohexanoic_acid,307-24-4,Default,2,96,1.45E-06,4.06E-05,0.000148511,0.273349803,A,0.1
537,Perfluorobutanoic_acid,375-22-4,Default,2,96,1.02E-07,0.00014909,0.000149893,0.995026977,A,0.1
538,Perfluorooctanoic_acid,335-67-1,Default,2,96,1.40E-06,4.60E-05,0.000148562,0.309464697,A,0.1
539,6_2_Fluorotelomer_sulfonic_acid,27619-97-2,Default,2,96,3.41E-07,0.000133275,0.000149636,0.891007572,A,1.4
540,8_2_Fluorotelomer_sulfonic_acid,39108-34-4,Default,2,96,1.44E-06,4.21E-05,0.000148525,0.283396925,A,1.4
541,Perfluoroundecanoic_acid,2058-94-8,Default,2,96,1.22E-05,5.75E-06,0.000137783,0.041751562,A,0.1
542,Perfluorooctanesulfonic_acid,1763-23-1,Default,2,96,1.22E-05,5.75E-06,0.000137783,0.041751564,A,-2.9
543,Perfluoroheptanoic_acid,375-85-9,Default,2,96,7.90E-07,9.96E-05,0.000149175,0.667820351,A,0.1
544,Perfluoropentanoic_acid,2706-90-3,Default,2,96,1.48E-07,0.000146306,0.000149842,0.976786849,A,0.1
545,Perfluorohexanesulfonic_acid,355-46-4,Default,2,96,2.33E-07,0.000140732,0.00014975,0.940147416,A,-2.9
546,Perfluorodecanoic_acid,335-76-2,Default,2,96,2.22E-05,3.66E-06,0.000127757,0.02865571,A,0.1
547,cyclosporine A,59865-13-3,Default,2,96,2.31E-06,9.06526E-05,0.000102745,0.882653472,N,
548,chlorpromazine,50-53-3,Default,2,96,1.08E-04,1.51E-05,3.9992E-05,0.377780288,B,9.4
549,PBDE 47,5436-43-1,Default,2,96,5.96E-05,2.71E-07,6.89868E-05,0.003929009,N,
550,PBDE 99,60348-60-9,Default,2,96,6.70E-05,9.24E-08,6.8871E-05,1.34E-03,N,
551,PBDE 153,68631-49-2,Default,2,96,7.23E-05,2.58E-08,6.92574E-05,3.72E-04,N,
552,amiodarone,1951-25-3,Default,2,96,1.44E-04,1.27E-07,5.33488E-06,2.38E-02,B,9
553,Azathioprine,446-86-6,Default,2,96,8.99E-08,0.000148283,0.000148302,1.000264661,A,8.2
554,Benzocaine,94-09-7,Default,2,96,3.52E-07,0.000131913,0.000133206,0.990681691,N,
555,Butylated hydroxyanisole,25013-16-5,Default,2,96,4.84851E-06,6.01683E-05,8.77264E-05,0.686130849,N,
556,Cetirizine dihydrochloride,83881-52-1,Default,2,96,8.79E-08,0.000149837,0.000149902,0.999953042,A,4.7
557,Cyclamate,139-05-9,Default,2,96,8.73E-08,0.000149912,0.000149913,1.000388297,B,17.6
558,Cyclophosphamide,6055-19-2,Default,2,96,1.05E-07,0.000146023,0.000146101,0.999854725,B,6.1
559,Cypermethrin,67375-30-8,Default,2,96,5.62E-05,3.98E-07,6.93161E-05,0.005742934,N,
560,DEET,134-62-3,Default,2,96,6.16E-07,0.000123396,0.000126054,0.979296352,N,
561,Dexamethasone,50-02-2,Default,2,96,3.89E-07,0.000130545,0.000132028,0.989154705,N,
562,Digoxin,20830-75-5,Default,2,96,1.54E-07,0.000141467,0.000141784,0.998152269,N,
563,Fenazaquin,120928-09-8,Default,2,96,3.05E-05,2.89E-06,7.75067E-05,0.037346358,N,
564,Fenbuconazole,114369-43-6,Default,2,96,3.74E-06,7.20763E-05,9.27311E-05,0.777564681,N,
565,Fluazinam,79622-59-6,Default,2,96,8.93E-06,2.81E-05,8.33185E-05,0.337196496,N,
566,Furosemide,54-31-9,Default,2,96,1.18E-07,0.00014814,0.000149874,0.98881945,A,3
567,Glybenclamide,10238-21-8,Default,2,96,2.54E-06,1.49E-05,0.00014707,0.101408961,A,5
568,HC Red 3,2871-01-4,Default,2,96,9.07E-08,0.000147955,0.000147976,1.000249737,N,
569,Hydralazine hydrochloride,304-20-1,Default,2,96,1.06E-07,0.00014583,0.000145914,0.999808604,B,6
570,Ketoconazole,65277-42-1,Default,2,96,1.31E-05,1.77E-05,8.81492E-05,0.200580819,B,6.6
571,Metformin,1115-70-4,Default,2,96,8.68E-08,0.00014991,0.00014991,1.00038909,B,9.6
572,Metoclopramide,364-62-5,Default,2,96,1.63E-06,0.00014619,0.000147149,0.993875469,B,9
573,Nitrofurantoin,67-20-9,Default,2,96,8.68E-08,0.000149513,0.000149517,1.000363115,A,7.3
574,Oxytetracycline hydrochloride,2058-46-0,Default,2,96,8.64E-08,0.000149913,0.000149913,1.000388398,A,4.5
575,Panthenol,16485-10-2 ,Default,2,96,8.66E-08,0.000149398,0.0001494,1.000378555,N,
576,Paracetamol,103-90-2,Default,2,96,9.63E-08,0.000146906,0.000146952,1.000075203,N,
577,Topiramate,97240-79-4,Default,2,96,8.64E-08,0.000149648,0.000149648,1.000386592,A,9.2
578,Trimellitic anhydride,552-30-7,Default,2,96,9.48E-08,0.00014948,0.000149901,0.997583423,A,3.3
579,Verapamil hydrochloride,152-11-4,Default,2,96,4.90E-05,5.99E-05,9.74295E-05,0.615367835,B,9.2
580,Warfarin,129-06-6,Default,2,96,1.07E-06,0.000112443,0.000117513,0.957225144,N,
581,Caffeine,58-08-2,MCF7,2,96,1.96E-07,0.000148299,0.000148311,1.000304038,N,
582,Lamotrigine,84057-84-1,MCF7,2,96,8.37E-07,0.000112964,0.000118522,0.953473213,B,6.6
583,Diclofenac,15307-79-6,MCF7,2,96,2.18E-07,0.000149774,0.00014978,1.000347876,B,17.6
584,"2,4-Dichlorophenoxyacetic",94-75-7,MCF7,2,96,2.36E-07,0.000138359,0.000149744,0.92433327,A,2.7
585,(S)-Naproxen,22204-53-1,MCF7,2,96,2.81E-07,0.000123887,0.000149606,0.828413973,A,4.4
586,Ibuprofen,15687-27-1,MCF7,2,96,4.23E-07,8.14E-05,0.000148392,0.548829947,A,5.4
587,Torasemide,56211-40-6,MCF7,2,96,3.13E-07,1.12E-04,0.000149615,0.750023823,A,4
588,Warfarin,81-81-2,MCF7,2,96,2.29E-07,0.000140882,0.000149689,0.941530881,A,4.5
589,di-n-butylphthalate,84-74-2,MCF7,2,96,4.15E-06,1.05E-05,9.88978E-05,0.105854763,N,
590,hexachlorophene,70-30-4,MCF7,2,96,3.18E-05,6.93E-07,0.000109765,6.32E-03,A,6.2
591,hexamethylenetetramine,100-97-0,MCF7,2,96,1.85E-07,0.00014067,0.000140671,1.000385801,B,6.4
592,Malathion,121-75-5,MCF7,2,96,3.97E-07,0.000117563,0.000121508,0.967913055,N,
593,pentachlorophenol,87-86-5,MCF7,2,96,1.15E-06,1.22E-05,0.000148397,0.081965148,A,5
594,"2,2,2-trichloroethanol",115-20-8,MCF7,2,96,1.99E-07,0.000129125,0.000129554,0.997078122,N,
595,diethylphthalate,84-66-2,MCF7,2,96,4.35E-07,0.00011442,0.000119095,0.961116816,N,
596,4-chlorophenol,106-48-9,MCF7,2,96,4.09E-07,0.00011617,0.000120367,0.965509205,N,
597,permethrin,52645-53-1,MCF7,2,96,2.19E-05,6.72E-07,9.2729E-05,0.007245657,N,
598,Aniline,62-53-3,MCF7,2,96,1.97E-07,0.000143123,0.000143255,0.999464278,N,
599,4-fluoroaniline,371-40-4,MCF7,2,96,2.01E-07,0.000139888,0.000140128,0.998681172,N,
600,"2,4,6-trichlorophenol",88-06-2,MCF7,2,96,9.45E-07,7.24E-05,0.000128382,0.564259849,A,6.8
601,Allyl alcohol,107-18-6,MCF7,2,96,1.85E-07,0.000139993,0.000140015,1.000235302,N,
602,N-methylaniline,100-61-8,MCF7,2,96,2.18E-07,0.000127374,0.000128137,0.994431355,N,
603,"3,4-dichloroaniline",95-76-1,MCF7,2,96,5.96E-07,0.000103244,0.000111056,0.930025578,N,
604,4-decylaniline,37529-30-9,MCF7,2,96,1.98E-05,9.27E-07,9.13887E-05,0.01014587,N,
605,naphthalene,91-20-3,MCF7,2,96,1.02E-06,5.11855E-05,6.86195E-05,0.746223652,N,
606,"1,2,4-trichlorobenzene",120-82-1,MCF7,2,96,4.15E-07,4.41E-06,1.26697E-05,0.348332316,N,
607,"1,2-dichlorobenzene",95-50-1,MCF7,2,96,1.73E-07,6.56E-06,9.64336E-06,0.680785945,N,
608,dichloromethane,75-09-2,MCF7,2,96,1.66E-08,1.1309E-05,1.13338E-05,0.998206451,N,
609,tetrachloroethylene,127-18-4,MCF7,2,96,6.06E-08,2.45E-06,3.52E-06,0.696672964,N,
610,"2,3-dimethyl-1,3-butadiene",513-81-5,MCF7,2,96,1.05E-09,8.67E-08,1.03E-07,0.838476732,N,
611,Eugenol F,97-53-0,MCF7,2,96,3.59E-07,0.000120471,0.00012371,0.974200527,N,
612,Methyl-antranilate,134-20-3,MCF7,2,96,2.61E-07,0.000131554,0.000132908,0.99019704,N,
613,Lilyfore,285977-85-7,MCF7,2,96,1.27E-06,7.26791E-05,9.4027E-05,0.77326174,N,
614,Damascone beta,23726-91-2,MCF7,2,96,3.30E-06,1.75E-05,8.62889E-05,0.202935234,N,
615,Veloutone,14595-54-1,MCF7,2,96,8.72E-06,4.62E-06,9.13764E-05,0.050571755,N,
616,Verdox,82356-51-2,MCF7,2,96,2.10603E-05,7.26084E-07,9.11619E-05,0.00796788,N,
617,Nirvanol,1506-02-1,MCF7,2,96,1.28374E-05,2.55002E-06,8.97046E-05,0.028437992,N,
618,Cetalox,3738-00-9,MCF7,2,96,8.59E-06,3.44E-06,7.93227E-05,0.043327129,N,
619,Tonalide,21145-77-7,MCF7,2,96,1.28E-05,2.55E-06,8.97046E-05,0.028437992,N,
620,"2,4-Dinitrophenol",51-28-5,MCF7,2,96,2.00E-07,0.000149079,0.000149789,0.995653616,A,4.1
621,Aldrin,309-00-2,MCF7,2,96,2.15E-05,6.59E-07,9.09989E-05,0.007245657,N,
622,Azinphos-methyl,86-50-0,MCF7,2,96,6.48E-07,0.000100573,0.000109395,0.91971443,N,
623,Chlorpyrifos,2921-88-2,MCF7,2,96,6.23E-06,6.96E-06,9.44134E-05,0.073737078,N,
624,"DDD-p,p'",50-29-3,MCF7,2,96,2.61E-05,3.08E-07,9.61873E-05,0.003201257,N,
625,"DDT-o,p'",789-02-6,MCF7,2,96,2.25E-05,6.01E-07,9.3185E-05,0.006455554,N,
626,"DDT-p,p'",72-54-8,MCF7,2,96,1.75E-05,1.31E-06,9.03545E-05,0.014475667,N,
627,Diazinon,333-41-5,MCF7,2,96,2.43E-06,3.90E-05,8.5822E-05,0.454744329,N,
628,Dicofol,115-32-2,MCF7,2,96,6.66E-06,6.47E-06,9.38311E-05,0.068955307,N,
629,Dieldrin,60-57-1,MCF7,2,96,7.41E-06,5.70E-06,9.28163E-05,0.061440283,N,
630,Disulfoton,298-04-4,MCF7,2,96,2.91E-06,2.89E-05,8.70454E-05,0.331694573,N,
631,Endosulfan I,115-29-7,MCF7,2,96,2.47E-06,3.80E-05,8.58207E-05,0.44251938,N,
632,Endrin,72-20-8,MCF7,2,96,1.01E-05,3.77E-06,9.06017E-05,0.041634285,N,
633,Ethion,563-12-2,MCF7,2,96,7.03E-06,6.08E-06,9.33288E-05,0.065127306,N,
634,Heptachlor,76-44-8,MCF7,2,96,1.73E-05,1.35E-06,9.01512E-05,0.014982094,N,
635,Heptachlor epoxide B,1024-57-3,MCF7,2,96,6.37E-06,6.79E-06,9.42393E-05,0.072120204,N,
636,Lindane,58-89-9,MCF7,2,96,2.20E-06,4.35E-05,8.52211E-05,0.510217563,N,
637,"Methoxychlor-o,p'",72-43-5,MCF7,2,96,7.11E-06,6.00E-06,9.32315E-05,0.06437867,N,
638,Parathion,56-38-2,MCF7,2,96,2.48E-06,3.80E-05,8.58604E-05,0.44251938,N,
639,Trifluralin,1582-09-8,MCF7,2,96,9.25E-06,4.26E-06,9.0931E-05,0.046854026,N,
640,Cisapride,81098-60-4,MCF7,2,96,9.87E-06,9.44E-05,0.00011209,0.842597877,B,7.8
641,Citalopram hydrobromide,59729-33-8,MCF7,2,96,1.20E-06,7.51396E-05,9.51359E-05,0.790121862,N,
642,Dofetilide,115256-11-6,MCF7,2,96,9.64E-07,0.000145808,0.000146377,0.996501925,B,8.4
643,Moxifloxacin hydrochloride,186826-86-8,MCF7,2,96,1.98E-07,0.000149339,0.000149525,0.999143237,A,6
644,N-acetylpro-cainamide,32795-44-1,MCF7,2,96,2.64E-07,0.000149589,0.000149614,1.000223384,B,9.2
645,Quinidine sulfate,50-54-4,MCF7,2,96,7.61E-06,0.000137437,0.000141094,0.974465125,B,9.3
646,Sematilide,101526-83-4,MCF7,2,96,2.52E-07,0.000149589,0.00014961,1.00024813,B,9.1
647,Sotalol hydrochloride,959-24-0,MCF7,2,96,2.04E-07,0.000149738,0.000149741,1.000372788,B,9
648,Mifepristone,84371-65-3,MCF7,2,96,5.68E-06,7.70E-06,9.54211E-05,0.080694784,N,
649,Perfluorobutanesulfonic_acid,375-73-5,MCF7,2,96,1.99E-07,0.000149333,0.000149798,0.997289169,A,-2.9
650,4_2_Fluorotelomer_sulfonic_acid,757124-72-4,MCF7,2,96,2.00E-07,0.000148907,0.000149794,0.994466143,A,1.4
651,Perfluorononanoic_acid,375-95-1,MCF7,2,96,4.49E-06,5.49E-06,0.000145458,0.037784558,A,0.1
652,Perfluorohexanoic_acid,307-24-4,MCF7,2,96,4.73E-07,4.08E-05,0.000149493,0.273349803,A,0.1
653,Perfluorobutanoic_acid,375-22-4,MCF7,2,96,2.00E-07,0.000148992,0.000149795,0.995026977,A,0.1
654,Perfluorooctanoic_acid,335-67-1,MCF7,2,96,4.64E-07,4.62E-05,0.000149501,0.309464697,A,0.1
655,6_2_Fluorotelomer_sulfonic_acid,27619-97-2,MCF7,2,96,2.52E-07,0.000133355,0.000149726,0.891007572,A,1.4
656,8_2_Fluorotelomer_sulfonic_acid,39108-34-4,MCF7,2,96,4.71E-07,4.23E-05,0.000149495,0.283396925,A,1.4
657,Perfluoroundecanoic_acid,2058-94-8,MCF7,2,96,3.77E-06,6.10E-06,0.000146183,0.041751562,A,0.1
658,Perfluorooctanesulfonic_acid,1763-23-1,MCF7,2,96,3.77E-06,6.10E-06,0.000146183,0.041751564,A,-2.9
659,Perfluoroheptanoic_acid,375-85-9,MCF7,2,96,3.45E-07,9.99E-05,0.00014962,0.667820351,A,0.1
660,Perfluoropentanoic_acid,2706-90-3,MCF7,2,96,2.10E-07,0.000146245,0.000149779,0.976786849,A,0.1
661,Perfluorohexanesulfonic_acid,355-46-4,MCF7,2,96,2.29E-07,0.000140736,0.000149754,0.940147416,A,-2.9
662,Perfluorodecanoic_acid,335-76-2,MCF7,2,96,7.22E-06,4.09E-06,0.000142717,0.02865571,A,0.1
663,cyclosporine A,59865-13-3,MCF7,2,96,8.19E-07,9.15665E-05,0.00010378,0.882653472,N,
664,chlorpromazine,50-53-3,MCF7,2,96,1.14E-04,1.28E-05,3.39528E-05,0.377780288,B,9.4
665,PBDE 47,5436-43-1,MCF7,2,96,2.52E-05,3.74E-07,9.52897E-05,0.003929009,N,
666,PBDE 99,60348-60-9,MCF7,2,96,2.96E-05,1.34E-07,9.98188E-05,1.34E-03,N,
667,PBDE 153,68631-49-2,MCF7,2,96,3.32E-05,3.87E-08,0.000104151,3.72E-04,N,
668,amiodarone,1951-25-3,MCF7,2,96,1.45E-04,1.03E-07,4.34011E-06,2.38E-02,B,9
669,Azathioprine,446-86-6,MCF7,2,96,1.96E-07,0.000148178,0.000148197,1.000264661,A,8.2
670,Benzocaine,94-09-7,MCF7,2,96,2.58E-07,0.000131996,0.000133289,0.990681691,N,
671,Butylated hydroxyanisole,25013-16-5,MCF7,2,96,1.58937E-06,6.15193E-05,8.96962E-05,0.686130849,N,
672,Cetirizine dihydrochloride,83881-52-1,MCF7,2,96,1.97E-07,0.000149728,0.000149794,0.999953042,A,4.7
673,Cyclamate,139-05-9,MCF7,2,96,1.98E-07,0.000149802,0.000149802,1.000388297,B,17.6
674,Cyclophosphamide,6055-19-2,MCF7,2,96,1.99E-07,0.00014593,0.000146008,0.999854725,B,6.1
675,Cypermethrin,67375-30-8,MCF7,2,96,2.32E-05,5.38E-07,9.36774E-05,0.005742934,N,
676,DEET,134-62-3,MCF7,2,96,3.30E-07,0.000123633,0.000126296,0.979296352,N,
677,Dexamethasone,50-02-2,MCF7,2,96,2.68E-07,0.000130651,0.000132135,0.989154705,N,
678,Digoxin,20830-75-5,MCF7,2,96,2.08E-07,0.000141416,0.000141733,0.998152269,N,
679,Fenazaquin,120928-09-8,MCF7,2,96,1.09E-05,3.37E-06,9.02639E-05,0.037346358,N,
680,Fenbuconazole,114369-43-6,MCF7,2,96,1.25E-06,7.33041E-05,9.43107E-05,0.777564681,N,
681,Fluazinam,79622-59-6,MCF7,2,96,2.89E-06,2.93E-05,8.68889E-05,0.337196496,N,
682,Furosemide,54-31-9,MCF7,2,96,2.04E-07,0.000148056,0.000149788,0.98881945,A,3
683,Glybenclamide,10238-21-8,MCF7,2,96,7.67E-07,1.51E-05,0.000148836,0.101408961,A,5
684,HC Red 3,2871-01-4,MCF7,2,96,1.96E-07,0.000147852,0.000147872,1.000249737,N,
685,Hydralazine hydrochloride,304-20-1,MCF7,2,96,1.99E-07,0.000145739,0.000145823,0.999808604,B,6
686,Ketoconazole,65277-42-1,MCF7,2,96,7.23E-06,1.84E-05,9.19146E-05,0.200580819,B,6.6
687,Metformin,1115-70-4,MCF7,2,96,1.97E-07,0.000149799,0.0001498,1.00038909,B,9.6
688,Metoclopramide,364-62-5,MCF7,2,96,2.11E-06,0.000145727,0.000146682,0.993875469,B,9
689,Nitrofurantoin,67-20-9,MCF7,2,96,1.96E-07,0.000149404,0.000149408,1.000363115,A,7.3
690,Oxytetracycline hydrochloride,2058-46-0,MCF7,2,96,1.96E-07,0.000149803,0.000149803,1.000388398,A,4.5
691,Panthenol,16485-10-2 ,MCF7,2,96,1.96E-07,0.000149289,0.000149291,1.000378555,N,
692,Paracetamol,103-90-2,MCF7,2,96,1.96E-07,0.000146808,0.000146855,1.000075203,N,
693,Topiramate,97240-79-4,MCF7,2,96,1.96E-07,0.000149538,0.000149539,1.000386592,A,9.2
694,Trimellitic anhydride,552-30-7,MCF7,2,96,1.98E-07,0.000149377,0.000149797,0.997583423,A,3.3
695,Verapamil hydrochloride,152-11-4,MCF7,2,96,5.64E-05,5.55E-05,9.02341E-05,0.615367835,B,9.2
696,Warfarin,129-06-6,MCF7,2,96,4.56E-07,0.000112903,0.000117994,0.957225144,N,
697,Caffeine,58-08-2,HCT116,2,96,4.54E-08,0.000148447,0.00014846,1.000304038,N,
698,Lamotrigine,84057-84-1,HCT116,2,96,5.99E-07,0.000113144,0.000118712,0.953473213,B,6.6
699,Diclofenac,15307-79-6,HCT116,2,96,5.23E-08,0.00014994,0.000149946,1.000347876,B,17.6
700,"2,4-Dichlorophenoxyacetic",94-75-7,HCT116,2,96,1.11E-07,0.000138475,0.000149869,0.92433327,A,2.7
701,(S)-Naproxen,22204-53-1,HCT116,2,96,1.88E-07,0.000123964,0.000149698,0.828413973,A,4.4
702,Ibuprofen,15687-27-1,HCT116,2,96,4.31E-07,8.14E-05,0.000148384,0.548829947,A,5.4
703,Torasemide,56211-40-6,HCT116,2,96,2.45E-07,1.12E-04,0.000149683,0.750023823,A,4
704,Warfarin,81-81-2,HCT116,2,96,9.80E-08,0.000141005,0.000149819,0.941530881,A,4.5
705,di-n-butylphthalate,84-74-2,HCT116,2,96,5.61E-06,1.04E-05,9.79013E-05,0.105854763,N,
706,hexachlorophene,70-30-4,HCT116,2,96,3.93E-05,6.49E-07,0.000102827,6.32E-03,A,6.2
707,hexamethylenetetramine,100-97-0,HCT116,2,96,4.18E-08,0.000140804,0.000140805,1.000385801,B,6.4
708,Malathion,121-75-5,HCT116,2,96,3.69E-07,0.000117585,0.00012153,0.967913055,N,
709,pentachlorophenol,87-86-5,HCT116,2,96,1.45E-06,1.21E-05,0.000148097,0.081965148,A,5
710,"2,2,2-trichloroethanol",115-20-8,HCT116,2,96,7.92E-08,0.000129229,0.000129658,0.997078122,N,
711,diethylphthalate,84-66-2,HCT116,2,96,4.26E-07,0.000114427,0.000119102,0.961116816,N,
712,4-chlorophenol,106-48-9,HCT116,2,96,3.88E-07,0.000116187,0.000120384,0.965509205,N,
713,permethrin,52645-53-1,HCT116,2,96,2.84E-05,6.37E-07,8.79947E-05,0.007245657,N,
714,Aniline,62-53-3,HCT116,2,96,5.59E-08,0.000143258,0.00014339,0.999464278,N,
715,4-fluoroaniline,371-40-4,HCT116,2,96,6.51E-08,0.000140015,0.000140254,0.998681172,N,
716,"2,4,6-trichlorophenol",88-06-2,HCT116,2,96,1.17E-06,7.23E-05,0.000128189,0.564259849,A,6.8
717,Allyl alcohol,107-18-6,HCT116,2,96,4.39E-08,0.000140125,0.000140147,1.000235302,N,
718,N-methylaniline,100-61-8,HCT116,2,96,1.08E-07,0.000127467,0.000128231,0.994431355,N,
719,"3,4-dichloroaniline",95-76-1,HCT116,2,96,6.64E-07,0.000103197,0.000111005,0.930025578,N,
720,4-decylaniline,37529-30-9,HCT116,2,96,2.59E-05,8.84E-07,8.71358E-05,0.01014587,N,
721,naphthalene,91-20-3,HCT116,2,96,1.32E-06,5.11E-05,6.84811E-05,0.746223652,N,
722,"1,2,4-trichlorobenzene",120-82-1,HCT116,2,96,5.63E-07,4.41E-06,1.26572E-05,0.348332316,N,
723,"1,2-dichlorobenzene",95-50-1,HCT116,2,96,2.28E-07,6.56E-06,9.63983E-06,0.680785945,N,
724,dichloromethane,75-09-2,HCT116,2,96,5.76E-09,1.13099E-05,1.13346E-05,0.998206451,N,
725,tetrachloroethylene,127-18-4,HCT116,2,96,7.96E-08,2.45E-06,3.52E-06,0.696672964,N,
726,"2,3-dimethyl-1,3-butadiene",513-81-5,HCT116,2,96,1.32E-09,8.67E-08,1.03E-07,0.838476732,N,
727,Eugenol F,97-53-0,HCT116,2,96,3.13E-07,0.000120509,0.000123748,0.974200527,N,
728,Methyl-antranilate,134-20-3,HCT116,2,96,1.61E-07,0.000131642,0.000132997,0.99019704,N,
729,Lilyfore,285977-85-7,HCT116,2,96,1.63E-06,7.25028E-05,9.37989E-05,0.77326174,N,
730,Damascone beta,23726-91-2,HCT116,2,96,4.46E-06,1.74E-05,8.56028E-05,0.202935234,N,
731,Veloutone,14595-54-1,HCT116,2,96,1.17E-05,4.52E-06,8.9451E-05,0.050571755,N,
732,Verdox,82356-51-2,HCT116,2,96,2.74065E-05,6.90347E-07,8.6675E-05,0.00796788,N,
733,Nirvanol,1506-02-1,HCT116,2,96,1.70453E-05,2.47179E-06,8.69526E-05,0.028437992,N,
734,Cetalox,3738-00-9,HCT116,2,96,1.15E-05,3.36E-06,7.76773E-05,0.043327129,N,
735,Tonalide,21145-77-7,HCT116,2,96,1.70E-05,2.47E-06,8.69526E-05,0.028437992,N,
736,"2,4-Dinitrophenol",51-28-5,HCT116,2,96,4.95E-08,0.000149229,0.000149939,0.995653616,A,4.1
737,Aldrin,309-00-2,HCT116,2,96,2.79E-05,6.26E-07,8.64353E-05,0.007245657,N,
738,Azinphos-methyl,86-50-0,HCT116,2,96,7.39E-07,0.000100512,0.000109329,0.91971443,N,
739,Chlorpyrifos,2921-88-2,HCT116,2,96,8.41E-06,6.85E-06,9.29851E-05,0.073737078,N,
740,"DDD-p,p'",50-29-3,HCT116,2,96,3.36E-05,2.89E-07,9.03923E-05,0.003201257,N,
741,"DDT-o,p'",789-02-6,HCT116,2,96,2.92E-05,5.70E-07,8.82935E-05,0.006455554,N,
742,"DDT-p,p'",72-54-8,HCT116,2,96,2.30E-05,1.25E-06,8.66131E-05,0.014475667,N,
743,Diazinon,333-41-5,HCT116,2,96,3.26E-06,3.88E-05,8.5339E-05,0.454744329,N,
744,Dicofol,115-32-2,HCT116,2,96,8.98E-06,6.36E-06,9.23149E-05,0.068955307,N,
745,Dieldrin,60-57-1,HCT116,2,96,9.97E-06,5.60E-06,9.11497E-05,0.061440283,N,
746,Disulfoton,298-04-4,HCT116,2,96,3.93E-06,2.87E-05,8.64443E-05,0.331694573,N,
747,Endosulfan I,115-29-7,HCT116,2,96,3.32E-06,3.77E-05,8.53274E-05,0.44251938,N,
748,Endrin,72-20-8,HCT116,2,96,1.35E-05,3.68E-06,8.83976E-05,0.041634285,N,
749,Ethion,563-12-2,HCT116,2,96,9.47E-06,5.97E-06,9.1738E-05,0.065127306,N,
750,Heptachlor,76-44-8,HCT116,2,96,2.27E-05,1.29E-06,8.64697E-05,0.014982094,N,
751,Heptachlor epoxide B,1024-57-3,HCT116,2,96,8.59E-06,6.69E-06,9.27815E-05,0.072120204,N,
752,Lindane,58-89-9,HCT116,2,96,2.95E-06,4.32E-05,8.47923E-05,0.510217563,N,
753,"Methoxychlor-o,p'",72-43-5,HCT116,2,96,9.57E-06,5.90E-06,9.16255E-05,0.06437867,N,
754,Parathion,56-38-2,HCT116,2,96,3.32E-06,3.78E-05,8.53665E-05,0.44251938,N,
755,Trifluralin,1582-09-8,HCT116,2,96,1.24E-05,4.16E-06,8.89015E-05,0.046854026,N,
756,Cisapride,81098-60-4,HCT116,2,96,4.28E-06,9.82E-05,0.000116559,0.842597877,B,7.8
757,Citalopram hydrobromide,59729-33-8,HCT116,2,96,1.53E-06,7.49713E-05,9.49227E-05,0.790121862,N,
758,Dofetilide,115256-11-6,HCT116,2,96,3.38E-07,0.000146421,0.000146993,0.996501925,B,8.4
759,Moxifloxacin hydrochloride,186826-86-8,HCT116,2,96,4.66E-08,0.000149489,0.000149676,0.999143237,A,6
760,N-acetylpro-cainamide,32795-44-1,HCT116,2,96,6.91E-08,0.000149784,0.000149808,1.000223384,B,9.2
761,Quinidine sulfate,50-54-4,HCT116,2,96,2.85E-06,0.000142035,0.000145814,0.974465125,B,9.3
762,Sematilide,101526-83-4,HCT116,2,96,6.49E-08,0.000149776,0.000149797,1.00024813,B,9.1
763,Sotalol hydrochloride,959-24-0,HCT116,2,96,4.71E-08,0.000149895,0.000149897,1.000372788,B,9
764,Mifepristone,84371-65-3,HCT116,2,96,7.67E-06,7.59E-06,9.41045E-05,0.080694784,N,
765,Perfluorobutanesulfonic_acid,375-73-5,HCT116,2,96,4.78E-08,0.000149484,0.000149949,0.997289169,A,-2.9
766,4_2_Fluorotelomer_sulfonic_acid,757124-72-4,HCT116,2,96,5.06E-08,0.000149056,0.000149944,0.994466143,A,1.4
767,Perfluorononanoic_acid,375-95-1,HCT116,2,96,5.67E-06,5.45E-06,0.000144282,0.037784558,A,0.1
768,Perfluorohexanoic_acid,307-24-4,HCT116,2,96,5.46E-07,4.08E-05,0.00014942,0.273349803,A,0.1
769,Perfluorobutanoic_acid,375-22-4,HCT116,2,96,5.01E-08,0.000149141,0.000149945,0.995026977,A,0.1
770,Perfluorooctanoic_acid,335-67-1,HCT116,2,96,5.27E-07,4.62E-05,0.000149438,0.309464697,A,0.1
771,6_2_Fluorotelomer_sulfonic_acid,27619-97-2,HCT116,2,96,1.38E-07,0.000133456,0.00014984,0.891007572,A,1.4
772,8_2_Fluorotelomer_sulfonic_acid,39108-34-4,HCT116,2,96,5.41E-07,4.23E-05,0.000149424,0.283396925,A,1.4
773,Perfluoroundecanoic_acid,2058-94-8,HCT116,2,96,4.76E-06,6.06E-06,0.000145192,0.041751562,A,0.1
774,Perfluorooctanesulfonic_acid,1763-23-1,HCT116,2,96,4.76E-06,6.06E-06,0.000145192,0.041751564,A,-2.9
775,Perfluoroheptanoic_acid,375-85-9,HCT116,2,96,3.02E-07,9.99E-05,0.000149663,0.667820351,A,0.1
776,Perfluoropentanoic_acid,2706-90-3,HCT116,2,96,6.69E-08,0.000146385,0.000149923,0.976786849,A,0.1
777,Perfluorohexanesulfonic_acid,355-46-4,HCT116,2,96,9.82E-08,0.000140859,0.000149885,0.940147416,A,-2.9
778,Perfluorodecanoic_acid,335-76-2,HCT116,2,96,9.08E-06,4.03E-06,0.000140864,0.02865571,A,0.1
779,cyclosporine A,59865-13-3,HCT116,2,96,9.87E-07,9.14633E-05,0.000103664,0.882653472,N,
780,chlorpromazine,50-53-3,HCT116,2,96,8.09E-05,2.49E-05,6.58522E-05,0.377780288,B,9.4
781,PBDE 47,5436-43-1,HCT116,2,96,3.24E-05,3.52E-07,8.97483E-05,0.003929009,N,
782,PBDE 99,60348-60-9,HCT116,2,96,3.78E-05,1.25E-07,9.30675E-05,1.34E-03,N,
783,PBDE 153,68631-49-2,HCT116,2,96,4.20E-05,3.58E-08,9.63425E-05,3.72E-04,N,
784,amiodarone,1951-25-3,HCT116,2,96,1.37E-04,2.66E-07,1.11926E-05,2.38E-02,B,9
785,Azathioprine,446-86-6,HCT116,2,96,4.58E-08,0.000148327,0.000148345,1.000264661,A,8.2
786,Benzocaine,94-09-7,HCT116,2,96,1.56E-07,0.000132086,0.00013338,0.990681691,N,
787,Butylated hydroxyanisole,25013-16-5,HCT116,2,96,2.08466E-06,6.1314E-05,8.93968E-05,0.686130849,N,
788,Cetirizine dihydrochloride,83881-52-1,HCT116,2,96,4.50E-08,0.00014988,0.000149945,0.999953042,A,4.7
789,Cyclamate,139-05-9,HCT116,2,96,4.48E-08,0.000149955,0.000149955,1.000388297,B,17.6
790,Cyclophosphamide,6055-19-2,HCT116,2,96,5.20E-08,0.000146074,0.000146152,0.999854725,B,6.1
791,Cypermethrin,67375-30-8,HCT116,2,96,3.00E-05,5.09E-07,8.86273E-05,0.005742934,N,
792,DEET,134-62-3,HCT116,2,96,2.67E-07,0.000123684,0.000126348,0.979296352,N,
793,Dexamethasone,50-02-2,HCT116,2,96,1.72E-07,0.000130735,0.00013222,0.989154705,N,
794,Digoxin,20830-75-5,HCT116,2,96,7.28E-08,0.000141544,0.000141861,0.998152269,N,
795,Fenazaquin,120928-09-8,HCT116,2,96,1.45E-05,3.28E-06,8.79034E-05,0.037346358,N,
796,Fenbuconazole,114369-43-6,HCT116,2,96,1.60E-06,7.31297E-05,9.40863E-05,0.777564681,N,
797,Fluazinam,79622-59-6,HCT116,2,96,3.89E-06,2.91E-05,8.62944E-05,0.337196496,N,
798,Furosemide,54-31-9,HCT116,2,96,5.60E-08,0.000148202,0.000149936,0.98881945,A,3
799,Glybenclamide,10238-21-8,HCT116,2,96,9.60E-07,1.51E-05,0.000148645,0.101408961,A,5
800,HC Red 3,2871-01-4,HCT116,2,96,4.61E-08,0.000147999,0.00014802,1.000249737,N,
801,Hydralazine hydrochloride,304-20-1,HCT116,2,96,5.25E-08,0.000145881,0.000145966,0.999808604,B,6
802,Ketoconazole,65277-42-1,HCT116,2,96,5.93E-06,1.86E-05,9.27492E-05,0.200580819,B,6.6
803,Metformin,1115-70-4,HCT116,2,96,4.46E-08,0.000149952,0.000149952,1.00038909,B,9.6
804,Metoclopramide,364-62-5,HCT116,2,96,7.53E-07,0.000147059,0.000148023,0.993875469,B,9
805,Nitrofurantoin,67-20-9,HCT116,2,96,4.46E-08,0.000149555,0.000149559,1.000363115,A,7.3
806,Oxytetracycline hydrochloride,2058-46-0,HCT116,2,96,4.44E-08,0.000149955,0.000149955,1.000388398,A,4.5
807,Panthenol,16485-10-2 ,HCT116,2,96,4.45E-08,0.00014944,0.000149442,1.000378555,N,
808,Paracetamol,103-90-2,HCT116,2,96,4.85E-08,0.000146953,0.000146999,1.000075203,N,
809,Topiramate,97240-79-4,HCT116,2,96,4.44E-08,0.00014969,0.00014969,1.000386592,A,9.2
810,Trimellitic anhydride,552-30-7,HCT116,2,96,4.75E-08,0.000149527,0.000149948,0.997583423,A,3.3
811,Verapamil hydrochloride,152-11-4,HCT116,2,96,2.71E-05,7.29E-05,0.000118516,0.615367835,B,9.2
812,Warfarin,129-06-6,HCT116,2,96,4.58E-07,0.000112902,0.000117993,0.957225144,N,
813,Caffeine,58-08-2,HEK293T,2,96,1.32E-07,0.000148362,0.000148374,1.000304038,N,
814,Lamotrigine,84057-84-1,HEK293T,2,96,9.17E-07,0.000112903,0.000118459,0.953473213,B,6.6
815,Diclofenac,15307-79-6,HEK293T,2,96,1.49E-07,0.000149844,0.00014985,1.000347876,B,17.6
816,"2,4-Dichlorophenoxyacetic",94-75-7,HEK293T,2,96,2.00E-07,0.000138393,0.00014978,0.92433327,A,2.7
817,(S)-Naproxen,22204-53-1,HEK293T,2,96,2.78E-07,0.000123889,0.000149608,0.828413973,A,4.4
818,Ibuprofen,15687-27-1,HEK293T,2,96,5.32E-07,8.14E-05,0.000148284,0.548829947,A,5.4
819,Torasemide,56211-40-6,HEK293T,2,96,3.36E-07,1.12E-04,0.000149593,0.750023823,A,4
820,Warfarin,81-81-2,HEK293T,2,96,1.87E-07,0.000140921,0.000149731,0.941530881,A,4.5
821,di-n-butylphthalate,84-74-2,HEK293T,2,96,6.68E-06,1.03E-05,9.71788E-05,0.105854763,N,
822,hexachlorophene,70-30-4,HEK293T,2,96,4.36E-05,6.24E-07,9.87624E-05,6.32E-03,A,6.2
823,hexamethylenetetramine,100-97-0,HEK293T,2,96,1.23E-07,0.000140727,0.000140728,1.000385801,B,6.4
824,Malathion,121-75-5,HEK293T,2,96,5.04E-07,0.000117479,0.000121421,0.967913055,N,
825,pentachlorophenol,87-86-5,HEK293T,2,96,1.64E-06,1.21E-05,0.00014791,0.081965148,A,5
826,"2,2,2-trichloroethanol",115-20-8,HEK293T,2,96,1.62E-07,0.000129157,0.000129586,0.997078122,N,
827,diethylphthalate,84-66-2,HEK293T,2,96,5.70E-07,0.000114316,0.000118988,0.961116816,N,
828,4-chlorophenol,106-48-9,HEK293T,2,96,5.26E-07,0.00011608,0.000120273,0.965509205,N,
829,permethrin,52645-53-1,HEK293T,2,96,3.28E-05,6.15E-07,8.48552E-05,0.007245657,N,
830,Aniline,62-53-3,HEK293T,2,96,1.42E-07,0.000143176,0.000143308,0.999464278,N,
831,4-fluoroaniline,371-40-4,HEK293T,2,96,1.51E-07,0.000139935,0.000140174,0.998681172,N,
832,"2,4,6-trichlorophenol",88-06-2,HEK293T,2,96,1.42E-06,7.22E-05,0.000127974,0.564259849,A,6.8
833,Allyl alcohol,107-18-6,HEK293T,2,96,1.26E-07,0.000140049,0.000140071,1.000235302,N,
834,N-methylaniline,100-61-8,HEK293T,2,96,1.96E-07,0.000127392,0.000128156,0.994431355,N,
835,"3,4-dichloroaniline",95-76-1,HEK293T,2,96,8.49E-07,0.000103069,0.000110867,0.930025578,N,
836,4-decylaniline,37529-30-9,HEK293T,2,96,3.00E-05,8.55E-07,8.42914E-05,0.01014587,N,
837,naphthalene,91-20-3,HEK293T,2,96,1.60E-06,5.10E-05,6.83493E-05,0.746223652,N,
838,"1,2,4-trichlorobenzene",120-82-1,HEK293T,2,96,6.77E-07,4.40E-06,1.26476E-05,0.348332316,N,
839,"1,2-dichlorobenzene",95-50-1,HEK293T,2,96,2.77E-07,6.56E-06,9.63668E-06,0.680785945,N,
840,dichloromethane,75-09-2,HEK293T,2,96,1.28E-08,1.13093E-05,1.13341E-05,0.998206451,N,
841,tetrachloroethylene,127-18-4,HEK293T,2,96,9.67E-08,2.45E-06,3.52E-06,0.696672964,N,
842,"2,3-dimethyl-1,3-butadiene",513-81-5,HEK293T,2,96,1.63E-09,8.67E-08,1.03E-07,0.838476732,N,
843,Eugenol F,97-53-0,HEK293T,2,96,4.38E-07,0.000120408,0.000123645,0.974200527,N,
844,Methyl-antranilate,134-20-3,HEK293T,2,96,2.62E-07,0.000131554,0.000132908,0.99019704,N,
845,Lilyfore,285977-85-7,HEK293T,2,96,1.98E-06,7.23281E-05,9.35728E-05,0.77326174,N,
846,Damascone beta,23726-91-2,HEK293T,2,96,5.32E-06,1.73E-05,8.50961E-05,0.202935234,N,
847,Veloutone,14595-54-1,HEK293T,2,96,1.38E-05,4.45E-06,8.80973E-05,0.050571755,N,
848,Verdox,82356-51-2,HEK293T,2,96,3.16293E-05,6.66568E-07,8.36895E-05,0.00796788,N,
849,Nirvanol,1506-02-1,HEK293T,2,96,1.99463E-05,2.41786E-06,8.50554E-05,0.028437992,N,
850,Cetalox,3738-00-9,HEK293T,2,96,1.36E-05,3.31E-06,7.65211E-05,0.043327129,N,
851,Tonalide,21145-77-7,HEK293T,2,96,1.99E-05,2.42E-06,8.50554E-05,0.028437992,N,
852,"2,4-Dinitrophenol",51-28-5,HEK293T,2,96,1.37E-07,0.000149142,0.000149852,0.995653616,A,4.1
853,Aldrin,309-00-2,HEK293T,2,96,3.22E-05,6.04E-07,8.34042E-05,0.007245657,N,
854,Azinphos-methyl,86-50-0,HEK293T,2,96,9.38E-07,0.000100378,0.000109183,0.91971443,N,
855,Chlorpyrifos,2921-88-2,HEK293T,2,96,9.96E-06,6.78E-06,9.19667E-05,0.073737078,N,
856,"DDD-p,p'",50-29-3,HEK293T,2,96,3.85E-05,2.77E-07,8.66159E-05,0.003201257,N,
857,"DDT-o,p'",789-02-6,HEK293T,2,96,3.37E-05,5.49E-07,8.50586E-05,0.006455554,N,
858,"DDT-p,p'",72-54-8,HEK293T,2,96,2.67E-05,1.22E-06,8.40864E-05,0.014475667,N,
859,Diazinon,333-41-5,HEK293T,2,96,3.91E-06,3.86E-05,8.49605E-05,0.454744329,N,
860,Dicofol,115-32-2,HEK293T,2,96,1.06E-05,6.29E-06,9.12367E-05,0.068955307,N,
861,Dieldrin,60-57-1,HEK293T,2,96,1.18E-05,5.53E-06,8.99697E-05,0.061440283,N,
862,Disulfoton,298-04-4,HEK293T,2,96,4.70E-06,2.85E-05,8.5989E-05,0.331694573,N,
863,Endosulfan I,115-29-7,HEK293T,2,96,3.98E-06,3.76E-05,8.49423E-05,0.44251938,N,
864,Endrin,72-20-8,HEK293T,2,96,1.59E-05,3.61E-06,8.68587E-05,0.041634285,N,
865,Ethion,563-12-2,HEK293T,2,96,1.12E-05,5.90E-06,9.06092E-05,0.065127306,N,
866,Heptachlor,76-44-8,HEK293T,2,96,2.64E-05,1.26E-06,8.39808E-05,0.014982094,N,
867,Heptachlor epoxide B,1024-57-3,HEK293T,2,96,1.02E-05,6.61E-06,9.17429E-05,0.072120204,N,
868,Lindane,58-89-9,HEK293T,2,96,3.54E-06,4.31E-05,8.44495E-05,0.510217563,N,
869,"Methoxychlor-o,p'",72-43-5,HEK293T,2,96,1.13E-05,5.82E-06,9.04864E-05,0.06437867,N,
870,Parathion,56-38-2,HEK293T,2,96,3.99E-06,3.76E-05,8.49811E-05,0.44251938,N,
871,Trifluralin,1582-09-8,HEK293T,2,96,1.46E-05,4.10E-06,8.74786E-05,0.046854026,N,
872,Cisapride,81098-60-4,HEK293T,2,96,8.47E-06,9.54E-05,0.000113209,0.842597877,B,7.8
873,Citalopram hydrobromide,59729-33-8,HEK293T,2,96,1.88E-06,7.47991E-05,9.47047E-05,0.790121862,N,
874,Dofetilide,115256-11-6,HEK293T,2,96,7.60E-07,0.000146009,0.000146578,0.996501925,B,8.4
875,Moxifloxacin hydrochloride,186826-86-8,HEK293T,2,96,1.34E-07,0.000149403,0.000149589,0.999143237,A,6
876,N-acetylpro-cainamide,32795-44-1,HEK293T,2,96,1.85E-07,0.000149667,0.000149692,1.000223384,B,9.2
877,Quinidine sulfate,50-54-4,HEK293T,2,96,6.15E-06,0.000138848,0.000142542,0.974465125,B,9.3
878,Sematilide,101526-83-4,HEK293T,2,96,1.76E-07,0.000149665,0.000149686,1.00024813,B,9.1
879,Sotalol hydrochloride,959-24-0,HEK293T,2,96,1.37E-07,0.000149805,0.000149807,1.000372788,B,9
880,Mifepristone,84371-65-3,HEK293T,2,96,9.10E-06,7.51E-06,9.31621E-05,0.080694784,N,
881,Perfluorobutanesulfonic_acid,375-73-5,HEK293T,2,96,1.35E-07,0.000149397,0.000149862,0.997289169,A,-2.9
882,4_2_Fluorotelomer_sulfonic_acid,757124-72-4,HEK293T,2,96,1.38E-07,0.00014897,0.000149857,0.994466143,A,1.4
883,Perfluorononanoic_acid,375-95-1,HEK293T,2,96,6.33E-06,5.42E-06,0.000143622,0.037784558,A,0.1
884,Perfluorohexanoic_acid,307-24-4,HEK293T,2,96,6.35E-07,4.08E-05,0.000149332,0.273349803,A,0.1
885,Perfluorobutanoic_acid,375-22-4,HEK293T,2,96,1.37E-07,0.000149055,0.000149858,0.995026977,A,0.1
886,Perfluorooctanoic_acid,335-67-1,HEK293T,2,96,6.16E-07,4.62E-05,0.000149349,0.309464697,A,0.1
887,6_2_Fluorotelomer_sulfonic_acid,27619-97-2,HEK293T,2,96,2.27E-07,0.000133377,0.000149751,0.891007572,A,1.4
888,8_2_Fluorotelomer_sulfonic_acid,39108-34-4,HEK293T,2,96,6.30E-07,4.23E-05,0.000149336,0.283396925,A,1.4
889,Perfluoroundecanoic_acid,2058-94-8,HEK293T,2,96,5.32E-06,6.04E-06,0.000144633,0.041751562,A,0.1
890,Perfluorooctanesulfonic_acid,1763-23-1,HEK293T,2,96,5.32E-06,6.04E-06,0.000144633,0.041751564,A,-2.9
891,Perfluoroheptanoic_acid,375-85-9,HEK293T,2,96,3.93E-07,9.98E-05,0.000149572,0.667820351,A,0.1
892,Perfluoropentanoic_acid,2706-90-3,HEK293T,2,96,1.55E-07,0.0001463,0.000149835,0.976786849,A,0.1
893,Perfluorohexanesulfonic_acid,355-46-4,HEK293T,2,96,1.87E-07,0.000140776,0.000149797,0.940147416,A,-2.9
894,Perfluorodecanoic_acid,335-76-2,HEK293T,2,96,1.01E-05,4.01E-06,0.000139836,0.02865571,A,0.1
895,cyclosporine A,59865-13-3,HEK293T,2,96,1.23E-06,9.13142E-05,0.000103495,0.882653472,N,
896,chlorpromazine,50-53-3,HEK293T,2,96,1.08E-04,1.51E-05,3.99728E-05,0.377780288,B,9.4
897,PBDE 47,5436-43-1,HEK293T,2,96,3.72E-05,3.38E-07,8.61226E-05,0.003929009,N,
898,PBDE 99,60348-60-9,HEK293T,2,96,4.30E-05,1.19E-07,8.87301E-05,1.34E-03,N,
899,PBDE 153,68631-49-2,HEK293T,2,96,4.75E-05,3.40E-08,9.13993E-05,3.72E-04,N,
900,amiodarone,1951-25-3,HEK293T,2,96,1.44E-04,1.27E-07,5.35101E-06,2.38E-02,B,9
901,Azathioprine,446-86-6,HEK293T,2,96,1.32E-07,0.000148241,0.00014826,1.000264661,A,8.2
902,Benzocaine,94-09-7,HEK293T,2,96,2.56E-07,0.000131998,0.000133291,0.990681691,N,
903,Butylated hydroxyanisole,25013-16-5,HEK293T,2,96,2.52447E-06,6.11317E-05,8.9131E-05,0.686130849,N,
904,Cetirizine dihydrochloride,83881-52-1,HEK293T,2,96,1.32E-07,0.000149793,0.000149858,0.999953042,A,4.7
905,Cyclamate,139-05-9,HEK293T,2,96,1.32E-07,0.000149867,0.000149868,1.000388297,B,17.6
906,Cyclophosphamide,6055-19-2,HEK293T,2,96,1.39E-07,0.000145989,0.000146067,0.999854725,B,6.1
907,Cypermethrin,67375-30-8,HEK293T,2,96,3.45E-05,4.90E-07,8.52964E-05,0.005742934,N,
908,DEET,134-62-3,HEK293T,2,96,3.85E-07,0.000123587,0.000126249,0.979296352,N,
909,Dexamethasone,50-02-2,HEK293T,2,96,2.74E-07,0.000130646,0.00013213,0.989154705,N,
910,Digoxin,20830-75-5,HEK293T,2,96,1.61E-07,0.000141461,0.000141778,0.998152269,N,
911,Fenazaquin,120928-09-8,HEK293T,2,96,1.71E-05,3.22E-06,8.62614E-05,0.037346358,N,
912,Fenbuconazole,114369-43-6,HEK293T,2,96,1.96E-06,7.29555E-05,9.38623E-05,0.777564681,N,
913,Fluazinam,79622-59-6,HEK293T,2,96,4.66E-06,2.89E-05,8.58435E-05,0.337196496,N,
914,Furosemide,54-31-9,HEK293T,2,96,1.43E-07,0.000148115,0.000149848,0.98881945,A,3
915,Glybenclamide,10238-21-8,HEK293T,2,96,1.09E-06,1.51E-05,0.000148517,0.101408961,A,5
916,HC Red 3,2871-01-4,HEK293T,2,96,1.32E-07,0.000147914,0.000147935,1.000249737,N,
917,Hydralazine hydrochloride,304-20-1,HEK293T,2,96,1.40E-07,0.000145797,0.000145882,0.999808604,B,6
918,Ketoconazole,65277-42-1,HEK293T,2,96,8.46E-06,1.83E-05,9.11195E-05,0.200580819,B,6.6
919,Metformin,1115-70-4,HEK293T,2,96,1.32E-07,0.000149865,0.000149865,1.00038909,B,9.6
920,Metoclopramide,364-62-5,HEK293T,2,96,1.67E-06,0.000146153,0.000147111,0.993875469,B,9
921,Nitrofurantoin,67-20-9,HEK293T,2,96,1.31E-07,0.000149469,0.000149473,1.000363115,A,7.3
922,Oxytetracycline hydrochloride,2058-46-0,HEK293T,2,96,1.31E-07,0.000149868,0.000149868,1.000388398,A,4.5
923,Panthenol,16485-10-2 ,HEK293T,2,96,1.31E-07,0.000149354,0.000149356,1.000378555,N,
924,Paracetamol,103-90-2,HEK293T,2,96,1.35E-07,0.000146869,0.000146915,1.000075203,N,
925,Topiramate,97240-79-4,HEK293T,2,96,1.31E-07,0.000149603,0.000149603,1.000386592,A,9.2
926,Trimellitic anhydride,552-30-7,HEK293T,2,96,1.35E-07,0.000149441,0.000149861,0.997583423,A,3.3
927,Verapamil hydrochloride,152-11-4,HEK293T,2,96,4.89E-05,5.99E-05,9.74444E-05,0.615367835,B,9.2
928,Warfarin,129-06-6,HEK293T,2,96,6.08E-07,0.000112789,0.000117875,0.957225144,N,
929,Caffeine,58-08-2,HepG2,2,96,5.36E-08,0.000148439,0.000148452,1.000304038,N,
930,Lamotrigine,84057-84-1,HepG2,2,96,8.10E-07,0.000112984,0.000118544,0.953473213,B,6.6
931,Diclofenac,15307-79-6,HepG2,2,96,6.20E-08,0.00014993,0.000149937,1.000347876,B,17.6
932,"2,4-Dichlorophenoxyacetic",94-75-7,HepG2,2,96,1.50E-07,0.000138439,0.00014983,0.92433327,A,2.7
933,(S)-Naproxen,22204-53-1,HepG2,2,96,2.62E-07,0.000123903,0.000149625,0.828413973,A,4.4
934,Ibuprofen,15687-27-1,HepG2,2,96,6.14E-07,8.13E-05,0.000148202,0.548829947,A,5.4
935,Torasemide,56211-40-6,HepG2,2,96,3.45E-07,1.12E-04,0.000149583,0.750023823,A,4
936,Warfarin,81-81-2,HepG2,2,96,1.30E-07,0.000140974,0.000149787,0.941530881,A,4.5
937,di-n-butylphthalate,84-74-2,HepG2,2,96,7.77E-06,1.02E-05,9.64404E-05,0.105854763,N,
938,hexachlorophene,70-30-4,HepG2,2,96,5.04E-05,5.84E-07,9.24967E-05,6.32E-03,A,6.2
939,hexamethylenetetramine,100-97-0,HepG2,2,96,4.90E-08,0.000140797,0.000140798,1.000385801,B,6.4
940,Malathion,121-75-5,HepG2,2,96,5.09E-07,0.000117475,0.000121417,0.967913055,N,
941,pentachlorophenol,87-86-5,HepG2,2,96,2.08E-06,1.21E-05,0.000147465,0.081965148,A,5
942,"2,2,2-trichloroethanol",115-20-8,HepG2,2,96,1.02E-07,0.000129209,0.000129638,0.997078122,N,
943,diethylphthalate,84-66-2,HepG2,2,96,5.89E-07,0.000114302,0.000118973,0.961116816,N,
944,4-chlorophenol,106-48-9,HepG2,2,96,5.36E-07,0.000116072,0.000120265,0.965509205,N,
945,permethrin,52645-53-1,HepG2,2,96,3.71E-05,5.92E-07,8.17043E-05,0.007245657,N,
946,Aniline,62-53-3,HepG2,2,96,6.86E-08,0.000143246,0.000143378,0.999464278,N,
947,4-fluoroaniline,371-40-4,HepG2,2,96,8.17E-08,0.000139999,0.000140239,0.998681172,N,
948,"2,4,6-trichlorophenol",88-06-2,HepG2,2,96,1.64E-06,7.21E-05,0.000127782,0.564259849,A,6.8
949,Allyl alcohol,107-18-6,HepG2,2,96,5.20E-08,0.000140118,0.000140139,1.000235302,N,
950,N-methylaniline,100-61-8,HepG2,2,96,1.43E-07,0.000127438,0.000128201,0.994431355,N,
951,"3,4-dichloroaniline",95-76-1,HepG2,2,96,9.23E-07,0.000103018,0.000110813,0.930025578,N,
952,4-decylaniline,37529-30-9,HepG2,2,96,3.40E-05,8.26E-07,8.14268E-05,0.01014587,N,
953,naphthalene,91-20-3,HepG2,2,96,1.84E-06,5.09E-05,6.82408E-05,0.746223652,N,
954,"1,2,4-trichlorobenzene",120-82-1,HepG2,2,96,7.89E-07,4.40E-06,1.2638E-05,0.348332316,N,
955,"1,2-dichlorobenzene",95-50-1,HepG2,2,96,3.20E-07,6.56E-06,9.63393E-06,0.680785945,N,
956,dichloromethane,75-09-2,HepG2,2,96,7.31E-09,1.13097E-05,1.13345E-05,0.998206451,N,
957,tetrachloroethylene,127-18-4,HepG2,2,96,1.12E-07,2.45E-06,3.52E-06,0.696672964,N,
958,"2,3-dimethyl-1,3-butadiene",513-81-5,HepG2,2,96,1.84E-09,8.67E-08,1.03E-07,0.838476732,N,
959,Eugenol F,97-53-0,HepG2,2,96,4.31E-07,0.000120414,0.000123651,0.974200527,N,
960,Methyl-antranilate,134-20-3,HepG2,2,96,2.17E-07,0.000131593,0.000132948,0.99019704,N,
961,Lilyfore,285977-85-7,HepG2,2,96,2.27E-06,7.2189E-05,9.33929E-05,0.77326174,N,
962,Damascone beta,23726-91-2,HepG2,2,96,6.19E-06,1.72E-05,8.45853E-05,0.202935234,N,
963,Veloutone,14595-54-1,HepG2,2,96,1.59E-05,4.38E-06,8.67097E-05,0.050571755,N,
964,Verdox,82356-51-2,HepG2,2,96,3.58749E-05,6.4266E-07,8.06878E-05,0.00796788,N,
965,Nirvanol,1506-02-1,HepG2,2,96,2.29029E-05,2.36289E-06,8.31217E-05,0.028437992,N,
966,Cetalox,3738-00-9,HepG2,2,96,1.57E-05,3.26E-06,7.53323E-05,0.043327129,N,
967,Tonalide,21145-77-7,HepG2,2,96,2.29E-05,2.36E-06,8.31217E-05,0.028437992,N,
968,"2,4-Dinitrophenol",51-28-5,HepG2,2,96,5.95E-08,0.000149219,0.000149929,0.995653616,A,4.1
969,Aldrin,309-00-2,HepG2,2,96,3.65E-05,5.82E-07,8.03582E-05,0.007245657,N,
970,Azinphos-methyl,86-50-0,HepG2,2,96,1.03E-06,0.000100317,0.000109117,0.91971443,N,
971,Chlorpyrifos,2921-88-2,HepG2,2,96,1.15E-05,6.70E-06,9.09217E-05,0.073737078,N,
972,"DDD-p,p'",50-29-3,HepG2,2,96,4.33E-05,2.65E-07,8.28493E-05,0.003201257,N,
973,"DDT-o,p'",789-02-6,HepG2,2,96,3.81E-05,5.28E-07,8.18153E-05,0.006455554,N,
974,"DDT-p,p'",72-54-8,HepG2,2,96,3.05E-05,1.18E-06,8.15317E-05,0.014475667,N,
975,Diazinon,333-41-5,HepG2,2,96,4.54E-06,3.85E-05,8.45973E-05,0.454744329,N,
976,Dicofol,115-32-2,HepG2,2,96,1.23E-05,6.21E-06,9.01303E-05,0.068955307,N,
977,Dieldrin,60-57-1,HepG2,2,96,1.36E-05,5.45E-06,8.87591E-05,0.061440283,N,
978,Disulfoton,298-04-4,HepG2,2,96,5.45E-06,2.84E-05,8.55399E-05,0.331694573,N,
979,Endosulfan I,115-29-7,HepG2,2,96,4.62E-06,3.74E-05,8.45715E-05,0.44251938,N,
980,Endrin,72-20-8,HepG2,2,96,1.83E-05,3.55E-06,8.52838E-05,0.041634285,N,
981,Ethion,563-12-2,HepG2,2,96,1.30E-05,5.82E-06,8.94509E-05,0.065127306,N,
982,Heptachlor,76-44-8,HepG2,2,96,3.01E-05,1.22E-06,8.14631E-05,0.014982094,N,
983,Heptachlor epoxide B,1024-57-3,HepG2,2,96,1.18E-05,6.54E-06,9.06771E-05,0.072120204,N,
984,Lindane,58-89-9,HepG2,2,96,4.10E-06,4.29E-05,8.41257E-05,0.510217563,N,
985,"Methoxychlor-o,p'",72-43-5,HepG2,2,96,1.31E-05,5.75E-06,8.93176E-05,0.06437867,N,
986,Parathion,56-38-2,HepG2,2,96,4.62E-06,3.74E-05,8.46099E-05,0.44251938,N,
987,Trifluralin,1582-09-8,HepG2,2,96,1.69E-05,4.03E-06,8.60208E-05,0.046854026,N,
988,Cisapride,81098-60-4,HepG2,2,96,5.44E-06,9.74E-05,0.000115632,0.842597877,B,7.8
989,Citalopram hydrobromide,59729-33-8,HepG2,2,96,2.14E-06,7.46654E-05,9.45355E-05,0.790121862,N,
990,Dofetilide,115256-11-6,HepG2,2,96,4.23E-07,0.000146338,0.000146909,0.996501925,B,8.4
991,Moxifloxacin hydrochloride,186826-86-8,HepG2,2,96,5.53E-08,0.000149481,0.000149667,0.999143237,A,6
992,N-acetylpro-cainamide,32795-44-1,HepG2,2,96,8.31E-08,0.000149769,0.000149794,1.000223384,B,9.2
993,Quinidine sulfate,50-54-4,HepG2,2,96,3.56E-06,0.000141344,0.000145104,0.974465125,B,9.3
994,Sematilide,101526-83-4,HepG2,2,96,7.79E-08,0.000149763,0.000149784,1.00024813,B,9.1
995,Sotalol hydrochloride,959-24-0,HepG2,2,96,5.55E-08,0.000149886,0.000149889,1.000372788,B,9
996,Mifepristone,84371-65-3,HepG2,2,96,1.06E-05,7.44E-06,9.21955E-05,0.080694784,N,
997,Perfluorobutanesulfonic_acid,375-73-5,HepG2,2,96,5.70E-08,0.000149475,0.000149939,0.997289169,A,-2.9
998,4_2_Fluorotelomer_sulfonic_acid,757124-72-4,HepG2,2,96,6.11E-08,0.000149046,0.000149934,0.994466143,A,1.4
999,Perfluorononanoic_acid,375-95-1,HepG2,2,96,8.06E-06,5.36E-06,0.000141891,0.037784558,A,0.1
1000,Perfluorohexanoic_acid,307-24-4,HepG2,2,96,7.86E-07,4.08E-05,0.00014918,0.273349803,A,0.1
1001,Perfluorobutanoic_acid,375-22-4,HepG2,2,96,6.03E-08,0.000149131,0.000149935,0.995026977,A,0.1
1002,Perfluorooctanoic_acid,335-67-1,HepG2,2,96,7.58E-07,4.62E-05,0.000149207,0.309464697,A,0.1
1003,6_2_Fluorotelomer_sulfonic_acid,27619-97-2,HepG2,2,96,1.88E-07,0.000133411,0.000149789,0.891007572,A,1.4
1004,8_2_Fluorotelomer_sulfonic_acid,39108-34-4,HepG2,2,96,7.78E-07,4.23E-05,0.000149188,0.283396925,A,1.4
1005,Perfluoroundecanoic_acid,2058-94-8,HepG2,2,96,6.79E-06,5.98E-06,0.000143166,0.041751562,A,0.1
1006,Perfluorooctanesulfonic_acid,1763-23-1,HepG2,2,96,6.79E-06,5.98E-06,0.000143166,0.041751564,A,-2.9
1007,Perfluoroheptanoic_acid,375-85-9,HepG2,2,96,4.29E-07,9.98E-05,0.000149537,0.667820351,A,0.1
1008,Perfluoropentanoic_acid,2706-90-3,HepG2,2,96,8.49E-08,0.000146368,0.000149905,0.976786849,A,0.1
1009,Perfluorohexanesulfonic_acid,355-46-4,HepG2,2,96,1.31E-07,0.000140829,0.000149853,0.940147416,A,-2.9
1010,Perfluorodecanoic_acid,335-76-2,HepG2,2,96,1.28E-05,3.93E-06,0.00013716,0.02865571,A,0.1
1011,cyclosporine A,59865-13-3,HepG2,2,96,1.38E-06,9.12249E-05,0.000103393,0.882653472,N,
1012,chlorpromazine,50-53-3,HepG2,2,96,8.94E-05,2.18E-05,5.77818E-05,0.377780288,B,9.4
1013,PBDE 47,5436-43-1,HepG2,2,96,4.19E-05,3.24E-07,8.25017E-05,0.003929009,N,
1014,PBDE 99,60348-60-9,HepG2,2,96,4.82E-05,1.13E-07,8.44203E-05,1.34E-03,N,
1015,PBDE 153,68631-49-2,HepG2,2,96,5.30E-05,3.22E-08,8.64927E-05,3.72E-04,N,
1016,amiodarone,1951-25-3,HepG2,2,96,1.40E-04,2.15E-07,9.03977E-06,2.38E-02,B,9
1017,Azathioprine,446-86-6,HepG2,2,96,5.41E-08,0.000148318,0.000148337,1.000264661,A,8.2
1018,Benzocaine,94-09-7,HepG2,2,96,2.10E-07,0.000132038,0.000133332,0.990681691,N,
1019,Butylated hydroxyanisole,25013-16-5,HepG2,2,96,2.9063E-06,6.09734E-05,8.89003E-05,0.686130849,N,
1020,Cetirizine dihydrochloride,83881-52-1,HepG2,2,96,5.29E-08,0.000149872,0.000149937,0.999953042,A,4.7
1021,Cyclamate,139-05-9,HepG2,2,96,5.25E-08,0.000149947,0.000149947,1.000388297,B,17.6
1022,Cyclophosphamide,6055-19-2,HepG2,2,96,6.29E-08,0.000146063,0.000146141,0.999854725,B,6.1
1023,Cypermethrin,67375-30-8,HepG2,2,96,3.91E-05,4.71E-07,8.19603E-05,0.005742934,N,
1024,DEET,134-62-3,HepG2,2,96,3.67E-07,0.000123603,0.000126265,0.979296352,N,
1025,Dexamethasone,50-02-2,HepG2,2,96,2.32E-07,0.000130683,0.000132167,0.989154705,N,
1026,Digoxin,20830-75-5,HepG2,2,96,9.24E-08,0.000141525,0.000141843,0.998152269,N,
1027,Fenazaquin,120928-09-8,HepG2,2,96,1.96E-05,3.16E-06,8.45828E-05,0.037346358,N,
1028,Fenbuconazole,114369-43-6,HepG2,2,96,2.24E-06,7.28177E-05,9.3685E-05,0.777564681,N,
1029,Fluazinam,79622-59-6,HepG2,2,96,5.41E-06,2.88E-05,8.53992E-05,0.337196496,N,
1030,Furosemide,54-31-9,HepG2,2,96,6.90E-08,0.000148189,0.000149923,0.98881945,A,3
1031,Glybenclamide,10238-21-8,HepG2,2,96,1.38E-06,1.50E-05,0.000148225,0.101408961,A,5
1032,HC Red 3,2871-01-4,HepG2,2,96,5.46E-08,0.000147991,0.000148012,1.000249737,N,
1033,Hydralazine hydrochloride,304-20-1,HepG2,2,96,6.36E-08,0.000145871,0.000145956,0.999808604,B,6
1034,Ketoconazole,65277-42-1,HepG2,2,96,7.99E-06,1.83E-05,9.14245E-05,0.200580819,B,6.6
1035,Metformin,1115-70-4,HepG2,2,96,5.23E-08,0.000149944,0.000149944,1.00038909,B,9.6
1036,Metoclopramide,364-62-5,HepG2,2,96,9.44E-07,0.000146871,0.000147834,0.993875469,B,9
1037,Nitrofurantoin,67-20-9,HepG2,2,96,5.23E-08,0.000149548,0.000149552,1.000363115,A,7.3
1038,Oxytetracycline hydrochloride,2058-46-0,HepG2,2,96,5.21E-08,0.000149947,0.000149948,1.000388398,A,4.5
1039,Panthenol,16485-10-2 ,HepG2,2,96,5.22E-08,0.000149433,0.000149434,1.000378555,N,
1040,Paracetamol,103-90-2,HepG2,2,96,5.80E-08,0.000146944,0.00014699,1.000075203,N,
1041,Topiramate,97240-79-4,HepG2,2,96,5.21E-08,0.000149682,0.000149682,1.000386592,A,9.2
1042,Trimellitic anhydride,552-30-7,HepG2,2,96,5.66E-08,0.000149518,0.000149939,0.997583423,A,3.3
1043,Verapamil hydrochloride,152-11-4,HepG2,2,96,3.26E-05,6.96E-05,0.000113214,0.615367835,B,9.2
1044,Warfarin,129-06-6,HepG2,2,96,6.34E-07,0.000112769,0.000117854,0.957225144,N,
1045,Caffeine,58-08-2,Me_180,2,96,6.70E-08,0.000148426,0.000148438,1.000304038,N,
1046,Lamotrigine,84057-84-1,Me_180,2,96,9.43E-07,0.000112884,0.000118438,0.953473213,B,6.6
1047,Diclofenac,15307-79-6,Me_180,2,96,7.74E-08,0.000149915,0.000149921,1.000347876,B,17.6
1048,"2,4-Dichlorophenoxyacetic",94-75-7,Me_180,2,96,1.75E-07,0.000138416,0.000149805,0.92433327,A,2.7
1049,(S)-Naproxen,22204-53-1,Me_180,2,96,3.01E-07,0.000123871,0.000149586,0.828413973,A,4.4
1050,Ibuprofen,15687-27-1,Me_180,2,96,6.98E-07,8.13E-05,0.000148119,0.548829947,A,5.4
1051,Torasemide,56211-40-6,Me_180,2,96,3.95E-07,1.12E-04,0.000149534,0.750023823,A,4
1052,Warfarin,81-81-2,Me_180,2,96,1.53E-07,0.000140953,0.000149764,0.941530881,A,4.5
1053,di-n-butylphthalate,84-74-2,Me_180,2,96,8.83E-06,1.01E-05,9.57221E-05,0.105854763,N,
1054,hexachlorophene,70-30-4,Me_180,2,96,5.47E-05,5.59E-07,8.84494E-05,6.32E-03,A,6.2
1055,hexamethylenetetramine,100-97-0,Me_180,2,96,6.15E-08,0.000140786,0.000140786,1.000385801,B,6.4
1056,Malathion,121-75-5,Me_180,2,96,5.87E-07,0.000117413,0.000121353,0.967913055,N,
1057,pentachlorophenol,87-86-5,Me_180,2,96,2.35E-06,1.21E-05,0.000147199,0.081965148,A,5
1058,"2,2,2-trichloroethanol",115-20-8,Me_180,2,96,1.22E-07,0.000129192,0.000129621,0.997078122,N,
1059,diethylphthalate,84-66-2,Me_180,2,96,6.78E-07,0.000114233,0.000118901,0.961116816,N,
1060,4-chlorophenol,106-48-9,Me_180,2,96,6.19E-07,0.000116008,0.000120199,0.965509205,N,
1061,permethrin,52645-53-1,Me_180,2,96,4.10E-05,5.71E-07,7.88871E-05,0.007245657,N,
1062,Aniline,62-53-3,Me_180,2,96,8.41E-08,0.000143231,0.000143363,0.999464278,N,
1063,4-fluoroaniline,371-40-4,Me_180,2,96,9.90E-08,0.000139983,0.000140223,0.998681172,N,
1064,"2,4,6-trichlorophenol",88-06-2,Me_180,2,96,1.87E-06,7.20E-05,0.000127582,0.564259849,A,6.8
1065,Allyl alcohol,107-18-6,Me_180,2,96,6.49E-08,0.000140106,0.000140127,1.000235302,N,
1066,N-methylaniline,100-61-8,Me_180,2,96,1.69E-07,0.000127416,0.000128179,0.994431355,N,
1067,"3,4-dichloroaniline",95-76-1,Me_180,2,96,1.06E-06,0.000102924,0.000110711,0.930025578,N,
1068,4-decylaniline,37529-30-9,Me_180,2,96,3.77E-05,8.00E-07,7.88446E-05,0.01014587,N,
1069,naphthalene,91-20-3,Me_180,2,96,2.10E-06,5.08E-05,6.81187E-05,0.746223652,N,
1070,"1,2,4-trichlorobenzene",120-82-1,Me_180,2,96,9.03E-07,4.40E-06,1.26284E-05,0.348332316,N,
1071,"1,2-dichlorobenzene",95-50-1,Me_180,2,96,3.66E-07,6.55E-06,9.63094E-06,0.680785945,N,
1072,dichloromethane,75-09-2,Me_180,2,96,8.80E-09,1.13096E-05,1.13344E-05,0.998206451,N,
1073,tetrachloroethylene,127-18-4,Me_180,2,96,1.28E-07,2.45E-06,3.52E-06,0.696672964,N,
1074,"2,3-dimethyl-1,3-butadiene",513-81-5,Me_180,2,96,2.11E-09,8.67E-08,1.03E-07,0.838476732,N,
1075,Eugenol F,97-53-0,Me_180,2,96,4.98E-07,0.00012036,0.000123596,0.974200527,N,
1076,Methyl-antranilate,134-20-3,Me_180,2,96,2.53E-07,0.000131561,0.000132915,0.99019704,N,
1077,Lilyfore,285977-85-7,Me_180,2,96,2.60E-06,7.20294E-05,9.31865E-05,0.77326174,N,
1078,Damascone beta,23726-91-2,Me_180,2,96,7.05E-06,1.71E-05,8.40818E-05,0.202935234,N,
1079,Veloutone,14595-54-1,Me_180,2,96,1.80E-05,4.32E-06,8.5397E-05,0.050571755,N,
1080,Verdox,82356-51-2,Me_180,2,96,3.96824E-05,6.21219E-07,7.79959E-05,0.00796788,N,
1081,Nirvanol,1506-02-1,Me_180,2,96,2.5647E-05,2.31188E-06,8.13271E-05,0.028437992,N,
1082,Cetalox,3738-00-9,Me_180,2,96,1.77E-05,3.21E-06,7.42091E-05,0.043327129,N,
1083,Tonalide,21145-77-7,Me_180,2,96,2.56E-05,2.31E-06,8.13271E-05,0.028437992,N,
1084,"2,4-Dinitrophenol",51-28-5,Me_180,2,96,7.37E-08,0.000149205,0.000149914,0.995653616,A,4.1
1085,Aldrin,309-00-2,Me_180,2,96,4.04E-05,5.62E-07,7.76315E-05,0.007245657,N,
1086,Azinphos-methyl,86-50-0,Me_180,2,96,1.18E-06,0.000100215,0.000109005,0.91971443,N,
1087,Chlorpyrifos,2921-88-2,Me_180,2,96,1.31E-05,6.63E-06,8.99197E-05,0.073737078,N,
1088,"DDD-p,p'",50-29-3,Me_180,2,96,4.76E-05,2.55E-07,7.95379E-05,0.003201257,N,
1089,"DDT-o,p'",789-02-6,Me_180,2,96,4.21E-05,5.09E-07,7.89229E-05,0.006455554,N,
1090,"DDT-p,p'",72-54-8,Me_180,2,96,3.39E-05,1.15E-06,7.92074E-05,0.014475667,N,
1091,Diazinon,333-41-5,Me_180,2,96,5.17E-06,3.83E-05,8.4227E-05,0.454744329,N,
1092,Dicofol,115-32-2,Me_180,2,96,1.39E-05,6.14E-06,8.90719E-05,0.068955307,N,
1093,Dieldrin,60-57-1,Me_180,2,96,1.54E-05,5.38E-06,8.76059E-05,0.061440283,N,
1094,Disulfoton,298-04-4,Me_180,2,96,6.21E-06,2.82E-05,8.50906E-05,0.331694573,N,
1095,Endosulfan I,115-29-7,Me_180,2,96,5.27E-06,3.72E-05,8.41943E-05,0.44251938,N,
1096,Endrin,72-20-8,Me_180,2,96,2.06E-05,3.49E-06,8.38039E-05,0.041634285,N,
1097,Ethion,563-12-2,Me_180,2,96,1.47E-05,5.75E-06,8.83453E-05,0.065127306,N,
1098,Heptachlor,76-44-8,Me_180,2,96,3.35E-05,1.19E-06,7.91701E-05,0.014982094,N,
1099,Heptachlor epoxide B,1024-57-3,Me_180,2,96,1.34E-05,6.46E-06,8.9656E-05,0.072120204,N,
1100,Lindane,58-89-9,Me_180,2,96,4.68E-06,4.27E-05,8.37921E-05,0.510217563,N,
1101,"Methoxychlor-o,p'",72-43-5,Me_180,2,96,1.48E-05,5.68E-06,8.82024E-05,0.06437867,N,
1102,Parathion,56-38-2,Me_180,2,96,5.27E-06,3.73E-05,8.42324E-05,0.44251938,N,
1103,Trifluralin,1582-09-8,Me_180,2,96,1.90E-05,3.96E-06,8.46453E-05,0.046854026,N,
1104,Cisapride,81098-60-4,Me_180,2,96,6.48E-06,9.67E-05,0.000114803,0.842597877,B,7.8
1105,Citalopram hydrobromide,59729-33-8,Me_180,2,96,2.45E-06,7.45096E-05,9.43382E-05,0.790121862,N,
1106,Dofetilide,115256-11-6,Me_180,2,96,5.13E-07,0.00014625,0.000146821,0.996501925,B,8.4
1107,Moxifloxacin hydrochloride,186826-86-8,Me_180,2,96,6.90E-08,0.000149467,0.000149654,0.999143237,A,6
1108,N-acetylpro-cainamide,32795-44-1,Me_180,2,96,1.03E-07,0.00014975,0.000149775,1.000223384,B,9.2
1109,Quinidine sulfate,50-54-4,Me_180,2,96,4.29E-06,0.000140641,0.000144383,0.974465125,B,9.3
1110,Sematilide,101526-83-4,Me_180,2,96,9.66E-08,0.000149745,0.000149766,1.00024813,B,9.1
1111,Sotalol hydrochloride,959-24-0,Me_180,2,96,6.95E-08,0.000149872,0.000149875,1.000372788,B,9
1112,Mifepristone,84371-65-3,Me_180,2,96,1.20E-05,7.36E-06,9.12654E-05,0.080694784,N,
1113,Perfluorobutanesulfonic_acid,375-73-5,Me_180,2,96,7.09E-08,0.000149461,0.000149925,0.997289169,A,-2.9
1114,4_2_Fluorotelomer_sulfonic_acid,757124-72-4,Me_180,2,96,7.55E-08,0.000149032,0.000149919,0.994466143,A,1.4
1115,Perfluorononanoic_acid,375-95-1,Me_180,2,96,9.03E-06,5.32E-06,0.000140916,0.037784558,A,0.1
1116,Perfluorohexanoic_acid,307-24-4,Me_180,2,96,8.88E-07,4.07E-05,0.000149078,0.273349803,A,0.1
1117,Perfluorobutanoic_acid,375-22-4,Me_180,2,96,7.46E-08,0.000149117,0.00014992,0.995026977,A,0.1
1118,Perfluorooctanoic_acid,335-67-1,Me_180,2,96,8.57E-07,4.61E-05,0.000149108,0.309464697,A,0.1
1119,6_2_Fluorotelomer_sulfonic_acid,27619-97-2,Me_180,2,96,2.19E-07,0.000133384,0.000149759,0.891007572,A,1.4
1120,8_2_Fluorotelomer_sulfonic_acid,39108-34-4,Me_180,2,96,8.80E-07,4.22E-05,0.000149086,0.283396925,A,1.4
1121,Perfluoroundecanoic_acid,2058-94-8,Me_180,2,96,7.62E-06,5.94E-06,0.000142336,0.041751562,A,0.1
1122,Perfluorooctanesulfonic_acid,1763-23-1,Me_180,2,96,7.62E-06,5.94E-06,0.000142336,0.041751564,A,-2.9
1123,Perfluoroheptanoic_acid,375-85-9,Me_180,2,96,4.88E-07,9.98E-05,0.000149477,0.667820351,A,0.1
1124,Perfluoropentanoic_acid,2706-90-3,Me_180,2,96,1.02E-07,0.000146351,0.000149887,0.976786849,A,0.1
1125,Perfluorohexanesulfonic_acid,355-46-4,Me_180,2,96,1.54E-07,0.000140807,0.00014983,0.940147416,A,-2.9
1126,Perfluorodecanoic_acid,335-76-2,Me_180,2,96,1.43E-05,3.89E-06,0.000135671,0.02865571,A,0.1
1127,cyclosporine A,59865-13-3,Me_180,2,96,1.58E-06,9.11014E-05,0.000103253,0.882653472,N,
1128,chlorpromazine,50-53-3,Me_180,2,96,9.61E-05,1.94E-05,5.13624E-05,0.377780288,B,9.4
1129,PBDE 47,5436-43-1,Me_180,2,96,4.61E-05,3.11E-07,7.93059E-05,0.003929009,N,
1130,PBDE 99,60348-60-9,Me_180,2,96,5.27E-05,1.08E-07,8.06849E-05,1.34E-03,N,
1131,PBDE 153,68631-49-2,Me_180,2,96,5.77E-05,3.06E-08,8.23075E-05,3.72E-04,N,
1132,amiodarone,1951-25-3,Me_180,2,96,1.41E-04,1.80E-07,7.56452E-06,2.38E-02,B,9
1133,Azathioprine,446-86-6,Me_180,2,96,6.77E-08,0.000148305,0.000148324,1.000264661,A,8.2
1134,Benzocaine,94-09-7,Me_180,2,96,2.45E-07,0.000132007,0.000133301,0.990681691,N,
1135,Butylated hydroxyanisole,25013-16-5,Me_180,2,96,3.32119E-06,6.08014E-05,8.86495E-05,0.686130849,N,
1136,Cetirizine dihydrochloride,83881-52-1,Me_180,2,96,6.63E-08,0.000149859,0.000149924,0.999953042,A,4.7
1137,Cyclamate,139-05-9,Me_180,2,96,6.60E-08,0.000149934,0.000149934,1.000388297,B,17.6
1138,Cyclophosphamide,6055-19-2,Me_180,2,96,7.77E-08,0.000146049,0.000146127,0.999854725,B,6.1
1139,Cypermethrin,67375-30-8,Me_180,2,96,4.31E-05,4.53E-07,7.89929E-05,0.005742934,N,
1140,DEET,134-62-3,Me_180,2,96,4.24E-07,0.000123555,0.000126216,0.979296352,N,
1141,Dexamethasone,50-02-2,Me_180,2,96,2.71E-07,0.000130649,0.000132133,0.989154705,N,
1142,Digoxin,20830-75-5,Me_180,2,96,1.11E-07,0.000141508,0.000141825,0.998152269,N,
1143,Fenazaquin,120928-09-8,Me_180,2,96,2.21E-05,3.10E-06,8.30112E-05,0.037346358,N,
1144,Fenbuconazole,114369-43-6,Me_180,2,96,2.56E-06,7.2659E-05,9.34808E-05,0.777564681,N,
1145,Fluazinam,79622-59-6,Me_180,2,96,6.16E-06,2.86E-05,8.49544E-05,0.337196496,N,
1146,Furosemide,54-31-9,Me_180,2,96,8.44E-08,0.000148174,0.000149907,0.98881945,A,3
1147,Glybenclamide,10238-21-8,Me_180,2,96,1.56E-06,1.50E-05,0.000148047,0.101408961,A,5
1148,HC Red 3,2871-01-4,Me_180,2,96,6.82E-08,0.000147977,0.000147998,1.000249737,N,
1149,Hydralazine hydrochloride,304-20-1,Me_180,2,96,7.85E-08,0.000145856,0.000145941,0.999808604,B,6
1150,Ketoconazole,65277-42-1,Me_180,2,96,9.20E-06,1.82E-05,9.06489E-05,0.200580819,B,6.6
1151,Metformin,1115-70-4,Me_180,2,96,6.57E-08,0.000149931,0.000149931,1.00038909,B,9.6
1152,Metoclopramide,364-62-5,Me_180,2,96,1.14E-06,0.000146676,0.000147637,0.993875469,B,9
1153,Nitrofurantoin,67-20-9,Me_180,2,96,6.56E-08,0.000149534,0.000149538,1.000363115,A,7.3
1154,Oxytetracycline hydrochloride,2058-46-0,Me_180,2,96,6.54E-08,0.000149934,0.000149934,1.000388398,A,4.5
1155,Panthenol,16485-10-2 ,Me_180,2,96,6.55E-08,0.000149419,0.000149421,1.000378555,N,
1156,Paracetamol,103-90-2,Me_180,2,96,7.20E-08,0.00014693,0.000146976,1.000075203,N,
1157,Topiramate,97240-79-4,Me_180,2,96,6.54E-08,0.000149669,0.000149669,1.000386592,A,9.2
1158,Trimellitic anhydride,552-30-7,Me_180,2,96,7.04E-08,0.000149505,0.000149925,0.997583423,A,3.3
1159,Verapamil hydrochloride,152-11-4,Me_180,2,96,3.77E-05,6.66E-05,0.000108284,0.615367835,B,9.2
1160,Warfarin,129-06-6,Me_180,2,96,7.30E-07,0.000112696,0.000117778,0.957225144,N,
1161,Caffeine,58-08-2,H4lle,2,96,6.51E-08,0.000148428,0.00014844,1.000304038,N,
1162,Lamotrigine,84057-84-1,H4lle,2,96,3.38E-07,0.000113342,0.000118919,0.953473213,B,6.6
1163,Diclofenac,15307-79-6,H4lle,2,96,7.31E-08,0.000149919,0.000149926,1.000347876,B,17.6
1164,"2,4-Dichlorophenoxyacetic",94-75-7,H4lle,2,96,8.33E-08,0.000138501,0.000149897,0.92433327,A,2.7
1165,(S)-Naproxen,22204-53-1,H4lle,2,96,1.04E-07,0.000124034,0.000149783,0.828413973,A,4.4
1166,Ibuprofen,15687-27-1,H4lle,2,96,1.71E-07,8.15E-05,0.000148642,0.548829947,A,5.4
1167,Torasemide,56211-40-6,H4lle,2,96,1.18E-07,1.12E-04,0.00014981,0.750023823,A,4
1168,Warfarin,81-81-2,H4lle,2,96,7.99E-08,0.000141022,0.000149838,0.941530881,A,4.5
1169,di-n-butylphthalate,84-74-2,H4lle,2,96,2.03E-06,1.06E-05,0.00010033,0.105854763,N,
1170,hexachlorophene,70-30-4,H4lle,2,96,1.61E-05,7.85E-07,0.000124326,6.32E-03,A,6.2
1171,hexamethylenetetramine,100-97-0,H4lle,2,96,6.13E-08,0.000140786,0.000140786,1.000385801,B,6.4
1172,Malathion,121-75-5,H4lle,2,96,1.70E-07,0.000117742,0.000121692,0.967913055,N,
1173,pentachlorophenol,87-86-5,H4lle,2,96,4.84E-07,1.22E-05,0.00014906,0.081965148,A,5
1174,"2,2,2-trichloroethanol",115-20-8,H4lle,2,96,7.08E-08,0.000129236,0.000129665,0.997078122,N,
1175,diethylphthalate,84-66-2,H4lle,2,96,1.89E-07,0.000114608,0.000119291,0.961116816,N,
1176,4-chlorophenol,106-48-9,H4lle,2,96,1.76E-07,0.000116352,0.000120555,0.965509205,N,
1177,permethrin,52645-53-1,H4lle,2,96,1.14E-05,7.27E-07,0.000100322,0.007245657,N,
1178,Aniline,62-53-3,H4lle,2,96,6.71E-08,0.000143247,0.00014338,0.999464278,N,
1179,4-fluoroaniline,371-40-4,H4lle,2,96,6.93E-08,0.000140011,0.00014025,0.998681172,N,
1180,"2,4,6-trichlorophenol",88-06-2,H4lle,2,96,4.33E-07,7.27E-05,0.000128823,0.564259849,A,6.8
1181,Allyl alcohol,107-18-6,H4lle,2,96,6.19E-08,0.000140108,0.00014013,1.000235302,N,
1182,N-methylaniline,100-61-8,H4lle,2,96,8.05E-08,0.000127491,0.000128255,0.994431355,N,
1183,"3,4-dichloroaniline",95-76-1,H4lle,2,96,2.69E-07,0.00010347,0.000111298,0.930025578,N,
1184,4-decylaniline,37529-30-9,H4lle,2,96,1.03E-05,9.95E-07,9.81169E-05,0.01014587,N,
1185,naphthalene,91-20-3,H4lle,2,96,4.84E-07,5.1368E-05,6.88642E-05,0.746223652,N,
1186,"1,2,4-trichlorobenzene",120-82-1,H4lle,2,96,2.01E-07,4.42E-06,1.26879E-05,0.348332316,N,
1187,"1,2-dichlorobenzene",95-50-1,H4lle,2,96,8.29E-08,6.57E-06,9.64918E-06,0.680785945,N,
1188,dichloromethane,75-09-2,H4lle,2,96,5.78E-09,1.13099E-05,1.13346E-05,0.998206451,N,
1189,tetrachloroethylene,127-18-4,H4lle,2,96,2.89E-08,2.45E-06,3.52E-06,0.696672964,N,
1190,"2,3-dimethyl-1,3-butadiene",513-81-5,H4lle,2,96,4.94E-10,8.67E-08,1.03E-07,0.838476732,N,
1191,Eugenol F,97-53-0,H4lle,2,96,1.51E-07,0.00012064,0.000123883,0.974200527,N,
1192,Methyl-antranilate,134-20-3,H4lle,2,96,1.01E-07,0.000131695,0.000133051,0.99019704,N,
1193,Lilyfore,285977-85-7,H4lle,2,96,6.03E-07,7.30033E-05,9.44463E-05,0.77326174,N,
1194,Damascone beta,23726-91-2,H4lle,2,96,1.61E-06,1.77E-05,8.72802E-05,0.202935234,N,
1195,Veloutone,14595-54-1,H4lle,2,96,4.34E-06,4.76E-06,9.42101E-05,0.050571755,N,
1196,Verdox,82356-51-2,H4lle,2,96,1.09373E-05,7.83089E-07,9.8319E-05,0.00796788,N,
1197,Nirvanol,1506-02-1,H4lle,2,96,6.47998E-06,2.66822E-06,9.38624E-05,0.028437992,N,
1198,Cetalox,3738-00-9,H4lle,2,96,4.27E-06,3.54E-06,8.17428E-05,0.043327129,N,
1199,Tonalide,21145-77-7,H4lle,2,96,6.48E-06,2.67E-06,9.38624E-05,0.028437992,N,
1200,"2,4-Dinitrophenol",51-28-5,H4lle,2,96,6.67E-08,0.000149212,0.000149921,0.995653616,A,4.1
1201,Aldrin,309-00-2,H4lle,2,96,1.12E-05,7.12E-07,9.82997E-05,0.007245657,N,
1202,Azinphos-methyl,86-50-0,H4lle,2,96,2.95E-07,0.000100811,0.000109654,0.91971443,N,
1203,Chlorpyrifos,2921-88-2,H4lle,2,96,3.08E-06,7.11E-06,9.64847E-05,0.073737078,N,
1204,"DDD-p,p'",50-29-3,H4lle,2,96,1.38E-05,3.38E-07,0.000105752,0.003201257,N,
1205,"DDT-o,p'",789-02-6,H4lle,2,96,1.18E-05,6.52E-07,0.000101064,0.006455554,N,
1206,"DDT-p,p'",72-54-8,H4lle,2,96,9.00E-06,1.39E-06,9.61842E-05,0.014475667,N,
1207,Diazinon,333-41-5,H4lle,2,96,1.18E-06,3.93E-05,8.65487E-05,0.454744329,N,
1208,Dicofol,115-32-2,H4lle,2,96,3.29E-06,6.62E-06,9.60351E-05,0.068955307,N,
1209,Dieldrin,60-57-1,H4lle,2,96,3.67E-06,5.85E-06,9.52496E-05,0.061440283,N,
1210,Disulfoton,298-04-4,H4lle,2,96,1.42E-06,2.92E-05,8.79283E-05,0.331694573,N,
1211,Endosulfan I,115-29-7,H4lle,2,96,1.20E-06,3.83E-05,8.65609E-05,0.44251938,N,
1212,Endrin,72-20-8,H4lle,2,96,5.05E-06,3.91E-06,9.38736E-05,0.041634285,N,
1213,Ethion,563-12-2,H4lle,2,96,3.48E-06,6.23E-06,9.56462E-05,0.065127306,N,
1214,Heptachlor,76-44-8,H4lle,2,96,8.86E-06,1.44E-06,9.5878E-05,0.014982094,N,
1215,Heptachlor epoxide B,1024-57-3,H4lle,2,96,3.15E-06,6.95E-06,9.63553E-05,0.072120204,N,
1216,Lindane,58-89-9,H4lle,2,96,1.07E-06,4.38E-05,8.58761E-05,0.510217563,N,
1217,"Methoxychlor-o,p'",72-43-5,H4lle,2,96,3.52E-06,6.15E-06,9.55722E-05,0.06437867,N,
1218,Parathion,56-38-2,H4lle,2,96,1.20E-06,3.83E-05,8.66012E-05,0.44251938,N,
1219,Trifluralin,1582-09-8,H4lle,2,96,4.61E-06,4.40E-06,9.39275E-05,0.046854026,N,
1220,Cisapride,81098-60-4,H4lle,2,96,3.76E-06,9.85E-05,0.000116978,0.842597877,B,7.8
1221,Citalopram hydrobromide,59729-33-8,H4lle,2,96,5.70E-07,7.5458E-05,9.5539E-05,0.790121862,N,
1222,Dofetilide,115256-11-6,H4lle,2,96,3.43E-07,0.000146417,0.000146988,0.996501925,B,8.4
1223,Moxifloxacin hydrochloride,186826-86-8,H4lle,2,96,6.59E-08,0.00014947,0.000149657,0.999143237,A,6
1224,N-acetylpro-cainamide,32795-44-1,H4lle,2,96,8.93E-08,0.000149763,0.000149788,1.000223384,B,9.2
1225,Quinidine sulfate,50-54-4,H4lle,2,96,2.81E-06,0.000142075,0.000145855,0.974465125,B,9.3
1226,Sematilide,101526-83-4,H4lle,2,96,8.52E-08,0.000149756,0.000149777,1.00024813,B,9.1
1227,Sotalol hydrochloride,959-24-0,H4lle,2,96,6.79E-08,0.000149874,0.000149877,1.000372788,B,9
1228,Mifepristone,84371-65-3,H4lle,2,96,2.80E-06,7.85E-06,9.73253E-05,0.080694784,N,
1229,Perfluorobutanesulfonic_acid,375-73-5,H4lle,2,96,6.62E-08,0.000149465,0.00014993,0.997289169,A,-2.9
1230,4_2_Fluorotelomer_sulfonic_acid,757124-72-4,H4lle,2,96,6.70E-08,0.00014904,0.000149928,0.994466143,A,1.4
1231,Perfluorononanoic_acid,375-95-1,H4lle,2,96,1.91E-06,5.59E-06,0.000148041,0.037784558,A,0.1
1232,Perfluorohexanoic_acid,307-24-4,H4lle,2,96,1.93E-07,4.09E-05,0.000149773,0.273349803,A,0.1
1233,Perfluorobutanoic_acid,375-22-4,H4lle,2,96,6.69E-08,0.000149124,0.000149928,0.995026977,A,0.1
1234,Perfluorooctanoic_acid,335-67-1,H4lle,2,96,1.89E-07,4.63E-05,0.000149776,0.309464697,A,0.1
1235,6_2_Fluorotelomer_sulfonic_acid,27619-97-2,H4lle,2,96,9.03E-08,0.000133499,0.000149887,0.891007572,A,1.4
1236,8_2_Fluorotelomer_sulfonic_acid,39108-34-4,H4lle,2,96,1.92E-07,4.24E-05,0.000149774,0.283396925,A,1.4
1237,Perfluoroundecanoic_acid,2058-94-8,H4lle,2,96,1.59E-06,6.19E-06,0.000148355,0.041751562,A,0.1
1238,Perfluorooctanesulfonic_acid,1763-23-1,H4lle,2,96,1.59E-06,6.19E-06,0.000148355,0.041751564,A,-2.9
1239,Perfluoroheptanoic_acid,375-85-9,H4lle,2,96,1.33E-07,1.00E-04,0.000149832,0.667820351,A,0.1
1240,Perfluoropentanoic_acid,2706-90-3,H4lle,2,96,7.15E-08,0.000146381,0.000149918,0.976786849,A,0.1
1241,Perfluorohexanesulfonic_acid,355-46-4,H4lle,2,96,7.98E-08,0.000140876,0.000149903,0.940147416,A,-2.9
1242,Perfluorodecanoic_acid,335-76-2,H4lle,2,96,3.10E-06,4.21E-06,0.000146839,0.02865571,A,0.1
1243,cyclosporine A,59865-13-3,H4lle,2,96,3.81E-07,9.18355E-05,0.000104085,0.882653472,N,
1244,chlorpromazine,50-53-3,H4lle,2,96,8.01E-05,2.52E-05,6.66066E-05,0.377780288,B,9.4
1245,PBDE 47,5436-43-1,H4lle,2,96,1.33E-05,4.10E-07,0.000104375,0.003929009,N,
1246,PBDE 99,60348-60-9,H4lle,2,96,1.59E-05,1.49E-07,0.000111236,1.34E-03,N,
1247,PBDE 153,68631-49-2,H4lle,2,96,1.80E-05,4.38E-08,0.000117703,3.72E-04,N,
1248,amiodarone,1951-25-3,H4lle,2,96,1.37E-04,2.73E-07,1.14698E-05,2.38E-02,B,9
1249,Azathioprine,446-86-6,H4lle,2,96,6.52E-08,0.000148307,0.000148326,1.000264661,A,8.2
1250,Benzocaine,94-09-7,H4lle,2,96,9.89E-08,0.000132136,0.000133431,0.990681691,N,
1251,Butylated hydroxyanisole,25013-16-5,H4lle,2,96,7.63205E-07,6.18618E-05,9.01955E-05,0.686130849,N,
1252,Cetirizine dihydrochloride,83881-52-1,H4lle,2,96,6.54E-08,0.000149859,0.000149925,0.999953042,A,4.7
1253,Cyclamate,139-05-9,H4lle,2,96,6.57E-08,0.000149934,0.000149934,1.000388297,B,17.6
1254,Cyclophosphamide,6055-19-2,H4lle,2,96,6.72E-08,0.000146059,0.000146137,0.999854725,B,6.1
1255,Cypermethrin,67375-30-8,H4lle,2,96,1.21E-05,5.85E-07,0.000101848,0.005742934,N,
1256,DEET,134-62-3,H4lle,2,96,1.36E-07,0.000123793,0.00012646,0.979296352,N,
1257,Dexamethasone,50-02-2,H4lle,2,96,1.04E-07,0.000130794,0.00013228,0.989154705,N,
1258,Digoxin,20830-75-5,H4lle,2,96,7.26E-08,0.000141544,0.000141861,0.998152269,N,
1259,Fenazaquin,120928-09-8,H4lle,2,96,5.46E-06,3.50E-06,9.37855E-05,0.037346358,N,
1260,Fenbuconazole,114369-43-6,H4lle,2,96,5.95E-07,7.36269E-05,9.4726E-05,0.777564681,N,
1261,Fluazinam,79622-59-6,H4lle,2,96,1.41E-06,2.96E-05,8.77628E-05,0.337196496,N,
1262,Furosemide,54-31-9,H4lle,2,96,6.85E-08,0.000148189,0.000149923,0.98881945,A,3
1263,Glybenclamide,10238-21-8,H4lle,2,96,3.22E-07,1.51E-05,0.000149281,0.101408961,A,5
1264,HC Red 3,2871-01-4,H4lle,2,96,6.52E-08,0.00014798,0.000148001,1.000249737,N,
1265,Hydralazine hydrochloride,304-20-1,H4lle,2,96,6.73E-08,0.000145867,0.000145952,0.999808604,B,6
1266,Ketoconazole,65277-42-1,H4lle,2,96,3.09E-06,1.90E-05,9.45804E-05,0.200580819,B,6.6
1267,Metformin,1115-70-4,H4lle,2,96,6.55E-08,0.000149931,0.000149931,1.00038909,B,9.6
1268,Metoclopramide,364-62-5,H4lle,2,96,7.55E-07,0.000147058,0.000148022,0.993875469,B,9
1269,Nitrofurantoin,67-20-9,H4lle,2,96,6.52E-08,0.000149535,0.000149539,1.000363115,A,7.3
1270,Oxytetracycline hydrochloride,2058-46-0,H4lle,2,96,6.53E-08,0.000149934,0.000149934,1.000388398,A,4.5
1271,Panthenol,16485-10-2 ,H4lle,2,96,6.51E-08,0.00014942,0.000149421,1.000378555,N,
1272,Paracetamol,103-90-2,H4lle,2,96,6.57E-08,0.000146936,0.000146982,1.000075203,N,
1273,Topiramate,97240-79-4,H4lle,2,96,6.52E-08,0.000149669,0.000149669,1.000386592,A,9.2
1274,Trimellitic anhydride,552-30-7,H4lle,2,96,6.62E-08,0.000149509,0.000149929,0.997583423,A,3.3
1275,Verapamil hydrochloride,152-11-4,H4lle,2,96,2.66E-05,7.32E-05,0.000119007,0.615367835,B,9.2
1276,Warfarin,129-06-6,H4lle,2,96,2.00E-07,0.000113097,0.000118197,0.957225144,N,
1277,Caffeine,58-08-2,SH-SY5Y,2,96,3.68E-08,0.000148456,0.000148468,1.000304038,N,
1278,Lamotrigine,84057-84-1,SH-SY5Y,2,96,2.39E-07,0.000113417,0.000118998,0.953473213,B,6.6
1279,Diclofenac,15307-79-6,SH-SY5Y,2,96,4.14E-08,0.000149951,0.000149957,1.000347876,B,17.6
1280,"2,4-Dichlorophenoxyacetic",94-75-7,SH-SY5Y,2,96,5.50E-08,0.000138527,0.000149925,0.92433327,A,2.7
1281,(S)-Naproxen,22204-53-1,SH-SY5Y,2,96,7.60E-08,0.000124057,0.000149811,0.828413973,A,4.4
1282,Ibuprofen,15687-27-1,SH-SY5Y,2,96,1.43E-07,8.16E-05,0.00014867,0.548829947,A,5.4
1283,Torasemide,56211-40-6,SH-SY5Y,2,96,9.14E-08,1.12E-04,0.000149837,0.750023823,A,4
1284,Warfarin,81-81-2,SH-SY5Y,2,96,5.15E-08,0.000141048,0.000149866,0.941530881,A,4.5
1285,di-n-butylphthalate,84-74-2,SH-SY5Y,2,96,1.74E-06,1.06E-05,0.000100531,0.105854763,N,
1286,hexachlorophene,70-30-4,SH-SY5Y,2,96,1.45E-05,7.95E-07,0.000125855,6.32E-03,A,6.2
1287,hexamethylenetetramine,100-97-0,SH-SY5Y,2,96,3.45E-08,0.000140811,0.000140811,1.000385801,B,6.4
1288,Malathion,121-75-5,SH-SY5Y,2,96,1.29E-07,0.000117773,0.000121725,0.967913055,N,
1289,pentachlorophenol,87-86-5,SH-SY5Y,2,96,4.41E-07,1.22E-05,0.000149103,0.081965148,A,5
1290,"2,2,2-trichloroethanol",115-20-8,SH-SY5Y,2,96,4.40E-08,0.000129259,0.000129688,0.997078122,N,
1291,diethylphthalate,84-66-2,SH-SY5Y,2,96,1.46E-07,0.000114641,0.000119325,0.961116816,N,
1292,4-chlorophenol,106-48-9,SH-SY5Y,2,96,1.35E-07,0.000116383,0.000120588,0.965509205,N,
1293,permethrin,52645-53-1,SH-SY5Y,2,96,9.86E-06,7.35E-07,0.000101437,0.007245657,N,
1294,Aniline,62-53-3,SH-SY5Y,2,96,3.91E-08,0.000143274,0.000143406,0.999464278,N,
1295,4-fluoroaniline,371-40-4,SH-SY5Y,2,96,4.14E-08,0.000140037,0.000140276,0.998681172,N,
1296,"2,4,6-trichlorophenol",88-06-2,SH-SY5Y,2,96,3.65E-07,7.27E-05,0.000128882,0.564259849,A,6.8
1297,Allyl alcohol,107-18-6,SH-SY5Y,2,96,3.50E-08,0.000140134,0.000140155,1.000235302,N,
1298,N-methylaniline,100-61-8,SH-SY5Y,2,96,5.25E-08,0.000127515,0.000128279,0.994431355,N,
1299,"3,4-dichloroaniline",95-76-1,SH-SY5Y,2,96,2.16E-07,0.000103507,0.000111338,0.930025578,N,
1300,4-decylaniline,37529-30-9,SH-SY5Y,2,96,8.86E-06,1.01E-06,9.90993E-05,0.01014587,N,
1301,naphthalene,91-20-3,SH-SY5Y,2,96,4.06E-07,5.13948E-05,6.89001E-05,0.746223652,N,
1302,"1,2,4-trichlorobenzene",120-82-1,SH-SY5Y,2,96,1.71E-07,4.42E-06,1.26905E-05,0.348332316,N,
1303,"1,2-dichlorobenzene",95-50-1,SH-SY5Y,2,96,6.98E-08,6.57E-06,9.65003E-06,0.680785945,N,
1304,dichloromethane,75-09-2,SH-SY5Y,2,96,3.49E-09,1.131E-05,1.13348E-05,0.998206451,N,
1305,tetrachloroethylene,127-18-4,SH-SY5Y,2,96,2.43E-08,2.45E-06,3.52E-06,0.696672964,N,
1306,"2,3-dimethyl-1,3-butadiene",513-81-5,SH-SY5Y,2,96,4.10E-10,8.67E-08,1.03E-07,0.838476732,N,
1307,Eugenol F,97-53-0,SH-SY5Y,2,96,1.13E-07,0.00012067,0.000123914,0.974200527,N,
1308,Methyl-antranilate,134-20-3,SH-SY5Y,2,96,6.90E-08,0.000131723,0.000133079,0.99019704,N,
1309,Lilyfore,285977-85-7,SH-SY5Y,2,96,5.05E-07,7.30512E-05,9.45084E-05,0.77326174,N,
1310,Damascone beta,23726-91-2,SH-SY5Y,2,96,1.37E-06,1.77E-05,8.74196E-05,0.202935234,N,
1311,Veloutone,14595-54-1,SH-SY5Y,2,96,3.72E-06,4.78E-06,9.46104E-05,0.050571755,N,
1312,Verdox,82356-51-2,SH-SY5Y,2,96,9.45389E-06,7.91442E-07,9.93678E-05,0.00796788,N,
1313,Nirvanol,1506-02-1,SH-SY5Y,2,96,5.57164E-06,2.6851E-06,9.44564E-05,0.028437992,N,
1314,Cetalox,3738-00-9,SH-SY5Y,2,96,3.66E-06,3.56E-06,8.2084E-05,0.043327129,N,
1315,Tonalide,21145-77-7,SH-SY5Y,2,96,5.57E-06,2.69E-06,9.44564E-05,0.028437992,N,
1316,"2,4-Dinitrophenol",51-28-5,SH-SY5Y,2,96,3.81E-08,0.00014924,0.00014995,0.995653616,A,4.1
1317,Aldrin,309-00-2,SH-SY5Y,2,96,9.66E-06,7.20E-07,9.93708E-05,0.007245657,N,
1318,Azinphos-methyl,86-50-0,SH-SY5Y,2,96,2.39E-07,0.000100849,0.000109695,0.91971443,N,
1319,Chlorpyrifos,2921-88-2,SH-SY5Y,2,96,2.63E-06,7.13E-06,9.67757E-05,0.073737078,N,
1320,"DDD-p,p'",50-29-3,SH-SY5Y,2,96,1.20E-05,3.43E-07,0.000107176,0.003201257,N,
1321,"DDT-o,p'",789-02-6,SH-SY5Y,2,96,1.02E-05,6.60E-07,0.000102225,0.006455554,N,
1322,"DDT-p,p'",72-54-8,SH-SY5Y,2,96,7.76E-06,1.40E-06,9.70292E-05,0.014475667,N,
1323,Diazinon,333-41-5,SH-SY5Y,2,96,1.00E-06,3.94E-05,8.66521E-05,0.454744329,N,
1324,Dicofol,115-32-2,SH-SY5Y,2,96,2.82E-06,6.64E-06,9.6345E-05,0.068955307,N,
1325,Dieldrin,60-57-1,SH-SY5Y,2,96,3.15E-06,5.87E-06,9.55923E-05,0.061440283,N,
1326,Disulfoton,298-04-4,SH-SY5Y,2,96,1.21E-06,2.92E-05,8.80532E-05,0.331694573,N,
1327,Endosulfan I,115-29-7,SH-SY5Y,2,96,1.02E-06,3.83E-05,8.66662E-05,0.44251938,N,
1328,Endrin,72-20-8,SH-SY5Y,2,96,4.34E-06,3.93E-06,9.43375E-05,0.041634285,N,
1329,Ethion,563-12-2,SH-SY5Y,2,96,2.98E-06,6.25E-06,9.59723E-05,0.065127306,N,
1330,Heptachlor,76-44-8,SH-SY5Y,2,96,7.64E-06,1.45E-06,9.67075E-05,0.014982094,N,
1331,Heptachlor epoxide B,1024-57-3,SH-SY5Y,2,96,2.70E-06,6.97E-06,9.66526E-05,0.072120204,N,
1332,Lindane,58-89-9,SH-SY5Y,2,96,9.06E-07,4.38E-05,8.59697E-05,0.510217563,N,
1333,"Methoxychlor-o,p'",72-43-5,SH-SY5Y,2,96,3.01E-06,6.17E-06,9.59016E-05,0.06437867,N,
1334,Parathion,56-38-2,SH-SY5Y,2,96,1.02E-06,3.84E-05,8.67066E-05,0.44251938,N,
1335,Trifluralin,1582-09-8,SH-SY5Y,2,96,3.96E-06,4.42E-06,9.43514E-05,0.046854026,N,
1336,Cisapride,81098-60-4,SH-SY5Y,2,96,2.35E-06,9.95E-05,0.000118106,0.842597877,B,7.8
1337,Citalopram hydrobromide,59729-33-8,SH-SY5Y,2,96,4.77E-07,7.55054E-05,9.55989E-05,0.790121862,N,
1338,Dofetilide,115256-11-6,SH-SY5Y,2,96,2.06E-07,0.000146551,0.000147123,0.996501925,B,8.4
1339,Moxifloxacin hydrochloride,186826-86-8,SH-SY5Y,2,96,3.73E-08,0.000149499,0.000149685,0.999143237,A,6
1340,N-acetylpro-cainamide,32795-44-1,SH-SY5Y,2,96,5.13E-08,0.000149801,0.000149826,1.000223384,B,9.2
1341,Quinidine sulfate,50-54-4,SH-SY5Y,2,96,1.70E-06,0.00014314,0.000146948,0.974465125,B,9.3
1342,Sematilide,101526-83-4,SH-SY5Y,2,96,4.88E-08,0.000149792,0.000149814,1.00024813,B,9.1
1343,Sotalol hydrochloride,959-24-0,SH-SY5Y,2,96,3.83E-08,0.000149904,0.000149906,1.000372788,B,9
1344,Mifepristone,84371-65-3,SH-SY5Y,2,96,2.39E-06,7.87E-06,9.75926E-05,0.080694784,N,
1345,Perfluorobutanesulfonic_acid,375-73-5,SH-SY5Y,2,96,3.77E-08,0.000149494,0.000149959,0.997289169,A,-2.9
1346,4_2_Fluorotelomer_sulfonic_acid,757124-72-4,SH-SY5Y,2,96,3.84E-08,0.000149068,0.000149956,0.994466143,A,1.4
1347,Perfluorononanoic_acid,375-95-1,SH-SY5Y,2,96,1.75E-06,5.60E-06,0.000148195,0.037784558,A,0.1
1348,Perfluorohexanoic_acid,307-24-4,SH-SY5Y,2,96,1.71E-07,4.09E-05,0.000149795,0.273349803,A,0.1
1349,Perfluorobutanoic_acid,375-22-4,SH-SY5Y,2,96,3.83E-08,0.000149153,0.000149957,0.995026977,A,0.1
1350,Perfluorooctanoic_acid,335-67-1,SH-SY5Y,2,96,1.66E-07,4.63E-05,0.000149799,0.309464697,A,0.1
1351,6_2_Fluorotelomer_sulfonic_acid,27619-97-2,SH-SY5Y,2,96,6.23E-08,0.000133524,0.000149915,0.891007572,A,1.4
1352,8_2_Fluorotelomer_sulfonic_acid,39108-34-4,SH-SY5Y,2,96,1.70E-07,4.24E-05,0.000149796,0.283396925,A,1.4
1353,Perfluoroundecanoic_acid,2058-94-8,SH-SY5Y,2,96,1.47E-06,6.20E-06,0.000148484,0.041751562,A,0.1
1354,Perfluorooctanesulfonic_acid,1763-23-1,SH-SY5Y,2,96,1.47E-06,6.20E-06,0.000148484,0.041751564,A,-2.9
1355,Perfluoroheptanoic_acid,375-85-9,SH-SY5Y,2,96,1.07E-07,1.00E-04,0.000149859,0.667820351,A,0.1
1356,Perfluoropentanoic_acid,2706-90-3,SH-SY5Y,2,96,4.29E-08,0.000146409,0.000149947,0.976786849,A,0.1
1357,Perfluorohexanesulfonic_acid,355-46-4,SH-SY5Y,2,96,5.15E-08,0.000140903,0.000149932,0.940147416,A,-2.9
1358,Perfluorodecanoic_acid,335-76-2,SH-SY5Y,2,96,2.85E-06,4.21E-06,0.000147085,0.02865571,A,0.1
1359,cyclosporine A,59865-13-3,SH-SY5Y,2,96,3.13E-07,9.18772E-05,0.000104133,0.882653472,N,
1360,chlorpromazine,50-53-3,SH-SY5Y,2,96,6.13E-05,3.19E-05,8.45225E-05,0.377780288,B,9.4
1361,PBDE 47,5436-43-1,SH-SY5Y,2,96,1.15E-05,4.15E-07,0.000105724,0.003929009,N,
1362,PBDE 99,60348-60-9,SH-SY5Y,2,96,1.38E-05,1.52E-07,0.000112954,1.34E-03,N,
1363,PBDE 153,68631-49-2,SH-SY5Y,2,96,1.57E-05,4.45E-08,0.000119762,3.72E-04,N,
1364,amiodarone,1951-25-3,SH-SY5Y,2,96,1.30E-04,4.28E-07,1.79782E-05,2.38E-02,B,9
1365,Azathioprine,446-86-6,SH-SY5Y,2,96,3.69E-08,0.000148335,0.000148354,1.000264661,A,8.2
1366,Benzocaine,94-09-7,SH-SY5Y,2,96,6.75E-08,0.000132164,0.000133459,0.990681691,N,
1367,Butylated hydroxyanisole,25013-16-5,SH-SY5Y,2,96,6.42993E-07,6.19116E-05,9.02681E-05,0.686130849,N,
1368,Cetirizine dihydrochloride,83881-52-1,SH-SY5Y,2,96,3.69E-08,0.000149888,0.000149953,0.999953042,A,4.7
1369,Cyclamate,139-05-9,SH-SY5Y,2,96,3.70E-08,0.000149963,0.000149963,1.000388297,B,17.6
1370,Cyclophosphamide,6055-19-2,SH-SY5Y,2,96,3.86E-08,0.000146087,0.000146165,0.999854725,B,6.1
1371,Cypermethrin,67375-30-8,SH-SY5Y,2,96,1.05E-05,5.92E-07,0.000103054,0.005742934,N,
1372,DEET,134-62-3,SH-SY5Y,2,96,9.98E-08,0.000123823,0.00012649,0.979296352,N,
1373,Dexamethasone,50-02-2,SH-SY5Y,2,96,7.21E-08,0.000130822,0.000132308,0.989154705,N,
1374,Digoxin,20830-75-5,SH-SY5Y,2,96,4.40E-08,0.000141571,0.000141889,0.998152269,N,
1375,Fenazaquin,120928-09-8,SH-SY5Y,2,96,4.69E-06,3.52E-06,9.42859E-05,0.037346358,N,
1376,Fenbuconazole,114369-43-6,SH-SY5Y,2,96,4.98E-07,7.36747E-05,9.47876E-05,0.777564681,N,
1377,Fluazinam,79622-59-6,SH-SY5Y,2,96,1.20E-06,2.96E-05,8.78865E-05,0.337196496,N,
1378,Furosemide,54-31-9,SH-SY5Y,2,96,3.99E-08,0.000148218,0.000149952,0.98881945,A,3
1379,Glybenclamide,10238-21-8,SH-SY5Y,2,96,2.92E-07,1.51E-05,0.00014931,0.101408961,A,5
1380,HC Red 3,2871-01-4,SH-SY5Y,2,96,3.69E-08,0.000148008,0.000148029,1.000249737,N,
1381,Hydralazine hydrochloride,304-20-1,SH-SY5Y,2,96,3.87E-08,0.000145895,0.00014598,0.999808604,B,6
1382,Ketoconazole,65277-42-1,SH-SY5Y,2,96,2.27E-06,1.91E-05,9.51067E-05,0.200580819,B,6.6
1383,Metformin,1115-70-4,SH-SY5Y,2,96,3.68E-08,0.00014996,0.00014996,1.00038909,B,9.6
1384,Metoclopramide,364-62-5,SH-SY5Y,2,96,4.54E-07,0.000147354,0.00014832,0.993875469,B,9
1385,Nitrofurantoin,67-20-9,SH-SY5Y,2,96,3.67E-08,0.000149563,0.000149567,1.000363115,A,7.3
1386,Oxytetracycline hydrochloride,2058-46-0,SH-SY5Y,2,96,3.67E-08,0.000149963,0.000149963,1.000388398,A,4.5
1387,Panthenol,16485-10-2 ,SH-SY5Y,2,96,3.67E-08,0.000149448,0.00014945,1.000378555,N,
1388,Paracetamol,103-90-2,SH-SY5Y,2,96,3.75E-08,0.000146964,0.00014701,1.000075203,N,
1389,Topiramate,97240-79-4,SH-SY5Y,2,96,3.67E-08,0.000149697,0.000149698,1.000386592,A,9.2
1390,Trimellitic anhydride,552-30-7,SH-SY5Y,2,96,3.76E-08,0.000149537,0.000149958,0.997583423,A,3.3
1391,Verapamil hydrochloride,152-11-4,SH-SY5Y,2,96,1.73E-05,7.87E-05,0.000128003,0.615367835,B,9.2
1392,Warfarin,129-06-6,SH-SY5Y,2,96,1.56E-07,0.00011313,0.000118231,0.957225144,N,
1393,Caffeine,58-08-2,HEK293H,2,96,5.26E-08,0.00014844,0.000148453,1.000304038,N,
1394,Lamotrigine,84057-84-1,HEK293H,2,96,8.18E-07,0.000112979,0.000118538,0.953473213,B,6.6
1395,Diclofenac,15307-79-6,HEK293H,2,96,6.09E-08,0.000149931,0.000149938,1.000347876,B,17.6
1396,"2,4-Dichlorophenoxyacetic",94-75-7,HEK293H,2,96,1.52E-07,0.000138437,0.000149828,0.92433327,A,2.7
1397,(S)-Naproxen,22204-53-1,HEK293H,2,96,2.67E-07,0.000123898,0.000149619,0.828413973,A,4.4
1398,Ibuprofen,15687-27-1,HEK293H,2,96,6.30E-07,8.13E-05,0.000148187,0.548829947,A,5.4
1399,Torasemide,56211-40-6,HEK293H,2,96,3.54E-07,1.12E-04,0.000149575,0.750023823,A,4
1400,Warfarin,81-81-2,HEK293H,2,96,1.32E-07,0.000140973,0.000149786,0.941530881,A,4.5
1401,di-n-butylphthalate,84-74-2,HEK293H,2,96,7.90E-06,1.02E-05,9.63518E-05,0.105854763,N,
1402,hexachlorophene,70-30-4,HEK293H,2,96,5.12E-05,5.79E-07,9.17504E-05,6.32E-03,A,6.2
1403,hexamethylenetetramine,100-97-0,HEK293H,2,96,4.80E-08,0.000140798,0.000140799,1.000385801,B,6.4
1404,Malathion,121-75-5,HEK293H,2,96,5.16E-07,0.000117469,0.000121411,0.967913055,N,
1405,pentachlorophenol,87-86-5,HEK293H,2,96,2.14E-06,1.21E-05,0.000147405,0.081965148,A,5
1406,"2,2,2-trichloroethanol",115-20-8,HEK293H,2,96,1.02E-07,0.000129209,0.000129638,0.997078122,N,
1407,diethylphthalate,84-66-2,HEK293H,2,96,5.97E-07,0.000114295,0.000118966,0.961116816,N,
1408,4-chlorophenol,106-48-9,HEK293H,2,96,5.44E-07,0.000116066,0.000120259,0.965509205,N,
1409,permethrin,52645-53-1,HEK293H,2,96,3.76E-05,5.89E-07,8.13383E-05,0.007245657,N,
1410,Aniline,62-53-3,HEK293H,2,96,6.80E-08,0.000143246,0.000143379,0.999464278,N,
1411,4-fluoroaniline,371-40-4,HEK293H,2,96,8.13E-08,0.00014,0.000140239,0.998681172,N,
1412,"2,4,6-trichlorophenol",88-06-2,HEK293H,2,96,1.67E-06,7.21E-05,0.000127755,0.564259849,A,6.8
1413,Allyl alcohol,107-18-6,HEK293H,2,96,5.11E-08,0.000140119,0.00014014,1.000235302,N,
1414,N-methylaniline,100-61-8,HEK293H,2,96,1.44E-07,0.000127437,0.0001282,0.994431355,N,
1415,"3,4-dichloroaniline",95-76-1,HEK293H,2,96,9.37E-07,0.000103008,0.000110802,0.930025578,N,
1416,4-decylaniline,37529-30-9,HEK293H,2,96,3.45E-05,8.22E-07,8.10929E-05,0.01014587,N,
1417,naphthalene,91-20-3,HEK293H,2,96,1.87E-06,5.09E-05,6.82265E-05,0.746223652,N,
1418,"1,2,4-trichlorobenzene",120-82-1,HEK293H,2,96,8.03E-07,4.40E-06,1.26369E-05,0.348332316,N,
1419,"1,2-dichlorobenzene",95-50-1,HEK293H,2,96,3.25E-07,6.56E-06,9.63358E-06,0.680785945,N,
1420,dichloromethane,75-09-2,HEK293H,2,96,7.29E-09,1.13097E-05,1.13345E-05,0.998206451,N,
1421,tetrachloroethylene,127-18-4,HEK293H,2,96,1.13E-07,2.45E-06,3.52E-06,0.696672964,N,
1422,"2,3-dimethyl-1,3-butadiene",513-81-5,HEK293H,2,96,1.87E-09,8.67E-08,1.03E-07,0.838476732,N,
1423,Eugenol F,97-53-0,HEK293H,2,96,4.37E-07,0.000120409,0.000123646,0.974200527,N,
1424,Methyl-antranilate,134-20-3,HEK293H,2,96,2.19E-07,0.000131591,0.000132946,0.99019704,N,
1425,Lilyfore,285977-85-7,HEK293H,2,96,2.31E-06,7.21704E-05,9.33688E-05,0.77326174,N,
1426,Damascone beta,23726-91-2,HEK293H,2,96,6.30E-06,1.71E-05,8.45236E-05,0.202935234,N,
1427,Veloutone,14595-54-1,HEK293H,2,96,1.62E-05,4.38E-06,8.65449E-05,0.050571755,N,
1428,Verdox,82356-51-2,HEK293H,2,96,3.63688E-05,6.39879E-07,8.03386E-05,0.00796788,N,
1429,Nirvanol,1506-02-1,HEK293H,2,96,2.32515E-05,2.35641E-06,8.28938E-05,0.028437992,N,
1430,Cetalox,3738-00-9,HEK293H,2,96,1.60E-05,3.26E-06,7.51911E-05,0.043327129,N,
1431,Tonalide,21145-77-7,HEK293H,2,96,2.33E-05,2.36E-06,8.28938E-05,0.028437992,N,
1432,"2,4-Dinitrophenol",51-28-5,HEK293H,2,96,5.87E-08,0.00014922,0.000149929,0.995653616,A,4.1
1433,Aldrin,309-00-2,HEK293H,2,96,3.70E-05,5.79E-07,8.00041E-05,0.007245657,N,
1434,Azinphos-methyl,86-50-0,HEK293H,2,96,1.04E-06,0.000100306,0.000109105,0.91971443,N,
1435,Chlorpyrifos,2921-88-2,HEK293H,2,96,1.17E-05,6.69E-06,9.0797E-05,0.073737078,N,
1436,"DDD-p,p'",50-29-3,HEK293H,2,96,4.39E-05,2.64E-07,8.24146E-05,0.003201257,N,
1437,"DDT-o,p'",789-02-6,HEK293H,2,96,3.86E-05,5.26E-07,8.14389E-05,0.006455554,N,
1438,"DDT-p,p'",72-54-8,HEK293H,2,96,3.09E-05,1.18E-06,8.12329E-05,0.014475667,N,
1439,Diazinon,333-41-5,HEK293H,2,96,4.61E-06,3.84E-05,8.45525E-05,0.454744329,N,
1440,Dicofol,115-32-2,HEK293H,2,96,1.25E-05,6.20E-06,8.99983E-05,0.068955307,N,
1441,Dieldrin,60-57-1,HEK293H,2,96,1.39E-05,5.44E-06,8.86149E-05,0.061440283,N,
1442,Disulfoton,298-04-4,HEK293H,2,96,5.55E-06,2.83E-05,8.54852E-05,0.331694573,N,
1443,Endosulfan I,115-29-7,HEK293H,2,96,4.70E-06,3.74E-05,8.45259E-05,0.44251938,N,
1444,Endrin,72-20-8,HEK293H,2,96,1.86E-05,3.54E-06,8.50972E-05,0.041634285,N,
1445,Ethion,563-12-2,HEK293H,2,96,1.32E-05,5.81E-06,8.93129E-05,0.065127306,N,
1446,Heptachlor,76-44-8,HEK293H,2,96,3.05E-05,1.22E-06,8.11685E-05,0.014982094,N,
1447,Heptachlor epoxide B,1024-57-3,HEK293H,2,96,1.20E-05,6.53E-06,9.05499E-05,0.072120204,N,
1448,Lindane,58-89-9,HEK293H,2,96,4.17E-06,4.29E-05,8.40855E-05,0.510217563,N,
1449,"Methoxychlor-o,p'",72-43-5,HEK293H,2,96,1.33E-05,5.74E-06,8.91783E-05,0.06437867,N,
1450,Parathion,56-38-2,HEK293H,2,96,4.70E-06,3.74E-05,8.45643E-05,0.44251938,N,
1451,Trifluralin,1582-09-8,HEK293H,2,96,1.71E-05,4.02E-06,8.58478E-05,0.046854026,N,
1452,Cisapride,81098-60-4,HEK293H,2,96,5.42E-06,9.74E-05,0.000115648,0.842597877,B,7.8
1453,Citalopram hydrobromide,59729-33-8,HEK293H,2,96,2.18E-06,7.46473E-05,9.45125E-05,0.790121862,N,
1454,Dofetilide,115256-11-6,HEK293H,2,96,4.20E-07,0.000146341,0.000146912,0.996501925,B,8.4
1455,Moxifloxacin hydrochloride,186826-86-8,HEK293H,2,96,5.43E-08,0.000149482,0.000149668,0.999143237,A,6
1456,N-acetylpro-cainamide,32795-44-1,HEK293H,2,96,8.19E-08,0.000149771,0.000149796,1.000223384,B,9.2
1457,Quinidine sulfate,50-54-4,HEK293H,2,96,3.54E-06,0.000141369,0.00014513,0.974465125,B,9.3
1458,Sematilide,101526-83-4,HEK293H,2,96,7.67E-08,0.000149764,0.000149786,1.00024813,B,9.1
1459,Sotalol hydrochloride,959-24-0,HEK293H,2,96,5.44E-08,0.000149887,0.00014989,1.000372788,B,9
1460,Mifepristone,84371-65-3,HEK293H,2,96,1.07E-05,7.43E-06,9.20799E-05,0.080694784,N,
1461,Perfluorobutanesulfonic_acid,375-73-5,HEK293H,2,96,5.61E-08,0.000149475,0.00014994,0.997289169,A,-2.9
1462,4_2_Fluorotelomer_sulfonic_acid,757124-72-4,HEK293H,2,96,6.04E-08,0.000149047,0.000149934,0.994466143,A,1.4
1463,Perfluorononanoic_acid,375-95-1,HEK293H,2,96,8.28E-06,5.35E-06,0.000141664,0.037784558,A,0.1
1464,Perfluorohexanoic_acid,307-24-4,HEK293H,2,96,8.08E-07,4.08E-05,0.000149158,0.273349803,A,0.1
1465,Perfluorobutanoic_acid,375-22-4,HEK293H,2,96,5.95E-08,0.000149132,0.000149936,0.995026977,A,0.1
1466,Perfluorooctanoic_acid,335-67-1,HEK293H,2,96,7.79E-07,4.61E-05,0.000149186,0.309464697,A,0.1
1467,6_2_Fluorotelomer_sulfonic_acid,27619-97-2,HEK293H,2,96,1.92E-07,0.000133408,0.000149786,0.891007572,A,1.4
1468,8_2_Fluorotelomer_sulfonic_acid,39108-34-4,HEK293H,2,96,8.00E-07,4.23E-05,0.000149165,0.283396925,A,1.4
1469,Perfluoroundecanoic_acid,2058-94-8,HEK293H,2,96,6.98E-06,5.97E-06,0.000142973,0.041751562,A,0.1
1470,Perfluorooctanesulfonic_acid,1763-23-1,HEK293H,2,96,6.98E-06,5.97E-06,0.000142973,0.041751564,A,-2.9
1471,Perfluoroheptanoic_acid,375-85-9,HEK293H,2,96,4.40E-07,9.98E-05,0.000149526,0.667820351,A,0.1
1472,Perfluoropentanoic_acid,2706-90-3,HEK293H,2,96,8.49E-08,0.000146368,0.000149905,0.976786849,A,0.1
1473,Perfluorohexanesulfonic_acid,355-46-4,HEK293H,2,96,1.32E-07,0.000140827,0.000149851,0.940147416,A,-2.9
1474,Perfluorodecanoic_acid,335-76-2,HEK293H,2,96,1.31E-05,3.92E-06,0.000136813,0.02865571,A,0.1
1475,cyclosporine A,59865-13-3,HEK293H,2,96,1.40E-06,9.1211E-05,0.000103378,0.882653472,N,
1476,chlorpromazine,50-53-3,HEK293H,2,96,8.91E-05,2.19E-05,5.8035E-05,0.377780288,B,9.4
1477,PBDE 47,5436-43-1,HEK293H,2,96,4.25E-05,3.22E-07,8.20831E-05,0.003929009,N,
1478,PBDE 99,60348-60-9,HEK293H,2,96,4.88E-05,1.13E-07,8.39252E-05,1.34E-03,N,
1479,PBDE 153,68631-49-2,HEK293H,2,96,5.36E-05,3.20E-08,8.59317E-05,3.72E-04,N,
1480,amiodarone,1951-25-3,HEK293H,2,96,1.40E-04,2.17E-07,9.10047E-06,2.38E-02,B,9
1481,Azathioprine,446-86-6,HEK293H,2,96,5.32E-08,0.000148319,0.000148338,1.000264661,A,8.2
1482,Benzocaine,94-09-7,HEK293H,2,96,2.12E-07,0.000132037,0.000133331,0.990681691,N,
1483,Butylated hydroxyanisole,25013-16-5,HEK293H,2,96,2.95545E-06,6.09531E-05,8.88705E-05,0.686130849,N,
1484,Cetirizine dihydrochloride,83881-52-1,HEK293H,2,96,5.19E-08,0.000149873,0.000149938,0.999953042,A,4.7
1485,Cyclamate,139-05-9,HEK293H,2,96,5.15E-08,0.000149948,0.000149948,1.000388297,B,17.6
1486,Cyclophosphamide,6055-19-2,HEK293H,2,96,6.21E-08,0.000146064,0.000146142,0.999854725,B,6.1
1487,Cypermethrin,67375-30-8,HEK293H,2,96,3.96E-05,4.68E-07,8.15735E-05,0.005742934,N,
1488,DEET,134-62-3,HEK293H,2,96,3.71E-07,0.000123599,0.000126261,0.979296352,N,
1489,Dexamethasone,50-02-2,HEK293H,2,96,2.34E-07,0.00013068,0.000132165,0.989154705,N,
1490,Digoxin,20830-75-5,HEK293H,2,96,9.22E-08,0.000141526,0.000141843,0.998152269,N,
1491,Fenazaquin,120928-09-8,HEK293H,2,96,1.99E-05,3.15E-06,8.43842E-05,0.037346358,N,
1492,Fenbuconazole,114369-43-6,HEK293H,2,96,2.27E-06,7.27992E-05,9.36612E-05,0.777564681,N,
1493,Fluazinam,79622-59-6,HEK293H,2,96,5.50E-06,2.88E-05,8.53451E-05,0.337196496,N,
1494,Furosemide,54-31-9,HEK293H,2,96,6.85E-08,0.000148189,0.000149923,0.98881945,A,3
1495,Glybenclamide,10238-21-8,HEK293H,2,96,1.42E-06,1.50E-05,0.000148185,0.101408961,A,5
1496,HC Red 3,2871-01-4,HEK293H,2,96,5.37E-08,0.000147992,0.000148012,1.000249737,N,
1497,Hydralazine hydrochloride,304-20-1,HEK293H,2,96,6.28E-08,0.000145871,0.000145956,0.999808604,B,6
1498,Ketoconazole,65277-42-1,HEK293H,2,96,8.08E-06,1.83E-05,9.13692E-05,0.200580819,B,6.6
1499,Metformin,1115-70-4,HEK293H,2,96,5.13E-08,0.000149945,0.000149945,1.00038909,B,9.6
1500,Metoclopramide,364-62-5,HEK293H,2,96,9.37E-07,0.000146878,0.000147841,0.993875469,B,9
1501,Nitrofurantoin,67-20-9,HEK293H,2,96,5.13E-08,0.000149549,0.000149553,1.000363115,A,7.3
1502,Oxytetracycline hydrochloride,2058-46-0,HEK293H,2,96,5.10E-08,0.000149948,0.000149949,1.000388398,A,4.5
1503,Panthenol,16485-10-2 ,HEK293H,2,96,5.12E-08,0.000149434,0.000149435,1.000378555,N,
1504,Paracetamol,103-90-2,HEK293H,2,96,5.71E-08,0.000146945,0.000146991,1.000075203,N,
1505,Topiramate,97240-79-4,HEK293H,2,96,5.10E-08,0.000149683,0.000149683,1.000386592,A,9.2
1506,Trimellitic anhydride,552-30-7,HEK293H,2,96,5.57E-08,0.000149519,0.00014994,0.997583423,A,3.3
1507,Verapamil hydrochloride,152-11-4,HEK293H,2,96,3.24E-05,6.98E-05,0.000113394,0.615367835,B,9.2
1508,Warfarin,129-06-6,HEK293H,2,96,6.43E-07,0.000112762,0.000117847,0.957225144,N,
1509,Caffeine,58-08-2,Rat cerebellar granule cell,20,96,5.72E-08,0.000148316,0.000148444,1.003048724,N,
1510,Lamotrigine,84057-84-1,Rat cerebellar granule cell,20,96,1.31E-05,7.75E-05,0.000115792,0.672055828,B,6.6
1511,Diclofenac,15307-79-6,Rat cerebellar granule cell,20,96,1.55E-07,0.000149781,0.000149844,1.00348969,B,17.6
1512,"2,4-Dichlorophenoxyacetic",94-75-7,Rat cerebellar granule cell,20,96,2.16E-06,8.10E-05,0.000147829,0.549870884,A,2.7
1513,(S)-Naproxen,22204-53-1,Rat cerebellar granule cell,20,96,3.05E-06,4.76E-05,0.000146904,0.325599324,A,4.4
1514,Ibuprofen,15687-27-1,Rat cerebellar granule cell,20,96,4.01E-06,1.57E-05,0.000145764,0.108453046,A,5.4
1515,Torasemide,56211-40-6,Rat cerebellar granule cell,20,96,3.35E-06,3.37E-05,0.000146633,0.230791787,A,4
1516,Warfarin,81-81-2,Rat cerebellar granule cell,20,96,1.90E-06,9.10E-05,0.000148045,0.616902939,A,4.5
1517,di-n-butylphthalate,84-74-2,Rat cerebellar granule cell,20,96,2.89E-05,1.34E-06,0.000115042,0.01170014,N,
1518,hexachlorophene,70-30-4,Rat cerebellar granule cell,20,96,9.58E-05,3.40E-08,5.37513E-05,6.35E-04,A,6.2
1519,hexamethylenetetramine,100-97-0,Rat cerebellar granule cell,20,96,3.93E-09,0.000140804,0.00014081,1.003871452,B,6.4
1520,Malathion,121-75-5,Rat cerebellar granule cell,20,96,9.92E-06,8.89E-05,0.00011877,0.751029015,N,
1521,pentachlorophenol,87-86-5,Rat cerebellar granule cell,20,96,7.75E-06,1.25E-06,0.0001422,0.008849317,A,5
1522,"2,2,2-trichloroethanol",115-20-8,Rat cerebellar granule cell,20,96,1.54E-06,0.000124681,0.000128837,0.971529898,N,
1523,diethylphthalate,84-66-2,Rat cerebellar granule cell,20,96,1.11E-05,8.28E-05,0.000116731,0.71196546,N,
1524,4-chlorophenol,106-48-9,Rat cerebellar granule cell,20,96,1.04E-05,8.65E-05,0.000117815,0.736795306,N,
1525,permethrin,52645-53-1,Rat cerebellar granule cell,20,96,8.35E-05,4.65E-08,6.40337E-05,0.000729322,N,
1526,Aniline,62-53-3,Rat cerebellar granule cell,20,96,5.21E-07,0.000141659,0.000142976,0.994668488,N,
1527,4-fluoroaniline,371-40-4,Rat cerebellar granule cell,20,96,9.04E-07,0.000137219,0.000139575,0.986966426,N,
1528,"2,4,6-trichlorophenol",88-06-2,Rat cerebellar granule cell,20,96,1.04E-05,1.54E-05,0.000135225,0.114648247,A,6.8
1529,Allyl alcohol,107-18-6,Rat cerebellar granule cell,20,96,9.39E-08,0.000139864,0.000140081,1.002358012,N,
1530,N-methylaniline,100-61-8,Rat cerebellar granule cell,20,96,2.60E-06,0.000119772,0.000126974,0.946971232,N,
1531,"3,4-dichloroaniline",95-76-1,Rat cerebellar granule cell,20,96,1.53E-05,6.32E-05,0.000111175,0.570648432,N,
1532,4-decylaniline,37529-30-9,Rat cerebellar granule cell,20,96,8.03E-05,6.82E-08,6.68302E-05,0.001023937,N,
1533,naphthalene,91-20-3,Rat cerebellar granule cell,20,96,2.16E-05,2.14E-05,9.46672E-05,0.227230992,N,
1534,"1,2,4-trichlorobenzene",120-82-1,Rat cerebellar granule cell,20,96,1.36E-05,2.68E-06,5.3008E-05,0.050740255,N,
1535,"1,2-dichlorobenzene",95-50-1,Rat cerebellar granule cell,20,96,7.18E-06,5.26E-06,3.00459E-05,0.175780755,N,
1536,dichloromethane,75-09-2,Rat cerebellar granule cell,20,96,9.37E-08,1.12498E-05,1.14968E-05,0.982349427,N,
1537,tetrachloroethylene,127-18-4,Rat cerebellar granule cell,20,96,2.87E-06,2.25E-06,1.2108E-05,0.186778431,N,
1538,"2,3-dimethyl-1,3-butadiene",513-81-5,Rat cerebellar granule cell,20,96,5.07E-08,8.63E-08,2.54E-07,0.341718023,N,
1539,Eugenol F,97-53-0,Rat cerebellar granule cell,20,96,8.61E-06,9.52E-05,0.000120836,0.790621879,N,
1540,Methyl-antranilate,134-20-3,Rat cerebellar granule cell,20,96,4.30E-06,0.000118295,0.000130515,0.909918026,N,
1541,Lilyfore,285977-85-7,Rat cerebellar granule cell,20,96,2.35E-05,2.69E-05,0.000106159,0.254308513,N,
1542,Damascone beta,23726-91-2,Rat cerebellar granule cell,20,96,2.83E-05,2.77E-06,0.000112107,0.024828186,N,
1543,Veloutone,14595-54-1,Rat cerebellar granule cell,20,96,5.11E-05,4.94E-07,9.35747E-05,0.005298327,N,
1544,Verdox,82356-51-2,Rat cerebellar granule cell,20,96,8.25988E-05,5.17226E-08,6.47006E-05,0.000802543,N,
1545,Nirvanol,1506-02-1,Rat cerebellar granule cell,20,96,6.48562E-05,2.34776E-07,8.07591E-05,0.002918496,N,
1546,Cetalox,3738-00-9,Rat cerebellar granule cell,20,96,5.44E-05,3.97E-07,8.84226E-05,0.00450852,N,
1547,Tonalide,21145-77-7,Rat cerebellar granule cell,20,96,6.49E-05,2.35E-07,8.07591E-05,0.002918496,N,
1548,"2,4-Dinitrophenol",51-28-5,Rat cerebellar granule cell,20,96,2.67E-07,0.0001429,0.000149722,0.958172353,A,4.1
1549,Aldrin,309-00-2,Rat cerebellar granule cell,20,96,8.34E-05,4.65E-08,6.39492E-05,0.000729322,N,
1550,Azinphos-methyl,86-50-0,Rat cerebellar granule cell,20,96,1.63E-05,5.87E-05,0.000110301,0.533919875,N,
1551,Chlorpyrifos,2921-88-2,Rat cerebellar granule cell,20,96,4.01E-05,8.19E-07,0.000104107,0.007897835,N,
1552,"DDD-p,p'",50-29-3,Rat cerebellar granule cell,20,96,8.89E-05,1.90E-08,5.9361E-05,3.21E-04,N,
1553,"DDT-o,p'",789-02-6,Rat cerebellar granule cell,20,96,8.45E-05,4.09E-08,6.32103E-05,6.49E-04,N,
1554,"DDT-p,p'",72-54-8,Rat cerebellar granule cell,20,96,7.61E-05,1.03E-07,7.05786E-05,0.001466675,N,
1555,Diazinon,333-41-5,Rat cerebellar granule cell,20,96,2.77E-05,8.36E-06,0.000108985,0.07698005,N,
1556,Dicofol,115-32-2,Rat cerebellar granule cell,20,96,4.21E-05,7.48E-07,0.000102148,0.007351781,N,
1557,Dieldrin,60-57-1,Rat cerebellar granule cell,20,96,4.55E-05,6.40E-07,9.88449E-05,0.006503656,N,
1558,Disulfoton,298-04-4,Rat cerebellar granule cell,20,96,2.83E-05,5.22E-06,0.000110793,0.04728531,N,
1559,Endosulfan I,115-29-7,Rat cerebellar granule cell,20,96,2.78E-05,8.00E-06,0.000109147,0.073540874,N,
1560,Endrin,72-20-8,Rat cerebellar granule cell,20,96,5.62E-05,3.83E-07,8.87889E-05,0.004325509,N,
1561,Ethion,563-12-2,Rat cerebellar granule cell,20,96,4.38E-05,6.93E-07,0.0001005,0.00691824,N,
1562,Heptachlor,76-44-8,Rat cerebellar granule cell,20,96,7.56E-05,1.07E-07,7.09845E-05,0.001518687,N,
1563,Heptachlor epoxide B,1024-57-3,Rat cerebellar granule cell,20,96,4.07E-05,7.95E-07,0.000103459,0.007712633,N,
1564,Lindane,58-89-9,Rat cerebellar granule cell,20,96,2.73E-05,1.02E-05,0.000108031,0.094344232,N,
1565,"Methoxychlor-o,p'",72-43-5,Rat cerebellar granule cell,20,96,4.42E-05,6.82E-07,0.00010017,0.006833824,N,
1566,Parathion,56-38-2,Rat cerebellar granule cell,20,96,2.78E-05,8.00E-06,0.000109157,0.073540874,N,
1567,Trifluralin,1582-09-8,Rat cerebellar granule cell,20,96,5.31E-05,4.46E-07,9.16295E-05,0.004891678,N,
1568,Cisapride,81098-60-4,Rat cerebellar granule cell,20,96,3.47E-05,3.63E-05,0.00010451,0.348668052,B,7.8
1569,Citalopram hydrobromide,59729-33-8,Rat cerebellar granule cell,20,96,2.31E-05,2.89E-05,0.000106209,0.273502363,N,
1570,Dofetilide,115256-11-6,Rat cerebellar granule cell,20,96,5.52E-06,1.37E-04,0.000141977,0.966086922,B,8.4
1571,Moxifloxacin hydrochloride,186826-86-8,Rat cerebellar granule cell,20,96,1.11E-07,0.000147764,0.000149614,0.991497925,A,6
1572,N-acetylpro-cainamide,32795-44-1,Rat cerebellar granule cell,20,96,4.82E-07,0.000149147,0.000149396,1.002238337,B,9.2
1573,Quinidine sulfate,50-54-4,Rat cerebellar granule cell,20,96,3.48E-05,9.03E-05,0.000114363,0.792367969,B,9.3
1574,Sematilide,101526-83-4,Rat cerebellar granule cell,20,96,4.01E-07,0.000149248,0.000149461,1.002486851,B,9.1
1575,Sotalol hydrochloride,959-24-0,Rat cerebellar granule cell,20,96,5.42E-08,0.000149864,0.00014989,1.003740425,B,9
1576,Mifepristone,84371-65-3,Rat cerebellar granule cell,20,96,3.73E-05,9.26E-07,0.000106805,0.008701422,N,
1577,Perfluorobutanesulfonic_acid,375-73-5,Rat cerebellar granule cell,20,96,1.82E-07,0.000145282,0.000149815,0.973537317,A,-2.9
1578,4_2_Fluorotelomer_sulfonic_acid,757124-72-4,Rat cerebellar granule cell,20,96,3.24E-07,0.000141229,0.000149671,0.947286791,A,1.4
1579,Perfluorononanoic_acid,375-95-1,Rat cerebellar granule cell,20,96,2.64E-05,4.82E-07,0.000123642,0.00391147,A,0.1
1580,Perfluorohexanoic_acid,307-24-4,Rat cerebellar granule cell,20,96,3.64E-06,5.29E-06,0.000146355,0.036254002,A,0.1
1581,Perfluorobutanoic_acid,375-22-4,Rat cerebellar granule cell,20,96,2.97E-07,0.000142017,0.000149699,0.9524002,A,0.1
1582,Perfluorooctanoic_acid,335-67-1,Rat cerebellar granule cell,20,96,3.66E-06,6.25E-06,0.000146339,0.042892934,A,0.1
1583,6_2_Fluorotelomer_sulfonic_acid,27619-97-2,Rat cerebellar granule cell,20,96,2.56E-06,6.61E-05,0.000147428,0.449792138,A,1.4
1584,8_2_Fluorotelomer_sulfonic_acid,39108-34-4,Rat cerebellar granule cell,20,96,3.65E-06,5.55E-06,0.00014635,0.038042778,A,1.4
1585,Perfluoroundecanoic_acid,2058-94-8,Rat cerebellar granule cell,20,96,2.27E-05,5.50E-07,0.000127273,0.004338169,A,0.1
1586,Perfluorooctanesulfonic_acid,1763-23-1,Rat cerebellar granule cell,20,96,2.27E-05,5.50E-07,0.000127273,0.004338169,A,-2.9
1587,Perfluoroheptanoic_acid,375-85-9,Rat cerebellar granule cell,20,96,3.51E-06,2.44E-05,0.000146482,0.167389596,A,0.1
1588,Perfluoropentanoic_acid,2706-90-3,Rat cerebellar granule cell,20,96,1.02E-06,1.20E-04,0.000148975,0.807984127,A,0.1
1589,Perfluorohexanesulfonic_acid,355-46-4,Rat cerebellar granule cell,20,96,1.90E-06,9.01E-05,0.000148087,0.611011736,A,-2.9
1590,Perfluorodecanoic_acid,335-76-2,Rat cerebellar granule cell,20,96,3.86E-05,3.26E-07,0.000111365,0.002941431,A,0.1
1591,cyclosporine A,59865-13-3,Rat cerebellar granule cell,20,96,1.91E-05,4.62E-05,0.000107935,0.429281369,N,
1592,chlorpromazine,50-53-3,Rat cerebellar granule cell,20,96,1.17E-04,1.85E-06,3.2434E-05,0.057239633,B,9.4
1593,PBDE 47,5436-43-1,Rat cerebellar granule cell,20,96,8.78E-05,2.37E-08,6.03095E-05,3.94E-04,N,
1594,PBDE 99,60348-60-9,Rat cerebellar granule cell,20,96,9.24E-05,7.56E-09,5.64489E-05,1.34E-04,N,
1595,PBDE 153,68631-49-2,Rat cerebellar granule cell,20,96,9.52E-05,2.01E-09,5.41111E-05,3.72E-05,N,
1596,amiodarone,1951-25-3,Rat cerebellar granule cell,20,96,1.44E-04,1.42E-08,5.87608E-06,2.43E-03,B,9
1597,Azathioprine,446-86-6,Rat cerebellar granule cell,20,96,7.41E-08,0.000148127,0.000148313,1.002652934,A,8.2
1598,Benzocaine,94-09-7,Rat cerebellar granule cell,20,96,4.13E-06,0.000119228,0.000130953,0.914027016,N,
1599,Butylated hydroxyanisole,25013-16-5,Rat cerebellar granule cell,20,96,2.53517E-05,1.90185E-05,0.000106433,0.179388945,N,
1600,Cetirizine dihydrochloride,83881-52-1,Rat cerebellar granule cell,20,96,3.12E-08,0.000149304,0.000149959,0.999530617,A,4.7
1601,Cyclamate,139-05-9,Rat cerebellar granule cell,20,96,8.54E-09,0.000149989,0.000149991,1.003896591,B,17.6
1602,Cyclophosphamide,6055-19-2,Rat cerebellar granule cell,20,96,3.22E-07,0.000145114,0.000145894,0.998549143,B,6.1
1603,Cypermethrin,67375-30-8,Rat cerebellar granule cell,20,96,8.53E-05,3.59E-08,6.24394E-05,5.77E-04,N,
1604,DEET,134-62-3,Rat cerebellar granule cell,20,96,7.43E-06,1.01E-04,0.000123328,0.825481961,N,
1605,Dexamethasone,50-02-2,Rat cerebellar granule cell,20,96,4.64E-06,0.000116366,0.00012963,0.901191512,N,
1606,Digoxin,20830-75-5,Rat cerebellar granule cell,20,96,1.17E-06,0.000137841,0.000140943,0.981824932,N,
1607,Fenazaquin,120928-09-8,Rat cerebellar granule cell,20,96,5.89E-05,3.32E-07,8.63159E-05,0.003864529,N,
1608,Fenbuconazole,114369-43-6,Rat cerebellar granule cell,20,96,2.34E-05,2.74E-05,0.000106172,0.259022637,N,
1609,Fluazinam,79622-59-6,Rat cerebellar granule cell,20,96,2.83E-05,5.34E-06,0.000110694,0.048411384,N,
1610,Furosemide,54-31-9,Rat cerebellar granule cell,20,96,5.76E-07,0.000133715,0.000149417,0.898416352,A,3
1611,Glybenclamide,10238-21-8,Rat cerebellar granule cell,20,96,5.29E-06,1.61E-06,0.000144669,0.011159392,A,5
1612,HC Red 3,2871-01-4,Rat cerebellar granule cell,20,96,9.04E-08,0.000147764,0.000147972,1.002502993,N,
1613,Hydralazine hydrochloride,304-20-1,Rat cerebellar granule cell,20,96,3.47E-07,0.000144842,0.000145687,0.998089327,B,6
1614,Ketoconazole,65277-42-1,Rat cerebellar granule cell,20,96,2.99E-05,2.74E-06,0.000112548,0.024476679,B,6.6
1615,Metformin,1115-70-4,Rat cerebellar granule cell,20,96,4.87E-09,0.00014999,0.000149992,1.003904573,B,9.6
1616,Metoclopramide,364-62-5,Rat cerebellar granule cell,20,96,1.21E-05,1.28E-04,0.000136791,0.941954217,B,9
1617,Nitrofurantoin,67-20-9,Rat cerebellar granule cell,20,96,1.18E-08,0.000149551,0.000149591,1.003643055,A,7.3
1618,Oxytetracycline hydrochloride,2058-46-0,Rat cerebellar granule cell,20,96,1.08E-09,0.000149996,0.000149999,1.003897602,A,4.5
1619,Panthenol,16485-10-2 ,Rat cerebellar granule cell,20,96,9.15E-09,0.000149458,0.000149476,1.003798496,N,
1620,Paracetamol,103-90-2,Rat cerebellar granule cell,20,96,1.93E-07,0.000146393,0.000146856,1.000752536,N,
1621,Topiramate,97240-79-4,Rat cerebellar granule cell,20,96,3.47E-09,0.000149725,0.00014973,1.003879421,A,9.2
1622,Trimellitic anhydride,552-30-7,Rat cerebellar granule cell,20,96,1.66E-07,0.000145716,0.00014983,0.976348624,A,3.3
1623,Verapamil hydrochloride,152-11-4,Rat cerebellar granule cell,20,96,7.46E-05,1.03E-05,7.48127E-05,0.137922605,B,9.2
1624,Warfarin,129-06-6,Rat cerebellar granule cell,20,96,1.18E-05,7.98E-05,0.000115844,0.69115041,N,
1625,Caffeine,58-08-2,Balbc_3T3,20,96,3.68E-08,0.000148336,0.000148464,1.003048724,N,
1626,Lamotrigine,84057-84-1,Balbc_3T3,20,96,1.93E-06,8.38E-05,0.000125246,0.672055828,B,6.6
1627,Diclofenac,15307-79-6,Balbc_3T3,20,96,5.16E-08,0.000149884,0.000149947,1.00348969,B,17.6
1628,"2,4-Dichlorophenoxyacetic",94-75-7,Balbc_3T3,20,96,2.70E-07,8.20E-05,0.000149718,0.549870884,A,2.7
1629,(S)-Naproxen,22204-53-1,Balbc_3T3,20,96,3.71E-07,4.85E-05,0.000149584,0.325599324,A,4.4
1630,Ibuprofen,15687-27-1,Balbc_3T3,20,96,4.87E-07,1.61E-05,0.000149278,0.108453046,A,5.4
1631,Torasemide,56211-40-6,Balbc_3T3,20,96,4.03E-07,3.44E-05,0.000149575,0.230791787,A,4
1632,Warfarin,81-81-2,Balbc_3T3,20,96,2.42E-07,9.20E-05,0.000149704,0.616902939,A,4.5
1633,di-n-butylphthalate,84-74-2,Balbc_3T3,20,96,4.58E-06,1.61E-06,0.000138173,0.01170014,N,
1634,hexachlorophene,70-30-4,Balbc_3T3,20,96,2.67E-05,7.74E-08,0.00012235,6.35E-04,A,6.2
1635,hexamethylenetetramine,100-97-0,Balbc_3T3,20,96,2.82E-08,0.000140782,0.000140787,1.003871452,B,6.4
1636,Malathion,121-75-5,Balbc_3T3,20,96,1.41E-06,9.42E-05,0.000125984,0.751029015,N,
1637,pentachlorophenol,87-86-5,Balbc_3T3,20,96,9.50E-07,1.31E-06,0.000149001,0.008849317,A,5
1638,"2,2,2-trichloroethanol",115-20-8,Balbc_3T3,20,96,2.32E-07,0.000125783,0.000129976,0.971529898,N,
1639,diethylphthalate,84-66-2,Balbc_3T3,20,96,1.60E-06,8.85E-05,0.000124759,0.71196546,N,
1640,4-chlorophenol,106-48-9,Balbc_3T3,20,96,1.48E-06,9.20E-05,0.000125306,0.736795306,N,
1641,permethrin,52645-53-1,Balbc_3T3,20,96,2.12E-05,9.01E-08,0.000124039,0.000729322,N,
1642,Aniline,62-53-3,Balbc_3T3,20,96,9.74E-08,0.00014206,0.000143381,0.994668488,N,
1643,4-fluoroaniline,371-40-4,Balbc_3T3,20,96,1.48E-07,0.000137915,0.000140283,0.986966426,N,
1644,"2,4,6-trichlorophenol",88-06-2,Balbc_3T3,20,96,1.41E-06,1.64E-05,0.000143879,0.114648247,A,6.8
1645,Allyl alcohol,107-18-6,Balbc_3T3,20,96,4.00E-08,0.000139914,0.000140131,1.002358012,N,
1646,N-methylaniline,100-61-8,Balbc_3T3,20,96,3.75E-07,0.000121582,0.000128892,0.946971232,N,
1647,"3,4-dichloroaniline",95-76-1,Balbc_3T3,20,96,2.23E-06,6.93E-05,0.000121934,0.570648432,N,
1648,4-decylaniline,37529-30-9,Balbc_3T3,20,96,1.97E-05,1.27E-07,0.000124962,0.001023937,N,
1649,naphthalene,91-20-3,Balbc_3T3,20,96,3.26E-06,2.45E-05,0.000108163,0.227230992,N,
1650,"1,2,4-trichlorobenzene",120-82-1,Balbc_3T3,20,96,1.94E-06,2.91E-06,5.75181E-05,0.050740255,N,
1651,"1,2-dichlorobenzene",95-50-1,Balbc_3T3,20,96,9.91E-07,5.49E-06,3.13477E-05,0.175780755,N,
1652,dichloromethane,75-09-2,Balbc_3T3,20,96,1.47E-08,1.12558E-05,1.15028E-05,0.982349427,N,
1653,tetrachloroethylene,127-18-4,Balbc_3T3,20,96,3.86E-07,2.29E-06,1.23121E-05,0.186778431,N,
1654,"2,3-dimethyl-1,3-butadiene",513-81-5,Balbc_3T3,20,96,6.73E-09,8.63E-08,2.54E-07,0.341718023,N,
1655,Eugenol F,97-53-0,Balbc_3T3,20,96,1.22E-06,1.00E-04,0.00012715,0.790621879,N,
1656,Methyl-antranilate,134-20-3,Balbc_3T3,20,96,6.09E-07,0.00012129,0.000133819,0.909918026,N,
1657,Lilyfore,285977-85-7,Balbc_3T3,20,96,3.61E-06,3.11E-05,0.00012288,0.254308513,N,
1658,Damascone beta,23726-91-2,Balbc_3T3,20,96,4.46E-06,3.32E-06,0.000134057,0.024828186,N,
1659,Veloutone,14595-54-1,Balbc_3T3,20,96,9.53E-06,7.01E-07,0.000132865,0.005298327,N,
1660,Verdox,82356-51-2,Balbc_3T3,20,96,2.07582E-05,9.91781E-08,0.000124063,0.000802543,N,
1661,Nirvanol,1506-02-1,Balbc_3T3,20,96,1.36404E-05,3.75999E-07,0.000129337,0.002918496,N,
1662,Cetalox,3738-00-9,Balbc_3T3,20,96,1.04E-05,5.80E-07,0.000129057,0.00450852,N,
1663,Tonalide,21145-77-7,Balbc_3T3,20,96,1.36E-05,3.76E-07,0.000129337,0.002918496,N,
1664,"2,4-Dinitrophenol",51-28-5,Balbc_3T3,20,96,5.92E-08,0.000143098,0.000149929,0.958172353,A,4.1
1665,Aldrin,309-00-2,Balbc_3T3,20,96,2.11E-05,8.99E-08,0.000123722,0.000729322,N,
1666,Azinphos-methyl,86-50-0,Balbc_3T3,20,96,2.40E-06,6.48E-05,0.000121781,0.533919875,N,
1667,Chlorpyrifos,2921-88-2,Balbc_3T3,20,96,6.86E-06,1.07E-06,0.000135546,0.007897835,N,
1668,"DDD-p,p'",50-29-3,Balbc_3T3,20,96,2.40E-05,3.92E-08,0.000122453,3.21E-04,N,
1669,"DDT-o,p'",789-02-6,Balbc_3T3,20,96,2.17E-05,8.00E-08,0.000123758,6.49E-04,N,
1670,"DDT-p,p'",72-54-8,Balbc_3T3,20,96,1.78E-05,1.84E-07,0.000126196,0.001466675,N,
1671,Diazinon,333-41-5,Balbc_3T3,20,96,4.36E-06,9.95E-06,0.000129824,0.07698005,N,
1672,Dicofol,115-32-2,Balbc_3T3,20,96,7.33E-06,9.89E-07,0.000135076,0.007351781,N,
1673,Dieldrin,60-57-1,Balbc_3T3,20,96,8.14E-06,8.70E-07,0.000134244,0.006503656,N,
1674,Disulfoton,298-04-4,Balbc_3T3,20,96,4.47E-06,6.24E-06,0.000132502,0.04728531,N,
1675,Endosulfan I,115-29-7,Balbc_3T3,20,96,4.38E-06,9.53E-06,0.00013008,0.073540874,N,
1676,Endrin,72-20-8,Balbc_3T3,20,96,1.09E-05,5.67E-07,0.000131614,0.004325509,N,
1677,Ethion,563-12-2,Balbc_3T3,20,96,7.72E-06,9.28E-07,0.000134667,0.00691824,N,
1678,Heptachlor,76-44-8,Balbc_3T3,20,96,1.77E-05,1.91E-07,0.000126305,0.001518687,N,
1679,Heptachlor epoxide B,1024-57-3,Balbc_3T3,20,96,7.02E-06,1.04E-06,0.000135396,0.007712633,N,
1680,Lindane,58-89-9,Balbc_3T3,20,96,4.28E-06,1.21E-05,0.000128297,0.094344232,N,
1681,"Methoxychlor-o,p'",72-43-5,Balbc_3T3,20,96,7.81E-06,9.16E-07,0.000134584,0.006833824,N,
1682,Parathion,56-38-2,Balbc_3T3,20,96,4.38E-06,9.53E-06,0.000130095,0.073540874,N,
1683,Trifluralin,1582-09-8,Balbc_3T3,20,96,1.01E-05,6.45E-07,0.000132343,0.004891678,N,
1684,Cisapride,81098-60-4,Balbc_3T3,20,96,6.19E-06,4.53E-05,0.00013032,0.348668052,B,7.8
1685,Citalopram hydrobromide,59729-33-8,Balbc_3T3,20,96,3.52E-06,3.34E-05,0.000122548,0.273502363,N,
1686,Dofetilide,115256-11-6,Balbc_3T3,20,96,8.46E-07,1.41E-04,0.000146573,0.966086922,B,8.4
1687,Moxifloxacin hydrochloride,186826-86-8,Balbc_3T3,20,96,4.25E-08,0.000147831,0.000149682,0.991497925,A,6
1688,N-acetylpro-cainamide,32795-44-1,Balbc_3T3,20,96,9.85E-08,0.000149529,0.000149779,1.002238337,B,9.2
1689,Quinidine sulfate,50-54-4,Balbc_3T3,20,96,6.23E-06,1.13E-04,0.000142702,0.792367969,B,9.3
1690,Sematilide,101526-83-4,Balbc_3T3,20,96,8.70E-08,0.000149562,0.000149775,1.002486851,B,9.1
1691,Sotalol hydrochloride,959-24-0,Balbc_3T3,20,96,3.72E-08,0.000149881,0.000149907,1.003740425,B,9
1692,Mifepristone,84371-65-3,Balbc_3T3,20,96,6.26E-06,1.18E-06,0.000136213,0.008701422,N,
1693,Perfluorobutanesulfonic_acid,375-73-5,Balbc_3T3,20,96,4.97E-08,0.00014541,0.000149947,0.973537317,A,-2.9
1694,4_2_Fluorotelomer_sulfonic_acid,757124-72-4,Balbc_3T3,20,96,6.55E-08,0.000141473,0.00014993,0.947286791,A,1.4
1695,Perfluorononanoic_acid,375-95-1,Balbc_3T3,20,96,3.62E-06,5.70E-07,0.000146371,0.00391147,A,0.1
1696,Perfluorohexanoic_acid,307-24-4,Balbc_3T3,20,96,4.33E-07,5.40E-06,0.000149562,0.036254002,A,0.1
1697,Perfluorobutanoic_acid,375-22-4,Balbc_3T3,20,96,6.24E-08,0.000142239,0.000149933,0.9524002,A,0.1
1698,Perfluorooctanoic_acid,335-67-1,Balbc_3T3,20,96,4.35E-07,6.39E-06,0.00014956,0.042892934,A,0.1
1699,6_2_Fluorotelomer_sulfonic_acid,27619-97-2,Balbc_3T3,20,96,3.15E-07,6.71E-05,0.000149674,0.449792138,A,1.4
1700,8_2_Fluorotelomer_sulfonic_acid,39108-34-4,Balbc_3T3,20,96,4.34E-07,5.67E-06,0.000149562,0.038042778,A,1.4
1701,Perfluoroundecanoic_acid,2058-94-8,Balbc_3T3,20,96,3.05E-06,6.35E-07,0.000146947,0.004338169,A,0.1
1702,Perfluorooctanesulfonic_acid,1763-23-1,Balbc_3T3,20,96,3.05E-06,6.35E-07,0.000146948,0.004338169,A,-2.9
1703,Perfluoroheptanoic_acid,375-85-9,Balbc_3T3,20,96,4.21E-07,2.49E-05,0.00014957,0.167389596,A,0.1
1704,Perfluoropentanoic_acid,2706-90-3,Balbc_3T3,20,96,1.42E-07,1.21E-04,0.000149849,0.807984127,A,0.1
1705,Perfluorohexanesulfonic_acid,355-46-4,Balbc_3T3,20,96,2.41E-07,9.11E-05,0.000149748,0.611011736,A,-2.9
1706,Perfluorodecanoic_acid,335-76-2,Balbc_3T3,20,96,5.81E-06,4.22E-07,0.000144185,0.002941431,A,0.1
1707,cyclosporine A,59865-13-3,Balbc_3T3,20,96,2.85E-06,5.19E-05,0.000121333,0.429281369,N,
1708,chlorpromazine,50-53-3,Balbc_3T3,20,96,5.09E-05,5.61E-06,9.83706E-05,0.057239633,B,9.4
1709,PBDE 47,5436-43-1,Balbc_3T3,20,96,2.34E-05,4.82E-08,0.000122772,3.94E-04,N,
1710,PBDE 99,60348-60-9,Balbc_3T3,20,96,2.60E-05,1.63E-08,0.000121494,1.34E-04,N,
1711,PBDE 153,68631-49-2,Balbc_3T3,20,96,2.78E-05,4.48E-09,0.000120778,3.72E-05,N,
1712,amiodarone,1951-25-3,Balbc_3T3,20,96,1.16E-04,8.04E-08,3.31811E-05,2.43E-03,B,9
1713,Azathioprine,446-86-6,Balbc_3T3,20,96,3.90E-08,0.000148162,0.000148348,1.002652934,A,8.2
1714,Benzocaine,94-09-7,Balbc_3T3,20,96,5.86E-07,0.000122128,0.000134138,0.914027016,N,
1715,Butylated hydroxyanisole,25013-16-5,Balbc_3T3,20,96,3.93018E-06,2.22869E-05,0.000124724,0.179388945,N,
1716,Cetirizine dihydrochloride,83881-52-1,Balbc_3T3,20,96,3.30E-08,0.000149303,0.000149957,0.999530617,A,4.7
1717,Cyclamate,139-05-9,Balbc_3T3,20,96,3.07E-08,0.000149967,0.000149969,1.003896591,B,17.6
1718,Cyclophosphamide,6055-19-2,Balbc_3T3,20,96,7.18E-08,0.000145357,0.000146138,0.998549143,B,6.1
1719,Cypermethrin,67375-30-8,Balbc_3T3,20,96,2.21E-05,7.10E-08,0.000123498,5.77E-04,N,
1720,DEET,134-62-3,Balbc_3T3,20,96,1.05E-06,1.06E-04,0.000128848,0.825481961,N,
1721,Dexamethasone,50-02-2,Balbc_3T3,20,96,6.56E-07,0.000119556,0.000133184,0.901191512,N,
1722,Digoxin,20830-75-5,Balbc_3T3,20,96,1.84E-07,0.000138759,0.00014188,0.981824932,N,
1723,Fenazaquin,120928-09-8,Balbc_3T3,20,96,1.17E-05,5.04E-07,0.000130938,0.003864529,N,
1724,Fenbuconazole,114369-43-6,Balbc_3T3,20,96,3.59E-06,3.17E-05,0.0001228,0.259022637,N,
1725,Fluazinam,79622-59-6,Balbc_3T3,20,96,4.46E-06,6.38E-06,0.000132364,0.048411384,N,
1726,Furosemide,54-31-9,Balbc_3T3,20,96,9.35E-08,0.000134147,0.000149899,0.898416352,A,3
1727,Glybenclamide,10238-21-8,Balbc_3T3,20,96,6.38E-07,1.66E-06,0.000149318,0.011159392,A,5
1728,HC Red 3,2871-01-4,Balbc_3T3,20,96,4.11E-08,0.000147813,0.000148021,1.002502993,N,
1729,Hydralazine hydrochloride,304-20-1,Balbc_3T3,20,96,7.50E-08,0.000145104,0.000145951,0.998089327,B,6
1730,Ketoconazole,65277-42-1,Balbc_3T3,20,96,4.85E-06,3.32E-06,0.000135968,0.024476679,B,6.6
1731,Metformin,1115-70-4,Balbc_3T3,20,96,3.01E-08,0.000149965,0.000149966,1.003904573,B,9.6
1732,Metoclopramide,364-62-5,Balbc_3T3,20,96,1.89E-06,1.38E-04,0.000146955,0.941954217,B,9
1733,Nitrofurantoin,67-20-9,Balbc_3T3,20,96,3.09E-08,0.000149531,0.000149572,1.003643055,A,7.3
1734,Oxytetracycline hydrochloride,2058-46-0,Balbc_3T3,20,96,2.96E-08,0.000149968,0.00014997,1.003897602,A,4.5
1735,Panthenol,16485-10-2 ,Balbc_3T3,20,96,3.06E-08,0.000149437,0.000149454,1.003798496,N,
1736,Paracetamol,103-90-2,Balbc_3T3,20,96,5.45E-08,0.000146529,0.000146991,1.000752536,N,
1737,Topiramate,97240-79-4,Balbc_3T3,20,96,2.99E-08,0.000149698,0.000149704,1.003879421,A,9.2
1738,Trimellitic anhydride,552-30-7,Balbc_3T3,20,96,4.80E-08,0.000145831,0.000149948,0.976348624,A,3.3
1739,Verapamil hydrochloride,152-11-4,Balbc_3T3,20,96,1.86E-05,1.79E-05,0.000130327,0.137922605,B,9.2
1740,Warfarin,129-06-6,Balbc_3T3,20,96,1.69E-06,8.56E-05,0.000124308,0.69115041,N,
1741,Caffeine,58-08-2,FishRtgut,20,96,1.83E-08,0.000148355,0.000148483,1.003048724,N,
1742,Lamotrigine,84057-84-1,FishRtgut,20,96,2.15E-07,8.48E-05,0.000126698,0.672055828,B,6.6
1743,Diclofenac,15307-79-6,FishRtgut,20,96,2.03E-08,0.000149915,0.000149978,1.00348969,B,17.6
1744,"2,4-Dichlorophenoxyacetic",94-75-7,FishRtgut,20,96,1.89E-08,8.21E-05,0.000149969,0.549870884,A,2.7
1745,(S)-Naproxen,22204-53-1,FishRtgut,20,96,1.91E-08,4.86E-05,0.000149936,0.325599324,A,4.4
1746,Ibuprofen,15687-27-1,FishRtgut,20,96,2.30E-08,1.62E-05,0.000149741,0.108453046,A,5.4
1747,Torasemide,56211-40-6,FishRtgut,20,96,1.85E-08,3.45E-05,0.000149959,0.230791787,A,4
1748,Warfarin,81-81-2,FishRtgut,20,96,1.92E-08,9.21E-05,0.000149927,0.616902939,A,4.5
1749,di-n-butylphthalate,84-74-2,FishRtgut,20,96,4.55E-07,1.66E-06,0.000142089,0.01170014,N,
1750,hexachlorophene,70-30-4,FishRtgut,20,96,2.00E-06,9.30E-08,0.000146868,6.35E-04,A,6.2
1751,hexamethylenetetramine,100-97-0,FishRtgut,20,96,1.67E-08,0.000140792,0.000140798,1.003871452,B,6.4
1752,Malathion,121-75-5,FishRtgut,20,96,1.51E-07,9.50E-05,0.000127054,0.751029015,N,
1753,pentachlorophenol,87-86-5,FishRtgut,20,96,3.75E-08,1.32E-06,0.000149913,0.008849317,A,5
1754,"2,2,2-trichloroethanol",115-20-8,FishRtgut,20,96,3.58E-08,0.000125948,0.000130146,0.971529898,N,
1755,diethylphthalate,84-66-2,FishRtgut,20,96,1.69E-07,8.93E-05,0.000125959,0.71196546,N,
1756,4-chlorophenol,106-48-9,FishRtgut,20,96,1.57E-07,9.28E-05,0.00012642,0.736795306,N,
1757,permethrin,52645-53-1,FishRtgut,20,96,2.29E-06,1.03E-07,0.000142245,0.000729322,N,
1758,Aniline,62-53-3,FishRtgut,20,96,2.38E-08,0.00014213,0.000143451,0.994668488,N,
1759,4-fluoroaniline,371-40-4,FishRtgut,20,96,2.85E-08,0.000138025,0.000140395,0.986966426,N,
1760,"2,4,6-trichlorophenol",88-06-2,FishRtgut,20,96,1.21E-07,1.66E-05,0.00014513,0.114648247,A,6.8
1761,Allyl alcohol,107-18-6,FishRtgut,20,96,1.78E-08,0.000139935,0.000140152,1.002358012,N,
1762,N-methylaniline,100-61-8,FishRtgut,20,96,4.97E-08,0.000121846,0.000129172,0.946971232,N,
1763,"3,4-dichloroaniline",95-76-1,FishRtgut,20,96,2.31E-07,7.02E-05,0.000123585,0.570648432,N,
1764,4-decylaniline,37529-30-9,FishRtgut,20,96,2.11E-06,1.45E-07,0.000141817,0.001023937,N,
1765,naphthalene,91-20-3,FishRtgut,20,96,3.29E-07,2.50E-05,0.000110325,0.227230992,N,
1766,"1,2,4-trichlorobenzene",120-82-1,FishRtgut,20,96,1.91E-07,2.94E-06,5.81976E-05,0.050740255,N,
1767,"1,2-dichlorobenzene",95-50-1,FishRtgut,20,96,9.83E-08,5.52E-06,3.15355E-05,0.175780755,N,
1768,dichloromethane,75-09-2,FishRtgut,20,96,2.59E-09,1.12567E-05,1.15038E-05,0.982349427,N,
1769,tetrachloroethylene,127-18-4,FishRtgut,20,96,3.81E-08,2.30E-06,1.23407E-05,0.186778431,N,
1770,"2,3-dimethyl-1,3-butadiene",513-81-5,FishRtgut,20,96,6.72E-10,8.63E-08,2.54E-07,0.341718023,N,
1771,Eugenol F,97-53-0,FishRtgut,20,96,1.32E-07,1.01E-04,0.00012808,0.790621879,N,
1772,Methyl-antranilate,134-20-3,FishRtgut,20,96,7.31E-08,0.000121725,0.000134299,0.909918026,N,
1773,Lilyfore,285977-85-7,FishRtgut,20,96,3.66E-07,3.18E-05,0.000125601,0.254308513,N,
1774,Damascone beta,23726-91-2,FishRtgut,20,96,4.45E-07,3.41E-06,0.000137755,0.024828186,N,
1775,Veloutone,14595-54-1,FishRtgut,20,96,9.69E-07,7.44E-07,0.000140966,0.005298327,N,
1776,Verdox,82356-51-2,FishRtgut,20,96,2.2395E-06,1.13389E-07,0.00014184,0.000802543,N,
1777,Nirvanol,1506-02-1,FishRtgut,20,96,1.416E-06,4.09706E-07,0.000140932,0.002918496,N,
1778,Cetalox,3738-00-9,FishRtgut,20,96,1.06E-06,6.18E-07,0.000137718,0.00450852,N,
1779,Tonalide,21145-77-7,FishRtgut,20,96,1.42E-06,4.10E-07,0.000140932,0.002918496,N,
1780,"2,4-Dinitrophenol",51-28-5,FishRtgut,20,96,1.81E-08,0.000143137,0.000149971,0.958172353,A,4.1
1781,Aldrin,309-00-2,FishRtgut,20,96,2.29E-06,1.03E-07,0.000141829,0.000729322,N,
1782,Azinphos-methyl,86-50-0,FishRtgut,20,96,2.47E-07,6.57E-05,0.000123555,0.533919875,N,
1783,Chlorpyrifos,2921-88-2,FishRtgut,20,96,6.89E-07,1.11E-06,0.000141394,0.007897835,N,
1784,"DDD-p,p'",50-29-3,FishRtgut,20,96,2.64E-06,4.58E-08,0.000143232,3.21E-04,N,
1785,"DDT-o,p'",789-02-6,FishRtgut,20,96,2.35E-06,9.21E-08,0.000142385,6.49E-04,N,
1786,"DDT-p,p'",72-54-8,FishRtgut,20,96,1.90E-06,2.07E-07,0.000141428,0.001466675,N,
1787,Diazinon,333-41-5,FishRtgut,20,96,4.38E-07,1.02E-05,0.000133323,0.07698005,N,
1788,Dicofol,115-32-2,FishRtgut,20,96,7.37E-07,1.03E-06,0.000141314,0.007351781,N,
1789,Dieldrin,60-57-1,FishRtgut,20,96,8.21E-07,9.15E-07,0.000141166,0.006503656,N,
1790,Disulfoton,298-04-4,FishRtgut,20,96,4.48E-07,6.41E-06,0.000136163,0.04728531,N,
1791,Endosulfan I,115-29-7,FishRtgut,20,96,4.40E-07,9.79E-06,0.000133597,0.073540874,N,
1792,Endrin,72-20-8,FishRtgut,20,96,1.12E-06,6.07E-07,0.000140915,0.004325509,N,
1793,Ethion,563-12-2,FishRtgut,20,96,7.78E-07,9.73E-07,0.000141242,0.00691824,N,
1794,Heptachlor,76-44-8,FishRtgut,20,96,1.87E-06,2.14E-07,0.000141363,0.001518687,N,
1795,Heptachlor epoxide B,1024-57-3,FishRtgut,20,96,7.04E-07,1.09E-06,0.000141372,0.007712633,N,
1796,Lindane,58-89-9,FishRtgut,20,96,4.31E-07,1.24E-05,0.000131689,0.094344232,N,
1797,"Methoxychlor-o,p'",72-43-5,FishRtgut,20,96,7.87E-07,9.61E-07,0.000141228,0.006833824,N,
1798,Parathion,56-38-2,FishRtgut,20,96,4.40E-07,9.79E-06,0.000133613,0.073540874,N,
1799,Trifluralin,1582-09-8,FishRtgut,20,96,1.03E-06,6.87E-07,0.000140912,0.004891678,N,
1800,Cisapride,81098-60-4,FishRtgut,20,96,7.86E-07,4.70E-05,0.000135217,0.348668052,B,7.8
1801,Citalopram hydrobromide,59729-33-8,FishRtgut,20,96,3.57E-07,3.41E-05,0.000125197,0.273502363,N,
1802,Dofetilide,115256-11-6,FishRtgut,20,96,1.16E-07,1.42E-04,0.000147291,0.966086922,B,8.4
1803,Moxifloxacin hydrochloride,186826-86-8,FishRtgut,20,96,1.83E-08,0.000147855,0.000149706,0.991497925,A,6
1804,N-acetylpro-cainamide,32795-44-1,FishRtgut,20,96,2.59E-08,0.000149601,0.000149851,1.002238337,B,9.2
1805,Quinidine sulfate,50-54-4,FishRtgut,20,96,7.75E-07,1.17E-04,0.000148119,0.792367969,B,9.3
1806,Sematilide,101526-83-4,FishRtgut,20,96,2.45E-08,0.000149625,0.000149837,1.002486851,B,9.1
1807,Sotalol hydrochloride,959-24-0,FishRtgut,20,96,1.86E-08,0.0001499,0.000149926,1.003740425,B,9
1808,Mifepristone,84371-65-3,FishRtgut,20,96,6.26E-07,1.23E-06,0.000141552,0.008701422,N,
1809,Perfluorobutanesulfonic_acid,375-73-5,FishRtgut,20,96,1.80E-08,0.00014544,0.000149978,0.973537317,A,-2.9
1810,4_2_Fluorotelomer_sulfonic_acid,757124-72-4,FishRtgut,20,96,1.81E-08,0.000141517,0.000149977,0.947286791,A,1.4
1811,Perfluorononanoic_acid,375-95-1,FishRtgut,20,96,1.34E-07,5.84E-07,0.000149861,0.00391147,A,0.1
1812,Perfluorohexanoic_acid,307-24-4,FishRtgut,20,96,1.62E-08,5.42E-06,0.000149979,0.036254002,A,0.1
1813,Perfluorobutanoic_acid,375-22-4,FishRtgut,20,96,1.81E-08,0.000142282,0.000149977,0.9524002,A,0.1
1814,Perfluorooctanoic_acid,335-67-1,FishRtgut,20,96,1.64E-08,6.41E-06,0.000149979,0.042892934,A,0.1
1815,6_2_Fluorotelomer_sulfonic_acid,27619-97-2,FishRtgut,20,96,1.88E-08,6.72E-05,0.00014997,0.449792138,A,1.4
1816,8_2_Fluorotelomer_sulfonic_acid,39108-34-4,FishRtgut,20,96,1.63E-08,5.68E-06,0.000149979,0.038042778,A,1.4
1817,Perfluoroundecanoic_acid,2058-94-8,FishRtgut,20,96,1.12E-07,6.48E-07,0.000149883,0.004338169,A,0.1
1818,Perfluorooctanesulfonic_acid,1763-23-1,FishRtgut,20,96,1.12E-07,6.48E-07,0.000149883,0.004338169,A,-2.9
1819,Perfluoroheptanoic_acid,375-85-9,FishRtgut,20,96,1.80E-08,2.50E-05,0.000149973,0.167389596,A,0.1
1820,Perfluoropentanoic_acid,2706-90-3,FishRtgut,20,96,1.86E-08,1.21E-04,0.000149973,0.807984127,A,0.1
1821,Perfluorohexanesulfonic_acid,355-46-4,FishRtgut,20,96,1.89E-08,9.13E-05,0.00014997,0.611011736,A,-2.9
1822,Perfluorodecanoic_acid,335-76-2,FishRtgut,20,96,2.17E-07,4.39E-07,0.000149776,0.002941431,A,0.1
1823,cyclosporine A,59865-13-3,FishRtgut,20,96,2.92E-07,5.28E-05,0.000123444,0.429281369,N,
1824,chlorpromazine,50-53-3,FishRtgut,20,96,8.56E-06,8.00E-06,0.000140394,0.057239633,B,9.4
1825,PBDE 47,5436-43-1,FishRtgut,20,96,2.56E-06,5.62E-08,0.000142989,3.94E-04,N,
1826,PBDE 99,60348-60-9,FishRtgut,20,96,2.88E-06,1.93E-08,0.00014415,1.34E-04,N,
1827,PBDE 153,68631-49-2,FishRtgut,20,96,3.09E-06,5.38E-09,0.000145146,3.72E-05,N,
1828,amiodarone,1951-25-3,FishRtgut,20,96,4.36E-05,2.55E-07,0.00010507,2.43E-03,B,9
1829,Azathioprine,446-86-6,FishRtgut,20,96,1.85E-08,0.000148182,0.000148368,1.002652934,A,8.2
1830,Benzocaine,94-09-7,FishRtgut,20,96,7.09E-08,0.000122549,0.0001346,0.914027016,N,
1831,Butylated hydroxyanisole,25013-16-5,FishRtgut,20,96,3.97068E-07,2.2826E-05,0.000127741,0.179388945,N,
1832,Cetirizine dihydrochloride,83881-52-1,FishRtgut,20,96,1.78E-08,0.000149318,0.000149973,0.999530617,A,4.7
1833,Cyclamate,139-05-9,FishRtgut,20,96,1.79E-08,0.000149979,0.000149982,1.003896591,B,17.6
1834,Cyclophosphamide,6055-19-2,FishRtgut,20,96,2.17E-08,0.000145405,0.000146186,0.998549143,B,6.1
1835,Cypermethrin,67375-30-8,FishRtgut,20,96,2.40E-06,8.20E-08,0.000142531,5.77E-04,N,
1836,DEET,134-62-3,FishRtgut,20,96,1.16E-07,1.07E-04,0.000129657,0.825481961,N,
1837,Dexamethasone,50-02-2,FishRtgut,20,96,7.77E-08,0.00012002,0.0001337,0.901191512,N,
1838,Digoxin,20830-75-5,FishRtgut,20,96,3.23E-08,0.0001389,0.000142025,0.981824932,N,
1839,Fenazaquin,120928-09-8,FishRtgut,20,96,1.21E-06,5.42E-07,0.000140904,0.003864529,N,
1840,Fenbuconazole,114369-43-6,FishRtgut,20,96,3.64E-07,3.24E-05,0.000125503,0.259022637,N,
1841,Fluazinam,79622-59-6,FishRtgut,20,96,4.47E-07,6.56E-06,0.000136017,0.048411384,N,
1842,Furosemide,54-31-9,FishRtgut,20,96,1.83E-08,0.000134214,0.000149974,0.898416352,A,3
1843,Glybenclamide,10238-21-8,FishRtgut,20,96,2.52E-08,1.67E-06,0.000149931,0.011159392,A,5
1844,HC Red 3,2871-01-4,FishRtgut,20,96,1.87E-08,0.000147835,0.000148043,1.002502993,N,
1845,Hydralazine hydrochloride,304-20-1,FishRtgut,20,96,2.20E-08,0.000145156,0.000146003,0.998089327,B,6
1846,Ketoconazole,65277-42-1,FishRtgut,20,96,5.19E-07,3.41E-06,0.000140027,0.024476679,B,6.6
1847,Metformin,1115-70-4,FishRtgut,20,96,1.78E-08,0.000149977,0.000149979,1.003904573,B,9.6
1848,Metoclopramide,364-62-5,FishRtgut,20,96,2.40E-07,1.39E-04,0.000148595,0.941954217,B,9
1849,Nitrofurantoin,67-20-9,FishRtgut,20,96,1.78E-08,0.000149545,0.000149585,1.003643055,A,7.3
1850,Oxytetracycline hydrochloride,2058-46-0,FishRtgut,20,96,1.77E-08,0.000149979,0.000149982,1.003897602,A,4.5
1851,Panthenol,16485-10-2 ,FishRtgut,20,96,1.78E-08,0.00014945,0.000149467,1.003798496,N,
1852,Paracetamol,103-90-2,FishRtgut,20,96,2.00E-08,0.000146562,0.000147025,1.000752536,N,
1853,Topiramate,97240-79-4,FishRtgut,20,96,1.77E-08,0.000149711,0.000149716,1.003879421,A,9.2
1854,Trimellitic anhydride,552-30-7,FishRtgut,20,96,1.80E-08,0.00014586,0.000149978,0.976348624,A,3.3
1855,Verapamil hydrochloride,152-11-4,FishRtgut,20,96,2.47E-06,2.01E-05,0.000146318,0.137922605,B,9.2
1856,Warfarin,129-06-6,FishRtgut,20,96,1.78E-07,8.65E-05,0.000125578,0.69115041,N,
1857,Caffeine,58-08-2,FishRtgill,20,96,9.62E-09,0.000148363,0.000148491,1.003048724,N,
1858,Lamotrigine,84057-84-1,FishRtgill,20,96,1.13E-07,8.49E-05,0.000126785,0.672055828,B,6.6
1859,Diclofenac,15307-79-6,FishRtgill,20,96,1.07E-08,0.000149925,0.000149988,1.00348969,B,17.6
1860,"2,4-Dichlorophenoxyacetic",94-75-7,FishRtgill,20,96,9.92E-09,8.21E-05,0.000149978,0.549870884,A,2.7
1861,(S)-Naproxen,22204-53-1,FishRtgill,20,96,1.00E-08,4.86E-05,0.000149945,0.325599324,A,4.4
1862,Ibuprofen,15687-27-1,FishRtgill,20,96,1.21E-08,1.62E-05,0.000149752,0.108453046,A,5.4
1863,Torasemide,56211-40-6,FishRtgill,20,96,9.73E-09,3.45E-05,0.000149968,0.230791787,A,4
1864,Warfarin,81-81-2,FishRtgill,20,96,1.01E-08,9.21E-05,0.000149936,0.616902939,A,4.5
1865,di-n-butylphthalate,84-74-2,FishRtgill,20,96,2.39E-07,1.66E-06,0.000142293,0.01170014,N,
1866,hexachlorophene,70-30-4,FishRtgill,20,96,1.05E-06,9.35E-08,0.000147802,6.35E-04,A,6.2
1867,hexamethylenetetramine,100-97-0,FishRtgill,20,96,8.77E-09,0.0001408,0.000140806,1.003871452,B,6.4
1868,Malathion,121-75-5,FishRtgill,20,96,7.94E-08,9.51E-05,0.000127115,0.751029015,N,
1869,pentachlorophenol,87-86-5,FishRtgill,20,96,1.97E-08,1.32E-06,0.000149931,0.008849317,A,5
1870,"2,2,2-trichloroethanol",115-20-8,FishRtgill,20,96,1.88E-08,0.000125962,0.000130161,0.971529898,N,
1871,diethylphthalate,84-66-2,FishRtgill,20,96,8.87E-08,8.94E-05,0.000126026,0.71196546,N,
1872,4-chlorophenol,106-48-9,FishRtgill,20,96,8.27E-08,9.28E-05,0.000126483,0.736795306,N,
1873,permethrin,52645-53-1,FishRtgill,20,96,1.21E-06,1.04E-07,0.000143285,0.000729322,N,
1874,Aniline,62-53-3,FishRtgill,20,96,1.25E-08,0.000142141,0.000143462,0.994668488,N,
1875,4-fluoroaniline,371-40-4,FishRtgill,20,96,1.50E-08,0.000138037,0.000140408,0.986966426,N,
1876,"2,4,6-trichlorophenol",88-06-2,FishRtgill,20,96,6.37E-08,1.66E-05,0.000145186,0.114648247,A,6.8
1877,Allyl alcohol,107-18-6,FishRtgill,20,96,9.36E-09,0.000139943,0.00014016,1.002358012,N,
1878,N-methylaniline,100-61-8,FishRtgill,20,96,2.61E-08,0.000121865,0.000129193,0.946971232,N,
1879,"3,4-dichloroaniline",95-76-1,FishRtgill,20,96,1.21E-07,7.03E-05,0.000123675,0.570648432,N,
1880,4-decylaniline,37529-30-9,FishRtgill,20,96,1.12E-06,1.46E-07,0.000142772,0.001023937,N,
1881,naphthalene,91-20-3,FishRtgill,20,96,1.73E-07,2.50E-05,0.000110441,0.227230992,N,
1882,"1,2,4-trichlorobenzene",120-82-1,FishRtgill,20,96,1.01E-07,2.94E-06,5.82329E-05,0.050740255,N,
1883,"1,2-dichlorobenzene",95-50-1,FishRtgill,20,96,5.16E-08,5.52E-06,3.15453E-05,0.175780755,N,
1884,dichloromethane,75-09-2,FishRtgill,20,96,1.36E-09,1.12568E-05,1.15039E-05,0.982349427,N,
1885,tetrachloroethylene,127-18-4,FishRtgill,20,96,2.00E-08,2.30E-06,1.23422E-05,0.186778431,N,
1886,"2,3-dimethyl-1,3-butadiene",513-81-5,FishRtgill,20,96,3.53E-10,8.63E-08,2.54E-07,0.341718023,N,
1887,Eugenol F,97-53-0,FishRtgill,20,96,6.95E-08,1.01E-04,0.000128134,0.790621879,N,
1888,Methyl-antranilate,134-20-3,FishRtgill,20,96,3.84E-08,0.000121753,0.00013433,0.909918026,N,
1889,Lilyfore,285977-85-7,FishRtgill,20,96,1.92E-07,3.19E-05,0.000125746,0.254308513,N,
1890,Damascone beta,23726-91-2,FishRtgill,20,96,2.34E-07,3.41E-06,0.000137949,0.024828186,N,
1891,Veloutone,14595-54-1,FishRtgill,20,96,5.10E-07,7.46E-07,0.0001414,0.005298327,N,
1892,Verdox,82356-51-2,FishRtgill,20,96,1.18413E-06,1.14199E-07,0.000142853,0.000802543,N,
1893,Nirvanol,1506-02-1,FishRtgill,20,96,7.46751E-07,4.11552E-07,0.000141567,0.002918496,N,
1894,Cetalox,3738-00-9,FishRtgill,20,96,5.61E-07,6.21E-07,0.000138184,0.00450852,N,
1895,Tonalide,21145-77-7,FishRtgill,20,96,7.47E-07,4.12E-07,0.000141567,0.002918496,N,
1896,"2,4-Dinitrophenol",51-28-5,FishRtgill,20,96,9.49E-09,0.000143146,0.000149979,0.958172353,A,4.1
1897,Aldrin,309-00-2,FishRtgill,20,96,1.21E-06,1.04E-07,0.000142863,0.000729322,N,
1898,Azinphos-methyl,86-50-0,FishRtgill,20,96,1.30E-07,6.58E-05,0.000123651,0.533919875,N,
1899,Chlorpyrifos,2921-88-2,FishRtgill,20,96,3.62E-07,1.11E-06,0.000141703,0.007897835,N,
1900,"DDD-p,p'",50-29-3,FishRtgill,20,96,1.40E-06,4.62E-08,0.000144437,3.21E-04,N,
1901,"DDT-o,p'",789-02-6,FishRtgill,20,96,1.24E-06,9.28E-08,0.000143452,6.49E-04,N,
1902,"DDT-p,p'",72-54-8,FishRtgill,20,96,1.00E-06,2.08E-07,0.000142282,0.001466675,N,
1903,Diazinon,333-41-5,FishRtgill,20,96,2.30E-07,1.02E-05,0.000133509,0.07698005,N,
1904,Dicofol,115-32-2,FishRtgill,20,96,3.88E-07,1.04E-06,0.000141644,0.007351781,N,
1905,Dieldrin,60-57-1,FishRtgill,20,96,4.32E-07,9.17E-07,0.000141534,0.006503656,N,
1906,Disulfoton,298-04-4,FishRtgill,20,96,2.35E-07,6.42E-06,0.000136356,0.04728531,N,
1907,Endosulfan I,115-29-7,FishRtgill,20,96,2.31E-07,9.80E-06,0.000133784,0.073540874,N,
1908,Endrin,72-20-8,FishRtgill,20,96,5.90E-07,6.09E-07,0.000141416,0.004325509,N,
1909,Ethion,563-12-2,FishRtgill,20,96,4.10E-07,9.76E-07,0.000141591,0.00691824,N,
1910,Heptachlor,76-44-8,FishRtgill,20,96,9.89E-07,2.15E-07,0.000142207,0.001518687,N,
1911,Heptachlor epoxide B,1024-57-3,FishRtgill,20,96,3.71E-07,1.09E-06,0.000141689,0.007712633,N,
1912,Lindane,58-89-9,FishRtgill,20,96,2.26E-07,1.24E-05,0.000131869,0.094344232,N,
1913,"Methoxychlor-o,p'",72-43-5,FishRtgill,20,96,4.14E-07,9.64E-07,0.000141581,0.006833824,N,
1914,Parathion,56-38-2,FishRtgill,20,96,2.31E-07,9.80E-06,0.0001338,0.073540874,N,
1915,Trifluralin,1582-09-8,FishRtgill,20,96,5.41E-07,6.89E-07,0.000141373,0.004891678,N,
1916,Cisapride,81098-60-4,FishRtgill,20,96,4.14E-07,4.71E-05,0.000135555,0.348668052,B,7.8
1917,Citalopram hydrobromide,59729-33-8,FishRtgill,20,96,1.88E-07,3.41E-05,0.000125339,0.273502363,N,
1918,Dofetilide,115256-11-6,FishRtgill,20,96,6.10E-08,1.42E-04,0.000147345,0.966086922,B,8.4
1919,Moxifloxacin hydrochloride,186826-86-8,FishRtgill,20,96,9.60E-09,0.000147863,0.000149715,0.991497925,A,6
1920,N-acetylpro-cainamide,32795-44-1,FishRtgill,20,96,1.36E-08,0.000149614,0.000149864,1.002238337,B,9.2
1921,Quinidine sulfate,50-54-4,FishRtgill,20,96,4.08E-07,1.17E-04,0.000148484,0.792367969,B,9.3
1922,Sematilide,101526-83-4,FishRtgill,20,96,1.29E-08,0.000149636,0.000149849,1.002486851,B,9.1
1923,Sotalol hydrochloride,959-24-0,FishRtgill,20,96,9.79E-09,0.000149909,0.000149934,1.003740425,B,9
1924,Mifepristone,84371-65-3,FishRtgill,20,96,3.30E-07,1.23E-06,0.000141833,0.008701422,N,
1925,Perfluorobutanesulfonic_acid,375-73-5,FishRtgill,20,96,9.43E-09,0.000145449,0.000149987,0.973537317,A,-2.9
1926,4_2_Fluorotelomer_sulfonic_acid,757124-72-4,FishRtgill,20,96,9.50E-09,0.000141525,0.000149986,0.947286791,A,1.4
1927,Perfluorononanoic_acid,375-95-1,FishRtgill,20,96,7.02E-08,5.84E-07,0.000149924,0.00391147,A,0.1
1928,Perfluorohexanoic_acid,307-24-4,FishRtgill,20,96,8.53E-09,5.42E-06,0.000149987,0.036254002,A,0.1
1929,Perfluorobutanoic_acid,375-22-4,FishRtgill,20,96,9.49E-09,0.00014229,0.000149986,0.9524002,A,0.1
1930,Perfluorooctanoic_acid,335-67-1,FishRtgill,20,96,8.63E-09,6.41E-06,0.000149986,0.042892934,A,0.1
1931,6_2_Fluorotelomer_sulfonic_acid,27619-97-2,FishRtgill,20,96,9.89E-09,6.72E-05,0.000149979,0.449792138,A,1.4
1932,8_2_Fluorotelomer_sulfonic_acid,39108-34-4,FishRtgill,20,96,8.56E-09,5.68E-06,0.000149987,0.038042778,A,1.4
1933,Perfluoroundecanoic_acid,2058-94-8,FishRtgill,20,96,5.88E-08,6.48E-07,0.000149936,0.004338169,A,0.1
1934,Perfluorooctanesulfonic_acid,1763-23-1,FishRtgill,20,96,5.88E-08,6.48E-07,0.000149936,0.004338169,A,-2.9
1935,Perfluoroheptanoic_acid,375-85-9,FishRtgill,20,96,9.44E-09,2.50E-05,0.000149982,0.167389596,A,0.1
1936,Perfluoropentanoic_acid,2706-90-3,FishRtgill,20,96,9.74E-09,1.21E-04,0.000149982,0.807984127,A,0.1
1937,Perfluorohexanesulfonic_acid,355-46-4,FishRtgill,20,96,9.90E-09,9.13E-05,0.000149979,0.611011736,A,-2.9
1938,Perfluorodecanoic_acid,335-76-2,FishRtgill,20,96,1.14E-07,4.39E-07,0.000149879,0.002941431,A,0.1
1939,cyclosporine A,59865-13-3,FishRtgill,20,96,1.53E-07,5.28E-05,0.000123558,0.429281369,N,
1940,chlorpromazine,50-53-3,FishRtgill,20,96,4.62E-06,8.23E-06,0.000144306,0.057239633,B,9.4
1941,PBDE 47,5436-43-1,FishRtgill,20,96,1.36E-06,5.66E-08,0.000144158,3.94E-04,N,
1942,PBDE 99,60348-60-9,FishRtgill,20,96,1.53E-06,1.95E-08,0.000145476,1.34E-04,N,
1943,PBDE 153,68631-49-2,FishRtgill,20,96,1.64E-06,5.43E-09,0.000146581,3.72E-05,N,
1944,amiodarone,1951-25-3,FishRtgill,20,96,2.65E-05,2.95E-07,0.000121893,2.43E-03,B,9
1945,Azathioprine,446-86-6,FishRtgill,20,96,9.73E-09,0.000148191,0.000148377,1.002652934,A,8.2
1946,Benzocaine,94-09-7,FishRtgill,20,96,3.72E-08,0.000122576,0.00013463,0.914027016,N,
1947,Butylated hydroxyanisole,25013-16-5,FishRtgill,20,96,2.08723E-07,2.28547E-05,0.000127902,0.179388945,N,
1948,Cetirizine dihydrochloride,83881-52-1,FishRtgill,20,96,9.35E-09,0.000149326,0.000149981,0.999530617,A,4.7
1949,Cyclamate,139-05-9,FishRtgill,20,96,9.38E-09,0.000149988,0.00014999,1.003896591,B,17.6
1950,Cyclophosphamide,6055-19-2,FishRtgill,20,96,1.14E-08,0.000145415,0.000146196,0.998549143,B,6.1
1951,Cypermethrin,67375-30-8,FishRtgill,20,96,1.27E-06,8.26E-08,0.000143624,5.77E-04,N,
1952,DEET,134-62-3,FishRtgill,20,96,6.09E-08,1.07E-04,0.000129704,0.825481961,N,
1953,Dexamethasone,50-02-2,FishRtgill,20,96,4.08E-08,0.000120049,0.000133733,0.901191512,N,
1954,Digoxin,20830-75-5,FishRtgill,20,96,1.70E-08,0.000138914,0.000142039,0.981824932,N,
1955,Fenazaquin,120928-09-8,FishRtgill,20,96,6.35E-07,5.44E-07,0.000141444,0.003864529,N,
1956,Fenbuconazole,114369-43-6,FishRtgill,20,96,1.91E-07,3.24E-05,0.000125648,0.259022637,N,
1957,Fluazinam,79622-59-6,FishRtgill,20,96,2.35E-07,6.57E-06,0.00013621,0.048411384,N,
1958,Furosemide,54-31-9,FishRtgill,20,96,9.61E-09,0.000134222,0.000149983,0.898416352,A,3
1959,Glybenclamide,10238-21-8,FishRtgill,20,96,1.33E-08,1.67E-06,0.000149943,0.011159392,A,5
1960,HC Red 3,2871-01-4,FishRtgill,20,96,9.83E-09,0.000147843,0.000148051,1.002502993,N,
1961,Hydralazine hydrochloride,304-20-1,FishRtgill,20,96,1.15E-08,0.000145166,0.000146013,0.998089327,B,6
1962,Ketoconazole,65277-42-1,FishRtgill,20,96,2.73E-07,3.42E-06,0.000140257,0.024476679,B,6.6
1963,Metformin,1115-70-4,FishRtgill,20,96,9.35E-09,0.000149986,0.000149987,1.003904573,B,9.6
1964,Metoclopramide,364-62-5,FishRtgill,20,96,1.26E-07,1.40E-04,0.000148709,0.941954217,B,9
1965,Nitrofurantoin,67-20-9,FishRtgill,20,96,9.36E-09,0.000149553,0.000149593,1.003643055,A,7.3
1966,Oxytetracycline hydrochloride,2058-46-0,FishRtgill,20,96,9.32E-09,0.000149988,0.00014999,1.003897602,A,4.5
1967,Panthenol,16485-10-2 ,FishRtgill,20,96,9.34E-09,0.000149458,0.000149475,1.003798496,N,
1968,Paracetamol,103-90-2,FishRtgill,20,96,1.05E-08,0.000146572,0.000147035,1.000752536,N,
1969,Topiramate,97240-79-4,FishRtgill,20,96,9.32E-09,0.000149719,0.000149724,1.003879421,A,9.2
1970,Trimellitic anhydride,552-30-7,FishRtgill,20,96,9.43E-09,0.000145868,0.000149986,0.976348624,A,3.3
1971,Verapamil hydrochloride,152-11-4,FishRtgill,20,96,1.31E-06,2.03E-05,0.00014747,0.137922605,B,9.2
1972,Warfarin,129-06-6,FishRtgill,20,96,9.37E-08,8.65E-05,0.000125649,0.69115041,N,
1973,Caffeine,58-08-2,Default,20,96,8.92E-08,0.000148285,0.000148412,1.003048724,N,
1974,Lamotrigine,84057-84-1,Default,20,96,1.03E-06,8.44E-05,0.000126012,0.672055828,B,6.6
1975,Diclofenac,15307-79-6,Default,20,96,1.04E-07,0.000149831,0.000149895,1.00348969,B,17.6
1976,"2,4-Dichlorophenoxyacetic",94-75-7,Default,20,96,1.60E-07,8.21E-05,0.000149828,0.549870884,A,2.7
1977,(S)-Naproxen,22204-53-1,Default,20,96,1.88E-07,4.86E-05,0.000149767,0.325599324,A,4.4
1978,Ibuprofen,15687-27-1,Default,20,96,2.24E-07,1.62E-05,0.00014954,0.108453046,A,5.4
1979,Torasemide,56211-40-6,Default,20,96,1.96E-07,3.44E-05,0.000149782,0.230791787,A,4
1980,Warfarin,81-81-2,Default,20,96,1.52E-07,9.20E-05,0.000149794,0.616902939,A,4.5
1981,di-n-butylphthalate,84-74-2,Default,20,96,2.12E-06,1.64E-06,0.000140506,0.01170014,N,
1982,hexachlorophene,70-30-4,Default,20,96,1.33E-05,8.59E-08,0.00013568,6.35E-04,A,6.2
1983,hexamethylenetetramine,100-97-0,Default,20,96,8.16E-08,0.000140731,0.000140737,1.003871452,B,6.4
1984,Malathion,121-75-5,Default,20,96,6.94E-07,9.47E-05,0.000126593,0.751029015,N,
1985,pentachlorophenol,87-86-5,Default,20,96,4.23E-07,1.32E-06,0.000149528,0.008849317,A,5
1986,"2,2,2-trichloroethanol",115-20-8,Default,20,96,1.67E-07,0.000125838,0.000130032,0.971529898,N,
1987,diethylphthalate,84-66-2,Default,20,96,7.75E-07,8.90E-05,0.000125449,0.71196546,N,
1988,4-chlorophenol,106-48-9,Default,20,96,7.23E-07,9.24E-05,0.000125944,0.736795306,N,
1989,permethrin,52645-53-1,Default,20,96,1.04E-05,9.76E-08,0.000134389,0.000729322,N,
1990,Aniline,62-53-3,Default,20,96,1.14E-07,0.000142045,0.000143365,0.994668488,N,
1991,4-fluoroaniline,371-40-4,Default,20,96,1.35E-07,0.000137927,0.000140295,0.986966426,N,
1992,"2,4,6-trichlorophenol",88-06-2,Default,20,96,6.51E-07,1.65E-05,0.000144617,0.114648247,A,6.8
1993,Allyl alcohol,107-18-6,Default,20,96,8.66E-08,0.000139871,0.000140088,1.002358012,N,
1994,N-methylaniline,100-61-8,Default,20,96,2.30E-07,0.000121699,0.000129016,0.946971232,N,
1995,"3,4-dichloroaniline",95-76-1,Default,20,96,1.06E-06,6.99E-05,0.000122901,0.570648432,N,
1996,4-decylaniline,37529-30-9,Default,20,96,9.65E-06,1.37E-07,0.000134589,0.001023937,N,
1997,naphthalene,91-20-3,Default,20,96,1.52E-06,2.48E-05,0.00010945,0.227230992,N,
1998,"1,2,4-trichlorobenzene",120-82-1,Default,20,96,8.92E-07,2.93E-06,5.79255E-05,0.050740255,N,
1999,"1,2-dichlorobenzene",95-50-1,Default,20,96,4.56E-07,5.51E-06,3.14602E-05,0.175780755,N,
2000,dichloromethane,75-09-2,Default,20,96,1.22E-08,1.12559E-05,1.1503E-05,0.982349427,N,
2001,tetrachloroethylene,127-18-4,Default,20,96,1.77E-07,2.29E-06,1.23293E-05,0.186778431,N,
2002,"2,3-dimethyl-1,3-butadiene",513-81-5,Default,20,96,3.11E-09,8.63E-08,2.54E-07,0.341718023,N,
2003,Eugenol F,97-53-0,Default,20,96,6.08E-07,1.01E-04,0.000127674,0.790621879,N,
2004,Methyl-antranilate,134-20-3,Default,20,96,3.38E-07,0.00012151,0.000134062,0.909918026,N,
2005,Lilyfore,285977-85-7,Default,20,96,1.68E-06,3.15E-05,0.000124497,0.254308513,N,
2006,Damascone beta,23726-91-2,Default,20,96,2.07E-06,3.37E-06,0.000136261,0.024828186,N,
2007,Veloutone,14595-54-1,Default,20,96,4.50E-06,7.26E-07,0.000137629,0.005298327,N,
2008,Verdox,82356-51-2,Default,20,96,1.02155E-05,1.07268E-07,0.000134184,0.000802543,N,
2009,Nirvanol,1506-02-1,Default,20,96,6.53288E-06,3.95597E-07,0.000136079,0.002918496,N,
2010,Cetalox,3738-00-9,Default,20,96,4.94E-06,6.02E-07,0.000134138,0.00450852,N,
2011,Tonalide,21145-77-7,Default,20,96,6.53E-06,3.96E-07,0.000136079,0.002918496,N,
2012,"2,4-Dinitrophenol",51-28-5,Default,20,96,9.64E-08,0.000143063,0.000149892,0.958172353,A,4.1
2013,Aldrin,309-00-2,Default,20,96,1.04E-05,9.74E-08,0.000134018,0.000729322,N,
2014,Azinphos-methyl,86-50-0,Default,20,96,1.13E-06,6.53E-05,0.000122823,0.533919875,N,
2015,Chlorpyrifos,2921-88-2,Default,20,96,3.21E-06,1.09E-06,0.00013901,0.007897835,N,
2016,"DDD-p,p'",50-29-3,Default,20,96,1.20E-05,4.29E-08,0.000134161,3.21E-04,N,
2017,"DDT-o,p'",789-02-6,Default,20,96,1.07E-05,8.69E-08,0.000134333,6.49E-04,N,
2018,"DDT-p,p'",72-54-8,Default,20,96,8.68E-06,1.97E-07,0.000134945,0.001466675,N,
2019,Diazinon,333-41-5,Default,20,96,2.03E-06,1.01E-05,0.000131908,0.07698005,N,
2020,Dicofol,115-32-2,Default,20,96,3.43E-06,1.02E-06,0.000138766,0.007351781,N,
2021,Dieldrin,60-57-1,Default,20,96,3.82E-06,8.96E-07,0.00013833,0.006503656,N,
2022,Disulfoton,298-04-4,Default,20,96,2.07E-06,6.34E-06,0.000134683,0.04728531,N,
2023,Endosulfan I,115-29-7,Default,20,96,2.03E-06,9.68E-06,0.000132175,0.073540874,N,
2024,Endrin,72-20-8,Default,20,96,5.19E-06,5.91E-07,0.000137063,0.004325509,N,
2025,Ethion,563-12-2,Default,20,96,3.62E-06,9.55E-07,0.000138552,0.00691824,N,
2026,Heptachlor,76-44-8,Default,20,96,8.58E-06,2.04E-07,0.000134959,0.001518687,N,
2027,Heptachlor epoxide B,1024-57-3,Default,20,96,3.28E-06,1.07E-06,0.000138935,0.007712633,N,
2028,Lindane,58-89-9,Default,20,96,1.99E-06,1.22E-05,0.000130318,0.094344232,N,
2029,"Methoxychlor-o,p'",72-43-5,Default,20,96,3.66E-06,9.43E-07,0.00013851,0.006833824,N,
2030,Parathion,56-38-2,Default,20,96,2.03E-06,9.68E-06,0.000132191,0.073540874,N,
2031,Trifluralin,1582-09-8,Default,20,96,4.77E-06,6.69E-07,0.000137375,0.004891678,N,
2032,Cisapride,81098-60-4,Default,20,96,4.42E-06,4.58E-05,0.000131923,0.348668052,B,7.8
2033,Citalopram hydrobromide,59729-33-8,Default,20,96,1.64E-06,3.38E-05,0.000124121,0.273502363,N,
2034,Dofetilide,115256-11-6,Default,20,96,7.08E-07,1.41E-04,0.000146709,0.966086922,B,8.4
2035,Moxifloxacin hydrochloride,186826-86-8,Default,20,96,9.14E-08,0.000147783,0.000149633,0.991497925,A,6
2036,N-acetylpro-cainamide,32795-44-1,Default,20,96,1.41E-07,0.000149487,0.000149736,1.002238337,B,9.2
2037,Quinidine sulfate,50-54-4,Default,20,96,5.01E-06,1.14E-04,0.000143911,0.792367969,B,9.3
2038,Sematilide,101526-83-4,Default,20,96,1.32E-07,0.000149518,0.00014973,1.002486851,B,9.1
2039,Sotalol hydrochloride,959-24-0,Default,20,96,9.26E-08,0.000149826,0.000149852,1.003740425,B,9
2040,Mifepristone,84371-65-3,Default,20,96,2.92E-06,1.21E-06,0.00013938,0.008701422,N,
2041,Perfluorobutanesulfonic_acid,375-73-5,Default,20,96,9.34E-08,0.000145367,0.000149903,0.973537317,A,-2.9
2042,4_2_Fluorotelomer_sulfonic_acid,757124-72-4,Default,20,96,9.84E-08,0.000141442,0.000149897,0.947286791,A,1.4
2043,Perfluorononanoic_acid,375-95-1,Default,20,96,1.63E-06,5.78E-07,0.000148369,0.00391147,A,0.1
2044,Perfluorohexanoic_acid,307-24-4,Default,20,96,1.95E-07,5.41E-06,0.000149801,0.036254002,A,0.1
2045,Perfluorobutanoic_acid,375-22-4,Default,20,96,9.75E-08,0.000142206,0.000149898,0.9524002,A,0.1
2046,Perfluorooctanoic_acid,335-67-1,Default,20,96,1.96E-07,6.40E-06,0.000149799,0.042892934,A,0.1
2047,6_2_Fluorotelomer_sulfonic_acid,27619-97-2,Default,20,96,1.73E-07,6.71E-05,0.000149816,0.449792138,A,1.4
2048,8_2_Fluorotelomer_sulfonic_acid,39108-34-4,Default,20,96,1.95E-07,5.68E-06,0.0001498,0.038042778,A,1.4
2049,Perfluoroundecanoic_acid,2058-94-8,Default,20,96,1.36E-06,6.42E-07,0.000148631,0.004338169,A,0.1
2050,Perfluorooctanesulfonic_acid,1763-23-1,Default,20,96,1.36E-06,6.42E-07,0.000148631,0.004338169,A,-2.9
2051,Perfluoroheptanoic_acid,375-85-9,Default,20,96,1.99E-07,2.50E-05,0.000149792,0.167389596,A,0.1
2052,Perfluoropentanoic_acid,2706-90-3,Default,20,96,1.22E-07,1.21E-04,0.000149869,0.807984127,A,0.1
2053,Perfluorohexanesulfonic_acid,355-46-4,Default,20,96,1.52E-07,9.12E-05,0.000149837,0.611011736,A,-2.9
2054,Perfluorodecanoic_acid,335-76-2,Default,20,96,2.63E-06,4.32E-07,0.000147366,0.002941431,A,0.1
2055,cyclosporine A,59865-13-3,Default,20,96,1.34E-06,5.24E-05,0.00012258,0.429281369,N,
2056,chlorpromazine,50-53-3,Default,20,96,4.33E-05,6.04E-06,0.000105874,0.057239633,B,9.4
2057,PBDE 47,5436-43-1,Default,20,96,1.16E-05,5.27E-08,0.000134186,3.94E-04,N,
2058,PBDE 99,60348-60-9,Default,20,96,1.31E-05,1.80E-08,0.000134175,1.34E-04,N,
2059,PBDE 153,68631-49-2,Default,20,96,1.40E-05,4.98E-09,0.000134334,3.72E-05,N,
2060,amiodarone,1951-25-3,Default,20,96,1.10E-04,9.64E-08,3.97765E-05,2.43E-03,B,9
2061,Azathioprine,446-86-6,Default,20,96,9.01E-08,0.000148111,0.000148298,1.002652934,A,8.2
2062,Benzocaine,94-09-7,Default,20,96,3.28E-07,0.000122339,0.00013437,0.914027016,N,
2063,Butylated hydroxyanisole,25013-16-5,Default,20,96,1.82819E-06,2.26076E-05,0.000126519,0.179388945,N,
2064,Cetirizine dihydrochloride,83881-52-1,Default,20,96,8.79E-08,0.000149248,0.000149902,0.999530617,A,4.7
2065,Cyclamate,139-05-9,Default,20,96,8.76E-08,0.00014991,0.000149912,1.003896591,B,17.6
2066,Cyclophosphamide,6055-19-2,Default,20,96,1.05E-07,0.000145325,0.000146106,0.998549143,B,6.1
2067,Cypermethrin,67375-30-8,Default,20,96,1.09E-05,7.72E-08,0.000134288,5.77E-04,N,
2068,DEET,134-62-3,Default,20,96,5.33E-07,1.06E-04,0.000129296,0.825481961,N,
2069,Dexamethasone,50-02-2,Default,20,96,3.59E-07,0.000119795,0.00013345,0.901191512,N,
2070,Digoxin,20830-75-5,Default,20,96,1.52E-07,0.000138789,0.000141911,0.981824932,N,
2071,Fenazaquin,120928-09-8,Default,20,96,5.58E-06,5.26E-07,0.000136763,0.003864529,N,
2072,Fenbuconazole,114369-43-6,Default,20,96,1.67E-06,3.21E-05,0.000124406,0.259022637,N,
2073,Fluazinam,79622-59-6,Default,20,96,2.07E-06,6.49E-06,0.000134541,0.048411384,N,
2074,Furosemide,54-31-9,Default,20,96,1.07E-07,0.000134134,0.000149885,0.898416352,A,3
2075,Glybenclamide,10238-21-8,Default,20,96,2.84E-07,1.66E-06,0.000149672,0.011159392,A,5
2076,HC Red 3,2871-01-4,Default,20,96,9.09E-08,0.000147763,0.000147971,1.002502993,N,
2077,Hydralazine hydrochloride,304-20-1,Default,20,96,1.06E-07,0.000145075,0.000145921,0.998089327,B,6
2078,Ketoconazole,65277-42-1,Default,20,96,2.50E-06,3.37E-06,0.00013817,0.024476679,B,6.6
2079,Metformin,1115-70-4,Default,20,96,8.71E-08,0.000149908,0.000149909,1.003904573,B,9.6
2080,Metoclopramide,364-62-5,Default,20,96,1.55E-06,1.38E-04,0.000147295,0.941954217,B,9
2081,Nitrofurantoin,67-20-9,Default,20,96,8.71E-08,0.000149475,0.000149516,1.003643055,A,7.3
2082,Oxytetracycline hydrochloride,2058-46-0,Default,20,96,8.67E-08,0.000149911,0.000149913,1.003897602,A,4.5
2083,Panthenol,16485-10-2 ,Default,20,96,8.69E-08,0.000149381,0.000149398,1.003798496,N,
2084,Paracetamol,103-90-2,Default,20,96,9.64E-08,0.000146488,0.00014695,1.000752536,N,
2085,Topiramate,97240-79-4,Default,20,96,8.67E-08,0.000149642,0.000149647,1.003879421,A,9.2
2086,Trimellitic anhydride,552-30-7,Default,20,96,9.28E-08,0.000145787,0.000149903,0.976348624,A,3.3
2087,Verapamil hydrochloride,152-11-4,Default,20,96,1.51E-05,1.84E-05,0.000133817,0.137922605,B,9.2
2088,Warfarin,129-06-6,Default,20,96,8.19E-07,8.61E-05,0.000125041,0.69115041,N,
2089,Caffeine,58-08-2,MCF7,20,96,1.96E-07,0.000148179,0.000148307,1.003048724,N,
2090,Lamotrigine,84057-84-1,MCF7,20,96,6.29E-07,8.46E-05,0.000126348,0.672055828,B,6.6
2091,Diclofenac,15307-79-6,MCF7,20,96,2.19E-07,0.000149717,0.00014978,1.00348969,B,17.6
2092,"2,4-Dichlorophenoxyacetic",94-75-7,MCF7,20,96,1.41E-07,8.21E-05,0.000149847,0.549870884,A,2.7
2093,(S)-Naproxen,22204-53-1,MCF7,20,96,1.11E-07,4.86E-05,0.000149845,0.325599324,A,4.4
2094,Ibuprofen,15687-27-1,MCF7,20,96,8.44E-08,1.62E-05,0.000149679,0.108453046,A,5.4
2095,Torasemide,56211-40-6,MCF7,20,96,9.66E-08,3.45E-05,0.000149881,0.230791787,A,4
2096,Warfarin,81-81-2,MCF7,20,96,1.50E-07,9.20E-05,0.000149796,0.616902939,A,4.5
2097,di-n-butylphthalate,84-74-2,MCF7,20,96,6.57E-07,1.65E-06,0.000141896,0.01170014,N,
2098,hexachlorophene,70-30-4,MCF7,20,96,4.21E-06,9.16E-08,0.000144667,6.35E-04,A,6.2
2099,hexamethylenetetramine,100-97-0,MCF7,20,96,1.85E-07,0.000140634,0.00014064,1.003871452,B,6.4
2100,Malathion,121-75-5,MCF7,20,96,3.22E-07,9.49E-05,0.000126909,0.751029015,N,
2101,pentachlorophenol,87-86-5,MCF7,20,96,1.25E-07,1.32E-06,0.000149825,0.008849317,A,5
2102,"2,2,2-trichloroethanol",115-20-8,MCF7,20,96,1.95E-07,0.000125815,0.000130008,0.971529898,N,
2103,diethylphthalate,84-66-2,MCF7,20,96,3.40E-07,8.92E-05,0.000125815,0.71196546,N,
2104,4-chlorophenol,106-48-9,MCF7,20,96,3.28E-07,9.27E-05,0.000126277,0.736795306,N,
2105,permethrin,52645-53-1,MCF7,20,96,3.36E-06,1.03E-07,0.000141221,0.000729322,N,
2106,Aniline,62-53-3,MCF7,20,96,1.97E-07,0.000141966,0.000143286,0.994668488,N,
2107,4-fluoroaniline,371-40-4,MCF7,20,96,1.98E-07,0.000137869,0.000140236,0.986966426,N,
2108,"2,4,6-trichlorophenol",88-06-2,MCF7,20,96,2.17E-07,1.66E-05,0.000145038,0.114648247,A,6.8
2109,Allyl alcohol,107-18-6,MCF7,20,96,1.86E-07,0.000139778,0.000139995,1.002358012,N,
2110,N-methylaniline,100-61-8,MCF7,20,96,2.09E-07,0.000121716,0.000129035,0.946971232,N,
2111,"3,4-dichloroaniline",95-76-1,MCF7,20,96,4.06E-07,7.02E-05,0.00012344,0.570648432,N,
2112,4-decylaniline,37529-30-9,MCF7,20,96,3.09E-06,1.44E-07,0.000140881,0.001023937,N,
2113,naphthalene,91-20-3,MCF7,20,96,4.97E-07,2.49E-05,0.000110202,0.227230992,N,
2114,"1,2,4-trichlorobenzene",120-82-1,MCF7,20,96,2.78E-07,2.94E-06,5.81641E-05,0.050740255,N,
2115,"1,2-dichlorobenzene",95-50-1,MCF7,20,96,1.46E-07,5.52E-06,3.15254E-05,0.175780755,N,
2116,dichloromethane,75-09-2,MCF7,20,96,1.66E-08,1.12556E-05,1.15027E-05,0.982349427,N,
2117,tetrachloroethylene,127-18-4,MCF7,20,96,5.69E-08,2.30E-06,1.23392E-05,0.186778431,N,
2118,"2,3-dimethyl-1,3-butadiene",513-81-5,MCF7,20,96,1.05E-09,8.63E-08,2.54E-07,0.341718023,N,
2119,Eugenol F,97-53-0,MCF7,20,96,3.02E-07,1.01E-04,0.000127935,0.790621879,N,
2120,Methyl-antranilate,134-20-3,MCF7,20,96,2.42E-07,0.000121587,0.000134148,0.909918026,N,
2121,Lilyfore,285977-85-7,MCF7,20,96,5.55E-07,3.18E-05,0.000125442,0.254308513,N,
2122,Damascone beta,23726-91-2,MCF7,20,96,6.43E-07,3.40E-06,0.000137573,0.024828186,N,
2123,Veloutone,14595-54-1,MCF7,20,96,1.41E-06,7.42E-07,0.000140553,0.005298327,N,
2124,Verdox,82356-51-2,MCF7,20,96,3.27729E-06,1.12593E-07,0.000140844,0.000802543,N,
2125,Nirvanol,1506-02-1,MCF7,20,96,2.06083E-06,4.07928E-07,0.000140321,0.002918496,N,
2126,Cetalox,3738-00-9,MCF7,20,96,1.55E-06,6.16E-07,0.000137273,0.00450852,N,
2127,Tonalide,21145-77-7,MCF7,20,96,2.06E-06,4.08E-07,0.000140321,0.002918496,N,
2128,"2,4-Dinitrophenol",51-28-5,MCF7,20,96,1.92E-07,0.000142971,0.000149796,0.958172353,A,4.1
2129,Aldrin,309-00-2,MCF7,20,96,3.35E-06,1.02E-07,0.00014081,0.000729322,N,
2130,Azinphos-methyl,86-50-0,MCF7,20,96,4.24E-07,6.56E-05,0.000123408,0.533919875,N,
2131,Chlorpyrifos,2921-88-2,MCF7,20,96,9.97E-07,1.11E-06,0.000141102,0.007897835,N,
2132,"DDD-p,p'",50-29-3,MCF7,20,96,3.87E-06,4.54E-08,0.000142031,3.21E-04,N,
2133,"DDT-o,p'",789-02-6,MCF7,20,96,3.44E-06,9.14E-08,0.000141333,6.49E-04,N,
2134,"DDT-p,p'",72-54-8,MCF7,20,96,2.77E-06,2.05E-07,0.000140596,0.001466675,N,
2135,Diazinon,333-41-5,MCF7,20,96,6.38E-07,1.02E-05,0.000133145,0.07698005,N,
2136,Dicofol,115-32-2,MCF7,20,96,1.07E-06,1.03E-06,0.000141001,0.007351781,N,
2137,Dieldrin,60-57-1,MCF7,20,96,1.19E-06,9.12E-07,0.000140817,0.006503656,N,
2138,Disulfoton,298-04-4,MCF7,20,96,6.48E-07,6.40E-06,0.00013598,0.04728531,N,
2139,Endosulfan I,115-29-7,MCF7,20,96,6.39E-07,9.77E-06,0.000133419,0.073540874,N,
2140,Endrin,72-20-8,MCF7,20,96,1.63E-06,6.05E-07,0.000140435,0.004325509,N,
2141,Ethion,563-12-2,MCF7,20,96,1.13E-06,9.71E-07,0.000140911,0.00691824,N,
2142,Heptachlor,76-44-8,MCF7,20,96,2.73E-06,2.13E-07,0.000140542,0.001518687,N,
2143,Heptachlor epoxide B,1024-57-3,MCF7,20,96,1.02E-06,1.08E-06,0.000141073,0.007712633,N,
2144,Lindane,58-89-9,MCF7,20,96,6.29E-07,1.24E-05,0.000131515,0.094344232,N,
2145,"Methoxychlor-o,p'",72-43-5,MCF7,20,96,1.14E-06,9.59E-07,0.000140893,0.006833824,N,
2146,Parathion,56-38-2,MCF7,20,96,6.39E-07,9.77E-06,0.000133435,0.073540874,N,
2147,Trifluralin,1582-09-8,MCF7,20,96,1.49E-06,6.84E-07,0.000140473,0.004891678,N,
2148,Cisapride,81098-60-4,MCF7,20,96,4.80E-06,4.57E-05,0.000131584,0.348668052,B,7.8
2149,Citalopram hydrobromide,59729-33-8,MCF7,20,96,5.46E-07,3.41E-05,0.000125039,0.273502363,N,
2150,Dofetilide,115256-11-6,MCF7,20,96,9.36E-07,1.41E-04,0.000146485,0.966086922,B,8.4
2151,Moxifloxacin hydrochloride,186826-86-8,MCF7,20,96,1.96E-07,0.000147679,0.000149529,0.991497925,A,6
2152,N-acetylpro-cainamide,32795-44-1,MCF7,20,96,2.64E-07,0.000149364,0.000149613,1.002238337,B,9.2
2153,Quinidine sulfate,50-54-4,MCF7,20,96,6.26E-06,1.13E-04,0.000142677,0.792367969,B,9.3
2154,Sematilide,101526-83-4,MCF7,20,96,2.53E-07,0.000149397,0.000149609,1.002486851,B,9.1
2155,Sotalol hydrochloride,959-24-0,MCF7,20,96,2.04E-07,0.000149714,0.00014974,1.003740425,B,9
2156,Mifepristone,84371-65-3,MCF7,20,96,9.07E-07,1.22E-06,0.000141286,0.008701422,N,
2157,Perfluorobutanesulfonic_acid,375-73-5,MCF7,20,96,1.94E-07,0.00014527,0.000149803,0.973537317,A,-2.9
2158,4_2_Fluorotelomer_sulfonic_acid,757124-72-4,MCF7,20,96,1.91E-07,0.000141354,0.000149804,0.947286791,A,1.4
2159,Perfluorononanoic_acid,375-95-1,MCF7,20,96,4.78E-07,5.83E-07,0.000149517,0.00391147,A,0.1
2160,Perfluorohexanoic_acid,307-24-4,MCF7,20,96,6.29E-08,5.41E-06,0.000149933,0.036254002,A,0.1
2161,Perfluorobutanoic_acid,375-22-4,MCF7,20,96,1.91E-07,0.000142117,0.000149804,0.9524002,A,0.1
2162,Perfluorooctanoic_acid,335-67-1,MCF7,20,96,6.45E-08,6.41E-06,0.000149931,0.042892934,A,0.1
2163,6_2_Fluorotelomer_sulfonic_acid,27619-97-2,MCF7,20,96,1.27E-07,6.71E-05,0.000149861,0.449792138,A,1.4
2164,8_2_Fluorotelomer_sulfonic_acid,39108-34-4,MCF7,20,96,6.34E-08,5.68E-06,0.000149932,0.038042778,A,1.4
2165,Perfluoroundecanoic_acid,2058-94-8,MCF7,20,96,4.01E-07,6.46E-07,0.000149594,0.004338169,A,0.1
2166,Perfluorooctanesulfonic_acid,1763-23-1,MCF7,20,96,4.01E-07,6.46E-07,0.000149594,0.004338169,A,-2.9
2167,Perfluoroheptanoic_acid,375-85-9,MCF7,20,96,8.66E-08,2.50E-05,0.000149905,0.167389596,A,0.1
2168,Perfluoropentanoic_acid,2706-90-3,MCF7,20,96,1.74E-07,1.21E-04,0.000149817,0.807984127,A,0.1
2169,Perfluorohexanesulfonic_acid,355-46-4,MCF7,20,96,1.49E-07,9.12E-05,0.00014984,0.611011736,A,-2.9
2170,Perfluorodecanoic_acid,335-76-2,MCF7,20,96,7.75E-07,4.37E-07,0.000149218,0.002941431,A,0.1
2171,cyclosporine A,59865-13-3,MCF7,20,96,4.73E-07,5.27E-05,0.000123294,0.429281369,N,
2172,chlorpromazine,50-53-3,MCF7,20,96,5.04E-05,5.63E-06,9.88231E-05,0.057239633,B,9.4
2173,PBDE 47,5436-43-1,MCF7,20,96,3.76E-06,5.57E-08,0.000141828,3.94E-04,N,
2174,PBDE 99,60348-60-9,MCF7,20,96,4.24E-06,1.91E-08,0.000142812,1.34E-04,N,
2175,PBDE 153,68631-49-2,MCF7,20,96,4.58E-06,5.33E-09,0.000143673,3.72E-05,N,
2176,amiodarone,1951-25-3,MCF7,20,96,1.16E-04,8.21E-08,3.38628E-05,2.43E-03,B,9
2177,Azathioprine,446-86-6,MCF7,20,96,1.96E-07,0.000148007,0.000148193,1.002652934,A,8.2
2178,Benzocaine,94-09-7,MCF7,20,96,2.40E-07,0.00012241,0.000134448,0.914027016,N,
2179,Butylated hydroxyanisole,25013-16-5,MCF7,20,96,5.91026E-07,2.27964E-05,0.000127575,0.179388945,N,
2180,Cetirizine dihydrochloride,83881-52-1,MCF7,20,96,1.97E-07,0.00014914,0.000149794,0.999530617,A,4.7
2181,Cyclamate,139-05-9,MCF7,20,96,1.98E-07,0.000149799,0.000149802,1.003896591,B,17.6
2182,Cyclophosphamide,6055-19-2,MCF7,20,96,1.99E-07,0.000145233,0.000146014,0.998549143,B,6.1
2183,Cypermethrin,67375-30-8,MCF7,20,96,3.52E-06,8.13E-08,0.000141451,5.77E-04,N,
2184,DEET,134-62-3,MCF7,20,96,2.85E-07,1.06E-04,0.00012951,0.825481961,N,
2185,Dexamethasone,50-02-2,MCF7,20,96,2.47E-07,0.000119885,0.00013355,0.901191512,N,
2186,Digoxin,20830-75-5,MCF7,20,96,2.05E-07,0.00013874,0.000141861,0.981824932,N,
2187,Fenazaquin,120928-09-8,MCF7,20,96,1.75E-06,5.40E-07,0.000140386,0.003864529,N,
2188,Fenbuconazole,114369-43-6,MCF7,20,96,5.53E-07,3.23E-05,0.000125344,0.259022637,N,
2189,Fluazinam,79622-59-6,MCF7,20,96,6.48E-07,6.55E-06,0.000135835,0.048411384,N,
2190,Furosemide,54-31-9,MCF7,20,96,1.85E-07,0.000134065,0.000149807,0.898416352,A,3
2191,Glybenclamide,10238-21-8,MCF7,20,96,8.50E-08,1.67E-06,0.000149871,0.011159392,A,5
2192,HC Red 3,2871-01-4,MCF7,20,96,1.96E-07,0.00014766,0.000147868,1.002502993,N,
2193,Hydralazine hydrochloride,304-20-1,MCF7,20,96,1.99E-07,0.000144984,0.00014583,0.998089327,B,6
2194,Ketoconazole,65277-42-1,MCF7,20,96,1.34E-06,3.40E-06,0.000139261,0.024476679,B,6.6
2195,Metformin,1115-70-4,MCF7,20,96,1.98E-07,0.000149797,0.000149799,1.003904573,B,9.6
2196,Metoclopramide,364-62-5,MCF7,20,96,2.00E-06,1.38E-04,0.000146852,0.941954217,B,9
2197,Nitrofurantoin,67-20-9,MCF7,20,96,1.97E-07,0.000149366,0.000149406,1.003643055,A,7.3
2198,Oxytetracycline hydrochloride,2058-46-0,MCF7,20,96,1.97E-07,0.0001498,0.000149803,1.003897602,A,4.5
2199,Panthenol,16485-10-2 ,MCF7,20,96,1.97E-07,0.000149272,0.000149289,1.003798496,N,
2200,Paracetamol,103-90-2,MCF7,20,96,1.96E-07,0.00014639,0.000146853,1.000752536,N,
2201,Topiramate,97240-79-4,MCF7,20,96,1.97E-07,0.000149532,0.000149537,1.003879421,A,9.2
2202,Trimellitic anhydride,552-30-7,MCF7,20,96,1.94E-07,0.000145688,0.000149802,0.976348624,A,3.3
2203,Verapamil hydrochloride,152-11-4,MCF7,20,96,1.83E-05,1.79E-05,0.000130611,0.137922605,B,9.2
2204,Warfarin,129-06-6,MCF7,20,96,3.50E-07,8.64E-05,0.000125434,0.69115041,N,
2205,Caffeine,58-08-2,HCT116,20,96,4.55E-08,0.000148328,0.000148456,1.003048724,N,
2206,Lamotrigine,84057-84-1,HCT116,20,96,4.50E-07,8.47E-05,0.0001265,0.672055828,B,6.6
2207,Diclofenac,15307-79-6,HCT116,20,96,5.25E-08,0.000149883,0.000149946,1.00348969,B,17.6
2208,"2,4-Dichlorophenoxyacetic",94-75-7,HCT116,20,96,6.62E-08,8.21E-05,0.000149922,0.549870884,A,2.7
2209,(S)-Naproxen,22204-53-1,HCT116,20,96,7.41E-08,4.86E-05,0.000149881,0.325599324,A,4.4
2210,Ibuprofen,15687-27-1,HCT116,20,96,8.60E-08,1.62E-05,0.000149678,0.108453046,A,5.4
2211,Torasemide,56211-40-6,HCT116,20,96,7.56E-08,3.45E-05,0.000149902,0.230791787,A,4
2212,Warfarin,81-81-2,HCT116,20,96,6.42E-08,9.21E-05,0.000149882,0.616902939,A,4.5
2213,di-n-butylphthalate,84-74-2,HCT116,20,96,8.98E-07,1.65E-06,0.000141667,0.01170014,N,
2214,hexachlorophene,70-30-4,HCT116,20,96,5.51E-06,9.07E-08,0.000143384,6.35E-04,A,6.2
2215,hexamethylenetetramine,100-97-0,HCT116,20,96,4.19E-08,0.000140769,0.000140775,1.003871452,B,6.4
2216,Malathion,121-75-5,HCT116,20,96,2.99E-07,9.50E-05,0.000126928,0.751029015,N,
2217,pentachlorophenol,87-86-5,HCT116,20,96,1.58E-07,1.32E-06,0.000149792,0.008849317,A,5
2218,"2,2,2-trichloroethanol",115-20-8,HCT116,20,96,7.74E-08,0.000125913,0.00013011,0.971529898,N,
2219,diethylphthalate,84-66-2,HCT116,20,96,3.33E-07,8.92E-05,0.000125821,0.71196546,N,
2220,4-chlorophenol,106-48-9,HCT116,20,96,3.11E-07,9.27E-05,0.000126291,0.736795306,N,
2221,permethrin,52645-53-1,HCT116,20,96,4.56E-06,1.02E-07,0.000140066,0.000729322,N,
2222,Aniline,62-53-3,HCT116,20,96,5.56E-08,0.0001421,0.000143421,0.994668488,N,
2223,4-fluoroaniline,371-40-4,HCT116,20,96,6.44E-08,0.000137992,0.000140361,0.986966426,N,
2224,"2,4,6-trichlorophenol",88-06-2,HCT116,20,96,2.69E-07,1.66E-05,0.000144988,0.114648247,A,6.8
2225,Allyl alcohol,107-18-6,HCT116,20,96,4.40E-08,0.00013991,0.000140127,1.002358012,N,
2226,N-methylaniline,100-61-8,HCT116,20,96,1.04E-07,0.000121801,0.000129125,0.946971232,N,
2227,"3,4-dichloroaniline",95-76-1,HCT116,20,96,4.53E-07,7.01E-05,0.000123401,0.570648432,N,
2228,4-decylaniline,37529-30-9,HCT116,20,96,4.19E-06,1.43E-07,0.00013982,0.001023937,N,
2229,naphthalene,91-20-3,HCT116,20,96,6.44E-07,2.49E-05,0.000110093,0.227230992,N,
2230,"1,2,4-trichlorobenzene",120-82-1,HCT116,20,96,3.77E-07,2.94E-06,5.81256E-05,0.050740255,N,
2231,"1,2-dichlorobenzene",95-50-1,HCT116,20,96,1.93E-07,5.52E-06,3.15156E-05,0.175780755,N,
2232,dichloromethane,75-09-2,HCT116,20,96,5.75E-09,1.12564E-05,1.15035E-05,0.982349427,N,
2233,tetrachloroethylene,127-18-4,HCT116,20,96,7.48E-08,2.30E-06,1.23377E-05,0.186778431,N,
2234,"2,3-dimethyl-1,3-butadiene",513-81-5,HCT116,20,96,1.32E-09,8.63E-08,2.54E-07,0.341718023,N,
2235,Eugenol F,97-53-0,HCT116,20,96,2.63E-07,1.01E-04,0.000127969,0.790621879,N,
2236,Methyl-antranilate,134-20-3,HCT116,20,96,1.49E-07,0.000121663,0.000134231,0.909918026,N,
2237,Lilyfore,285977-85-7,HCT116,20,96,7.15E-07,3.17E-05,0.000125308,0.254308513,N,
2238,Damascone beta,23726-91-2,HCT116,20,96,8.76E-07,3.40E-06,0.000137358,0.024828186,N,
2239,Veloutone,14595-54-1,HCT116,20,96,1.92E-06,7.39E-07,0.000140067,0.005298327,N,
2240,Verdox,82356-51-2,HCT116,20,96,4.44979E-06,1.11693E-07,0.000139718,0.000802543,N,
2241,Nirvanol,1506-02-1,HCT116,20,96,2.80867E-06,4.05866E-07,0.000139611,0.002918496,N,
2242,Cetalox,3738-00-9,HCT116,20,96,2.11E-06,6.14E-07,0.000136751,0.00450852,N,
2243,Tonalide,21145-77-7,HCT116,20,96,2.81E-06,4.06E-07,0.000139611,0.002918496,N,
2244,"2,4-Dinitrophenol",51-28-5,HCT116,20,96,4.76E-08,0.000143109,0.000149941,0.958172353,A,4.1
2245,Aldrin,309-00-2,HCT116,20,96,4.54E-06,1.01E-07,0.000139662,0.000729322,N,
2246,Azinphos-methyl,86-50-0,HCT116,20,96,4.84E-07,6.56E-05,0.000123359,0.533919875,N,
2247,Chlorpyrifos,2921-88-2,HCT116,20,96,1.36E-06,1.11E-06,0.000140756,0.007897835,N,
2248,"DDD-p,p'",50-29-3,HCT116,20,96,5.24E-06,4.50E-08,0.000140695,3.21E-04,N,
2249,"DDT-o,p'",789-02-6,HCT116,20,96,4.67E-06,9.06E-08,0.000140148,6.49E-04,N,
2250,"DDT-p,p'",72-54-8,HCT116,20,96,3.76E-06,2.04E-07,0.000139645,0.001466675,N,
2251,Diazinon,333-41-5,HCT116,20,96,8.60E-07,1.02E-05,0.000132948,0.07698005,N,
2252,Dicofol,115-32-2,HCT116,20,96,1.46E-06,1.03E-06,0.000140631,0.007351781,N,
2253,Dieldrin,60-57-1,HCT116,20,96,1.63E-06,9.10E-07,0.000140404,0.006503656,N,
2254,Disulfoton,298-04-4,HCT116,20,96,8.79E-07,6.39E-06,0.00013577,0.04728531,N,
2255,Endosulfan I,115-29-7,HCT116,20,96,8.62E-07,9.76E-06,0.00013322,0.073540874,N,
2256,Endrin,72-20-8,HCT116,20,96,2.22E-06,6.03E-07,0.000139873,0.004325509,N,
2257,Ethion,563-12-2,HCT116,20,96,1.54E-06,9.68E-07,0.00014052,0.00691824,N,
2258,Heptachlor,76-44-8,HCT116,20,96,3.72E-06,2.11E-07,0.000139603,0.001518687,N,
2259,Heptachlor epoxide B,1024-57-3,HCT116,20,96,1.39E-06,1.08E-06,0.000140719,0.007712633,N,
2260,Lindane,58-89-9,HCT116,20,96,8.44E-07,1.23E-05,0.000131325,0.094344232,N,
2261,"Methoxychlor-o,p'",72-43-5,HCT116,20,96,1.56E-06,9.56E-07,0.000140498,0.006833824,N,
2262,Parathion,56-38-2,HCT116,20,96,8.62E-07,9.76E-06,0.000133236,0.073540874,N,
2263,Trifluralin,1582-09-8,HCT116,20,96,2.04E-06,6.82E-07,0.000139958,0.004891678,N,
2264,Cisapride,81098-60-4,HCT116,20,96,2.04E-06,4.66E-05,0.000134082,0.348668052,B,7.8
2265,Citalopram hydrobromide,59729-33-8,HCT116,20,96,6.99E-07,3.40E-05,0.000124912,0.273502363,N,
2266,Dofetilide,115256-11-6,HCT116,20,96,3.28E-07,1.42E-04,0.000147083,0.966086922,B,8.4
2267,Moxifloxacin hydrochloride,186826-86-8,HCT116,20,96,4.63E-08,0.000147827,0.000149678,0.991497925,A,6
2268,N-acetylpro-cainamide,32795-44-1,HCT116,20,96,6.92E-08,0.000149558,0.000149808,1.002238337,B,9.2
2269,Quinidine sulfate,50-54-4,HCT116,20,96,2.33E-06,1.16E-04,0.000146578,0.792367969,B,9.3
2270,Sematilide,101526-83-4,HCT116,20,96,6.50E-08,0.000149584,0.000149797,1.002486851,B,9.1
2271,Sotalol hydrochloride,959-24-0,HCT116,20,96,4.73E-08,0.000149871,0.000149897,1.003740425,B,9
2272,Mifepristone,84371-65-3,HCT116,20,96,1.24E-06,1.22E-06,0.000140971,0.008701422,N,
2273,Perfluorobutanesulfonic_acid,375-73-5,HCT116,20,96,4.67E-08,0.000145413,0.00014995,0.973537317,A,-2.9
2274,4_2_Fluorotelomer_sulfonic_acid,757124-72-4,HCT116,20,96,4.82E-08,0.000141489,0.000149947,0.947286791,A,1.4
2275,Perfluorononanoic_acid,375-95-1,HCT116,20,96,6.07E-07,5.82E-07,0.000149387,0.00391147,A,0.1
2276,Perfluorohexanoic_acid,307-24-4,HCT116,20,96,7.27E-08,5.41E-06,0.000149923,0.036254002,A,0.1
2277,Perfluorobutanoic_acid,375-22-4,HCT116,20,96,4.79E-08,0.000142253,0.000149947,0.9524002,A,0.1
2278,Perfluorooctanoic_acid,335-67-1,HCT116,20,96,7.33E-08,6.41E-06,0.000149922,0.042892934,A,0.1
2279,6_2_Fluorotelomer_sulfonic_acid,27619-97-2,HCT116,20,96,6.96E-08,6.72E-05,0.000149919,0.449792138,A,1.4
2280,8_2_Fluorotelomer_sulfonic_acid,39108-34-4,HCT116,20,96,7.29E-08,5.68E-06,0.000149922,0.038042778,A,1.4
2281,Perfluoroundecanoic_acid,2058-94-8,HCT116,20,96,5.09E-07,6.46E-07,0.000149486,0.004338169,A,0.1
2282,Perfluorooctanesulfonic_acid,1763-23-1,HCT116,20,96,5.09E-07,6.46E-07,0.000149486,0.004338169,A,-2.9
2283,Perfluoroheptanoic_acid,375-85-9,HCT116,20,96,7.59E-08,2.50E-05,0.000149915,0.167389596,A,0.1
2284,Perfluoropentanoic_acid,2706-90-3,HCT116,20,96,5.54E-08,1.21E-04,0.000149936,0.807984127,A,0.1
2285,Perfluorohexanesulfonic_acid,355-46-4,HCT116,20,96,6.38E-08,9.12E-05,0.000149925,0.611011736,A,-2.9
2286,Perfluorodecanoic_acid,335-76-2,HCT116,20,96,9.86E-07,4.37E-07,0.000149008,0.002941431,A,0.1
2287,cyclosporine A,59865-13-3,HCT116,20,96,5.70E-07,5.27E-05,0.000123214,0.429281369,N,
2288,chlorpromazine,50-53-3,HCT116,20,96,2.34E-05,7.17E-06,0.000125669,0.057239633,B,9.4
2289,PBDE 47,5436-43-1,HCT116,20,96,5.09E-06,5.52E-08,0.000140532,3.94E-04,N,
2290,PBDE 99,60348-60-9,HCT116,20,96,5.74E-06,1.89E-08,0.000141343,1.34E-04,N,
2291,PBDE 153,68631-49-2,HCT116,20,96,6.19E-06,5.27E-09,0.000142084,3.72E-05,N,
2292,amiodarone,1951-25-3,HCT116,20,96,8.30E-05,1.60E-07,6.6157E-05,2.43E-03,B,9
2293,Azathioprine,446-86-6,HCT116,20,96,4.59E-08,0.000148155,0.000148341,1.002652934,A,8.2
2294,Benzocaine,94-09-7,HCT116,20,96,1.45E-07,0.000122488,0.000134534,0.914027016,N,
2295,Butylated hydroxyanisole,25013-16-5,HCT116,20,96,7.76835E-07,2.2768E-05,0.000127417,0.179388945,N,
2296,Cetirizine dihydrochloride,83881-52-1,HCT116,20,96,4.49E-08,0.000149291,0.000149945,0.999530617,A,4.7
2297,Cyclamate,139-05-9,HCT116,20,96,4.49E-08,0.000149952,0.000149955,1.003896591,B,17.6
2298,Cyclophosphamide,6055-19-2,HCT116,20,96,5.20E-08,0.000145376,0.000146157,0.998549143,B,6.1
2299,Cypermethrin,67375-30-8,HCT116,20,96,4.78E-06,8.06E-08,0.000140238,5.77E-04,N,
2300,DEET,134-62-3,HCT116,20,96,2.31E-07,1.07E-04,0.000129557,0.825481961,N,
2301,Dexamethasone,50-02-2,HCT116,20,96,1.58E-07,0.000119955,0.000133629,0.901191512,N,
2302,Digoxin,20830-75-5,HCT116,20,96,7.16E-08,0.000138863,0.000141987,0.981824932,N,
2303,Fenazaquin,120928-09-8,HCT116,20,96,2.39E-06,5.38E-07,0.000139782,0.003864529,N,
2304,Fenbuconazole,114369-43-6,HCT116,20,96,7.11E-07,3.23E-05,0.000125212,0.259022637,N,
2305,Fluazinam,79622-59-6,HCT116,20,96,8.78E-07,6.54E-06,0.000135625,0.048411384,N,
2306,Furosemide,54-31-9,HCT116,20,96,5.09E-08,0.000134185,0.000149942,0.898416352,A,3
2307,Glybenclamide,10238-21-8,HCT116,20,96,1.06E-07,1.67E-06,0.00014985,0.011159392,A,5
2308,HC Red 3,2871-01-4,HCT116,20,96,4.62E-08,0.000147808,0.000148016,1.002502993,N,
2309,Hydralazine hydrochloride,304-20-1,HCT116,20,96,5.25E-08,0.000145126,0.000145973,0.998089327,B,6
2310,Ketoconazole,65277-42-1,HCT116,20,96,1.09E-06,3.40E-06,0.000139493,0.024476679,B,6.6
2311,Metformin,1115-70-4,HCT116,20,96,4.48E-08,0.00014995,0.000149952,1.003904573,B,9.6
2312,Metoclopramide,364-62-5,HCT116,20,96,7.14E-07,1.39E-04,0.000148125,0.941954217,B,9
2313,Nitrofurantoin,67-20-9,HCT116,20,96,4.47E-08,0.000149518,0.000149558,1.003643055,A,7.3
2314,Oxytetracycline hydrochloride,2058-46-0,HCT116,20,96,4.46E-08,0.000149953,0.000149955,1.003897602,A,4.5
2315,Panthenol,16485-10-2 ,HCT116,20,96,4.46E-08,0.000149423,0.00014944,1.003798496,N,
2316,Paracetamol,103-90-2,HCT116,20,96,4.85E-08,0.000146534,0.000146997,1.000752536,N,
2317,Topiramate,97240-79-4,HCT116,20,96,4.45E-08,0.000149684,0.000149689,1.003879421,A,9.2
2318,Trimellitic anhydride,552-30-7,HCT116,20,96,4.65E-08,0.000145832,0.000149949,0.976348624,A,3.3
2319,Verapamil hydrochloride,152-11-4,HCT116,20,96,7.25E-06,1.94E-05,0.000141571,0.137922605,B,9.2
2320,Warfarin,129-06-6,HCT116,20,96,3.51E-07,8.64E-05,0.000125433,0.69115041,N,
2321,Caffeine,58-08-2,HEK293T,20,96,1.32E-07,0.000148242,0.00014837,1.003048724,N,
2322,Lamotrigine,84057-84-1,HEK293T,20,96,6.89E-07,8.45E-05,0.000126297,0.672055828,B,6.6
2323,Diclofenac,15307-79-6,HEK293T,20,96,1.49E-07,0.000149786,0.00014985,1.00348969,B,17.6
2324,"2,4-Dichlorophenoxyacetic",94-75-7,HEK293T,20,96,1.19E-07,8.21E-05,0.000149869,0.549870884,A,2.7
2325,(S)-Naproxen,22204-53-1,HEK293T,20,96,1.10E-07,4.86E-05,0.000149846,0.325599324,A,4.4
2326,Ibuprofen,15687-27-1,HEK293T,20,96,1.06E-07,1.62E-05,0.000149658,0.108453046,A,5.4
2327,Torasemide,56211-40-6,HEK293T,20,96,1.04E-07,3.45E-05,0.000149874,0.230791787,A,4
2328,Warfarin,81-81-2,HEK293T,20,96,1.22E-07,9.21E-05,0.000149824,0.616902939,A,4.5
2329,di-n-butylphthalate,84-74-2,HEK293T,20,96,1.08E-06,1.65E-06,0.000141499,0.01170014,N,
2330,hexachlorophene,70-30-4,HEK293T,20,96,6.33E-06,9.02E-08,0.000142562,6.35E-04,A,6.2
2331,hexamethylenetetramine,100-97-0,HEK293T,20,96,1.24E-07,0.000140692,0.000140698,1.003871452,B,6.4
2332,Malathion,121-75-5,HEK293T,20,96,4.08E-07,9.49E-05,0.000126836,0.751029015,N,
2333,pentachlorophenol,87-86-5,HEK293T,20,96,1.79E-07,1.32E-06,0.000149772,0.008849317,A,5
2334,"2,2,2-trichloroethanol",115-20-8,HEK293T,20,96,1.59E-07,0.000125845,0.00013004,0.971529898,N,
2335,diethylphthalate,84-66-2,HEK293T,20,96,4.46E-07,8.92E-05,0.000125726,0.71196546,N,
2336,4-chlorophenol,106-48-9,HEK293T,20,96,4.21E-07,9.26E-05,0.000126198,0.736795306,N,
2337,permethrin,52645-53-1,HEK293T,20,96,5.41E-06,1.01E-07,0.00013924,0.000729322,N,
2338,Aniline,62-53-3,HEK293T,20,96,1.41E-07,0.000142019,0.000143339,0.994668488,N,
2339,4-fluoroaniline,371-40-4,HEK293T,20,96,1.49E-07,0.000137914,0.000140282,0.986966426,N,
2340,"2,4,6-trichlorophenol",88-06-2,HEK293T,20,96,3.27E-07,1.66E-05,0.000144932,0.114648247,A,6.8
2341,Allyl alcohol,107-18-6,HEK293T,20,96,1.26E-07,0.000139834,0.000140051,1.002358012,N,
2342,N-methylaniline,100-61-8,HEK293T,20,96,1.88E-07,0.000121733,0.000129053,0.946971232,N,
2343,"3,4-dichloroaniline",95-76-1,HEK293T,20,96,5.80E-07,7.01E-05,0.000123297,0.570648432,N,
2344,4-decylaniline,37529-30-9,HEK293T,20,96,4.99E-06,1.42E-07,0.00013906,0.001023937,N,
2345,naphthalene,91-20-3,HEK293T,20,96,7.85E-07,2.49E-05,0.000109989,0.227230992,N,
2346,"1,2,4-trichlorobenzene",120-82-1,HEK293T,20,96,4.53E-07,2.94E-06,5.80961E-05,0.050740255,N,
2347,"1,2-dichlorobenzene",95-50-1,HEK293T,20,96,2.34E-07,5.52E-06,3.15069E-05,0.175780755,N,
2348,dichloromethane,75-09-2,HEK293T,20,96,1.28E-08,1.12559E-05,1.1503E-05,0.982349427,N,
2349,tetrachloroethylene,127-18-4,HEK293T,20,96,9.09E-08,2.30E-06,1.23364E-05,0.186778431,N,
2350,"2,3-dimethyl-1,3-butadiene",513-81-5,HEK293T,20,96,1.62E-09,8.63E-08,2.54E-07,0.341718023,N,
2351,Eugenol F,97-53-0,HEK293T,20,96,3.68E-07,1.01E-04,0.000127879,0.790621879,N,
2352,Methyl-antranilate,134-20-3,HEK293T,20,96,2.43E-07,0.000121587,0.000134147,0.909918026,N,
2353,Lilyfore,285977-85-7,HEK293T,20,96,8.73E-07,3.17E-05,0.000125175,0.254308513,N,
2354,Damascone beta,23726-91-2,HEK293T,20,96,1.05E-06,3.39E-06,0.000137197,0.024828186,N,
2355,Veloutone,14595-54-1,HEK293T,20,96,2.29E-06,7.37E-07,0.000139715,0.005298327,N,
2356,Verdox,82356-51-2,HEK293T,20,96,5.28798E-06,1.1105E-07,0.000138914,0.000802543,N,
2357,Nirvanol,1506-02-1,HEK293T,20,96,3.3477E-06,4.0438E-07,0.0001391,0.002918496,N,
2358,Cetalox,3738-00-9,HEK293T,20,96,2.52E-06,6.12E-07,0.000136373,0.00450852,N,
2359,Tonalide,21145-77-7,HEK293T,20,96,3.35E-06,4.04E-07,0.0001391,0.002918496,N,
2360,"2,4-Dinitrophenol",51-28-5,HEK293T,20,96,1.31E-07,0.000143029,0.000149857,0.958172353,A,4.1
2361,Aldrin,309-00-2,HEK293T,20,96,5.40E-06,1.01E-07,0.000138841,0.000729322,N,
2362,Azinphos-methyl,86-50-0,HEK293T,20,96,6.15E-07,6.55E-05,0.000123251,0.533919875,N,
2363,Chlorpyrifos,2921-88-2,HEK293T,20,96,1.63E-06,1.11E-06,0.000140504,0.007897835,N,
2364,"DDD-p,p'",50-29-3,HEK293T,20,96,6.22E-06,4.47E-08,0.000139744,3.21E-04,N,
2365,"DDT-o,p'",789-02-6,HEK293T,20,96,5.55E-06,9.01E-08,0.000139302,6.49E-04,N,
2366,"DDT-p,p'",72-54-8,HEK293T,20,96,4.48E-06,2.03E-07,0.000138963,0.001466675,N,
2367,Diazinon,333-41-5,HEK293T,20,96,1.03E-06,1.02E-05,0.000132792,0.07698005,N,
2368,Dicofol,115-32-2,HEK293T,20,96,1.74E-06,1.03E-06,0.000140361,0.007351781,N,
2369,Dieldrin,60-57-1,HEK293T,20,96,1.94E-06,9.08E-07,0.000140105,0.006503656,N,
2370,Disulfoton,298-04-4,HEK293T,20,96,1.06E-06,6.39E-06,0.000135609,0.04728531,N,
2371,Endosulfan I,115-29-7,HEK293T,20,96,1.04E-06,9.75E-06,0.000133063,0.073540874,N,
2372,Endrin,72-20-8,HEK293T,20,96,2.65E-06,6.01E-07,0.000139467,0.004325509,N,
2373,Ethion,563-12-2,HEK293T,20,96,1.84E-06,9.66E-07,0.000140236,0.00691824,N,
2374,Heptachlor,76-44-8,HEK293T,20,96,4.42E-06,2.10E-07,0.000138929,0.001518687,N,
2375,Heptachlor epoxide B,1024-57-3,HEK293T,20,96,1.67E-06,1.08E-06,0.000140462,0.007712633,N,
2376,Lindane,58-89-9,HEK293T,20,96,1.02E-06,1.23E-05,0.000131173,0.094344232,N,
2377,"Methoxychlor-o,p'",72-43-5,HEK293T,20,96,1.86E-06,9.54E-07,0.000140211,0.006833824,N,
2378,Parathion,56-38-2,HEK293T,20,96,1.04E-06,9.75E-06,0.000133079,0.073540874,N,
2379,Trifluralin,1582-09-8,HEK293T,20,96,2.43E-06,6.80E-07,0.000139585,0.004891678,N,
2380,Cisapride,81098-60-4,HEK293T,20,96,4.09E-06,4.59E-05,0.00013222,0.348668052,B,7.8
2381,Citalopram hydrobromide,59729-33-8,HEK293T,20,96,8.55E-07,3.40E-05,0.000124781,0.273502363,N,
2382,Dofetilide,115256-11-6,HEK293T,20,96,7.37E-07,1.41E-04,0.00014668,0.966086922,B,8.4
2383,Moxifloxacin hydrochloride,186826-86-8,HEK293T,20,96,1.33E-07,0.000147742,0.000149592,0.991497925,A,6
2384,N-acetylpro-cainamide,32795-44-1,HEK293T,20,96,1.86E-07,0.000149442,0.000149692,1.002238337,B,9.2
2385,Quinidine sulfate,50-54-4,HEK293T,20,96,5.05E-06,1.14E-04,0.000143878,0.792367969,B,9.3
2386,Sematilide,101526-83-4,HEK293T,20,96,1.77E-07,0.000149473,0.000149686,1.002486851,B,9.1
2387,Sotalol hydrochloride,959-24-0,HEK293T,20,96,1.38E-07,0.000149781,0.000149807,1.003740425,B,9
2388,Mifepristone,84371-65-3,HEK293T,20,96,1.48E-06,1.22E-06,0.000140741,0.008701422,N,
2389,Perfluorobutanesulfonic_acid,375-73-5,HEK293T,20,96,1.32E-07,0.00014533,0.000149865,0.973537317,A,-2.9
2390,4_2_Fluorotelomer_sulfonic_acid,757124-72-4,HEK293T,20,96,1.31E-07,0.000141411,0.000149864,0.947286791,A,1.4
2391,Perfluorononanoic_acid,375-95-1,HEK293T,20,96,6.81E-07,5.82E-07,0.000149314,0.00391147,A,0.1
2392,Perfluorohexanoic_acid,307-24-4,HEK293T,20,96,8.45E-08,5.41E-06,0.000149911,0.036254002,A,0.1
2393,Perfluorobutanoic_acid,375-22-4,HEK293T,20,96,1.31E-07,0.000142174,0.000149864,0.9524002,A,0.1
2394,Perfluorooctanoic_acid,335-67-1,HEK293T,20,96,8.57E-08,6.40E-06,0.000149909,0.042892934,A,0.1
2395,6_2_Fluorotelomer_sulfonic_acid,27619-97-2,HEK293T,20,96,1.15E-07,6.71E-05,0.000149874,0.449792138,A,1.4
2396,8_2_Fluorotelomer_sulfonic_acid,39108-34-4,HEK293T,20,96,8.48E-08,5.68E-06,0.000149911,0.038042778,A,1.4
2397,Perfluoroundecanoic_acid,2058-94-8,HEK293T,20,96,5.71E-07,6.46E-07,0.000149424,0.004338169,A,0.1
2398,Perfluorooctanesulfonic_acid,1763-23-1,HEK293T,20,96,5.71E-07,6.46E-07,0.000149424,0.004338169,A,-2.9
2399,Perfluoroheptanoic_acid,375-85-9,HEK293T,20,96,9.87E-08,2.50E-05,0.000149893,0.167389596,A,0.1
2400,Perfluoropentanoic_acid,2706-90-3,HEK293T,20,96,1.28E-07,1.21E-04,0.000149863,0.807984127,A,0.1
2401,Perfluorohexanesulfonic_acid,355-46-4,HEK293T,20,96,1.21E-07,9.12E-05,0.000149868,0.611011736,A,-2.9
2402,Perfluorodecanoic_acid,335-76-2,HEK293T,20,96,1.10E-06,4.36E-07,0.000148889,0.002941431,A,0.1
2403,cyclosporine A,59865-13-3,HEK293T,20,96,7.11E-07,5.26E-05,0.000123098,0.429281369,N,
2404,chlorpromazine,50-53-3,HEK293T,20,96,4.34E-05,6.04E-06,0.000105853,0.057239633,B,9.4
2405,PBDE 47,5436-43-1,HEK293T,20,96,6.05E-06,5.48E-08,0.000139608,3.94E-04,N,
2406,PBDE 99,60348-60-9,HEK293T,20,96,6.81E-06,1.88E-08,0.0001403,1.34E-04,N,
2407,PBDE 153,68631-49-2,HEK293T,20,96,7.33E-06,5.23E-09,0.000140959,3.72E-05,N,
2408,amiodarone,1951-25-3,HEK293T,20,96,1.10E-04,9.66E-08,3.9868E-05,2.43E-03,B,9
2409,Azathioprine,446-86-6,HEK293T,20,96,1.32E-07,0.00014807,0.000148256,1.002652934,A,8.2
2410,Benzocaine,94-09-7,HEK293T,20,96,2.38E-07,0.000122412,0.00013445,0.914027016,N,
2411,Butylated hydroxyanisole,25013-16-5,HEK293T,20,96,9.42485E-07,2.27428E-05,0.000127275,0.179388945,N,
2412,Cetirizine dihydrochloride,83881-52-1,HEK293T,20,96,1.32E-07,0.000149204,0.000149859,0.999530617,A,4.7
2413,Cyclamate,139-05-9,HEK293T,20,96,1.33E-07,0.000149865,0.000149867,1.003896591,B,17.6
2414,Cyclophosphamide,6055-19-2,HEK293T,20,96,1.39E-07,0.000145291,0.000146072,0.998549143,B,6.1
2415,Cypermethrin,67375-30-8,HEK293T,20,96,5.67E-06,8.01E-08,0.000139373,5.77E-04,N,
2416,DEET,134-62-3,HEK293T,20,96,3.33E-07,1.06E-04,0.000129469,0.825481961,N,
2417,Dexamethasone,50-02-2,HEK293T,20,96,2.52E-07,0.00011988,0.000133544,0.901191512,N,
2418,Digoxin,20830-75-5,HEK293T,20,96,1.59E-07,0.000138783,0.000141905,0.981824932,N,
2419,Fenazaquin,120928-09-8,HEK293T,20,96,2.85E-06,5.36E-07,0.000139346,0.003864529,N,
2420,Fenbuconazole,114369-43-6,HEK293T,20,96,8.69E-07,3.23E-05,0.00012508,0.259022637,N,
2421,Fluazinam,79622-59-6,HEK293T,20,96,1.06E-06,6.53E-06,0.000135465,0.048411384,N,
2422,Furosemide,54-31-9,HEK293T,20,96,1.30E-07,0.000134114,0.000149862,0.898416352,A,3
2423,Glybenclamide,10238-21-8,HEK293T,20,96,1.21E-07,1.67E-06,0.000149835,0.011159392,A,5
2424,HC Red 3,2871-01-4,HEK293T,20,96,1.33E-07,0.000147722,0.00014793,1.002502993,N,
2425,Hydralazine hydrochloride,304-20-1,HEK293T,20,96,1.39E-07,0.000145042,0.000145888,0.998089327,B,6
2426,Ketoconazole,65277-42-1,HEK293T,20,96,1.58E-06,3.39E-06,0.000139036,0.024476679,B,6.6
2427,Metformin,1115-70-4,HEK293T,20,96,1.32E-07,0.000149863,0.000149864,1.003904573,B,9.6
2428,Metoclopramide,364-62-5,HEK293T,20,96,1.59E-06,1.38E-04,0.000147259,0.941954217,B,9
2429,Nitrofurantoin,67-20-9,HEK293T,20,96,1.32E-07,0.000149431,0.000149471,1.003643055,A,7.3
2430,Oxytetracycline hydrochloride,2058-46-0,HEK293T,20,96,1.32E-07,0.000149866,0.000149868,1.003897602,A,4.5
2431,Panthenol,16485-10-2 ,HEK293T,20,96,1.32E-07,0.000149336,0.000149354,1.003798496,N,
2432,Paracetamol,103-90-2,HEK293T,20,96,1.35E-07,0.00014645,0.000146913,1.000752536,N,
2433,Topiramate,97240-79-4,HEK293T,20,96,1.32E-07,0.000149597,0.000149602,1.003879421,A,9.2
2434,Trimellitic anhydride,552-30-7,HEK293T,20,96,1.32E-07,0.000145749,0.000149864,0.976348624,A,3.3
2435,Verapamil hydrochloride,152-11-4,HEK293T,20,96,1.51E-05,1.84E-05,0.000133823,0.137922605,B,9.2
2436,Warfarin,129-06-6,HEK293T,20,96,4.67E-07,8.63E-05,0.000125336,0.69115041,N,
2437,Caffeine,58-08-2,HepG2,20,96,5.37E-08,0.00014832,0.000148448,1.003048724,N,
2438,Lamotrigine,84057-84-1,HepG2,20,96,6.09E-07,8.46E-05,0.000126365,0.672055828,B,6.6
2439,Diclofenac,15307-79-6,HepG2,20,96,6.22E-08,0.000149873,0.000149936,1.00348969,B,17.6
2440,"2,4-Dichlorophenoxyacetic",94-75-7,HepG2,20,96,8.90E-08,8.21E-05,0.000149899,0.549870884,A,2.7
2441,(S)-Naproxen,22204-53-1,HepG2,20,96,1.03E-07,4.86E-05,0.000149852,0.325599324,A,4.4
2442,Ibuprofen,15687-27-1,HepG2,20,96,1.23E-07,1.62E-05,0.000149641,0.108453046,A,5.4
2443,Torasemide,56211-40-6,HepG2,20,96,1.06E-07,3.45E-05,0.000149872,0.230791787,A,4
2444,Warfarin,81-81-2,HepG2,20,96,8.54E-08,9.21E-05,0.00014986,0.616902939,A,4.5
2445,di-n-butylphthalate,84-74-2,HepG2,20,96,1.26E-06,1.65E-06,0.000141325,0.01170014,N,
2446,hexachlorophene,70-30-4,HepG2,20,96,7.73E-06,8.93E-08,0.000141173,6.35E-04,A,6.2
2447,hexamethylenetetramine,100-97-0,HepG2,20,96,4.92E-08,0.000140762,0.000140768,1.003871452,B,6.4
2448,Malathion,121-75-5,HepG2,20,96,4.13E-07,9.49E-05,0.000126832,0.751029015,N,
2449,pentachlorophenol,87-86-5,HepG2,20,96,2.28E-07,1.32E-06,0.000149722,0.008849317,A,5
2450,"2,2,2-trichloroethanol",115-20-8,HepG2,20,96,1.00E-07,0.000125894,0.000130091,0.971529898,N,
2451,diethylphthalate,84-66-2,HepG2,20,96,4.61E-07,8.92E-05,0.000125714,0.71196546,N,
2452,4-chlorophenol,106-48-9,HepG2,20,96,4.30E-07,9.26E-05,0.000126191,0.736795306,N,
2453,permethrin,52645-53-1,HepG2,20,96,6.33E-06,1.01E-07,0.000138359,0.000729322,N,
2454,Aniline,62-53-3,HepG2,20,96,6.83E-08,0.000142088,0.000143409,0.994668488,N,
2455,4-fluoroaniline,371-40-4,HepG2,20,96,8.08E-08,0.000137977,0.000140346,0.986966426,N,
2456,"2,4,6-trichlorophenol",88-06-2,HepG2,20,96,3.78E-07,1.65E-05,0.000144882,0.114648247,A,6.8
2457,Allyl alcohol,107-18-6,HepG2,20,96,5.21E-08,0.000139903,0.00014012,1.002358012,N,
2458,N-methylaniline,100-61-8,HepG2,20,96,1.37E-07,0.000121774,0.000129097,0.946971232,N,
2459,"3,4-dichloroaniline",95-76-1,HepG2,20,96,6.30E-07,7.01E-05,0.000123255,0.570648432,N,
2460,4-decylaniline,37529-30-9,HepG2,20,96,5.83E-06,1.41E-07,0.00013825,0.001023937,N,
2461,naphthalene,91-20-3,HepG2,20,96,9.01E-07,2.49E-05,0.000109904,0.227230992,N,
2462,"1,2,4-trichlorobenzene",120-82-1,HepG2,20,96,5.28E-07,2.93E-06,5.80667E-05,0.050740255,N,
2463,"1,2-dichlorobenzene",95-50-1,HepG2,20,96,2.70E-07,5.52E-06,3.14993E-05,0.175780755,N,
2464,dichloromethane,75-09-2,HepG2,20,96,7.30E-09,1.12563E-05,1.15034E-05,0.982349427,N,
2465,tetrachloroethylene,127-18-4,HepG2,20,96,1.05E-07,2.29E-06,1.23352E-05,0.186778431,N,
2466,"2,3-dimethyl-1,3-butadiene",513-81-5,HepG2,20,96,1.84E-09,8.63E-08,2.54E-07,0.341718023,N,
2467,Eugenol F,97-53-0,HepG2,20,96,3.62E-07,1.01E-04,0.000127884,0.790621879,N,
2468,Methyl-antranilate,134-20-3,HepG2,20,96,2.01E-07,0.000121621,0.000134184,0.909918026,N,
2469,Lilyfore,285977-85-7,HepG2,20,96,9.99E-07,3.17E-05,0.000125069,0.254308513,N,
2470,Damascone beta,23726-91-2,HepG2,20,96,1.23E-06,3.39E-06,0.000137034,0.024828186,N,
2471,Veloutone,14595-54-1,HepG2,20,96,2.68E-06,7.35E-07,0.000139344,0.005298327,N,
2472,Verdox,82356-51-2,HepG2,20,96,6.18245E-06,1.10363E-07,0.000138055,0.000802543,N,
2473,Nirvanol,1506-02-1,HepG2,20,96,3.91806E-06,4.02807E-07,0.000138559,0.002918496,N,
2474,Cetalox,3738-00-9,HepG2,20,96,2.95E-06,6.11E-07,0.000135976,0.00450852,N,
2475,Tonalide,21145-77-7,HepG2,20,96,3.92E-06,4.03E-07,0.000138559,0.002918496,N,
2476,"2,4-Dinitrophenol",51-28-5,HepG2,20,96,5.72E-08,0.0001431,0.000149931,0.958172353,A,4.1
2477,Aldrin,309-00-2,HepG2,20,96,6.31E-06,1.00E-07,0.000137965,0.000729322,N,
2478,Azinphos-methyl,86-50-0,HepG2,20,96,6.74E-07,6.55E-05,0.000123202,0.533919875,N,
2479,Chlorpyrifos,2921-88-2,HepG2,20,96,1.91E-06,1.10E-06,0.00014024,0.007897835,N,
2480,"DDD-p,p'",50-29-3,HepG2,20,96,7.27E-06,4.44E-08,0.000138724,3.21E-04,N,
2481,"DDT-o,p'",789-02-6,HepG2,20,96,6.48E-06,8.95E-08,0.000138398,6.49E-04,N,
2482,"DDT-p,p'",72-54-8,HepG2,20,96,5.24E-06,2.02E-07,0.000138238,0.001466675,N,
2483,Diazinon,333-41-5,HepG2,20,96,1.20E-06,1.02E-05,0.000132641,0.07698005,N,
2484,Dicofol,115-32-2,HepG2,20,96,2.04E-06,1.03E-06,0.000140079,0.007351781,N,
2485,Dieldrin,60-57-1,HepG2,20,96,2.27E-06,9.06E-07,0.00013979,0.006503656,N,
2486,Disulfoton,298-04-4,HepG2,20,96,1.23E-06,6.38E-06,0.000135449,0.04728531,N,
2487,Endosulfan I,115-29-7,HepG2,20,96,1.21E-06,9.74E-06,0.000132912,0.073540874,N,
2488,Endrin,72-20-8,HepG2,20,96,3.10E-06,5.99E-07,0.000139039,0.004325509,N,
2489,Ethion,563-12-2,HepG2,20,96,2.16E-06,9.64E-07,0.000139938,0.00691824,N,
2490,Heptachlor,76-44-8,HepG2,20,96,5.17E-06,2.09E-07,0.000138213,0.001518687,N,
2491,Heptachlor epoxide B,1024-57-3,HepG2,20,96,1.95E-06,1.08E-06,0.000140192,0.007712633,N,
2492,Lindane,58-89-9,HepG2,20,96,1.18E-06,1.23E-05,0.000131028,0.094344232,N,
2493,"Methoxychlor-o,p'",72-43-5,HepG2,20,96,2.18E-06,9.52E-07,0.00013991,0.006833824,N,
2494,Parathion,56-38-2,HepG2,20,96,1.21E-06,9.74E-06,0.000132927,0.073540874,N,
2495,Trifluralin,1582-09-8,HepG2,20,96,2.85E-06,6.78E-07,0.000139192,0.004891678,N,
2496,Cisapride,81098-60-4,HepG2,20,96,2.60E-06,4.64E-05,0.000133572,0.348668052,B,7.8
2497,Citalopram hydrobromide,59729-33-8,HepG2,20,96,9.77E-07,3.40E-05,0.000124679,0.273502363,N,
2498,Dofetilide,115256-11-6,HepG2,20,96,4.11E-07,1.41E-04,0.000147001,0.966086922,B,8.4
2499,Moxifloxacin hydrochloride,186826-86-8,HepG2,20,96,5.48E-08,0.000147819,0.00014967,0.991497925,A,6
2500,N-acetylpro-cainamide,32795-44-1,HepG2,20,96,8.33E-08,0.000149544,0.000149794,1.002238337,B,9.2
2501,Quinidine sulfate,50-54-4,HepG2,20,96,2.92E-06,1.15E-04,0.000145995,0.792367969,B,9.3
2502,Sematilide,101526-83-4,HepG2,20,96,7.80E-08,0.000149571,0.000149784,1.002486851,B,9.1
2503,Sotalol hydrochloride,959-24-0,HepG2,20,96,5.56E-08,0.000149863,0.000149889,1.003740425,B,9
2504,Mifepristone,84371-65-3,HepG2,20,96,1.73E-06,1.22E-06,0.000140501,0.008701422,N,
2505,Perfluorobutanesulfonic_acid,375-73-5,HepG2,20,96,5.56E-08,0.000145404,0.000149941,0.973537317,A,-2.9
2506,4_2_Fluorotelomer_sulfonic_acid,757124-72-4,HepG2,20,96,5.82E-08,0.00014148,0.000149937,0.947286791,A,1.4
2507,Perfluorononanoic_acid,375-95-1,HepG2,20,96,8.77E-07,5.81E-07,0.000149118,0.00391147,A,0.1
2508,Perfluorohexanoic_acid,307-24-4,HepG2,20,96,1.05E-07,5.41E-06,0.000149891,0.036254002,A,0.1
2509,Perfluorobutanoic_acid,375-22-4,HepG2,20,96,5.77E-08,0.000142244,0.000149938,0.9524002,A,0.1
2510,Perfluorooctanoic_acid,335-67-1,HepG2,20,96,1.06E-07,6.40E-06,0.00014989,0.042892934,A,0.1
2511,6_2_Fluorotelomer_sulfonic_acid,27619-97-2,HepG2,20,96,9.52E-08,6.72E-05,0.000149893,0.449792138,A,1.4
2512,8_2_Fluorotelomer_sulfonic_acid,39108-34-4,HepG2,20,96,1.05E-07,5.68E-06,0.00014989,0.038042778,A,1.4
2513,Perfluoroundecanoic_acid,2058-94-8,HepG2,20,96,7.35E-07,6.45E-07,0.00014926,0.004338169,A,0.1
2514,Perfluorooctanesulfonic_acid,1763-23-1,HepG2,20,96,7.35E-07,6.45E-07,0.00014926,0.004338169,A,-2.9
2515,Perfluoroheptanoic_acid,375-85-9,HepG2,20,96,1.08E-07,2.50E-05,0.000149884,0.167389596,A,0.1
2516,Perfluoropentanoic_acid,2706-90-3,HepG2,20,96,7.02E-08,1.21E-04,0.000149921,0.807984127,A,0.1
2517,Perfluorohexanesulfonic_acid,355-46-4,HepG2,20,96,8.49E-08,9.12E-05,0.000149904,0.611011736,A,-2.9
2518,Perfluorodecanoic_acid,335-76-2,HepG2,20,96,1.42E-06,4.35E-07,0.000148572,0.002941431,A,0.1
2519,cyclosporine A,59865-13-3,HepG2,20,96,7.96E-07,5.26E-05,0.000123028,0.429281369,N,
2520,chlorpromazine,50-53-3,HepG2,20,96,2.83E-05,6.89E-06,0.000120791,0.057239633,B,9.4
2521,PBDE 47,5436-43-1,HepG2,20,96,7.07E-06,5.44E-08,0.000138619,3.94E-04,N,
2522,PBDE 99,60348-60-9,HepG2,20,96,7.96E-06,1.86E-08,0.000139175,1.34E-04,N,
2523,PBDE 153,68631-49-2,HepG2,20,96,8.57E-06,5.18E-09,0.000139736,3.72E-05,N,
2524,amiodarone,1951-25-3,HepG2,20,96,9.14E-05,1.40E-07,5.78372E-05,2.43E-03,B,9
2525,Azathioprine,446-86-6,HepG2,20,96,5.43E-08,0.000148147,0.000148333,1.002652934,A,8.2
2526,Benzocaine,94-09-7,HepG2,20,96,1.95E-07,0.000122447,0.000134489,0.914027016,N,
2527,Butylated hydroxyanisole,25013-16-5,HepG2,20,96,1.0868E-06,2.27207E-05,0.000127152,0.179388945,N,
2528,Cetirizine dihydrochloride,83881-52-1,HepG2,20,96,5.28E-08,0.000149283,0.000149937,0.999530617,A,4.7
2529,Cyclamate,139-05-9,HepG2,20,96,5.27E-08,0.000149944,0.000149947,1.003896591,B,17.6
2530,Cyclophosphamide,6055-19-2,HepG2,20,96,6.28E-08,0.000145365,0.000146146,0.998549143,B,6.1
2531,Cypermethrin,67375-30-8,HepG2,20,96,6.63E-06,7.96E-08,0.000138447,5.77E-04,N,
2532,DEET,134-62-3,HepG2,20,96,3.17E-07,1.06E-04,0.000129483,0.825481961,N,
2533,Dexamethasone,50-02-2,HepG2,20,96,2.14E-07,0.000119911,0.000133579,0.901191512,N,
2534,Digoxin,20830-75-5,HepG2,20,96,9.10E-08,0.000138845,0.000141969,0.981824932,N,
2535,Fenazaquin,120928-09-8,HepG2,20,96,3.34E-06,5.35E-07,0.000138885,0.003864529,N,
2536,Fenbuconazole,114369-43-6,HepG2,20,96,9.94E-07,3.22E-05,0.000124975,0.259022637,N,
2537,Fluazinam,79622-59-6,HepG2,20,96,1.23E-06,6.52E-06,0.000135305,0.048411384,N,
2538,Furosemide,54-31-9,HepG2,20,96,6.27E-08,0.000134174,0.00014993,0.898416352,A,3
2539,Glybenclamide,10238-21-8,HepG2,20,96,1.54E-07,1.67E-06,0.000149803,0.011159392,A,5
2540,HC Red 3,2871-01-4,HepG2,20,96,5.47E-08,0.000147799,0.000148007,1.002502993,N,
2541,Hydralazine hydrochloride,304-20-1,HepG2,20,96,6.35E-08,0.000145115,0.000145962,0.998089327,B,6
2542,Ketoconazole,65277-42-1,HepG2,20,96,1.48E-06,3.39E-06,0.000139123,0.024476679,B,6.6
2543,Metformin,1115-70-4,HepG2,20,96,5.25E-08,0.000149943,0.000149944,1.003904573,B,9.6
2544,Metoclopramide,364-62-5,HepG2,20,96,8.95E-07,1.39E-04,0.000147946,0.941954217,B,9
2545,Nitrofurantoin,67-20-9,HepG2,20,96,5.25E-08,0.00014951,0.00014955,1.003643055,A,7.3
2546,Oxytetracycline hydrochloride,2058-46-0,HepG2,20,96,5.22E-08,0.000149945,0.000149947,1.003897602,A,4.5
2547,Panthenol,16485-10-2 ,HepG2,20,96,5.24E-08,0.000149415,0.000149432,1.003798496,N,
2548,Paracetamol,103-90-2,HepG2,20,96,5.80E-08,0.000146525,0.000146988,1.000752536,N,
2549,Topiramate,97240-79-4,HepG2,20,96,5.22E-08,0.000149676,0.000149681,1.003879421,A,9.2
2550,Trimellitic anhydride,552-30-7,HepG2,20,96,5.54E-08,0.000145823,0.00014994,0.976348624,A,3.3
2551,Verapamil hydrochloride,152-11-4,HepG2,20,96,9.02E-06,1.92E-05,0.000139818,0.137922605,B,9.2
2552,Warfarin,129-06-6,HepG2,20,96,4.87E-07,8.63E-05,0.000125319,0.69115041,N,
2553,Caffeine,58-08-2,Me_180,20,96,6.72E-08,0.000148306,0.000148434,1.003048724,N,
2554,Lamotrigine,84057-84-1,Me_180,20,96,7.09E-07,8.45E-05,0.000126281,0.672055828,B,6.6
2555,Diclofenac,15307-79-6,Me_180,20,96,7.77E-08,0.000149858,0.000149921,1.00348969,B,17.6
2556,"2,4-Dichlorophenoxyacetic",94-75-7,Me_180,20,96,1.04E-07,8.21E-05,0.000149884,0.549870884,A,2.7
2557,(S)-Naproxen,22204-53-1,Me_180,20,96,1.19E-07,4.86E-05,0.000149837,0.325599324,A,4.4
2558,Ibuprofen,15687-27-1,Me_180,20,96,1.39E-07,1.62E-05,0.000149625,0.108453046,A,5.4
2559,Torasemide,56211-40-6,Me_180,20,96,1.22E-07,3.45E-05,0.000149856,0.230791787,A,4
2560,Warfarin,81-81-2,Me_180,20,96,1.00E-07,9.21E-05,0.000149845,0.616902939,A,4.5
2561,di-n-butylphthalate,84-74-2,Me_180,20,96,1.44E-06,1.65E-06,0.000141153,0.01170014,N,
2562,hexachlorophene,70-30-4,Me_180,20,96,8.73E-06,8.87E-08,0.000140189,6.35E-04,A,6.2
2563,hexamethylenetetramine,100-97-0,Me_180,20,96,6.17E-08,0.00014075,0.000140756,1.003871452,B,6.4
2564,Malathion,121-75-5,Me_180,20,96,4.76E-07,9.48E-05,0.000126778,0.751029015,N,
2565,pentachlorophenol,87-86-5,Me_180,20,96,2.58E-07,1.32E-06,0.000149692,0.008849317,A,5
2566,"2,2,2-trichloroethanol",115-20-8,Me_180,20,96,1.19E-07,0.000125878,0.000130074,0.971529898,N,
2567,diethylphthalate,84-66-2,Me_180,20,96,5.31E-07,8.91E-05,0.000125655,0.71196546,N,
2568,4-chlorophenol,106-48-9,Me_180,20,96,4.95E-07,9.26E-05,0.000126135,0.736795306,N,
2569,permethrin,52645-53-1,Me_180,20,96,7.20E-06,9.99E-08,0.000137522,0.000729322,N,
2570,Aniline,62-53-3,Me_180,20,96,8.37E-08,0.000142073,0.000143394,0.994668488,N,
2571,4-fluoroaniline,371-40-4,Me_180,20,96,9.79E-08,0.000137961,0.00014033,0.986966426,N,
2572,"2,4,6-trichlorophenol",88-06-2,Me_180,20,96,4.32E-07,1.65E-05,0.000144829,0.114648247,A,6.8
2573,Allyl alcohol,107-18-6,Me_180,20,96,6.51E-08,0.000139891,0.000140108,1.002358012,N,
2574,N-methylaniline,100-61-8,Me_180,20,96,1.62E-07,0.000121754,0.000129075,0.946971232,N,
2575,"3,4-dichloroaniline",95-76-1,Me_180,20,96,7.24E-07,7.00E-05,0.000123178,0.570648432,N,
2576,4-decylaniline,37529-30-9,Me_180,20,96,6.64E-06,1.40E-07,0.000137479,0.001023937,N,
2577,naphthalene,91-20-3,Me_180,20,96,1.03E-06,2.49E-05,0.000109807,0.227230992,N,
2578,"1,2,4-trichlorobenzene",120-82-1,Me_180,20,96,6.05E-07,2.93E-06,5.80371E-05,0.050740255,N,
2579,"1,2-dichlorobenzene",95-50-1,Me_180,20,96,3.09E-07,5.51E-06,3.14911E-05,0.175780755,N,
2580,dichloromethane,75-09-2,Me_180,20,96,8.79E-09,1.12562E-05,1.15033E-05,0.982349427,N,
2581,tetrachloroethylene,127-18-4,Me_180,20,96,1.20E-07,2.29E-06,1.2334E-05,0.186778431,N,
2582,"2,3-dimethyl-1,3-butadiene",513-81-5,Me_180,20,96,2.11E-09,8.63E-08,2.54E-07,0.341718023,N,
2583,Eugenol F,97-53-0,Me_180,20,96,4.18E-07,1.01E-04,0.000127836,0.790621879,N,
2584,Methyl-antranilate,134-20-3,Me_180,20,96,2.35E-07,0.000121593,0.000134154,0.909918026,N,
2585,Lilyfore,285977-85-7,Me_180,20,96,1.14E-06,3.17E-05,0.000124947,0.254308513,N,
2586,Damascone beta,23726-91-2,Me_180,20,96,1.40E-06,3.39E-06,0.000136872,0.024828186,N,
2587,Veloutone,14595-54-1,Me_180,20,96,3.06E-06,7.34E-07,0.000138984,0.005298327,N,
2588,Verdox,82356-51-2,Me_180,20,96,7.03281E-06,1.09711E-07,0.000137239,0.000802543,N,
2589,Nirvanol,1506-02-1,Me_180,20,96,4.46745E-06,4.01292E-07,0.000138038,0.002918496,N,
2590,Cetalox,3738-00-9,Me_180,20,96,3.37E-06,6.09E-07,0.00013559,0.00450852,N,
2591,Tonalide,21145-77-7,Me_180,20,96,4.47E-06,4.01E-07,0.000138038,0.002918496,N,
2592,"2,4-Dinitrophenol",51-28-5,Me_180,20,96,7.09E-08,0.000143087,0.000149918,0.958172353,A,4.1
2593,Aldrin,309-00-2,Me_180,20,96,7.18E-06,9.96E-08,0.000137133,0.000729322,N,
2594,Azinphos-methyl,86-50-0,Me_180,20,96,7.74E-07,6.55E-05,0.00012312,0.533919875,N,
2595,Chlorpyrifos,2921-88-2,Me_180,20,96,2.18E-06,1.10E-06,0.000139982,0.007897835,N,
2596,"DDD-p,p'",50-29-3,Me_180,20,96,8.26E-06,4.41E-08,0.000137761,3.21E-04,N,
2597,"DDT-o,p'",789-02-6,Me_180,20,96,7.37E-06,8.90E-08,0.000137541,6.49E-04,N,
2598,"DDT-p,p'",72-54-8,Me_180,20,96,5.96E-06,2.01E-07,0.000137545,0.001466675,N,
2599,Diazinon,333-41-5,Me_180,20,96,1.38E-06,1.02E-05,0.000132486,0.07698005,N,
2600,Dicofol,115-32-2,Me_180,20,96,2.33E-06,1.02E-06,0.000139804,0.007351781,N,
2601,Dieldrin,60-57-1,Me_180,20,96,2.60E-06,9.04E-07,0.000139484,0.006503656,N,
2602,Disulfoton,298-04-4,Me_180,20,96,1.41E-06,6.37E-06,0.000135288,0.04728531,N,
2603,Endosulfan I,115-29-7,Me_180,20,96,1.38E-06,9.72E-06,0.000132756,0.073540874,N,
2604,Endrin,72-20-8,Me_180,20,96,3.54E-06,5.97E-07,0.000138624,0.004325509,N,
2605,Ethion,563-12-2,Me_180,20,96,2.46E-06,9.62E-07,0.000139647,0.00691824,N,
2606,Heptachlor,76-44-8,Me_180,20,96,5.89E-06,2.08E-07,0.000137528,0.001518687,N,
2607,Heptachlor epoxide B,1024-57-3,Me_180,20,96,2.23E-06,1.08E-06,0.000139928,0.007712633,N,
2608,Lindane,58-89-9,Me_180,20,96,1.35E-06,1.23E-05,0.000130878,0.094344232,N,
2609,"Methoxychlor-o,p'",72-43-5,Me_180,20,96,2.49E-06,9.50E-07,0.000139616,0.006833824,N,
2610,Parathion,56-38-2,Me_180,20,96,1.38E-06,9.73E-06,0.000132772,0.073540874,N,
2611,Trifluralin,1582-09-8,Me_180,20,96,3.25E-06,6.76E-07,0.000138811,0.004891678,N,
2612,Cisapride,81098-60-4,Me_180,20,96,3.11E-06,4.62E-05,0.000133112,0.348668052,B,7.8
2613,Citalopram hydrobromide,59729-33-8,Me_180,20,96,1.12E-06,3.39E-05,0.00012456,0.273502363,N,
2614,Dofetilide,115256-11-6,Me_180,20,96,4.98E-07,1.41E-04,0.000146916,0.966086922,B,8.4
2615,Moxifloxacin hydrochloride,186826-86-8,Me_180,20,96,6.85E-08,0.000147805,0.000149656,0.991497925,A,6
2616,N-acetylpro-cainamide,32795-44-1,Me_180,20,96,1.03E-07,0.000149524,0.000149774,1.002238337,B,9.2
2617,Quinidine sulfate,50-54-4,Me_180,20,96,3.51E-06,1.15E-04,0.0001454,0.792367969,B,9.3
2618,Sematilide,101526-83-4,Me_180,20,96,9.68E-08,0.000149552,0.000149765,1.002486851,B,9.1
2619,Sotalol hydrochloride,959-24-0,Me_180,20,96,6.97E-08,0.000149849,0.000149875,1.003740425,B,9
2620,Mifepristone,84371-65-3,Me_180,20,96,1.98E-06,1.22E-06,0.000140266,0.008701422,N,
2621,Perfluorobutanesulfonic_acid,375-73-5,Me_180,20,96,6.92E-08,0.000145391,0.000149927,0.973537317,A,-2.9
2622,4_2_Fluorotelomer_sulfonic_acid,757124-72-4,Me_180,20,96,7.20E-08,0.000141467,0.000149923,0.947286791,A,1.4
2623,Perfluorononanoic_acid,375-95-1,Me_180,20,96,9.89E-07,5.81E-07,0.000149006,0.00391147,A,0.1
2624,Perfluorohexanoic_acid,307-24-4,Me_180,20,96,1.18E-07,5.41E-06,0.000149877,0.036254002,A,0.1
2625,Perfluorobutanoic_acid,375-22-4,Me_180,20,96,7.14E-08,0.000142231,0.000149924,0.9524002,A,0.1
2626,Perfluorooctanoic_acid,335-67-1,Me_180,20,96,1.19E-07,6.40E-06,0.000149876,0.042892934,A,0.1
2627,6_2_Fluorotelomer_sulfonic_acid,27619-97-2,Me_180,20,96,1.10E-07,6.72E-05,0.000149878,0.449792138,A,1.4
2628,8_2_Fluorotelomer_sulfonic_acid,39108-34-4,Me_180,20,96,1.19E-07,5.68E-06,0.000149877,0.038042778,A,1.4
2629,Perfluoroundecanoic_acid,2058-94-8,Me_180,20,96,8.29E-07,6.45E-07,0.000149166,0.004338169,A,0.1
2630,Perfluorooctanesulfonic_acid,1763-23-1,Me_180,20,96,8.29E-07,6.45E-07,0.000149166,0.004338169,A,-2.9
2631,Perfluoroheptanoic_acid,375-85-9,Me_180,20,96,1.23E-07,2.50E-05,0.000149869,0.167389596,A,0.1
2632,Perfluoropentanoic_acid,2706-90-3,Me_180,20,96,8.46E-08,1.21E-04,0.000149907,0.807984127,A,0.1
2633,Perfluorohexanesulfonic_acid,355-46-4,Me_180,20,96,9.98E-08,9.12E-05,0.000149889,0.611011736,A,-2.9
2634,Perfluorodecanoic_acid,335-76-2,Me_180,20,96,1.60E-06,4.35E-07,0.000148391,0.002941431,A,0.1
2635,cyclosporine A,59865-13-3,Me_180,20,96,9.13E-07,5.26E-05,0.000122932,0.429281369,N,
2636,chlorpromazine,50-53-3,Me_180,20,96,3.29E-05,6.62E-06,0.000116191,0.057239633,B,9.4
2637,PBDE 47,5436-43-1,Me_180,20,96,8.03E-06,5.41E-08,0.000137683,3.94E-04,N,
2638,PBDE 99,60348-60-9,Me_180,20,96,9.03E-06,1.85E-08,0.00013812,1.34E-04,N,
2639,PBDE 153,68631-49-2,Me_180,20,96,9.72E-06,5.14E-09,0.000138597,3.72E-05,N,
2640,amiodarone,1951-25-3,Me_180,20,96,9.80E-05,1.24E-07,5.12964E-05,2.43E-03,B,9
2641,Azathioprine,446-86-6,Me_180,20,96,6.78E-08,0.000148133,0.00014832,1.002652934,A,8.2
2642,Benzocaine,94-09-7,Me_180,20,96,2.28E-07,0.00012242,0.000134459,0.914027016,N,
2643,Butylated hydroxyanisole,25013-16-5,Me_180,20,96,1.24414E-06,2.26967E-05,0.000127018,0.179388945,N,
2644,Cetirizine dihydrochloride,83881-52-1,Me_180,20,96,6.63E-08,0.00014927,0.000149924,0.999530617,A,4.7
2645,Cyclamate,139-05-9,Me_180,20,96,6.62E-08,0.000149931,0.000149934,1.003896591,B,17.6
2646,Cyclophosphamide,6055-19-2,Me_180,20,96,7.76E-08,0.000145351,0.000146132,0.998549143,B,6.1
2647,Cypermethrin,67375-30-8,Me_180,20,96,7.54E-06,7.91E-08,0.00013757,5.77E-04,N,
2648,DEET,134-62-3,Me_180,20,96,3.67E-07,1.06E-04,0.00012944,0.825481961,N,
2649,Dexamethasone,50-02-2,Me_180,20,96,2.49E-07,0.000119883,0.000133547,0.901191512,N,
2650,Digoxin,20830-75-5,Me_180,20,96,1.10E-07,0.000138828,0.000141951,0.981824932,N,
2651,Fenazaquin,120928-09-8,Me_180,20,96,3.81E-06,5.33E-07,0.00013844,0.003864529,N,
2652,Fenbuconazole,114369-43-6,Me_180,20,96,1.14E-06,3.22E-05,0.000124854,0.259022637,N,
2653,Fluazinam,79622-59-6,Me_180,20,96,1.41E-06,6.52E-06,0.000135144,0.048411384,N,
2654,Furosemide,54-31-9,Me_180,20,96,7.67E-08,0.000134162,0.000149916,0.898416352,A,3
2655,Glybenclamide,10238-21-8,Me_180,20,96,1.74E-07,1.66E-06,0.000149783,0.011159392,A,5
2656,HC Red 3,2871-01-4,Me_180,20,96,6.84E-08,0.000147786,0.000147994,1.002502993,N,
2657,Hydralazine hydrochloride,304-20-1,Me_180,20,96,7.84E-08,0.000145101,0.000145948,0.998089327,B,6
2658,Ketoconazole,65277-42-1,Me_180,20,96,1.72E-06,3.39E-06,0.000138902,0.024476679,B,6.6
2659,Metformin,1115-70-4,Me_180,20,96,6.59E-08,0.000149929,0.000149931,1.003904573,B,9.6
2660,Metoclopramide,364-62-5,Me_180,20,96,1.08E-06,1.39E-04,0.000147759,0.941954217,B,9
2661,Nitrofurantoin,67-20-9,Me_180,20,96,6.58E-08,0.000149497,0.000149537,1.003643055,A,7.3
2662,Oxytetracycline hydrochloride,2058-46-0,Me_180,20,96,6.56E-08,0.000149932,0.000149934,1.003897602,A,4.5
2663,Panthenol,16485-10-2 ,Me_180,20,96,6.57E-08,0.000149402,0.000149419,1.003798496,N,
2664,Paracetamol,103-90-2,Me_180,20,96,7.21E-08,0.000146511,0.000146974,1.000752536,N,
2665,Topiramate,97240-79-4,Me_180,20,96,6.56E-08,0.000149663,0.000149668,1.003879421,A,9.2
2666,Trimellitic anhydride,552-30-7,Me_180,20,96,6.89E-08,0.00014581,0.000149927,0.976348624,A,3.3
2667,Verapamil hydrochloride,152-11-4,Me_180,20,96,1.08E-05,1.90E-05,0.000138078,0.137922605,B,9.2
2668,Warfarin,129-06-6,Me_180,20,96,5.61E-07,8.62E-05,0.000125257,0.69115041,N,
2669,Caffeine,58-08-2,H4lle,20,96,6.53E-08,0.000148308,0.000148436,1.003048724,N,
2670,Lamotrigine,84057-84-1,H4lle,20,96,2.53E-07,8.48E-05,0.000126666,0.672055828,B,6.6
2671,Diclofenac,15307-79-6,H4lle,20,96,7.33E-08,0.000149862,0.000149925,1.00348969,B,17.6
2672,"2,4-Dichlorophenoxyacetic",94-75-7,H4lle,20,96,4.96E-08,8.21E-05,0.000149939,0.549870884,A,2.7
2673,(S)-Naproxen,22204-53-1,H4lle,20,96,4.08E-08,4.86E-05,0.000149915,0.325599324,A,4.4
2674,Ibuprofen,15687-27-1,H4lle,20,96,3.39E-08,1.62E-05,0.00014973,0.108453046,A,5.4
2675,Torasemide,56211-40-6,H4lle,20,96,3.65E-08,3.45E-05,0.000149942,0.230791787,A,4
2676,Warfarin,81-81-2,H4lle,20,96,5.23E-08,9.21E-05,0.000149894,0.616902939,A,4.5
2677,di-n-butylphthalate,84-74-2,H4lle,20,96,3.18E-07,1.66E-06,0.000142218,0.01170014,N,
2678,hexachlorophene,70-30-4,H4lle,20,96,1.91E-06,9.30E-08,0.000146948,6.35E-04,A,6.2
2679,hexamethylenetetramine,100-97-0,H4lle,20,96,6.15E-08,0.00014075,0.000140756,1.003871452,B,6.4
2680,Malathion,121-75-5,H4lle,20,96,1.37E-07,9.51E-05,0.000127065,0.751029015,N,
2681,pentachlorophenol,87-86-5,H4lle,20,96,5.26E-08,1.32E-06,0.000149898,0.008849317,A,5
2682,"2,2,2-trichloroethanol",115-20-8,H4lle,20,96,6.92E-08,0.00012592,0.000130117,0.971529898,N,
2683,diethylphthalate,84-66-2,H4lle,20,96,1.48E-07,8.93E-05,0.000125977,0.71196546,N,
2684,4-chlorophenol,106-48-9,H4lle,20,96,1.41E-07,9.28E-05,0.000126434,0.736795306,N,
2685,permethrin,52645-53-1,H4lle,20,96,1.63E-06,1.04E-07,0.000142878,0.000729322,N,
2686,Aniline,62-53-3,H4lle,20,96,6.68E-08,0.000142089,0.00014341,0.994668488,N,
2687,4-fluoroaniline,371-40-4,H4lle,20,96,6.86E-08,0.000137988,0.000140357,0.986966426,N,
2688,"2,4,6-trichlorophenol",88-06-2,H4lle,20,96,9.91E-08,1.66E-05,0.000145152,0.114648247,A,6.8
2689,Allyl alcohol,107-18-6,H4lle,20,96,6.20E-08,0.000139893,0.000140111,1.002358012,N,
2690,N-methylaniline,100-61-8,H4lle,20,96,7.72E-08,0.000121823,0.000129148,0.946971232,N,
2691,"3,4-dichloroaniline",95-76-1,H4lle,20,96,1.84E-07,7.03E-05,0.000123624,0.570648432,N,
2692,4-decylaniline,37529-30-9,H4lle,20,96,1.50E-06,1.45E-07,0.000142401,0.001023937,N,
2693,naphthalene,91-20-3,H4lle,20,96,2.36E-07,2.50E-05,0.000110394,0.227230992,N,
2694,"1,2,4-trichlorobenzene",120-82-1,H4lle,20,96,1.34E-07,2.94E-06,5.82198E-05,0.050740255,N,
2695,"1,2-dichlorobenzene",95-50-1,H4lle,20,96,6.99E-08,5.52E-06,3.15414E-05,0.175780755,N,
2696,dichloromethane,75-09-2,H4lle,20,96,5.77E-09,1.12564E-05,1.15035E-05,0.982349427,N,
2697,tetrachloroethylene,127-18-4,H4lle,20,96,2.72E-08,2.30E-06,1.23416E-05,0.186778431,N,
2698,"2,3-dimethyl-1,3-butadiene",513-81-5,H4lle,20,96,4.94E-10,8.63E-08,2.54E-07,0.341718023,N,
2699,Eugenol F,97-53-0,H4lle,20,96,1.26E-07,1.01E-04,0.000128085,0.790621879,N,
2700,Methyl-antranilate,134-20-3,H4lle,20,96,9.32E-08,0.000121708,0.000134281,0.909918026,N,
2701,Lilyfore,285977-85-7,H4lle,20,96,2.64E-07,3.18E-05,0.000125686,0.254308513,N,
2702,Damascone beta,23726-91-2,H4lle,20,96,3.11E-07,3.41E-06,0.000137878,0.024828186,N,
2703,Veloutone,14595-54-1,H4lle,20,96,6.82E-07,7.45E-07,0.000141237,0.005298327,N,
2704,Verdox,82356-51-2,H4lle,20,96,1.59619E-06,1.13883E-07,0.000142458,0.000802543,N,
2705,Nirvanol,1506-02-1,H4lle,20,96,1.0013E-06,4.1085E-07,0.000141326,0.002918496,N,
2706,Cetalox,3738-00-9,H4lle,20,96,7.50E-07,6.20E-07,0.000138008,0.00450852,N,
2707,Tonalide,21145-77-7,H4lle,20,96,1.00E-06,4.11E-07,0.000141326,0.002918496,N,
2708,"2,4-Dinitrophenol",51-28-5,H4lle,20,96,6.42E-08,0.000143093,0.000149924,0.958172353,A,4.1
2709,Aldrin,309-00-2,H4lle,20,96,1.63E-06,1.03E-07,0.000142458,0.000729322,N,
2710,Azinphos-methyl,86-50-0,H4lle,20,96,1.93E-07,6.57E-05,0.000123599,0.533919875,N,
2711,Chlorpyrifos,2921-88-2,H4lle,20,96,4.84E-07,1.11E-06,0.000141589,0.007897835,N,
2712,"DDD-p,p'",50-29-3,H4lle,20,96,1.89E-06,4.60E-08,0.000143959,3.21E-04,N,
2713,"DDT-o,p'",789-02-6,H4lle,20,96,1.68E-06,9.25E-08,0.000143034,6.49E-04,N,
2714,"DDT-p,p'",72-54-8,H4lle,20,96,1.35E-06,2.07E-07,0.000141953,0.001466675,N,
2715,Diazinon,333-41-5,H4lle,20,96,3.08E-07,1.02E-05,0.000133439,0.07698005,N,
2716,Dicofol,115-32-2,H4lle,20,96,5.17E-07,1.04E-06,0.000141521,0.007351781,N,
2717,Dieldrin,60-57-1,H4lle,20,96,5.77E-07,9.16E-07,0.000141397,0.006503656,N,
2718,Disulfoton,298-04-4,H4lle,20,96,3.14E-07,6.42E-06,0.000136285,0.04728531,N,
2719,Endosulfan I,115-29-7,H4lle,20,96,3.09E-07,9.80E-06,0.000133714,0.073540874,N,
2720,Endrin,72-20-8,H4lle,20,96,7.90E-07,6.08E-07,0.000141227,0.004325509,N,
2721,Ethion,563-12-2,H4lle,20,96,5.47E-07,9.75E-07,0.000141461,0.00691824,N,
2722,Heptachlor,76-44-8,H4lle,20,96,1.33E-06,2.15E-07,0.000141881,0.001518687,N,
2723,Heptachlor epoxide B,1024-57-3,H4lle,20,96,4.95E-07,1.09E-06,0.000141571,0.007712633,N,
2724,Lindane,58-89-9,H4lle,20,96,3.03E-07,1.24E-05,0.000131802,0.094344232,N,
2725,"Methoxychlor-o,p'",72-43-5,H4lle,20,96,5.53E-07,9.63E-07,0.000141449,0.006833824,N,
2726,Parathion,56-38-2,H4lle,20,96,3.09E-07,9.80E-06,0.00013373,0.073540874,N,
2727,Trifluralin,1582-09-8,H4lle,20,96,7.24E-07,6.88E-07,0.0001412,0.004891678,N,
2728,Cisapride,81098-60-4,H4lle,20,96,1.79E-06,4.66E-05,0.000134311,0.348668052,B,7.8
2729,Citalopram hydrobromide,59729-33-8,H4lle,20,96,2.59E-07,3.41E-05,0.00012528,0.273502363,N,
2730,Dofetilide,115256-11-6,H4lle,20,96,3.33E-07,1.42E-04,0.000147078,0.966086922,B,8.4
2731,Moxifloxacin hydrochloride,186826-86-8,H4lle,20,96,6.54E-08,0.000147808,0.000149659,0.991497925,A,6
2732,N-acetylpro-cainamide,32795-44-1,H4lle,20,96,8.95E-08,0.000149538,0.000149788,1.002238337,B,9.2
2733,Quinidine sulfate,50-54-4,H4lle,20,96,2.29E-06,1.16E-04,0.000146612,0.792367969,B,9.3
2734,Sematilide,101526-83-4,H4lle,20,96,8.54E-08,0.000149564,0.000149777,1.002486851,B,9.1
2735,Sotalol hydrochloride,959-24-0,H4lle,20,96,6.81E-08,0.00014985,0.000149876,1.003740425,B,9
2736,Mifepristone,84371-65-3,H4lle,20,96,4.39E-07,1.23E-06,0.000141729,0.008701422,N,
2737,Perfluorobutanesulfonic_acid,375-73-5,H4lle,20,96,6.47E-08,0.000145395,0.000149932,0.973537317,A,-2.9
2738,4_2_Fluorotelomer_sulfonic_acid,757124-72-4,H4lle,20,96,6.38E-08,0.000141474,0.000149931,0.947286791,A,1.4
2739,Perfluorononanoic_acid,375-95-1,H4lle,20,96,2.00E-07,5.84E-07,0.000149795,0.00391147,A,0.1
2740,Perfluorohexanoic_acid,307-24-4,H4lle,20,96,2.57E-08,5.42E-06,0.00014997,0.036254002,A,0.1
2741,Perfluorobutanoic_acid,375-22-4,H4lle,20,96,6.40E-08,0.000142238,0.000149931,0.9524002,A,0.1
2742,Perfluorooctanoic_acid,335-67-1,H4lle,20,96,2.62E-08,6.41E-06,0.000149969,0.042892934,A,0.1
2743,6_2_Fluorotelomer_sulfonic_acid,27619-97-2,H4lle,20,96,4.56E-08,6.72E-05,0.000149943,0.449792138,A,1.4
2744,8_2_Fluorotelomer_sulfonic_acid,39108-34-4,H4lle,20,96,2.58E-08,5.68E-06,0.00014997,0.038042778,A,1.4
2745,Perfluoroundecanoic_acid,2058-94-8,H4lle,20,96,1.67E-07,6.47E-07,0.000149827,0.004338169,A,0.1
2746,Perfluorooctanesulfonic_acid,1763-23-1,H4lle,20,96,1.67E-07,6.47E-07,0.000149827,0.004338169,A,-2.9
2747,Perfluoroheptanoic_acid,375-85-9,H4lle,20,96,3.34E-08,2.50E-05,0.000149958,0.167389596,A,0.1
2748,Perfluoropentanoic_acid,2706-90-3,H4lle,20,96,5.91E-08,1.21E-04,0.000149932,0.807984127,A,0.1
2749,Perfluorohexanesulfonic_acid,355-46-4,H4lle,20,96,5.19E-08,9.13E-05,0.000149937,0.611011736,A,-2.9
2750,Perfluorodecanoic_acid,335-76-2,H4lle,20,96,3.24E-07,4.39E-07,0.000149669,0.002941431,A,0.1
2751,cyclosporine A,59865-13-3,H4lle,20,96,2.20E-07,5.28E-05,0.000123503,0.429281369,N,
2752,chlorpromazine,50-53-3,H4lle,20,96,2.30E-05,7.19E-06,0.000126082,0.057239633,B,9.4
2753,PBDE 47,5436-43-1,H4lle,20,96,1.83E-06,5.64E-08,0.000143696,3.94E-04,N,
2754,PBDE 99,60348-60-9,H4lle,20,96,2.07E-06,1.94E-08,0.000144943,1.34E-04,N,
2755,PBDE 153,68631-49-2,H4lle,20,96,2.23E-06,5.41E-09,0.000145993,3.72E-05,N,
2756,amiodarone,1951-25-3,H4lle,20,96,8.20E-05,1.63E-07,6.7137E-05,2.43E-03,B,9
2757,Azathioprine,446-86-6,H4lle,20,96,6.54E-08,0.000148136,0.000148322,1.002652934,A,8.2
2758,Benzocaine,94-09-7,H4lle,20,96,9.20E-08,0.000122531,0.000134581,0.914027016,N,
2759,Butylated hydroxyanisole,25013-16-5,H4lle,20,96,2.82818E-07,2.28434E-05,0.000127838,0.179388945,N,
2760,Cetirizine dihydrochloride,83881-52-1,H4lle,20,96,6.54E-08,0.00014927,0.000149925,0.999530617,A,4.7
2761,Cyclamate,139-05-9,H4lle,20,96,6.59E-08,0.000149931,0.000149934,1.003896591,B,17.6
2762,Cyclophosphamide,6055-19-2,H4lle,20,96,6.71E-08,0.000145361,0.000146142,0.998549143,B,6.1
2763,Cypermethrin,67375-30-8,H4lle,20,96,1.72E-06,8.23E-08,0.000143195,5.77E-04,N,
2764,DEET,134-62-3,H4lle,20,96,1.17E-07,1.07E-04,0.000129656,0.825481961,N,
2765,Dexamethasone,50-02-2,H4lle,20,96,9.58E-08,0.000120005,0.000133684,0.901191512,N,
2766,Digoxin,20830-75-5,H4lle,20,96,7.14E-08,0.000138863,0.000141987,0.981824932,N,
2767,Fenazaquin,120928-09-8,H4lle,20,96,8.51E-07,5.44E-07,0.00014124,0.003864529,N,
2768,Fenbuconazole,114369-43-6,H4lle,20,96,2.63E-07,3.24E-05,0.000125588,0.259022637,N,
2769,Fluazinam,79622-59-6,H4lle,20,96,3.13E-07,6.56E-06,0.000136139,0.048411384,N,
2770,Furosemide,54-31-9,H4lle,20,96,6.22E-08,0.000134175,0.00014993,0.898416352,A,3
2771,Glybenclamide,10238-21-8,H4lle,20,96,3.56E-08,1.67E-06,0.00014992,0.011159392,A,5
2772,HC Red 3,2871-01-4,H4lle,20,96,6.54E-08,0.000147789,0.000147997,1.002502993,N,
2773,Hydralazine hydrochloride,304-20-1,H4lle,20,96,6.72E-08,0.000145112,0.000145959,0.998089327,B,6
2774,Ketoconazole,65277-42-1,H4lle,20,96,5.58E-07,3.41E-06,0.00013999,0.024476679,B,6.6
2775,Metformin,1115-70-4,H4lle,20,96,6.57E-08,0.000149929,0.000149931,1.003904573,B,9.6
2776,Metoclopramide,364-62-5,H4lle,20,96,7.16E-07,1.39E-04,0.000148124,0.941954217,B,9
2777,Nitrofurantoin,67-20-9,H4lle,20,96,6.54E-08,0.000149497,0.000149537,1.003643055,A,7.3
2778,Oxytetracycline hydrochloride,2058-46-0,H4lle,20,96,6.55E-08,0.000149932,0.000149934,1.003897602,A,4.5
2779,Panthenol,16485-10-2 ,H4lle,20,96,6.54E-08,0.000149402,0.00014942,1.003798496,N,
2780,Paracetamol,103-90-2,H4lle,20,96,6.58E-08,0.000146518,0.00014698,1.000752536,N,
2781,Topiramate,97240-79-4,H4lle,20,96,6.54E-08,0.000149663,0.000149668,1.003879421,A,9.2
2782,Trimellitic anhydride,552-30-7,H4lle,20,96,6.47E-08,0.000145814,0.000149931,0.976348624,A,3.3
2783,Verapamil hydrochloride,152-11-4,H4lle,20,96,7.10E-06,1.95E-05,0.000141727,0.137922605,B,9.2
2784,Warfarin,129-06-6,H4lle,20,96,1.53E-07,8.65E-05,0.000125599,0.69115041,N,
2785,Caffeine,58-08-2,SH-SY5Y,20,96,3.69E-08,0.000148336,0.000148464,1.003048724,N,
2786,Lamotrigine,84057-84-1,SH-SY5Y,20,96,1.79E-07,8.48E-05,0.000126729,0.672055828,B,6.6
2787,Diclofenac,15307-79-6,SH-SY5Y,20,96,4.15E-08,0.000149894,0.000149957,1.00348969,B,17.6
2788,"2,4-Dichlorophenoxyacetic",94-75-7,SH-SY5Y,20,96,3.28E-08,8.21E-05,0.000149955,0.549870884,A,2.7
2789,(S)-Naproxen,22204-53-1,SH-SY5Y,20,96,2.99E-08,4.86E-05,0.000149925,0.325599324,A,4.4
2790,Ibuprofen,15687-27-1,SH-SY5Y,20,96,2.84E-08,1.62E-05,0.000149735,0.108453046,A,5.4
2791,Torasemide,56211-40-6,SH-SY5Y,20,96,2.81E-08,3.45E-05,0.00014995,0.230791787,A,4
2792,Warfarin,81-81-2,SH-SY5Y,20,96,3.37E-08,9.21E-05,0.000149912,0.616902939,A,4.5
2793,di-n-butylphthalate,84-74-2,SH-SY5Y,20,96,2.72E-07,1.66E-06,0.000142262,0.01170014,N,
2794,hexachlorophene,70-30-4,SH-SY5Y,20,96,1.70E-06,9.31E-08,0.000147161,6.35E-04,A,6.2
2795,hexamethylenetetramine,100-97-0,SH-SY5Y,20,96,3.46E-08,0.000140776,0.000140781,1.003871452,B,6.4
2796,Malathion,121-75-5,SH-SY5Y,20,96,1.05E-07,9.51E-05,0.000127093,0.751029015,N,
2797,pentachlorophenol,87-86-5,SH-SY5Y,20,96,4.79E-08,1.32E-06,0.000149903,0.008849317,A,5
2798,"2,2,2-trichloroethanol",115-20-8,SH-SY5Y,20,96,4.30E-08,0.000125942,0.00013014,0.971529898,N,
2799,diethylphthalate,84-66-2,SH-SY5Y,20,96,1.14E-07,8.94E-05,0.000126005,0.71196546,N,
2800,4-chlorophenol,106-48-9,SH-SY5Y,20,96,1.08E-07,9.28E-05,0.000126462,0.736795306,N,
2801,permethrin,52645-53-1,SH-SY5Y,20,96,1.40E-06,1.04E-07,0.000143104,0.000729322,N,
2802,Aniline,62-53-3,SH-SY5Y,20,96,3.90E-08,0.000142116,0.000143437,0.994668488,N,
2803,4-fluoroaniline,371-40-4,SH-SY5Y,20,96,4.09E-08,0.000138013,0.000140383,0.986966426,N,
2804,"2,4,6-trichlorophenol",88-06-2,SH-SY5Y,20,96,8.36E-08,1.66E-05,0.000145167,0.114648247,A,6.8
2805,Allyl alcohol,107-18-6,SH-SY5Y,20,96,3.51E-08,0.000139919,0.000140136,1.002358012,N,
2806,N-methylaniline,100-61-8,SH-SY5Y,20,96,5.03E-08,0.000121845,0.000129172,0.946971232,N,
2807,"3,4-dichloroaniline",95-76-1,SH-SY5Y,20,96,1.47E-07,7.03E-05,0.000123653,0.570648432,N,
2808,4-decylaniline,37529-30-9,SH-SY5Y,20,96,1.29E-06,1.45E-07,0.000142608,0.001023937,N,
2809,naphthalene,91-20-3,SH-SY5Y,20,96,1.98E-07,2.50E-05,0.000110422,0.227230992,N,
2810,"1,2,4-trichlorobenzene",120-82-1,SH-SY5Y,20,96,1.14E-07,2.94E-06,5.82277E-05,0.050740255,N,
2811,"1,2-dichlorobenzene",95-50-1,SH-SY5Y,20,96,5.89E-08,5.52E-06,3.15438E-05,0.175780755,N,
2812,dichloromethane,75-09-2,SH-SY5Y,20,96,3.49E-09,1.12566E-05,1.15037E-05,0.982349427,N,
2813,tetrachloroethylene,127-18-4,SH-SY5Y,20,96,2.29E-08,2.30E-06,1.2342E-05,0.186778431,N,
2814,"2,3-dimethyl-1,3-butadiene",513-81-5,SH-SY5Y,20,96,4.09E-10,8.63E-08,2.54E-07,0.341718023,N,
2815,Eugenol F,97-53-0,SH-SY5Y,20,96,9.49E-08,1.01E-04,0.000128112,0.790621879,N,
2816,Methyl-antranilate,134-20-3,SH-SY5Y,20,96,6.40E-08,0.000121732,0.000134307,0.909918026,N,
2817,Lilyfore,285977-85-7,SH-SY5Y,20,96,2.21E-07,3.18E-05,0.000125722,0.254308513,N,
2818,Damascone beta,23726-91-2,SH-SY5Y,20,96,2.65E-07,3.41E-06,0.000137921,0.024828186,N,
2819,Veloutone,14595-54-1,SH-SY5Y,20,96,5.83E-07,7.46E-07,0.000141331,0.005298327,N,
2820,Verdox,82356-51-2,SH-SY5Y,20,96,1.36724E-06,1.14058E-07,0.000142677,0.000802543,N,
2821,Nirvanol,1506-02-1,SH-SY5Y,20,96,8.56356E-07,4.1125E-07,0.000141463,0.002918496,N,
2822,Cetalox,3738-00-9,SH-SY5Y,20,96,6.41E-07,6.20E-07,0.000138109,0.00450852,N,
2823,Tonalide,21145-77-7,SH-SY5Y,20,96,8.56E-07,4.11E-07,0.000141463,0.002918496,N,
2824,"2,4-Dinitrophenol",51-28-5,SH-SY5Y,20,96,3.67E-08,0.00014312,0.000149952,0.958172353,A,4.1
2825,Aldrin,309-00-2,SH-SY5Y,20,96,1.40E-06,1.04E-07,0.000142683,0.000729322,N,
2826,Azinphos-methyl,86-50-0,SH-SY5Y,20,96,1.56E-07,6.58E-05,0.00012363,0.533919875,N,
2827,Chlorpyrifos,2921-88-2,SH-SY5Y,20,96,4.13E-07,1.11E-06,0.000141656,0.007897835,N,
2828,"DDD-p,p'",50-29-3,SH-SY5Y,20,96,1.62E-06,4.61E-08,0.000144221,3.21E-04,N,
2829,"DDT-o,p'",789-02-6,SH-SY5Y,20,96,1.44E-06,9.27E-08,0.000143265,6.49E-04,N,
2830,"DDT-p,p'",72-54-8,SH-SY5Y,20,96,1.15E-06,2.08E-07,0.000142138,0.001466675,N,
2831,Diazinon,333-41-5,SH-SY5Y,20,96,2.61E-07,1.02E-05,0.000133481,0.07698005,N,
2832,Dicofol,115-32-2,SH-SY5Y,20,96,4.42E-07,1.04E-06,0.000141593,0.007351781,N,
2833,Dieldrin,60-57-1,SH-SY5Y,20,96,4.93E-07,9.17E-07,0.000141476,0.006503656,N,
2834,Disulfoton,298-04-4,SH-SY5Y,20,96,2.67E-07,6.42E-06,0.000136328,0.04728531,N,
2835,Endosulfan I,115-29-7,SH-SY5Y,20,96,2.62E-07,9.80E-06,0.000133756,0.073540874,N,
2836,Endrin,72-20-8,SH-SY5Y,20,96,6.75E-07,6.09E-07,0.000141336,0.004325509,N,
2837,Ethion,563-12-2,SH-SY5Y,20,96,4.67E-07,9.75E-07,0.000141536,0.00691824,N,
2838,Heptachlor,76-44-8,SH-SY5Y,20,96,1.14E-06,2.15E-07,0.000142064,0.001518687,N,
2839,Heptachlor epoxide B,1024-57-3,SH-SY5Y,20,96,4.22E-07,1.09E-06,0.00014164,0.007712633,N,
2840,Lindane,58-89-9,SH-SY5Y,20,96,2.57E-07,1.24E-05,0.000131843,0.094344232,N,
2841,"Methoxychlor-o,p'",72-43-5,SH-SY5Y,20,96,4.72E-07,9.63E-07,0.000141525,0.006833824,N,
2842,Parathion,56-38-2,SH-SY5Y,20,96,2.62E-07,9.80E-06,0.000133772,0.073540874,N,
2843,Trifluralin,1582-09-8,SH-SY5Y,20,96,6.19E-07,6.88E-07,0.000141299,0.004891678,N,
2844,Cisapride,81098-60-4,SH-SY5Y,20,96,1.11E-06,4.69E-05,0.000134923,0.348668052,B,7.8
2845,Citalopram hydrobromide,59729-33-8,SH-SY5Y,20,96,2.16E-07,3.41E-05,0.000125315,0.273502363,N,
2846,Dofetilide,115256-11-6,SH-SY5Y,20,96,1.99E-07,1.42E-04,0.000147209,0.966086922,B,8.4
2847,Moxifloxacin hydrochloride,186826-86-8,SH-SY5Y,20,96,3.70E-08,0.000147836,0.000149688,0.991497925,A,6
2848,N-acetylpro-cainamide,32795-44-1,SH-SY5Y,20,96,5.14E-08,0.000149576,0.000149826,1.002238337,B,9.2
2849,Quinidine sulfate,50-54-4,SH-SY5Y,20,96,1.39E-06,1.16E-04,0.000147509,0.792367969,B,9.3
2850,Sematilide,101526-83-4,SH-SY5Y,20,96,4.89E-08,0.0001496,0.000149813,1.002486851,B,9.1
2851,Sotalol hydrochloride,959-24-0,SH-SY5Y,20,96,3.84E-08,0.00014988,0.000149906,1.003740425,B,9
2852,Mifepristone,84371-65-3,SH-SY5Y,20,96,3.75E-07,1.23E-06,0.00014179,0.008701422,N,
2853,Perfluorobutanesulfonic_acid,375-73-5,SH-SY5Y,20,96,3.68E-08,0.000145422,0.00014996,0.973537317,A,-2.9
2854,4_2_Fluorotelomer_sulfonic_acid,757124-72-4,SH-SY5Y,20,96,3.66E-08,0.0001415,0.000149958,0.947286791,A,1.4
2855,Perfluorononanoic_acid,375-95-1,SH-SY5Y,20,96,1.83E-07,5.84E-07,0.000149811,0.00391147,A,0.1
2856,Perfluorohexanoic_acid,307-24-4,SH-SY5Y,20,96,2.27E-08,5.42E-06,0.000149973,0.036254002,A,0.1
2857,Perfluorobutanoic_acid,375-22-4,SH-SY5Y,20,96,3.67E-08,0.000142264,0.000149959,0.9524002,A,0.1
2858,Perfluorooctanoic_acid,335-67-1,SH-SY5Y,20,96,2.31E-08,6.41E-06,0.000149972,0.042892934,A,0.1
2859,6_2_Fluorotelomer_sulfonic_acid,27619-97-2,SH-SY5Y,20,96,3.15E-08,6.72E-05,0.000149957,0.449792138,A,1.4
2860,8_2_Fluorotelomer_sulfonic_acid,39108-34-4,SH-SY5Y,20,96,2.28E-08,5.68E-06,0.000149973,0.038042778,A,1.4
2861,Perfluoroundecanoic_acid,2058-94-8,SH-SY5Y,20,96,1.54E-07,6.48E-07,0.000149841,0.004338169,A,0.1
2862,Perfluorooctanesulfonic_acid,1763-23-1,SH-SY5Y,20,96,1.54E-07,6.48E-07,0.000149841,0.004338169,A,-2.9
2863,Perfluoroheptanoic_acid,375-85-9,SH-SY5Y,20,96,2.68E-08,2.50E-05,0.000149965,0.167389596,A,0.1
2864,Perfluoropentanoic_acid,2706-90-3,SH-SY5Y,20,96,3.55E-08,1.21E-04,0.000149956,0.807984127,A,0.1
2865,Perfluorohexanesulfonic_acid,355-46-4,SH-SY5Y,20,96,3.35E-08,9.13E-05,0.000149956,0.611011736,A,-2.9
2866,Perfluorodecanoic_acid,335-76-2,SH-SY5Y,20,96,2.98E-07,4.39E-07,0.000149696,0.002941431,A,0.1
2867,cyclosporine A,59865-13-3,SH-SY5Y,20,96,1.80E-07,5.28E-05,0.000123536,0.429281369,N,
2868,chlorpromazine,50-53-3,SH-SY5Y,20,96,1.48E-05,7.65E-06,0.000134243,0.057239633,B,9.4
2869,PBDE 47,5436-43-1,SH-SY5Y,20,96,1.57E-06,5.65E-08,0.00014395,3.94E-04,N,
2870,PBDE 99,60348-60-9,SH-SY5Y,20,96,1.78E-06,1.94E-08,0.000145231,1.34E-04,N,
2871,PBDE 153,68631-49-2,SH-SY5Y,20,96,1.92E-06,5.42E-09,0.000146305,3.72E-05,N,
2872,amiodarone,1951-25-3,SH-SY5Y,20,96,6.32E-05,2.08E-07,8.56934E-05,2.43E-03,B,9
2873,Azathioprine,446-86-6,SH-SY5Y,20,96,3.70E-08,0.000148164,0.00014835,1.002652934,A,8.2
2874,Benzocaine,94-09-7,SH-SY5Y,20,96,6.28E-08,0.000122555,0.000134607,0.914027016,N,
2875,Butylated hydroxyanisole,25013-16-5,SH-SY5Y,20,96,2.38151E-07,2.28502E-05,0.000127877,0.179388945,N,
2876,Cetirizine dihydrochloride,83881-52-1,SH-SY5Y,20,96,3.69E-08,0.000149299,0.000149953,0.999530617,A,4.7
2877,Cyclamate,139-05-9,SH-SY5Y,20,96,3.71E-08,0.00014996,0.000149963,1.003896591,B,17.6
2878,Cyclophosphamide,6055-19-2,SH-SY5Y,20,96,3.86E-08,0.000145389,0.00014617,0.998549143,B,6.1
2879,Cypermethrin,67375-30-8,SH-SY5Y,20,96,1.47E-06,8.25E-08,0.000143432,5.77E-04,N,
2880,DEET,134-62-3,SH-SY5Y,20,96,8.63E-08,1.07E-04,0.000129682,0.825481961,N,
2881,Dexamethasone,50-02-2,SH-SY5Y,20,96,6.64E-08,0.000120029,0.00013371,0.901191512,N,
2882,Digoxin,20830-75-5,SH-SY5Y,20,96,4.33E-08,0.000138889,0.000142014,0.981824932,N,
2883,Fenazaquin,120928-09-8,SH-SY5Y,20,96,7.27E-07,5.44E-07,0.000141357,0.003864529,N,
2884,Fenbuconazole,114369-43-6,SH-SY5Y,20,96,2.20E-07,3.24E-05,0.000125624,0.259022637,N,
2885,Fluazinam,79622-59-6,SH-SY5Y,20,96,2.66E-07,6.57E-06,0.000136182,0.048411384,N,
2886,Furosemide,54-31-9,SH-SY5Y,20,96,3.63E-08,0.000134198,0.000149956,0.898416352,A,3
2887,Glybenclamide,10238-21-8,SH-SY5Y,20,96,3.23E-08,1.67E-06,0.000149924,0.011159392,A,5
2888,HC Red 3,2871-01-4,SH-SY5Y,20,96,3.70E-08,0.000147817,0.000148025,1.002502993,N,
2889,Hydralazine hydrochloride,304-20-1,SH-SY5Y,20,96,3.87E-08,0.00014514,0.000145986,0.998089327,B,6
2890,Ketoconazole,65277-42-1,SH-SY5Y,20,96,4.08E-07,3.42E-06,0.00014013,0.024476679,B,6.6
2891,Metformin,1115-70-4,SH-SY5Y,20,96,3.70E-08,0.000149958,0.00014996,1.003904573,B,9.6
2892,Metoclopramide,364-62-5,SH-SY5Y,20,96,4.31E-07,1.39E-04,0.000148407,0.941954217,B,9
2893,Nitrofurantoin,67-20-9,SH-SY5Y,20,96,3.68E-08,0.000149526,0.000149566,1.003643055,A,7.3
2894,Oxytetracycline hydrochloride,2058-46-0,SH-SY5Y,20,96,3.68E-08,0.00014996,0.000149963,1.003897602,A,4.5
2895,Panthenol,16485-10-2 ,SH-SY5Y,20,96,3.68E-08,0.000149431,0.000149448,1.003798496,N,
2896,Paracetamol,103-90-2,SH-SY5Y,20,96,3.75E-08,0.000146545,0.000147008,1.000752536,N,
2897,Topiramate,97240-79-4,SH-SY5Y,20,96,3.68E-08,0.000149692,0.000149697,1.003879421,A,9.2
2898,Trimellitic anhydride,552-30-7,SH-SY5Y,20,96,3.68E-08,0.000145841,0.000149959,0.976348624,A,3.3
2899,Verapamil hydrochloride,152-11-4,SH-SY5Y,20,96,4.36E-06,1.98E-05,0.000144437,0.137922605,B,9.2
2900,Warfarin,129-06-6,SH-SY5Y,20,96,1.19E-07,8.65E-05,0.000125627,0.69115041,N,
2901,Caffeine,58-08-2,HEK293H,20,96,5.27E-08,0.000148321,0.000148449,1.003048724,N,
2902,Lamotrigine,84057-84-1,HEK293H,20,96,6.14E-07,8.46E-05,0.00012636,0.672055828,B,6.6
2903,Diclofenac,15307-79-6,HEK293H,20,96,6.11E-08,0.000149874,0.000149938,1.00348969,B,17.6
2904,"2,4-Dichlorophenoxyacetic",94-75-7,HEK293H,20,96,9.02E-08,8.21E-05,0.000149898,0.549870884,A,2.7
2905,(S)-Naproxen,22204-53-1,HEK293H,20,96,1.05E-07,4.86E-05,0.00014985,0.325599324,A,4.4
2906,Ibuprofen,15687-27-1,HEK293H,20,96,1.26E-07,1.62E-05,0.000149638,0.108453046,A,5.4
2907,Torasemide,56211-40-6,HEK293H,20,96,1.09E-07,3.45E-05,0.000149869,0.230791787,A,4
2908,Warfarin,81-81-2,HEK293H,20,96,8.63E-08,9.21E-05,0.00014986,0.616902939,A,4.5
2909,di-n-butylphthalate,84-74-2,HEK293H,20,96,1.28E-06,1.65E-06,0.000141304,0.01170014,N,
2910,hexachlorophene,70-30-4,HEK293H,20,96,7.91E-06,8.92E-08,0.000140997,6.35E-04,A,6.2
2911,hexamethylenetetramine,100-97-0,HEK293H,20,96,4.82E-08,0.000140763,0.000140769,1.003871452,B,6.4
2912,Malathion,121-75-5,HEK293H,20,96,4.18E-07,9.49E-05,0.000126827,0.751029015,N,
2913,pentachlorophenol,87-86-5,HEK293H,20,96,2.35E-07,1.32E-06,0.000149715,0.008849317,A,5
2914,"2,2,2-trichloroethanol",115-20-8,HEK293H,20,96,1.00E-07,0.000125894,0.00013009,0.971529898,N,
2915,diethylphthalate,84-66-2,HEK293H,20,96,4.68E-07,8.92E-05,0.000125708,0.71196546,N,
2916,4-chlorophenol,106-48-9,HEK293H,20,96,4.36E-07,9.26E-05,0.000126186,0.736795306,N,
2917,permethrin,52645-53-1,HEK293H,20,96,6.44E-06,1.00E-07,0.000138253,0.000729322,N,
2918,Aniline,62-53-3,HEK293H,20,96,6.77E-08,0.000142089,0.000143409,0.994668488,N,
2919,4-fluoroaniline,371-40-4,HEK293H,20,96,8.04E-08,0.000137977,0.000140346,0.986966426,N,
2920,"2,4,6-trichlorophenol",88-06-2,HEK293H,20,96,3.86E-07,1.65E-05,0.000144875,0.114648247,A,6.8
2921,Allyl alcohol,107-18-6,HEK293H,20,96,5.12E-08,0.000139904,0.000140121,1.002358012,N,
2922,N-methylaniline,100-61-8,HEK293H,20,96,1.38E-07,0.000121773,0.000129096,0.946971232,N,
2923,"3,4-dichloroaniline",95-76-1,HEK293H,20,96,6.40E-07,7.01E-05,0.000123247,0.570648432,N,
2924,4-decylaniline,37529-30-9,HEK293H,20,96,5.93E-06,1.41E-07,0.000138153,0.001023937,N,
2925,naphthalene,91-20-3,HEK293H,20,96,9.17E-07,2.49E-05,0.000109892,0.227230992,N,
2926,"1,2,4-trichlorobenzene",120-82-1,HEK293H,20,96,5.37E-07,2.93E-06,5.80631E-05,0.050740255,N,
2927,"1,2-dichlorobenzene",95-50-1,HEK293H,20,96,2.75E-07,5.52E-06,3.14984E-05,0.175780755,N,
2928,dichloromethane,75-09-2,HEK293H,20,96,7.28E-09,1.12563E-05,1.15034E-05,0.982349427,N,
2929,tetrachloroethylene,127-18-4,HEK293H,20,96,1.07E-07,2.29E-06,1.23351E-05,0.186778431,N,
2930,"2,3-dimethyl-1,3-butadiene",513-81-5,HEK293H,20,96,1.87E-09,8.63E-08,2.54E-07,0.341718023,N,
2931,Eugenol F,97-53-0,HEK293H,20,96,3.67E-07,1.01E-04,0.00012788,0.790621879,N,
2932,Methyl-antranilate,134-20-3,HEK293H,20,96,2.03E-07,0.000121619,0.000134183,0.909918026,N,
2933,Lilyfore,285977-85-7,HEK293H,20,96,1.02E-06,3.17E-05,0.000125055,0.254308513,N,
2934,Damascone beta,23726-91-2,HEK293H,20,96,1.25E-06,3.39E-06,0.000137014,0.024828186,N,
2935,Veloutone,14595-54-1,HEK293H,20,96,2.73E-06,7.35E-07,0.000139299,0.005298327,N,
2936,Verdox,82356-51-2,HEK293H,20,96,6.29009E-06,1.10281E-07,0.000137952,0.000802543,N,
2937,Nirvanol,1506-02-1,HEK293H,20,96,3.98676E-06,4.02618E-07,0.000138494,0.002918496,N,
2938,Cetalox,3738-00-9,HEK293H,20,96,3.00E-06,6.10E-07,0.000135928,0.00450852,N,
2939,Tonalide,21145-77-7,HEK293H,20,96,3.99E-06,4.03E-07,0.000138494,0.002918496,N,
2940,"2,4-Dinitrophenol",51-28-5,HEK293H,20,96,5.65E-08,0.000143101,0.000149932,0.958172353,A,4.1
2941,Aldrin,309-00-2,HEK293H,20,96,6.42E-06,1.00E-07,0.000137859,0.000729322,N,
2942,Azinphos-methyl,86-50-0,HEK293H,20,96,6.85E-07,6.55E-05,0.000123193,0.533919875,N,
2943,Chlorpyrifos,2921-88-2,HEK293H,20,96,1.94E-06,1.10E-06,0.000140208,0.007897835,N,
2944,"DDD-p,p'",50-29-3,HEK293H,20,96,7.40E-06,4.43E-08,0.000138601,3.21E-04,N,
2945,"DDT-o,p'",789-02-6,HEK293H,20,96,6.60E-06,8.94E-08,0.00013829,6.49E-04,N,
2946,"DDT-p,p'",72-54-8,HEK293H,20,96,5.33E-06,2.02E-07,0.000138151,0.001466675,N,
2947,Diazinon,333-41-5,HEK293H,20,96,1.22E-06,1.02E-05,0.000132622,0.07698005,N,
2948,Dicofol,115-32-2,HEK293H,20,96,2.08E-06,1.03E-06,0.000140045,0.007351781,N,
2949,Dieldrin,60-57-1,HEK293H,20,96,2.31E-06,9.05E-07,0.000139752,0.006503656,N,
2950,Disulfoton,298-04-4,HEK293H,20,96,1.25E-06,6.38E-06,0.00013543,0.04728531,N,
2951,Endosulfan I,115-29-7,HEK293H,20,96,1.23E-06,9.73E-06,0.000132893,0.073540874,N,
2952,Endrin,72-20-8,HEK293H,20,96,3.16E-06,5.99E-07,0.000138987,0.004325509,N,
2953,Ethion,563-12-2,HEK293H,20,96,2.19E-06,9.64E-07,0.000139902,0.00691824,N,
2954,Heptachlor,76-44-8,HEK293H,20,96,5.26E-06,2.09E-07,0.000138127,0.001518687,N,
2955,Heptachlor epoxide B,1024-57-3,HEK293H,20,96,1.99E-06,1.08E-06,0.000140159,0.007712633,N,
2956,Lindane,58-89-9,HEK293H,20,96,1.20E-06,1.23E-05,0.00013101,0.094344232,N,
2957,"Methoxychlor-o,p'",72-43-5,HEK293H,20,96,2.22E-06,9.52E-07,0.000139874,0.006833824,N,
2958,Parathion,56-38-2,HEK293H,20,96,1.23E-06,9.74E-06,0.000132909,0.073540874,N,
2959,Trifluralin,1582-09-8,HEK293H,20,96,2.90E-06,6.78E-07,0.000139144,0.004891678,N,
2960,Cisapride,81098-60-4,HEK293H,20,96,2.59E-06,4.64E-05,0.000133581,0.348668052,B,7.8
2961,Citalopram hydrobromide,59729-33-8,HEK293H,20,96,9.93E-07,3.40E-05,0.000124665,0.273502363,N,
2962,Dofetilide,115256-11-6,HEK293H,20,96,4.07E-07,1.41E-04,0.000147005,0.966086922,B,8.4
2963,Moxifloxacin hydrochloride,186826-86-8,HEK293H,20,96,5.39E-08,0.00014782,0.000149671,0.991497925,A,6
2964,N-acetylpro-cainamide,32795-44-1,HEK293H,20,96,8.20E-08,0.000149545,0.000149795,1.002238337,B,9.2
2965,Quinidine sulfate,50-54-4,HEK293H,20,96,2.89E-06,1.15E-04,0.000146016,0.792367969,B,9.3
2966,Sematilide,101526-83-4,HEK293H,20,96,7.68E-08,0.000149572,0.000149785,1.002486851,B,9.1
2967,Sotalol hydrochloride,959-24-0,HEK293H,20,96,5.46E-08,0.000149864,0.00014989,1.003740425,B,9
2968,Mifepristone,84371-65-3,HEK293H,20,96,1.77E-06,1.22E-06,0.000140472,0.008701422,N,
2969,Perfluorobutanesulfonic_acid,375-73-5,HEK293H,20,96,5.48E-08,0.000145405,0.000149942,0.973537317,A,-2.9
2970,4_2_Fluorotelomer_sulfonic_acid,757124-72-4,HEK293H,20,96,5.75E-08,0.00014148,0.000149938,0.947286791,A,1.4
2971,Perfluorononanoic_acid,375-95-1,HEK293H,20,96,9.03E-07,5.81E-07,0.000149092,0.00391147,A,0.1
2972,Perfluorohexanoic_acid,307-24-4,HEK293H,20,96,1.08E-07,5.41E-06,0.000149888,0.036254002,A,0.1
2973,Perfluorobutanoic_acid,375-22-4,HEK293H,20,96,5.70E-08,0.000142245,0.000149938,0.9524002,A,0.1
2974,Perfluorooctanoic_acid,335-67-1,HEK293H,20,96,1.09E-07,6.40E-06,0.000149887,0.042892934,A,0.1
2975,6_2_Fluorotelomer_sulfonic_acid,27619-97-2,HEK293H,20,96,9.69E-08,6.72E-05,0.000149892,0.449792138,A,1.4
2976,8_2_Fluorotelomer_sulfonic_acid,39108-34-4,HEK293H,20,96,1.08E-07,5.68E-06,0.000149887,0.038042778,A,1.4
2977,Perfluoroundecanoic_acid,2058-94-8,HEK293H,20,96,7.57E-07,6.45E-07,0.000149238,0.004338169,A,0.1
2978,Perfluorooctanesulfonic_acid,1763-23-1,HEK293H,20,96,7.57E-07,6.45E-07,0.000149238,0.004338169,A,-2.9
2979,Perfluoroheptanoic_acid,375-85-9,HEK293H,20,96,1.11E-07,2.50E-05,0.000149881,0.167389596,A,0.1
2980,Perfluoropentanoic_acid,2706-90-3,HEK293H,20,96,7.03E-08,1.21E-04,0.000149921,0.807984127,A,0.1
2981,Perfluorohexanesulfonic_acid,355-46-4,HEK293H,20,96,8.58E-08,9.12E-05,0.000149903,0.611011736,A,-2.9
2982,Perfluorodecanoic_acid,335-76-2,HEK293H,20,96,1.46E-06,4.35E-07,0.00014853,0.002941431,A,0.1
2983,cyclosporine A,59865-13-3,HEK293H,20,96,8.09E-07,5.26E-05,0.000123017,0.429281369,N,
2984,chlorpromazine,50-53-3,HEK293H,20,96,2.81E-05,6.90E-06,0.000120958,0.057239633,B,9.4
2985,PBDE 47,5436-43-1,HEK293H,20,96,7.19E-06,5.44E-08,0.0001385,3.94E-04,N,
2986,PBDE 99,60348-60-9,HEK293H,20,96,8.09E-06,1.86E-08,0.00013904,1.34E-04,N,
2987,PBDE 153,68631-49-2,HEK293H,20,96,8.71E-06,5.17E-09,0.000139589,3.72E-05,N,
2988,amiodarone,1951-25-3,HEK293H,20,96,9.12E-05,1.41E-07,5.80905E-05,2.43E-03,B,9
2989,Azathioprine,446-86-6,HEK293H,20,96,5.33E-08,0.000148148,0.000148334,1.002652934,A,8.2
2990,Benzocaine,94-09-7,HEK293H,20,96,1.97E-07,0.000122446,0.000134487,0.914027016,N,
2991,Butylated hydroxyanisole,25013-16-5,HEK293H,20,96,1.10541E-06,2.27179E-05,0.000127136,0.179388945,N,
2992,Cetirizine dihydrochloride,83881-52-1,HEK293H,20,96,5.19E-08,0.000149284,0.000149938,0.999530617,A,4.7
2993,Cyclamate,139-05-9,HEK293H,20,96,5.17E-08,0.000149945,0.000149948,1.003896591,B,17.6
2994,Cyclophosphamide,6055-19-2,HEK293H,20,96,6.20E-08,0.000145366,0.000146147,0.998549143,B,6.1
2995,Cypermethrin,67375-30-8,HEK293H,20,96,6.75E-06,7.95E-08,0.000138336,5.77E-04,N,
2996,DEET,134-62-3,HEK293H,20,96,3.21E-07,1.06E-04,0.000129479,0.825481961,N,
2997,Dexamethasone,50-02-2,HEK293H,20,96,2.16E-07,0.000119909,0.000133577,0.901191512,N,
2998,Digoxin,20830-75-5,HEK293H,20,96,9.08E-08,0.000138845,0.000141969,0.981824932,N,
2999,Fenazaquin,120928-09-8,HEK293H,20,96,3.40E-06,5.34E-07,0.000138829,0.003864529,N,
3000,Fenbuconazole,114369-43-6,HEK293H,20,96,1.01E-06,3.22E-05,0.000124961,0.259022637,N,
3001,Fluazinam,79622-59-6,HEK293H,20,96,1.25E-06,6.52E-06,0.000135286,0.048411384,N,
3002,Furosemide,54-31-9,HEK293H,20,96,6.22E-08,0.000134175,0.00014993,0.898416352,A,3
3003,Glybenclamide,10238-21-8,HEK293H,20,96,1.58E-07,1.67E-06,0.000149798,0.011159392,A,5
3004,HC Red 3,2871-01-4,HEK293H,20,96,5.38E-08,0.0001478,0.000148008,1.002502993,N,
3005,Hydralazine hydrochloride,304-20-1,HEK293H,20,96,6.27E-08,0.000145116,0.000145963,0.998089327,B,6
3006,Ketoconazole,65277-42-1,HEK293H,20,96,1.50E-06,3.39E-06,0.000139107,0.024476679,B,6.6
3007,Metformin,1115-70-4,HEK293H,20,96,5.15E-08,0.000149944,0.000149945,1.003904573,B,9.6
3008,Metoclopramide,364-62-5,HEK293H,20,96,8.88E-07,1.39E-04,0.000147952,0.941954217,B,9
3009,Nitrofurantoin,67-20-9,HEK293H,20,96,5.15E-08,0.000149511,0.000149551,1.003643055,A,7.3
3010,Oxytetracycline hydrochloride,2058-46-0,HEK293H,20,96,5.12E-08,0.000149946,0.000149948,1.003897602,A,4.5
3011,Panthenol,16485-10-2 ,HEK293H,20,96,5.13E-08,0.000149416,0.000149433,1.003798496,N,
3012,Paracetamol,103-90-2,HEK293H,20,96,5.71E-08,0.000146526,0.000146989,1.000752536,N,
3013,Topiramate,97240-79-4,HEK293H,20,96,5.12E-08,0.000149677,0.000149682,1.003879421,A,9.2
3014,Trimellitic anhydride,552-30-7,HEK293H,20,96,5.45E-08,0.000145824,0.000149941,0.976348624,A,3.3
3015,Verapamil hydrochloride,152-11-4,HEK293H,20,96,8.96E-06,1.92E-05,0.000139879,0.137922605,B,9.2
3016,Warfarin,129-06-6,HEK293H,20,96,4.94E-07,8.63E-05,0.000125313,0.69115041,N,
3017,Caffeine,58-08-2,Rat cerebellar granule cell,2,384,1.57E-08,3.90E-05,3.91E-05,1.000304038,N,
3018,Lamotrigine,84057-84-1,Rat cerebellar granule cell,2,384,3.79E-06,2.14E-05,2.25E-05,0.953473213,B,6.6
3019,Diclofenac,15307-79-6,Rat cerebellar granule cell,2,384,4.32E-08,4.00E-05,4.00E-05,1.000347876,B,17.6
3020,"2,4-Dichlorophenoxyacetic",94-75-7,Rat cerebellar granule cell,2,384,1.01E-06,3.60E-05,3.90E-05,0.92433327,A,2.7
3021,(S)-Naproxen,22204-53-1,Rat cerebellar granule cell,2,384,2.10E-06,3.13E-05,3.78E-05,0.828413973,A,4.4
3022,Ibuprofen,15687-27-1,Rat cerebellar granule cell,2,384,5.01E-06,1.88E-05,3.43E-05,0.548829947,A,5.4
3023,Torasemide,56211-40-6,Rat cerebellar granule cell,2,384,2.89E-06,2.78E-05,3.71E-05,0.750023823,A,4
3024,Warfarin,81-81-2,Rat cerebellar granule cell,2,384,8.06E-07,3.68E-05,3.91E-05,0.941530881,A,4.5
3025,di-n-butylphthalate,84-74-2,Rat cerebellar granule cell,2,384,2.12E-05,9.38E-07,8.86E-06,0.105854763,N,
3026,hexachlorophene,70-30-4,Rat cerebellar granule cell,2,384,3.76E-05,1.28E-08,2.02E-06,6.32E-03,A,6.2
3027,hexamethylenetetramine,100-97-0,Rat cerebellar granule cell,2,384,1.08E-09,3.68E-05,3.68E-05,1.000385801,B,6.4
3028,Malathion,121-75-5,Rat cerebellar granule cell,2,384,2.72E-06,2.33E-05,2.41E-05,0.967913055,N,
3029,pentachlorophenol,87-86-5,Rat cerebellar granule cell,2,384,1.38E-05,2.13E-06,2.60E-05,0.081965148,A,5
3030,"2,2,2-trichloroethanol",115-20-8,Rat cerebellar granule cell,2,384,4.01E-07,3.09E-05,3.10E-05,0.997078122,N,
3031,diethylphthalate,84-66-2,Rat cerebellar granule cell,2,384,3.11E-06,2.21E-05,2.30E-05,0.961116816,N,
3032,4-chlorophenol,106-48-9,Rat cerebellar granule cell,2,384,2.86E-06,2.28E-05,2.36E-05,0.965509205,N,
3033,permethrin,52645-53-1,Rat cerebellar granule cell,2,384,3.51E-05,1.87E-08,2.58E-06,0.007245657,N,
3034,Aniline,62-53-3,Rat cerebellar granule cell,2,384,1.40E-07,3.63E-05,3.63E-05,0.999464278,N,
3035,4-fluoroaniline,371-40-4,Rat cerebellar granule cell,2,384,2.40E-07,3.48E-05,3.48E-05,0.998681172,N,
3036,"2,4,6-trichlorophenol",88-06-2,Rat cerebellar granule cell,2,384,8.94E-06,1.28E-05,2.26E-05,0.564259849,A,6.8
3037,Allyl alcohol,107-18-6,Rat cerebellar granule cell,2,384,2.54E-08,3.62E-05,3.62E-05,1.000235302,N,
3038,N-methylaniline,100-61-8,Rat cerebellar granule cell,2,384,6.73E-07,2.96E-05,2.98E-05,0.994431355,N,
3039,"3,4-dichloroaniline",95-76-1,Rat cerebellar granule cell,2,384,4.59E-06,1.81E-05,1.95E-05,0.930025578,N,
3040,4-decylaniline,37529-30-9,Rat cerebellar granule cell,2,384,3.45E-05,2.80E-08,2.76E-06,0.01014587,N,
3041,naphthalene,91-20-3,Rat cerebellar granule cell,2,384,7.96E-06,7.55E-06,1.01E-05,0.746223652,N,
3042,"1,2,4-trichlorobenzene",120-82-1,Rat cerebellar granule cell,2,384,4.21E-06,7.96E-07,2.29E-06,0.348332316,N,
3043,"1,2-dichlorobenzene",95-50-1,Rat cerebellar granule cell,2,384,1.82E-06,1.27E-06,1.87E-06,0.680785945,N,
3044,dichloromethane,75-09-2,Rat cerebellar granule cell,2,384,2.07E-08,2.38E-06,2.38E-06,0.998206451,N,
3045,tetrachloroethylene,127-18-4,Rat cerebellar granule cell,2,384,6.61E-07,4.96E-07,7.13E-07,0.696672964,N,
3046,"2,3-dimethyl-1,3-butadiene",513-81-5,Rat cerebellar granule cell,2,384,1.11E-08,1.80E-08,2.15E-08,0.838476732,N,
3047,Eugenol F,97-53-0,Rat cerebellar granule cell,2,384,2.32E-06,2.46E-05,2.52E-05,0.974200527,N,
3048,Methyl-antranilate,134-20-3,Rat cerebellar granule cell,2,384,1.13E-06,2.96E-05,2.99E-05,0.99019704,N,
3049,Lilyfore,285977-85-7,Rat cerebellar granule cell,2,384,9.17E-06,1.00E-05,1.30E-05,0.77326174,N,
3050,Damascone beta,23726-91-2,Rat cerebellar granule cell,2,384,1.84E-05,1.72E-06,8.48E-06,0.202935234,N,
3051,Veloutone,14595-54-1,Rat cerebellar granule cell,2,384,2.82E-05,2.61E-07,5.15E-06,0.050571755,N,
3052,Verdox,82356-51-2,Rat cerebellar granule cell,2,384,3.48672E-05,2.0867E-08,2.61992E-06,0.00796788,N,
3053,Nirvanol,1506-02-1,Rat cerebellar granule cell,2,384,3.13929E-05,1.0861E-07,3.82069E-06,0.028437992,N,
3054,Cetalox,3738-00-9,Rat cerebellar granule cell,2,384,2.82E-05,1.97E-07,4.54E-06,0.043327129,N,
3055,Tonalide,21145-77-7,Rat cerebellar granule cell,2,384,3.14E-05,1.09E-07,3.82E-06,0.028437992,N,
3056,"2,4-Dinitrophenol",51-28-5,Rat cerebellar granule cell,2,384,7.77E-08,3.97E-05,3.99E-05,0.995653616,A,4.1
3057,Aldrin,309-00-2,Rat cerebellar granule cell,2,384,3.50E-05,1.86E-08,2.57E-06,0.007245657,N,
3058,Azinphos-methyl,86-50-0,Rat cerebellar granule cell,2,384,5.02E-06,1.72E-05,1.88E-05,0.91971443,N,
3059,Chlorpyrifos,2921-88-2,Rat cerebellar granule cell,2,384,2.51E-05,4.91E-07,6.65E-06,0.073737078,N,
3060,"DDD-p,p'",50-29-3,Rat cerebellar granule cell,2,384,3.61E-05,7.37E-09,2.30E-06,0.003201257,N,
3061,"DDT-o,p'",789-02-6,Rat cerebellar granule cell,2,384,3.53E-05,1.63E-08,2.53E-06,0.006455554,N,
3062,"DDT-p,p'",72-54-8,Rat cerebellar granule cell,2,384,3.37E-05,4.36E-08,3.01E-06,0.014475667,N,
3063,Diazinon,333-41-5,Rat cerebellar granule cell,2,384,1.47E-05,4.24E-06,9.34E-06,0.454744329,N,
3064,Dicofol,115-32-2,Rat cerebellar granule cell,2,384,2.57E-05,4.37E-07,6.34E-06,0.068955307,N,
3065,Dieldrin,60-57-1,Rat cerebellar granule cell,2,384,2.67E-05,3.59E-07,5.85E-06,0.061440283,N,
3066,Disulfoton,298-04-4,Rat cerebellar granule cell,2,384,1.67E-05,2.94E-06,8.86E-06,0.331694573,N,
3067,Endosulfan I,115-29-7,Rat cerebellar granule cell,2,384,1.49E-05,4.10E-06,9.27E-06,0.44251938,N,
3068,Endrin,72-20-8,Rat cerebellar granule cell,2,384,2.95E-05,1.92E-07,4.61E-06,0.041634285,N,
3069,Ethion,563-12-2,Rat cerebellar granule cell,2,384,2.62E-05,3.96E-07,6.09E-06,0.065127306,N,
3070,Heptachlor,76-44-8,Rat cerebellar granule cell,2,384,3.36E-05,4.56E-08,3.04E-06,0.014982094,N,
3071,Heptachlor epoxide B,1024-57-3,Rat cerebellar granule cell,2,384,2.53E-05,4.72E-07,6.55E-06,0.072120204,N,
3072,Lindane,58-89-9,Rat cerebellar granule cell,2,384,1.38E-05,4.91E-06,9.62E-06,0.510217563,N,
3073,"Methoxychlor-o,p'",72-43-5,Rat cerebellar granule cell,2,384,2.63E-05,3.89E-07,6.04E-06,0.06437867,N,
3074,Parathion,56-38-2,Rat cerebellar granule cell,2,384,1.49E-05,4.10E-06,9.28E-06,0.44251938,N,
3075,Trifluralin,1582-09-8,Rat cerebellar granule cell,2,384,2.87E-05,2.31E-07,4.92E-06,0.046854026,N,
3076,Cisapride,81098-60-4,Rat cerebellar granule cell,2,384,1.38E-05,1.38E-05,1.64E-05,0.842597877,B,7.8
3077,Citalopram hydrobromide,59729-33-8,Rat cerebellar granule cell,2,384,8.79E-06,1.05E-05,1.34E-05,0.790121862,N,
3078,Dofetilide,115256-11-6,Rat cerebellar granule cell,2,384,1.55E-06,3.67E-05,3.69E-05,0.996501925,B,8.4
3079,Moxifloxacin hydrochloride,186826-86-8,Rat cerebellar granule cell,2,384,3.12E-08,3.97E-05,3.98E-05,0.999143237,A,6
3080,N-acetylpro-cainamide,32795-44-1,Rat cerebellar granule cell,2,384,1.34E-07,3.98E-05,3.98E-05,1.000223384,B,9.2
3081,Quinidine sulfate,50-54-4,Rat cerebellar granule cell,2,384,1.11E-05,2.75E-05,2.83E-05,0.974465125,B,9.3
3082,Sematilide,101526-83-4,Rat cerebellar granule cell,2,384,1.12E-07,3.98E-05,3.98E-05,1.00024813,B,9.1
3083,Sotalol hydrochloride,959-24-0,Rat cerebellar granule cell,2,384,1.51E-08,3.99E-05,3.99E-05,1.000372788,B,9
3084,Mifepristone,84371-65-3,Rat cerebellar granule cell,2,384,2.42E-05,5.75E-07,7.12E-06,0.080694784,N,
3085,Perfluorobutanesulfonic_acid,375-73-5,Rat cerebellar granule cell,2,384,5.21E-08,3.98E-05,3.99E-05,0.997289169,A,-2.9
3086,4_2_Fluorotelomer_sulfonic_acid,757124-72-4,Rat cerebellar granule cell,2,384,9.51E-08,3.97E-05,3.99E-05,0.994466143,A,1.4
3087,Perfluorononanoic_acid,375-95-1,Rat cerebellar granule cell,2,384,2.73E-05,4.78E-07,1.26E-05,0.037784558,A,0.1
3088,Perfluorohexanoic_acid,307-24-4,Rat cerebellar granule cell,2,384,6.58E-06,9.13E-06,3.34E-05,0.273349803,A,0.1
3089,Perfluorobutanoic_acid,375-22-4,Rat cerebellar granule cell,2,384,8.67E-08,3.97E-05,3.99E-05,0.995026977,A,0.1
3090,Perfluorooctanoic_acid,335-67-1,Rat cerebellar granule cell,2,384,6.36E-06,1.04E-05,3.36E-05,0.309464697,A,0.1
3091,6_2_Fluorotelomer_sulfonic_acid,27619-97-2,Rat cerebellar granule cell,2,384,1.39E-06,3.44E-05,3.86E-05,0.891007572,A,1.4
3092,8_2_Fluorotelomer_sulfonic_acid,39108-34-4,Rat cerebellar granule cell,2,384,6.52E-06,9.48E-06,3.35E-05,0.283396925,A,1.4
3093,Perfluoroundecanoic_acid,2058-94-8,Rat cerebellar granule cell,2,384,2.57E-05,5.95E-07,1.43E-05,0.041751562,A,0.1
3094,Perfluorooctanesulfonic_acid,1763-23-1,Rat cerebellar granule cell,2,384,2.57E-05,5.95E-07,1.43E-05,0.041751564,A,-2.9
3095,Perfluoroheptanoic_acid,375-85-9,Rat cerebellar granule cell,2,384,3.65E-06,2.43E-05,3.63E-05,0.667820351,A,0.1
3096,Perfluoropentanoic_acid,2706-90-3,Rat cerebellar granule cell,2,384,3.43E-07,3.87E-05,3.96E-05,0.976786849,A,0.1
3097,Perfluorohexanesulfonic_acid,355-46-4,Rat cerebellar granule cell,2,384,8.13E-07,3.68E-05,3.92E-05,0.940147416,A,-2.9
3098,Perfluorodecanoic_acid,335-76-2,Rat cerebellar granule cell,2,384,3.12E-05,2.52E-07,8.79E-06,0.02865571,A,0.1
3099,cyclosporine A,59865-13-3,Rat cerebellar granule cell,2,384,6.32E-06,1.46E-05,1.65E-05,0.882653472,N,
3100,chlorpromazine,50-53-3,Rat cerebellar granule cell,2,384,3.83E-05,5.77E-07,1.53E-06,0.377780288,B,9.4
3101,PBDE 47,5436-43-1,Rat cerebellar granule cell,2,384,3.59E-05,9.26E-09,2.36E-06,0.003929009,N,
3102,PBDE 99,60348-60-9,Rat cerebellar granule cell,2,384,3.68E-05,2.88E-09,2.14E-06,1.34E-03,N,
3103,PBDE 153,68631-49-2,Rat cerebellar granule cell,2,384,3.74E-05,7.53E-10,2.02E-06,3.72E-04,N,
3104,amiodarone,1951-25-3,Rat cerebellar granule cell,2,384,3.98E-05,3.76E-09,1.58E-07,2.38E-02,B,9
3105,Azathioprine,446-86-6,Rat cerebellar granule cell,2,384,2.04E-08,3.90E-05,3.90E-05,1.000264661,A,8.2
3106,Benzocaine,94-09-7,Rat cerebellar granule cell,2,384,1.08E-06,2.98E-05,3.01E-05,0.990681691,N,
3107,Butylated hydroxyanisole,25013-16-5,Rat cerebellar granule cell,2,384,1.09141E-05,7.82518E-06,1.14092E-05,0.686130849,N,
3108,Cetirizine dihydrochloride,83881-52-1,Rat cerebellar granule cell,2,384,8.73E-09,4.00E-05,4.00E-05,0.999953042,A,4.7
3109,Cyclamate,139-05-9,Rat cerebellar granule cell,2,384,2.38E-09,4.00E-05,4.00E-05,1.000388297,B,17.6
3110,Cyclophosphamide,6055-19-2,Rat cerebellar granule cell,2,384,8.73E-08,3.76E-05,3.76E-05,0.999854725,B,6.1
3111,Cypermethrin,67375-30-8,Rat cerebellar granule cell,2,384,3.54E-05,1.42E-08,2.48E-06,0.005742934,N,
3112,DEET,134-62-3,Rat cerebellar granule cell,2,384,1.98E-06,2.59E-05,2.64E-05,0.979296352,N,
3113,Dexamethasone,50-02-2,Rat cerebellar granule cell,2,384,1.22E-06,2.91E-05,2.95E-05,0.989154705,N,
3114,Digoxin,20830-75-5,Rat cerebellar granule cell,2,384,3.11E-07,3.49E-05,3.50E-05,0.998152269,N,
3115,Fenazaquin,120928-09-8,Rat cerebellar granule cell,2,384,3.01E-05,1.62E-07,4.35E-06,0.037346358,N,
3116,Fenbuconazole,114369-43-6,Rat cerebellar granule cell,2,384,9.08E-06,1.01E-05,1.31E-05,0.777564681,N,
3117,Fluazinam,79622-59-6,Rat cerebellar granule cell,2,384,1.66E-05,2.99E-06,8.87E-06,0.337196496,N,
3118,Furosemide,54-31-9,Rat cerebellar granule cell,2,384,1.77E-07,3.94E-05,3.98E-05,0.98881945,A,3
3119,Glybenclamide,10238-21-8,Rat cerebellar granule cell,2,384,1.03E-05,2.99E-06,2.95E-05,0.101408961,A,5
3120,HC Red 3,2871-01-4,Rat cerebellar granule cell,2,384,2.48E-08,3.88E-05,3.88E-05,1.000249737,N,
3121,Hydralazine hydrochloride,304-20-1,Rat cerebellar granule cell,2,384,9.38E-08,3.75E-05,3.75E-05,0.999808604,B,6
3122,Ketoconazole,65277-42-1,Rat cerebellar granule cell,2,384,1.99E-05,1.75E-06,8.71E-06,0.200580819,B,6.6
3123,Metformin,1115-70-4,Rat cerebellar granule cell,2,384,1.36E-09,4.00E-05,4.00E-05,1.00038909,B,9.6
3124,Metoclopramide,364-62-5,Rat cerebellar granule cell,2,384,3.52E-06,3.55E-05,3.58E-05,0.993875469,B,9
3125,Nitrofurantoin,67-20-9,Rat cerebellar granule cell,2,384,3.28E-09,3.97E-05,3.97E-05,1.000363115,A,7.3
3126,Oxytetracycline hydrochloride,2058-46-0,Rat cerebellar granule cell,2,384,3.01E-10,4.00E-05,4.00E-05,1.000388398,A,4.5
3127,Panthenol,16485-10-2 ,Rat cerebellar granule cell,2,384,2.54E-09,3.97E-05,3.97E-05,1.000378555,N,
3128,Paracetamol,103-90-2,Rat cerebellar granule cell,2,384,5.25E-08,3.81E-05,3.81E-05,1.000075203,N,
3129,Topiramate,97240-79-4,Rat cerebellar granule cell,2,384,9.67E-10,3.98E-05,3.98E-05,1.000386592,A,9.2
3130,Trimellitic anhydride,552-30-7,Rat cerebellar granule cell,2,384,4.75E-08,3.98E-05,3.99E-05,0.997583423,A,3.3
3131,Verapamil hydrochloride,152-11-4,Rat cerebellar granule cell,2,384,3.24E-05,4.27E-06,6.95E-06,0.615367835,B,9.2
3132,Warfarin,129-06-6,Rat cerebellar granule cell,2,384,3.32E-06,2.15E-05,2.24E-05,0.957225144,N,
3133,Caffeine,58-08-2,Balbc_3T3,2,384,1.01E-08,3.91E-05,3.91E-05,1.000304038,N,
3134,Lamotrigine,84057-84-1,Balbc_3T3,2,384,5.62E-07,2.33E-05,2.45E-05,0.953473213,B,6.6
3135,Diclofenac,15307-79-6,Balbc_3T3,2,384,1.44E-08,4.00E-05,4.00E-05,1.000347876,B,17.6
3136,"2,4-Dichlorophenoxyacetic",94-75-7,Balbc_3T3,2,384,1.27E-07,3.68E-05,3.99E-05,0.92433327,A,2.7
3137,(S)-Naproxen,22204-53-1,Balbc_3T3,2,384,2.63E-07,3.28E-05,3.97E-05,0.828413973,A,4.4
3138,Ibuprofen,15687-27-1,Balbc_3T3,2,384,6.69E-07,2.12E-05,3.86E-05,0.548829947,A,5.4
3139,Torasemide,56211-40-6,Balbc_3T3,2,384,3.64E-07,2.97E-05,3.96E-05,0.750023823,A,4
3140,Warfarin,81-81-2,Balbc_3T3,2,384,1.03E-07,3.75E-05,3.98E-05,0.941530881,A,4.5
3141,di-n-butylphthalate,84-74-2,Balbc_3T3,2,384,5.16E-06,1.73E-06,1.64E-05,0.105854763,N,
3142,hexachlorophene,70-30-4,Balbc_3T3,2,384,2.63E-05,7.30E-08,1.16E-05,6.32E-03,A,6.2
3143,hexamethylenetetramine,100-97-0,Balbc_3T3,2,384,7.71E-09,3.68E-05,3.68E-05,1.000385801,B,6.4
3144,Malathion,121-75-5,Balbc_3T3,2,384,3.88E-07,2.48E-05,2.56E-05,0.967913055,N,
3145,pentachlorophenol,87-86-5,Balbc_3T3,2,384,2.32E-06,3.07E-06,3.74E-05,0.081965148,A,5
3146,"2,2,2-trichloroethanol",115-20-8,Balbc_3T3,2,384,6.01E-08,3.12E-05,3.13E-05,0.997078122,N,
3147,diethylphthalate,84-66-2,Balbc_3T3,2,384,4.47E-07,2.37E-05,2.46E-05,0.961116816,N,
3148,4-chlorophenol,106-48-9,Balbc_3T3,2,384,4.09E-07,2.43E-05,2.52E-05,0.965509205,N,
3149,permethrin,52645-53-1,Balbc_3T3,2,384,1.93E-05,7.86E-08,1.08E-05,0.007245657,N,
3150,Aniline,62-53-3,Balbc_3T3,2,384,2.61E-08,3.64E-05,3.64E-05,0.999464278,N,
3151,4-fluoroaniline,371-40-4,Balbc_3T3,2,384,3.92E-08,3.49E-05,3.50E-05,0.998681172,N,
3152,"2,4,6-trichlorophenol",88-06-2,Balbc_3T3,2,384,1.43E-06,1.58E-05,2.81E-05,0.564259849,A,6.8
3153,Allyl alcohol,107-18-6,Balbc_3T3,2,384,1.08E-08,3.62E-05,3.62E-05,1.000235302,N,
3154,N-methylaniline,100-61-8,Balbc_3T3,2,384,9.68E-08,3.00E-05,3.02E-05,0.994431355,N,
3155,"3,4-dichloroaniline",95-76-1,Balbc_3T3,2,384,6.79E-07,2.01E-05,2.17E-05,0.930025578,N,
3156,4-decylaniline,37529-30-9,Balbc_3T3,2,384,1.80E-05,1.11E-07,1.10E-05,0.01014587,N,
3157,naphthalene,91-20-3,Balbc_3T3,2,384,1.27E-06,9.13E-06,1.22E-05,0.746223652,N,
3158,"1,2,4-trichlorobenzene",120-82-1,Balbc_3T3,2,384,6.12E-07,8.76E-07,2.52E-06,0.348332316,N,
3159,"1,2-dichlorobenzene",95-50-1,Balbc_3T3,2,384,2.50E-07,1.33E-06,1.95E-06,0.680785945,N,
3160,dichloromethane,75-09-2,Balbc_3T3,2,384,3.24E-09,2.38E-06,2.38E-06,0.998206451,N,
3161,tetrachloroethylene,127-18-4,Balbc_3T3,2,384,8.87E-08,5.04E-07,7.23E-07,0.696672964,N,
3162,"2,3-dimethyl-1,3-butadiene",513-81-5,Balbc_3T3,2,384,1.47E-09,1.80E-08,2.15E-08,0.838476732,N,
3163,Eugenol F,97-53-0,Balbc_3T3,2,384,3.30E-07,2.59E-05,2.66E-05,0.974200527,N,
3164,Methyl-antranilate,134-20-3,Balbc_3T3,2,384,1.59E-07,3.03E-05,3.06E-05,0.99019704,N,
3165,Lilyfore,285977-85-7,Balbc_3T3,2,384,1.52E-06,1.25E-05,1.62E-05,0.77326174,N,
3166,Damascone beta,23726-91-2,Balbc_3T3,2,384,4.03E-06,2.86E-06,1.41E-05,0.202935234,N,
3167,Veloutone,14595-54-1,Balbc_3T3,2,384,9.56E-06,6.72E-07,1.33E-05,0.050571755,N,
3168,Verdox,82356-51-2,Balbc_3T3,2,384,1.88394E-05,8.60264E-08,1.08009E-05,0.00796788,N,
3169,Nirvanol,1506-02-1,Balbc_3T3,2,384,1.29543E-05,3.41279E-07,1.20055E-05,0.028437992,N,
3170,Cetalox,3738-00-9,Balbc_3T3,2,384,9.56E-06,5.08E-07,1.17E-05,0.043327129,N,
3171,Tonalide,21145-77-7,Balbc_3T3,2,384,1.30E-05,3.41E-07,1.20E-05,0.028437992,N,
3172,"2,4-Dinitrophenol",51-28-5,Balbc_3T3,2,384,1.72E-08,3.98E-05,4.00E-05,0.995653616,A,4.1
3173,Aldrin,309-00-2,Balbc_3T3,2,384,1.91E-05,7.77E-08,1.07E-05,0.007245657,N,
3174,Azinphos-methyl,86-50-0,Balbc_3T3,2,384,7.49E-07,1.93E-05,2.10E-05,0.91971443,N,
3175,Chlorpyrifos,2921-88-2,Balbc_3T3,2,384,7.26E-06,1.08E-06,1.46E-05,0.073737078,N,
3176,"DDD-p,p'",50-29-3,Balbc_3T3,2,384,2.20E-05,3.43E-08,1.07E-05,0.003201257,N,
3177,"DDT-o,p'",789-02-6,Balbc_3T3,2,384,1.98E-05,6.98E-08,1.08E-05,0.006455554,N,
3178,"DDT-p,p'",72-54-8,Balbc_3T3,2,384,1.64E-05,1.62E-07,1.12E-05,0.014475667,N,
3179,Diazinon,333-41-5,Balbc_3T3,2,384,2.86E-06,6.24E-06,1.37E-05,0.454744329,N,
3180,Dicofol,115-32-2,Balbc_3T3,2,384,7.67E-06,9.90E-07,1.44E-05,0.068955307,N,
3181,Dieldrin,60-57-1,Balbc_3T3,2,384,8.37E-06,8.56E-07,1.39E-05,0.061440283,N,
3182,Disulfoton,298-04-4,Balbc_3T3,2,384,3.45E-06,4.60E-06,1.39E-05,0.331694573,N,
3183,Endosulfan I,115-29-7,Balbc_3T3,2,384,2.92E-06,6.07E-06,1.37E-05,0.44251938,N,
3184,Endrin,72-20-8,Balbc_3T3,2,384,1.07E-05,5.32E-07,1.28E-05,0.041634285,N,
3185,Ethion,563-12-2,Balbc_3T3,2,384,8.02E-06,9.21E-07,1.41E-05,0.065127306,N,
3186,Heptachlor,76-44-8,Balbc_3T3,2,384,1.63E-05,1.68E-07,1.12E-05,0.014982094,N,
3187,Heptachlor epoxide B,1024-57-3,Balbc_3T3,2,384,7.40E-06,1.05E-06,1.45E-05,0.072120204,N,
3188,Lindane,58-89-9,Balbc_3T3,2,384,2.60E-06,7.01E-06,1.37E-05,0.510217563,N,
3189,"Methoxychlor-o,p'",72-43-5,Balbc_3T3,2,384,8.09E-06,9.08E-07,1.41E-05,0.06437867,N,
3190,Parathion,56-38-2,Balbc_3T3,2,384,2.92E-06,6.07E-06,1.37E-05,0.44251938,N,
3191,Trifluralin,1582-09-8,Balbc_3T3,2,384,1.00E-05,6.12E-07,1.31E-05,0.046854026,N,
3192,Cisapride,81098-60-4,Balbc_3T3,2,384,2.81E-06,1.97E-05,2.33E-05,0.842597877,B,7.8
3193,Citalopram hydrobromide,59729-33-8,Balbc_3T3,2,384,1.44E-06,1.30E-05,1.65E-05,0.790121862,N,
3194,Dofetilide,115256-11-6,Balbc_3T3,2,384,2.38E-07,3.80E-05,3.81E-05,0.996501925,B,8.4
3195,Moxifloxacin hydrochloride,186826-86-8,Balbc_3T3,2,384,1.20E-08,3.98E-05,3.98E-05,0.999143237,A,6
3196,N-acetylpro-cainamide,32795-44-1,Balbc_3T3,2,384,2.75E-08,3.99E-05,3.99E-05,1.000223384,B,9.2
3197,Quinidine sulfate,50-54-4,Balbc_3T3,2,384,2.09E-06,3.61E-05,3.71E-05,0.974465125,B,9.3
3198,Sematilide,101526-83-4,Balbc_3T3,2,384,2.43E-08,3.99E-05,3.99E-05,1.00024813,B,9.1
3199,Sotalol hydrochloride,959-24-0,Balbc_3T3,2,384,1.04E-08,4.00E-05,4.00E-05,1.000372788,B,9
3200,Mifepristone,84371-65-3,Balbc_3T3,2,384,6.72E-06,1.21E-06,1.50E-05,0.080694784,N,
3201,Perfluorobutanesulfonic_acid,375-73-5,Balbc_3T3,2,384,1.43E-08,3.99E-05,4.00E-05,0.997289169,A,-2.9
3202,4_2_Fluorotelomer_sulfonic_acid,757124-72-4,Balbc_3T3,2,384,1.92E-08,3.97E-05,4.00E-05,0.994466143,A,1.4
3203,Perfluorononanoic_acid,375-95-1,Balbc_3T3,2,384,8.02E-06,1.21E-06,3.19E-05,0.037784558,A,0.1
3204,Perfluorohexanoic_acid,307-24-4,Balbc_3T3,2,384,8.96E-07,1.07E-05,3.91E-05,0.273349803,A,0.1
3205,Perfluorobutanoic_acid,375-22-4,Balbc_3T3,2,384,1.83E-08,3.98E-05,4.00E-05,0.995026977,A,0.1
3206,Perfluorooctanoic_acid,335-67-1,Balbc_3T3,2,384,8.62E-07,1.21E-05,3.91E-05,0.309464697,A,0.1
3207,6_2_Fluorotelomer_sulfonic_acid,27619-97-2,Balbc_3T3,2,384,1.74E-07,3.55E-05,3.98E-05,0.891007572,A,1.4
3208,8_2_Fluorotelomer_sulfonic_acid,39108-34-4,Balbc_3T3,2,384,8.87E-07,1.11E-05,3.91E-05,0.283396925,A,1.4
3209,Perfluoroundecanoic_acid,2058-94-8,Balbc_3T3,2,384,6.93E-06,1.38E-06,3.30E-05,0.041751562,A,0.1
3210,Perfluorooctanesulfonic_acid,1763-23-1,Balbc_3T3,2,384,6.93E-06,1.38E-06,3.30E-05,0.041751564,A,-2.9
3211,Perfluoroheptanoic_acid,375-85-9,Balbc_3T3,2,384,4.66E-07,2.64E-05,3.95E-05,0.667820351,A,0.1
3212,Perfluoropentanoic_acid,2706-90-3,Balbc_3T3,2,384,4.82E-08,3.90E-05,3.99E-05,0.976786849,A,0.1
3213,Perfluorohexanesulfonic_acid,355-46-4,Balbc_3T3,2,384,1.04E-07,3.75E-05,3.99E-05,0.940147416,A,-2.9
3214,Perfluorodecanoic_acid,335-76-2,Balbc_3T3,2,384,1.17E-05,8.11E-07,2.83E-05,0.02865571,A,0.1
3215,cyclosporine A,59865-13-3,Balbc_3T3,2,384,9.72E-07,1.69E-05,1.92E-05,0.882653472,N,
3216,chlorpromazine,50-53-3,Balbc_3T3,2,384,3.05E-05,3.21E-06,8.51E-06,0.377780288,B,9.4
3217,PBDE 47,5436-43-1,Balbc_3T3,2,384,2.14E-05,4.21E-08,1.07E-05,0.003929009,N,
3218,PBDE 99,60348-60-9,Balbc_3T3,2,384,2.41E-05,1.44E-08,1.07E-05,1.34E-03,N,
3219,PBDE 153,68631-49-2,Balbc_3T3,2,384,2.61E-05,4.02E-09,1.08E-05,3.72E-04,N,
3220,amiodarone,1951-25-3,Balbc_3T3,2,384,3.86E-05,2.55E-08,1.07E-06,2.38E-02,B,9
3221,Azathioprine,446-86-6,Balbc_3T3,2,384,1.07E-08,3.90E-05,3.90E-05,1.000264661,A,8.2
3222,Benzocaine,94-09-7,Balbc_3T3,2,384,1.53E-07,3.05E-05,3.08E-05,0.990681691,N,
3223,Butylated hydroxyanisole,25013-16-5,Balbc_3T3,2,384,1.89171E-06,1.02525E-05,1.49484E-05,0.686130849,N,
3224,Cetirizine dihydrochloride,83881-52-1,Balbc_3T3,2,384,9.23E-09,4.00E-05,4.00E-05,0.999953042,A,4.7
3225,Cyclamate,139-05-9,Balbc_3T3,2,384,8.55E-09,4.00E-05,4.00E-05,1.000388297,B,17.6
3226,Cyclophosphamide,6055-19-2,Balbc_3T3,2,384,1.95E-08,3.76E-05,3.77E-05,0.999854725,B,6.1
3227,Cypermethrin,67375-30-8,Balbc_3T3,2,384,2.02E-05,6.19E-08,1.08E-05,0.005742934,N,
3228,DEET,134-62-3,Balbc_3T3,2,384,2.80E-07,2.70E-05,2.76E-05,0.979296352,N,
3229,Dexamethasone,50-02-2,Balbc_3T3,2,384,1.72E-07,2.99E-05,3.03E-05,0.989154705,N,
3230,Digoxin,20830-75-5,Balbc_3T3,2,384,4.89E-08,3.51E-05,3.52E-05,0.998152269,N,
3231,Fenazaquin,120928-09-8,Balbc_3T3,2,384,1.14E-05,4.68E-07,1.25E-05,0.037346358,N,
3232,Fenbuconazole,114369-43-6,Balbc_3T3,2,384,1.50E-06,1.26E-05,1.63E-05,0.777564681,N,
3233,Fluazinam,79622-59-6,Balbc_3T3,2,384,3.42E-06,4.67E-06,1.38E-05,0.337196496,N,
3234,Furosemide,54-31-9,Balbc_3T3,2,384,2.88E-08,3.95E-05,4.00E-05,0.98881945,A,3
3235,Glybenclamide,10238-21-8,Balbc_3T3,2,384,1.56E-06,3.87E-06,3.82E-05,0.101408961,A,5
3236,HC Red 3,2871-01-4,Balbc_3T3,2,384,1.13E-08,3.88E-05,3.88E-05,1.000249737,N,
3237,Hydralazine hydrochloride,304-20-1,Balbc_3T3,2,384,2.03E-08,3.75E-05,3.76E-05,0.999808604,B,6
3238,Ketoconazole,65277-42-1,Balbc_3T3,2,384,4.69E-06,3.06E-06,1.53E-05,0.200580819,B,6.6
3239,Metformin,1115-70-4,Balbc_3T3,2,384,8.41E-09,4.00E-05,4.00E-05,1.00038909,B,9.6
3240,Metoclopramide,364-62-5,Balbc_3T3,2,384,5.52E-07,3.84E-05,3.87E-05,0.993875469,B,9
3241,Nitrofurantoin,67-20-9,Balbc_3T3,2,384,8.60E-09,3.97E-05,3.97E-05,1.000363115,A,7.3
3242,Oxytetracycline hydrochloride,2058-46-0,Balbc_3T3,2,384,8.26E-09,4.00E-05,4.00E-05,1.000388398,A,4.5
3243,Panthenol,16485-10-2 ,Balbc_3T3,2,384,8.49E-09,3.97E-05,3.97E-05,1.000378555,N,
3244,Paracetamol,103-90-2,Balbc_3T3,2,384,1.48E-08,3.82E-05,3.82E-05,1.000075203,N,
3245,Topiramate,97240-79-4,Balbc_3T3,2,384,8.31E-09,3.98E-05,3.98E-05,1.000386592,A,9.2
3246,Trimellitic anhydride,552-30-7,Balbc_3T3,2,384,1.37E-08,3.99E-05,4.00E-05,0.997583423,A,3.3
3247,Verapamil hydrochloride,152-11-4,Balbc_3T3,2,384,1.52E-05,1.40E-05,2.28E-05,0.615367835,B,9.2
3248,Warfarin,129-06-6,Balbc_3T3,2,384,4.79E-07,2.31E-05,2.42E-05,0.957225144,N,
3249,Caffeine,58-08-2,FishRtgut,2,384,5.05E-09,3.91E-05,3.91E-05,1.000304038,N,
3250,Lamotrigine,84057-84-1,FishRtgut,2,384,6.26E-08,2.36E-05,2.48E-05,0.953473213,B,6.6
3251,Diclofenac,15307-79-6,FishRtgut,2,384,5.67E-09,4.00E-05,4.00E-05,1.000347876,B,17.6
3252,"2,4-Dichlorophenoxyacetic",94-75-7,FishRtgut,2,384,8.89E-09,3.69E-05,4.00E-05,0.92433327,A,2.7
3253,(S)-Naproxen,22204-53-1,FishRtgut,2,384,1.36E-08,3.31E-05,3.99E-05,0.828413973,A,4.4
3254,Ibuprofen,15687-27-1,FishRtgut,2,384,3.20E-08,2.15E-05,3.92E-05,0.548829947,A,5.4
3255,Torasemide,56211-40-6,FishRtgut,2,384,1.68E-08,2.99E-05,3.99E-05,0.750023823,A,4
3256,Warfarin,81-81-2,FishRtgut,2,384,8.20E-09,3.76E-05,3.99E-05,0.941530881,A,4.5
3257,di-n-butylphthalate,84-74-2,FishRtgut,2,384,5.64E-07,1.96E-06,1.86E-05,0.105854763,N,
3258,hexachlorophene,70-30-4,FishRtgut,2,384,4.28E-06,1.91E-07,3.02E-05,6.32E-03,A,6.2
3259,hexamethylenetetramine,100-97-0,FishRtgut,2,384,4.57E-09,3.68E-05,3.68E-05,1.000385801,B,6.4
3260,Malathion,121-75-5,FishRtgut,2,384,4.15E-08,2.50E-05,2.58E-05,0.967913055,N,
3261,pentachlorophenol,87-86-5,FishRtgut,2,384,9.63E-08,3.25E-06,3.96E-05,0.081965148,A,5
3262,"2,2,2-trichloroethanol",115-20-8,FishRtgut,2,384,9.28E-09,3.12E-05,3.13E-05,0.997078122,N,
3263,diethylphthalate,84-66-2,FishRtgut,2,384,4.73E-08,2.39E-05,2.49E-05,0.961116816,N,
3264,4-chlorophenol,106-48-9,FishRtgut,2,384,4.35E-08,2.45E-05,2.54E-05,0.965509205,N,
3265,permethrin,52645-53-1,FishRtgut,2,384,3.24E-06,1.40E-07,1.93E-05,0.007245657,N,
3266,Aniline,62-53-3,FishRtgut,2,384,6.39E-09,3.64E-05,3.64E-05,0.999464278,N,
3267,4-fluoroaniline,371-40-4,FishRtgut,2,384,7.56E-09,3.50E-05,3.50E-05,0.998681172,N,
3268,"2,4,6-trichlorophenol",88-06-2,FishRtgut,2,384,1.25E-07,1.64E-05,2.90E-05,0.564259849,A,6.8
3269,Allyl alcohol,107-18-6,FishRtgut,2,384,4.82E-09,3.62E-05,3.62E-05,1.000235302,N,
3270,N-methylaniline,100-61-8,FishRtgut,2,384,1.28E-08,3.01E-05,3.03E-05,0.994431355,N,
3271,"3,4-dichloroaniline",95-76-1,FishRtgut,2,384,7.03E-08,2.05E-05,2.20E-05,0.930025578,N,
3272,4-decylaniline,37529-30-9,FishRtgut,2,384,2.87E-06,1.88E-07,1.85E-05,0.01014587,N,
3273,naphthalene,91-20-3,FishRtgut,2,384,1.30E-07,9.40E-06,1.26E-05,0.746223652,N,
3274,"1,2,4-trichlorobenzene",120-82-1,FishRtgut,2,384,6.05E-08,8.89E-07,2.55E-06,0.348332316,N,
3275,"1,2-dichlorobenzene",95-50-1,FishRtgut,2,384,2.48E-08,1.33E-06,1.96E-06,0.680785945,N,
3276,dichloromethane,75-09-2,FishRtgut,2,384,5.72E-10,2.38E-06,2.38E-06,0.998206451,N,
3277,tetrachloroethylene,127-18-4,FishRtgut,2,384,8.77E-09,5.05E-07,7.25E-07,0.696672964,N,
3278,"2,3-dimethyl-1,3-butadiene",513-81-5,FishRtgut,2,384,1.46E-10,1.80E-08,2.15E-08,0.838476732,N,
3279,Eugenol F,97-53-0,FishRtgut,2,384,3.58E-08,2.60E-05,2.68E-05,0.974200527,N,
3280,Methyl-antranilate,134-20-3,FishRtgut,2,384,1.91E-08,3.04E-05,3.08E-05,0.99019704,N,
3281,Lilyfore,285977-85-7,FishRtgut,2,384,1.56E-07,1.29E-05,1.67E-05,0.77326174,N,
3282,Damascone beta,23726-91-2,FishRtgut,2,384,4.30E-07,3.15E-06,1.55E-05,0.202935234,N,
3283,Veloutone,14595-54-1,FishRtgut,2,384,1.17E-06,8.57E-07,1.69E-05,0.050571755,N,
3284,Verdox,82356-51-2,FishRtgut,2,384,3.10007E-06,1.50013E-07,1.88346E-05,0.00796788,N,
3285,Nirvanol,1506-02-1,FishRtgut,2,384,1.74561E-06,4.82718E-07,1.6981E-05,0.028437992,N,
3286,Cetalox,3738-00-9,FishRtgut,2,384,1.17E-06,6.48E-07,1.50E-05,0.043327129,N,
3287,Tonalide,21145-77-7,FishRtgut,2,384,1.75E-06,4.83E-07,1.70E-05,0.028437992,N,
3288,"2,4-Dinitrophenol",51-28-5,FishRtgut,2,384,5.26E-09,3.98E-05,4.00E-05,0.995653616,A,4.1
3289,Aldrin,309-00-2,FishRtgut,2,384,3.18E-06,1.37E-07,1.89E-05,0.007245657,N,
3290,Azinphos-methyl,86-50-0,FishRtgut,2,384,7.74E-08,1.97E-05,2.14E-05,0.91971443,N,
3291,Chlorpyrifos,2921-88-2,FishRtgut,2,384,8.36E-07,1.29E-06,1.75E-05,0.073737078,N,
3292,"DDD-p,p'",50-29-3,FishRtgut,2,384,4.11E-06,6.83E-08,2.13E-05,0.003201257,N,
3293,"DDT-o,p'",789-02-6,FishRtgut,2,384,3.37E-06,1.26E-07,1.96E-05,0.006455554,N,
3294,"DDT-p,p'",72-54-8,FishRtgut,2,384,2.48E-06,2.58E-07,1.78E-05,0.014475667,N,
3295,Diazinon,333-41-5,FishRtgut,2,384,2.99E-07,6.67E-06,1.47E-05,0.454744329,N,
3296,Dicofol,115-32-2,FishRtgut,2,384,8.92E-07,1.20E-06,1.74E-05,0.068955307,N,
3297,Dieldrin,60-57-1,FishRtgut,2,384,9.91E-07,1.06E-06,1.72E-05,0.061440283,N,
3298,Disulfoton,298-04-4,FishRtgut,2,384,3.64E-07,4.99E-06,1.50E-05,0.331694573,N,
3299,Endosulfan I,115-29-7,FishRtgut,2,384,3.05E-07,6.50E-06,1.47E-05,0.44251938,N,
3300,Endrin,72-20-8,FishRtgut,2,384,1.36E-06,7.03E-07,1.69E-05,0.041634285,N,
3301,Ethion,563-12-2,FishRtgut,2,384,9.41E-07,1.12E-06,1.73E-05,0.065127306,N,
3302,Heptachlor,76-44-8,FishRtgut,2,384,2.44E-06,2.66E-07,1.78E-05,0.014982094,N,
3303,Heptachlor epoxide B,1024-57-3,FishRtgut,2,384,8.54E-07,1.26E-06,1.75E-05,0.072120204,N,
3304,Lindane,58-89-9,FishRtgut,2,384,2.71E-07,7.44E-06,1.46E-05,0.510217563,N,
3305,"Methoxychlor-o,p'",72-43-5,FishRtgut,2,384,9.51E-07,1.11E-06,1.73E-05,0.06437867,N,
3306,Parathion,56-38-2,FishRtgut,2,384,3.05E-07,6.50E-06,1.47E-05,0.44251938,N,
3307,Trifluralin,1582-09-8,FishRtgut,2,384,1.24E-06,7.91E-07,1.69E-05,0.046854026,N,
3308,Cisapride,81098-60-4,FishRtgut,2,384,3.67E-07,2.10E-05,2.49E-05,0.842597877,B,7.8
3309,Citalopram hydrobromide,59729-33-8,FishRtgut,2,384,1.48E-07,1.35E-05,1.71E-05,0.790121862,N,
3310,Dofetilide,115256-11-6,FishRtgut,2,384,3.27E-08,3.82E-05,3.83E-05,0.996501925,B,8.4
3311,Moxifloxacin hydrochloride,186826-86-8,FishRtgut,2,384,5.15E-09,3.98E-05,3.98E-05,0.999143237,A,6
3312,N-acetylpro-cainamide,32795-44-1,FishRtgut,2,384,7.22E-09,3.99E-05,3.99E-05,1.000223384,B,9.2
3313,Quinidine sulfate,50-54-4,FishRtgut,2,384,2.63E-07,3.79E-05,3.89E-05,0.974465125,B,9.3
3314,Sematilide,101526-83-4,FishRtgut,2,384,6.84E-09,3.99E-05,3.99E-05,1.00024813,B,9.1
3315,Sotalol hydrochloride,959-24-0,FishRtgut,2,384,5.20E-09,4.00E-05,4.00E-05,1.000372788,B,9
3316,Mifepristone,84371-65-3,FishRtgut,2,384,7.63E-07,1.43E-06,1.77E-05,0.080694784,N,
3317,Perfluorobutanesulfonic_acid,375-73-5,FishRtgut,2,384,5.15E-09,3.99E-05,4.00E-05,0.997289169,A,-2.9
3318,4_2_Fluorotelomer_sulfonic_acid,757124-72-4,FishRtgut,2,384,5.32E-09,3.98E-05,4.00E-05,0.994466143,A,1.4
3319,Perfluorononanoic_acid,375-95-1,FishRtgut,2,384,3.58E-07,1.50E-06,3.96E-05,0.037784558,A,0.1
3320,Perfluorohexanoic_acid,307-24-4,FishRtgut,2,384,3.42E-08,1.09E-05,3.99E-05,0.273349803,A,0.1
3321,Perfluorobutanoic_acid,375-22-4,FishRtgut,2,384,5.29E-09,3.98E-05,4.00E-05,0.995026977,A,0.1
3322,Perfluorooctanoic_acid,335-67-1,FishRtgut,2,384,3.31E-08,1.24E-05,3.99E-05,0.309464697,A,0.1
3323,6_2_Fluorotelomer_sulfonic_acid,27619-97-2,FishRtgut,2,384,1.04E-08,3.56E-05,4.00E-05,0.891007572,A,1.4
3324,8_2_Fluorotelomer_sulfonic_acid,39108-34-4,FishRtgut,2,384,3.39E-08,1.13E-05,3.99E-05,0.283396925,A,1.4
3325,Perfluoroundecanoic_acid,2058-94-8,FishRtgut,2,384,2.99E-07,1.66E-06,3.97E-05,0.041751562,A,0.1
3326,Perfluorooctanesulfonic_acid,1763-23-1,FishRtgut,2,384,2.99E-07,1.66E-06,3.97E-05,0.041751564,A,-2.9
3327,Perfluoroheptanoic_acid,375-85-9,FishRtgut,2,384,2.01E-08,2.67E-05,4.00E-05,0.667820351,A,0.1
3328,Perfluoropentanoic_acid,2706-90-3,FishRtgut,2,384,6.28E-09,3.90E-05,4.00E-05,0.976786849,A,0.1
3329,Perfluorohexanesulfonic_acid,355-46-4,FishRtgut,2,384,8.12E-09,3.76E-05,4.00E-05,0.940147416,A,-2.9
3330,Perfluorodecanoic_acid,335-76-2,FishRtgut,2,384,5.84E-07,1.13E-06,3.94E-05,0.02865571,A,0.1
3331,cyclosporine A,59865-13-3,FishRtgut,2,384,9.99E-08,1.73E-05,1.96E-05,0.882653472,N,
3332,chlorpromazine,50-53-3,FishRtgut,2,384,1.10E-05,9.82E-06,2.60E-05,0.377780288,B,9.4
3333,PBDE 47,5436-43-1,FishRtgut,2,384,3.90E-06,8.17E-08,2.08E-05,0.003929009,N,
3334,PBDE 99,60348-60-9,FishRtgut,2,384,4.94E-06,3.16E-08,2.36E-05,1.34E-03,N,
3335,PBDE 153,68631-49-2,FishRtgut,2,384,5.91E-06,9.84E-09,2.65E-05,3.72E-04,N,
3336,amiodarone,1951-25-3,FishRtgut,2,384,3.07E-05,1.71E-07,7.20E-06,2.38E-02,B,9
3337,Azathioprine,446-86-6,FishRtgut,2,384,5.10E-09,3.90E-05,3.90E-05,1.000264661,A,8.2
3338,Benzocaine,94-09-7,FishRtgut,2,384,1.86E-08,3.06E-05,3.09E-05,0.990681691,N,
3339,Butylated hydroxyanisole,25013-16-5,FishRtgut,2,384,1.94916E-07,1.0709E-05,1.56139E-05,0.686130849,N,
3340,Cetirizine dihydrochloride,83881-52-1,FishRtgut,2,384,4.99E-09,4.00E-05,4.00E-05,0.999953042,A,4.7
3341,Cyclamate,139-05-9,FishRtgut,2,384,4.99E-09,4.00E-05,4.00E-05,1.000388297,B,17.6
3342,Cyclophosphamide,6055-19-2,FishRtgut,2,384,5.88E-09,3.77E-05,3.77E-05,0.999854725,B,6.1
3343,Cypermethrin,67375-30-8,FishRtgut,2,384,3.50E-06,1.14E-07,1.99E-05,0.005742934,N,
3344,DEET,134-62-3,FishRtgut,2,384,3.09E-08,2.72E-05,2.78E-05,0.979296352,N,
3345,Dexamethasone,50-02-2,FishRtgut,2,384,2.04E-08,3.00E-05,3.04E-05,0.989154705,N,
3346,Digoxin,20830-75-5,FishRtgut,2,384,8.56E-09,3.52E-05,3.52E-05,0.998152269,N,
3347,Fenazaquin,120928-09-8,FishRtgut,2,384,1.47E-06,6.30E-07,1.69E-05,0.037346358,N,
3348,Fenbuconazole,114369-43-6,FishRtgut,2,384,1.54E-07,1.31E-05,1.68E-05,0.777564681,N,
3349,Fluazinam,79622-59-6,FishRtgut,2,384,3.61E-07,5.06E-06,1.50E-05,0.337196496,N,
3350,Furosemide,54-31-9,FishRtgut,2,384,5.64E-09,3.95E-05,4.00E-05,0.98881945,A,3
3351,Glybenclamide,10238-21-8,FishRtgut,2,384,6.37E-08,4.02E-06,3.97E-05,0.101408961,A,5
3352,HC Red 3,2871-01-4,FishRtgut,2,384,5.14E-09,3.88E-05,3.88E-05,1.000249737,N,
3353,Hydralazine hydrochloride,304-20-1,FishRtgut,2,384,5.95E-09,3.75E-05,3.76E-05,0.999808604,B,6
3354,Ketoconazole,65277-42-1,FishRtgut,2,384,5.44E-07,3.42E-06,1.71E-05,0.200580819,B,6.6
3355,Metformin,1115-70-4,FishRtgut,2,384,4.97E-09,4.00E-05,4.00E-05,1.00038909,B,9.6
3356,Metoclopramide,364-62-5,FishRtgut,2,384,7.01E-08,3.89E-05,3.92E-05,0.993875469,B,9
3357,Nitrofurantoin,67-20-9,FishRtgut,2,384,4.96E-09,3.97E-05,3.97E-05,1.000363115,A,7.3
3358,Oxytetracycline hydrochloride,2058-46-0,FishRtgut,2,384,4.95E-09,4.00E-05,4.00E-05,1.000388398,A,4.5
3359,Panthenol,16485-10-2 ,FishRtgut,2,384,4.94E-09,3.97E-05,3.97E-05,1.000378555,N,
3360,Paracetamol,103-90-2,FishRtgut,2,384,5.44E-09,3.82E-05,3.82E-05,1.000075203,N,
3361,Topiramate,97240-79-4,FishRtgut,2,384,4.94E-09,3.98E-05,3.98E-05,1.000386592,A,9.2
3362,Trimellitic anhydride,552-30-7,FishRtgut,2,384,5.14E-09,3.99E-05,4.00E-05,0.997583423,A,3.3
3363,Verapamil hydrochloride,152-11-4,FishRtgut,2,384,2.71E-06,2.11E-05,3.43E-05,0.615367835,B,9.2
3364,Warfarin,129-06-6,FishRtgut,2,384,5.05E-08,2.34E-05,2.45E-05,0.957225144,N,
3365,Caffeine,58-08-2,FishRtgill,2,384,2.65E-09,3.91E-05,3.91E-05,1.000304038,N,
3366,Lamotrigine,84057-84-1,FishRtgill,2,384,3.29E-08,2.36E-05,2.48E-05,0.953473213,B,6.6
3367,Diclofenac,15307-79-6,FishRtgill,2,384,2.98E-09,4.00E-05,4.00E-05,1.000347876,B,17.6
3368,"2,4-Dichlorophenoxyacetic",94-75-7,FishRtgill,2,384,4.67E-09,3.69E-05,4.00E-05,0.92433327,A,2.7
3369,(S)-Naproxen,22204-53-1,FishRtgill,2,384,7.14E-09,3.31E-05,3.99E-05,0.828413973,A,4.4
3370,Ibuprofen,15687-27-1,FishRtgill,2,384,1.68E-08,2.15E-05,3.92E-05,0.548829947,A,5.4
3371,Torasemide,56211-40-6,FishRtgill,2,384,8.84E-09,2.99E-05,3.99E-05,0.750023823,A,4
3372,Warfarin,81-81-2,FishRtgill,2,384,4.31E-09,3.76E-05,3.99E-05,0.941530881,A,4.5
3373,di-n-butylphthalate,84-74-2,FishRtgill,2,384,2.98E-07,1.98E-06,1.87E-05,0.105854763,N,
3374,hexachlorophene,70-30-4,FishRtgill,2,384,2.37E-06,2.01E-07,3.18E-05,6.32E-03,A,6.2
3375,hexamethylenetetramine,100-97-0,FishRtgill,2,384,2.40E-09,3.68E-05,3.68E-05,1.000385801,B,6.4
3376,Malathion,121-75-5,FishRtgill,2,384,2.18E-08,2.50E-05,2.58E-05,0.967913055,N,
3377,pentachlorophenol,87-86-5,FishRtgill,2,384,5.06E-08,3.25E-06,3.97E-05,0.081965148,A,5
3378,"2,2,2-trichloroethanol",115-20-8,FishRtgill,2,384,4.87E-09,3.12E-05,3.13E-05,0.997078122,N,
3379,diethylphthalate,84-66-2,FishRtgill,2,384,2.48E-08,2.39E-05,2.49E-05,0.961116816,N,
3380,4-chlorophenol,106-48-9,FishRtgill,2,384,2.29E-08,2.45E-05,2.54E-05,0.965509205,N,
3381,permethrin,52645-53-1,FishRtgill,2,384,1.77E-06,1.45E-07,2.01E-05,0.007245657,N,
3382,Aniline,62-53-3,FishRtgill,2,384,3.36E-09,3.64E-05,3.64E-05,0.999464278,N,
3383,4-fluoroaniline,371-40-4,FishRtgill,2,384,3.97E-09,3.50E-05,3.50E-05,0.998681172,N,
3384,"2,4,6-trichlorophenol",88-06-2,FishRtgill,2,384,6.59E-08,1.64E-05,2.91E-05,0.564259849,A,6.8
3385,Allyl alcohol,107-18-6,FishRtgill,2,384,2.53E-09,3.62E-05,3.62E-05,1.000235302,N,
3386,N-methylaniline,100-61-8,FishRtgill,2,384,6.74E-09,3.01E-05,3.03E-05,0.994431355,N,
3387,"3,4-dichloroaniline",95-76-1,FishRtgill,2,384,3.70E-08,2.05E-05,2.20E-05,0.930025578,N,
3388,4-decylaniline,37529-30-9,FishRtgill,2,384,1.56E-06,1.95E-07,1.92E-05,0.01014587,N,
3389,naphthalene,91-20-3,FishRtgill,2,384,6.82E-08,9.41E-06,1.26E-05,0.746223652,N,
3390,"1,2,4-trichlorobenzene",120-82-1,FishRtgill,2,384,3.18E-08,8.89E-07,2.55E-06,0.348332316,N,
3391,"1,2-dichlorobenzene",95-50-1,FishRtgill,2,384,1.30E-08,1.33E-06,1.96E-06,0.680785945,N,
3392,dichloromethane,75-09-2,FishRtgill,2,384,3.00E-10,2.38E-06,2.38E-06,0.998206451,N,
3393,tetrachloroethylene,127-18-4,FishRtgill,2,384,4.61E-09,5.05E-07,7.25E-07,0.696672964,N,
3394,"2,3-dimethyl-1,3-butadiene",513-81-5,FishRtgill,2,384,7.69E-11,1.80E-08,2.15E-08,0.838476732,N,
3395,Eugenol F,97-53-0,FishRtgill,2,384,1.88E-08,2.61E-05,2.68E-05,0.974200527,N,
3396,Methyl-antranilate,134-20-3,FishRtgill,2,384,1.00E-08,3.04E-05,3.08E-05,0.99019704,N,
3397,Lilyfore,285977-85-7,FishRtgill,2,384,8.19E-08,1.30E-05,1.68E-05,0.77326174,N,
3398,Damascone beta,23726-91-2,FishRtgill,2,384,2.27E-07,3.16E-06,1.56E-05,0.202935234,N,
3399,Veloutone,14595-54-1,FishRtgill,2,384,6.22E-07,8.69E-07,1.72E-05,0.050571755,N,
3400,Verdox,82356-51-2,FishRtgill,2,384,1.68974E-06,1.55747E-07,1.95544E-05,0.00796788,N,
3401,Nirvanol,1506-02-1,FishRtgill,2,384,9.35845E-07,4.92936E-07,1.73405E-05,0.028437992,N,
3402,Cetalox,3738-00-9,FishRtgill,2,384,6.21E-07,6.57E-07,1.52E-05,0.043327129,N,
3403,Tonalide,21145-77-7,FishRtgill,2,384,9.36E-07,4.93E-07,1.73E-05,0.028437992,N,
3404,"2,4-Dinitrophenol",51-28-5,FishRtgill,2,384,2.76E-09,3.98E-05,4.00E-05,0.995653616,A,4.1
3405,Aldrin,309-00-2,FishRtgill,2,384,1.74E-06,1.43E-07,1.97E-05,0.007245657,N,
3406,Azinphos-methyl,86-50-0,FishRtgill,2,384,4.07E-08,1.97E-05,2.14E-05,0.91971443,N,
3407,Chlorpyrifos,2921-88-2,FishRtgill,2,384,4.43E-07,1.30E-06,1.77E-05,0.073737078,N,
3408,"DDD-p,p'",50-29-3,FishRtgill,2,384,2.27E-06,7.18E-08,2.24E-05,0.003201257,N,
3409,"DDT-o,p'",789-02-6,FishRtgill,2,384,1.84E-06,1.32E-07,2.04E-05,0.006455554,N,
3410,"DDT-p,p'",72-54-8,FishRtgill,2,384,1.34E-06,2.66E-07,1.84E-05,0.014475667,N,
3411,Diazinon,333-41-5,FishRtgill,2,384,1.58E-07,6.70E-06,1.47E-05,0.454744329,N,
3412,Dicofol,115-32-2,FishRtgill,2,384,4.73E-07,1.21E-06,1.76E-05,0.068955307,N,
3413,Dieldrin,60-57-1,FishRtgill,2,384,5.27E-07,1.07E-06,1.74E-05,0.061440283,N,
3414,Disulfoton,298-04-4,FishRtgill,2,384,1.92E-07,5.01E-06,1.51E-05,0.331694573,N,
3415,Endosulfan I,115-29-7,FishRtgill,2,384,1.61E-07,6.52E-06,1.47E-05,0.44251938,N,
3416,Endrin,72-20-8,FishRtgill,2,384,7.24E-07,7.14E-07,1.72E-05,0.041634285,N,
3417,Ethion,563-12-2,FishRtgill,2,384,5.00E-07,1.14E-06,1.75E-05,0.065127306,N,
3418,Heptachlor,76-44-8,FishRtgill,2,384,1.32E-06,2.74E-07,1.83E-05,0.014982094,N,
3419,Heptachlor epoxide B,1024-57-3,FishRtgill,2,384,4.53E-07,1.27E-06,1.76E-05,0.072120204,N,
3420,Lindane,58-89-9,FishRtgill,2,384,1.43E-07,7.47E-06,1.46E-05,0.510217563,N,
3421,"Methoxychlor-o,p'",72-43-5,FishRtgill,2,384,5.05E-07,1.12E-06,1.75E-05,0.06437867,N,
3422,Parathion,56-38-2,FishRtgill,2,384,1.61E-07,6.52E-06,1.47E-05,0.44251938,N,
3423,Trifluralin,1582-09-8,FishRtgill,2,384,6.60E-07,8.03E-07,1.71E-05,0.046854026,N,
3424,Cisapride,81098-60-4,FishRtgill,2,384,1.93E-07,2.10E-05,2.50E-05,0.842597877,B,7.8
3425,Citalopram hydrobromide,59729-33-8,FishRtgill,2,384,7.77E-08,1.35E-05,1.71E-05,0.790121862,N,
3426,Dofetilide,115256-11-6,FishRtgill,2,384,1.72E-08,3.82E-05,3.83E-05,0.996501925,B,8.4
3427,Moxifloxacin hydrochloride,186826-86-8,FishRtgill,2,384,2.70E-09,3.98E-05,3.98E-05,0.999143237,A,6
3428,N-acetylpro-cainamide,32795-44-1,FishRtgill,2,384,3.79E-09,3.99E-05,3.99E-05,1.000223384,B,9.2
3429,Quinidine sulfate,50-54-4,FishRtgill,2,384,1.38E-07,3.80E-05,3.90E-05,0.974465125,B,9.3
3430,Sematilide,101526-83-4,FishRtgill,2,384,3.59E-09,3.99E-05,3.99E-05,1.00024813,B,9.1
3431,Sotalol hydrochloride,959-24-0,FishRtgill,2,384,2.73E-09,4.00E-05,4.00E-05,1.000372788,B,9
3432,Mifepristone,84371-65-3,FishRtgill,2,384,4.04E-07,1.44E-06,1.79E-05,0.080694784,N,
3433,Perfluorobutanesulfonic_acid,375-73-5,FishRtgill,2,384,2.71E-09,3.99E-05,4.00E-05,0.997289169,A,-2.9
3434,4_2_Fluorotelomer_sulfonic_acid,757124-72-4,FishRtgill,2,384,2.79E-09,3.98E-05,4.00E-05,0.994466143,A,1.4
3435,Perfluorononanoic_acid,375-95-1,FishRtgill,2,384,1.89E-07,1.50E-06,3.98E-05,0.037784558,A,0.1
3436,Perfluorohexanoic_acid,307-24-4,FishRtgill,2,384,1.80E-08,1.09E-05,4.00E-05,0.273349803,A,0.1
3437,Perfluorobutanoic_acid,375-22-4,FishRtgill,2,384,2.78E-09,3.98E-05,4.00E-05,0.995026977,A,0.1
3438,Perfluorooctanoic_acid,335-67-1,FishRtgill,2,384,1.74E-08,1.24E-05,4.00E-05,0.309464697,A,0.1
3439,6_2_Fluorotelomer_sulfonic_acid,27619-97-2,FishRtgill,2,384,5.49E-09,3.56E-05,4.00E-05,0.891007572,A,1.4
3440,8_2_Fluorotelomer_sulfonic_acid,39108-34-4,FishRtgill,2,384,1.78E-08,1.13E-05,4.00E-05,0.283396925,A,1.4
3441,Perfluoroundecanoic_acid,2058-94-8,FishRtgill,2,384,1.58E-07,1.66E-06,3.98E-05,0.041751562,A,0.1
3442,Perfluorooctanesulfonic_acid,1763-23-1,FishRtgill,2,384,1.58E-07,1.66E-06,3.98E-05,0.041751564,A,-2.9
3443,Perfluoroheptanoic_acid,375-85-9,FishRtgill,2,384,1.05E-08,2.67E-05,4.00E-05,0.667820351,A,0.1
3444,Perfluoropentanoic_acid,2706-90-3,FishRtgill,2,384,3.30E-09,3.90E-05,4.00E-05,0.976786849,A,0.1
3445,Perfluorohexanesulfonic_acid,355-46-4,FishRtgill,2,384,4.26E-09,3.76E-05,4.00E-05,0.940147416,A,-2.9
3446,Perfluorodecanoic_acid,335-76-2,FishRtgill,2,384,3.09E-07,1.14E-06,3.97E-05,0.02865571,A,0.1
3447,cyclosporine A,59865-13-3,FishRtgill,2,384,5.25E-08,1.73E-05,1.96E-05,0.882653472,N,
3448,chlorpromazine,50-53-3,FishRtgill,2,384,6.63E-06,1.13E-05,2.99E-05,0.377780288,B,9.4
3449,PBDE 47,5436-43-1,FishRtgill,2,384,2.15E-06,8.57E-08,2.18E-05,0.003929009,N,
3450,PBDE 99,60348-60-9,FishRtgill,2,384,2.75E-06,3.36E-08,2.50E-05,1.34E-03,N,
3451,PBDE 153,68631-49-2,FishRtgill,2,384,3.34E-06,1.06E-08,2.85E-05,3.72E-04,N,
3452,amiodarone,1951-25-3,FishRtgill,2,384,2.53E-05,2.69E-07,1.13E-05,2.38E-02,B,9
3453,Azathioprine,446-86-6,FishRtgill,2,384,2.68E-09,3.90E-05,3.90E-05,1.000264661,A,8.2
3454,Benzocaine,94-09-7,FishRtgill,2,384,9.74E-09,3.06E-05,3.09E-05,0.990681691,N,
3455,Butylated hydroxyanisole,25013-16-5,FishRtgill,2,384,1.02568E-07,1.07339E-05,1.56502E-05,0.686130849,N,
3456,Cetirizine dihydrochloride,83881-52-1,FishRtgill,2,384,2.62E-09,4.00E-05,4.00E-05,0.999953042,A,4.7
3457,Cyclamate,139-05-9,FishRtgill,2,384,2.62E-09,4.00E-05,4.00E-05,1.000388297,B,17.6
3458,Cyclophosphamide,6055-19-2,FishRtgill,2,384,3.09E-09,3.77E-05,3.77E-05,0.999854725,B,6.1
3459,Cypermethrin,67375-30-8,FishRtgill,2,384,1.92E-06,1.19E-07,2.07E-05,0.005742934,N,
3460,DEET,134-62-3,FishRtgill,2,384,1.62E-08,2.72E-05,2.78E-05,0.979296352,N,
3461,Dexamethasone,50-02-2,FishRtgill,2,384,1.07E-08,3.01E-05,3.04E-05,0.989154705,N,
3462,Digoxin,20830-75-5,FishRtgill,2,384,4.49E-09,3.52E-05,3.52E-05,0.998152269,N,
3463,Fenazaquin,120928-09-8,FishRtgill,2,384,7.83E-07,6.41E-07,1.72E-05,0.037346358,N,
3464,Fenbuconazole,114369-43-6,FishRtgill,2,384,8.08E-08,1.31E-05,1.69E-05,0.777564681,N,
3465,Fluazinam,79622-59-6,FishRtgill,2,384,1.90E-07,5.08E-06,1.51E-05,0.337196496,N,
3466,Furosemide,54-31-9,FishRtgill,2,384,2.96E-09,3.95E-05,4.00E-05,0.98881945,A,3
3467,Glybenclamide,10238-21-8,FishRtgill,2,384,3.35E-08,4.03E-06,3.97E-05,0.101408961,A,5
3468,HC Red 3,2871-01-4,FishRtgill,2,384,2.70E-09,3.88E-05,3.88E-05,1.000249737,N,
3469,Hydralazine hydrochloride,304-20-1,FishRtgill,2,384,3.12E-09,3.75E-05,3.76E-05,0.999808604,B,6
3470,Ketoconazole,65277-42-1,FishRtgill,2,384,2.88E-07,3.44E-06,1.72E-05,0.200580819,B,6.6
3471,Metformin,1115-70-4,FishRtgill,2,384,2.61E-09,4.00E-05,4.00E-05,1.00038909,B,9.6
3472,Metoclopramide,364-62-5,FishRtgill,2,384,3.69E-08,3.89E-05,3.92E-05,0.993875469,B,9
3473,Nitrofurantoin,67-20-9,FishRtgill,2,384,2.60E-09,3.97E-05,3.97E-05,1.000363115,A,7.3
3474,Oxytetracycline hydrochloride,2058-46-0,FishRtgill,2,384,2.60E-09,4.00E-05,4.00E-05,1.000388398,A,4.5
3475,Panthenol,16485-10-2 ,FishRtgill,2,384,2.60E-09,3.97E-05,3.97E-05,1.000378555,N,
3476,Paracetamol,103-90-2,FishRtgill,2,384,2.85E-09,3.82E-05,3.82E-05,1.000075203,N,
3477,Topiramate,97240-79-4,FishRtgill,2,384,2.59E-09,3.98E-05,3.98E-05,1.000386592,A,9.2
3478,Trimellitic anhydride,552-30-7,FishRtgill,2,384,2.70E-09,3.99E-05,4.00E-05,0.997583423,A,3.3
3479,Verapamil hydrochloride,152-11-4,FishRtgill,2,384,1.47E-06,2.18E-05,3.54E-05,0.615367835,B,9.2
3480,Warfarin,129-06-6,FishRtgill,2,384,2.65E-08,2.34E-05,2.45E-05,0.957225144,N,
3481,Caffeine,58-08-2,Default,2,384,2.46E-08,3.90E-05,3.90E-05,1.000304038,N,
3482,Lamotrigine,84057-84-1,Default,2,384,2.99E-07,2.35E-05,2.46E-05,0.953473213,B,6.6
3483,Diclofenac,15307-79-6,Default,2,384,2.91E-08,4.00E-05,4.00E-05,1.000347876,B,17.6
3484,"2,4-Dichlorophenoxyacetic",94-75-7,Default,2,384,7.52E-08,3.69E-05,3.99E-05,0.92433327,A,2.7
3485,(S)-Naproxen,22204-53-1,Default,2,384,1.34E-07,3.30E-05,3.98E-05,0.828413973,A,4.4
3486,Ibuprofen,15687-27-1,Default,2,384,3.11E-07,2.14E-05,3.90E-05,0.548829947,A,5.4
3487,Torasemide,56211-40-6,Default,2,384,1.77E-07,2.98E-05,3.98E-05,0.750023823,A,4
3488,Warfarin,81-81-2,Default,2,384,6.50E-08,3.75E-05,3.99E-05,0.941530881,A,4.5
3489,di-n-butylphthalate,84-74-2,Default,2,384,2.53E-06,1.87E-06,1.76E-05,0.105854763,N,
3490,hexachlorophene,70-30-4,Default,2,384,1.85E-05,1.15E-07,1.82E-05,6.32E-03,A,6.2
3491,hexamethylenetetramine,100-97-0,Default,2,384,2.23E-08,3.68E-05,3.68E-05,1.000385801,B,6.4
3492,Malathion,121-75-5,Default,2,384,1.91E-07,2.49E-05,2.57E-05,0.967913055,N,
3493,pentachlorophenol,87-86-5,Default,2,384,1.06E-06,3.17E-06,3.87E-05,0.081965148,A,5
3494,"2,2,2-trichloroethanol",115-20-8,Default,2,384,4.34E-08,3.12E-05,3.13E-05,0.997078122,N,
3495,diethylphthalate,84-66-2,Default,2,384,2.17E-07,2.38E-05,2.48E-05,0.961116816,N,
3496,4-chlorophenol,106-48-9,Default,2,384,2.00E-07,2.44E-05,2.53E-05,0.965509205,N,
3497,permethrin,52645-53-1,Default,2,384,1.19E-05,1.07E-07,1.47E-05,0.007245657,N,
3498,Aniline,62-53-3,Default,2,384,3.05E-08,3.64E-05,3.64E-05,0.999464278,N,
3499,4-fluoroaniline,371-40-4,Default,2,384,3.57E-08,3.49E-05,3.50E-05,0.998681172,N,
3500,"2,4,6-trichlorophenol",88-06-2,Default,2,384,6.67E-07,1.62E-05,2.86E-05,0.564259849,A,6.8
3501,Allyl alcohol,107-18-6,Default,2,384,2.34E-08,3.62E-05,3.62E-05,1.000235302,N,
3502,N-methylaniline,100-61-8,Default,2,384,5.96E-08,3.01E-05,3.02E-05,0.994431355,N,
3503,"3,4-dichloroaniline",95-76-1,Default,2,384,3.23E-07,2.03E-05,2.19E-05,0.930025578,N,
3504,4-decylaniline,37529-30-9,Default,2,384,1.09E-05,1.48E-07,1.45E-05,0.01014587,N,
3505,naphthalene,91-20-3,Default,2,384,5.95E-07,9.29E-06,1.25E-05,0.746223652,N,
3506,"1,2,4-trichlorobenzene",120-82-1,Default,2,384,2.82E-07,8.84E-07,2.54E-06,0.348332316,N,
3507,"1,2-dichlorobenzene",95-50-1,Default,2,384,1.15E-07,1.33E-06,1.95E-06,0.680785945,N,
3508,dichloromethane,75-09-2,Default,2,384,2.69E-09,2.38E-06,2.38E-06,0.998206451,N,
3509,tetrachloroethylene,127-18-4,Default,2,384,4.07E-08,5.04E-07,7.24E-07,0.696672964,N,
3510,"2,3-dimethyl-1,3-butadiene",513-81-5,Default,2,384,6.78E-10,1.80E-08,2.15E-08,0.838476732,N,
3511,Eugenol F,97-53-0,Default,2,384,1.64E-07,2.60E-05,2.67E-05,0.974200527,N,
3512,Methyl-antranilate,134-20-3,Default,2,384,8.83E-08,3.04E-05,3.07E-05,0.99019704,N,
3513,Lilyfore,285977-85-7,Default,2,384,7.12E-07,1.28E-05,1.65E-05,0.77326174,N,
3514,Damascone beta,23726-91-2,Default,2,384,1.94E-06,3.03E-06,1.49E-05,0.202935234,N,
3515,Veloutone,14595-54-1,Default,2,384,5.00E-06,7.72E-07,1.53E-05,0.050571755,N,
3516,Verdox,82356-51-2,Default,2,384,1.15321E-05,1.15733E-07,1.45307E-05,0.00796788,N,
3517,Nirvanol,1506-02-1,Default,2,384,7.16022E-06,4.14393E-07,1.45775E-05,0.028437992,N,
3518,Cetalox,3738-00-9,Default,2,384,5.00E-06,5.84E-07,1.35E-05,0.043327129,N,
3519,Tonalide,21145-77-7,Default,2,384,7.16E-06,4.14E-07,1.46E-05,0.028437992,N,
3520,"2,4-Dinitrophenol",51-28-5,Default,2,384,2.81E-08,3.98E-05,4.00E-05,0.995653616,A,4.1
3521,Aldrin,309-00-2,Default,2,384,1.18E-05,1.05E-07,1.45E-05,0.007245657,N,
3522,Azinphos-methyl,86-50-0,Default,2,384,3.55E-07,1.95E-05,2.12E-05,0.91971443,N,
3523,Chlorpyrifos,2921-88-2,Default,2,384,3.67E-06,1.20E-06,1.62E-05,0.073737078,N,
3524,"DDD-p,p'",50-29-3,Default,2,384,1.43E-05,4.89E-08,1.53E-05,0.003201257,N,
3525,"DDT-o,p'",789-02-6,Default,2,384,1.23E-05,9.55E-08,1.48E-05,0.006455554,N,
3526,"DDT-p,p'",72-54-8,Default,2,384,9.63E-06,2.09E-07,1.44E-05,0.014475667,N,
3527,Diazinon,333-41-5,Default,2,384,1.36E-06,6.49E-06,1.43E-05,0.454744329,N,
3528,Dicofol,115-32-2,Default,2,384,3.90E-06,1.11E-06,1.60E-05,0.068955307,N,
3529,Dieldrin,60-57-1,Default,2,384,4.30E-06,9.66E-07,1.57E-05,0.061440283,N,
3530,Disulfoton,298-04-4,Default,2,384,1.65E-06,4.83E-06,1.46E-05,0.331694573,N,
3531,Endosulfan I,115-29-7,Default,2,384,1.39E-06,6.32E-06,1.43E-05,0.44251938,N,
3532,Endrin,72-20-8,Default,2,384,5.73E-06,6.23E-07,1.50E-05,0.041634285,N,
3533,Ethion,563-12-2,Default,2,384,4.10E-06,1.03E-06,1.59E-05,0.065127306,N,
3534,Heptachlor,76-44-8,Default,2,384,9.50E-06,2.16E-07,1.44E-05,0.014982094,N,
3535,Heptachlor epoxide B,1024-57-3,Default,2,384,3.75E-06,1.17E-06,1.62E-05,0.072120204,N,
3536,Lindane,58-89-9,Default,2,384,1.23E-06,7.26E-06,1.42E-05,0.510217563,N,
3537,"Methoxychlor-o,p'",72-43-5,Default,2,384,4.14E-06,1.02E-06,1.58E-05,0.06437867,N,
3538,Parathion,56-38-2,Default,2,384,1.39E-06,6.32E-06,1.43E-05,0.44251938,N,
3539,Trifluralin,1582-09-8,Default,2,384,5.28E-06,7.09E-07,1.51E-05,0.046854026,N,
3540,Cisapride,81098-60-4,Default,2,384,2.03E-06,2.01E-05,2.38E-05,0.842597877,B,7.8
3541,Citalopram hydrobromide,59729-33-8,Default,2,384,6.76E-07,1.33E-05,1.68E-05,0.790121862,N,
3542,Dofetilide,115256-11-6,Default,2,384,1.99E-07,3.80E-05,3.82E-05,0.996501925,B,8.4
3543,Moxifloxacin hydrochloride,186826-86-8,Default,2,384,2.57E-08,3.97E-05,3.98E-05,0.999143237,A,6
3544,N-acetylpro-cainamide,32795-44-1,Default,2,384,3.93E-08,3.99E-05,3.99E-05,1.000223384,B,9.2
3545,Quinidine sulfate,50-54-4,Default,2,384,1.69E-06,3.65E-05,3.75E-05,0.974465125,B,9.3
3546,Sematilide,101526-83-4,Default,2,384,3.68E-08,3.99E-05,3.99E-05,1.00024813,B,9.1
3547,Sotalol hydrochloride,959-24-0,Default,2,384,2.58E-08,3.99E-05,3.99E-05,1.000372788,B,9
3548,Mifepristone,84371-65-3,Default,2,384,3.37E-06,1.33E-06,1.65E-05,0.080694784,N,
3549,Perfluorobutanesulfonic_acid,375-73-5,Default,2,384,2.68E-08,3.98E-05,4.00E-05,0.997289169,A,-2.9
3550,4_2_Fluorotelomer_sulfonic_acid,757124-72-4,Default,2,384,2.89E-08,3.97E-05,4.00E-05,0.994466143,A,1.4
3551,Perfluorononanoic_acid,375-95-1,Default,2,384,4.00E-06,1.36E-06,3.60E-05,0.037784558,A,0.1
3552,Perfluorohexanoic_acid,307-24-4,Default,2,384,4.07E-07,1.08E-05,3.96E-05,0.273349803,A,0.1
3553,Perfluorobutanoic_acid,375-22-4,Default,2,384,2.85E-08,3.98E-05,4.00E-05,0.995026977,A,0.1
3554,Perfluorooctanoic_acid,335-67-1,Default,2,384,3.92E-07,1.22E-05,3.96E-05,0.309464697,A,0.1
3555,6_2_Fluorotelomer_sulfonic_acid,27619-97-2,Default,2,384,9.56E-08,3.55E-05,3.99E-05,0.891007572,A,1.4
3556,8_2_Fluorotelomer_sulfonic_acid,39108-34-4,Default,2,384,4.03E-07,1.12E-05,3.96E-05,0.283396925,A,1.4
3557,Perfluoroundecanoic_acid,2058-94-8,Default,2,384,3.39E-06,1.53E-06,3.66E-05,0.041751562,A,0.1
3558,Perfluorooctanesulfonic_acid,1763-23-1,Default,2,384,3.39E-06,1.53E-06,3.66E-05,0.041751564,A,-2.9
3559,Perfluoroheptanoic_acid,375-85-9,Default,2,384,2.21E-07,2.65E-05,3.98E-05,0.667820351,A,0.1
3560,Perfluoropentanoic_acid,2706-90-3,Default,2,384,4.14E-08,3.90E-05,4.00E-05,0.976786849,A,0.1
3561,Perfluorohexanesulfonic_acid,355-46-4,Default,2,384,6.53E-08,3.75E-05,3.99E-05,0.940147416,A,-2.9
3562,Perfluorodecanoic_acid,335-76-2,Default,2,384,6.16E-06,9.68E-07,3.38E-05,0.02865571,A,0.1
3563,cyclosporine A,59865-13-3,Default,2,384,4.58E-07,1.71E-05,1.94E-05,0.882653472,N,
3564,chlorpromazine,50-53-3,Default,2,384,2.87E-05,3.82E-06,1.01E-05,0.377780288,B,9.4
3565,PBDE 47,5436-43-1,Default,2,384,1.37E-05,5.95E-08,1.51E-05,0.003929009,N,
3566,PBDE 99,60348-60-9,Default,2,384,1.63E-05,2.14E-08,1.59E-05,1.34E-03,N,
3567,PBDE 153,68631-49-2,Default,2,384,1.84E-05,6.24E-09,1.68E-05,3.72E-04,N,
3568,amiodarone,1951-25-3,Default,2,384,3.82E-05,3.21E-08,1.35E-06,2.38E-02,B,9
3569,Azathioprine,446-86-6,Default,2,384,2.48E-08,3.90E-05,3.90E-05,1.000264661,A,8.2
3570,Benzocaine,94-09-7,Default,2,384,8.57E-08,3.06E-05,3.09E-05,0.990681691,N,
3571,Butylated hydroxyanisole,25013-16-5,Default,2,384,8.90278E-07,1.05219E-05,1.53412E-05,0.686130849,N,
3572,Cetirizine dihydrochloride,83881-52-1,Default,2,384,2.46E-08,4.00E-05,4.00E-05,0.999953042,A,4.7
3573,Cyclamate,139-05-9,Default,2,384,2.44E-08,4.00E-05,4.00E-05,1.000388297,B,17.6
3574,Cyclophosphamide,6055-19-2,Default,2,384,2.83E-08,3.76E-05,3.77E-05,0.999854725,B,6.1
3575,Cypermethrin,67375-30-8,Default,2,384,1.27E-05,8.54E-08,1.49E-05,0.005742934,N,
3576,DEET,134-62-3,Default,2,384,1.42E-07,2.71E-05,2.77E-05,0.979296352,N,
3577,Dexamethasone,50-02-2,Default,2,384,9.39E-08,3.00E-05,3.03E-05,0.989154705,N,
3578,Digoxin,20830-75-5,Default,2,384,4.03E-08,3.51E-05,3.52E-05,0.998152269,N,
3579,Fenazaquin,120928-09-8,Default,2,384,6.14E-06,5.54E-07,1.48E-05,0.037346358,N,
3580,Fenbuconazole,114369-43-6,Default,2,384,7.03E-07,1.29E-05,1.66E-05,0.777564681,N,
3581,Fluazinam,79622-59-6,Default,2,384,1.63E-06,4.90E-06,1.45E-05,0.337196496,N,
3582,Furosemide,54-31-9,Default,2,384,3.30E-08,3.95E-05,4.00E-05,0.98881945,A,3
3583,Glybenclamide,10238-21-8,Default,2,384,7.08E-07,3.96E-06,3.90E-05,0.101408961,A,5
3584,HC Red 3,2871-01-4,Default,2,384,2.50E-08,3.88E-05,3.88E-05,1.000249737,N,
3585,Hydralazine hydrochloride,304-20-1,Default,2,384,2.86E-08,3.75E-05,3.75E-05,0.999808604,B,6
3586,Ketoconazole,65277-42-1,Default,2,384,2.53E-06,3.25E-06,1.62E-05,0.200580819,B,6.6
3587,Metformin,1115-70-4,Default,2,384,2.43E-08,4.00E-05,4.00E-05,1.00038909,B,9.6
3588,Metoclopramide,364-62-5,Default,2,384,4.52E-07,3.85E-05,3.88E-05,0.993875469,B,9
3589,Nitrofurantoin,67-20-9,Default,2,384,2.42E-08,3.97E-05,3.97E-05,1.000363115,A,7.3
3590,Oxytetracycline hydrochloride,2058-46-0,Default,2,384,2.42E-08,4.00E-05,4.00E-05,1.000388398,A,4.5
3591,Panthenol,16485-10-2 ,Default,2,384,2.41E-08,3.97E-05,3.97E-05,1.000378555,N,
3592,Paracetamol,103-90-2,Default,2,384,2.63E-08,3.81E-05,3.82E-05,1.000075203,N,
3593,Topiramate,97240-79-4,Default,2,384,2.41E-08,3.98E-05,3.98E-05,1.000386592,A,9.2
3594,Trimellitic anhydride,552-30-7,Default,2,384,2.65E-08,3.99E-05,4.00E-05,0.997583423,A,3.3
3595,Verapamil hydrochloride,152-11-4,Default,2,384,1.31E-05,1.52E-05,2.48E-05,0.615367835,B,9.2
3596,Warfarin,129-06-6,Default,2,384,2.32E-07,2.33E-05,2.43E-05,0.957225144,N,
3597,Caffeine,58-08-2,MCF7,2,384,5.40E-08,3.90E-05,3.90E-05,1.000304038,N,
3598,Lamotrigine,84057-84-1,MCF7,2,384,1.83E-07,2.35E-05,2.47E-05,0.953473213,B,6.6
3599,Diclofenac,15307-79-6,MCF7,2,384,6.11E-08,3.99E-05,3.99E-05,1.000347876,B,17.6
3600,"2,4-Dichlorophenoxyacetic",94-75-7,MCF7,2,384,6.62E-08,3.69E-05,3.99E-05,0.92433327,A,2.7
3601,(S)-Naproxen,22204-53-1,MCF7,2,384,7.86E-08,3.30E-05,3.98E-05,0.828413973,A,4.4
3602,Ibuprofen,15687-27-1,MCF7,2,384,1.17E-07,2.15E-05,3.91E-05,0.548829947,A,5.4
3603,Torasemide,56211-40-6,MCF7,2,384,8.77E-08,2.99E-05,3.99E-05,0.750023823,A,4
3604,Warfarin,81-81-2,MCF7,2,384,6.40E-08,3.75E-05,3.99E-05,0.941530881,A,4.5
3605,di-n-butylphthalate,84-74-2,MCF7,2,384,8.12E-07,1.95E-06,1.84E-05,0.105854763,N,
3606,hexachlorophene,70-30-4,MCF7,2,384,8.18E-06,1.70E-07,2.69E-05,6.32E-03,A,6.2
3607,hexamethylenetetramine,100-97-0,MCF7,2,384,5.07E-08,3.68E-05,3.68E-05,1.000385801,B,6.4
3608,Malathion,121-75-5,MCF7,2,384,8.84E-08,2.49E-05,2.58E-05,0.967913055,N,
3609,pentachlorophenol,87-86-5,MCF7,2,384,3.20E-07,3.23E-06,3.94E-05,0.081965148,A,5
3610,"2,2,2-trichloroethanol",115-20-8,MCF7,2,384,5.05E-08,3.12E-05,3.13E-05,0.997078122,N,
3611,diethylphthalate,84-66-2,MCF7,2,384,9.53E-08,2.39E-05,2.49E-05,0.961116816,N,
3612,4-chlorophenol,106-48-9,MCF7,2,384,9.07E-08,2.45E-05,2.54E-05,0.965509205,N,
3613,permethrin,52645-53-1,MCF7,2,384,4.61E-06,1.35E-07,1.86E-05,0.007245657,N,
3614,Aniline,62-53-3,MCF7,2,384,5.27E-08,3.64E-05,3.64E-05,0.999464278,N,
3615,4-fluoroaniline,371-40-4,MCF7,2,384,5.26E-08,3.49E-05,3.50E-05,0.998681172,N,
3616,"2,4,6-trichlorophenol",88-06-2,MCF7,2,384,2.24E-07,1.63E-05,2.90E-05,0.564259849,A,6.8
3617,Allyl alcohol,107-18-6,MCF7,2,384,5.02E-08,3.62E-05,3.62E-05,1.000235302,N,
3618,N-methylaniline,100-61-8,MCF7,2,384,5.41E-08,3.01E-05,3.02E-05,0.994431355,N,
3619,"3,4-dichloroaniline",95-76-1,MCF7,2,384,1.24E-07,2.04E-05,2.20E-05,0.930025578,N,
3620,4-decylaniline,37529-30-9,MCF7,2,384,4.09E-06,1.82E-07,1.79E-05,0.01014587,N,
3621,naphthalene,91-20-3,MCF7,2,384,1.96E-07,9.38E-06,1.26E-05,0.746223652,N,
3622,"1,2,4-trichlorobenzene",120-82-1,MCF7,2,384,8.78E-08,8.88E-07,2.55E-06,0.348332316,N,
3623,"1,2-dichlorobenzene",95-50-1,MCF7,2,384,3.70E-08,1.33E-06,1.96E-06,0.680785945,N,
3624,dichloromethane,75-09-2,MCF7,2,384,3.66E-09,2.38E-06,2.38E-06,0.998206451,N,
3625,tetrachloroethylene,127-18-4,MCF7,2,384,1.31E-08,5.05E-07,7.25E-07,0.696672964,N,
3626,"2,3-dimethyl-1,3-butadiene",513-81-5,MCF7,2,384,2.29E-10,1.80E-08,2.15E-08,0.838476732,N,
3627,Eugenol F,97-53-0,MCF7,2,384,8.15E-08,2.60E-05,2.67E-05,0.974200527,N,
3628,Methyl-antranilate,134-20-3,MCF7,2,384,6.33E-08,3.04E-05,3.07E-05,0.99019704,N,
3629,Lilyfore,285977-85-7,MCF7,2,384,2.36E-07,1.29E-05,1.67E-05,0.77326174,N,
3630,Damascone beta,23726-91-2,MCF7,2,384,6.19E-07,3.13E-06,1.54E-05,0.202935234,N,
3631,Veloutone,14595-54-1,MCF7,2,384,1.68E-06,8.46E-07,1.67E-05,0.050571755,N,
3632,Verdox,82356-51-2,MCF7,2,384,4.40693E-06,1.447E-07,1.81675E-05,0.00796788,N,
3633,Nirvanol,1506-02-1,MCF7,2,384,2.50121E-06,4.73183E-07,1.66456E-05,0.028437992,N,
3634,Cetalox,3738-00-9,MCF7,2,384,1.68E-06,6.39E-07,1.48E-05,0.043327129,N,
3635,Tonalide,21145-77-7,MCF7,2,384,2.50E-06,4.73E-07,1.66E-05,0.028437992,N,
3636,"2,4-Dinitrophenol",51-28-5,MCF7,2,384,5.59E-08,3.97E-05,3.99E-05,0.995653616,A,4.1
3637,Aldrin,309-00-2,MCF7,2,384,4.52E-06,1.32E-07,1.82E-05,0.007245657,N,
3638,Azinphos-methyl,86-50-0,MCF7,2,384,1.33E-07,1.96E-05,2.14E-05,0.91971443,N,
3639,Chlorpyrifos,2921-88-2,MCF7,2,384,1.20E-06,1.28E-06,1.73E-05,0.073737078,N,
3640,"DDD-p,p'",50-29-3,MCF7,2,384,5.80E-06,6.51E-08,2.03E-05,0.003201257,N,
3641,"DDT-o,p'",789-02-6,MCF7,2,384,4.78E-06,1.21E-07,1.88E-05,0.006455554,N,
3642,"DDT-p,p'",72-54-8,MCF7,2,384,3.54E-06,2.51E-07,1.73E-05,0.014475667,N,
3643,Diazinon,333-41-5,MCF7,2,384,4.35E-07,6.65E-06,1.46E-05,0.454744329,N,
3644,Dicofol,115-32-2,MCF7,2,384,1.28E-06,1.19E-06,1.72E-05,0.068955307,N,
3645,Dieldrin,60-57-1,MCF7,2,384,1.42E-06,1.04E-06,1.70E-05,0.061440283,N,
3646,Disulfoton,298-04-4,MCF7,2,384,5.26E-07,4.97E-06,1.50E-05,0.331694573,N,
3647,Endosulfan I,115-29-7,MCF7,2,384,4.43E-07,6.47E-06,1.46E-05,0.44251938,N,
3648,Endrin,72-20-8,MCF7,2,384,1.95E-06,6.92E-07,1.66E-05,0.041634285,N,
3649,Ethion,563-12-2,MCF7,2,384,1.35E-06,1.11E-06,1.71E-05,0.065127306,N,
3650,Heptachlor,76-44-8,MCF7,2,384,3.48E-06,2.59E-07,1.73E-05,0.014982094,N,
3651,Heptachlor epoxide B,1024-57-3,MCF7,2,384,1.23E-06,1.25E-06,1.73E-05,0.072120204,N,
3652,Lindane,58-89-9,MCF7,2,384,3.95E-07,7.42E-06,1.45E-05,0.510217563,N,
3653,"Methoxychlor-o,p'",72-43-5,MCF7,2,384,1.37E-06,1.10E-06,1.71E-05,0.06437867,N,
3654,Parathion,56-38-2,MCF7,2,384,4.43E-07,6.48E-06,1.46E-05,0.44251938,N,
3655,Trifluralin,1582-09-8,MCF7,2,384,1.78E-06,7.80E-07,1.67E-05,0.046854026,N,
3656,Cisapride,81098-60-4,MCF7,2,384,2.19E-06,2.00E-05,2.37E-05,0.842597877,B,7.8
3657,Citalopram hydrobromide,59729-33-8,MCF7,2,384,2.26E-07,1.34E-05,1.70E-05,0.790121862,N,
3658,Dofetilide,115256-11-6,MCF7,2,384,2.64E-07,3.79E-05,3.81E-05,0.996501925,B,8.4
3659,Moxifloxacin hydrochloride,186826-86-8,MCF7,2,384,5.52E-08,3.97E-05,3.98E-05,0.999143237,A,6
3660,N-acetylpro-cainamide,32795-44-1,MCF7,2,384,7.37E-08,3.98E-05,3.98E-05,1.000223384,B,9.2
3661,Quinidine sulfate,50-54-4,MCF7,2,384,2.10E-06,3.61E-05,3.71E-05,0.974465125,B,9.3
3662,Sematilide,101526-83-4,MCF7,2,384,7.05E-08,3.98E-05,3.98E-05,1.00024813,B,9.1
3663,Sotalol hydrochloride,959-24-0,MCF7,2,384,5.70E-08,3.99E-05,3.99E-05,1.000372788,B,9
3664,Mifepristone,84371-65-3,MCF7,2,384,1.10E-06,1.42E-06,1.76E-05,0.080694784,N,
3665,Perfluorobutanesulfonic_acid,375-73-5,MCF7,2,384,5.56E-08,3.98E-05,3.99E-05,0.997289169,A,-2.9
3666,4_2_Fluorotelomer_sulfonic_acid,757124-72-4,MCF7,2,384,5.61E-08,3.97E-05,3.99E-05,0.994466143,A,1.4
3667,Perfluorononanoic_acid,375-95-1,MCF7,2,384,1.25E-06,1.46E-06,3.87E-05,0.037784558,A,0.1
3668,Perfluorohexanoic_acid,307-24-4,MCF7,2,384,1.32E-07,1.09E-05,3.98E-05,0.273349803,A,0.1
3669,Perfluorobutanoic_acid,375-22-4,MCF7,2,384,5.60E-08,3.97E-05,3.99E-05,0.995026977,A,0.1
3670,Perfluorooctanoic_acid,335-67-1,MCF7,2,384,1.30E-07,1.23E-05,3.98E-05,0.309464697,A,0.1
3671,6_2_Fluorotelomer_sulfonic_acid,27619-97-2,MCF7,2,384,7.05E-08,3.56E-05,3.99E-05,0.891007572,A,1.4
3672,8_2_Fluorotelomer_sulfonic_acid,39108-34-4,MCF7,2,384,1.32E-07,1.13E-05,3.98E-05,0.283396925,A,1.4
3673,Perfluoroundecanoic_acid,2058-94-8,MCF7,2,384,1.05E-06,1.62E-06,3.89E-05,0.041751562,A,0.1
3674,Perfluorooctanesulfonic_acid,1763-23-1,MCF7,2,384,1.05E-06,1.62E-06,3.89E-05,0.041751564,A,-2.9
3675,Perfluoroheptanoic_acid,375-85-9,MCF7,2,384,9.66E-08,2.66E-05,3.99E-05,0.667820351,A,0.1
3676,Perfluoropentanoic_acid,2706-90-3,MCF7,2,384,5.89E-08,3.90E-05,3.99E-05,0.976786849,A,0.1
3677,Perfluorohexanesulfonic_acid,355-46-4,MCF7,2,384,6.41E-08,3.75E-05,3.99E-05,0.940147416,A,-2.9
3678,Perfluorodecanoic_acid,335-76-2,MCF7,2,384,2.02E-06,1.09E-06,3.79E-05,0.02865571,A,0.1
3679,cyclosporine A,59865-13-3,MCF7,2,384,1.62E-07,1.73E-05,1.96E-05,0.882653472,N,
3680,chlorpromazine,50-53-3,MCF7,2,384,3.04E-05,3.25E-06,8.60E-06,0.377780288,B,9.4
3681,PBDE 47,5436-43-1,MCF7,2,384,5.51E-06,7.81E-08,1.99E-05,0.003929009,N,
3682,PBDE 99,60348-60-9,MCF7,2,384,6.93E-06,2.98E-08,2.22E-05,1.34E-03,N,
3683,PBDE 153,68631-49-2,MCF7,2,384,8.25E-06,9.17E-09,2.47E-05,3.72E-04,N,
3684,amiodarone,1951-25-3,MCF7,2,384,3.86E-05,2.62E-08,1.10E-06,2.38E-02,B,9
3685,Azathioprine,446-86-6,MCF7,2,384,5.40E-08,3.89E-05,3.89E-05,1.000264661,A,8.2
3686,Benzocaine,94-09-7,MCF7,2,384,6.28E-08,3.06E-05,3.09E-05,0.990681691,N,
3687,Butylated hydroxyanisole,25013-16-5,MCF7,2,384,2.89812E-07,1.06835E-05,1.55767E-05,0.686130849,N,
3688,Cetirizine dihydrochloride,83881-52-1,MCF7,2,384,5.51E-08,3.99E-05,3.99E-05,0.999953042,A,4.7
3689,Cyclamate,139-05-9,MCF7,2,384,5.53E-08,3.99E-05,3.99E-05,1.000388297,B,17.6
3690,Cyclophosphamide,6055-19-2,MCF7,2,384,5.40E-08,3.76E-05,3.76E-05,0.999854725,B,6.1
3691,Cypermethrin,67375-30-8,MCF7,2,384,4.96E-06,1.09E-07,1.91E-05,0.005742934,N,
3692,DEET,134-62-3,MCF7,2,384,7.61E-08,2.72E-05,2.78E-05,0.979296352,N,
3693,Dexamethasone,50-02-2,MCF7,2,384,6.46E-08,3.00E-05,3.04E-05,0.989154705,N,
3694,Digoxin,20830-75-5,MCF7,2,384,5.42E-08,3.51E-05,3.52E-05,0.998152269,N,
3695,Fenazaquin,120928-09-8,MCF7,2,384,2.10E-06,6.20E-07,1.66E-05,0.037346358,N,
3696,Fenbuconazole,114369-43-6,MCF7,2,384,2.34E-07,1.31E-05,1.68E-05,0.777564681,N,
3697,Fluazinam,79622-59-6,MCF7,2,384,5.21E-07,5.04E-06,1.49E-05,0.337196496,N,
3698,Furosemide,54-31-9,MCF7,2,384,5.70E-08,3.95E-05,3.99E-05,0.98881945,A,3
3699,Glybenclamide,10238-21-8,MCF7,2,384,2.14E-07,4.01E-06,3.95E-05,0.101408961,A,5
3700,HC Red 3,2871-01-4,MCF7,2,384,5.38E-08,3.87E-05,3.87E-05,1.000249737,N,
3701,Hydralazine hydrochloride,304-20-1,MCF7,2,384,5.38E-08,3.75E-05,3.75E-05,0.999808604,B,6
3702,Ketoconazole,65277-42-1,MCF7,2,384,1.38E-06,3.35E-06,1.67E-05,0.200580819,B,6.6
3703,Metformin,1115-70-4,MCF7,2,384,5.52E-08,3.99E-05,3.99E-05,1.00038909,B,9.6
3704,Metoclopramide,364-62-5,MCF7,2,384,5.83E-07,3.84E-05,3.87E-05,0.993875469,B,9
3705,Nitrofurantoin,67-20-9,MCF7,2,384,5.47E-08,3.97E-05,3.97E-05,1.000363115,A,7.3
3706,Oxytetracycline hydrochloride,2058-46-0,MCF7,2,384,5.50E-08,3.99E-05,3.99E-05,1.000388398,A,4.5
3707,Panthenol,16485-10-2 ,MCF7,2,384,5.46E-08,3.96E-05,3.96E-05,1.000378555,N,
3708,Paracetamol,103-90-2,MCF7,2,384,5.35E-08,3.81E-05,3.81E-05,1.000075203,N,
3709,Topiramate,97240-79-4,MCF7,2,384,5.48E-08,3.98E-05,3.98E-05,1.000386592,A,9.2
3710,Trimellitic anhydride,552-30-7,MCF7,2,384,5.55E-08,3.98E-05,3.99E-05,0.997583423,A,3.3
3711,Verapamil hydrochloride,152-11-4,MCF7,2,384,1.51E-05,1.41E-05,2.29E-05,0.615367835,B,9.2
3712,Warfarin,129-06-6,MCF7,2,384,9.92E-08,2.34E-05,2.44E-05,0.957225144,N,
3713,Caffeine,58-08-2,HCT116,2,384,1.25E-08,3.91E-05,3.91E-05,1.000304038,N,
3714,Lamotrigine,84057-84-1,HCT116,2,384,1.31E-07,2.36E-05,2.47E-05,0.953473213,B,6.6
3715,Diclofenac,15307-79-6,HCT116,2,384,1.46E-08,4.00E-05,4.00E-05,1.000347876,B,17.6
3716,"2,4-Dichlorophenoxyacetic",94-75-7,HCT116,2,384,3.11E-08,3.69E-05,4.00E-05,0.92433327,A,2.7
3717,(S)-Naproxen,22204-53-1,HCT116,2,384,5.26E-08,3.30E-05,3.99E-05,0.828413973,A,4.4
3718,Ibuprofen,15687-27-1,HCT116,2,384,1.19E-07,2.15E-05,3.91E-05,0.548829947,A,5.4
3719,Torasemide,56211-40-6,HCT116,2,384,6.86E-08,2.99E-05,3.99E-05,0.750023823,A,4
3720,Warfarin,81-81-2,HCT116,2,384,2.74E-08,3.76E-05,3.99E-05,0.941530881,A,4.5
3721,di-n-butylphthalate,84-74-2,HCT116,2,384,1.10E-06,1.94E-06,1.83E-05,0.105854763,N,
3722,hexachlorophene,70-30-4,HCT116,2,384,1.01E-05,1.60E-07,2.53E-05,6.32E-03,A,6.2
3723,hexamethylenetetramine,100-97-0,HCT116,2,384,1.15E-08,3.68E-05,3.68E-05,1.000385801,B,6.4
3724,Malathion,121-75-5,HCT116,2,384,8.22E-08,2.49E-05,2.58E-05,0.967913055,N,
3725,pentachlorophenol,87-86-5,HCT116,2,384,4.04E-07,3.22E-06,3.93E-05,0.081965148,A,5
3726,"2,2,2-trichloroethanol",115-20-8,HCT116,2,384,2.01E-08,3.12E-05,3.13E-05,0.997078122,N,
3727,diethylphthalate,84-66-2,HCT116,2,384,9.33E-08,2.39E-05,2.49E-05,0.961116816,N,
3728,4-chlorophenol,106-48-9,HCT116,2,384,8.60E-08,2.45E-05,2.54E-05,0.965509205,N,
3729,permethrin,52645-53-1,HCT116,2,384,6.05E-06,1.29E-07,1.78E-05,0.007245657,N,
3730,Aniline,62-53-3,HCT116,2,384,1.49E-08,3.64E-05,3.64E-05,0.999464278,N,
3731,4-fluoroaniline,371-40-4,HCT116,2,384,1.71E-08,3.49E-05,3.50E-05,0.998681172,N,
3732,"2,4,6-trichlorophenol",88-06-2,HCT116,2,384,2.77E-07,1.63E-05,2.89E-05,0.564259849,A,6.8
3733,Allyl alcohol,107-18-6,HCT116,2,384,1.19E-08,3.62E-05,3.62E-05,1.000235302,N,
3734,N-methylaniline,100-61-8,HCT116,2,384,2.69E-08,3.01E-05,3.03E-05,0.994431355,N,
3735,"3,4-dichloroaniline",95-76-1,HCT116,2,384,1.38E-07,2.04E-05,2.20E-05,0.930025578,N,
3736,4-decylaniline,37529-30-9,HCT116,2,384,5.39E-06,1.75E-07,1.73E-05,0.01014587,N,
3737,naphthalene,91-20-3,HCT116,2,384,2.54E-07,9.37E-06,1.26E-05,0.746223652,N,
3738,"1,2,4-trichlorobenzene",120-82-1,HCT116,2,384,1.19E-07,8.87E-07,2.55E-06,0.348332316,N,
3739,"1,2-dichlorobenzene",95-50-1,HCT116,2,384,4.87E-08,1.33E-06,1.96E-06,0.680785945,N,
3740,dichloromethane,75-09-2,HCT116,2,384,1.27E-09,2.38E-06,2.38E-06,0.998206451,N,
3741,tetrachloroethylene,127-18-4,HCT116,2,384,1.72E-08,5.05E-07,7.25E-07,0.696672964,N,
3742,"2,3-dimethyl-1,3-butadiene",513-81-5,HCT116,2,384,2.87E-10,1.80E-08,2.15E-08,0.838476732,N,
3743,Eugenol F,97-53-0,HCT116,2,384,7.10E-08,2.60E-05,2.67E-05,0.974200527,N,
3744,Methyl-antranilate,134-20-3,HCT116,2,384,3.91E-08,3.04E-05,3.07E-05,0.99019704,N,
3745,Lilyfore,285977-85-7,HCT116,2,384,3.04E-07,1.29E-05,1.67E-05,0.77326174,N,
3746,Damascone beta,23726-91-2,HCT116,2,384,8.40E-07,3.11E-06,1.54E-05,0.202935234,N,
3747,Veloutone,14595-54-1,HCT116,2,384,2.26E-06,8.33E-07,1.65E-05,0.050571755,N,
3748,Verdox,82356-51-2,HCT116,2,384,5.79632E-06,1.39052E-07,1.74583E-05,0.00796788,N,
3749,Nirvanol,1506-02-1,HCT116,2,384,3.34874E-06,4.62488E-07,1.62694E-05,0.028437992,N,
3750,Cetalox,3738-00-9,HCT116,2,384,2.26E-06,6.29E-07,1.45E-05,0.043327129,N,
3751,Tonalide,21145-77-7,HCT116,2,384,3.35E-06,4.62E-07,1.63E-05,0.028437992,N,
3752,"2,4-Dinitrophenol",51-28-5,HCT116,2,384,1.39E-08,3.98E-05,4.00E-05,0.995653616,A,4.1
3753,Aldrin,309-00-2,HCT116,2,384,5.94E-06,1.27E-07,1.75E-05,0.007245657,N,
3754,Azinphos-methyl,86-50-0,HCT116,2,384,1.52E-07,1.96E-05,2.14E-05,0.91971443,N,
3755,Chlorpyrifos,2921-88-2,HCT116,2,384,1.63E-06,1.26E-06,1.71E-05,0.073737078,N,
3756,"DDD-p,p'",50-29-3,HCT116,2,384,7.53E-06,6.18E-08,1.93E-05,0.003201257,N,
3757,"DDT-o,p'",789-02-6,HCT116,2,384,6.27E-06,1.16E-07,1.80E-05,0.006455554,N,
3758,"DDT-p,p'",72-54-8,HCT116,2,384,4.69E-06,2.43E-07,1.68E-05,0.014475667,N,
3759,Diazinon,333-41-5,HCT116,2,384,5.85E-07,6.62E-06,1.46E-05,0.454744329,N,
3760,Dicofol,115-32-2,HCT116,2,384,1.74E-06,1.17E-06,1.70E-05,0.068955307,N,
3761,Dieldrin,60-57-1,HCT116,2,384,1.93E-06,1.03E-06,1.68E-05,0.061440283,N,
3762,Disulfoton,298-04-4,HCT116,2,384,7.11E-07,4.94E-06,1.49E-05,0.331694573,N,
3763,Endosulfan I,115-29-7,HCT116,2,384,5.96E-07,6.45E-06,1.46E-05,0.44251938,N,
3764,Endrin,72-20-8,HCT116,2,384,2.62E-06,6.80E-07,1.63E-05,0.041634285,N,
3765,Ethion,563-12-2,HCT116,2,384,1.83E-06,1.10E-06,1.69E-05,0.065127306,N,
3766,Heptachlor,76-44-8,HCT116,2,384,4.61E-06,2.51E-07,1.67E-05,0.014982094,N,
3767,Heptachlor epoxide B,1024-57-3,HCT116,2,384,1.66E-06,1.23E-06,1.71E-05,0.072120204,N,
3768,Lindane,58-89-9,HCT116,2,384,5.29E-07,7.40E-06,1.45E-05,0.510217563,N,
3769,"Methoxychlor-o,p'",72-43-5,HCT116,2,384,1.85E-06,1.09E-06,1.69E-05,0.06437867,N,
3770,Parathion,56-38-2,HCT116,2,384,5.96E-07,6.45E-06,1.46E-05,0.44251938,N,
3771,Trifluralin,1582-09-8,HCT116,2,384,2.40E-06,7.68E-07,1.64E-05,0.046854026,N,
3772,Cisapride,81098-60-4,HCT116,2,384,9.46E-07,2.06E-05,2.45E-05,0.842597877,B,7.8
3773,Citalopram hydrobromide,59729-33-8,HCT116,2,384,2.88E-07,1.34E-05,1.70E-05,0.790121862,N,
3774,Dofetilide,115256-11-6,HCT116,2,384,9.24E-08,3.81E-05,3.83E-05,0.996501925,B,8.4
3775,Moxifloxacin hydrochloride,186826-86-8,HCT116,2,384,1.30E-08,3.98E-05,3.98E-05,0.999143237,A,6
3776,N-acetylpro-cainamide,32795-44-1,HCT116,2,384,1.93E-08,3.99E-05,3.99E-05,1.000223384,B,9.2
3777,Quinidine sulfate,50-54-4,HCT116,2,384,7.87E-07,3.74E-05,3.84E-05,0.974465125,B,9.3
3778,Sematilide,101526-83-4,HCT116,2,384,1.81E-08,3.99E-05,3.99E-05,1.00024813,B,9.1
3779,Sotalol hydrochloride,959-24-0,HCT116,2,384,1.32E-08,4.00E-05,4.00E-05,1.000372788,B,9
3780,Mifepristone,84371-65-3,HCT116,2,384,1.49E-06,1.40E-06,1.74E-05,0.080694784,N,
3781,Perfluorobutanesulfonic_acid,375-73-5,HCT116,2,384,1.34E-08,3.99E-05,4.00E-05,0.997289169,A,-2.9
3782,4_2_Fluorotelomer_sulfonic_acid,757124-72-4,HCT116,2,384,1.42E-08,3.97E-05,4.00E-05,0.994466143,A,1.4
3783,Perfluorononanoic_acid,375-95-1,HCT116,2,384,1.58E-06,1.45E-06,3.84E-05,0.037784558,A,0.1
3784,Perfluorohexanoic_acid,307-24-4,HCT116,2,384,1.53E-07,1.09E-05,3.98E-05,0.273349803,A,0.1
3785,Perfluorobutanoic_acid,375-22-4,HCT116,2,384,1.40E-08,3.98E-05,4.00E-05,0.995026977,A,0.1
3786,Perfluorooctanoic_acid,335-67-1,HCT116,2,384,1.48E-07,1.23E-05,3.98E-05,0.309464697,A,0.1
3787,6_2_Fluorotelomer_sulfonic_acid,27619-97-2,HCT116,2,384,3.86E-08,3.56E-05,3.99E-05,0.891007572,A,1.4
3788,8_2_Fluorotelomer_sulfonic_acid,39108-34-4,HCT116,2,384,1.51E-07,1.13E-05,3.98E-05,0.283396925,A,1.4
3789,Perfluoroundecanoic_acid,2058-94-8,HCT116,2,384,1.33E-06,1.61E-06,3.86E-05,0.041751562,A,0.1
3790,Perfluorooctanesulfonic_acid,1763-23-1,HCT116,2,384,1.33E-06,1.61E-06,3.86E-05,0.041751564,A,-2.9
3791,Perfluoroheptanoic_acid,375-85-9,HCT116,2,384,8.46E-08,2.66E-05,3.99E-05,0.667820351,A,0.1
3792,Perfluoropentanoic_acid,2706-90-3,HCT116,2,384,1.87E-08,3.90E-05,4.00E-05,0.976786849,A,0.1
3793,Perfluorohexanesulfonic_acid,355-46-4,HCT116,2,384,2.75E-08,3.76E-05,4.00E-05,0.940147416,A,-2.9
3794,Perfluorodecanoic_acid,335-76-2,HCT116,2,384,2.53E-06,1.07E-06,3.74E-05,0.02865571,A,0.1
3795,cyclosporine A,59865-13-3,HCT116,2,384,1.95E-07,1.72E-05,1.95E-05,0.882653472,N,
3796,chlorpromazine,50-53-3,HCT116,2,384,2.14E-05,6.28E-06,1.66E-05,0.377780288,B,9.4
3797,PBDE 47,5436-43-1,HCT116,2,384,7.18E-06,7.43E-08,1.89E-05,0.003929009,N,
3798,PBDE 99,60348-60-9,HCT116,2,384,8.91E-06,2.80E-08,2.09E-05,1.34E-03,N,
3799,PBDE 153,68631-49-2,HCT116,2,384,1.05E-05,8.52E-09,2.29E-05,3.72E-04,N,
3800,amiodarone,1951-25-3,HCT116,2,384,3.63E-05,6.71E-08,2.82E-06,2.38E-02,B,9
3801,Azathioprine,446-86-6,HCT116,2,384,1.26E-08,3.90E-05,3.90E-05,1.000264661,A,8.2
3802,Benzocaine,94-09-7,HCT116,2,384,3.80E-08,3.06E-05,3.09E-05,0.990681691,N,
3803,Butylated hydroxyanisole,25013-16-5,HCT116,2,384,3.80527E-07,1.06591E-05,1.55411E-05,0.686130849,N,
3804,Cetirizine dihydrochloride,83881-52-1,HCT116,2,384,1.26E-08,4.00E-05,4.00E-05,0.999953042,A,4.7
3805,Cyclamate,139-05-9,HCT116,2,384,1.25E-08,4.00E-05,4.00E-05,1.000388297,B,17.6
3806,Cyclophosphamide,6055-19-2,HCT116,2,384,1.41E-08,3.76E-05,3.77E-05,0.999854725,B,6.1
3807,Cypermethrin,67375-30-8,HCT116,2,384,6.49E-06,1.05E-07,1.82E-05,0.005742934,N,
3808,DEET,134-62-3,HCT116,2,384,6.17E-08,2.72E-05,2.78E-05,0.979296352,N,
3809,Dexamethasone,50-02-2,HCT116,2,384,4.14E-08,3.00E-05,3.04E-05,0.989154705,N,
3810,Digoxin,20830-75-5,HCT116,2,384,1.90E-08,3.52E-05,3.52E-05,0.998152269,N,
3811,Fenazaquin,120928-09-8,HCT116,2,384,2.83E-06,6.08E-07,1.63E-05,0.037346358,N,
3812,Fenbuconazole,114369-43-6,HCT116,2,384,3.00E-07,1.30E-05,1.68E-05,0.777564681,N,
3813,Fluazinam,79622-59-6,HCT116,2,384,7.05E-07,5.01E-06,1.49E-05,0.337196496,N,
3814,Furosemide,54-31-9,HCT116,2,384,1.57E-08,3.95E-05,4.00E-05,0.98881945,A,3
3815,Glybenclamide,10238-21-8,HCT116,2,384,2.68E-07,4.00E-06,3.95E-05,0.101408961,A,5
3816,HC Red 3,2871-01-4,HCT116,2,384,1.27E-08,3.88E-05,3.88E-05,1.000249737,N,
3817,Hydralazine hydrochloride,304-20-1,HCT116,2,384,1.42E-08,3.75E-05,3.76E-05,0.999808604,B,6
3818,Ketoconazole,65277-42-1,HCT116,2,384,1.13E-06,3.37E-06,1.68E-05,0.200580819,B,6.6
3819,Metformin,1115-70-4,HCT116,2,384,1.25E-08,4.00E-05,4.00E-05,1.00038909,B,9.6
3820,Metoclopramide,364-62-5,HCT116,2,384,2.08E-07,3.88E-05,3.90E-05,0.993875469,B,9
3821,Nitrofurantoin,67-20-9,HCT116,2,384,1.24E-08,3.97E-05,3.97E-05,1.000363115,A,7.3
3822,Oxytetracycline hydrochloride,2058-46-0,HCT116,2,384,1.24E-08,4.00E-05,4.00E-05,1.000388398,A,4.5
3823,Panthenol,16485-10-2 ,HCT116,2,384,1.24E-08,3.97E-05,3.97E-05,1.000378555,N,
3824,Paracetamol,103-90-2,HCT116,2,384,1.32E-08,3.82E-05,3.82E-05,1.000075203,N,
3825,Topiramate,97240-79-4,HCT116,2,384,1.24E-08,3.98E-05,3.98E-05,1.000386592,A,9.2
3826,Trimellitic anhydride,552-30-7,HCT116,2,384,1.33E-08,3.99E-05,4.00E-05,0.997583423,A,3.3
3827,Verapamil hydrochloride,152-11-4,HCT116,2,384,7.23E-06,1.85E-05,3.01E-05,0.615367835,B,9.2
3828,Warfarin,129-06-6,HCT116,2,384,9.95E-08,2.34E-05,2.44E-05,0.957225144,N,
3829,Caffeine,58-08-2,HEK293T,2,384,3.64E-08,3.90E-05,3.90E-05,1.000304038,N,
3830,Lamotrigine,84057-84-1,HEK293T,2,384,2.01E-07,2.35E-05,2.47E-05,0.953473213,B,6.6
3831,Diclofenac,15307-79-6,HEK293T,2,384,4.16E-08,4.00E-05,4.00E-05,1.000347876,B,17.6
3832,"2,4-Dichlorophenoxyacetic",94-75-7,HEK293T,2,384,5.59E-08,3.69E-05,3.99E-05,0.92433327,A,2.7
3833,(S)-Naproxen,22204-53-1,HEK293T,2,384,7.79E-08,3.30E-05,3.99E-05,0.828413973,A,4.4
3834,Ibuprofen,15687-27-1,HEK293T,2,384,1.47E-07,2.15E-05,3.91E-05,0.548829947,A,5.4
3835,Torasemide,56211-40-6,HEK293T,2,384,9.40E-08,2.99E-05,3.99E-05,0.750023823,A,4
3836,Warfarin,81-81-2,HEK293T,2,384,5.22E-08,3.75E-05,3.99E-05,0.941530881,A,4.5
3837,di-n-butylphthalate,84-74-2,HEK293T,2,384,1.31E-06,1.93E-06,1.82E-05,0.105854763,N,
3838,hexachlorophene,70-30-4,HEK293T,2,384,1.13E-05,1.53E-07,2.43E-05,6.32E-03,A,6.2
3839,hexamethylenetetramine,100-97-0,HEK293T,2,384,3.39E-08,3.68E-05,3.68E-05,1.000385801,B,6.4
3840,Malathion,121-75-5,HEK293T,2,384,1.12E-07,2.49E-05,2.58E-05,0.967913055,N,
3841,pentachlorophenol,87-86-5,HEK293T,2,384,4.56E-07,3.22E-06,3.93E-05,0.081965148,A,5
3842,"2,2,2-trichloroethanol",115-20-8,HEK293T,2,384,4.12E-08,3.12E-05,3.13E-05,0.997078122,N,
3843,diethylphthalate,84-66-2,HEK293T,2,384,1.25E-07,2.39E-05,2.48E-05,0.961116816,N,
3844,4-chlorophenol,106-48-9,HEK293T,2,384,1.17E-07,2.45E-05,2.54E-05,0.965509205,N,
3845,permethrin,52645-53-1,HEK293T,2,384,7.02E-06,1.25E-07,1.73E-05,0.007245657,N,
3846,Aniline,62-53-3,HEK293T,2,384,3.78E-08,3.64E-05,3.64E-05,0.999464278,N,
3847,4-fluoroaniline,371-40-4,HEK293T,2,384,3.96E-08,3.49E-05,3.50E-05,0.998681172,N,
3848,"2,4,6-trichlorophenol",88-06-2,HEK293T,2,384,3.36E-07,1.63E-05,2.89E-05,0.564259849,A,6.8
3849,Allyl alcohol,107-18-6,HEK293T,2,384,3.40E-08,3.62E-05,3.62E-05,1.000235302,N,
3850,N-methylaniline,100-61-8,HEK293T,2,384,4.87E-08,3.01E-05,3.03E-05,0.994431355,N,
3851,"3,4-dichloroaniline",95-76-1,HEK293T,2,384,1.77E-07,2.04E-05,2.19E-05,0.930025578,N,
3852,4-decylaniline,37529-30-9,HEK293T,2,384,6.28E-06,1.71E-07,1.68E-05,0.01014587,N,
3853,naphthalene,91-20-3,HEK293T,2,384,3.09E-07,9.36E-06,1.25E-05,0.746223652,N,
3854,"1,2,4-trichlorobenzene",120-82-1,HEK293T,2,384,1.43E-07,8.87E-07,2.55E-06,0.348332316,N,
3855,"1,2-dichlorobenzene",95-50-1,HEK293T,2,384,5.91E-08,1.33E-06,1.96E-06,0.680785945,N,
3856,dichloromethane,75-09-2,HEK293T,2,384,2.83E-09,2.38E-06,2.38E-06,0.998206451,N,
3857,tetrachloroethylene,127-18-4,HEK293T,2,384,2.09E-08,5.05E-07,7.25E-07,0.696672964,N,
3858,"2,3-dimethyl-1,3-butadiene",513-81-5,HEK293T,2,384,3.54E-10,1.80E-08,2.15E-08,0.838476732,N,
3859,Eugenol F,97-53-0,HEK293T,2,384,9.94E-08,2.60E-05,2.67E-05,0.974200527,N,
3860,Methyl-antranilate,134-20-3,HEK293T,2,384,6.35E-08,3.04E-05,3.07E-05,0.99019704,N,
3861,Lilyfore,285977-85-7,HEK293T,2,384,3.71E-07,1.29E-05,1.67E-05,0.77326174,N,
3862,Damascone beta,23726-91-2,HEK293T,2,384,1.00E-06,3.10E-06,1.53E-05,0.202935234,N,
3863,Veloutone,14595-54-1,HEK293T,2,384,2.68E-06,8.23E-07,1.63E-05,0.050571755,N,
3864,Verdox,82356-51-2,HEK293T,2,384,6.73742E-06,1.35226E-07,1.6978E-05,0.00796788,N,
3865,Nirvanol,1506-02-1,HEK293T,2,384,3.94131E-06,4.55011E-07,1.60064E-05,0.028437992,N,
3866,Cetalox,3738-00-9,HEK293T,2,384,2.68E-06,6.23E-07,1.44E-05,0.043327129,N,
3867,Tonalide,21145-77-7,HEK293T,2,384,3.94E-06,4.55E-07,1.60E-05,0.028437992,N,
3868,"2,4-Dinitrophenol",51-28-5,HEK293T,2,384,3.82E-08,3.98E-05,4.00E-05,0.995653616,A,4.1
3869,Aldrin,309-00-2,HEK293T,2,384,6.90E-06,1.23E-07,1.70E-05,0.007245657,N,
3870,Azinphos-methyl,86-50-0,HEK293T,2,384,1.92E-07,1.96E-05,2.13E-05,0.91971443,N,
3871,Chlorpyrifos,2921-88-2,HEK293T,2,384,1.93E-06,1.25E-06,1.70E-05,0.073737078,N,
3872,"DDD-p,p'",50-29-3,HEK293T,2,384,8.68E-06,5.96E-08,1.86E-05,0.003201257,N,
3873,"DDT-o,p'",789-02-6,HEK293T,2,384,7.27E-06,1.13E-07,1.75E-05,0.006455554,N,
3874,"DDT-p,p'",72-54-8,HEK293T,2,384,5.48E-06,2.38E-07,1.64E-05,0.014475667,N,
3875,Diazinon,333-41-5,HEK293T,2,384,7.02E-07,6.60E-06,1.45E-05,0.454744329,N,
3876,Dicofol,115-32-2,HEK293T,2,384,2.06E-06,1.16E-06,1.69E-05,0.068955307,N,
3877,Dieldrin,60-57-1,HEK293T,2,384,2.28E-06,1.02E-06,1.66E-05,0.061440283,N,
3878,Disulfoton,298-04-4,HEK293T,2,384,8.52E-07,4.93E-06,1.49E-05,0.331694573,N,
3879,Endosulfan I,115-29-7,HEK293T,2,384,7.16E-07,6.43E-06,1.45E-05,0.44251938,N,
3880,Endrin,72-20-8,HEK293T,2,384,3.10E-06,6.71E-07,1.61E-05,0.041634285,N,
3881,Ethion,563-12-2,HEK293T,2,384,2.17E-06,1.09E-06,1.67E-05,0.065127306,N,
3882,Heptachlor,76-44-8,HEK293T,2,384,5.40E-06,2.45E-07,1.64E-05,0.014982094,N,
3883,Heptachlor epoxide B,1024-57-3,HEK293T,2,384,1.98E-06,1.22E-06,1.70E-05,0.072120204,N,
3884,Lindane,58-89-9,HEK293T,2,384,6.37E-07,7.38E-06,1.45E-05,0.510217563,N,
3885,"Methoxychlor-o,p'",72-43-5,HEK293T,2,384,2.19E-06,1.08E-06,1.67E-05,0.06437867,N,
3886,Parathion,56-38-2,HEK293T,2,384,7.16E-07,6.43E-06,1.45E-05,0.44251938,N,
3887,Trifluralin,1582-09-8,HEK293T,2,384,2.84E-06,7.59E-07,1.62E-05,0.046854026,N,
3888,Cisapride,81098-60-4,HEK293T,2,384,1.88E-06,2.02E-05,2.39E-05,0.842597877,B,7.8
3889,Citalopram hydrobromide,59729-33-8,HEK293T,2,384,3.53E-07,1.34E-05,1.70E-05,0.790121862,N,
3890,Dofetilide,115256-11-6,HEK293T,2,384,2.08E-07,3.80E-05,3.82E-05,0.996501925,B,8.4
3891,Moxifloxacin hydrochloride,186826-86-8,HEK293T,2,384,3.73E-08,3.97E-05,3.98E-05,0.999143237,A,6
3892,N-acetylpro-cainamide,32795-44-1,HEK293T,2,384,5.18E-08,3.99E-05,3.99E-05,1.000223384,B,9.2
3893,Quinidine sulfate,50-54-4,HEK293T,2,384,1.70E-06,3.65E-05,3.75E-05,0.974465125,B,9.3
3894,Sematilide,101526-83-4,HEK293T,2,384,4.93E-08,3.99E-05,3.99E-05,1.00024813,B,9.1
3895,Sotalol hydrochloride,959-24-0,HEK293T,2,384,3.84E-08,3.99E-05,3.99E-05,1.000372788,B,9
3896,Mifepristone,84371-65-3,HEK293T,2,384,1.77E-06,1.39E-06,1.73E-05,0.080694784,N,
3897,Perfluorobutanesulfonic_acid,375-73-5,HEK293T,2,384,3.77E-08,3.98E-05,4.00E-05,0.997289169,A,-2.9
3898,4_2_Fluorotelomer_sulfonic_acid,757124-72-4,HEK293T,2,384,3.86E-08,3.97E-05,4.00E-05,0.994466143,A,1.4
3899,Perfluorononanoic_acid,375-95-1,HEK293T,2,384,1.77E-06,1.44E-06,3.82E-05,0.037784558,A,0.1
3900,Perfluorohexanoic_acid,307-24-4,HEK293T,2,384,1.78E-07,1.09E-05,3.98E-05,0.273349803,A,0.1
3901,Perfluorobutanoic_acid,375-22-4,HEK293T,2,384,3.84E-08,3.97E-05,4.00E-05,0.995026977,A,0.1
3902,Perfluorooctanoic_acid,335-67-1,HEK293T,2,384,1.72E-07,1.23E-05,3.98E-05,0.309464697,A,0.1
3903,6_2_Fluorotelomer_sulfonic_acid,27619-97-2,HEK293T,2,384,6.35E-08,3.56E-05,3.99E-05,0.891007572,A,1.4
3904,8_2_Fluorotelomer_sulfonic_acid,39108-34-4,HEK293T,2,384,1.76E-07,1.13E-05,3.98E-05,0.283396925,A,1.4
3905,Perfluoroundecanoic_acid,2058-94-8,HEK293T,2,384,1.49E-06,1.61E-06,3.85E-05,0.041751562,A,0.1
3906,Perfluorooctanesulfonic_acid,1763-23-1,HEK293T,2,384,1.49E-06,1.61E-06,3.85E-05,0.041751564,A,-2.9
3907,Perfluoroheptanoic_acid,375-85-9,HEK293T,2,384,1.10E-07,2.66E-05,3.99E-05,0.667820351,A,0.1
3908,Perfluoropentanoic_acid,2706-90-3,HEK293T,2,384,4.33E-08,3.90E-05,4.00E-05,0.976786849,A,0.1
3909,Perfluorohexanesulfonic_acid,355-46-4,HEK293T,2,384,5.22E-08,3.75E-05,3.99E-05,0.940147416,A,-2.9
3910,Perfluorodecanoic_acid,335-76-2,HEK293T,2,384,2.82E-06,1.06E-06,3.71E-05,0.02865571,A,0.1
3911,cyclosporine A,59865-13-3,HEK293T,2,384,2.44E-07,1.72E-05,1.95E-05,0.882653472,N,
3912,chlorpromazine,50-53-3,HEK293T,2,384,2.87E-05,3.82E-06,1.01E-05,0.377780288,B,9.4
3913,PBDE 47,5436-43-1,HEK293T,2,384,8.29E-06,7.18E-08,1.83E-05,0.003929009,N,
3914,PBDE 99,60348-60-9,HEK293T,2,384,1.02E-05,2.69E-08,2.00E-05,1.34E-03,N,
3915,PBDE 153,68631-49-2,HEK293T,2,384,1.19E-05,8.11E-09,2.18E-05,3.72E-04,N,
3916,amiodarone,1951-25-3,HEK293T,2,384,3.82E-05,3.22E-08,1.35E-06,2.38E-02,B,9
3917,Azathioprine,446-86-6,HEK293T,2,384,3.65E-08,3.90E-05,3.90E-05,1.000264661,A,8.2
3918,Benzocaine,94-09-7,HEK293T,2,384,6.23E-08,3.06E-05,3.09E-05,0.990681691,N,
3919,Butylated hydroxyanisole,25013-16-5,HEK293T,2,384,4.61241E-07,1.06374E-05,1.55095E-05,0.686130849,N,
3920,Cetirizine dihydrochloride,83881-52-1,HEK293T,2,384,3.69E-08,3.99E-05,4.00E-05,0.999953042,A,4.7
3921,Cyclamate,139-05-9,HEK293T,2,384,3.70E-08,4.00E-05,4.00E-05,1.000388297,B,17.6
3922,Cyclophosphamide,6055-19-2,HEK293T,2,384,3.77E-08,3.76E-05,3.76E-05,0.999854725,B,6.1
3923,Cypermethrin,67375-30-8,HEK293T,2,384,7.52E-06,1.01E-07,1.77E-05,0.005742934,N,
3924,DEET,134-62-3,HEK293T,2,384,8.89E-08,2.72E-05,2.77E-05,0.979296352,N,
3925,Dexamethasone,50-02-2,HEK293T,2,384,6.61E-08,3.00E-05,3.04E-05,0.989154705,N,
3926,Digoxin,20830-75-5,HEK293T,2,384,4.20E-08,3.51E-05,3.52E-05,0.998152269,N,
3927,Fenazaquin,120928-09-8,HEK293T,2,384,3.33E-06,6.00E-07,1.61E-05,0.037346358,N,
3928,Fenbuconazole,114369-43-6,HEK293T,2,384,3.66E-07,1.30E-05,1.67E-05,0.777564681,N,
3929,Fluazinam,79622-59-6,HEK293T,2,384,8.44E-07,5.00E-06,1.48E-05,0.337196496,N,
3930,Furosemide,54-31-9,HEK293T,2,384,4.01E-08,3.95E-05,4.00E-05,0.98881945,A,3
3931,Glybenclamide,10238-21-8,HEK293T,2,384,3.03E-07,4.00E-06,3.94E-05,0.101408961,A,5
3932,HC Red 3,2871-01-4,HEK293T,2,384,3.64E-08,3.88E-05,3.88E-05,1.000249737,N,
3933,Hydralazine hydrochloride,304-20-1,HEK293T,2,384,3.77E-08,3.75E-05,3.75E-05,0.999808604,B,6
3934,Ketoconazole,65277-42-1,HEK293T,2,384,1.62E-06,3.33E-06,1.66E-05,0.200580819,B,6.6
3935,Metformin,1115-70-4,HEK293T,2,384,3.69E-08,4.00E-05,4.00E-05,1.00038909,B,9.6
3936,Metoclopramide,364-62-5,HEK293T,2,384,4.63E-07,3.85E-05,3.88E-05,0.993875469,B,9
3937,Nitrofurantoin,67-20-9,HEK293T,2,384,3.66E-08,3.97E-05,3.97E-05,1.000363115,A,7.3
3938,Oxytetracycline hydrochloride,2058-46-0,HEK293T,2,384,3.68E-08,4.00E-05,4.00E-05,1.000388398,A,4.5
3939,Panthenol,16485-10-2 ,HEK293T,2,384,3.65E-08,3.96E-05,3.96E-05,1.000378555,N,
3940,Paracetamol,103-90-2,HEK293T,2,384,3.67E-08,3.81E-05,3.81E-05,1.000075203,N,
3941,Topiramate,97240-79-4,HEK293T,2,384,3.66E-08,3.98E-05,3.98E-05,1.000386592,A,9.2
3942,Trimellitic anhydride,552-30-7,HEK293T,2,384,3.77E-08,3.98E-05,4.00E-05,0.997583423,A,3.3
3943,Verapamil hydrochloride,152-11-4,HEK293T,2,384,1.31E-05,1.52E-05,2.48E-05,0.615367835,B,9.2
3944,Warfarin,129-06-6,HEK293T,2,384,1.32E-07,2.33E-05,2.44E-05,0.957225144,N,
3945,Caffeine,58-08-2,HepG2,2,384,1.48E-08,3.90E-05,3.91E-05,1.000304038,N,
3946,Lamotrigine,84057-84-1,HepG2,2,384,1.77E-07,2.35E-05,2.47E-05,0.953473213,B,6.6
3947,Diclofenac,15307-79-6,HepG2,2,384,1.74E-08,4.00E-05,4.00E-05,1.000347876,B,17.6
3948,"2,4-Dichlorophenoxyacetic",94-75-7,HepG2,2,384,4.19E-08,3.69E-05,3.99E-05,0.92433327,A,2.7
3949,(S)-Naproxen,22204-53-1,HepG2,2,384,7.32E-08,3.30E-05,3.99E-05,0.828413973,A,4.4
3950,Ibuprofen,15687-27-1,HepG2,2,384,1.70E-07,2.14E-05,3.91E-05,0.548829947,A,5.4
3951,Torasemide,56211-40-6,HepG2,2,384,9.66E-08,2.99E-05,3.99E-05,0.750023823,A,4
3952,Warfarin,81-81-2,HepG2,2,384,3.64E-08,3.76E-05,3.99E-05,0.941530881,A,4.5
3953,di-n-butylphthalate,84-74-2,HepG2,2,384,1.53E-06,1.92E-06,1.81E-05,0.105854763,N,
3954,hexachlorophene,70-30-4,HepG2,2,384,1.30E-05,1.44E-07,2.28E-05,6.32E-03,A,6.2
3955,hexamethylenetetramine,100-97-0,HepG2,2,384,1.35E-08,3.68E-05,3.68E-05,1.000385801,B,6.4
3956,Malathion,121-75-5,HepG2,2,384,1.13E-07,2.49E-05,2.58E-05,0.967913055,N,
3957,pentachlorophenol,87-86-5,HepG2,2,384,5.81E-07,3.21E-06,3.91E-05,0.081965148,A,5
3958,"2,2,2-trichloroethanol",115-20-8,HepG2,2,384,2.59E-08,3.12E-05,3.13E-05,0.997078122,N,
3959,diethylphthalate,84-66-2,HepG2,2,384,1.29E-07,2.39E-05,2.48E-05,0.961116816,N,
3960,4-chlorophenol,106-48-9,HepG2,2,384,1.19E-07,2.45E-05,2.54E-05,0.965509205,N,
3961,permethrin,52645-53-1,HepG2,2,384,8.01E-06,1.22E-07,1.68E-05,0.007245657,N,
3962,Aniline,62-53-3,HepG2,2,384,1.83E-08,3.64E-05,3.64E-05,0.999464278,N,
3963,4-fluoroaniline,371-40-4,HepG2,2,384,2.14E-08,3.49E-05,3.50E-05,0.998681172,N,
3964,"2,4,6-trichlorophenol",88-06-2,HepG2,2,384,3.89E-07,1.63E-05,2.88E-05,0.564259849,A,6.8
3965,Allyl alcohol,107-18-6,HepG2,2,384,1.41E-08,3.62E-05,3.62E-05,1.000235302,N,
3966,N-methylaniline,100-61-8,HepG2,2,384,3.55E-08,3.01E-05,3.03E-05,0.994431355,N,
3967,"3,4-dichloroaniline",95-76-1,HepG2,2,384,1.92E-07,2.04E-05,2.19E-05,0.930025578,N,
3968,4-decylaniline,37529-30-9,HepG2,2,384,7.19E-06,1.66E-07,1.64E-05,0.01014587,N,
3969,naphthalene,91-20-3,HepG2,2,384,3.54E-07,9.35E-06,1.25E-05,0.746223652,N,
3970,"1,2,4-trichlorobenzene",120-82-1,HepG2,2,384,1.67E-07,8.86E-07,2.55E-06,0.348332316,N,
3971,"1,2-dichlorobenzene",95-50-1,HepG2,2,384,6.82E-08,1.33E-06,1.96E-06,0.680785945,N,
3972,dichloromethane,75-09-2,HepG2,2,384,1.61E-09,2.38E-06,2.38E-06,0.998206451,N,
3973,tetrachloroethylene,127-18-4,HepG2,2,384,2.41E-08,5.05E-07,7.24E-07,0.696672964,N,
3974,"2,3-dimethyl-1,3-butadiene",513-81-5,HepG2,2,384,4.01E-10,1.80E-08,2.15E-08,0.838476732,N,
3975,Eugenol F,97-53-0,HepG2,2,384,9.77E-08,2.60E-05,2.67E-05,0.974200527,N,
3976,Methyl-antranilate,134-20-3,HepG2,2,384,5.26E-08,3.04E-05,3.07E-05,0.99019704,N,
3977,Lilyfore,285977-85-7,HepG2,2,384,4.24E-07,1.29E-05,1.66E-05,0.77326174,N,
3978,Damascone beta,23726-91-2,HepG2,2,384,1.17E-06,3.09E-06,1.52E-05,0.202935234,N,
3979,Veloutone,14595-54-1,HepG2,2,384,3.11E-06,8.14E-07,1.61E-05,0.050571755,N,
3980,Verdox,82356-51-2,HepG2,2,384,7.69733E-06,1.31323E-07,1.6488E-05,0.00796788,N,
3981,Nirvanol,1506-02-1,HepG2,2,384,4.55234E-06,4.47301E-07,1.57351E-05,0.028437992,N,
3982,Cetalox,3738-00-9,HepG2,2,384,3.11E-06,6.15E-07,1.42E-05,0.043327129,N,
3983,Tonalide,21145-77-7,HepG2,2,384,4.55E-06,4.47E-07,1.57E-05,0.028437992,N,
3984,"2,4-Dinitrophenol",51-28-5,HepG2,2,384,1.66E-08,3.98E-05,4.00E-05,0.995653616,A,4.1
3985,Aldrin,309-00-2,HepG2,2,384,7.88E-06,1.20E-07,1.65E-05,0.007245657,N,
3986,Azinphos-methyl,86-50-0,HepG2,2,384,2.11E-07,1.96E-05,2.13E-05,0.91971443,N,
3987,Chlorpyrifos,2921-88-2,HepG2,2,384,2.25E-06,1.24E-06,1.69E-05,0.073737078,N,
3988,"DDD-p,p'",50-29-3,HepG2,2,384,9.84E-06,5.74E-08,1.79E-05,0.003201257,N,
3989,"DDT-o,p'",789-02-6,HepG2,2,384,8.29E-06,1.09E-07,1.69E-05,0.006455554,N,
3990,"DDT-p,p'",72-54-8,HepG2,2,384,6.29E-06,2.32E-07,1.60E-05,0.014475667,N,
3991,Diazinon,333-41-5,HepG2,2,384,8.16E-07,6.59E-06,1.45E-05,0.454744329,N,
3992,Dicofol,115-32-2,HepG2,2,384,2.40E-06,1.15E-06,1.67E-05,0.068955307,N,
3993,Dieldrin,60-57-1,HepG2,2,384,2.66E-06,1.01E-06,1.64E-05,0.061440283,N,
3994,Disulfoton,298-04-4,HepG2,2,384,9.91E-07,4.91E-06,1.48E-05,0.331694573,N,
3995,Endosulfan I,115-29-7,HepG2,2,384,8.32E-07,6.41E-06,1.45E-05,0.44251938,N,
3996,Endrin,72-20-8,HepG2,2,384,3.59E-06,6.62E-07,1.59E-05,0.041634285,N,
3997,Ethion,563-12-2,HepG2,2,384,2.52E-06,1.08E-06,1.66E-05,0.065127306,N,
3998,Heptachlor,76-44-8,HepG2,2,384,6.20E-06,2.39E-07,1.60E-05,0.014982094,N,
3999,Heptachlor epoxide B,1024-57-3,HepG2,2,384,2.30E-06,1.21E-06,1.68E-05,0.072120204,N,
4000,Lindane,58-89-9,HepG2,2,384,7.39E-07,7.36E-06,1.44E-05,0.510217563,N,
4001,"Methoxychlor-o,p'",72-43-5,HepG2,2,384,2.55E-06,1.07E-06,1.66E-05,0.06437867,N,
4002,Parathion,56-38-2,HepG2,2,384,8.32E-07,6.41E-06,1.45E-05,0.44251938,N,
4003,Trifluralin,1582-09-8,HepG2,2,384,3.29E-06,7.49E-07,1.60E-05,0.046854026,N,
4004,Cisapride,81098-60-4,HepG2,2,384,1.20E-06,2.05E-05,2.44E-05,0.842597877,B,7.8
4005,Citalopram hydrobromide,59729-33-8,HepG2,2,384,4.03E-07,1.34E-05,1.69E-05,0.790121862,N,
4006,Dofetilide,115256-11-6,HepG2,2,384,1.16E-07,3.81E-05,3.82E-05,0.996501925,B,8.4
4007,Moxifloxacin hydrochloride,186826-86-8,HepG2,2,384,1.54E-08,3.98E-05,3.98E-05,0.999143237,A,6
4008,N-acetylpro-cainamide,32795-44-1,HepG2,2,384,2.32E-08,3.99E-05,3.99E-05,1.000223384,B,9.2
4009,Quinidine sulfate,50-54-4,HepG2,2,384,9.85E-07,3.72E-05,3.82E-05,0.974465125,B,9.3
4010,Sematilide,101526-83-4,HepG2,2,384,2.18E-08,3.99E-05,3.99E-05,1.00024813,B,9.1
4011,Sotalol hydrochloride,959-24-0,HepG2,2,384,1.55E-08,3.99E-05,3.99E-05,1.000372788,B,9
4012,Mifepristone,84371-65-3,HepG2,2,384,2.06E-06,1.38E-06,1.71E-05,0.080694784,N,
4013,Perfluorobutanesulfonic_acid,375-73-5,HepG2,2,384,1.60E-08,3.99E-05,4.00E-05,0.997289169,A,-2.9
4014,4_2_Fluorotelomer_sulfonic_acid,757124-72-4,HepG2,2,384,1.71E-08,3.97E-05,4.00E-05,0.994466143,A,1.4
4015,Perfluorononanoic_acid,375-95-1,HepG2,2,384,2.25E-06,1.42E-06,3.77E-05,0.037784558,A,0.1
4016,Perfluorohexanoic_acid,307-24-4,HepG2,2,384,2.20E-07,1.09E-05,3.98E-05,0.273349803,A,0.1
4017,Perfluorobutanoic_acid,375-22-4,HepG2,2,384,1.69E-08,3.98E-05,4.00E-05,0.995026977,A,0.1
4018,Perfluorooctanoic_acid,335-67-1,HepG2,2,384,2.12E-07,1.23E-05,3.98E-05,0.309464697,A,0.1
4019,6_2_Fluorotelomer_sulfonic_acid,27619-97-2,HepG2,2,384,5.27E-08,3.56E-05,3.99E-05,0.891007572,A,1.4
4020,8_2_Fluorotelomer_sulfonic_acid,39108-34-4,HepG2,2,384,2.18E-07,1.13E-05,3.98E-05,0.283396925,A,1.4
4021,Perfluoroundecanoic_acid,2058-94-8,HepG2,2,384,1.89E-06,1.59E-06,3.81E-05,0.041751562,A,0.1
4022,Perfluorooctanesulfonic_acid,1763-23-1,HepG2,2,384,1.89E-06,1.59E-06,3.81E-05,0.041751564,A,-2.9
4023,Perfluoroheptanoic_acid,375-85-9,HepG2,2,384,1.20E-07,2.66E-05,3.99E-05,0.667820351,A,0.1
4024,Perfluoropentanoic_acid,2706-90-3,HepG2,2,384,2.38E-08,3.90E-05,4.00E-05,0.976786849,A,0.1
4025,Perfluorohexanesulfonic_acid,355-46-4,HepG2,2,384,3.65E-08,3.75E-05,4.00E-05,0.940147416,A,-2.9
4026,Perfluorodecanoic_acid,335-76-2,HepG2,2,384,3.56E-06,1.04E-06,3.64E-05,0.02865571,A,0.1
4027,cyclosporine A,59865-13-3,HepG2,2,384,2.72E-07,1.72E-05,1.95E-05,0.882653472,N,
4028,chlorpromazine,50-53-3,HepG2,2,384,2.37E-05,5.51E-06,1.46E-05,0.377780288,B,9.4
4029,PBDE 47,5436-43-1,HepG2,2,384,9.41E-06,6.93E-08,1.76E-05,0.003929009,N,
4030,PBDE 99,60348-60-9,HepG2,2,384,1.15E-05,2.57E-08,1.92E-05,1.34E-03,N,
4031,PBDE 153,68631-49-2,HepG2,2,384,1.33E-05,7.70E-09,2.07E-05,3.72E-04,N,
4032,amiodarone,1951-25-3,HepG2,2,384,3.70E-05,5.43E-08,2.28E-06,2.38E-02,B,9
4033,Azathioprine,446-86-6,HepG2,2,384,1.49E-08,3.90E-05,3.90E-05,1.000264661,A,8.2
4034,Benzocaine,94-09-7,HepG2,2,384,5.10E-08,3.06E-05,3.09E-05,0.990681691,N,
4035,Butylated hydroxyanisole,25013-16-5,HepG2,2,384,5.31437E-07,1.06185E-05,1.54819E-05,0.686130849,N,
4036,Cetirizine dihydrochloride,83881-52-1,HepG2,2,384,1.48E-08,4.00E-05,4.00E-05,0.999953042,A,4.7
4037,Cyclamate,139-05-9,HepG2,2,384,1.47E-08,4.00E-05,4.00E-05,1.000388297,B,17.6
4038,Cyclophosphamide,6055-19-2,HepG2,2,384,1.70E-08,3.76E-05,3.77E-05,0.999854725,B,6.1
4039,Cypermethrin,67375-30-8,HepG2,2,384,8.56E-06,9.82E-08,1.71E-05,0.005742934,N,
4040,DEET,134-62-3,HepG2,2,384,8.46E-08,2.72E-05,2.77E-05,0.979296352,N,
4041,Dexamethasone,50-02-2,HepG2,2,384,5.59E-08,3.00E-05,3.04E-05,0.989154705,N,
4042,Digoxin,20830-75-5,HepG2,2,384,2.41E-08,3.51E-05,3.52E-05,0.998152269,N,
4043,Fenazaquin,120928-09-8,HepG2,2,384,3.86E-06,5.91E-07,1.58E-05,0.037346358,N,
4044,Fenbuconazole,114369-43-6,HepG2,2,384,4.19E-07,1.30E-05,1.67E-05,0.777564681,N,
4045,Fluazinam,79622-59-6,HepG2,2,384,9.82E-07,4.98E-06,1.48E-05,0.337196496,N,
4046,Furosemide,54-31-9,HepG2,2,384,1.93E-08,3.95E-05,4.00E-05,0.98881945,A,3
4047,Glybenclamide,10238-21-8,HepG2,2,384,3.85E-07,3.99E-06,3.94E-05,0.101408961,A,5
4048,HC Red 3,2871-01-4,HepG2,2,384,1.50E-08,3.88E-05,3.88E-05,1.000249737,N,
4049,Hydralazine hydrochloride,304-20-1,HepG2,2,384,1.72E-08,3.75E-05,3.76E-05,0.999808604,B,6
4050,Ketoconazole,65277-42-1,HepG2,2,384,1.53E-06,3.34E-06,1.66E-05,0.200580819,B,6.6
4051,Metformin,1115-70-4,HepG2,2,384,1.46E-08,4.00E-05,4.00E-05,1.00038909,B,9.6
4052,Metoclopramide,364-62-5,HepG2,2,384,2.61E-07,3.87E-05,3.90E-05,0.993875469,B,9
4053,Nitrofurantoin,67-20-9,HepG2,2,384,1.46E-08,3.97E-05,3.97E-05,1.000363115,A,7.3
4054,Oxytetracycline hydrochloride,2058-46-0,HepG2,2,384,1.46E-08,4.00E-05,4.00E-05,1.000388398,A,4.5
4055,Panthenol,16485-10-2 ,HepG2,2,384,1.45E-08,3.97E-05,3.97E-05,1.000378555,N,
4056,Paracetamol,103-90-2,HepG2,2,384,1.58E-08,3.82E-05,3.82E-05,1.000075203,N,
4057,Topiramate,97240-79-4,HepG2,2,384,1.45E-08,3.98E-05,3.98E-05,1.000386592,A,9.2
4058,Trimellitic anhydride,552-30-7,HepG2,2,384,1.58E-08,3.99E-05,4.00E-05,0.997583423,A,3.3
4059,Verapamil hydrochloride,152-11-4,HepG2,2,384,8.70E-06,1.77E-05,2.88E-05,0.615367835,B,9.2
4060,Warfarin,129-06-6,HepG2,2,384,1.38E-07,2.33E-05,2.44E-05,0.957225144,N,
4061,Caffeine,58-08-2,Me_180,2,384,1.85E-08,3.90E-05,3.90E-05,1.000304038,N,
4062,Lamotrigine,84057-84-1,Me_180,2,384,2.06E-07,2.35E-05,2.47E-05,0.953473213,B,6.6
4063,Diclofenac,15307-79-6,Me_180,2,384,2.17E-08,4.00E-05,4.00E-05,1.000347876,B,17.6
4064,"2,4-Dichlorophenoxyacetic",94-75-7,Me_180,2,384,4.89E-08,3.69E-05,3.99E-05,0.92433327,A,2.7
4065,(S)-Naproxen,22204-53-1,Me_180,2,384,8.42E-08,3.30E-05,3.98E-05,0.828413973,A,4.4
4066,Ibuprofen,15687-27-1,Me_180,2,384,1.93E-07,2.14E-05,3.91E-05,0.548829947,A,5.4
4067,Torasemide,56211-40-6,Me_180,2,384,1.10E-07,2.99E-05,3.98E-05,0.750023823,A,4
4068,Warfarin,81-81-2,Me_180,2,384,4.29E-08,3.76E-05,3.99E-05,0.941530881,A,4.5
4069,di-n-butylphthalate,84-74-2,Me_180,2,384,1.74E-06,1.90E-06,1.80E-05,0.105854763,N,
4070,hexachlorophene,70-30-4,Me_180,2,384,1.42E-05,1.38E-07,2.18E-05,6.32E-03,A,6.2
4071,hexamethylenetetramine,100-97-0,Me_180,2,384,1.69E-08,3.68E-05,3.68E-05,1.000385801,B,6.4
4072,Malathion,121-75-5,Me_180,2,384,1.31E-07,2.49E-05,2.58E-05,0.967913055,N,
4073,pentachlorophenol,87-86-5,Me_180,2,384,6.55E-07,3.20E-06,3.91E-05,0.081965148,A,5
4074,"2,2,2-trichloroethanol",115-20-8,Me_180,2,384,3.10E-08,3.12E-05,3.13E-05,0.997078122,N,
4075,diethylphthalate,84-66-2,Me_180,2,384,1.49E-07,2.38E-05,2.48E-05,0.961116816,N,
4076,4-chlorophenol,106-48-9,Me_180,2,384,1.37E-07,2.45E-05,2.54E-05,0.965509205,N,
4077,permethrin,52645-53-1,Me_180,2,384,8.91E-06,1.18E-07,1.63E-05,0.007245657,N,
4078,Aniline,62-53-3,Me_180,2,384,2.24E-08,3.64E-05,3.64E-05,0.999464278,N,
4079,4-fluoroaniline,371-40-4,Me_180,2,384,2.59E-08,3.49E-05,3.50E-05,0.998681172,N,
4080,"2,4,6-trichlorophenol",88-06-2,Me_180,2,384,4.44E-07,1.62E-05,2.88E-05,0.564259849,A,6.8
4081,Allyl alcohol,107-18-6,Me_180,2,384,1.76E-08,3.62E-05,3.62E-05,1.000235302,N,
4082,N-methylaniline,100-61-8,Me_180,2,384,4.19E-08,3.01E-05,3.03E-05,0.994431355,N,
4083,"3,4-dichloroaniline",95-76-1,Me_180,2,384,2.20E-07,2.04E-05,2.19E-05,0.930025578,N,
4084,4-decylaniline,37529-30-9,Me_180,2,384,8.02E-06,1.62E-07,1.60E-05,0.01014587,N,
4085,naphthalene,91-20-3,Me_180,2,384,4.06E-07,9.33E-06,1.25E-05,0.746223652,N,
4086,"1,2,4-trichlorobenzene",120-82-1,Me_180,2,384,1.91E-07,8.86E-07,2.54E-06,0.348332316,N,
4087,"1,2-dichlorobenzene",95-50-1,Me_180,2,384,7.82E-08,1.33E-06,1.96E-06,0.680785945,N,
4088,dichloromethane,75-09-2,Me_180,2,384,1.94E-09,2.38E-06,2.38E-06,0.998206451,N,
4089,tetrachloroethylene,127-18-4,Me_180,2,384,2.76E-08,5.04E-07,7.24E-07,0.696672964,N,
4090,"2,3-dimethyl-1,3-butadiene",513-81-5,Me_180,2,384,4.60E-10,1.80E-08,2.15E-08,0.838476732,N,
4091,Eugenol F,97-53-0,Me_180,2,384,1.13E-07,2.60E-05,2.67E-05,0.974200527,N,
4092,Methyl-antranilate,134-20-3,Me_180,2,384,6.15E-08,3.04E-05,3.07E-05,0.99019704,N,
4093,Lilyfore,285977-85-7,Me_180,2,384,4.86E-07,1.28E-05,1.66E-05,0.77326174,N,
4094,Damascone beta,23726-91-2,Me_180,2,384,1.33E-06,3.08E-06,1.52E-05,0.202935234,N,
4095,Veloutone,14595-54-1,Me_180,2,384,3.52E-06,8.05E-07,1.59E-05,0.050571755,N,
4096,Verdox,82356-51-2,Me_180,2,384,8.57015E-06,1.27775E-07,1.60425E-05,0.00796788,N,
4097,Nirvanol,1506-02-1,Me_180,2,384,5.12596E-06,4.40062E-07,1.54805E-05,0.028437992,N,
4098,Cetalox,3738-00-9,Me_180,2,384,3.52E-06,6.09E-07,1.41E-05,0.043327129,N,
4099,Tonalide,21145-77-7,Me_180,2,384,5.13E-06,4.40E-07,1.55E-05,0.028437992,N,
4100,"2,4-Dinitrophenol",51-28-5,Me_180,2,384,2.06E-08,3.98E-05,4.00E-05,0.995653616,A,4.1
4101,Aldrin,309-00-2,Me_180,2,384,8.77E-06,1.16E-07,1.61E-05,0.007245657,N,
4102,Azinphos-methyl,86-50-0,Me_180,2,384,2.42E-07,1.96E-05,2.13E-05,0.91971443,N,
4103,Chlorpyrifos,2921-88-2,Me_180,2,384,2.55E-06,1.23E-06,1.67E-05,0.073737078,N,
4104,"DDD-p,p'",50-29-3,Me_180,2,384,1.09E-05,5.54E-08,1.73E-05,0.003201257,N,
4105,"DDT-o,p'",789-02-6,Me_180,2,384,9.21E-06,1.06E-07,1.65E-05,0.006455554,N,
4106,"DDT-p,p'",72-54-8,Me_180,2,384,7.04E-06,2.27E-07,1.57E-05,0.014475667,N,
4107,Diazinon,333-41-5,Me_180,2,384,9.31E-07,6.57E-06,1.44E-05,0.454744329,N,
4108,Dicofol,115-32-2,Me_180,2,384,2.72E-06,1.14E-06,1.66E-05,0.068955307,N,
4109,Dieldrin,60-57-1,Me_180,2,384,3.01E-06,1.00E-06,1.63E-05,0.061440283,N,
4110,Disulfoton,298-04-4,Me_180,2,384,1.13E-06,4.89E-06,1.48E-05,0.331694573,N,
4111,Endosulfan I,115-29-7,Me_180,2,384,9.50E-07,6.39E-06,1.44E-05,0.44251938,N,
4112,Endrin,72-20-8,Me_180,2,384,4.05E-06,6.54E-07,1.57E-05,0.041634285,N,
4113,Ethion,563-12-2,Me_180,2,384,2.86E-06,1.07E-06,1.64E-05,0.065127306,N,
4114,Heptachlor,76-44-8,Me_180,2,384,6.94E-06,2.34E-07,1.56E-05,0.014982094,N,
4115,Heptachlor epoxide B,1024-57-3,Me_180,2,384,2.61E-06,1.20E-06,1.67E-05,0.072120204,N,
4116,Lindane,58-89-9,Me_180,2,384,8.44E-07,7.34E-06,1.44E-05,0.510217563,N,
4117,"Methoxychlor-o,p'",72-43-5,Me_180,2,384,2.89E-06,1.06E-06,1.64E-05,0.06437867,N,
4118,Parathion,56-38-2,Me_180,2,384,9.50E-07,6.39E-06,1.45E-05,0.44251938,N,
4119,Trifluralin,1582-09-8,Me_180,2,384,3.72E-06,7.41E-07,1.58E-05,0.046854026,N,
4120,Cisapride,81098-60-4,Me_180,2,384,1.43E-06,2.04E-05,2.42E-05,0.842597877,B,7.8
4121,Citalopram hydrobromide,59729-33-8,Me_180,2,384,4.61E-07,1.34E-05,1.69E-05,0.790121862,N,
4122,Dofetilide,115256-11-6,Me_180,2,384,1.40E-07,3.81E-05,3.82E-05,0.996501925,B,8.4
4123,Moxifloxacin hydrochloride,186826-86-8,Me_180,2,384,1.93E-08,3.98E-05,3.98E-05,0.999143237,A,6
4124,N-acetylpro-cainamide,32795-44-1,Me_180,2,384,2.88E-08,3.99E-05,3.99E-05,1.000223384,B,9.2
4125,Quinidine sulfate,50-54-4,Me_180,2,384,1.19E-06,3.70E-05,3.80E-05,0.974465125,B,9.3
4126,Sematilide,101526-83-4,Me_180,2,384,2.70E-08,3.99E-05,3.99E-05,1.00024813,B,9.1
4127,Sotalol hydrochloride,959-24-0,Me_180,2,384,1.94E-08,3.99E-05,3.99E-05,1.000372788,B,9
4128,Mifepristone,84371-65-3,Me_180,2,384,2.34E-06,1.37E-06,1.70E-05,0.080694784,N,
4129,Perfluorobutanesulfonic_acid,375-73-5,Me_180,2,384,1.99E-08,3.99E-05,4.00E-05,0.997289169,A,-2.9
4130,4_2_Fluorotelomer_sulfonic_acid,757124-72-4,Me_180,2,384,2.11E-08,3.97E-05,4.00E-05,0.994466143,A,1.4
4131,Perfluorononanoic_acid,375-95-1,Me_180,2,384,2.52E-06,1.41E-06,3.74E-05,0.037784558,A,0.1
4132,Perfluorohexanoic_acid,307-24-4,Me_180,2,384,2.49E-07,1.09E-05,3.97E-05,0.273349803,A,0.1
4133,Perfluorobutanoic_acid,375-22-4,Me_180,2,384,2.09E-08,3.98E-05,4.00E-05,0.995026977,A,0.1
4134,Perfluorooctanoic_acid,335-67-1,Me_180,2,384,2.40E-07,1.23E-05,3.97E-05,0.309464697,A,0.1
4135,6_2_Fluorotelomer_sulfonic_acid,27619-97-2,Me_180,2,384,6.12E-08,3.56E-05,3.99E-05,0.891007572,A,1.4
4136,8_2_Fluorotelomer_sulfonic_acid,39108-34-4,Me_180,2,384,2.46E-07,1.13E-05,3.97E-05,0.283396925,A,1.4
4137,Perfluoroundecanoic_acid,2058-94-8,Me_180,2,384,2.13E-06,1.58E-06,3.78E-05,0.041751562,A,0.1
4138,Perfluorooctanesulfonic_acid,1763-23-1,Me_180,2,384,2.13E-06,1.58E-06,3.78E-05,0.041751564,A,-2.9
4139,Perfluoroheptanoic_acid,375-85-9,Me_180,2,384,1.37E-07,2.66E-05,3.98E-05,0.667820351,A,0.1
4140,Perfluoropentanoic_acid,2706-90-3,Me_180,2,384,2.86E-08,3.90E-05,4.00E-05,0.976786849,A,0.1
4141,Perfluorohexanesulfonic_acid,355-46-4,Me_180,2,384,4.30E-08,3.75E-05,3.99E-05,0.940147416,A,-2.9
4142,Perfluorodecanoic_acid,335-76-2,Me_180,2,384,3.98E-06,1.03E-06,3.60E-05,0.02865571,A,0.1
4143,cyclosporine A,59865-13-3,Me_180,2,384,3.12E-07,1.72E-05,1.95E-05,0.882653472,N,
4144,chlorpromazine,50-53-3,Me_180,2,384,2.55E-05,4.90E-06,1.30E-05,0.377780288,B,9.4
4145,PBDE 47,5436-43-1,Me_180,2,384,1.04E-05,6.70E-08,1.71E-05,0.003929009,N,
4146,PBDE 99,60348-60-9,Me_180,2,384,1.26E-05,2.47E-08,1.84E-05,1.34E-03,N,
4147,PBDE 153,68631-49-2,Me_180,2,384,1.45E-05,7.35E-09,1.98E-05,3.72E-04,N,
4148,amiodarone,1951-25-3,Me_180,2,384,3.75E-05,4.55E-08,1.91E-06,2.38E-02,B,9
4149,Azathioprine,446-86-6,Me_180,2,384,1.87E-08,3.90E-05,3.90E-05,1.000264661,A,8.2
4150,Benzocaine,94-09-7,Me_180,2,384,5.97E-08,3.06E-05,3.09E-05,0.990681691,N,
4151,Butylated hydroxyanisole,25013-16-5,Me_180,2,384,6.07841E-07,1.05979E-05,1.5452E-05,0.686130849,N,
4152,Cetirizine dihydrochloride,83881-52-1,Me_180,2,384,1.86E-08,4.00E-05,4.00E-05,0.999953042,A,4.7
4153,Cyclamate,139-05-9,Me_180,2,384,1.85E-08,4.00E-05,4.00E-05,1.000388297,B,17.6
4154,Cyclophosphamide,6055-19-2,Me_180,2,384,2.10E-08,3.76E-05,3.77E-05,0.999854725,B,6.1
4155,Cypermethrin,67375-30-8,Me_180,2,384,9.50E-06,9.53E-08,1.66E-05,0.005742934,N,
4156,DEET,134-62-3,Me_180,2,384,9.79E-08,2.72E-05,2.77E-05,0.979296352,N,
4157,Dexamethasone,50-02-2,Me_180,2,384,6.53E-08,3.00E-05,3.04E-05,0.989154705,N,
4158,Digoxin,20830-75-5,Me_180,2,384,2.90E-08,3.51E-05,3.52E-05,0.998152269,N,
4159,Fenazaquin,120928-09-8,Me_180,2,384,4.36E-06,5.83E-07,1.56E-05,0.037346358,N,
4160,Fenbuconazole,114369-43-6,Me_180,2,384,4.80E-07,1.30E-05,1.67E-05,0.777564681,N,
4161,Fluazinam,79622-59-6,Me_180,2,384,1.12E-06,4.96E-06,1.47E-05,0.337196496,N,
4162,Furosemide,54-31-9,Me_180,2,384,2.36E-08,3.95E-05,4.00E-05,0.98881945,A,3
4163,Glybenclamide,10238-21-8,Me_180,2,384,4.35E-07,3.99E-06,3.93E-05,0.101408961,A,5
4164,HC Red 3,2871-01-4,Me_180,2,384,1.88E-08,3.88E-05,3.88E-05,1.000249737,N,
4165,Hydralazine hydrochloride,304-20-1,Me_180,2,384,2.12E-08,3.75E-05,3.76E-05,0.999808604,B,6
4166,Ketoconazole,65277-42-1,Me_180,2,384,1.76E-06,3.32E-06,1.65E-05,0.200580819,B,6.6
4167,Metformin,1115-70-4,Me_180,2,384,1.84E-08,4.00E-05,4.00E-05,1.00038909,B,9.6
4168,Metoclopramide,364-62-5,Me_180,2,384,3.16E-07,3.87E-05,3.89E-05,0.993875469,B,9
4169,Nitrofurantoin,67-20-9,Me_180,2,384,1.83E-08,3.97E-05,3.97E-05,1.000363115,A,7.3
4170,Oxytetracycline hydrochloride,2058-46-0,Me_180,2,384,1.83E-08,4.00E-05,4.00E-05,1.000388398,A,4.5
4171,Panthenol,16485-10-2 ,Me_180,2,384,1.82E-08,3.97E-05,3.97E-05,1.000378555,N,
4172,Paracetamol,103-90-2,Me_180,2,384,1.96E-08,3.82E-05,3.82E-05,1.000075203,N,
4173,Topiramate,97240-79-4,Me_180,2,384,1.83E-08,3.98E-05,3.98E-05,1.000386592,A,9.2
4174,Trimellitic anhydride,552-30-7,Me_180,2,384,1.97E-08,3.99E-05,4.00E-05,0.997583423,A,3.3
4175,Verapamil hydrochloride,152-11-4,Me_180,2,384,1.01E-05,1.69E-05,2.75E-05,0.615367835,B,9.2
4176,Warfarin,129-06-6,Me_180,2,384,1.59E-07,2.33E-05,2.44E-05,0.957225144,N,
4177,Caffeine,58-08-2,H4lle,2,384,1.80E-08,3.90E-05,3.91E-05,1.000304038,N,
4178,Lamotrigine,84057-84-1,H4lle,2,384,7.38E-08,2.36E-05,2.48E-05,0.953473213,B,6.6
4179,Diclofenac,15307-79-6,H4lle,2,384,2.05E-08,4.00E-05,4.00E-05,1.000347876,B,17.6
4180,"2,4-Dichlorophenoxyacetic",94-75-7,H4lle,2,384,2.33E-08,3.69E-05,4.00E-05,0.92433327,A,2.7
4181,(S)-Naproxen,22204-53-1,H4lle,2,384,2.90E-08,3.30E-05,3.99E-05,0.828413973,A,4.4
4182,Ibuprofen,15687-27-1,H4lle,2,384,4.72E-08,2.15E-05,3.92E-05,0.548829947,A,5.4
4183,Torasemide,56211-40-6,H4lle,2,384,3.31E-08,2.99E-05,3.99E-05,0.750023823,A,4
4184,Warfarin,81-81-2,H4lle,2,384,2.23E-08,3.76E-05,3.99E-05,0.941530881,A,4.5
4185,di-n-butylphthalate,84-74-2,H4lle,2,384,3.96E-07,1.97E-06,1.86E-05,0.105854763,N,
4186,hexachlorophene,70-30-4,H4lle,2,384,4.13E-06,1.92E-07,3.03E-05,6.32E-03,A,6.2
4187,hexamethylenetetramine,100-97-0,H4lle,2,384,1.68E-08,3.68E-05,3.68E-05,1.000385801,B,6.4
4188,Malathion,121-75-5,H4lle,2,384,3.78E-08,2.50E-05,2.58E-05,0.967913055,N,
4189,pentachlorophenol,87-86-5,H4lle,2,384,1.35E-07,3.24E-06,3.96E-05,0.081965148,A,5
4190,"2,2,2-trichloroethanol",115-20-8,H4lle,2,384,1.79E-08,3.12E-05,3.13E-05,0.997078122,N,
4191,diethylphthalate,84-66-2,H4lle,2,384,4.13E-08,2.39E-05,2.49E-05,0.961116816,N,
4192,4-chlorophenol,106-48-9,H4lle,2,384,3.90E-08,2.45E-05,2.54E-05,0.965509205,N,
4193,permethrin,52645-53-1,H4lle,2,384,2.36E-06,1.43E-07,1.98E-05,0.007245657,N,
4194,Aniline,62-53-3,H4lle,2,384,1.79E-08,3.64E-05,3.64E-05,0.999464278,N,
4195,4-fluoroaniline,371-40-4,H4lle,2,384,1.82E-08,3.49E-05,3.50E-05,0.998681172,N,
4196,"2,4,6-trichlorophenol",88-06-2,H4lle,2,384,1.03E-07,1.64E-05,2.91E-05,0.564259849,A,6.8
4197,Allyl alcohol,107-18-6,H4lle,2,384,1.68E-08,3.62E-05,3.62E-05,1.000235302,N,
4198,N-methylaniline,100-61-8,H4lle,2,384,2.00E-08,3.01E-05,3.03E-05,0.994431355,N,
4199,"3,4-dichloroaniline",95-76-1,H4lle,2,384,5.60E-08,2.05E-05,2.20E-05,0.930025578,N,
4200,4-decylaniline,37529-30-9,H4lle,2,384,2.08E-06,1.92E-07,1.89E-05,0.01014587,N,
4201,naphthalene,91-20-3,H4lle,2,384,9.32E-08,9.41E-06,1.26E-05,0.746223652,N,
4202,"1,2,4-trichlorobenzene",120-82-1,H4lle,2,384,4.24E-08,8.89E-07,2.55E-06,0.348332316,N,
4203,"1,2-dichlorobenzene",95-50-1,H4lle,2,384,1.77E-08,1.33E-06,1.96E-06,0.680785945,N,
4204,dichloromethane,75-09-2,H4lle,2,384,1.28E-09,2.38E-06,2.38E-06,0.998206451,N,
4205,tetrachloroethylene,127-18-4,H4lle,2,384,6.25E-09,5.05E-07,7.25E-07,0.696672964,N,
4206,"2,3-dimethyl-1,3-butadiene",513-81-5,H4lle,2,384,1.08E-10,1.80E-08,2.15E-08,0.838476732,N,
4207,Eugenol F,97-53-0,H4lle,2,384,3.42E-08,2.61E-05,2.68E-05,0.974200527,N,
4208,Methyl-antranilate,134-20-3,H4lle,2,384,2.44E-08,3.04E-05,3.07E-05,0.99019704,N,
4209,Lilyfore,285977-85-7,H4lle,2,384,1.12E-07,1.30E-05,1.68E-05,0.77326174,N,
4210,Damascone beta,23726-91-2,H4lle,2,384,3.02E-07,3.16E-06,1.56E-05,0.202935234,N,
4211,Veloutone,14595-54-1,H4lle,2,384,8.28E-07,8.64E-07,1.71E-05,0.050571755,N,
4212,Verdox,82356-51-2,H4lle,2,384,2.25062E-06,1.53466E-07,1.92681E-05,0.00796788,N,
4213,Nirvanol,1506-02-1,H4lle,2,384,1.24698E-06,4.8901E-07,1.72024E-05,0.028437992,N,
4214,Cetalox,3738-00-9,H4lle,2,384,8.28E-07,6.53E-07,1.51E-05,0.043327129,N,
4215,Tonalide,21145-77-7,H4lle,2,384,1.25E-06,4.89E-07,1.72E-05,0.028437992,N,
4216,"2,4-Dinitrophenol",51-28-5,H4lle,2,384,1.87E-08,3.98E-05,4.00E-05,0.995653616,A,4.1
4217,Aldrin,309-00-2,H4lle,2,384,2.31E-06,1.40E-07,1.94E-05,0.007245657,N,
4218,Azinphos-methyl,86-50-0,H4lle,2,384,6.05E-08,1.97E-05,2.14E-05,0.91971443,N,
4219,Chlorpyrifos,2921-88-2,H4lle,2,384,5.90E-07,1.30E-06,1.76E-05,0.073737078,N,
4220,"DDD-p,p'",50-29-3,H4lle,2,384,3.02E-06,7.04E-08,2.20E-05,0.003201257,N,
4221,"DDT-o,p'",789-02-6,H4lle,2,384,2.45E-06,1.29E-07,2.01E-05,0.006455554,N,
4222,"DDT-p,p'",72-54-8,H4lle,2,384,1.79E-06,2.63E-07,1.82E-05,0.014475667,N,
4223,Diazinon,333-41-5,H4lle,2,384,2.11E-07,6.69E-06,1.47E-05,0.454744329,N,
4224,Dicofol,115-32-2,H4lle,2,384,6.30E-07,1.21E-06,1.75E-05,0.068955307,N,
4225,Dieldrin,60-57-1,H4lle,2,384,7.01E-07,1.06E-06,1.73E-05,0.061440283,N,
4226,Disulfoton,298-04-4,H4lle,2,384,2.56E-07,5.00E-06,1.51E-05,0.331694573,N,
4227,Endosulfan I,115-29-7,H4lle,2,384,2.15E-07,6.51E-06,1.47E-05,0.44251938,N,
4228,Endrin,72-20-8,H4lle,2,384,9.64E-07,7.10E-07,1.71E-05,0.041634285,N,
4229,Ethion,563-12-2,H4lle,2,384,6.65E-07,1.13E-06,1.74E-05,0.065127306,N,
4230,Heptachlor,76-44-8,H4lle,2,384,1.76E-06,2.71E-07,1.81E-05,0.014982094,N,
4231,Heptachlor epoxide B,1024-57-3,H4lle,2,384,6.03E-07,1.27E-06,1.76E-05,0.072120204,N,
4232,Lindane,58-89-9,H4lle,2,384,1.91E-07,7.46E-06,1.46E-05,0.510217563,N,
4233,"Methoxychlor-o,p'",72-43-5,H4lle,2,384,6.72E-07,1.12E-06,1.74E-05,0.06437867,N,
4234,Parathion,56-38-2,H4lle,2,384,2.15E-07,6.51E-06,1.47E-05,0.44251938,N,
4235,Trifluralin,1582-09-8,H4lle,2,384,8.80E-07,7.99E-07,1.70E-05,0.046854026,N,
4236,Cisapride,81098-60-4,H4lle,2,384,8.30E-07,2.07E-05,2.46E-05,0.842597877,B,7.8
4237,Citalopram hydrobromide,59729-33-8,H4lle,2,384,1.07E-07,1.35E-05,1.71E-05,0.790121862,N,
4238,Dofetilide,115256-11-6,H4lle,2,384,9.37E-08,3.81E-05,3.83E-05,0.996501925,B,8.4
4239,Moxifloxacin hydrochloride,186826-86-8,H4lle,2,384,1.84E-08,3.98E-05,3.98E-05,0.999143237,A,6
4240,N-acetylpro-cainamide,32795-44-1,H4lle,2,384,2.50E-08,3.99E-05,3.99E-05,1.000223384,B,9.2
4241,Quinidine sulfate,50-54-4,H4lle,2,384,7.75E-07,3.74E-05,3.84E-05,0.974465125,B,9.3
4242,Sematilide,101526-83-4,H4lle,2,384,2.38E-08,3.99E-05,3.99E-05,1.00024813,B,9.1
4243,Sotalol hydrochloride,959-24-0,H4lle,2,384,1.90E-08,3.99E-05,3.99E-05,1.000372788,B,9
4244,Mifepristone,84371-65-3,H4lle,2,384,5.38E-07,1.44E-06,1.78E-05,0.080694784,N,
4245,Perfluorobutanesulfonic_acid,375-73-5,H4lle,2,384,1.85E-08,3.99E-05,4.00E-05,0.997289169,A,-2.9
4246,4_2_Fluorotelomer_sulfonic_acid,757124-72-4,H4lle,2,384,1.88E-08,3.97E-05,4.00E-05,0.994466143,A,1.4
4247,Perfluorononanoic_acid,375-95-1,H4lle,2,384,5.33E-07,1.49E-06,3.94E-05,0.037784558,A,0.1
4248,Perfluorohexanoic_acid,307-24-4,H4lle,2,384,5.41E-08,1.09E-05,3.99E-05,0.273349803,A,0.1
4249,Perfluorobutanoic_acid,375-22-4,H4lle,2,384,1.87E-08,3.98E-05,4.00E-05,0.995026977,A,0.1
4250,Perfluorooctanoic_acid,335-67-1,H4lle,2,384,5.28E-08,1.24E-05,3.99E-05,0.309464697,A,0.1
4251,6_2_Fluorotelomer_sulfonic_acid,27619-97-2,H4lle,2,384,2.53E-08,3.56E-05,4.00E-05,0.891007572,A,1.4
4252,8_2_Fluorotelomer_sulfonic_acid,39108-34-4,H4lle,2,384,5.37E-08,1.13E-05,3.99E-05,0.283396925,A,1.4
4253,Perfluoroundecanoic_acid,2058-94-8,H4lle,2,384,4.46E-07,1.65E-06,3.95E-05,0.041751562,A,0.1
4254,Perfluorooctanesulfonic_acid,1763-23-1,H4lle,2,384,4.46E-07,1.65E-06,3.95E-05,0.041751564,A,-2.9
4255,Perfluoroheptanoic_acid,375-85-9,H4lle,2,384,3.72E-08,2.67E-05,3.99E-05,0.667820351,A,0.1
4256,Perfluoropentanoic_acid,2706-90-3,H4lle,2,384,2.00E-08,3.90E-05,4.00E-05,0.976786849,A,0.1
4257,Perfluorohexanesulfonic_acid,355-46-4,H4lle,2,384,2.23E-08,3.76E-05,4.00E-05,0.940147416,A,-2.9
4258,Perfluorodecanoic_acid,335-76-2,H4lle,2,384,8.67E-07,1.12E-06,3.91E-05,0.02865571,A,0.1
4259,cyclosporine A,59865-13-3,H4lle,2,384,7.52E-08,1.73E-05,1.96E-05,0.882653472,N,
4260,chlorpromazine,50-53-3,H4lle,2,384,2.12E-05,6.35E-06,1.68E-05,0.377780288,B,9.4
4261,PBDE 47,5436-43-1,H4lle,2,384,2.86E-06,8.41E-08,2.14E-05,0.003929009,N,
4262,PBDE 99,60348-60-9,H4lle,2,384,3.66E-06,3.28E-08,2.44E-05,1.34E-03,N,
4263,PBDE 153,68631-49-2,H4lle,2,384,4.43E-06,1.03E-08,2.76E-05,3.72E-04,N,
4264,amiodarone,1951-25-3,H4lle,2,384,3.63E-05,6.88E-08,2.89E-06,2.38E-02,B,9
4265,Azathioprine,446-86-6,H4lle,2,384,1.80E-08,3.90E-05,3.90E-05,1.000264661,A,8.2
4266,Benzocaine,94-09-7,H4lle,2,384,2.41E-08,3.06E-05,3.09E-05,0.990681691,N,
4267,Butylated hydroxyanisole,25013-16-5,H4lle,2,384,1.38921E-07,1.07241E-05,1.56359E-05,0.686130849,N,
4268,Cetirizine dihydrochloride,83881-52-1,H4lle,2,384,1.83E-08,4.00E-05,4.00E-05,0.999953042,A,4.7
4269,Cyclamate,139-05-9,H4lle,2,384,1.84E-08,4.00E-05,4.00E-05,1.000388297,B,17.6
4270,Cyclophosphamide,6055-19-2,H4lle,2,384,1.82E-08,3.76E-05,3.77E-05,0.999854725,B,6.1
4271,Cypermethrin,67375-30-8,H4lle,2,384,2.55E-06,1.17E-07,2.04E-05,0.005742934,N,
4272,DEET,134-62-3,H4lle,2,384,3.13E-08,2.72E-05,2.78E-05,0.979296352,N,
4273,Dexamethasone,50-02-2,H4lle,2,384,2.51E-08,3.00E-05,3.04E-05,0.989154705,N,
4274,Digoxin,20830-75-5,H4lle,2,384,1.89E-08,3.52E-05,3.52E-05,0.998152269,N,
4275,Fenazaquin,120928-09-8,H4lle,2,384,1.04E-06,6.37E-07,1.71E-05,0.037346358,N,
4276,Fenbuconazole,114369-43-6,H4lle,2,384,1.11E-07,1.31E-05,1.68E-05,0.777564681,N,
4277,Fluazinam,79622-59-6,H4lle,2,384,2.53E-07,5.07E-06,1.50E-05,0.337196496,N,
4278,Furosemide,54-31-9,H4lle,2,384,1.92E-08,3.95E-05,4.00E-05,0.98881945,A,3
4279,Glybenclamide,10238-21-8,H4lle,2,384,8.99E-08,4.02E-06,3.97E-05,0.101408961,A,5
4280,HC Red 3,2871-01-4,H4lle,2,384,1.80E-08,3.88E-05,3.88E-05,1.000249737,N,
4281,Hydralazine hydrochloride,304-20-1,H4lle,2,384,1.82E-08,3.75E-05,3.76E-05,0.999808604,B,6
4282,Ketoconazole,65277-42-1,H4lle,2,384,5.85E-07,3.42E-06,1.71E-05,0.200580819,B,6.6
4283,Metformin,1115-70-4,H4lle,2,384,1.83E-08,4.00E-05,4.00E-05,1.00038909,B,9.6
4284,Metoclopramide,364-62-5,H4lle,2,384,2.09E-07,3.88E-05,3.90E-05,0.993875469,B,9
4285,Nitrofurantoin,67-20-9,H4lle,2,384,1.82E-08,3.97E-05,3.97E-05,1.000363115,A,7.3
4286,Oxytetracycline hydrochloride,2058-46-0,H4lle,2,384,1.83E-08,4.00E-05,4.00E-05,1.000388398,A,4.5
4287,Panthenol,16485-10-2 ,H4lle,2,384,1.82E-08,3.97E-05,3.97E-05,1.000378555,N,
4288,Paracetamol,103-90-2,H4lle,2,384,1.79E-08,3.82E-05,3.82E-05,1.000075203,N,
4289,Topiramate,97240-79-4,H4lle,2,384,1.82E-08,3.98E-05,3.98E-05,1.000386592,A,9.2
4290,Trimellitic anhydride,552-30-7,H4lle,2,384,1.85E-08,3.99E-05,4.00E-05,0.997583423,A,3.3
4291,Verapamil hydrochloride,152-11-4,H4lle,2,384,7.09E-06,1.86E-05,3.02E-05,0.615367835,B,9.2
4292,Warfarin,129-06-6,H4lle,2,384,4.33E-08,2.34E-05,2.45E-05,0.957225144,N,
4293,Caffeine,58-08-2,SH-SY5Y,2,384,1.02E-08,3.91E-05,3.91E-05,1.000304038,N,
4294,Lamotrigine,84057-84-1,SH-SY5Y,2,384,5.22E-08,2.36E-05,2.48E-05,0.953473213,B,6.6
4295,Diclofenac,15307-79-6,SH-SY5Y,2,384,1.16E-08,4.00E-05,4.00E-05,1.000347876,B,17.6
4296,"2,4-Dichlorophenoxyacetic",94-75-7,SH-SY5Y,2,384,1.54E-08,3.69E-05,4.00E-05,0.92433327,A,2.7
4297,(S)-Naproxen,22204-53-1,SH-SY5Y,2,384,2.13E-08,3.30E-05,3.99E-05,0.828413973,A,4.4
4298,Ibuprofen,15687-27-1,SH-SY5Y,2,384,3.95E-08,2.15E-05,3.92E-05,0.548829947,A,5.4
4299,Torasemide,56211-40-6,SH-SY5Y,2,384,2.56E-08,2.99E-05,3.99E-05,0.750023823,A,4
4300,Warfarin,81-81-2,SH-SY5Y,2,384,1.44E-08,3.76E-05,3.99E-05,0.941530881,A,4.5
4301,di-n-butylphthalate,84-74-2,SH-SY5Y,2,384,3.38E-07,1.97E-06,1.87E-05,0.105854763,N,
4302,hexachlorophene,70-30-4,SH-SY5Y,2,384,3.70E-06,1.94E-07,3.07E-05,6.32E-03,A,6.2
4303,hexamethylenetetramine,100-97-0,SH-SY5Y,2,384,9.48E-09,3.68E-05,3.68E-05,1.000385801,B,6.4
4304,Malathion,121-75-5,SH-SY5Y,2,384,2.88E-08,2.50E-05,2.58E-05,0.967913055,N,
4305,pentachlorophenol,87-86-5,SH-SY5Y,2,384,1.23E-07,3.24E-06,3.96E-05,0.081965148,A,5
4306,"2,2,2-trichloroethanol",115-20-8,SH-SY5Y,2,384,1.11E-08,3.12E-05,3.13E-05,0.997078122,N,
4307,diethylphthalate,84-66-2,SH-SY5Y,2,384,3.20E-08,2.39E-05,2.49E-05,0.961116816,N,
4308,4-chlorophenol,106-48-9,SH-SY5Y,2,384,2.99E-08,2.45E-05,2.54E-05,0.965509205,N,
4309,permethrin,52645-53-1,SH-SY5Y,2,384,2.04E-06,1.44E-07,1.99E-05,0.007245657,N,
4310,Aniline,62-53-3,SH-SY5Y,2,384,1.04E-08,3.64E-05,3.64E-05,0.999464278,N,
4311,4-fluoroaniline,371-40-4,SH-SY5Y,2,384,1.08E-08,3.50E-05,3.50E-05,0.998681172,N,
4312,"2,4,6-trichlorophenol",88-06-2,SH-SY5Y,2,384,8.64E-08,1.64E-05,2.91E-05,0.564259849,A,6.8
4313,Allyl alcohol,107-18-6,SH-SY5Y,2,384,9.50E-09,3.62E-05,3.62E-05,1.000235302,N,
4314,N-methylaniline,100-61-8,SH-SY5Y,2,384,1.30E-08,3.01E-05,3.03E-05,0.994431355,N,
4315,"3,4-dichloroaniline",95-76-1,SH-SY5Y,2,384,4.49E-08,2.05E-05,2.20E-05,0.930025578,N,
4316,4-decylaniline,37529-30-9,SH-SY5Y,2,384,1.79E-06,1.93E-07,1.91E-05,0.01014587,N,
4317,naphthalene,91-20-3,SH-SY5Y,2,384,7.82E-08,9.41E-06,1.26E-05,0.746223652,N,
4318,"1,2,4-trichlorobenzene",120-82-1,SH-SY5Y,2,384,3.60E-08,8.89E-07,2.55E-06,0.348332316,N,
4319,"1,2-dichlorobenzene",95-50-1,SH-SY5Y,2,384,1.49E-08,1.33E-06,1.96E-06,0.680785945,N,
4320,dichloromethane,75-09-2,SH-SY5Y,2,384,7.71E-10,2.38E-06,2.38E-06,0.998206451,N,
4321,tetrachloroethylene,127-18-4,SH-SY5Y,2,384,5.26E-09,5.05E-07,7.25E-07,0.696672964,N,
4322,"2,3-dimethyl-1,3-butadiene",513-81-5,SH-SY5Y,2,384,8.93E-11,1.80E-08,2.15E-08,0.838476732,N,
4323,Eugenol F,97-53-0,SH-SY5Y,2,384,2.57E-08,2.61E-05,2.68E-05,0.974200527,N,
4324,Methyl-antranilate,134-20-3,SH-SY5Y,2,384,1.67E-08,3.04E-05,3.08E-05,0.99019704,N,
4325,Lilyfore,285977-85-7,SH-SY5Y,2,384,9.40E-08,1.30E-05,1.68E-05,0.77326174,N,
4326,Damascone beta,23726-91-2,SH-SY5Y,2,384,2.57E-07,3.16E-06,1.56E-05,0.202935234,N,
4327,Veloutone,14595-54-1,SH-SY5Y,2,384,7.09E-07,8.67E-07,1.71E-05,0.050571755,N,
4328,Verdox,82356-51-2,SH-SY5Y,2,384,1.94064E-06,1.54727E-07,1.94264E-05,0.00796788,N,
4329,Nirvanol,1506-02-1,SH-SY5Y,2,384,1.0703E-06,4.91239E-07,1.72808E-05,0.028437992,N,
4330,Cetalox,3738-00-9,SH-SY5Y,2,384,7.09E-07,6.55E-07,1.51E-05,0.043327129,N,
4331,Tonalide,21145-77-7,SH-SY5Y,2,384,1.07E-06,4.91E-07,1.73E-05,0.028437992,N,
4332,"2,4-Dinitrophenol",51-28-5,SH-SY5Y,2,384,1.07E-08,3.98E-05,4.00E-05,0.995653616,A,4.1
4333,Aldrin,309-00-2,SH-SY5Y,2,384,2.00E-06,1.42E-07,1.96E-05,0.007245657,N,
4334,Azinphos-methyl,86-50-0,SH-SY5Y,2,384,4.90E-08,1.97E-05,2.14E-05,0.91971443,N,
4335,Chlorpyrifos,2921-88-2,SH-SY5Y,2,384,5.04E-07,1.30E-06,1.76E-05,0.073737078,N,
4336,"DDD-p,p'",50-29-3,SH-SY5Y,2,384,2.61E-06,7.11E-08,2.22E-05,0.003201257,N,
4337,"DDT-o,p'",789-02-6,SH-SY5Y,2,384,2.12E-06,1.31E-07,2.02E-05,0.006455554,N,
4338,"DDT-p,p'",72-54-8,SH-SY5Y,2,384,1.54E-06,2.65E-07,1.83E-05,0.014475667,N,
4339,Diazinon,333-41-5,SH-SY5Y,2,384,1.79E-07,6.69E-06,1.47E-05,0.454744329,N,
4340,Dicofol,115-32-2,SH-SY5Y,2,384,5.39E-07,1.21E-06,1.75E-05,0.068955307,N,
4341,Dieldrin,60-57-1,SH-SY5Y,2,384,6.00E-07,1.07E-06,1.74E-05,0.061440283,N,
4342,Disulfoton,298-04-4,SH-SY5Y,2,384,2.18E-07,5.01E-06,1.51E-05,0.331694573,N,
4343,Endosulfan I,115-29-7,SH-SY5Y,2,384,1.82E-07,6.52E-06,1.47E-05,0.44251938,N,
4344,Endrin,72-20-8,SH-SY5Y,2,384,8.26E-07,7.12E-07,1.71E-05,0.041634285,N,
4345,Ethion,563-12-2,SH-SY5Y,2,384,5.69E-07,1.14E-06,1.74E-05,0.065127306,N,
4346,Heptachlor,76-44-8,SH-SY5Y,2,384,1.51E-06,2.73E-07,1.82E-05,0.014982094,N,
4347,Heptachlor epoxide B,1024-57-3,SH-SY5Y,2,384,5.16E-07,1.27E-06,1.76E-05,0.072120204,N,
4348,Lindane,58-89-9,SH-SY5Y,2,384,1.62E-07,7.46E-06,1.46E-05,0.510217563,N,
4349,"Methoxychlor-o,p'",72-43-5,SH-SY5Y,2,384,5.75E-07,1.12E-06,1.74E-05,0.06437867,N,
4350,Parathion,56-38-2,SH-SY5Y,2,384,1.82E-07,6.52E-06,1.47E-05,0.44251938,N,
4351,Trifluralin,1582-09-8,SH-SY5Y,2,384,7.53E-07,8.01E-07,1.71E-05,0.046854026,N,
4352,Cisapride,81098-60-4,SH-SY5Y,2,384,5.18E-07,2.09E-05,2.48E-05,0.842597877,B,7.8
4353,Citalopram hydrobromide,59729-33-8,SH-SY5Y,2,384,8.94E-08,1.35E-05,1.71E-05,0.790121862,N,
4354,Dofetilide,115256-11-6,SH-SY5Y,2,384,5.62E-08,3.81E-05,3.83E-05,0.996501925,B,8.4
4355,Moxifloxacin hydrochloride,186826-86-8,SH-SY5Y,2,384,1.04E-08,3.98E-05,3.98E-05,0.999143237,A,6
4356,N-acetylpro-cainamide,32795-44-1,SH-SY5Y,2,384,1.43E-08,3.99E-05,3.99E-05,1.000223384,B,9.2
4357,Quinidine sulfate,50-54-4,SH-SY5Y,2,384,4.71E-07,3.77E-05,3.87E-05,0.974465125,B,9.3
4358,Sematilide,101526-83-4,SH-SY5Y,2,384,1.36E-08,3.99E-05,3.99E-05,1.00024813,B,9.1
4359,Sotalol hydrochloride,959-24-0,SH-SY5Y,2,384,1.07E-08,4.00E-05,4.00E-05,1.000372788,B,9
4360,Mifepristone,84371-65-3,SH-SY5Y,2,384,4.60E-07,1.44E-06,1.79E-05,0.080694784,N,
4361,Perfluorobutanesulfonic_acid,375-73-5,SH-SY5Y,2,384,1.05E-08,3.99E-05,4.00E-05,0.997289169,A,-2.9
4362,4_2_Fluorotelomer_sulfonic_acid,757124-72-4,SH-SY5Y,2,384,1.08E-08,3.97E-05,4.00E-05,0.994466143,A,1.4
4363,Perfluorononanoic_acid,375-95-1,SH-SY5Y,2,384,4.90E-07,1.49E-06,3.95E-05,0.037784558,A,0.1
4364,Perfluorohexanoic_acid,307-24-4,SH-SY5Y,2,384,4.79E-08,1.09E-05,3.99E-05,0.273349803,A,0.1
4365,Perfluorobutanoic_acid,375-22-4,SH-SY5Y,2,384,1.07E-08,3.98E-05,4.00E-05,0.995026977,A,0.1
4366,Perfluorooctanoic_acid,335-67-1,SH-SY5Y,2,384,4.65E-08,1.24E-05,3.99E-05,0.309464697,A,0.1
4367,6_2_Fluorotelomer_sulfonic_acid,27619-97-2,SH-SY5Y,2,384,1.74E-08,3.56E-05,4.00E-05,0.891007572,A,1.4
4368,8_2_Fluorotelomer_sulfonic_acid,39108-34-4,SH-SY5Y,2,384,4.76E-08,1.13E-05,3.99E-05,0.283396925,A,1.4
4369,Perfluoroundecanoic_acid,2058-94-8,SH-SY5Y,2,384,4.10E-07,1.65E-06,3.96E-05,0.041751562,A,0.1
4370,Perfluorooctanesulfonic_acid,1763-23-1,SH-SY5Y,2,384,4.10E-07,1.65E-06,3.96E-05,0.041751564,A,-2.9
4371,Perfluoroheptanoic_acid,375-85-9,SH-SY5Y,2,384,2.99E-08,2.67E-05,3.99E-05,0.667820351,A,0.1
4372,Perfluoropentanoic_acid,2706-90-3,SH-SY5Y,2,384,1.20E-08,3.90E-05,4.00E-05,0.976786849,A,0.1
4373,Perfluorohexanesulfonic_acid,355-46-4,SH-SY5Y,2,384,1.44E-08,3.76E-05,4.00E-05,0.940147416,A,-2.9
4374,Perfluorodecanoic_acid,335-76-2,SH-SY5Y,2,384,7.98E-07,1.12E-06,3.92E-05,0.02865571,A,0.1
4375,cyclosporine A,59865-13-3,SH-SY5Y,2,384,6.18E-08,1.73E-05,1.96E-05,0.882653472,N,
4376,chlorpromazine,50-53-3,SH-SY5Y,2,384,1.62E-05,8.04E-06,2.13E-05,0.377780288,B,9.4
4377,PBDE 47,5436-43-1,SH-SY5Y,2,384,2.47E-06,8.50E-08,2.16E-05,0.003929009,N,
4378,PBDE 99,60348-60-9,SH-SY5Y,2,384,3.17E-06,3.32E-08,2.48E-05,1.34E-03,N,
4379,PBDE 153,68631-49-2,SH-SY5Y,2,384,3.86E-06,1.04E-08,2.81E-05,3.72E-04,N,
4380,amiodarone,1951-25-3,SH-SY5Y,2,384,3.42E-05,1.07E-07,4.51E-06,2.38E-02,B,9
4381,Azathioprine,446-86-6,SH-SY5Y,2,384,1.02E-08,3.90E-05,3.90E-05,1.000264661,A,8.2
4382,Benzocaine,94-09-7,SH-SY5Y,2,384,1.64E-08,3.06E-05,3.09E-05,0.990681691,N,
4383,Butylated hydroxyanisole,25013-16-5,SH-SY5Y,2,384,1.1701E-07,1.073E-05,1.56445E-05,0.686130849,N,
4384,Cetirizine dihydrochloride,83881-52-1,SH-SY5Y,2,384,1.03E-08,4.00E-05,4.00E-05,0.999953042,A,4.7
4385,Cyclamate,139-05-9,SH-SY5Y,2,384,1.03E-08,4.00E-05,4.00E-05,1.000388297,B,17.6
4386,Cyclophosphamide,6055-19-2,SH-SY5Y,2,384,1.05E-08,3.77E-05,3.77E-05,0.999854725,B,6.1
4387,Cypermethrin,67375-30-8,SH-SY5Y,2,384,2.20E-06,1.18E-07,2.06E-05,0.005742934,N,
4388,DEET,134-62-3,SH-SY5Y,2,384,2.30E-08,2.72E-05,2.78E-05,0.979296352,N,
4389,Dexamethasone,50-02-2,SH-SY5Y,2,384,1.74E-08,3.00E-05,3.04E-05,0.989154705,N,
4390,Digoxin,20830-75-5,SH-SY5Y,2,384,1.15E-08,3.52E-05,3.52E-05,0.998152269,N,
4391,Fenazaquin,120928-09-8,SH-SY5Y,2,384,8.94E-07,6.40E-07,1.71E-05,0.037346358,N,
4392,Fenbuconazole,114369-43-6,SH-SY5Y,2,384,9.29E-08,1.31E-05,1.69E-05,0.777564681,N,
4393,Fluazinam,79622-59-6,SH-SY5Y,2,384,2.16E-07,5.08E-06,1.51E-05,0.337196496,N,
4394,Furosemide,54-31-9,SH-SY5Y,2,384,1.12E-08,3.95E-05,4.00E-05,0.98881945,A,3
4395,Glybenclamide,10238-21-8,SH-SY5Y,2,384,8.16E-08,4.02E-06,3.97E-05,0.101408961,A,5
4396,HC Red 3,2871-01-4,SH-SY5Y,2,384,1.02E-08,3.88E-05,3.88E-05,1.000249737,N,
4397,Hydralazine hydrochloride,304-20-1,SH-SY5Y,2,384,1.05E-08,3.75E-05,3.76E-05,0.999808604,B,6
4398,Ketoconazole,65277-42-1,SH-SY5Y,2,384,4.29E-07,3.43E-06,1.71E-05,0.200580819,B,6.6
4399,Metformin,1115-70-4,SH-SY5Y,2,384,1.03E-08,4.00E-05,4.00E-05,1.00038909,B,9.6
4400,Metoclopramide,364-62-5,SH-SY5Y,2,384,1.26E-07,3.89E-05,3.91E-05,0.993875469,B,9
4401,Nitrofurantoin,67-20-9,SH-SY5Y,2,384,1.02E-08,3.97E-05,3.97E-05,1.000363115,A,7.3
4402,Oxytetracycline hydrochloride,2058-46-0,SH-SY5Y,2,384,1.03E-08,4.00E-05,4.00E-05,1.000388398,A,4.5
4403,Panthenol,16485-10-2 ,SH-SY5Y,2,384,1.02E-08,3.97E-05,3.97E-05,1.000378555,N,
4404,Paracetamol,103-90-2,SH-SY5Y,2,384,1.02E-08,3.82E-05,3.82E-05,1.000075203,N,
4405,Topiramate,97240-79-4,SH-SY5Y,2,384,1.02E-08,3.98E-05,3.98E-05,1.000386592,A,9.2
4406,Trimellitic anhydride,552-30-7,SH-SY5Y,2,384,1.05E-08,3.99E-05,4.00E-05,0.997583423,A,3.3
4407,Verapamil hydrochloride,152-11-4,SH-SY5Y,2,384,4.60E-06,2.00E-05,3.25E-05,0.615367835,B,9.2
4408,Warfarin,129-06-6,SH-SY5Y,2,384,3.38E-08,2.34E-05,2.45E-05,0.957225144,N,
4409,Caffeine,58-08-2,HEK293H,2,384,1.45E-08,3.91E-05,3.91E-05,1.000304038,N,
4410,Lamotrigine,84057-84-1,HEK293H,2,384,1.79E-07,2.35E-05,2.47E-05,0.953473213,B,6.6
4411,Diclofenac,15307-79-6,HEK293H,2,384,1.71E-08,4.00E-05,4.00E-05,1.000347876,B,17.6
4412,"2,4-Dichlorophenoxyacetic",94-75-7,HEK293H,2,384,4.24E-08,3.69E-05,3.99E-05,0.92433327,A,2.7
4413,(S)-Naproxen,22204-53-1,HEK293H,2,384,7.48E-08,3.30E-05,3.99E-05,0.828413973,A,4.4
4414,Ibuprofen,15687-27-1,HEK293H,2,384,1.75E-07,2.14E-05,3.91E-05,0.548829947,A,5.4
4415,Torasemide,56211-40-6,HEK293H,2,384,9.89E-08,2.99E-05,3.99E-05,0.750023823,A,4
4416,Warfarin,81-81-2,HEK293H,2,384,3.68E-08,3.76E-05,3.99E-05,0.941530881,A,4.5
4417,di-n-butylphthalate,84-74-2,HEK293H,2,384,1.56E-06,1.91E-06,1.81E-05,0.105854763,N,
4418,hexachlorophene,70-30-4,HEK293H,2,384,1.33E-05,1.43E-07,2.26E-05,6.32E-03,A,6.2
4419,hexamethylenetetramine,100-97-0,HEK293H,2,384,1.32E-08,3.68E-05,3.68E-05,1.000385801,B,6.4
4420,Malathion,121-75-5,HEK293H,2,384,1.15E-07,2.49E-05,2.58E-05,0.967913055,N,
4421,pentachlorophenol,87-86-5,HEK293H,2,384,5.97E-07,3.21E-06,3.91E-05,0.081965148,A,5
4422,"2,2,2-trichloroethanol",115-20-8,HEK293H,2,384,2.60E-08,3.12E-05,3.13E-05,0.997078122,N,
4423,diethylphthalate,84-66-2,HEK293H,2,384,1.31E-07,2.39E-05,2.48E-05,0.961116816,N,
4424,4-chlorophenol,106-48-9,HEK293H,2,384,1.21E-07,2.45E-05,2.54E-05,0.965509205,N,
4425,permethrin,52645-53-1,HEK293H,2,384,8.13E-06,1.21E-07,1.67E-05,0.007245657,N,
4426,Aniline,62-53-3,HEK293H,2,384,1.81E-08,3.64E-05,3.64E-05,0.999464278,N,
4427,4-fluoroaniline,371-40-4,HEK293H,2,384,2.13E-08,3.49E-05,3.50E-05,0.998681172,N,
4428,"2,4,6-trichlorophenol",88-06-2,HEK293H,2,384,3.97E-07,1.63E-05,2.88E-05,0.564259849,A,6.8
4429,Allyl alcohol,107-18-6,HEK293H,2,384,1.39E-08,3.62E-05,3.62E-05,1.000235302,N,
4430,N-methylaniline,100-61-8,HEK293H,2,384,3.57E-08,3.01E-05,3.03E-05,0.994431355,N,
4431,"3,4-dichloroaniline",95-76-1,HEK293H,2,384,1.95E-07,2.04E-05,2.19E-05,0.930025578,N,
4432,4-decylaniline,37529-30-9,HEK293H,2,384,7.29E-06,1.66E-07,1.63E-05,0.01014587,N,
4433,naphthalene,91-20-3,HEK293H,2,384,3.60E-07,9.35E-06,1.25E-05,0.746223652,N,
4434,"1,2,4-trichlorobenzene",120-82-1,HEK293H,2,384,1.70E-07,8.86E-07,2.55E-06,0.348332316,N,
4435,"1,2-dichlorobenzene",95-50-1,HEK293H,2,384,6.94E-08,1.33E-06,1.96E-06,0.680785945,N,
4436,dichloromethane,75-09-2,HEK293H,2,384,1.61E-09,2.38E-06,2.38E-06,0.998206451,N,
4437,tetrachloroethylene,127-18-4,HEK293H,2,384,2.45E-08,5.05E-07,7.24E-07,0.696672964,N,
4438,"2,3-dimethyl-1,3-butadiene",513-81-5,HEK293H,2,384,4.08E-10,1.80E-08,2.15E-08,0.838476732,N,
4439,Eugenol F,97-53-0,HEK293H,2,384,9.90E-08,2.60E-05,2.67E-05,0.974200527,N,
4440,Methyl-antranilate,134-20-3,HEK293H,2,384,5.31E-08,3.04E-05,3.07E-05,0.99019704,N,
4441,Lilyfore,285977-85-7,HEK293H,2,384,4.32E-07,1.29E-05,1.66E-05,0.77326174,N,
4442,Damascone beta,23726-91-2,HEK293H,2,384,1.19E-06,3.09E-06,1.52E-05,0.202935234,N,
4443,Veloutone,14595-54-1,HEK293H,2,384,3.16E-06,8.13E-07,1.61E-05,0.050571755,N,
4444,Verdox,82356-51-2,HEK293H,2,384,7.8099E-06,1.30866E-07,1.64306E-05,0.00796788,N,
4445,Nirvanol,1506-02-1,HEK293H,2,384,4.62486E-06,4.46386E-07,1.57029E-05,0.028437992,N,
4446,Cetalox,3738-00-9,HEK293H,2,384,3.16E-06,6.14E-07,1.42E-05,0.043327129,N,
4447,Tonalide,21145-77-7,HEK293H,2,384,4.62E-06,4.46E-07,1.57E-05,0.028437992,N,
4448,"2,4-Dinitrophenol",51-28-5,HEK293H,2,384,1.64E-08,3.98E-05,4.00E-05,0.995653616,A,4.1
4449,Aldrin,309-00-2,HEK293H,2,384,8.00E-06,1.19E-07,1.65E-05,0.007245657,N,
4450,Azinphos-methyl,86-50-0,HEK293H,2,384,2.14E-07,1.96E-05,2.13E-05,0.91971443,N,
4451,Chlorpyrifos,2921-88-2,HEK293H,2,384,2.29E-06,1.24E-06,1.69E-05,0.073737078,N,
4452,"DDD-p,p'",50-29-3,HEK293H,2,384,9.98E-06,5.71E-08,1.79E-05,0.003201257,N,
4453,"DDT-o,p'",789-02-6,HEK293H,2,384,8.41E-06,1.09E-07,1.69E-05,0.006455554,N,
4454,"DDT-p,p'",72-54-8,HEK293H,2,384,6.39E-06,2.31E-07,1.60E-05,0.014475667,N,
4455,Diazinon,333-41-5,HEK293H,2,384,8.29E-07,6.58E-06,1.45E-05,0.454744329,N,
4456,Dicofol,115-32-2,HEK293H,2,384,2.44E-06,1.15E-06,1.67E-05,0.068955307,N,
4457,Dieldrin,60-57-1,HEK293H,2,384,2.70E-06,1.01E-06,1.64E-05,0.061440283,N,
4458,Disulfoton,298-04-4,HEK293H,2,384,1.01E-06,4.91E-06,1.48E-05,0.331694573,N,
4459,Endosulfan I,115-29-7,HEK293H,2,384,8.46E-07,6.41E-06,1.45E-05,0.44251938,N,
4460,Endrin,72-20-8,HEK293H,2,384,3.65E-06,6.61E-07,1.59E-05,0.041634285,N,
4461,Ethion,563-12-2,HEK293H,2,384,2.57E-06,1.08E-06,1.66E-05,0.065127306,N,
4462,Heptachlor,76-44-8,HEK293H,2,384,6.29E-06,2.39E-07,1.59E-05,0.014982094,N,
4463,Heptachlor epoxide B,1024-57-3,HEK293H,2,384,2.34E-06,1.21E-06,1.68E-05,0.072120204,N,
4464,Lindane,58-89-9,HEK293H,2,384,7.52E-07,7.35E-06,1.44E-05,0.510217563,N,
4465,"Methoxychlor-o,p'",72-43-5,HEK293H,2,384,2.59E-06,1.06E-06,1.65E-05,0.06437867,N,
4466,Parathion,56-38-2,HEK293H,2,384,8.46E-07,6.41E-06,1.45E-05,0.44251938,N,
4467,Trifluralin,1582-09-8,HEK293H,2,384,3.35E-06,7.48E-07,1.60E-05,0.046854026,N,
4468,Cisapride,81098-60-4,HEK293H,2,384,1.20E-06,2.05E-05,2.44E-05,0.842597877,B,7.8
4469,Citalopram hydrobromide,59729-33-8,HEK293H,2,384,4.10E-07,1.34E-05,1.69E-05,0.790121862,N,
4470,Dofetilide,115256-11-6,HEK293H,2,384,1.15E-07,3.81E-05,3.82E-05,0.996501925,B,8.4
4471,Moxifloxacin hydrochloride,186826-86-8,HEK293H,2,384,1.52E-08,3.98E-05,3.98E-05,0.999143237,A,6
4472,N-acetylpro-cainamide,32795-44-1,HEK293H,2,384,2.29E-08,3.99E-05,3.99E-05,1.000223384,B,9.2
4473,Quinidine sulfate,50-54-4,HEK293H,2,384,9.77E-07,3.72E-05,3.82E-05,0.974465125,B,9.3
4474,Sematilide,101526-83-4,HEK293H,2,384,2.14E-08,3.99E-05,3.99E-05,1.00024813,B,9.1
4475,Sotalol hydrochloride,959-24-0,HEK293H,2,384,1.52E-08,3.99E-05,3.99E-05,1.000372788,B,9
4476,Mifepristone,84371-65-3,HEK293H,2,384,2.09E-06,1.38E-06,1.71E-05,0.080694784,N,
4477,Perfluorobutanesulfonic_acid,375-73-5,HEK293H,2,384,1.57E-08,3.99E-05,4.00E-05,0.997289169,A,-2.9
4478,4_2_Fluorotelomer_sulfonic_acid,757124-72-4,HEK293H,2,384,1.69E-08,3.97E-05,4.00E-05,0.994466143,A,1.4
4479,Perfluorononanoic_acid,375-95-1,HEK293H,2,384,2.31E-06,1.42E-06,3.77E-05,0.037784558,A,0.1
4480,Perfluorohexanoic_acid,307-24-4,HEK293H,2,384,2.26E-07,1.09E-05,3.98E-05,0.273349803,A,0.1
4481,Perfluorobutanoic_acid,375-22-4,HEK293H,2,384,1.67E-08,3.98E-05,4.00E-05,0.995026977,A,0.1
4482,Perfluorooctanoic_acid,335-67-1,HEK293H,2,384,2.18E-07,1.23E-05,3.98E-05,0.309464697,A,0.1
4483,6_2_Fluorotelomer_sulfonic_acid,27619-97-2,HEK293H,2,384,5.37E-08,3.56E-05,3.99E-05,0.891007572,A,1.4
4484,8_2_Fluorotelomer_sulfonic_acid,39108-34-4,HEK293H,2,384,2.24E-07,1.13E-05,3.98E-05,0.283396925,A,1.4
4485,Perfluoroundecanoic_acid,2058-94-8,HEK293H,2,384,1.95E-06,1.59E-06,3.80E-05,0.041751562,A,0.1
4486,Perfluorooctanesulfonic_acid,1763-23-1,HEK293H,2,384,1.95E-06,1.59E-06,3.80E-05,0.041751564,A,-2.9
4487,Perfluoroheptanoic_acid,375-85-9,HEK293H,2,384,1.23E-07,2.66E-05,3.99E-05,0.667820351,A,0.1
4488,Perfluoropentanoic_acid,2706-90-3,HEK293H,2,384,2.38E-08,3.90E-05,4.00E-05,0.976786849,A,0.1
4489,Perfluorohexanesulfonic_acid,355-46-4,HEK293H,2,384,3.70E-08,3.75E-05,4.00E-05,0.940147416,A,-2.9
4490,Perfluorodecanoic_acid,335-76-2,HEK293H,2,384,3.66E-06,1.04E-06,3.63E-05,0.02865571,A,0.1
4491,cyclosporine A,59865-13-3,HEK293H,2,384,2.77E-07,1.72E-05,1.95E-05,0.882653472,N,
4492,chlorpromazine,50-53-3,HEK293H,2,384,2.36E-05,5.54E-06,1.47E-05,0.377780288,B,9.4
4493,PBDE 47,5436-43-1,HEK293H,2,384,9.54E-06,6.90E-08,1.76E-05,0.003929009,N,
4494,PBDE 99,60348-60-9,HEK293H,2,384,1.16E-05,2.56E-08,1.91E-05,1.34E-03,N,
4495,PBDE 153,68631-49-2,HEK293H,2,384,1.35E-05,7.65E-09,2.06E-05,3.72E-04,N,
4496,amiodarone,1951-25-3,HEK293H,2,384,3.70E-05,5.47E-08,2.30E-06,2.38E-02,B,9
4497,Azathioprine,446-86-6,HEK293H,2,384,1.47E-08,3.90E-05,3.90E-05,1.000264661,A,8.2
4498,Benzocaine,94-09-7,HEK293H,2,384,5.15E-08,3.06E-05,3.09E-05,0.990681691,N,
4499,Butylated hydroxyanisole,25013-16-5,HEK293H,2,384,5.40481E-07,1.06161E-05,1.54784E-05,0.686130849,N,
4500,Cetirizine dihydrochloride,83881-52-1,HEK293H,2,384,1.45E-08,4.00E-05,4.00E-05,0.999953042,A,4.7
4501,Cyclamate,139-05-9,HEK293H,2,384,1.44E-08,4.00E-05,4.00E-05,1.000388297,B,17.6
4502,Cyclophosphamide,6055-19-2,HEK293H,2,384,1.68E-08,3.76E-05,3.77E-05,0.999854725,B,6.1
4503,Cypermethrin,67375-30-8,HEK293H,2,384,8.68E-06,9.78E-08,1.70E-05,0.005742934,N,
4504,DEET,134-62-3,HEK293H,2,384,8.57E-08,2.72E-05,2.77E-05,0.979296352,N,
4505,Dexamethasone,50-02-2,HEK293H,2,384,5.65E-08,3.00E-05,3.04E-05,0.989154705,N,
4506,Digoxin,20830-75-5,HEK293H,2,384,2.40E-08,3.51E-05,3.52E-05,0.998152269,N,
4507,Fenazaquin,120928-09-8,HEK293H,2,384,3.92E-06,5.90E-07,1.58E-05,0.037346358,N,
4508,Fenbuconazole,114369-43-6,HEK293H,2,384,4.26E-07,1.30E-05,1.67E-05,0.777564681,N,
4509,Fluazinam,79622-59-6,HEK293H,2,384,9.99E-07,4.98E-06,1.48E-05,0.337196496,N,
4510,Furosemide,54-31-9,HEK293H,2,384,1.92E-08,3.95E-05,4.00E-05,0.98881945,A,3
4511,Glybenclamide,10238-21-8,HEK293H,2,384,3.96E-07,3.99E-06,3.94E-05,0.101408961,A,5
4512,HC Red 3,2871-01-4,HEK293H,2,384,1.48E-08,3.88E-05,3.88E-05,1.000249737,N,
4513,Hydralazine hydrochloride,304-20-1,HEK293H,2,384,1.70E-08,3.75E-05,3.76E-05,0.999808604,B,6
4514,Ketoconazole,65277-42-1,HEK293H,2,384,1.54E-06,3.34E-06,1.66E-05,0.200580819,B,6.6
4515,Metformin,1115-70-4,HEK293H,2,384,1.44E-08,4.00E-05,4.00E-05,1.00038909,B,9.6
4516,Metoclopramide,364-62-5,HEK293H,2,384,2.59E-07,3.87E-05,3.90E-05,0.993875469,B,9
4517,Nitrofurantoin,67-20-9,HEK293H,2,384,1.43E-08,3.97E-05,3.97E-05,1.000363115,A,7.3
4518,Oxytetracycline hydrochloride,2058-46-0,HEK293H,2,384,1.43E-08,4.00E-05,4.00E-05,1.000388398,A,4.5
4519,Panthenol,16485-10-2 ,HEK293H,2,384,1.43E-08,3.97E-05,3.97E-05,1.000378555,N,
4520,Paracetamol,103-90-2,HEK293H,2,384,1.56E-08,3.82E-05,3.82E-05,1.000075203,N,
4521,Topiramate,97240-79-4,HEK293H,2,384,1.43E-08,3.98E-05,3.98E-05,1.000386592,A,9.2
4522,Trimellitic anhydride,552-30-7,HEK293H,2,384,1.56E-08,3.99E-05,4.00E-05,0.997583423,A,3.3
4523,Verapamil hydrochloride,152-11-4,HEK293H,2,384,8.65E-06,1.77E-05,2.88E-05,0.615367835,B,9.2
4524,Warfarin,129-06-6,HEK293H,2,384,1.40E-07,2.33E-05,2.44E-05,0.957225144,N,
4525,Caffeine,58-08-2,Rat cerebellar granule cell,20,384,1.58E-08,3.90E-05,3.90E-05,1.003048724,N,
4526,Lamotrigine,84057-84-1,Rat cerebellar granule cell,20,384,3.07E-06,1.73E-05,2.58E-05,0.672055828,B,6.6
4527,Diclofenac,15307-79-6,Rat cerebellar granule cell,20,384,4.33E-08,3.99E-05,4.00E-05,1.00348969,B,17.6
4528,"2,4-Dichlorophenoxyacetic",94-75-7,Rat cerebellar granule cell,20,384,6.04E-07,2.16E-05,3.94E-05,0.549870884,A,2.7
4529,(S)-Naproxen,22204-53-1,Rat cerebellar granule cell,20,384,8.53E-07,1.27E-05,3.91E-05,0.325599324,A,4.4
4530,Ibuprofen,15687-27-1,Rat cerebellar granule cell,20,384,1.12E-06,4.18E-06,3.87E-05,0.108453046,A,5.4
4531,Torasemide,56211-40-6,Rat cerebellar granule cell,20,384,9.36E-07,8.98E-06,3.91E-05,0.230791787,A,4
4532,Warfarin,81-81-2,Rat cerebellar granule cell,20,384,5.32E-07,2.42E-05,3.94E-05,0.616902939,A,4.5
4533,di-n-butylphthalate,84-74-2,Rat cerebellar granule cell,20,384,7.61E-06,3.36E-07,2.88E-05,0.01170014,N,
4534,hexachlorophene,70-30-4,Rat cerebellar granule cell,20,384,2.59E-05,8.76E-09,1.38E-05,6.35E-04,A,6.2
4535,hexamethylenetetramine,100-97-0,Rat cerebellar granule cell,20,384,1.08E-09,3.68E-05,3.68E-05,1.003871452,B,6.4
4536,Malathion,121-75-5,Rat cerebellar granule cell,20,384,2.32E-06,1.98E-05,2.64E-05,0.751029015,N,
4537,pentachlorophenol,87-86-5,Rat cerebellar granule cell,20,384,2.16E-06,3.33E-07,3.78E-05,0.008849317,A,5
4538,"2,2,2-trichloroethanol",115-20-8,Rat cerebellar granule cell,20,384,3.93E-07,3.02E-05,3.12E-05,0.971529898,N,
4539,diethylphthalate,84-66-2,Rat cerebellar granule cell,20,384,2.59E-06,1.83E-05,2.58E-05,0.71196546,N,
4540,4-chlorophenol,106-48-9,Rat cerebellar granule cell,20,384,2.41E-06,1.92E-05,2.62E-05,0.736795306,N,
4541,permethrin,52645-53-1,Rat cerebellar granule cell,20,384,2.23E-05,1.18E-08,1.63E-05,0.000729322,N,
4542,Aniline,62-53-3,Rat cerebellar granule cell,20,384,1.39E-07,3.60E-05,3.63E-05,0.994668488,N,
4543,4-fluoroaniline,371-40-4,Rat cerebellar granule cell,20,384,2.37E-07,3.43E-05,3.49E-05,0.986966426,N,
4544,"2,4,6-trichlorophenol",88-06-2,Rat cerebellar granule cell,20,384,2.78E-06,3.95E-06,3.46E-05,0.114648247,A,6.8
4545,Allyl alcohol,107-18-6,Rat cerebellar granule cell,20,384,2.55E-08,3.61E-05,3.62E-05,1.002358012,N,
4546,N-methylaniline,100-61-8,Rat cerebellar granule cell,20,384,6.48E-07,2.84E-05,3.01E-05,0.946971232,N,
4547,"3,4-dichloroaniline",95-76-1,Rat cerebellar granule cell,20,384,3.51E-06,1.38E-05,2.43E-05,0.570648432,N,
4548,4-decylaniline,37529-30-9,Rat cerebellar granule cell,20,384,2.14E-05,1.73E-08,1.69E-05,0.001023937,N,
4549,naphthalene,91-20-3,Rat cerebellar granule cell,20,384,5.04E-06,4.77E-06,2.11E-05,0.227230992,N,
4550,"1,2,4-trichlorobenzene",120-82-1,Rat cerebellar granule cell,20,384,3.16E-06,5.94E-07,1.18E-05,0.050740255,N,
4551,"1,2-dichlorobenzene",95-50-1,Rat cerebellar granule cell,20,384,1.60E-06,1.12E-06,6.39E-06,0.175780755,N,
4552,dichloromethane,75-09-2,Rat cerebellar granule cell,20,384,2.07E-08,2.37E-06,2.42E-06,0.982349427,N,
4553,tetrachloroethylene,127-18-4,Rat cerebellar granule cell,20,384,6.30E-07,4.72E-07,2.54E-06,0.186778431,N,
4554,"2,3-dimethyl-1,3-butadiene",513-81-5,Rat cerebellar granule cell,20,384,1.11E-08,1.79E-08,5.26E-08,0.341718023,N,
4555,Eugenol F,97-53-0,Rat cerebellar granule cell,20,384,2.03E-06,2.13E-05,2.71E-05,0.790621879,N,
4556,Methyl-antranilate,134-20-3,Rat cerebellar granule cell,20,384,1.06E-06,2.77E-05,3.05E-05,0.909918026,N,
4557,Lilyfore,285977-85-7,Rat cerebellar granule cell,20,384,5.52E-06,6.01E-06,2.37E-05,0.254308513,N,
4558,Damascone beta,23726-91-2,Rat cerebellar granule cell,20,384,7.29E-06,6.80E-07,2.75E-05,0.024828186,N,
4559,Veloutone,14595-54-1,Rat cerebellar granule cell,20,384,1.34E-05,1.24E-07,2.34E-05,0.005298327,N,
4560,Verdox,82356-51-2,Rat cerebellar granule cell,20,384,2.20012E-05,1.31209E-08,1.64131E-05,0.000802543,N,
4561,Nirvanol,1506-02-1,Rat cerebellar granule cell,20,384,1.71059E-05,5.89738E-08,2.0286E-05,0.002918496,N,
4562,Cetalox,3738-00-9,Rat cerebellar granule cell,20,384,1.43E-05,9.91E-08,2.21E-05,0.00450852,N,
4563,Tonalide,21145-77-7,Rat cerebellar granule cell,20,384,1.71E-05,5.90E-08,2.03E-05,0.002918496,N,
4564,"2,4-Dinitrophenol",51-28-5,Rat cerebellar granule cell,20,384,7.47E-08,3.81E-05,3.99E-05,0.958172353,A,4.1
4565,Aldrin,309-00-2,Rat cerebellar granule cell,20,384,2.22E-05,1.18E-08,1.62E-05,0.000729322,N,
4566,Azinphos-methyl,86-50-0,Rat cerebellar granule cell,20,384,3.75E-06,1.28E-05,2.41E-05,0.533919875,N,
4567,Chlorpyrifos,2921-88-2,Rat cerebellar granule cell,20,384,1.05E-05,2.05E-07,2.60E-05,0.007897835,N,
4568,"DDD-p,p'",50-29-3,Rat cerebellar granule cell,20,384,2.38E-05,4.84E-09,1.51E-05,3.21E-04,N,
4569,"DDT-o,p'",789-02-6,Rat cerebellar granule cell,20,384,2.25E-05,1.04E-08,1.61E-05,6.49E-04,N,
4570,"DDT-p,p'",72-54-8,Rat cerebellar granule cell,20,384,2.02E-05,2.60E-08,1.78E-05,0.001466675,N,
4571,Diazinon,333-41-5,Rat cerebellar granule cell,20,384,6.87E-06,1.97E-06,2.57E-05,0.07698005,N,
4572,Dicofol,115-32-2,Rat cerebellar granule cell,20,384,1.11E-05,1.87E-07,2.55E-05,0.007351781,N,
4573,Dieldrin,60-57-1,Rat cerebellar granule cell,20,384,1.20E-05,1.60E-07,2.47E-05,0.006503656,N,
4574,Disulfoton,298-04-4,Rat cerebellar granule cell,20,384,7.15E-06,1.25E-06,2.66E-05,0.04728531,N,
4575,Endosulfan I,115-29-7,Rat cerebellar granule cell,20,384,6.90E-06,1.89E-06,2.58E-05,0.073540874,N,
4576,Endrin,72-20-8,Rat cerebellar granule cell,20,384,1.48E-05,9.58E-08,2.22E-05,0.004325509,N,
4577,Ethion,563-12-2,Rat cerebellar granule cell,20,384,1.15E-05,1.73E-07,2.51E-05,0.00691824,N,
4578,Heptachlor,76-44-8,Rat cerebellar granule cell,20,384,2.00E-05,2.71E-08,1.79E-05,0.001518687,N,
4579,Heptachlor epoxide B,1024-57-3,Rat cerebellar granule cell,20,384,1.07E-05,1.99E-07,2.59E-05,0.007712633,N,
4580,Lindane,58-89-9,Rat cerebellar granule cell,20,384,6.70E-06,2.37E-06,2.53E-05,0.094344232,N,
4581,"Methoxychlor-o,p'",72-43-5,Rat cerebellar granule cell,20,384,1.16E-05,1.71E-07,2.50E-05,0.006833824,N,
4582,Parathion,56-38-2,Rat cerebellar granule cell,20,384,6.90E-06,1.89E-06,2.58E-05,0.073540874,N,
4583,Trifluralin,1582-09-8,Rat cerebellar granule cell,20,384,1.40E-05,1.12E-07,2.29E-05,0.004891678,N,
4584,Cisapride,81098-60-4,Rat cerebellar granule cell,20,384,8.74E-06,8.72E-06,2.51E-05,0.348668052,B,7.8
4585,Citalopram hydrobromide,59729-33-8,Rat cerebellar granule cell,20,384,5.39E-06,6.45E-06,2.37E-05,0.273502363,N,
4586,Dofetilide,115256-11-6,Rat cerebellar granule cell,20,384,1.51E-06,3.56E-05,3.69E-05,0.966086922,B,8.4
4587,Moxifloxacin hydrochloride,186826-86-8,Rat cerebellar granule cell,20,384,3.10E-08,3.93E-05,3.98E-05,0.991497925,A,6
4588,N-acetylpro-cainamide,32795-44-1,Rat cerebellar granule cell,20,384,1.35E-07,3.97E-05,3.98E-05,1.002238337,B,9.2
4589,Quinidine sulfate,50-54-4,Rat cerebellar granule cell,20,384,9.55E-06,2.36E-05,2.99E-05,0.792367969,B,9.3
4590,Sematilide,101526-83-4,Rat cerebellar granule cell,20,384,1.12E-07,3.97E-05,3.98E-05,1.002486851,B,9.1
4591,Sotalol hydrochloride,959-24-0,Rat cerebellar granule cell,20,384,1.52E-08,3.99E-05,3.99E-05,1.003740425,B,9
4592,Mifepristone,84371-65-3,Rat cerebellar granule cell,20,384,9.79E-06,2.32E-07,2.67E-05,0.008701422,N,
4593,Perfluorobutanesulfonic_acid,375-73-5,Rat cerebellar granule cell,20,384,5.09E-08,3.87E-05,3.99E-05,0.973537317,A,-2.9
4594,4_2_Fluorotelomer_sulfonic_acid,757124-72-4,Rat cerebellar granule cell,20,384,9.06E-08,3.77E-05,3.99E-05,0.947286791,A,1.4
4595,Perfluorononanoic_acid,375-95-1,Rat cerebellar granule cell,20,384,7.31E-06,1.27E-07,3.27E-05,0.00391147,A,0.1
4596,Perfluorohexanoic_acid,307-24-4,Rat cerebellar granule cell,20,384,1.02E-06,1.41E-06,3.90E-05,0.036254002,A,0.1
4597,Perfluorobutanoic_acid,375-22-4,Rat cerebellar granule cell,20,384,8.30E-08,3.79E-05,3.99E-05,0.9524002,A,0.1
4598,Perfluorooctanoic_acid,335-67-1,Rat cerebellar granule cell,20,384,1.02E-06,1.67E-06,3.90E-05,0.042892934,A,0.1
4599,6_2_Fluorotelomer_sulfonic_acid,27619-97-2,Rat cerebellar granule cell,20,384,7.16E-07,1.76E-05,3.93E-05,0.449792138,A,1.4
4600,8_2_Fluorotelomer_sulfonic_acid,39108-34-4,Rat cerebellar granule cell,20,384,1.02E-06,1.48E-06,3.90E-05,0.038042778,A,1.4
4601,Perfluoroundecanoic_acid,2058-94-8,Rat cerebellar granule cell,20,384,6.31E-06,1.46E-07,3.37E-05,0.004338169,A,0.1
4602,Perfluorooctanesulfonic_acid,1763-23-1,Rat cerebellar granule cell,20,384,6.31E-06,1.46E-07,3.37E-05,0.004338169,A,-2.9
4603,Perfluoroheptanoic_acid,375-85-9,Rat cerebellar granule cell,20,384,9.81E-07,6.50E-06,3.90E-05,0.167389596,A,0.1
4604,Perfluoropentanoic_acid,2706-90-3,Rat cerebellar granule cell,20,384,2.85E-07,3.20E-05,3.97E-05,0.807984127,A,0.1
4605,Perfluorohexanesulfonic_acid,355-46-4,Rat cerebellar granule cell,20,384,5.32E-07,2.40E-05,3.95E-05,0.611011736,A,-2.9
4606,Perfluorodecanoic_acid,335-76-2,Rat cerebellar granule cell,20,384,1.07E-05,8.59E-08,2.93E-05,0.002941431,A,0.1
4607,cyclosporine A,59865-13-3,Rat cerebellar granule cell,20,384,4.40E-06,1.01E-05,2.37E-05,0.429281369,N,
4608,chlorpromazine,50-53-3,Rat cerebellar granule cell,20,384,3.15E-05,4.74E-07,8.31E-06,0.057239633,B,9.4
4609,PBDE 47,5436-43-1,Rat cerebellar granule cell,20,384,2.35E-05,6.04E-09,1.54E-05,3.94E-04,N,
4610,PBDE 99,60348-60-9,Rat cerebellar granule cell,20,384,2.48E-05,1.94E-09,1.45E-05,1.34E-04,N,
4611,PBDE 153,68631-49-2,Rat cerebellar granule cell,20,384,2.57E-05,5.15E-10,1.39E-05,3.72E-05,N,
4612,amiodarone,1951-25-3,Rat cerebellar granule cell,20,384,3.85E-05,3.62E-09,1.49E-06,2.43E-03,B,9
4613,Azathioprine,446-86-6,Rat cerebellar granule cell,20,384,2.04E-08,3.89E-05,3.90E-05,1.002652934,A,8.2
4614,Benzocaine,94-09-7,Rat cerebellar granule cell,20,384,1.02E-06,2.79E-05,3.07E-05,0.914027016,N,
4615,Butylated hydroxyanisole,25013-16-5,Rat cerebellar granule cell,20,384,6.04416E-06,4.31832E-06,2.41666E-05,0.179388945,N,
4616,Cetirizine dihydrochloride,83881-52-1,Rat cerebellar granule cell,20,384,8.73E-09,3.98E-05,4.00E-05,0.999530617,A,4.7
4617,Cyclamate,139-05-9,Rat cerebellar granule cell,20,384,2.39E-09,4.00E-05,4.00E-05,1.003896591,B,17.6
4618,Cyclophosphamide,6055-19-2,Rat cerebellar granule cell,20,384,8.72E-08,3.74E-05,3.76E-05,0.998549143,B,6.1
4619,Cypermethrin,67375-30-8,Rat cerebellar granule cell,20,384,2.28E-05,9.13E-09,1.59E-05,5.77E-04,N,
4620,DEET,134-62-3,Rat cerebellar granule cell,20,384,1.77E-06,2.30E-05,2.79E-05,0.825481961,N,
4621,Dexamethasone,50-02-2,Rat cerebellar granule cell,20,384,1.13E-06,2.71E-05,3.02E-05,0.901191512,N,
4622,Digoxin,20830-75-5,Rat cerebellar granule cell,20,384,3.07E-07,3.43E-05,3.50E-05,0.981824932,N,
4623,Fenazaquin,120928-09-8,Rat cerebellar granule cell,20,384,1.55E-05,8.33E-08,2.16E-05,0.003864529,N,
4624,Fenbuconazole,114369-43-6,Rat cerebellar granule cell,20,384,5.49E-06,6.12E-06,2.37E-05,0.259022637,N,
4625,Fluazinam,79622-59-6,Rat cerebellar granule cell,20,384,7.14E-06,1.28E-06,2.66E-05,0.048411384,N,
4626,Furosemide,54-31-9,Rat cerebellar granule cell,20,384,1.61E-07,3.56E-05,3.98E-05,0.898416352,A,3
4627,Glybenclamide,10238-21-8,Rat cerebellar granule cell,20,384,1.48E-06,4.28E-07,3.85E-05,0.011159392,A,5
4628,HC Red 3,2871-01-4,Rat cerebellar granule cell,20,384,2.49E-08,3.87E-05,3.88E-05,1.002502993,N,
4629,Hydralazine hydrochloride,304-20-1,Rat cerebellar granule cell,20,384,9.36E-08,3.73E-05,3.75E-05,0.998089327,B,6
4630,Ketoconazole,65277-42-1,Rat cerebellar granule cell,20,384,7.74E-06,6.78E-07,2.78E-05,0.024476679,B,6.6
4631,Metformin,1115-70-4,Rat cerebellar granule cell,20,384,1.36E-09,4.00E-05,4.00E-05,1.003904573,B,9.6
4632,Metoclopramide,364-62-5,Rat cerebellar granule cell,20,384,3.35E-06,3.38E-05,3.60E-05,0.941954217,B,9
4633,Nitrofurantoin,67-20-9,Rat cerebellar granule cell,20,384,3.29E-09,3.97E-05,3.97E-05,1.003643055,A,7.3
4634,Oxytetracycline hydrochloride,2058-46-0,Rat cerebellar granule cell,20,384,3.03E-10,4.00E-05,4.00E-05,1.003897602,A,4.5
4635,Panthenol,16485-10-2 ,Rat cerebellar granule cell,20,384,2.55E-09,3.97E-05,3.97E-05,1.003798496,N,
4636,Paracetamol,103-90-2,Rat cerebellar granule cell,20,384,5.26E-08,3.80E-05,3.81E-05,1.000752536,N,
4637,Topiramate,97240-79-4,Rat cerebellar granule cell,20,384,9.70E-10,3.98E-05,3.98E-05,1.003879421,A,9.2
4638,Trimellitic anhydride,552-30-7,Rat cerebellar granule cell,20,384,4.65E-08,3.89E-05,4.00E-05,0.976348624,A,3.3
4639,Verapamil hydrochloride,152-11-4,Rat cerebellar granule cell,20,384,2.03E-05,2.66E-06,1.94E-05,0.137922605,B,9.2
4640,Warfarin,129-06-6,Rat cerebellar granule cell,20,384,2.73E-06,1.76E-05,2.56E-05,0.69115041,N,
4641,Caffeine,58-08-2,Balbc_3T3,20,384,1.02E-08,3.90E-05,3.91E-05,1.003048724,N,
4642,Lamotrigine,84057-84-1,Balbc_3T3,20,384,4.47E-07,1.85E-05,2.76E-05,0.672055828,B,6.6
4643,Diclofenac,15307-79-6,Balbc_3T3,20,384,1.44E-08,4.00E-05,4.00E-05,1.00348969,B,17.6
4644,"2,4-Dichlorophenoxyacetic",94-75-7,Balbc_3T3,20,384,7.56E-08,2.19E-05,3.99E-05,0.549870884,A,2.7
4645,(S)-Naproxen,22204-53-1,Balbc_3T3,20,384,1.04E-07,1.29E-05,3.99E-05,0.325599324,A,4.4
4646,Ibuprofen,15687-27-1,Balbc_3T3,20,384,1.36E-07,4.29E-06,3.97E-05,0.108453046,A,5.4
4647,Torasemide,56211-40-6,Balbc_3T3,20,384,1.13E-07,9.17E-06,3.99E-05,0.230791787,A,4
4648,Warfarin,81-81-2,Balbc_3T3,20,384,6.77E-08,2.45E-05,3.99E-05,0.616902939,A,4.5
4649,di-n-butylphthalate,84-74-2,Balbc_3T3,20,384,1.20E-06,4.02E-07,3.45E-05,0.01170014,N,
4650,hexachlorophene,70-30-4,Balbc_3T3,20,384,7.35E-06,2.03E-08,3.21E-05,6.35E-04,A,6.2
4651,hexamethylenetetramine,100-97-0,Balbc_3T3,20,384,7.74E-09,3.68E-05,3.68E-05,1.003871452,B,6.4
4652,Malathion,121-75-5,Balbc_3T3,20,384,3.28E-07,2.08E-05,2.78E-05,0.751029015,N,
4653,pentachlorophenol,87-86-5,Balbc_3T3,20,384,2.66E-07,3.50E-07,3.97E-05,0.008849317,A,5
4654,"2,2,2-trichloroethanol",115-20-8,Balbc_3T3,20,384,5.89E-08,3.04E-05,3.15E-05,0.971529898,N,
4655,diethylphthalate,84-66-2,Balbc_3T3,20,384,3.68E-07,1.94E-05,2.74E-05,0.71196546,N,
4656,4-chlorophenol,106-48-9,Balbc_3T3,20,384,3.42E-07,2.03E-05,2.76E-05,0.736795306,N,
4657,permethrin,52645-53-1,Balbc_3T3,20,384,5.65E-06,2.29E-08,3.15E-05,0.000729322,N,
4658,Aniline,62-53-3,Balbc_3T3,20,384,2.60E-08,3.61E-05,3.64E-05,0.994668488,N,
4659,4-fluoroaniline,371-40-4,Balbc_3T3,20,384,3.88E-08,3.44E-05,3.50E-05,0.986966426,N,
4660,"2,4,6-trichlorophenol",88-06-2,Balbc_3T3,20,384,3.80E-07,4.21E-06,3.68E-05,0.114648247,A,6.8
4661,Allyl alcohol,107-18-6,Balbc_3T3,20,384,1.08E-08,3.61E-05,3.62E-05,1.002358012,N,
4662,N-methylaniline,100-61-8,Balbc_3T3,20,384,9.33E-08,2.88E-05,3.06E-05,0.946971232,N,
4663,"3,4-dichloroaniline",95-76-1,Balbc_3T3,20,384,5.06E-07,1.50E-05,2.63E-05,0.570648432,N,
4664,4-decylaniline,37529-30-9,Balbc_3T3,20,384,5.22E-06,3.22E-08,3.16E-05,0.001023937,N,
4665,naphthalene,91-20-3,Balbc_3T3,20,384,7.49E-07,5.36E-06,2.37E-05,0.227230992,N,
4666,"1,2,4-trichlorobenzene",120-82-1,Balbc_3T3,20,384,4.47E-07,6.38E-07,1.26E-05,0.050740255,N,
4667,"1,2-dichlorobenzene",95-50-1,Balbc_3T3,20,384,2.20E-07,1.16E-06,6.62E-06,0.175780755,N,
4668,dichloromethane,75-09-2,Balbc_3T3,20,384,3.24E-09,2.37E-06,2.42E-06,0.982349427,N,
4669,tetrachloroethylene,127-18-4,Balbc_3T3,20,384,8.45E-08,4.78E-07,2.57E-06,0.186778431,N,
4670,"2,3-dimethyl-1,3-butadiene",513-81-5,Balbc_3T3,20,384,1.47E-09,1.79E-08,5.26E-08,0.341718023,N,
4671,Eugenol F,97-53-0,Balbc_3T3,20,384,2.86E-07,2.23E-05,2.83E-05,0.790621879,N,
4672,Methyl-antranilate,134-20-3,Balbc_3T3,20,384,1.49E-07,2.83E-05,3.12E-05,0.909918026,N,
4673,Lilyfore,285977-85-7,Balbc_3T3,20,384,8.31E-07,6.83E-06,2.69E-05,0.254308513,N,
4674,Damascone beta,23726-91-2,Balbc_3T3,20,384,1.14E-06,8.08E-07,3.27E-05,0.024828186,N,
4675,Veloutone,14595-54-1,Balbc_3T3,20,384,2.49E-06,1.74E-07,3.30E-05,0.005298327,N,
4676,Verdox,82356-51-2,Balbc_3T3,20,384,5.52341E-06,2.5133E-08,3.14393E-05,0.000802543,N,
4677,Nirvanol,1506-02-1,Balbc_3T3,20,384,3.57417E-06,9.38306E-08,3.22761E-05,0.002918496,N,
4678,Cetalox,3738-00-9,Balbc_3T3,20,384,2.71E-06,1.44E-07,3.20E-05,0.00450852,N,
4679,Tonalide,21145-77-7,Balbc_3T3,20,384,3.57E-06,9.38E-08,3.23E-05,0.002918496,N,
4680,"2,4-Dinitrophenol",51-28-5,Balbc_3T3,20,384,1.66E-08,3.82E-05,4.00E-05,0.958172353,A,4.1
4681,Aldrin,309-00-2,Balbc_3T3,20,384,5.63E-06,2.28E-08,3.14E-05,0.000729322,N,
4682,Azinphos-methyl,86-50-0,Balbc_3T3,20,384,5.43E-07,1.40E-05,2.63E-05,0.533919875,N,
4683,Chlorpyrifos,2921-88-2,Balbc_3T3,20,384,1.79E-06,2.65E-07,3.37E-05,0.007897835,N,
4684,"DDD-p,p'",50-29-3,Balbc_3T3,20,384,6.46E-06,1.00E-08,3.14E-05,3.21E-04,N,
4685,"DDT-o,p'",789-02-6,Balbc_3T3,20,384,5.78E-06,2.03E-08,3.15E-05,6.49E-04,N,
4686,"DDT-p,p'",72-54-8,Balbc_3T3,20,384,4.71E-06,4.64E-08,3.17E-05,0.001466675,N,
4687,Diazinon,333-41-5,Balbc_3T3,20,384,1.07E-06,2.32E-06,3.02E-05,0.07698005,N,
4688,Dicofol,115-32-2,Balbc_3T3,20,384,1.91E-06,2.46E-07,3.36E-05,0.007351781,N,
4689,Dieldrin,60-57-1,Balbc_3T3,20,384,2.12E-06,2.16E-07,3.34E-05,0.006503656,N,
4690,Disulfoton,298-04-4,Balbc_3T3,20,384,1.12E-06,1.49E-06,3.15E-05,0.04728531,N,
4691,Endosulfan I,115-29-7,Balbc_3T3,20,384,1.07E-06,2.22E-06,3.03E-05,0.073540874,N,
4692,Endrin,72-20-8,Balbc_3T3,20,384,2.86E-06,1.41E-07,3.28E-05,0.004325509,N,
4693,Ethion,563-12-2,Balbc_3T3,20,384,2.02E-06,2.31E-07,3.35E-05,0.00691824,N,
4694,Heptachlor,76-44-8,Balbc_3T3,20,384,4.66E-06,4.80E-08,3.18E-05,0.001518687,N,
4695,Heptachlor epoxide B,1024-57-3,Balbc_3T3,20,384,1.83E-06,2.59E-07,3.37E-05,0.007712633,N,
4696,Lindane,58-89-9,Balbc_3T3,20,384,1.04E-06,2.78E-06,2.96E-05,0.094344232,N,
4697,"Methoxychlor-o,p'",72-43-5,Balbc_3T3,20,384,2.04E-06,2.28E-07,3.35E-05,0.006833824,N,
4698,Parathion,56-38-2,Balbc_3T3,20,384,1.07E-06,2.22E-06,3.03E-05,0.073540874,N,
4699,Trifluralin,1582-09-8,Balbc_3T3,20,384,2.63E-06,1.60E-07,3.29E-05,0.004891678,N,
4700,Cisapride,81098-60-4,Balbc_3T3,20,384,1.54E-06,1.07E-05,3.09E-05,0.348668052,B,7.8
4701,Citalopram hydrobromide,59729-33-8,Balbc_3T3,20,384,8.09E-07,7.30E-06,2.68E-05,0.273502363,N,
4702,Dofetilide,115256-11-6,Balbc_3T3,20,384,2.31E-07,3.67E-05,3.82E-05,0.966086922,B,8.4
4703,Moxifloxacin hydrochloride,186826-86-8,Balbc_3T3,20,384,1.19E-08,3.93E-05,3.98E-05,0.991497925,A,6
4704,N-acetylpro-cainamide,32795-44-1,Balbc_3T3,20,384,2.75E-08,3.98E-05,3.99E-05,1.002238337,B,9.2
4705,Quinidine sulfate,50-54-4,Balbc_3T3,20,384,1.72E-06,2.97E-05,3.76E-05,0.792367969,B,9.3
4706,Sematilide,101526-83-4,Balbc_3T3,20,384,2.43E-08,3.98E-05,3.99E-05,1.002486851,B,9.1
4707,Sotalol hydrochloride,959-24-0,Balbc_3T3,20,384,1.04E-08,3.99E-05,4.00E-05,1.003740425,B,9
4708,Mifepristone,84371-65-3,Balbc_3T3,20,384,1.64E-06,2.94E-07,3.39E-05,0.008701422,N,
4709,Perfluorobutanesulfonic_acid,375-73-5,Balbc_3T3,20,384,1.39E-08,3.88E-05,4.00E-05,0.973537317,A,-2.9
4710,4_2_Fluorotelomer_sulfonic_acid,757124-72-4,Balbc_3T3,20,384,1.83E-08,3.77E-05,4.00E-05,0.947286791,A,1.4
4711,Perfluorononanoic_acid,375-95-1,Balbc_3T3,20,384,1.01E-06,1.52E-07,3.90E-05,0.00391147,A,0.1
4712,Perfluorohexanoic_acid,307-24-4,Balbc_3T3,20,384,1.21E-07,1.44E-06,3.99E-05,0.036254002,A,0.1
4713,Perfluorobutanoic_acid,375-22-4,Balbc_3T3,20,384,1.75E-08,3.79E-05,4.00E-05,0.9524002,A,0.1
4714,Perfluorooctanoic_acid,335-67-1,Balbc_3T3,20,384,1.22E-07,1.70E-06,3.99E-05,0.042892934,A,0.1
4715,6_2_Fluorotelomer_sulfonic_acid,27619-97-2,Balbc_3T3,20,384,8.82E-08,1.79E-05,3.99E-05,0.449792138,A,1.4
4716,8_2_Fluorotelomer_sulfonic_acid,39108-34-4,Balbc_3T3,20,384,1.21E-07,1.51E-06,3.99E-05,0.038042778,A,1.4
4717,Perfluoroundecanoic_acid,2058-94-8,Balbc_3T3,20,384,8.52E-07,1.69E-07,3.91E-05,0.004338169,A,0.1
4718,Perfluorooctanesulfonic_acid,1763-23-1,Balbc_3T3,20,384,8.52E-07,1.69E-07,3.91E-05,0.004338169,A,-2.9
4719,Perfluoroheptanoic_acid,375-85-9,Balbc_3T3,20,384,1.18E-07,6.65E-06,3.99E-05,0.167389596,A,0.1
4720,Perfluoropentanoic_acid,2706-90-3,Balbc_3T3,20,384,3.99E-08,3.22E-05,4.00E-05,0.807984127,A,0.1
4721,Perfluorohexanesulfonic_acid,355-46-4,Balbc_3T3,20,384,6.76E-08,2.43E-05,3.99E-05,0.611011736,A,-2.9
4722,Perfluorodecanoic_acid,335-76-2,Balbc_3T3,20,384,1.62E-06,1.12E-07,3.84E-05,0.002941431,A,0.1
4723,cyclosporine A,59865-13-3,Balbc_3T3,20,384,6.46E-07,1.12E-05,2.62E-05,0.429281369,N,
4724,chlorpromazine,50-53-3,Balbc_3T3,20,384,1.39E-05,1.46E-06,2.56E-05,0.057239633,B,9.4
4725,PBDE 47,5436-43-1,Balbc_3T3,20,384,6.29E-06,1.23E-08,3.14E-05,3.94E-04,N,
4726,PBDE 99,60348-60-9,Balbc_3T3,20,384,7.06E-06,4.21E-09,3.14E-05,1.34E-04,N,
4727,PBDE 153,68631-49-2,Balbc_3T3,20,384,7.60E-06,1.17E-09,3.15E-05,3.72E-05,N,
4728,amiodarone,1951-25-3,Balbc_3T3,20,384,3.13E-05,2.06E-08,8.49E-06,2.43E-03,B,9
4729,Azathioprine,446-86-6,Balbc_3T3,20,384,1.08E-08,3.89E-05,3.90E-05,1.002652934,A,8.2
4730,Benzocaine,94-09-7,Balbc_3T3,20,384,1.44E-07,2.86E-05,3.14E-05,0.914027016,N,
4731,Butylated hydroxyanisole,25013-16-5,Balbc_3T3,20,384,9.20247E-07,4.96995E-06,2.78133E-05,0.179388945,N,
4732,Cetirizine dihydrochloride,83881-52-1,Balbc_3T3,20,384,9.23E-09,3.98E-05,4.00E-05,0.999530617,A,4.7
4733,Cyclamate,139-05-9,Balbc_3T3,20,384,8.58E-09,4.00E-05,4.00E-05,1.003896591,B,17.6
4734,Cyclophosphamide,6055-19-2,Balbc_3T3,20,384,1.94E-08,3.75E-05,3.77E-05,0.998549143,B,6.1
4735,Cypermethrin,67375-30-8,Balbc_3T3,20,384,5.91E-06,1.81E-08,3.14E-05,5.77E-04,N,
4736,DEET,134-62-3,Balbc_3T3,20,384,2.48E-07,2.39E-05,2.90E-05,0.825481961,N,
4737,Dexamethasone,50-02-2,Balbc_3T3,20,384,1.60E-07,2.78E-05,3.09E-05,0.901191512,N,
4738,Digoxin,20830-75-5,Balbc_3T3,20,384,4.82E-08,3.45E-05,3.53E-05,0.981824932,N,
4739,Fenazaquin,120928-09-8,Balbc_3T3,20,384,3.07E-06,1.26E-07,3.26E-05,0.003864529,N,
4740,Fenbuconazole,114369-43-6,Balbc_3T3,20,384,8.25E-07,6.94E-06,2.69E-05,0.259022637,N,
4741,Fluazinam,79622-59-6,Balbc_3T3,20,384,1.11E-06,1.52E-06,3.15E-05,0.048411384,N,
4742,Furosemide,54-31-9,Balbc_3T3,20,384,2.62E-08,3.58E-05,4.00E-05,0.898416352,A,3
4743,Glybenclamide,10238-21-8,Balbc_3T3,20,384,1.79E-07,4.42E-07,3.98E-05,0.011159392,A,5
4744,HC Red 3,2871-01-4,Balbc_3T3,20,384,1.13E-08,3.87E-05,3.88E-05,1.002502993,N,
4745,Hydralazine hydrochloride,304-20-1,Balbc_3T3,20,384,2.03E-08,3.73E-05,3.76E-05,0.998089327,B,6
4746,Ketoconazole,65277-42-1,Balbc_3T3,20,384,1.25E-06,8.14E-07,3.34E-05,0.024476679,B,6.6
4747,Metformin,1115-70-4,Balbc_3T3,20,384,8.44E-09,4.00E-05,4.00E-05,1.003904573,B,9.6
4748,Metoclopramide,364-62-5,Balbc_3T3,20,384,5.24E-07,3.64E-05,3.88E-05,0.941954217,B,9
4749,Nitrofurantoin,67-20-9,Balbc_3T3,20,384,8.63E-09,3.97E-05,3.97E-05,1.003643055,A,7.3
4750,Oxytetracycline hydrochloride,2058-46-0,Balbc_3T3,20,384,8.28E-09,4.00E-05,4.00E-05,1.003897602,A,4.5
4751,Panthenol,16485-10-2 ,Balbc_3T3,20,384,8.52E-09,3.97E-05,3.97E-05,1.003798496,N,
4752,Paracetamol,103-90-2,Balbc_3T3,20,384,1.49E-08,3.80E-05,3.82E-05,1.000752536,N,
4753,Topiramate,97240-79-4,Balbc_3T3,20,384,8.34E-09,3.98E-05,3.98E-05,1.003879421,A,9.2
4754,Trimellitic anhydride,552-30-7,Balbc_3T3,20,384,1.34E-08,3.89E-05,4.00E-05,0.976348624,A,3.3
4755,Verapamil hydrochloride,152-11-4,Balbc_3T3,20,384,5.12E-06,4.70E-06,3.42E-05,0.137922605,B,9.2
4756,Warfarin,129-06-6,Balbc_3T3,20,384,3.89E-07,1.87E-05,2.72E-05,0.69115041,N,
4757,Caffeine,58-08-2,FishRtgut,20,384,5.06E-09,3.90E-05,3.91E-05,1.003048724,N,
4758,Lamotrigine,84057-84-1,FishRtgut,20,384,4.97E-08,1.87E-05,2.79E-05,0.672055828,B,6.6
4759,Diclofenac,15307-79-6,FishRtgut,20,384,5.69E-09,4.00E-05,4.00E-05,1.00348969,B,17.6
4760,"2,4-Dichlorophenoxyacetic",94-75-7,FishRtgut,20,384,5.29E-09,2.19E-05,4.00E-05,0.549870884,A,2.7
4761,(S)-Naproxen,22204-53-1,FishRtgut,20,384,5.35E-09,1.30E-05,4.00E-05,0.325599324,A,4.4
4762,Ibuprofen,15687-27-1,FishRtgut,20,384,6.42E-09,4.30E-06,3.98E-05,0.108453046,A,5.4
4763,Torasemide,56211-40-6,FishRtgut,20,384,5.19E-09,9.19E-06,4.00E-05,0.230791787,A,4
4764,Warfarin,81-81-2,FishRtgut,20,384,5.38E-09,2.46E-05,4.00E-05,0.616902939,A,4.5
4765,di-n-butylphthalate,84-74-2,FishRtgut,20,384,1.19E-07,4.13E-07,3.55E-05,0.01170014,N,
4766,hexachlorophene,70-30-4,FishRtgut,20,384,5.53E-07,2.45E-08,3.87E-05,6.35E-04,A,6.2
4767,hexamethylenetetramine,100-97-0,FishRtgut,20,384,4.59E-09,3.68E-05,3.68E-05,1.003871452,B,6.4
4768,Malathion,121-75-5,FishRtgut,20,384,3.50E-08,2.10E-05,2.80E-05,0.751029015,N,
4769,pentachlorophenol,87-86-5,FishRtgut,20,384,1.05E-08,3.52E-07,4.00E-05,0.008849317,A,5
4770,"2,2,2-trichloroethanol",115-20-8,FishRtgut,20,384,9.09E-09,3.05E-05,3.15E-05,0.971529898,N,
4771,diethylphthalate,84-66-2,FishRtgut,20,384,3.88E-08,1.96E-05,2.76E-05,0.71196546,N,
4772,4-chlorophenol,106-48-9,FishRtgut,20,384,3.64E-08,2.04E-05,2.78E-05,0.736795306,N,
4773,permethrin,52645-53-1,FishRtgut,20,384,6.11E-07,2.62E-08,3.61E-05,0.000729322,N,
4774,Aniline,62-53-3,FishRtgut,20,384,6.36E-09,3.61E-05,3.65E-05,0.994668488,N,
4775,4-fluoroaniline,371-40-4,FishRtgut,20,384,7.48E-09,3.45E-05,3.51E-05,0.986966426,N,
4776,"2,4,6-trichlorophenol",88-06-2,FishRtgut,20,384,3.26E-08,4.24E-06,3.71E-05,0.114648247,A,6.8
4777,Allyl alcohol,107-18-6,FishRtgut,20,384,4.83E-09,3.61E-05,3.62E-05,1.002358012,N,
4778,N-methylaniline,100-61-8,FishRtgut,20,384,1.24E-08,2.89E-05,3.06E-05,0.946971232,N,
4779,"3,4-dichloroaniline",95-76-1,FishRtgut,20,384,5.22E-08,1.51E-05,2.66E-05,0.570648432,N,
4780,4-decylaniline,37529-30-9,FishRtgut,20,384,5.60E-07,3.65E-08,3.58E-05,0.001023937,N,
4781,naphthalene,91-20-3,FishRtgut,20,384,7.54E-08,5.45E-06,2.41E-05,0.227230992,N,
4782,"1,2,4-trichlorobenzene",120-82-1,FishRtgut,20,384,4.40E-08,6.44E-07,1.27E-05,0.050740255,N,
4783,"1,2-dichlorobenzene",95-50-1,FishRtgut,20,384,2.18E-08,1.16E-06,6.65E-06,0.175780755,N,
4784,dichloromethane,75-09-2,FishRtgut,20,384,5.71E-10,2.37E-06,2.42E-06,0.982349427,N,
4785,tetrachloroethylene,127-18-4,FishRtgut,20,384,8.36E-09,4.79E-07,2.58E-06,0.186778431,N,
4786,"2,3-dimethyl-1,3-butadiene",513-81-5,FishRtgut,20,384,1.46E-10,1.79E-08,5.26E-08,0.341718023,N,
4787,Eugenol F,97-53-0,FishRtgut,20,384,3.10E-08,2.25E-05,2.85E-05,0.790621879,N,
4788,Methyl-antranilate,134-20-3,FishRtgut,20,384,1.79E-08,2.84E-05,3.13E-05,0.909918026,N,
4789,Lilyfore,285977-85-7,FishRtgut,20,384,8.39E-08,6.96E-06,2.75E-05,0.254308513,N,
4790,Damascone beta,23726-91-2,FishRtgut,20,384,1.14E-07,8.29E-07,3.35E-05,0.024828186,N,
4791,Veloutone,14595-54-1,FishRtgut,20,384,2.53E-07,1.85E-07,3.50E-05,0.005298327,N,
4792,Verdox,82356-51-2,FishRtgut,20,384,5.95707E-07,2.87253E-08,3.59329E-05,0.000802543,N,
4793,Nirvanol,1506-02-1,FishRtgut,20,384,3.70455E-07,1.02083E-07,3.51149E-05,0.002918496,N,
4794,Cetalox,3738-00-9,FishRtgut,20,384,2.76E-07,1.53E-07,3.41E-05,0.00450852,N,
4795,Tonalide,21145-77-7,FishRtgut,20,384,3.70E-07,1.02E-07,3.51E-05,0.002918496,N,
4796,"2,4-Dinitrophenol",51-28-5,FishRtgut,20,384,5.06E-09,3.82E-05,4.00E-05,0.958172353,A,4.1
4797,Aldrin,309-00-2,FishRtgut,20,384,6.09E-07,2.61E-08,3.60E-05,0.000729322,N,
4798,Azinphos-methyl,86-50-0,FishRtgut,20,384,5.58E-08,1.41E-05,2.66E-05,0.533919875,N,
4799,Chlorpyrifos,2921-88-2,FishRtgut,20,384,1.80E-07,2.77E-07,3.52E-05,0.007897835,N,
4800,"DDD-p,p'",50-29-3,FishRtgut,20,384,7.10E-07,1.18E-08,3.68E-05,3.21E-04,N,
4801,"DDT-o,p'",789-02-6,FishRtgut,20,384,6.27E-07,2.34E-08,3.62E-05,6.49E-04,N,
4802,"DDT-p,p'",72-54-8,FishRtgut,20,384,5.00E-07,5.19E-08,3.55E-05,0.001466675,N,
4803,Diazinon,333-41-5,FishRtgut,20,384,1.07E-07,2.37E-06,3.10E-05,0.07698005,N,
4804,Dicofol,115-32-2,FishRtgut,20,384,1.92E-07,2.57E-07,3.51E-05,0.007351781,N,
4805,Dieldrin,60-57-1,FishRtgut,20,384,2.14E-07,2.27E-07,3.51E-05,0.006503656,N,
4806,Disulfoton,298-04-4,FishRtgut,20,384,1.12E-07,1.52E-06,3.23E-05,0.04728531,N,
4807,Endosulfan I,115-29-7,FishRtgut,20,384,1.07E-07,2.28E-06,3.11E-05,0.073540874,N,
4808,Endrin,72-20-8,FishRtgut,20,384,2.92E-07,1.51E-07,3.50E-05,0.004325509,N,
4809,Ethion,563-12-2,FishRtgut,20,384,2.03E-07,2.42E-07,3.51E-05,0.00691824,N,
4810,Heptachlor,76-44-8,FishRtgut,20,384,4.94E-07,5.37E-08,3.55E-05,0.001518687,N,
4811,Heptachlor epoxide B,1024-57-3,FishRtgut,20,384,1.84E-07,2.70E-07,3.51E-05,0.007712633,N,
4812,Lindane,58-89-9,FishRtgut,20,384,1.04E-07,2.84E-06,3.03E-05,0.094344232,N,
4813,"Methoxychlor-o,p'",72-43-5,FishRtgut,20,384,2.05E-07,2.39E-07,3.51E-05,0.006833824,N,
4814,Parathion,56-38-2,FishRtgut,20,384,1.07E-07,2.28E-06,3.11E-05,0.073540874,N,
4815,Trifluralin,1582-09-8,FishRtgut,20,384,2.68E-07,1.71E-07,3.50E-05,0.004891678,N,
4816,Cisapride,81098-60-4,FishRtgut,20,384,1.95E-07,1.11E-05,3.20E-05,0.348668052,B,7.8
4817,Citalopram hydrobromide,59729-33-8,FishRtgut,20,384,8.18E-08,7.43E-06,2.73E-05,0.273502363,N,
4818,Dofetilide,115256-11-6,FishRtgut,20,384,3.17E-08,3.69E-05,3.84E-05,0.966086922,B,8.4
4819,Moxifloxacin hydrochloride,186826-86-8,FishRtgut,20,384,5.11E-09,3.93E-05,3.98E-05,0.991497925,A,6
4820,N-acetylpro-cainamide,32795-44-1,FishRtgut,20,384,7.23E-09,3.98E-05,3.99E-05,1.002238337,B,9.2
4821,Quinidine sulfate,50-54-4,FishRtgut,20,384,2.15E-07,3.09E-05,3.91E-05,0.792367969,B,9.3
4822,Sematilide,101526-83-4,FishRtgut,20,384,6.85E-09,3.98E-05,3.99E-05,1.002486851,B,9.1
4823,Sotalol hydrochloride,959-24-0,FishRtgut,20,384,5.22E-09,4.00E-05,4.00E-05,1.003740425,B,9
4824,Mifepristone,84371-65-3,FishRtgut,20,384,1.64E-07,3.05E-07,3.52E-05,0.008701422,N,
4825,Perfluorobutanesulfonic_acid,375-73-5,FishRtgut,20,384,5.03E-09,3.88E-05,4.00E-05,0.973537317,A,-2.9
4826,4_2_Fluorotelomer_sulfonic_acid,757124-72-4,FishRtgut,20,384,5.07E-09,3.77E-05,4.00E-05,0.947286791,A,1.4
4827,Perfluorononanoic_acid,375-95-1,FishRtgut,20,384,3.74E-08,1.56E-07,4.00E-05,0.00391147,A,0.1
4828,Perfluorohexanoic_acid,307-24-4,FishRtgut,20,384,4.55E-09,1.44E-06,4.00E-05,0.036254002,A,0.1
4829,Perfluorobutanoic_acid,375-22-4,FishRtgut,20,384,5.06E-09,3.79E-05,4.00E-05,0.9524002,A,0.1
4830,Perfluorooctanoic_acid,335-67-1,FishRtgut,20,384,4.60E-09,1.71E-06,4.00E-05,0.042892934,A,0.1
4831,6_2_Fluorotelomer_sulfonic_acid,27619-97-2,FishRtgut,20,384,5.28E-09,1.79E-05,4.00E-05,0.449792138,A,1.4
4832,8_2_Fluorotelomer_sulfonic_acid,39108-34-4,FishRtgut,20,384,4.56E-09,1.52E-06,4.00E-05,0.038042778,A,1.4
4833,Perfluoroundecanoic_acid,2058-94-8,FishRtgut,20,384,3.13E-08,1.73E-07,4.00E-05,0.004338169,A,0.1
4834,Perfluorooctanesulfonic_acid,1763-23-1,FishRtgut,20,384,3.13E-08,1.73E-07,4.00E-05,0.004338169,A,-2.9
4835,Perfluoroheptanoic_acid,375-85-9,FishRtgut,20,384,5.04E-09,6.67E-06,4.00E-05,0.167389596,A,0.1
4836,Perfluoropentanoic_acid,2706-90-3,FishRtgut,20,384,5.20E-09,3.22E-05,4.00E-05,0.807984127,A,0.1
4837,Perfluorohexanesulfonic_acid,355-46-4,FishRtgut,20,384,5.28E-09,2.43E-05,4.00E-05,0.611011736,A,-2.9
4838,Perfluorodecanoic_acid,335-76-2,FishRtgut,20,384,6.08E-08,1.17E-07,3.99E-05,0.002941431,A,0.1
4839,cyclosporine A,59865-13-3,FishRtgut,20,384,6.58E-08,1.14E-05,2.65E-05,0.429281369,N,
4840,chlorpromazine,50-53-3,FishRtgut,20,384,2.37E-06,2.11E-06,3.70E-05,0.057239633,B,9.4
4841,PBDE 47,5436-43-1,FishRtgut,20,384,6.88E-07,1.44E-08,3.66E-05,3.94E-04,N,
4842,PBDE 99,60348-60-9,FishRtgut,20,384,7.84E-07,5.01E-09,3.74E-05,1.34E-04,N,
4843,PBDE 153,68631-49-2,FishRtgut,20,384,8.51E-07,1.41E-09,3.81E-05,3.72E-05,N,
4844,amiodarone,1951-25-3,FishRtgut,20,384,1.19E-05,6.61E-08,2.73E-05,2.43E-03,B,9
4845,Azathioprine,446-86-6,FishRtgut,20,384,5.11E-09,3.89E-05,3.90E-05,1.002652934,A,8.2
4846,Benzocaine,94-09-7,FishRtgut,20,384,1.74E-08,2.87E-05,3.15E-05,0.914027016,N,
4847,Butylated hydroxyanisole,25013-16-5,FishRtgut,20,384,9.26996E-08,5.0752E-06,2.84023E-05,0.179388945,N,
4848,Cetirizine dihydrochloride,83881-52-1,FishRtgut,20,384,4.98E-09,3.98E-05,4.00E-05,0.999530617,A,4.7
4849,Cyclamate,139-05-9,FishRtgut,20,384,5.00E-09,4.00E-05,4.00E-05,1.003896591,B,17.6
4850,Cyclophosphamide,6055-19-2,FishRtgut,20,384,5.87E-09,3.75E-05,3.77E-05,0.998549143,B,6.1
4851,Cypermethrin,67375-30-8,FishRtgut,20,384,6.43E-07,2.09E-08,3.63E-05,5.77E-04,N,
4852,DEET,134-62-3,FishRtgut,20,384,2.74E-08,2.40E-05,2.92E-05,0.825481961,N,
4853,Dexamethasone,50-02-2,FishRtgut,20,384,1.90E-08,2.79E-05,3.11E-05,0.901191512,N,
4854,Digoxin,20830-75-5,FishRtgut,20,384,8.43E-09,3.45E-05,3.53E-05,0.981824932,N,
4855,Fenazaquin,120928-09-8,FishRtgut,20,384,3.15E-07,1.35E-07,3.50E-05,0.003864529,N,
4856,Fenbuconazole,114369-43-6,FishRtgut,20,384,8.34E-08,7.07E-06,2.74E-05,0.259022637,N,
4857,Fluazinam,79622-59-6,FishRtgut,20,384,1.11E-07,1.56E-06,3.23E-05,0.048411384,N,
4858,Furosemide,54-31-9,FishRtgut,20,384,5.12E-09,3.58E-05,4.00E-05,0.898416352,A,3
4859,Glybenclamide,10238-21-8,FishRtgut,20,384,7.06E-09,4.44E-07,4.00E-05,0.011159392,A,5
4860,HC Red 3,2871-01-4,FishRtgut,20,384,5.15E-09,3.87E-05,3.88E-05,1.002502993,N,
4861,Hydralazine hydrochloride,304-20-1,FishRtgut,20,384,5.94E-09,3.74E-05,3.76E-05,0.998089327,B,6
4862,Ketoconazole,65277-42-1,FishRtgut,20,384,1.34E-07,8.38E-07,3.44E-05,0.024476679,B,6.6
4863,Metformin,1115-70-4,FishRtgut,20,384,4.99E-09,4.00E-05,4.00E-05,1.003904573,B,9.6
4864,Metoclopramide,364-62-5,FishRtgut,20,384,6.66E-08,3.68E-05,3.92E-05,0.941954217,B,9
4865,Nitrofurantoin,67-20-9,FishRtgut,20,384,4.98E-09,3.97E-05,3.97E-05,1.003643055,A,7.3
4866,Oxytetracycline hydrochloride,2058-46-0,FishRtgut,20,384,4.97E-09,4.00E-05,4.00E-05,1.003897602,A,4.5
4867,Panthenol,16485-10-2 ,FishRtgut,20,384,4.96E-09,3.97E-05,3.97E-05,1.003798496,N,
4868,Paracetamol,103-90-2,FishRtgut,20,384,5.44E-09,3.81E-05,3.82E-05,1.000752536,N,
4869,Topiramate,97240-79-4,FishRtgut,20,384,4.96E-09,3.98E-05,3.98E-05,1.003879421,A,9.2
4870,Trimellitic anhydride,552-30-7,FishRtgut,20,384,5.03E-09,3.89E-05,4.00E-05,0.976348624,A,3.3
4871,Verapamil hydrochloride,152-11-4,FishRtgut,20,384,6.83E-07,5.30E-06,3.86E-05,0.137922605,B,9.2
4872,Warfarin,129-06-6,FishRtgut,20,384,4.09E-08,1.89E-05,2.74E-05,0.69115041,N,
4873,Caffeine,58-08-2,FishRtgill,20,384,2.66E-09,3.90E-05,3.91E-05,1.003048724,N,
4874,Lamotrigine,84057-84-1,FishRtgill,20,384,2.61E-08,1.87E-05,2.79E-05,0.672055828,B,6.6
4875,Diclofenac,15307-79-6,FishRtgill,20,384,2.99E-09,4.00E-05,4.00E-05,1.00348969,B,17.6
4876,"2,4-Dichlorophenoxyacetic",94-75-7,FishRtgill,20,384,2.78E-09,2.19E-05,4.00E-05,0.549870884,A,2.7
4877,(S)-Naproxen,22204-53-1,FishRtgill,20,384,2.81E-09,1.30E-05,4.00E-05,0.325599324,A,4.4
4878,Ibuprofen,15687-27-1,FishRtgill,20,384,3.37E-09,4.30E-06,3.98E-05,0.108453046,A,5.4
4879,Torasemide,56211-40-6,FishRtgill,20,384,2.72E-09,9.19E-06,4.00E-05,0.230791787,A,4
4880,Warfarin,81-81-2,FishRtgill,20,384,2.82E-09,2.46E-05,4.00E-05,0.616902939,A,4.5
4881,di-n-butylphthalate,84-74-2,FishRtgill,20,384,6.27E-08,4.14E-07,3.55E-05,0.01170014,N,
4882,hexachlorophene,70-30-4,FishRtgill,20,384,2.92E-07,2.47E-08,3.90E-05,6.35E-04,A,6.2
4883,hexamethylenetetramine,100-97-0,FishRtgill,20,384,2.41E-09,3.68E-05,3.68E-05,1.003871452,B,6.4
4884,Malathion,121-75-5,FishRtgill,20,384,1.84E-08,2.10E-05,2.81E-05,0.751029015,N,
4885,pentachlorophenol,87-86-5,FishRtgill,20,384,5.51E-09,3.52E-07,4.00E-05,0.008849317,A,5
4886,"2,2,2-trichloroethanol",115-20-8,FishRtgill,20,384,4.77E-09,3.05E-05,3.15E-05,0.971529898,N,
4887,diethylphthalate,84-66-2,FishRtgill,20,384,2.04E-08,1.96E-05,2.76E-05,0.71196546,N,
4888,4-chlorophenol,106-48-9,FishRtgill,20,384,1.91E-08,2.04E-05,2.78E-05,0.736795306,N,
4889,permethrin,52645-53-1,FishRtgill,20,384,3.23E-07,2.64E-08,3.64E-05,0.000729322,N,
4890,Aniline,62-53-3,FishRtgill,20,384,3.34E-09,3.61E-05,3.65E-05,0.994668488,N,
4891,4-fluoroaniline,371-40-4,FishRtgill,20,384,3.93E-09,3.45E-05,3.51E-05,0.986966426,N,
4892,"2,4,6-trichlorophenol",88-06-2,FishRtgill,20,384,1.71E-08,4.24E-06,3.72E-05,0.114648247,A,6.8
4893,Allyl alcohol,107-18-6,FishRtgill,20,384,2.54E-09,3.61E-05,3.62E-05,1.002358012,N,
4894,N-methylaniline,100-61-8,FishRtgill,20,384,6.49E-09,2.89E-05,3.06E-05,0.946971232,N,
4895,"3,4-dichloroaniline",95-76-1,FishRtgill,20,384,2.74E-08,1.52E-05,2.67E-05,0.570648432,N,
4896,4-decylaniline,37529-30-9,FishRtgill,20,384,2.96E-07,3.68E-08,3.61E-05,0.001023937,N,
4897,naphthalene,91-20-3,FishRtgill,20,384,3.96E-08,5.45E-06,2.41E-05,0.227230992,N,
4898,"1,2,4-trichlorobenzene",120-82-1,FishRtgill,20,384,2.31E-08,6.45E-07,1.28E-05,0.050740255,N,
4899,"1,2-dichlorobenzene",95-50-1,FishRtgill,20,384,1.14E-08,1.17E-06,6.65E-06,0.175780755,N,
4900,dichloromethane,75-09-2,FishRtgill,20,384,3.00E-10,2.37E-06,2.42E-06,0.982349427,N,
4901,tetrachloroethylene,127-18-4,FishRtgill,20,384,4.39E-09,4.79E-07,2.58E-06,0.186778431,N,
4902,"2,3-dimethyl-1,3-butadiene",513-81-5,FishRtgill,20,384,7.68E-11,1.79E-08,5.26E-08,0.341718023,N,
4903,Eugenol F,97-53-0,FishRtgill,20,384,1.63E-08,2.25E-05,2.85E-05,0.790621879,N,
4904,Methyl-antranilate,134-20-3,FishRtgill,20,384,9.41E-09,2.84E-05,3.13E-05,0.909918026,N,
4905,Lilyfore,285977-85-7,FishRtgill,20,384,4.41E-08,6.96E-06,2.75E-05,0.254308513,N,
4906,Damascone beta,23726-91-2,FishRtgill,20,384,5.98E-08,8.30E-07,3.36E-05,0.024828186,N,
4907,Veloutone,14595-54-1,FishRtgill,20,384,1.33E-07,1.85E-07,3.51E-05,0.005298327,N,
4908,Verdox,82356-51-2,FishRtgill,20,384,3.14974E-07,2.89299E-08,3.61889E-05,0.000802543,N,
4909,Nirvanol,1506-02-1,FishRtgill,20,384,1.95348E-07,1.02534E-07,3.52701E-05,0.002918496,N,
4910,Cetalox,3738-00-9,FishRtgill,20,384,1.46E-07,1.53E-07,3.42E-05,0.00450852,N,
4911,Tonalide,21145-77-7,FishRtgill,20,384,1.95E-07,1.03E-07,3.53E-05,0.002918496,N,
4912,"2,4-Dinitrophenol",51-28-5,FishRtgill,20,384,2.66E-09,3.82E-05,4.00E-05,0.958172353,A,4.1
4913,Aldrin,309-00-2,FishRtgill,20,384,3.22E-07,2.63E-08,3.62E-05,0.000729322,N,
4914,Azinphos-methyl,86-50-0,FishRtgill,20,384,2.93E-08,1.41E-05,2.66E-05,0.533919875,N,
4915,Chlorpyrifos,2921-88-2,FishRtgill,20,384,9.46E-08,2.77E-07,3.52E-05,0.007897835,N,
4916,"DDD-p,p'",50-29-3,FishRtgill,20,384,3.76E-07,1.19E-08,3.71E-05,3.21E-04,N,
4917,"DDT-o,p'",789-02-6,FishRtgill,20,384,3.32E-07,2.36E-08,3.65E-05,6.49E-04,N,
4918,"DDT-p,p'",72-54-8,FishRtgill,20,384,2.64E-07,5.22E-08,3.57E-05,0.001466675,N,
4919,Diazinon,333-41-5,FishRtgill,20,384,5.62E-08,2.38E-06,3.10E-05,0.07698005,N,
4920,Dicofol,115-32-2,FishRtgill,20,384,1.01E-07,2.58E-07,3.52E-05,0.007351781,N,
4921,Dieldrin,60-57-1,FishRtgill,20,384,1.13E-07,2.28E-07,3.52E-05,0.006503656,N,
4922,Disulfoton,298-04-4,FishRtgill,20,384,5.87E-08,1.53E-06,3.24E-05,0.04728531,N,
4923,Endosulfan I,115-29-7,FishRtgill,20,384,5.65E-08,2.28E-06,3.11E-05,0.073540874,N,
4924,Endrin,72-20-8,FishRtgill,20,384,1.54E-07,1.51E-07,3.51E-05,0.004325509,N,
4925,Ethion,563-12-2,FishRtgill,20,384,1.07E-07,2.42E-07,3.52E-05,0.00691824,N,
4926,Heptachlor,76-44-8,FishRtgill,20,384,2.61E-07,5.40E-08,3.57E-05,0.001518687,N,
4927,Heptachlor epoxide B,1024-57-3,FishRtgill,20,384,9.68E-08,2.71E-07,3.52E-05,0.007712633,N,
4928,Lindane,58-89-9,FishRtgill,20,384,5.46E-08,2.85E-06,3.03E-05,0.094344232,N,
4929,"Methoxychlor-o,p'",72-43-5,FishRtgill,20,384,1.08E-07,2.39E-07,3.52E-05,0.006833824,N,
4930,Parathion,56-38-2,FishRtgill,20,384,5.65E-08,2.28E-06,3.11E-05,0.073540874,N,
4931,Trifluralin,1582-09-8,FishRtgill,20,384,1.41E-07,1.71E-07,3.51E-05,0.004891678,N,
4932,Cisapride,81098-60-4,FishRtgill,20,384,1.03E-07,1.11E-05,3.20E-05,0.348668052,B,7.8
4933,Citalopram hydrobromide,59729-33-8,FishRtgill,20,384,4.30E-08,7.44E-06,2.73E-05,0.273502363,N,
4934,Dofetilide,115256-11-6,FishRtgill,20,384,1.67E-08,3.69E-05,3.84E-05,0.966086922,B,8.4
4935,Moxifloxacin hydrochloride,186826-86-8,FishRtgill,20,384,2.68E-09,3.93E-05,3.98E-05,0.991497925,A,6
4936,N-acetylpro-cainamide,32795-44-1,FishRtgill,20,384,3.80E-09,3.99E-05,3.99E-05,1.002238337,B,9.2
4937,Quinidine sulfate,50-54-4,FishRtgill,20,384,1.13E-07,3.09E-05,3.92E-05,0.792367969,B,9.3
4938,Sematilide,101526-83-4,FishRtgill,20,384,3.60E-09,3.99E-05,3.99E-05,1.002486851,B,9.1
4939,Sotalol hydrochloride,959-24-0,FishRtgill,20,384,2.74E-09,4.00E-05,4.00E-05,1.003740425,B,9
4940,Mifepristone,84371-65-3,FishRtgill,20,384,8.61E-08,3.06E-07,3.53E-05,0.008701422,N,
4941,Perfluorobutanesulfonic_acid,375-73-5,FishRtgill,20,384,2.64E-09,3.88E-05,4.00E-05,0.973537317,A,-2.9
4942,4_2_Fluorotelomer_sulfonic_acid,757124-72-4,FishRtgill,20,384,2.66E-09,3.77E-05,4.00E-05,0.947286791,A,1.4
4943,Perfluorononanoic_acid,375-95-1,FishRtgill,20,384,1.96E-08,1.56E-07,4.00E-05,0.00391147,A,0.1
4944,Perfluorohexanoic_acid,307-24-4,FishRtgill,20,384,2.39E-09,1.44E-06,4.00E-05,0.036254002,A,0.1
4945,Perfluorobutanoic_acid,375-22-4,FishRtgill,20,384,2.66E-09,3.79E-05,4.00E-05,0.9524002,A,0.1
4946,Perfluorooctanoic_acid,335-67-1,FishRtgill,20,384,2.41E-09,1.71E-06,4.00E-05,0.042892934,A,0.1
4947,6_2_Fluorotelomer_sulfonic_acid,27619-97-2,FishRtgill,20,384,2.77E-09,1.79E-05,4.00E-05,0.449792138,A,1.4
4948,8_2_Fluorotelomer_sulfonic_acid,39108-34-4,FishRtgill,20,384,2.40E-09,1.52E-06,4.00E-05,0.038042778,A,1.4
4949,Perfluoroundecanoic_acid,2058-94-8,FishRtgill,20,384,1.65E-08,1.73E-07,4.00E-05,0.004338169,A,0.1
4950,Perfluorooctanesulfonic_acid,1763-23-1,FishRtgill,20,384,1.65E-08,1.73E-07,4.00E-05,0.004338169,A,-2.9
4951,Perfluoroheptanoic_acid,375-85-9,FishRtgill,20,384,2.64E-09,6.67E-06,4.00E-05,0.167389596,A,0.1
4952,Perfluoropentanoic_acid,2706-90-3,FishRtgill,20,384,2.73E-09,3.22E-05,4.00E-05,0.807984127,A,0.1
4953,Perfluorohexanesulfonic_acid,355-46-4,FishRtgill,20,384,2.77E-09,2.43E-05,4.00E-05,0.611011736,A,-2.9
4954,Perfluorodecanoic_acid,335-76-2,FishRtgill,20,384,3.20E-08,1.17E-07,4.00E-05,0.002941431,A,0.1
4955,cyclosporine A,59865-13-3,FishRtgill,20,384,3.46E-08,1.14E-05,2.66E-05,0.429281369,N,
4956,chlorpromazine,50-53-3,FishRtgill,20,384,1.28E-06,2.17E-06,3.81E-05,0.057239633,B,9.4
4957,PBDE 47,5436-43-1,FishRtgill,20,384,3.64E-07,1.45E-08,3.69E-05,3.94E-04,N,
4958,PBDE 99,60348-60-9,FishRtgill,20,384,4.16E-07,5.05E-09,3.77E-05,1.34E-04,N,
4959,PBDE 153,68631-49-2,FishRtgill,20,384,4.51E-07,1.42E-09,3.84E-05,3.72E-05,N,
4960,amiodarone,1951-25-3,FishRtgill,20,384,7.26E-06,7.70E-08,3.18E-05,2.43E-03,B,9
4961,Azathioprine,446-86-6,FishRtgill,20,384,2.68E-09,3.89E-05,3.90E-05,1.002652934,A,8.2
4962,Benzocaine,94-09-7,FishRtgill,20,384,9.15E-09,2.87E-05,3.15E-05,0.914027016,N,
4963,Butylated hydroxyanisole,25013-16-5,FishRtgill,20,384,4.87209E-08,5.08079E-06,2.84336E-05,0.179388945,N,
4964,Cetirizine dihydrochloride,83881-52-1,FishRtgill,20,384,2.62E-09,3.98E-05,4.00E-05,0.999530617,A,4.7
4965,Cyclamate,139-05-9,FishRtgill,20,384,2.63E-09,4.00E-05,4.00E-05,1.003896591,B,17.6
4966,Cyclophosphamide,6055-19-2,FishRtgill,20,384,3.08E-09,3.75E-05,3.77E-05,0.998549143,B,6.1
4967,Cypermethrin,67375-30-8,FishRtgill,20,384,3.40E-07,2.10E-08,3.66E-05,5.77E-04,N,
4968,DEET,134-62-3,FishRtgill,20,384,1.44E-08,2.40E-05,2.92E-05,0.825481961,N,
4969,Dexamethasone,50-02-2,FishRtgill,20,384,9.95E-09,2.79E-05,3.11E-05,0.901191512,N,
4970,Digoxin,20830-75-5,FishRtgill,20,384,4.43E-09,3.45E-05,3.53E-05,0.981824932,N,
4971,Fenazaquin,120928-09-8,FishRtgill,20,384,1.66E-07,1.35E-07,3.52E-05,0.003864529,N,
4972,Fenbuconazole,114369-43-6,FishRtgill,20,384,4.38E-08,7.08E-06,2.74E-05,0.259022637,N,
4973,Fluazinam,79622-59-6,FishRtgill,20,384,5.86E-08,1.56E-06,3.23E-05,0.048411384,N,
4974,Furosemide,54-31-9,FishRtgill,20,384,2.69E-09,3.58E-05,4.00E-05,0.898416352,A,3
4975,Glybenclamide,10238-21-8,FishRtgill,20,384,3.71E-09,4.44E-07,4.00E-05,0.011159392,A,5
4976,HC Red 3,2871-01-4,FishRtgill,20,384,2.70E-09,3.87E-05,3.88E-05,1.002502993,N,
4977,Hydralazine hydrochloride,304-20-1,FishRtgill,20,384,3.12E-09,3.74E-05,3.76E-05,0.998089327,B,6
4978,Ketoconazole,65277-42-1,FishRtgill,20,384,7.03E-08,8.39E-07,3.44E-05,0.024476679,B,6.6
4979,Metformin,1115-70-4,FishRtgill,20,384,2.62E-09,4.00E-05,4.00E-05,1.003904573,B,9.6
4980,Metoclopramide,364-62-5,FishRtgill,20,384,3.50E-08,3.68E-05,3.92E-05,0.941954217,B,9
4981,Nitrofurantoin,67-20-9,FishRtgill,20,384,2.61E-09,3.97E-05,3.97E-05,1.003643055,A,7.3
4982,Oxytetracycline hydrochloride,2058-46-0,FishRtgill,20,384,2.61E-09,4.00E-05,4.00E-05,1.003897602,A,4.5
4983,Panthenol,16485-10-2 ,FishRtgill,20,384,2.60E-09,3.97E-05,3.97E-05,1.003798496,N,
4984,Paracetamol,103-90-2,FishRtgill,20,384,2.86E-09,3.81E-05,3.82E-05,1.000752536,N,
4985,Topiramate,97240-79-4,FishRtgill,20,384,2.60E-09,3.98E-05,3.98E-05,1.003879421,A,9.2
4986,Trimellitic anhydride,552-30-7,FishRtgill,20,384,2.64E-09,3.89E-05,4.00E-05,0.976348624,A,3.3
4987,Verapamil hydrochloride,152-11-4,FishRtgill,20,384,3.61E-07,5.34E-06,3.89E-05,0.137922605,B,9.2
4988,Warfarin,129-06-6,FishRtgill,20,384,2.15E-08,1.89E-05,2.74E-05,0.69115041,N,
4989,Caffeine,58-08-2,Default,20,384,2.46E-08,3.90E-05,3.90E-05,1.003048724,N,
4990,Lamotrigine,84057-84-1,Default,20,384,2.38E-07,1.86E-05,2.78E-05,0.672055828,B,6.6
4991,Diclofenac,15307-79-6,Default,20,384,2.92E-08,4.00E-05,4.00E-05,1.00348969,B,17.6
4992,"2,4-Dichlorophenoxyacetic",94-75-7,Default,20,384,4.48E-08,2.19E-05,3.99E-05,0.549870884,A,2.7
4993,(S)-Naproxen,22204-53-1,Default,20,384,5.27E-08,1.29E-05,3.99E-05,0.325599324,A,4.4
4994,Ibuprofen,15687-27-1,Default,20,384,6.27E-08,4.30E-06,3.98E-05,0.108453046,A,5.4
4995,Torasemide,56211-40-6,Default,20,384,5.48E-08,9.18E-06,3.99E-05,0.230791787,A,4
4996,Warfarin,81-81-2,Default,20,384,4.26E-08,2.45E-05,3.99E-05,0.616902939,A,4.5
4997,di-n-butylphthalate,84-74-2,Default,20,384,5.56E-07,4.09E-07,3.51E-05,0.01170014,N,
4998,hexachlorophene,70-30-4,Default,20,384,3.66E-06,2.26E-08,3.57E-05,6.35E-04,A,6.2
4999,hexamethylenetetramine,100-97-0,Default,20,384,2.24E-08,3.68E-05,3.68E-05,1.003871452,B,6.4
5000,Malathion,121-75-5,Default,20,384,1.61E-07,2.09E-05,2.80E-05,0.751029015,N,
5001,pentachlorophenol,87-86-5,Default,20,384,1.18E-07,3.51E-07,3.99E-05,0.008849317,A,5
5002,"2,2,2-trichloroethanol",115-20-8,Default,20,384,4.25E-08,3.05E-05,3.15E-05,0.971529898,N,
5003,diethylphthalate,84-66-2,Default,20,384,1.78E-07,1.95E-05,2.75E-05,0.71196546,N,
5004,4-chlorophenol,106-48-9,Default,20,384,1.67E-07,2.03E-05,2.77E-05,0.736795306,N,
5005,permethrin,52645-53-1,Default,20,384,2.78E-06,2.48E-08,3.41E-05,0.000729322,N,
5006,Aniline,62-53-3,Default,20,384,3.04E-08,3.61E-05,3.64E-05,0.994668488,N,
5007,4-fluoroaniline,371-40-4,Default,20,384,3.54E-08,3.44E-05,3.50E-05,0.986966426,N,
5008,"2,4,6-trichlorophenol",88-06-2,Default,20,384,1.75E-07,4.23E-06,3.70E-05,0.114648247,A,6.8
5009,Allyl alcohol,107-18-6,Default,20,384,2.35E-08,3.61E-05,3.62E-05,1.002358012,N,
5010,N-methylaniline,100-61-8,Default,20,384,5.74E-08,2.89E-05,3.06E-05,0.946971232,N,
5011,"3,4-dichloroaniline",95-76-1,Default,20,384,2.40E-07,1.51E-05,2.65E-05,0.570648432,N,
5012,4-decylaniline,37529-30-9,Default,20,384,2.56E-06,3.47E-08,3.40E-05,0.001023937,N,
5013,naphthalene,91-20-3,Default,20,384,3.48E-07,5.41E-06,2.39E-05,0.227230992,N,
5014,"1,2,4-trichlorobenzene",120-82-1,Default,20,384,2.05E-07,6.42E-07,1.27E-05,0.050740255,N,
5015,"1,2-dichlorobenzene",95-50-1,Default,20,384,1.01E-07,1.16E-06,6.64E-06,0.175780755,N,
5016,dichloromethane,75-09-2,Default,20,384,2.69E-09,2.37E-06,2.42E-06,0.982349427,N,
5017,tetrachloroethylene,127-18-4,Default,20,384,3.88E-08,4.79E-07,2.57E-06,0.186778431,N,
5018,"2,3-dimethyl-1,3-butadiene",513-81-5,Default,20,384,6.77E-10,1.79E-08,5.26E-08,0.341718023,N,
5019,Eugenol F,97-53-0,Default,20,384,1.42E-07,2.24E-05,2.85E-05,0.790621879,N,
5020,Methyl-antranilate,134-20-3,Default,20,384,8.27E-08,2.84E-05,3.13E-05,0.909918026,N,
5021,Lilyfore,285977-85-7,Default,20,384,3.86E-07,6.90E-06,2.73E-05,0.254308513,N,
5022,Damascone beta,23726-91-2,Default,20,384,5.28E-07,8.21E-07,3.32E-05,0.024828186,N,
5023,Veloutone,14595-54-1,Default,20,384,1.17E-06,1.80E-07,3.42E-05,0.005298327,N,
5024,Verdox,82356-51-2,Default,20,384,2.71769E-06,2.71784E-08,3.39978E-05,0.000802543,N,
5025,Nirvanol,1506-02-1,Default,20,384,1.71025E-06,9.86319E-08,3.39277E-05,0.002918496,N,
5026,Cetalox,3738-00-9,Default,20,384,1.28E-06,1.49E-07,3.32E-05,0.00450852,N,
5027,Tonalide,21145-77-7,Default,20,384,1.71E-06,9.86E-08,3.39E-05,0.002918496,N,
5028,"2,4-Dinitrophenol",51-28-5,Default,20,384,2.70E-08,3.81E-05,4.00E-05,0.958172353,A,4.1
5029,Aldrin,309-00-2,Default,20,384,2.78E-06,2.47E-08,3.40E-05,0.000729322,N,
5030,Azinphos-methyl,86-50-0,Default,20,384,2.56E-07,1.41E-05,2.64E-05,0.533919875,N,
5031,Chlorpyrifos,2921-88-2,Default,20,384,8.37E-07,2.72E-07,3.46E-05,0.007897835,N,
5032,"DDD-p,p'",50-29-3,Default,20,384,3.22E-06,1.10E-08,3.44E-05,3.21E-04,N,
5033,"DDT-o,p'",789-02-6,Default,20,384,2.86E-06,2.21E-08,3.42E-05,6.49E-04,N,
5034,"DDT-p,p'",72-54-8,Default,20,384,2.29E-06,4.96E-08,3.39E-05,0.001466675,N,
5035,Diazinon,333-41-5,Default,20,384,4.94E-07,2.35E-06,3.07E-05,0.07698005,N,
5036,Dicofol,115-32-2,Default,20,384,8.95E-07,2.53E-07,3.45E-05,0.007351781,N,
5037,Dieldrin,60-57-1,Default,20,384,9.96E-07,2.23E-07,3.44E-05,0.006503656,N,
5038,Disulfoton,298-04-4,Default,20,384,5.17E-07,1.51E-06,3.20E-05,0.04728531,N,
5039,Endosulfan I,115-29-7,Default,20,384,4.97E-07,2.26E-06,3.08E-05,0.073540874,N,
5040,Endrin,72-20-8,Default,20,384,1.36E-06,1.47E-07,3.41E-05,0.004325509,N,
5041,Ethion,563-12-2,Default,20,384,9.45E-07,2.37E-07,3.44E-05,0.00691824,N,
5042,Heptachlor,76-44-8,Default,20,384,2.26E-06,5.13E-08,3.39E-05,0.001518687,N,
5043,Heptachlor epoxide B,1024-57-3,Default,20,384,8.56E-07,2.65E-07,3.46E-05,0.007712633,N,
5044,Lindane,58-89-9,Default,20,384,4.80E-07,2.82E-06,3.00E-05,0.094344232,N,
5045,"Methoxychlor-o,p'",72-43-5,Default,20,384,9.55E-07,2.34E-07,3.44E-05,0.006833824,N,
5046,Parathion,56-38-2,Default,20,384,4.97E-07,2.26E-06,3.08E-05,0.073540874,N,
5047,Trifluralin,1582-09-8,Default,20,384,1.24E-06,1.66E-07,3.41E-05,0.004891678,N,
5048,Cisapride,81098-60-4,Default,20,384,1.10E-06,1.08E-05,3.12E-05,0.348668052,B,7.8
5049,Citalopram hydrobromide,59729-33-8,Default,20,384,3.77E-07,7.38E-06,2.71E-05,0.273502363,N,
5050,Dofetilide,115256-11-6,Default,20,384,1.94E-07,3.68E-05,3.82E-05,0.966086922,B,8.4
5051,Moxifloxacin hydrochloride,186826-86-8,Default,20,384,2.55E-08,3.93E-05,3.98E-05,0.991497925,A,6
5052,N-acetylpro-cainamide,32795-44-1,Default,20,384,3.94E-08,3.98E-05,3.99E-05,1.002238337,B,9.2
5053,Quinidine sulfate,50-54-4,Default,20,384,1.39E-06,2.99E-05,3.79E-05,0.792367969,B,9.3
5054,Sematilide,101526-83-4,Default,20,384,3.68E-08,3.98E-05,3.99E-05,1.002486851,B,9.1
5055,Sotalol hydrochloride,959-24-0,Default,20,384,2.59E-08,3.99E-05,3.99E-05,1.003740425,B,9
5056,Mifepristone,84371-65-3,Default,20,384,7.63E-07,3.01E-07,3.47E-05,0.008701422,N,
5057,Perfluorobutanesulfonic_acid,375-73-5,Default,20,384,2.61E-08,3.88E-05,4.00E-05,0.973537317,A,-2.9
5058,4_2_Fluorotelomer_sulfonic_acid,757124-72-4,Default,20,384,2.76E-08,3.77E-05,4.00E-05,0.947286791,A,1.4
5059,Perfluorononanoic_acid,375-95-1,Default,20,384,4.55E-07,1.54E-07,3.95E-05,0.00391147,A,0.1
5060,Perfluorohexanoic_acid,307-24-4,Default,20,384,5.45E-08,1.44E-06,3.99E-05,0.036254002,A,0.1
5061,Perfluorobutanoic_acid,375-22-4,Default,20,384,2.73E-08,3.79E-05,4.00E-05,0.9524002,A,0.1
5062,Perfluorooctanoic_acid,335-67-1,Default,20,384,5.49E-08,1.71E-06,3.99E-05,0.042892934,A,0.1
5063,6_2_Fluorotelomer_sulfonic_acid,27619-97-2,Default,20,384,4.83E-08,1.79E-05,3.99E-05,0.449792138,A,1.4
5064,8_2_Fluorotelomer_sulfonic_acid,39108-34-4,Default,20,384,5.46E-08,1.51E-06,3.99E-05,0.038042778,A,1.4
5065,Perfluoroundecanoic_acid,2058-94-8,Default,20,384,3.82E-07,1.71E-07,3.96E-05,0.004338169,A,0.1
5066,Perfluorooctanesulfonic_acid,1763-23-1,Default,20,384,3.82E-07,1.71E-07,3.96E-05,0.004338169,A,-2.9
5067,Perfluoroheptanoic_acid,375-85-9,Default,20,384,5.57E-08,6.66E-06,3.99E-05,0.167389596,A,0.1
5068,Perfluoropentanoic_acid,2706-90-3,Default,20,384,3.42E-08,3.22E-05,4.00E-05,0.807984127,A,0.1
5069,Perfluorohexanesulfonic_acid,355-46-4,Default,20,384,4.25E-08,2.43E-05,4.00E-05,0.611011736,A,-2.9
5070,Perfluorodecanoic_acid,335-76-2,Default,20,384,7.35E-07,1.15E-07,3.93E-05,0.002941431,A,0.1
5071,cyclosporine A,59865-13-3,Default,20,384,3.03E-07,1.13E-05,2.64E-05,0.429281369,N,
5072,chlorpromazine,50-53-3,Default,20,384,1.19E-05,1.58E-06,2.76E-05,0.057239633,B,9.4
5073,PBDE 47,5436-43-1,Default,20,384,3.13E-06,1.35E-08,3.43E-05,3.94E-04,N,
5074,PBDE 99,60348-60-9,Default,20,384,3.55E-06,4.65E-09,3.48E-05,1.34E-04,N,
5075,PBDE 153,68631-49-2,Default,20,384,3.85E-06,1.30E-09,3.51E-05,3.72E-05,N,
5076,amiodarone,1951-25-3,Default,20,384,2.95E-05,2.47E-08,1.02E-05,2.43E-03,B,9
5077,Azathioprine,446-86-6,Default,20,384,2.49E-08,3.89E-05,3.90E-05,1.002652934,A,8.2
5078,Benzocaine,94-09-7,Default,20,384,8.05E-08,2.86E-05,3.14E-05,0.914027016,N,
5079,Butylated hydroxyanisole,25013-16-5,Default,20,384,4.2732E-07,5.03264E-06,2.81642E-05,0.179388945,N,
5080,Cetirizine dihydrochloride,83881-52-1,Default,20,384,2.46E-08,3.98E-05,4.00E-05,0.999530617,A,4.7
5081,Cyclamate,139-05-9,Default,20,384,2.45E-08,4.00E-05,4.00E-05,1.003896591,B,17.6
5082,Cyclophosphamide,6055-19-2,Default,20,384,2.83E-08,3.75E-05,3.77E-05,0.998549143,B,6.1
5083,Cypermethrin,67375-30-8,Default,20,384,2.92E-06,1.97E-08,3.42E-05,5.77E-04,N,
5084,DEET,134-62-3,Default,20,384,1.26E-07,2.39E-05,2.91E-05,0.825481961,N,
5085,Dexamethasone,50-02-2,Default,20,384,8.75E-08,2.78E-05,3.10E-05,0.901191512,N,
5086,Digoxin,20830-75-5,Default,20,384,3.97E-08,3.45E-05,3.53E-05,0.981824932,N,
5087,Fenazaquin,120928-09-8,Default,20,384,1.46E-06,1.31E-07,3.40E-05,0.003864529,N,
5088,Fenbuconazole,114369-43-6,Default,20,384,3.84E-07,7.02E-06,2.72E-05,0.259022637,N,
5089,Fluazinam,79622-59-6,Default,20,384,5.16E-07,1.54E-06,3.20E-05,0.048411384,N,
5090,Furosemide,54-31-9,Default,20,384,3.00E-08,3.58E-05,4.00E-05,0.898416352,A,3
5091,Glybenclamide,10238-21-8,Default,20,384,7.96E-08,4.43E-07,3.99E-05,0.011159392,A,5
5092,HC Red 3,2871-01-4,Default,20,384,2.50E-08,3.87E-05,3.88E-05,1.002502993,N,
5093,Hydralazine hydrochloride,304-20-1,Default,20,384,2.86E-08,3.73E-05,3.75E-05,0.998089327,B,6
5094,Ketoconazole,65277-42-1,Default,20,384,6.45E-07,8.27E-07,3.39E-05,0.024476679,B,6.6
5095,Metformin,1115-70-4,Default,20,384,2.44E-08,4.00E-05,4.00E-05,1.003904573,B,9.6
5096,Metoclopramide,364-62-5,Default,20,384,4.30E-07,3.65E-05,3.88E-05,0.941954217,B,9
5097,Nitrofurantoin,67-20-9,Default,20,384,2.43E-08,3.97E-05,3.97E-05,1.003643055,A,7.3
5098,Oxytetracycline hydrochloride,2058-46-0,Default,20,384,2.43E-08,4.00E-05,4.00E-05,1.003897602,A,4.5
5099,Panthenol,16485-10-2 ,Default,20,384,2.42E-08,3.96E-05,3.97E-05,1.003798496,N,
5100,Paracetamol,103-90-2,Default,20,384,2.63E-08,3.80E-05,3.82E-05,1.000752536,N,
5101,Topiramate,97240-79-4,Default,20,384,2.42E-08,3.98E-05,3.98E-05,1.003879421,A,9.2
5102,Trimellitic anhydride,552-30-7,Default,20,384,2.60E-08,3.89E-05,4.00E-05,0.976348624,A,3.3
5103,Verapamil hydrochloride,152-11-4,Default,20,384,4.16E-06,4.83E-06,3.52E-05,0.137922605,B,9.2
5104,Warfarin,129-06-6,Default,20,384,1.88E-07,1.88E-05,2.73E-05,0.69115041,N,
5105,Caffeine,58-08-2,MCF7,20,384,5.42E-08,3.90E-05,3.90E-05,1.003048724,N,
5106,Lamotrigine,84057-84-1,MCF7,20,384,1.45E-07,1.86E-05,2.78E-05,0.672055828,B,6.6
5107,Diclofenac,15307-79-6,MCF7,20,384,6.13E-08,3.99E-05,3.99E-05,1.00348969,B,17.6
5108,"2,4-Dichlorophenoxyacetic",94-75-7,MCF7,20,384,3.94E-08,2.19E-05,4.00E-05,0.549870884,A,2.7
5109,(S)-Naproxen,22204-53-1,MCF7,20,384,3.10E-08,1.30E-05,3.99E-05,0.325599324,A,4.4
5110,Ibuprofen,15687-27-1,MCF7,20,384,2.36E-08,4.30E-06,3.98E-05,0.108453046,A,5.4
5111,Torasemide,56211-40-6,MCF7,20,384,2.70E-08,9.19E-06,4.00E-05,0.230791787,A,4
5112,Warfarin,81-81-2,MCF7,20,384,4.20E-08,2.45E-05,3.99E-05,0.616902939,A,4.5
5113,di-n-butylphthalate,84-74-2,MCF7,20,384,1.72E-07,4.13E-07,3.54E-05,0.01170014,N,
5114,hexachlorophene,70-30-4,MCF7,20,384,1.17E-06,2.41E-08,3.81E-05,6.35E-04,A,6.2
5115,hexamethylenetetramine,100-97-0,MCF7,20,384,5.09E-08,3.68E-05,3.68E-05,1.003871452,B,6.4
5116,Malathion,121-75-5,MCF7,20,384,7.45E-08,2.10E-05,2.80E-05,0.751029015,N,
5117,pentachlorophenol,87-86-5,MCF7,20,384,3.51E-08,3.52E-07,3.99E-05,0.008849317,A,5
5118,"2,2,2-trichloroethanol",115-20-8,MCF7,20,384,4.94E-08,3.04E-05,3.15E-05,0.971529898,N,
5119,diethylphthalate,84-66-2,MCF7,20,384,7.82E-08,1.95E-05,2.76E-05,0.71196546,N,
5120,4-chlorophenol,106-48-9,MCF7,20,384,7.57E-08,2.04E-05,2.78E-05,0.736795306,N,
5121,permethrin,52645-53-1,MCF7,20,384,8.94E-07,2.60E-08,3.58E-05,0.000729322,N,
5122,Aniline,62-53-3,MCF7,20,384,5.25E-08,3.61E-05,3.64E-05,0.994668488,N,
5123,4-fluoroaniline,371-40-4,MCF7,20,384,5.20E-08,3.44E-05,3.50E-05,0.986966426,N,
5124,"2,4,6-trichlorophenol",88-06-2,MCF7,20,384,5.83E-08,4.24E-06,3.71E-05,0.114648247,A,6.8
5125,Allyl alcohol,107-18-6,MCF7,20,384,5.03E-08,3.61E-05,3.61E-05,1.002358012,N,
5126,N-methylaniline,100-61-8,MCF7,20,384,5.21E-08,2.89E-05,3.06E-05,0.946971232,N,
5127,"3,4-dichloroaniline",95-76-1,MCF7,20,384,9.20E-08,1.51E-05,2.66E-05,0.570648432,N,
5128,4-decylaniline,37529-30-9,MCF7,20,384,8.19E-07,3.63E-08,3.56E-05,0.001023937,N,
5129,naphthalene,91-20-3,MCF7,20,384,1.14E-07,5.44E-06,2.40E-05,0.227230992,N,
5130,"1,2,4-trichlorobenzene",120-82-1,MCF7,20,384,6.39E-08,6.44E-07,1.27E-05,0.050740255,N,
5131,"1,2-dichlorobenzene",95-50-1,MCF7,20,384,3.24E-08,1.16E-06,6.65E-06,0.175780755,N,
5132,dichloromethane,75-09-2,MCF7,20,384,3.66E-09,2.37E-06,2.42E-06,0.982349427,N,
5133,tetrachloroethylene,127-18-4,MCF7,20,384,1.25E-08,4.79E-07,2.58E-06,0.186778431,N,
5134,"2,3-dimethyl-1,3-butadiene",513-81-5,MCF7,20,384,2.29E-10,1.79E-08,5.26E-08,0.341718023,N,
5135,Eugenol F,97-53-0,MCF7,20,384,7.06E-08,2.24E-05,2.85E-05,0.790621879,N,
5136,Methyl-antranilate,134-20-3,MCF7,20,384,5.93E-08,2.84E-05,3.13E-05,0.909918026,N,
5137,Lilyfore,285977-85-7,MCF7,20,384,1.28E-07,6.95E-06,2.74E-05,0.254308513,N,
5138,Damascone beta,23726-91-2,MCF7,20,384,1.64E-07,8.28E-07,3.35E-05,0.024828186,N,
5139,Veloutone,14595-54-1,MCF7,20,384,3.67E-07,1.84E-07,3.49E-05,0.005298327,N,
5140,Verdox,82356-51-2,MCF7,20,384,8.71776E-07,2.8524E-08,3.56811E-05,0.000802543,N,
5141,Nirvanol,1506-02-1,MCF7,20,384,5.39198E-07,1.01648E-07,3.49654E-05,0.002918496,N,
5142,Cetalox,3738-00-9,MCF7,20,384,4.02E-07,1.53E-07,3.40E-05,0.00450852,N,
5143,Tonalide,21145-77-7,MCF7,20,384,5.39E-07,1.02E-07,3.50E-05,0.002918496,N,
5144,"2,4-Dinitrophenol",51-28-5,MCF7,20,384,5.38E-08,3.81E-05,3.99E-05,0.958172353,A,4.1
5145,Aldrin,309-00-2,MCF7,20,384,8.91E-07,2.59E-08,3.57E-05,0.000729322,N,
5146,Azinphos-methyl,86-50-0,MCF7,20,384,9.59E-08,1.41E-05,2.66E-05,0.533919875,N,
5147,Chlorpyrifos,2921-88-2,MCF7,20,384,2.60E-07,2.76E-07,3.51E-05,0.007897835,N,
5148,"DDD-p,p'",50-29-3,MCF7,20,384,1.04E-06,1.17E-08,3.65E-05,3.21E-04,N,
5149,"DDT-o,p'",789-02-6,MCF7,20,384,9.18E-07,2.32E-08,3.59E-05,6.49E-04,N,
5150,"DDT-p,p'",72-54-8,MCF7,20,384,7.30E-07,5.16E-08,3.53E-05,0.001466675,N,
5151,Diazinon,333-41-5,MCF7,20,384,1.56E-07,2.37E-06,3.09E-05,0.07698005,N,
5152,Dicofol,115-32-2,MCF7,20,384,2.78E-07,2.57E-07,3.50E-05,0.007351781,N,
5153,Dieldrin,60-57-1,MCF7,20,384,3.11E-07,2.27E-07,3.50E-05,0.006503656,N,
5154,Disulfoton,298-04-4,MCF7,20,384,1.62E-07,1.52E-06,3.23E-05,0.04728531,N,
5155,Endosulfan I,115-29-7,MCF7,20,384,1.56E-07,2.27E-06,3.11E-05,0.073540874,N,
5156,Endrin,72-20-8,MCF7,20,384,4.25E-07,1.50E-07,3.49E-05,0.004325509,N,
5157,Ethion,563-12-2,MCF7,20,384,2.94E-07,2.41E-07,3.50E-05,0.00691824,N,
5158,Heptachlor,76-44-8,MCF7,20,384,7.21E-07,5.34E-08,3.53E-05,0.001518687,N,
5159,Heptachlor epoxide B,1024-57-3,MCF7,20,384,2.66E-07,2.69E-07,3.51E-05,0.007712633,N,
5160,Lindane,58-89-9,MCF7,20,384,1.52E-07,2.84E-06,3.02E-05,0.094344232,N,
5161,"Methoxychlor-o,p'",72-43-5,MCF7,20,384,2.97E-07,2.38E-07,3.50E-05,0.006833824,N,
5162,Parathion,56-38-2,MCF7,20,384,1.56E-07,2.28E-06,3.11E-05,0.073540874,N,
5163,Trifluralin,1582-09-8,MCF7,20,384,3.89E-07,1.70E-07,3.49E-05,0.004891678,N,
5164,Cisapride,81098-60-4,MCF7,20,384,1.19E-06,1.08E-05,3.12E-05,0.348668052,B,7.8
5165,Citalopram hydrobromide,59729-33-8,MCF7,20,384,1.25E-07,7.43E-06,2.73E-05,0.273502363,N,
5166,Dofetilide,115256-11-6,MCF7,20,384,2.56E-07,3.67E-05,3.82E-05,0.966086922,B,8.4
5167,Moxifloxacin hydrochloride,186826-86-8,MCF7,20,384,5.48E-08,3.93E-05,3.98E-05,0.991497925,A,6
5168,N-acetylpro-cainamide,32795-44-1,MCF7,20,384,7.39E-08,3.98E-05,3.98E-05,1.002238337,B,9.2
5169,Quinidine sulfate,50-54-4,MCF7,20,384,1.73E-06,2.97E-05,3.76E-05,0.792367969,B,9.3
5170,Sematilide,101526-83-4,MCF7,20,384,7.07E-08,3.98E-05,3.98E-05,1.002486851,B,9.1
5171,Sotalol hydrochloride,959-24-0,MCF7,20,384,5.72E-08,3.99E-05,3.99E-05,1.003740425,B,9
5172,Mifepristone,84371-65-3,MCF7,20,384,2.37E-07,3.05E-07,3.52E-05,0.008701422,N,
5173,Perfluorobutanesulfonic_acid,375-73-5,MCF7,20,384,5.43E-08,3.87E-05,3.99E-05,0.973537317,A,-2.9
5174,4_2_Fluorotelomer_sulfonic_acid,757124-72-4,MCF7,20,384,5.34E-08,3.77E-05,3.99E-05,0.947286791,A,1.4
5175,Perfluorononanoic_acid,375-95-1,MCF7,20,384,1.34E-07,1.55E-07,3.99E-05,0.00391147,A,0.1
5176,Perfluorohexanoic_acid,307-24-4,MCF7,20,384,1.76E-08,1.44E-06,4.00E-05,0.036254002,A,0.1
5177,Perfluorobutanoic_acid,375-22-4,MCF7,20,384,5.36E-08,3.79E-05,3.99E-05,0.9524002,A,0.1
5178,Perfluorooctanoic_acid,335-67-1,MCF7,20,384,1.81E-08,1.71E-06,4.00E-05,0.042892934,A,0.1
5179,6_2_Fluorotelomer_sulfonic_acid,27619-97-2,MCF7,20,384,3.56E-08,1.79E-05,4.00E-05,0.449792138,A,1.4
5180,8_2_Fluorotelomer_sulfonic_acid,39108-34-4,MCF7,20,384,1.77E-08,1.51E-06,4.00E-05,0.038042778,A,1.4
5181,Perfluoroundecanoic_acid,2058-94-8,MCF7,20,384,1.12E-07,1.72E-07,3.99E-05,0.004338169,A,0.1
5182,Perfluorooctanesulfonic_acid,1763-23-1,MCF7,20,384,1.12E-07,1.72E-07,3.99E-05,0.004338169,A,-2.9
5183,Perfluoroheptanoic_acid,375-85-9,MCF7,20,384,2.43E-08,6.66E-06,4.00E-05,0.167389596,A,0.1
5184,Perfluoropentanoic_acid,2706-90-3,MCF7,20,384,4.87E-08,3.21E-05,3.99E-05,0.807984127,A,0.1
5185,Perfluorohexanesulfonic_acid,355-46-4,MCF7,20,384,4.17E-08,2.43E-05,4.00E-05,0.611011736,A,-2.9
5186,Perfluorodecanoic_acid,335-76-2,MCF7,20,384,2.17E-07,1.17E-07,3.98E-05,0.002941431,A,0.1
5187,cyclosporine A,59865-13-3,MCF7,20,384,1.07E-07,1.13E-05,2.65E-05,0.429281369,N,
5188,chlorpromazine,50-53-3,MCF7,20,384,1.38E-05,1.47E-06,2.57E-05,0.057239633,B,9.4
5189,PBDE 47,5436-43-1,MCF7,20,384,1.01E-06,1.43E-08,3.63E-05,3.94E-04,N,
5190,PBDE 99,60348-60-9,MCF7,20,384,1.16E-06,4.96E-09,3.70E-05,1.34E-04,N,
5191,PBDE 153,68631-49-2,MCF7,20,384,1.26E-06,1.40E-09,3.77E-05,3.72E-05,N,
5192,amiodarone,1951-25-3,MCF7,20,384,3.11E-05,2.10E-08,8.66E-06,2.43E-03,B,9
5193,Azathioprine,446-86-6,MCF7,20,384,5.41E-08,3.89E-05,3.89E-05,1.002652934,A,8.2
5194,Benzocaine,94-09-7,MCF7,20,384,5.89E-08,2.86E-05,3.15E-05,0.914027016,N,
5195,Butylated hydroxyanisole,25013-16-5,MCF7,20,384,1.38003E-07,5.06944E-06,2.83701E-05,0.179388945,N,
5196,Cetirizine dihydrochloride,83881-52-1,MCF7,20,384,5.51E-08,3.98E-05,3.99E-05,0.999530617,A,4.7
5197,Cyclamate,139-05-9,MCF7,20,384,5.55E-08,3.99E-05,3.99E-05,1.003896591,B,17.6
5198,Cyclophosphamide,6055-19-2,MCF7,20,384,5.39E-08,3.74E-05,3.76E-05,0.998549143,B,6.1
5199,Cypermethrin,67375-30-8,MCF7,20,384,9.42E-07,2.07E-08,3.60E-05,5.77E-04,N,
5200,DEET,134-62-3,MCF7,20,384,6.74E-08,2.40E-05,2.92E-05,0.825481961,N,
5201,Dexamethasone,50-02-2,MCF7,20,384,6.01E-08,2.78E-05,3.10E-05,0.901191512,N,
5202,Digoxin,20830-75-5,MCF7,20,384,5.34E-08,3.45E-05,3.53E-05,0.981824932,N,
5203,Fenazaquin,120928-09-8,MCF7,20,384,4.57E-07,1.34E-07,3.49E-05,0.003864529,N,
5204,Fenbuconazole,114369-43-6,MCF7,20,384,1.27E-07,7.07E-06,2.74E-05,0.259022637,N,
5205,Fluazinam,79622-59-6,MCF7,20,384,1.61E-07,1.55E-06,3.22E-05,0.048411384,N,
5206,Furosemide,54-31-9,MCF7,20,384,5.18E-08,3.57E-05,3.99E-05,0.898416352,A,3
5207,Glybenclamide,10238-21-8,MCF7,20,384,2.38E-08,4.44E-07,3.99E-05,0.011159392,A,5
5208,HC Red 3,2871-01-4,MCF7,20,384,5.39E-08,3.87E-05,3.87E-05,1.002502993,N,
5209,Hydralazine hydrochloride,304-20-1,MCF7,20,384,5.38E-08,3.73E-05,3.75E-05,0.998089327,B,6
5210,Ketoconazole,65277-42-1,MCF7,20,384,3.45E-07,8.33E-07,3.42E-05,0.024476679,B,6.6
5211,Metformin,1115-70-4,MCF7,20,384,5.53E-08,3.99E-05,3.99E-05,1.003904573,B,9.6
5212,Metoclopramide,364-62-5,MCF7,20,384,5.53E-07,3.63E-05,3.87E-05,0.941954217,B,9
5213,Nitrofurantoin,67-20-9,MCF7,20,384,5.49E-08,3.97E-05,3.97E-05,1.003643055,A,7.3
5214,Oxytetracycline hydrochloride,2058-46-0,MCF7,20,384,5.52E-08,3.99E-05,3.99E-05,1.003897602,A,4.5
5215,Panthenol,16485-10-2 ,MCF7,20,384,5.48E-08,3.96E-05,3.96E-05,1.003798496,N,
5216,Paracetamol,103-90-2,MCF7,20,384,5.35E-08,3.80E-05,3.81E-05,1.000752536,N,
5217,Topiramate,97240-79-4,MCF7,20,384,5.50E-08,3.98E-05,3.98E-05,1.003879421,A,9.2
5218,Trimellitic anhydride,552-30-7,MCF7,20,384,5.44E-08,3.88E-05,3.99E-05,0.976348624,A,3.3
5219,Verapamil hydrochloride,152-11-4,MCF7,20,384,5.04E-06,4.71E-06,3.43E-05,0.137922605,B,9.2
5220,Warfarin,129-06-6,MCF7,20,384,8.03E-08,1.89E-05,2.74E-05,0.69115041,N,
5221,Caffeine,58-08-2,HCT116,20,384,1.26E-08,3.90E-05,3.91E-05,1.003048724,N,
5222,Lamotrigine,84057-84-1,HCT116,20,384,1.04E-07,1.87E-05,2.79E-05,0.672055828,B,6.6
5223,Diclofenac,15307-79-6,HCT116,20,384,1.47E-08,4.00E-05,4.00E-05,1.00348969,B,17.6
5224,"2,4-Dichlorophenoxyacetic",94-75-7,HCT116,20,384,1.85E-08,2.19E-05,4.00E-05,0.549870884,A,2.7
5225,(S)-Naproxen,22204-53-1,HCT116,20,384,2.07E-08,1.30E-05,4.00E-05,0.325599324,A,4.4
5226,Ibuprofen,15687-27-1,HCT116,20,384,2.40E-08,4.30E-06,3.98E-05,0.108453046,A,5.4
5227,Torasemide,56211-40-6,HCT116,20,384,2.12E-08,9.19E-06,4.00E-05,0.230791787,A,4
5228,Warfarin,81-81-2,HCT116,20,384,1.80E-08,2.45E-05,3.99E-05,0.616902939,A,4.5
5229,di-n-butylphthalate,84-74-2,HCT116,20,384,2.35E-07,4.12E-07,3.54E-05,0.01170014,N,
5230,hexachlorophene,70-30-4,HCT116,20,384,1.52E-06,2.39E-08,3.78E-05,6.35E-04,A,6.2
5231,hexamethylenetetramine,100-97-0,HCT116,20,384,1.15E-08,3.68E-05,3.68E-05,1.003871452,B,6.4
5232,Malathion,121-75-5,HCT116,20,384,6.93E-08,2.10E-05,2.80E-05,0.751029015,N,
5233,pentachlorophenol,87-86-5,HCT116,20,384,4.43E-08,3.52E-07,3.99E-05,0.008849317,A,5
5234,"2,2,2-trichloroethanol",115-20-8,HCT116,20,384,1.97E-08,3.05E-05,3.15E-05,0.971529898,N,
5235,diethylphthalate,84-66-2,HCT116,20,384,7.66E-08,1.95E-05,2.76E-05,0.71196546,N,
5236,4-chlorophenol,106-48-9,HCT116,20,384,7.18E-08,2.04E-05,2.78E-05,0.736795306,N,
5237,permethrin,52645-53-1,HCT116,20,384,1.21E-06,2.58E-08,3.55E-05,0.000729322,N,
5238,Aniline,62-53-3,HCT116,20,384,1.49E-08,3.61E-05,3.65E-05,0.994668488,N,
5239,4-fluoroaniline,371-40-4,HCT116,20,384,1.69E-08,3.45E-05,3.51E-05,0.986966426,N,
5240,"2,4,6-trichlorophenol",88-06-2,HCT116,20,384,7.22E-08,4.24E-06,3.71E-05,0.114648247,A,6.8
5241,Allyl alcohol,107-18-6,HCT116,20,384,1.19E-08,3.61E-05,3.62E-05,1.002358012,N,
5242,N-methylaniline,100-61-8,HCT116,20,384,2.59E-08,2.89E-05,3.06E-05,0.946971232,N,
5243,"3,4-dichloroaniline",95-76-1,HCT116,20,384,1.02E-07,1.51E-05,2.66E-05,0.570648432,N,
5244,4-decylaniline,37529-30-9,HCT116,20,384,1.11E-06,3.60E-08,3.53E-05,0.001023937,N,
5245,naphthalene,91-20-3,HCT116,20,384,1.48E-07,5.44E-06,2.40E-05,0.227230992,N,
5246,"1,2,4-trichlorobenzene",120-82-1,HCT116,20,384,8.67E-08,6.44E-07,1.27E-05,0.050740255,N,
5247,"1,2-dichlorobenzene",95-50-1,HCT116,20,384,4.27E-08,1.16E-06,6.65E-06,0.175780755,N,
5248,dichloromethane,75-09-2,HCT116,20,384,1.27E-09,2.37E-06,2.42E-06,0.982349427,N,
5249,tetrachloroethylene,127-18-4,HCT116,20,384,1.64E-08,4.79E-07,2.58E-06,0.186778431,N,
5250,"2,3-dimethyl-1,3-butadiene",513-81-5,HCT116,20,384,2.87E-10,1.79E-08,5.26E-08,0.341718023,N,
5251,Eugenol F,97-53-0,HCT116,20,384,6.15E-08,2.25E-05,2.85E-05,0.790621879,N,
5252,Methyl-antranilate,134-20-3,HCT116,20,384,3.66E-08,2.84E-05,3.13E-05,0.909918026,N,
5253,Lilyfore,285977-85-7,HCT116,20,384,1.64E-07,6.94E-06,2.74E-05,0.254308513,N,
5254,Damascone beta,23726-91-2,HCT116,20,384,2.24E-07,8.27E-07,3.34E-05,0.024828186,N,
5255,Veloutone,14595-54-1,HCT116,20,384,5.01E-07,1.84E-07,3.48E-05,0.005298327,N,
5256,Verdox,82356-51-2,HCT116,20,384,1.18369E-06,2.82966E-08,3.53967E-05,0.000802543,N,
5257,Nirvanol,1506-02-1,HCT116,20,384,7.34935E-07,1.01144E-07,3.47919E-05,0.002918496,N,
5258,Cetalox,3738-00-9,HCT116,20,384,5.48E-07,1.52E-07,3.38E-05,0.00450852,N,
5259,Tonalide,21145-77-7,HCT116,20,384,7.35E-07,1.01E-07,3.48E-05,0.002918496,N,
5260,"2,4-Dinitrophenol",51-28-5,HCT116,20,384,1.33E-08,3.82E-05,4.00E-05,0.958172353,A,4.1
5261,Aldrin,309-00-2,HCT116,20,384,1.21E-06,2.57E-08,3.54E-05,0.000729322,N,
5262,Azinphos-methyl,86-50-0,HCT116,20,384,1.09E-07,1.41E-05,2.65E-05,0.533919875,N,
5263,Chlorpyrifos,2921-88-2,HCT116,20,384,3.56E-07,2.75E-07,3.50E-05,0.007897835,N,
5264,"DDD-p,p'",50-29-3,HCT116,20,384,1.41E-06,1.16E-08,3.61E-05,3.21E-04,N,
5265,"DDT-o,p'",789-02-6,HCT116,20,384,1.25E-06,2.30E-08,3.56E-05,6.49E-04,N,
5266,"DDT-p,p'",72-54-8,HCT116,20,384,9.93E-07,5.13E-08,3.51E-05,0.001466675,N,
5267,Diazinon,333-41-5,HCT116,20,384,2.10E-07,2.37E-06,3.09E-05,0.07698005,N,
5268,Dicofol,115-32-2,HCT116,20,384,3.81E-07,2.56E-07,3.50E-05,0.007351781,N,
5269,Dieldrin,60-57-1,HCT116,20,384,4.24E-07,2.26E-07,3.49E-05,0.006503656,N,
5270,Disulfoton,298-04-4,HCT116,20,384,2.19E-07,1.52E-06,3.23E-05,0.04728531,N,
5271,Endosulfan I,115-29-7,HCT116,20,384,2.11E-07,2.27E-06,3.10E-05,0.073540874,N,
5272,Endrin,72-20-8,HCT116,20,384,5.80E-07,1.50E-07,3.48E-05,0.004325509,N,
5273,Ethion,563-12-2,HCT116,20,384,4.02E-07,2.41E-07,3.49E-05,0.00691824,N,
5274,Heptachlor,76-44-8,HCT116,20,384,9.80E-07,5.30E-08,3.51E-05,0.001518687,N,
5275,Heptachlor epoxide B,1024-57-3,HCT116,20,384,3.64E-07,2.69E-07,3.50E-05,0.007712633,N,
5276,Lindane,58-89-9,HCT116,20,384,2.04E-07,2.84E-06,3.02E-05,0.094344232,N,
5277,"Methoxychlor-o,p'",72-43-5,HCT116,20,384,4.06E-07,2.38E-07,3.49E-05,0.006833824,N,
5278,Parathion,56-38-2,HCT116,20,384,2.11E-07,2.27E-06,3.10E-05,0.073540874,N,
5279,Trifluralin,1582-09-8,HCT116,20,384,5.31E-07,1.69E-07,3.48E-05,0.004891678,N,
5280,Cisapride,81098-60-4,HCT116,20,384,5.06E-07,1.10E-05,3.17E-05,0.348668052,B,7.8
5281,Citalopram hydrobromide,59729-33-8,HCT116,20,384,1.60E-07,7.42E-06,2.72E-05,0.273502363,N,
5282,Dofetilide,115256-11-6,HCT116,20,384,8.97E-08,3.69E-05,3.83E-05,0.966086922,B,8.4
5283,Moxifloxacin hydrochloride,186826-86-8,HCT116,20,384,1.29E-08,3.93E-05,3.98E-05,0.991497925,A,6
5284,N-acetylpro-cainamide,32795-44-1,HCT116,20,384,1.94E-08,3.98E-05,3.99E-05,1.002238337,B,9.2
5285,Quinidine sulfate,50-54-4,HCT116,20,384,6.45E-07,3.05E-05,3.87E-05,0.792367969,B,9.3
5286,Sematilide,101526-83-4,HCT116,20,384,1.82E-08,3.98E-05,3.99E-05,1.002486851,B,9.1
5287,Sotalol hydrochloride,959-24-0,HCT116,20,384,1.32E-08,3.99E-05,4.00E-05,1.003740425,B,9
5288,Mifepristone,84371-65-3,HCT116,20,384,3.24E-07,3.04E-07,3.51E-05,0.008701422,N,
5289,Perfluorobutanesulfonic_acid,375-73-5,HCT116,20,384,1.31E-08,3.88E-05,4.00E-05,0.973537317,A,-2.9
5290,4_2_Fluorotelomer_sulfonic_acid,757124-72-4,HCT116,20,384,1.35E-08,3.77E-05,4.00E-05,0.947286791,A,1.4
5291,Perfluorononanoic_acid,375-95-1,HCT116,20,384,1.70E-07,1.55E-07,3.98E-05,0.00391147,A,0.1
5292,Perfluorohexanoic_acid,307-24-4,HCT116,20,384,2.04E-08,1.44E-06,4.00E-05,0.036254002,A,0.1
5293,Perfluorobutanoic_acid,375-22-4,HCT116,20,384,1.34E-08,3.79E-05,4.00E-05,0.9524002,A,0.1
5294,Perfluorooctanoic_acid,335-67-1,HCT116,20,384,2.05E-08,1.71E-06,4.00E-05,0.042892934,A,0.1
5295,6_2_Fluorotelomer_sulfonic_acid,27619-97-2,HCT116,20,384,1.95E-08,1.79E-05,4.00E-05,0.449792138,A,1.4
5296,8_2_Fluorotelomer_sulfonic_acid,39108-34-4,HCT116,20,384,2.04E-08,1.51E-06,4.00E-05,0.038042778,A,1.4
5297,Perfluoroundecanoic_acid,2058-94-8,HCT116,20,384,1.43E-07,1.72E-07,3.99E-05,0.004338169,A,0.1
5298,Perfluorooctanesulfonic_acid,1763-23-1,HCT116,20,384,1.43E-07,1.72E-07,3.99E-05,0.004338169,A,-2.9
5299,Perfluoroheptanoic_acid,375-85-9,HCT116,20,384,2.13E-08,6.67E-06,4.00E-05,0.167389596,A,0.1
5300,Perfluoropentanoic_acid,2706-90-3,HCT116,20,384,1.55E-08,3.22E-05,4.00E-05,0.807984127,A,0.1
5301,Perfluorohexanesulfonic_acid,355-46-4,HCT116,20,384,1.79E-08,2.43E-05,4.00E-05,0.611011736,A,-2.9
5302,Perfluorodecanoic_acid,335-76-2,HCT116,20,384,2.76E-07,1.16E-07,3.97E-05,0.002941431,A,0.1
5303,cyclosporine A,59865-13-3,HCT116,20,384,1.29E-07,1.13E-05,2.65E-05,0.429281369,N,
5304,chlorpromazine,50-53-3,HCT116,20,384,6.45E-06,1.88E-06,3.30E-05,0.057239633,B,9.4
5305,PBDE 47,5436-43-1,HCT116,20,384,1.37E-06,1.41E-08,3.60E-05,3.94E-04,N,
5306,PBDE 99,60348-60-9,HCT116,20,384,1.56E-06,4.91E-09,3.66E-05,1.34E-04,N,
5307,PBDE 153,68631-49-2,HCT116,20,384,1.70E-06,1.38E-09,3.72E-05,3.72E-05,N,
5308,amiodarone,1951-25-3,HCT116,20,384,2.24E-05,4.13E-08,1.70E-05,2.43E-03,B,9
5309,Azathioprine,446-86-6,HCT116,20,384,1.27E-08,3.89E-05,3.90E-05,1.002652934,A,8.2
5310,Benzocaine,94-09-7,HCT116,20,384,3.56E-08,2.87E-05,3.15E-05,0.914027016,N,
5311,Butylated hydroxyanisole,25013-16-5,HCT116,20,384,1.81417E-07,5.06391E-06,2.83392E-05,0.179388945,N,
5312,Cetirizine dihydrochloride,83881-52-1,HCT116,20,384,1.26E-08,3.98E-05,4.00E-05,0.999530617,A,4.7
5313,Cyclamate,139-05-9,HCT116,20,384,1.26E-08,4.00E-05,4.00E-05,1.003896591,B,17.6
5314,Cyclophosphamide,6055-19-2,HCT116,20,384,1.41E-08,3.75E-05,3.77E-05,0.998549143,B,6.1
5315,Cypermethrin,67375-30-8,HCT116,20,384,1.28E-06,2.05E-08,3.57E-05,5.77E-04,N,
5316,DEET,134-62-3,HCT116,20,384,5.46E-08,2.40E-05,2.92E-05,0.825481961,N,
5317,Dexamethasone,50-02-2,HCT116,20,384,3.86E-08,2.79E-05,3.10E-05,0.901191512,N,
5318,Digoxin,20830-75-5,HCT116,20,384,1.87E-08,3.45E-05,3.53E-05,0.981824932,N,
5319,Fenazaquin,120928-09-8,HCT116,20,384,6.24E-07,1.34E-07,3.48E-05,0.003864529,N,
5320,Fenbuconazole,114369-43-6,HCT116,20,384,1.63E-07,7.06E-06,2.74E-05,0.259022637,N,
5321,Fluazinam,79622-59-6,HCT116,20,384,2.19E-07,1.55E-06,3.22E-05,0.048411384,N,
5322,Furosemide,54-31-9,HCT116,20,384,1.42E-08,3.58E-05,4.00E-05,0.898416352,A,3
5323,Glybenclamide,10238-21-8,HCT116,20,384,2.98E-08,4.44E-07,3.99E-05,0.011159392,A,5
5324,HC Red 3,2871-01-4,HCT116,20,384,1.27E-08,3.87E-05,3.88E-05,1.002502993,N,
5325,Hydralazine hydrochloride,304-20-1,HCT116,20,384,1.42E-08,3.73E-05,3.76E-05,0.998089327,B,6
5326,Ketoconazole,65277-42-1,HCT116,20,384,2.81E-07,8.35E-07,3.42E-05,0.024476679,B,6.6
5327,Metformin,1115-70-4,HCT116,20,384,1.25E-08,4.00E-05,4.00E-05,1.003904573,B,9.6
5328,Metoclopramide,364-62-5,HCT116,20,384,1.98E-07,3.67E-05,3.91E-05,0.941954217,B,9
5329,Nitrofurantoin,67-20-9,HCT116,20,384,1.25E-08,3.97E-05,3.97E-05,1.003643055,A,7.3
5330,Oxytetracycline hydrochloride,2058-46-0,HCT116,20,384,1.25E-08,4.00E-05,4.00E-05,1.003897602,A,4.5
5331,Panthenol,16485-10-2 ,HCT116,20,384,1.24E-08,3.97E-05,3.97E-05,1.003798496,N,
5332,Paracetamol,103-90-2,HCT116,20,384,1.32E-08,3.80E-05,3.82E-05,1.000752536,N,
5333,Topiramate,97240-79-4,HCT116,20,384,1.24E-08,3.98E-05,3.98E-05,1.003879421,A,9.2
5334,Trimellitic anhydride,552-30-7,HCT116,20,384,1.30E-08,3.89E-05,4.00E-05,0.976348624,A,3.3
5335,Verapamil hydrochloride,152-11-4,HCT116,20,384,2.00E-06,5.12E-06,3.73E-05,0.137922605,B,9.2
5336,Warfarin,129-06-6,HCT116,20,384,8.06E-08,1.89E-05,2.74E-05,0.69115041,N,
5337,Caffeine,58-08-2,HEK293T,20,384,3.65E-08,3.90E-05,3.90E-05,1.003048724,N,
5338,Lamotrigine,84057-84-1,HEK293T,20,384,1.59E-07,1.86E-05,2.78E-05,0.672055828,B,6.6
5339,Diclofenac,15307-79-6,HEK293T,20,384,4.18E-08,3.99E-05,4.00E-05,1.00348969,B,17.6
5340,"2,4-Dichlorophenoxyacetic",94-75-7,HEK293T,20,384,3.33E-08,2.19E-05,4.00E-05,0.549870884,A,2.7
5341,(S)-Naproxen,22204-53-1,HEK293T,20,384,3.07E-08,1.30E-05,3.99E-05,0.325599324,A,4.4
5342,Ibuprofen,15687-27-1,HEK293T,20,384,2.96E-08,4.30E-06,3.98E-05,0.108453046,A,5.4
5343,Torasemide,56211-40-6,HEK293T,20,384,2.90E-08,9.19E-06,4.00E-05,0.230791787,A,4
5344,Warfarin,81-81-2,HEK293T,20,384,3.42E-08,2.45E-05,3.99E-05,0.616902939,A,4.5
5345,di-n-butylphthalate,84-74-2,HEK293T,20,384,2.82E-07,4.12E-07,3.53E-05,0.01170014,N,
5346,hexachlorophene,70-30-4,HEK293T,20,384,1.75E-06,2.38E-08,3.76E-05,6.35E-04,A,6.2
5347,hexamethylenetetramine,100-97-0,HEK293T,20,384,3.40E-08,3.68E-05,3.68E-05,1.003871452,B,6.4
5348,Malathion,121-75-5,HEK293T,20,384,9.46E-08,2.09E-05,2.80E-05,0.751029015,N,
5349,pentachlorophenol,87-86-5,HEK293T,20,384,5.01E-08,3.52E-07,3.99E-05,0.008849317,A,5
5350,"2,2,2-trichloroethanol",115-20-8,HEK293T,20,384,4.03E-08,3.05E-05,3.15E-05,0.971529898,N,
5351,diethylphthalate,84-66-2,HEK293T,20,384,1.03E-07,1.95E-05,2.75E-05,0.71196546,N,
5352,4-chlorophenol,106-48-9,HEK293T,20,384,9.74E-08,2.04E-05,2.78E-05,0.736795306,N,
5353,permethrin,52645-53-1,HEK293T,20,384,1.44E-06,2.57E-08,3.53E-05,0.000729322,N,
5354,Aniline,62-53-3,HEK293T,20,384,3.76E-08,3.61E-05,3.64E-05,0.994668488,N,
5355,4-fluoroaniline,371-40-4,HEK293T,20,384,3.92E-08,3.44E-05,3.50E-05,0.986966426,N,
5356,"2,4,6-trichlorophenol",88-06-2,HEK293T,20,384,8.78E-08,4.24E-06,3.71E-05,0.114648247,A,6.8
5357,Allyl alcohol,107-18-6,HEK293T,20,384,3.41E-08,3.61E-05,3.62E-05,1.002358012,N,
5358,N-methylaniline,100-61-8,HEK293T,20,384,4.69E-08,2.89E-05,3.06E-05,0.946971232,N,
5359,"3,4-dichloroaniline",95-76-1,HEK293T,20,384,1.31E-07,1.51E-05,2.66E-05,0.570648432,N,
5360,4-decylaniline,37529-30-9,HEK293T,20,384,1.32E-06,3.58E-08,3.51E-05,0.001023937,N,
5361,naphthalene,91-20-3,HEK293T,20,384,1.80E-07,5.43E-06,2.40E-05,0.227230992,N,
5362,"1,2,4-trichlorobenzene",120-82-1,HEK293T,20,384,1.04E-07,6.43E-07,1.27E-05,0.050740255,N,
5363,"1,2-dichlorobenzene",95-50-1,HEK293T,20,384,5.18E-08,1.16E-06,6.65E-06,0.175780755,N,
5364,dichloromethane,75-09-2,HEK293T,20,384,2.82E-09,2.37E-06,2.42E-06,0.982349427,N,
5365,tetrachloroethylene,127-18-4,HEK293T,20,384,1.99E-08,4.79E-07,2.58E-06,0.186778431,N,
5366,"2,3-dimethyl-1,3-butadiene",513-81-5,HEK293T,20,384,3.54E-10,1.79E-08,5.26E-08,0.341718023,N,
5367,Eugenol F,97-53-0,HEK293T,20,384,8.61E-08,2.24E-05,2.85E-05,0.790621879,N,
5368,Methyl-antranilate,134-20-3,HEK293T,20,384,5.95E-08,2.84E-05,3.13E-05,0.909918026,N,
5369,Lilyfore,285977-85-7,HEK293T,20,384,2.01E-07,6.94E-06,2.74E-05,0.254308513,N,
5370,Damascone beta,23726-91-2,HEK293T,20,384,2.68E-07,8.26E-07,3.34E-05,0.024828186,N,
5371,Veloutone,14595-54-1,HEK293T,20,384,5.98E-07,1.83E-07,3.47E-05,0.005298327,N,
5372,Verdox,82356-51-2,HEK293T,20,384,1.40668E-06,2.81341E-08,3.51933E-05,0.000802543,N,
5373,Nirvanol,1506-02-1,HEK293T,20,384,8.7604E-07,1.00781E-07,3.46669E-05,0.002918496,N,
5374,Cetalox,3738-00-9,HEK293T,20,384,6.54E-07,1.52E-07,3.37E-05,0.00450852,N,
5375,Tonalide,21145-77-7,HEK293T,20,384,8.76E-07,1.01E-07,3.47E-05,0.002918496,N,
5376,"2,4-Dinitrophenol",51-28-5,HEK293T,20,384,3.68E-08,3.81E-05,4.00E-05,0.958172353,A,4.1
5377,Aldrin,309-00-2,HEK293T,20,384,1.44E-06,2.56E-08,3.52E-05,0.000729322,N,
5378,Azinphos-methyl,86-50-0,HEK293T,20,384,1.39E-07,1.41E-05,2.65E-05,0.533919875,N,
5379,Chlorpyrifos,2921-88-2,HEK293T,20,384,4.25E-07,2.75E-07,3.49E-05,0.007897835,N,
5380,"DDD-p,p'",50-29-3,HEK293T,20,384,1.68E-06,1.15E-08,3.59E-05,3.21E-04,N,
5381,"DDT-o,p'",789-02-6,HEK293T,20,384,1.48E-06,2.29E-08,3.54E-05,6.49E-04,N,
5382,"DDT-p,p'",72-54-8,HEK293T,20,384,1.18E-06,5.10E-08,3.49E-05,0.001466675,N,
5383,Diazinon,333-41-5,HEK293T,20,384,2.52E-07,2.37E-06,3.08E-05,0.07698005,N,
5384,Dicofol,115-32-2,HEK293T,20,384,4.55E-07,2.56E-07,3.49E-05,0.007351781,N,
5385,Dieldrin,60-57-1,HEK293T,20,384,5.07E-07,2.26E-07,3.48E-05,0.006503656,N,
5386,Disulfoton,298-04-4,HEK293T,20,384,2.63E-07,1.52E-06,3.22E-05,0.04728531,N,
5387,Endosulfan I,115-29-7,HEK293T,20,384,2.54E-07,2.27E-06,3.10E-05,0.073540874,N,
5388,Endrin,72-20-8,HEK293T,20,384,6.92E-07,1.49E-07,3.47E-05,0.004325509,N,
5389,Ethion,563-12-2,HEK293T,20,384,4.80E-07,2.40E-07,3.49E-05,0.00691824,N,
5390,Heptachlor,76-44-8,HEK293T,20,384,1.17E-06,5.28E-08,3.49E-05,0.001518687,N,
5391,Heptachlor epoxide B,1024-57-3,HEK293T,20,384,4.35E-07,2.68E-07,3.49E-05,0.007712633,N,
5392,Lindane,58-89-9,HEK293T,20,384,2.46E-07,2.83E-06,3.02E-05,0.094344232,N,
5393,"Methoxychlor-o,p'",72-43-5,HEK293T,20,384,4.86E-07,2.37E-07,3.48E-05,0.006833824,N,
5394,Parathion,56-38-2,HEK293T,20,384,2.54E-07,2.27E-06,3.10E-05,0.073540874,N,
5395,Trifluralin,1582-09-8,HEK293T,20,384,6.34E-07,1.69E-07,3.47E-05,0.004891678,N,
5396,Cisapride,81098-60-4,HEK293T,20,384,1.02E-06,1.09E-05,3.13E-05,0.348668052,B,7.8
5397,Citalopram hydrobromide,59729-33-8,HEK293T,20,384,1.96E-07,7.41E-06,2.72E-05,0.273502363,N,
5398,Dofetilide,115256-11-6,HEK293T,20,384,2.02E-07,3.68E-05,3.82E-05,0.966086922,B,8.4
5399,Moxifloxacin hydrochloride,186826-86-8,HEK293T,20,384,3.70E-08,3.93E-05,3.98E-05,0.991497925,A,6
5400,N-acetylpro-cainamide,32795-44-1,HEK293T,20,384,5.19E-08,3.98E-05,3.99E-05,1.002238337,B,9.2
5401,Quinidine sulfate,50-54-4,HEK293T,20,384,1.40E-06,2.99E-05,3.79E-05,0.792367969,B,9.3
5402,Sematilide,101526-83-4,HEK293T,20,384,4.94E-08,3.98E-05,3.99E-05,1.002486851,B,9.1
5403,Sotalol hydrochloride,959-24-0,HEK293T,20,384,3.85E-08,3.99E-05,3.99E-05,1.003740425,B,9
5404,Mifepristone,84371-65-3,HEK293T,20,384,3.87E-07,3.04E-07,3.50E-05,0.008701422,N,
5405,Perfluorobutanesulfonic_acid,375-73-5,HEK293T,20,384,3.68E-08,3.88E-05,4.00E-05,0.973537317,A,-2.9
5406,4_2_Fluorotelomer_sulfonic_acid,757124-72-4,HEK293T,20,384,3.67E-08,3.77E-05,4.00E-05,0.947286791,A,1.4
5407,Perfluorononanoic_acid,375-95-1,HEK293T,20,384,1.91E-07,1.55E-07,3.98E-05,0.00391147,A,0.1
5408,Perfluorohexanoic_acid,307-24-4,HEK293T,20,384,2.37E-08,1.44E-06,4.00E-05,0.036254002,A,0.1
5409,Perfluorobutanoic_acid,375-22-4,HEK293T,20,384,3.68E-08,3.79E-05,4.00E-05,0.9524002,A,0.1
5410,Perfluorooctanoic_acid,335-67-1,HEK293T,20,384,2.40E-08,1.71E-06,4.00E-05,0.042892934,A,0.1
5411,6_2_Fluorotelomer_sulfonic_acid,27619-97-2,HEK293T,20,384,3.21E-08,1.79E-05,4.00E-05,0.449792138,A,1.4
5412,8_2_Fluorotelomer_sulfonic_acid,39108-34-4,HEK293T,20,384,2.38E-08,1.51E-06,4.00E-05,0.038042778,A,1.4
5413,Perfluoroundecanoic_acid,2058-94-8,HEK293T,20,384,1.60E-07,1.72E-07,3.98E-05,0.004338169,A,0.1
5414,Perfluorooctanesulfonic_acid,1763-23-1,HEK293T,20,384,1.60E-07,1.72E-07,3.98E-05,0.004338169,A,-2.9
5415,Perfluoroheptanoic_acid,375-85-9,HEK293T,20,384,2.76E-08,6.66E-06,4.00E-05,0.167389596,A,0.1
5416,Perfluoropentanoic_acid,2706-90-3,HEK293T,20,384,3.58E-08,3.22E-05,4.00E-05,0.807984127,A,0.1
5417,Perfluorohexanesulfonic_acid,355-46-4,HEK293T,20,384,3.40E-08,2.43E-05,4.00E-05,0.611011736,A,-2.9
5418,Perfluorodecanoic_acid,335-76-2,HEK293T,20,384,3.09E-07,1.16E-07,3.97E-05,0.002941431,A,0.1
5419,cyclosporine A,59865-13-3,HEK293T,20,384,1.61E-07,1.13E-05,2.65E-05,0.429281369,N,
5420,chlorpromazine,50-53-3,HEK293T,20,384,1.19E-05,1.58E-06,2.76E-05,0.057239633,B,9.4
5421,PBDE 47,5436-43-1,HEK293T,20,384,1.63E-06,1.40E-08,3.57E-05,3.94E-04,N,
5422,PBDE 99,60348-60-9,HEK293T,20,384,1.85E-06,4.87E-09,3.64E-05,1.34E-04,N,
5423,PBDE 153,68631-49-2,HEK293T,20,384,2.02E-06,1.37E-09,3.69E-05,3.72E-05,N,
5424,amiodarone,1951-25-3,HEK293T,20,384,2.95E-05,2.48E-08,1.02E-05,2.43E-03,B,9
5425,Azathioprine,446-86-6,HEK293T,20,384,3.65E-08,3.89E-05,3.90E-05,1.002652934,A,8.2
5426,Benzocaine,94-09-7,HEK293T,20,384,5.85E-08,2.86E-05,3.15E-05,0.914027016,N,
5427,Butylated hydroxyanisole,25013-16-5,HEK293T,20,384,2.20133E-07,5.05899E-06,2.83116E-05,0.179388945,N,
5428,Cetirizine dihydrochloride,83881-52-1,HEK293T,20,384,3.69E-08,3.98E-05,4.00E-05,0.999530617,A,4.7
5429,Cyclamate,139-05-9,HEK293T,20,384,3.71E-08,4.00E-05,4.00E-05,1.003896591,B,17.6
5430,Cyclophosphamide,6055-19-2,HEK293T,20,384,3.76E-08,3.74E-05,3.76E-05,0.998549143,B,6.1
5431,Cypermethrin,67375-30-8,HEK293T,20,384,1.52E-06,2.04E-08,3.55E-05,5.77E-04,N,
5432,DEET,134-62-3,HEK293T,20,384,7.87E-08,2.40E-05,2.91E-05,0.825481961,N,
5433,Dexamethasone,50-02-2,HEK293T,20,384,6.16E-08,2.78E-05,3.10E-05,0.901191512,N,
5434,Digoxin,20830-75-5,HEK293T,20,384,4.14E-08,3.45E-05,3.53E-05,0.981824932,N,
5435,Fenazaquin,120928-09-8,HEK293T,20,384,7.44E-07,1.33E-07,3.47E-05,0.003864529,N,
5436,Fenbuconazole,114369-43-6,HEK293T,20,384,1.99E-07,7.05E-06,2.73E-05,0.259022637,N,
5437,Fluazinam,79622-59-6,HEK293T,20,384,2.63E-07,1.55E-06,3.22E-05,0.048411384,N,
5438,Furosemide,54-31-9,HEK293T,20,384,3.65E-08,3.58E-05,4.00E-05,0.898416352,A,3
5439,Glybenclamide,10238-21-8,HEK293T,20,384,3.38E-08,4.44E-07,3.99E-05,0.011159392,A,5
5440,HC Red 3,2871-01-4,HEK293T,20,384,3.65E-08,3.87E-05,3.88E-05,1.002502993,N,
5441,Hydralazine hydrochloride,304-20-1,HEK293T,20,384,3.77E-08,3.73E-05,3.75E-05,0.998089327,B,6
5442,Ketoconazole,65277-42-1,HEK293T,20,384,4.06E-07,8.32E-07,3.41E-05,0.024476679,B,6.6
5443,Metformin,1115-70-4,HEK293T,20,384,3.70E-08,4.00E-05,4.00E-05,1.003904573,B,9.6
5444,Metoclopramide,364-62-5,HEK293T,20,384,4.40E-07,3.64E-05,3.88E-05,0.941954217,B,9
5445,Nitrofurantoin,67-20-9,HEK293T,20,384,3.67E-08,3.97E-05,3.97E-05,1.003643055,A,7.3
5446,Oxytetracycline hydrochloride,2058-46-0,HEK293T,20,384,3.69E-08,4.00E-05,4.00E-05,1.003897602,A,4.5
5447,Panthenol,16485-10-2 ,HEK293T,20,384,3.67E-08,3.96E-05,3.96E-05,1.003798496,N,
5448,Paracetamol,103-90-2,HEK293T,20,384,3.67E-08,3.80E-05,3.81E-05,1.000752536,N,
5449,Topiramate,97240-79-4,HEK293T,20,384,3.67E-08,3.98E-05,3.98E-05,1.003879421,A,9.2
5450,Trimellitic anhydride,552-30-7,HEK293T,20,384,3.69E-08,3.89E-05,4.00E-05,0.976348624,A,3.3
5451,Verapamil hydrochloride,152-11-4,HEK293T,20,384,4.16E-06,4.83E-06,3.52E-05,0.137922605,B,9.2
5452,Warfarin,129-06-6,HEK293T,20,384,1.07E-07,1.88E-05,2.74E-05,0.69115041,N,
5453,Caffeine,58-08-2,HepG2,20,384,1.48E-08,3.90E-05,3.91E-05,1.003048724,N,
5454,Lamotrigine,84057-84-1,HepG2,20,384,1.41E-07,1.86E-05,2.78E-05,0.672055828,B,6.6
5455,Diclofenac,15307-79-6,HepG2,20,384,1.74E-08,4.00E-05,4.00E-05,1.00348969,B,17.6
5456,"2,4-Dichlorophenoxyacetic",94-75-7,HepG2,20,384,2.49E-08,2.19E-05,4.00E-05,0.549870884,A,2.7
5457,(S)-Naproxen,22204-53-1,HepG2,20,384,2.88E-08,1.30E-05,3.99E-05,0.325599324,A,4.4
5458,Ibuprofen,15687-27-1,HepG2,20,384,3.42E-08,4.30E-06,3.98E-05,0.108453046,A,5.4
5459,Torasemide,56211-40-6,HepG2,20,384,2.98E-08,9.19E-06,4.00E-05,0.230791787,A,4
5460,Warfarin,81-81-2,HepG2,20,384,2.39E-08,2.45E-05,3.99E-05,0.616902939,A,4.5
5461,di-n-butylphthalate,84-74-2,HepG2,20,384,3.30E-07,4.11E-07,3.53E-05,0.01170014,N,
5462,hexachlorophene,70-30-4,HepG2,20,384,2.14E-06,2.35E-08,3.72E-05,6.35E-04,A,6.2
5463,hexamethylenetetramine,100-97-0,HepG2,20,384,1.35E-08,3.68E-05,3.68E-05,1.003871452,B,6.4
5464,Malathion,121-75-5,HepG2,20,384,9.56E-08,2.09E-05,2.80E-05,0.751029015,N,
5465,pentachlorophenol,87-86-5,HepG2,20,384,6.39E-08,3.52E-07,3.99E-05,0.008849317,A,5
5466,"2,2,2-trichloroethanol",115-20-8,HepG2,20,384,2.54E-08,3.05E-05,3.15E-05,0.971529898,N,
5467,diethylphthalate,84-66-2,HepG2,20,384,1.06E-07,1.95E-05,2.75E-05,0.71196546,N,
5468,4-chlorophenol,106-48-9,HepG2,20,384,9.93E-08,2.04E-05,2.78E-05,0.736795306,N,
5469,permethrin,52645-53-1,HepG2,20,384,1.69E-06,2.55E-08,3.51E-05,0.000729322,N,
5470,Aniline,62-53-3,HepG2,20,384,1.82E-08,3.61E-05,3.64E-05,0.994668488,N,
5471,4-fluoroaniline,371-40-4,HepG2,20,384,2.12E-08,3.45E-05,3.51E-05,0.986966426,N,
5472,"2,4,6-trichlorophenol",88-06-2,HepG2,20,384,1.02E-07,4.24E-06,3.71E-05,0.114648247,A,6.8
5473,Allyl alcohol,107-18-6,HepG2,20,384,1.41E-08,3.61E-05,3.62E-05,1.002358012,N,
5474,N-methylaniline,100-61-8,HepG2,20,384,3.42E-08,2.89E-05,3.06E-05,0.946971232,N,
5475,"3,4-dichloroaniline",95-76-1,HepG2,20,384,1.43E-07,1.51E-05,2.66E-05,0.570648432,N,
5476,4-decylaniline,37529-30-9,HepG2,20,384,1.55E-06,3.56E-08,3.49E-05,0.001023937,N,
5477,naphthalene,91-20-3,HepG2,20,384,2.07E-07,5.43E-06,2.40E-05,0.227230992,N,
5478,"1,2,4-trichlorobenzene",120-82-1,HepG2,20,384,1.22E-07,6.43E-07,1.27E-05,0.050740255,N,
5479,"1,2-dichlorobenzene",95-50-1,HepG2,20,384,5.98E-08,1.16E-06,6.65E-06,0.175780755,N,
5480,dichloromethane,75-09-2,HepG2,20,384,1.61E-09,2.37E-06,2.42E-06,0.982349427,N,
5481,tetrachloroethylene,127-18-4,HepG2,20,384,2.30E-08,4.79E-07,2.57E-06,0.186778431,N,
5482,"2,3-dimethyl-1,3-butadiene",513-81-5,HepG2,20,384,4.01E-10,1.79E-08,5.26E-08,0.341718023,N,
5483,Eugenol F,97-53-0,HepG2,20,384,8.46E-08,2.24E-05,2.85E-05,0.790621879,N,
5484,Methyl-antranilate,134-20-3,HepG2,20,384,4.93E-08,2.84E-05,3.13E-05,0.909918026,N,
5485,Lilyfore,285977-85-7,HepG2,20,384,2.30E-07,6.93E-06,2.74E-05,0.254308513,N,
5486,Damascone beta,23726-91-2,HepG2,20,384,3.14E-07,8.25E-07,3.34E-05,0.024828186,N,
5487,Veloutone,14595-54-1,HepG2,20,384,7.00E-07,1.83E-07,3.46E-05,0.005298327,N,
5488,Verdox,82356-51-2,HepG2,20,384,1.64464E-06,2.79606E-08,3.49763E-05,0.000802543,N,
5489,Nirvanol,1506-02-1,HepG2,20,384,1.02537E-06,1.00396E-07,3.45346E-05,0.002918496,N,
5490,Cetalox,3738-00-9,HepG2,20,384,7.66E-07,1.51E-07,3.36E-05,0.00450852,N,
5491,Tonalide,21145-77-7,HepG2,20,384,1.03E-06,1.00E-07,3.45E-05,0.002918496,N,
5492,"2,4-Dinitrophenol",51-28-5,HepG2,20,384,1.60E-08,3.82E-05,4.00E-05,0.958172353,A,4.1
5493,Aldrin,309-00-2,HepG2,20,384,1.68E-06,2.54E-08,3.50E-05,0.000729322,N,
5494,Azinphos-methyl,86-50-0,HepG2,20,384,1.52E-07,1.41E-05,2.65E-05,0.533919875,N,
5495,Chlorpyrifos,2921-88-2,HepG2,20,384,4.98E-07,2.74E-07,3.49E-05,0.007897835,N,
5496,"DDD-p,p'",50-29-3,HepG2,20,384,1.96E-06,1.14E-08,3.56E-05,3.21E-04,N,
5497,"DDT-o,p'",789-02-6,HepG2,20,384,1.73E-06,2.28E-08,3.52E-05,6.49E-04,N,
5498,"DDT-p,p'",72-54-8,HepG2,20,384,1.38E-06,5.07E-08,3.47E-05,0.001466675,N,
5499,Diazinon,333-41-5,HepG2,20,384,2.94E-07,2.36E-06,3.08E-05,0.07698005,N,
5500,Dicofol,115-32-2,HepG2,20,384,5.33E-07,2.55E-07,3.48E-05,0.007351781,N,
5501,Dieldrin,60-57-1,HepG2,20,384,5.94E-07,2.25E-07,3.47E-05,0.006503656,N,
5502,Disulfoton,298-04-4,HepG2,20,384,3.07E-07,1.52E-06,3.22E-05,0.04728531,N,
5503,Endosulfan I,115-29-7,HepG2,20,384,2.95E-07,2.27E-06,3.09E-05,0.073540874,N,
5504,Endrin,72-20-8,HepG2,20,384,8.10E-07,1.49E-07,3.46E-05,0.004325509,N,
5505,Ethion,563-12-2,HepG2,20,384,5.63E-07,2.40E-07,3.48E-05,0.00691824,N,
5506,Heptachlor,76-44-8,HepG2,20,384,1.36E-06,5.25E-08,3.47E-05,0.001518687,N,
5507,Heptachlor epoxide B,1024-57-3,HepG2,20,384,5.09E-07,2.68E-07,3.49E-05,0.007712633,N,
5508,Lindane,58-89-9,HepG2,20,384,2.85E-07,2.83E-06,3.01E-05,0.094344232,N,
5509,"Methoxychlor-o,p'",72-43-5,HepG2,20,384,5.69E-07,2.37E-07,3.48E-05,0.006833824,N,
5510,Parathion,56-38-2,HepG2,20,384,2.95E-07,2.27E-06,3.09E-05,0.073540874,N,
5511,Trifluralin,1582-09-8,HepG2,20,384,7.43E-07,1.69E-07,3.46E-05,0.004891678,N,
5512,Cisapride,81098-60-4,HepG2,20,384,6.46E-07,1.10E-05,3.16E-05,0.348668052,B,7.8
5513,Citalopram hydrobromide,59729-33-8,HepG2,20,384,2.24E-07,7.41E-06,2.72E-05,0.273502363,N,
5514,Dofetilide,115256-11-6,HepG2,20,384,1.12E-07,3.68E-05,3.83E-05,0.966086922,B,8.4
5515,Moxifloxacin hydrochloride,186826-86-8,HepG2,20,384,1.53E-08,3.93E-05,3.98E-05,0.991497925,A,6
5516,N-acetylpro-cainamide,32795-44-1,HepG2,20,384,2.33E-08,3.98E-05,3.99E-05,1.002238337,B,9.2
5517,Quinidine sulfate,50-54-4,HepG2,20,384,8.07E-07,3.04E-05,3.85E-05,0.792367969,B,9.3
5518,Sematilide,101526-83-4,HepG2,20,384,2.18E-08,3.98E-05,3.99E-05,1.002486851,B,9.1
5519,Sotalol hydrochloride,959-24-0,HepG2,20,384,1.56E-08,3.99E-05,3.99E-05,1.003740425,B,9
5520,Mifepristone,84371-65-3,HepG2,20,384,4.53E-07,3.03E-07,3.50E-05,0.008701422,N,
5521,Perfluorobutanesulfonic_acid,375-73-5,HepG2,20,384,1.56E-08,3.88E-05,4.00E-05,0.973537317,A,-2.9
5522,4_2_Fluorotelomer_sulfonic_acid,757124-72-4,HepG2,20,384,1.63E-08,3.77E-05,4.00E-05,0.947286791,A,1.4
5523,Perfluorononanoic_acid,375-95-1,HepG2,20,384,2.45E-07,1.55E-07,3.98E-05,0.00391147,A,0.1
5524,Perfluorohexanoic_acid,307-24-4,HepG2,20,384,2.93E-08,1.44E-06,4.00E-05,0.036254002,A,0.1
5525,Perfluorobutanoic_acid,375-22-4,HepG2,20,384,1.62E-08,3.79E-05,4.00E-05,0.9524002,A,0.1
5526,Perfluorooctanoic_acid,335-67-1,HepG2,20,384,2.95E-08,1.71E-06,4.00E-05,0.042892934,A,0.1
5527,6_2_Fluorotelomer_sulfonic_acid,27619-97-2,HepG2,20,384,2.66E-08,1.79E-05,4.00E-05,0.449792138,A,1.4
5528,8_2_Fluorotelomer_sulfonic_acid,39108-34-4,HepG2,20,384,2.94E-08,1.51E-06,4.00E-05,0.038042778,A,1.4
5529,Perfluoroundecanoic_acid,2058-94-8,HepG2,20,384,2.06E-07,1.72E-07,3.98E-05,0.004338169,A,0.1
5530,Perfluorooctanesulfonic_acid,1763-23-1,HepG2,20,384,2.06E-07,1.72E-07,3.98E-05,0.004338169,A,-2.9
5531,Perfluoroheptanoic_acid,375-85-9,HepG2,20,384,3.02E-08,6.66E-06,4.00E-05,0.167389596,A,0.1
5532,Perfluoropentanoic_acid,2706-90-3,HepG2,20,384,1.97E-08,3.22E-05,4.00E-05,0.807984127,A,0.1
5533,Perfluorohexanesulfonic_acid,355-46-4,HepG2,20,384,2.38E-08,2.43E-05,4.00E-05,0.611011736,A,-2.9
5534,Perfluorodecanoic_acid,335-76-2,HepG2,20,384,3.98E-07,1.16E-07,3.96E-05,0.002941431,A,0.1
5535,cyclosporine A,59865-13-3,HepG2,20,384,1.80E-07,1.13E-05,2.65E-05,0.429281369,N,
5536,chlorpromazine,50-53-3,HepG2,20,384,7.79E-06,1.80E-06,3.17E-05,0.057239633,B,9.4
5537,PBDE 47,5436-43-1,HepG2,20,384,1.90E-06,1.39E-08,3.55E-05,3.94E-04,N,
5538,PBDE 99,60348-60-9,HepG2,20,384,2.17E-06,4.83E-09,3.61E-05,1.34E-04,N,
5539,PBDE 153,68631-49-2,HepG2,20,384,2.36E-06,1.36E-09,3.66E-05,3.72E-05,N,
5540,amiodarone,1951-25-3,HepG2,20,384,2.47E-05,3.60E-08,1.49E-05,2.43E-03,B,9
5541,Azathioprine,446-86-6,HepG2,20,384,1.50E-08,3.89E-05,3.90E-05,1.002652934,A,8.2
5542,Benzocaine,94-09-7,HepG2,20,384,4.79E-08,2.86E-05,3.15E-05,0.914027016,N,
5543,Butylated hydroxyanisole,25013-16-5,HepG2,20,384,2.5387E-07,5.0547E-06,2.82876E-05,0.179388945,N,
5544,Cetirizine dihydrochloride,83881-52-1,HepG2,20,384,1.48E-08,3.98E-05,4.00E-05,0.999530617,A,4.7
5545,Cyclamate,139-05-9,HepG2,20,384,1.48E-08,4.00E-05,4.00E-05,1.003896591,B,17.6
5546,Cyclophosphamide,6055-19-2,HepG2,20,384,1.70E-08,3.75E-05,3.77E-05,0.998549143,B,6.1
5547,Cypermethrin,67375-30-8,HepG2,20,384,1.77E-06,2.03E-08,3.53E-05,5.77E-04,N,
5548,DEET,134-62-3,HepG2,20,384,7.49E-08,2.40E-05,2.91E-05,0.825481961,N,
5549,Dexamethasone,50-02-2,HepG2,20,384,5.21E-08,2.79E-05,3.10E-05,0.901191512,N,
5550,Digoxin,20830-75-5,HepG2,20,384,2.38E-08,3.45E-05,3.53E-05,0.981824932,N,
5551,Fenazaquin,120928-09-8,HepG2,20,384,8.72E-07,1.33E-07,3.45E-05,0.003864529,N,
5552,Fenbuconazole,114369-43-6,HepG2,20,384,2.28E-07,7.05E-06,2.73E-05,0.259022637,N,
5553,Fluazinam,79622-59-6,HepG2,20,384,3.07E-07,1.55E-06,3.21E-05,0.048411384,N,
5554,Furosemide,54-31-9,HepG2,20,384,1.75E-08,3.58E-05,4.00E-05,0.898416352,A,3
5555,Glybenclamide,10238-21-8,HepG2,20,384,4.30E-08,4.44E-07,3.99E-05,0.011159392,A,5
5556,HC Red 3,2871-01-4,HepG2,20,384,1.51E-08,3.87E-05,3.88E-05,1.002502993,N,
5557,Hydralazine hydrochloride,304-20-1,HepG2,20,384,1.72E-08,3.73E-05,3.76E-05,0.998089327,B,6
5558,Ketoconazole,65277-42-1,HepG2,20,384,3.82E-07,8.33E-07,3.42E-05,0.024476679,B,6.6
5559,Metformin,1115-70-4,HepG2,20,384,1.47E-08,4.00E-05,4.00E-05,1.003904573,B,9.6
5560,Metoclopramide,364-62-5,HepG2,20,384,2.48E-07,3.66E-05,3.90E-05,0.941954217,B,9
5561,Nitrofurantoin,67-20-9,HepG2,20,384,1.46E-08,3.97E-05,3.97E-05,1.003643055,A,7.3
5562,Oxytetracycline hydrochloride,2058-46-0,HepG2,20,384,1.46E-08,4.00E-05,4.00E-05,1.003897602,A,4.5
5563,Panthenol,16485-10-2 ,HepG2,20,384,1.46E-08,3.97E-05,3.97E-05,1.003798496,N,
5564,Paracetamol,103-90-2,HepG2,20,384,1.58E-08,3.80E-05,3.82E-05,1.000752536,N,
5565,Topiramate,97240-79-4,HepG2,20,384,1.46E-08,3.98E-05,3.98E-05,1.003879421,A,9.2
5566,Trimellitic anhydride,552-30-7,HepG2,20,384,1.55E-08,3.89E-05,4.00E-05,0.976348624,A,3.3
5567,Verapamil hydrochloride,152-11-4,HepG2,20,384,2.49E-06,5.05E-06,3.68E-05,0.137922605,B,9.2
5568,Warfarin,129-06-6,HepG2,20,384,1.12E-07,1.88E-05,2.74E-05,0.69115041,N,
5569,Caffeine,58-08-2,Me_180,20,384,1.86E-08,3.90E-05,3.90E-05,1.003048724,N,
5570,Lamotrigine,84057-84-1,Me_180,20,384,1.64E-07,1.86E-05,2.78E-05,0.672055828,B,6.6
5571,Diclofenac,15307-79-6,Me_180,20,384,2.17E-08,4.00E-05,4.00E-05,1.00348969,B,17.6
5572,"2,4-Dichlorophenoxyacetic",94-75-7,Me_180,20,384,2.91E-08,2.19E-05,4.00E-05,0.549870884,A,2.7
5573,(S)-Naproxen,22204-53-1,Me_180,20,384,3.32E-08,1.30E-05,3.99E-05,0.325599324,A,4.4
5574,Ibuprofen,15687-27-1,Me_180,20,384,3.89E-08,4.30E-06,3.98E-05,0.108453046,A,5.4
5575,Torasemide,56211-40-6,Me_180,20,384,3.41E-08,9.18E-06,4.00E-05,0.230791787,A,4
5576,Warfarin,81-81-2,Me_180,20,384,2.81E-08,2.45E-05,3.99E-05,0.616902939,A,4.5
5577,di-n-butylphthalate,84-74-2,Me_180,20,384,3.77E-07,4.11E-07,3.52E-05,0.01170014,N,
5578,hexachlorophene,70-30-4,Me_180,20,384,2.41E-06,2.34E-08,3.69E-05,6.35E-04,A,6.2
5579,hexamethylenetetramine,100-97-0,Me_180,20,384,1.70E-08,3.68E-05,3.68E-05,1.003871452,B,6.4
5580,Malathion,121-75-5,Me_180,20,384,1.10E-07,2.09E-05,2.80E-05,0.751029015,N,
5581,pentachlorophenol,87-86-5,Me_180,20,384,7.22E-08,3.52E-07,3.99E-05,0.008849317,A,5
5582,"2,2,2-trichloroethanol",115-20-8,Me_180,20,384,3.03E-08,3.05E-05,3.15E-05,0.971529898,N,
5583,diethylphthalate,84-66-2,Me_180,20,384,1.22E-07,1.95E-05,2.75E-05,0.71196546,N,
5584,4-chlorophenol,106-48-9,Me_180,20,384,1.14E-07,2.04E-05,2.78E-05,0.736795306,N,
5585,permethrin,52645-53-1,Me_180,20,384,1.92E-06,2.54E-08,3.49E-05,0.000729322,N,
5586,Aniline,62-53-3,Me_180,20,384,2.23E-08,3.61E-05,3.64E-05,0.994668488,N,
5587,4-fluoroaniline,371-40-4,Me_180,20,384,2.57E-08,3.45E-05,3.50E-05,0.986966426,N,
5588,"2,4,6-trichlorophenol",88-06-2,Me_180,20,384,1.16E-07,4.23E-06,3.71E-05,0.114648247,A,6.8
5589,Allyl alcohol,107-18-6,Me_180,20,384,1.76E-08,3.61E-05,3.62E-05,1.002358012,N,
5590,N-methylaniline,100-61-8,Me_180,20,384,4.04E-08,2.89E-05,3.06E-05,0.946971232,N,
5591,"3,4-dichloroaniline",95-76-1,Me_180,20,384,1.64E-07,1.51E-05,2.66E-05,0.570648432,N,
5592,4-decylaniline,37529-30-9,Me_180,20,384,1.76E-06,3.54E-08,3.47E-05,0.001023937,N,
5593,naphthalene,91-20-3,Me_180,20,384,2.37E-07,5.43E-06,2.40E-05,0.227230992,N,
5594,"1,2,4-trichlorobenzene",120-82-1,Me_180,20,384,1.39E-07,6.43E-07,1.27E-05,0.050740255,N,
5595,"1,2-dichlorobenzene",95-50-1,Me_180,20,384,6.85E-08,1.16E-06,6.64E-06,0.175780755,N,
5596,dichloromethane,75-09-2,Me_180,20,384,1.94E-09,2.37E-06,2.42E-06,0.982349427,N,
5597,tetrachloroethylene,127-18-4,Me_180,20,384,2.63E-08,4.79E-07,2.57E-06,0.186778431,N,
5598,"2,3-dimethyl-1,3-butadiene",513-81-5,Me_180,20,384,4.60E-10,1.79E-08,5.26E-08,0.341718023,N,
5599,Eugenol F,97-53-0,Me_180,20,384,9.78E-08,2.24E-05,2.85E-05,0.790621879,N,
5600,Methyl-antranilate,134-20-3,Me_180,20,384,5.76E-08,2.84E-05,3.13E-05,0.909918026,N,
5601,Lilyfore,285977-85-7,Me_180,20,384,2.63E-07,6.93E-06,2.73E-05,0.254308513,N,
5602,Damascone beta,23726-91-2,Me_180,20,384,3.59E-07,8.24E-07,3.33E-05,0.024828186,N,
5603,Veloutone,14595-54-1,Me_180,20,384,7.99E-07,1.82E-07,3.45E-05,0.005298327,N,
5604,Verdox,82356-51-2,Me_180,20,384,1.87088E-06,2.77957E-08,3.477E-05,0.000802543,N,
5605,Nirvanol,1506-02-1,Me_180,20,384,1.16923E-06,1.00026E-07,3.44071E-05,0.002918496,N,
5606,Cetalox,3738-00-9,Me_180,20,384,8.74E-07,1.51E-07,3.36E-05,0.00450852,N,
5607,Tonalide,21145-77-7,Me_180,20,384,1.17E-06,1.00E-07,3.44E-05,0.002918496,N,
5608,"2,4-Dinitrophenol",51-28-5,Me_180,20,384,1.99E-08,3.82E-05,4.00E-05,0.958172353,A,4.1
5609,Aldrin,309-00-2,Me_180,20,384,1.91E-06,2.53E-08,3.48E-05,0.000729322,N,
5610,Azinphos-methyl,86-50-0,Me_180,20,384,1.75E-07,1.41E-05,2.65E-05,0.533919875,N,
5611,Chlorpyrifos,2921-88-2,Me_180,20,384,5.69E-07,2.74E-07,3.48E-05,0.007897835,N,
5612,"DDD-p,p'",50-29-3,Me_180,20,384,2.23E-06,1.13E-08,3.54E-05,3.21E-04,N,
5613,"DDT-o,p'",789-02-6,Me_180,20,384,1.97E-06,2.26E-08,3.50E-05,6.49E-04,N,
5614,"DDT-p,p'",72-54-8,Me_180,20,384,1.57E-06,5.05E-08,3.46E-05,0.001466675,N,
5615,Diazinon,333-41-5,Me_180,20,384,3.36E-07,2.36E-06,3.08E-05,0.07698005,N,
5616,Dicofol,115-32-2,Me_180,20,384,6.09E-07,2.55E-07,3.48E-05,0.007351781,N,
5617,Dieldrin,60-57-1,Me_180,20,384,6.78E-07,2.25E-07,3.47E-05,0.006503656,N,
5618,Disulfoton,298-04-4,Me_180,20,384,3.52E-07,1.51E-06,3.22E-05,0.04728531,N,
5619,Endosulfan I,115-29-7,Me_180,20,384,3.38E-07,2.26E-06,3.09E-05,0.073540874,N,
5620,Endrin,72-20-8,Me_180,20,384,9.24E-07,1.48E-07,3.45E-05,0.004325509,N,
5621,Ethion,563-12-2,Me_180,20,384,6.43E-07,2.39E-07,3.47E-05,0.00691824,N,
5622,Heptachlor,76-44-8,Me_180,20,384,1.55E-06,5.23E-08,3.45E-05,0.001518687,N,
5623,Heptachlor epoxide B,1024-57-3,Me_180,20,384,5.82E-07,2.67E-07,3.48E-05,0.007712633,N,
5624,Lindane,58-89-9,Me_180,20,384,3.27E-07,2.83E-06,3.01E-05,0.094344232,N,
5625,"Methoxychlor-o,p'",72-43-5,Me_180,20,384,6.50E-07,2.36E-07,3.47E-05,0.006833824,N,
5626,Parathion,56-38-2,Me_180,20,384,3.38E-07,2.26E-06,3.09E-05,0.073540874,N,
5627,Trifluralin,1582-09-8,Me_180,20,384,8.48E-07,1.68E-07,3.45E-05,0.004891678,N,
5628,Cisapride,81098-60-4,Me_180,20,384,7.72E-07,1.09E-05,3.15E-05,0.348668052,B,7.8
5629,Citalopram hydrobromide,59729-33-8,Me_180,20,384,2.56E-07,7.40E-06,2.72E-05,0.273502363,N,
5630,Dofetilide,115256-11-6,Me_180,20,384,1.36E-07,3.68E-05,3.83E-05,0.966086922,B,8.4
5631,Moxifloxacin hydrochloride,186826-86-8,Me_180,20,384,1.91E-08,3.93E-05,3.98E-05,0.991497925,A,6
5632,N-acetylpro-cainamide,32795-44-1,Me_180,20,384,2.88E-08,3.98E-05,3.99E-05,1.002238337,B,9.2
5633,Quinidine sulfate,50-54-4,Me_180,20,384,9.73E-07,3.03E-05,3.83E-05,0.792367969,B,9.3
5634,Sematilide,101526-83-4,Me_180,20,384,2.71E-08,3.98E-05,3.99E-05,1.002486851,B,9.1
5635,Sotalol hydrochloride,959-24-0,Me_180,20,384,1.95E-08,3.99E-05,3.99E-05,1.003740425,B,9
5636,Mifepristone,84371-65-3,Me_180,20,384,5.18E-07,3.03E-07,3.49E-05,0.008701422,N,
5637,Perfluorobutanesulfonic_acid,375-73-5,Me_180,20,384,1.94E-08,3.88E-05,4.00E-05,0.973537317,A,-2.9
5638,4_2_Fluorotelomer_sulfonic_acid,757124-72-4,Me_180,20,384,2.01E-08,3.77E-05,4.00E-05,0.947286791,A,1.4
5639,Perfluorononanoic_acid,375-95-1,Me_180,20,384,2.77E-07,1.55E-07,3.97E-05,0.00391147,A,0.1
5640,Perfluorohexanoic_acid,307-24-4,Me_180,20,384,3.32E-08,1.44E-06,4.00E-05,0.036254002,A,0.1
5641,Perfluorobutanoic_acid,375-22-4,Me_180,20,384,2.00E-08,3.79E-05,4.00E-05,0.9524002,A,0.1
5642,Perfluorooctanoic_acid,335-67-1,Me_180,20,384,3.34E-08,1.71E-06,4.00E-05,0.042892934,A,0.1
5643,6_2_Fluorotelomer_sulfonic_acid,27619-97-2,Me_180,20,384,3.09E-08,1.79E-05,4.00E-05,0.449792138,A,1.4
5644,8_2_Fluorotelomer_sulfonic_acid,39108-34-4,Me_180,20,384,3.32E-08,1.51E-06,4.00E-05,0.038042778,A,1.4
5645,Perfluoroundecanoic_acid,2058-94-8,Me_180,20,384,2.32E-07,1.72E-07,3.98E-05,0.004338169,A,0.1
5646,Perfluorooctanesulfonic_acid,1763-23-1,Me_180,20,384,2.32E-07,1.72E-07,3.98E-05,0.004338169,A,-2.9
5647,Perfluoroheptanoic_acid,375-85-9,Me_180,20,384,3.44E-08,6.66E-06,4.00E-05,0.167389596,A,0.1
5648,Perfluoropentanoic_acid,2706-90-3,Me_180,20,384,2.37E-08,3.22E-05,4.00E-05,0.807984127,A,0.1
5649,Perfluorohexanesulfonic_acid,355-46-4,Me_180,20,384,2.79E-08,2.43E-05,4.00E-05,0.611011736,A,-2.9
5650,Perfluorodecanoic_acid,335-76-2,Me_180,20,384,4.48E-07,1.16E-07,3.95E-05,0.002941431,A,0.1
5651,cyclosporine A,59865-13-3,Me_180,20,384,2.06E-07,1.13E-05,2.65E-05,0.429281369,N,
5652,chlorpromazine,50-53-3,Me_180,20,384,9.05E-06,1.73E-06,3.04E-05,0.057239633,B,9.4
5653,PBDE 47,5436-43-1,Me_180,20,384,2.16E-06,1.38E-08,3.52E-05,3.94E-04,N,
5654,PBDE 99,60348-60-9,Me_180,20,384,2.46E-06,4.79E-09,3.58E-05,1.34E-04,N,
5655,PBDE 153,68631-49-2,Me_180,20,384,2.67E-06,1.34E-09,3.63E-05,3.72E-05,N,
5656,amiodarone,1951-25-3,Me_180,20,384,2.64E-05,3.19E-08,1.32E-05,2.43E-03,B,9
5657,Azathioprine,446-86-6,Me_180,20,384,1.87E-08,3.89E-05,3.90E-05,1.002652934,A,8.2
5658,Benzocaine,94-09-7,Me_180,20,384,5.60E-08,2.86E-05,3.15E-05,0.914027016,N,
5659,Butylated hydroxyanisole,25013-16-5,Me_180,20,384,2.90663E-07,5.05002E-06,2.82614E-05,0.179388945,N,
5660,Cetirizine dihydrochloride,83881-52-1,Me_180,20,384,1.85E-08,3.98E-05,4.00E-05,0.999530617,A,4.7
5661,Cyclamate,139-05-9,Me_180,20,384,1.85E-08,4.00E-05,4.00E-05,1.003896591,B,17.6
5662,Cyclophosphamide,6055-19-2,Me_180,20,384,2.10E-08,3.75E-05,3.77E-05,0.998549143,B,6.1
5663,Cypermethrin,67375-30-8,Me_180,20,384,2.02E-06,2.01E-08,3.50E-05,5.77E-04,N,
5664,DEET,134-62-3,Me_180,20,384,8.67E-08,2.40E-05,2.91E-05,0.825481961,N,
5665,Dexamethasone,50-02-2,Me_180,20,384,6.08E-08,2.78E-05,3.10E-05,0.901191512,N,
5666,Digoxin,20830-75-5,Me_180,20,384,2.86E-08,3.45E-05,3.53E-05,0.981824932,N,
5667,Fenazaquin,120928-09-8,Me_180,20,384,9.94E-07,1.33E-07,3.44E-05,0.003864529,N,
5668,Fenbuconazole,114369-43-6,Me_180,20,384,2.61E-07,7.04E-06,2.73E-05,0.259022637,N,
5669,Fluazinam,79622-59-6,Me_180,20,384,3.51E-07,1.55E-06,3.21E-05,0.048411384,N,
5670,Furosemide,54-31-9,Me_180,20,384,2.15E-08,3.58E-05,4.00E-05,0.898416352,A,3
5671,Glybenclamide,10238-21-8,Me_180,20,384,4.86E-08,4.44E-07,3.99E-05,0.011159392,A,5
5672,HC Red 3,2871-01-4,Me_180,20,384,1.88E-08,3.87E-05,3.88E-05,1.002502993,N,
5673,Hydralazine hydrochloride,304-20-1,Me_180,20,384,2.12E-08,3.73E-05,3.76E-05,0.998089327,B,6
5674,Ketoconazole,65277-42-1,Me_180,20,384,4.43E-07,8.31E-07,3.41E-05,0.024476679,B,6.6
5675,Metformin,1115-70-4,Me_180,20,384,1.85E-08,4.00E-05,4.00E-05,1.003904573,B,9.6
5676,Metoclopramide,364-62-5,Me_180,20,384,3.00E-07,3.66E-05,3.90E-05,0.941954217,B,9
5677,Nitrofurantoin,67-20-9,Me_180,20,384,1.84E-08,3.97E-05,3.97E-05,1.003643055,A,7.3
5678,Oxytetracycline hydrochloride,2058-46-0,Me_180,20,384,1.84E-08,4.00E-05,4.00E-05,1.003897602,A,4.5
5679,Panthenol,16485-10-2 ,Me_180,20,384,1.83E-08,3.97E-05,3.97E-05,1.003798496,N,
5680,Paracetamol,103-90-2,Me_180,20,384,1.96E-08,3.80E-05,3.82E-05,1.000752536,N,
5681,Topiramate,97240-79-4,Me_180,20,384,1.83E-08,3.98E-05,3.98E-05,1.003879421,A,9.2
5682,Trimellitic anhydride,552-30-7,Me_180,20,384,1.93E-08,3.89E-05,4.00E-05,0.976348624,A,3.3
5683,Verapamil hydrochloride,152-11-4,Me_180,20,384,2.98E-06,4.99E-06,3.63E-05,0.137922605,B,9.2
5684,Warfarin,129-06-6,Me_180,20,384,1.29E-07,1.88E-05,2.74E-05,0.69115041,N,
5685,Caffeine,58-08-2,H4lle,20,384,1.80E-08,3.90E-05,3.90E-05,1.003048724,N,
5686,Lamotrigine,84057-84-1,H4lle,20,384,5.86E-08,1.87E-05,2.79E-05,0.672055828,B,6.6
5687,Diclofenac,15307-79-6,H4lle,20,384,2.05E-08,4.00E-05,4.00E-05,1.00348969,B,17.6
5688,"2,4-Dichlorophenoxyacetic",94-75-7,H4lle,20,384,1.39E-08,2.19E-05,4.00E-05,0.549870884,A,2.7
5689,(S)-Naproxen,22204-53-1,H4lle,20,384,1.14E-08,1.30E-05,4.00E-05,0.325599324,A,4.4
5690,Ibuprofen,15687-27-1,H4lle,20,384,9.49E-09,4.30E-06,3.98E-05,0.108453046,A,5.4
5691,Torasemide,56211-40-6,H4lle,20,384,1.02E-08,9.19E-06,4.00E-05,0.230791787,A,4
5692,Warfarin,81-81-2,H4lle,20,384,1.46E-08,2.45E-05,4.00E-05,0.616902939,A,4.5
5693,di-n-butylphthalate,84-74-2,H4lle,20,384,8.35E-08,4.14E-07,3.55E-05,0.01170014,N,
5694,hexachlorophene,70-30-4,H4lle,20,384,5.30E-07,2.45E-08,3.88E-05,6.35E-04,A,6.2
5695,hexamethylenetetramine,100-97-0,H4lle,20,384,1.69E-08,3.68E-05,3.68E-05,1.003871452,B,6.4
5696,Malathion,121-75-5,H4lle,20,384,3.18E-08,2.10E-05,2.80E-05,0.751029015,N,
5697,pentachlorophenol,87-86-5,H4lle,20,384,1.47E-08,3.52E-07,4.00E-05,0.008849317,A,5
5698,"2,2,2-trichloroethanol",115-20-8,H4lle,20,384,1.76E-08,3.05E-05,3.15E-05,0.971529898,N,
5699,diethylphthalate,84-66-2,H4lle,20,384,3.39E-08,1.96E-05,2.76E-05,0.71196546,N,
5700,4-chlorophenol,106-48-9,H4lle,20,384,3.25E-08,2.04E-05,2.78E-05,0.736795306,N,
5701,permethrin,52645-53-1,H4lle,20,384,4.36E-07,2.63E-08,3.63E-05,0.000729322,N,
5702,Aniline,62-53-3,H4lle,20,384,1.78E-08,3.61E-05,3.64E-05,0.994668488,N,
5703,4-fluoroaniline,371-40-4,H4lle,20,384,1.80E-08,3.45E-05,3.51E-05,0.986966426,N,
5704,"2,4,6-trichlorophenol",88-06-2,H4lle,20,384,2.66E-08,4.24E-06,3.72E-05,0.114648247,A,6.8
5705,Allyl alcohol,107-18-6,H4lle,20,384,1.68E-08,3.61E-05,3.62E-05,1.002358012,N,
5706,N-methylaniline,100-61-8,H4lle,20,384,1.92E-08,2.89E-05,3.06E-05,0.946971232,N,
5707,"3,4-dichloroaniline",95-76-1,H4lle,20,384,4.16E-08,1.51E-05,2.66E-05,0.570648432,N,
5708,4-decylaniline,37529-30-9,H4lle,20,384,3.99E-07,3.67E-08,3.60E-05,0.001023937,N,
5709,naphthalene,91-20-3,H4lle,20,384,5.42E-08,5.45E-06,2.41E-05,0.227230992,N,
5710,"1,2,4-trichlorobenzene",120-82-1,H4lle,20,384,3.08E-08,6.45E-07,1.28E-05,0.050740255,N,
5711,"1,2-dichlorobenzene",95-50-1,H4lle,20,384,1.55E-08,1.17E-06,6.65E-06,0.175780755,N,
5712,dichloromethane,75-09-2,H4lle,20,384,1.27E-09,2.37E-06,2.42E-06,0.982349427,N,
5713,tetrachloroethylene,127-18-4,H4lle,20,384,5.96E-09,4.79E-07,2.58E-06,0.186778431,N,
5714,"2,3-dimethyl-1,3-butadiene",513-81-5,H4lle,20,384,1.08E-10,1.79E-08,5.26E-08,0.341718023,N,
5715,Eugenol F,97-53-0,H4lle,20,384,2.96E-08,2.25E-05,2.85E-05,0.790621879,N,
5716,Methyl-antranilate,134-20-3,H4lle,20,384,2.28E-08,2.84E-05,3.13E-05,0.909918026,N,
5717,Lilyfore,285977-85-7,H4lle,20,384,6.06E-08,6.96E-06,2.75E-05,0.254308513,N,
5718,Damascone beta,23726-91-2,H4lle,20,384,7.96E-08,8.30E-07,3.36E-05,0.024828186,N,
5719,Veloutone,14595-54-1,H4lle,20,384,1.78E-07,1.85E-07,3.51E-05,0.005298327,N,
5720,Verdox,82356-51-2,H4lle,20,384,4.24582E-07,2.885E-08,3.60889E-05,0.000802543,N,
5721,Nirvanol,1506-02-1,H4lle,20,384,2.61945E-07,1.02363E-07,3.5211E-05,0.002918496,N,
5722,Cetalox,3738-00-9,H4lle,20,384,1.95E-07,1.53E-07,3.41E-05,0.00450852,N,
5723,Tonalide,21145-77-7,H4lle,20,384,2.62E-07,1.02E-07,3.52E-05,0.002918496,N,
5724,"2,4-Dinitrophenol",51-28-5,H4lle,20,384,1.80E-08,3.82E-05,4.00E-05,0.958172353,A,4.1
5725,Aldrin,309-00-2,H4lle,20,384,4.34E-07,2.62E-08,3.61E-05,0.000729322,N,
5726,Azinphos-methyl,86-50-0,H4lle,20,384,4.37E-08,1.41E-05,2.66E-05,0.533919875,N,
5727,Chlorpyrifos,2921-88-2,H4lle,20,384,1.26E-07,2.77E-07,3.52E-05,0.007897835,N,
5728,"DDD-p,p'",50-29-3,H4lle,20,384,5.09E-07,1.18E-08,3.70E-05,3.21E-04,N,
5729,"DDT-o,p'",789-02-6,H4lle,20,384,4.47E-07,2.35E-08,3.64E-05,6.49E-04,N,
5730,"DDT-p,p'",72-54-8,H4lle,20,384,3.55E-07,5.21E-08,3.57E-05,0.001466675,N,
5731,Diazinon,333-41-5,H4lle,20,384,7.51E-08,2.38E-06,3.10E-05,0.07698005,N,
5732,Dicofol,115-32-2,H4lle,20,384,1.35E-07,2.58E-07,3.52E-05,0.007351781,N,
5733,Dieldrin,60-57-1,H4lle,20,384,1.51E-07,2.28E-07,3.51E-05,0.006503656,N,
5734,Disulfoton,298-04-4,H4lle,20,384,7.82E-08,1.52E-06,3.24E-05,0.04728531,N,
5735,Endosulfan I,115-29-7,H4lle,20,384,7.54E-08,2.28E-06,3.11E-05,0.073540874,N,
5736,Endrin,72-20-8,H4lle,20,384,2.06E-07,1.51E-07,3.51E-05,0.004325509,N,
5737,Ethion,563-12-2,H4lle,20,384,1.43E-07,2.42E-07,3.51E-05,0.00691824,N,
5738,Heptachlor,76-44-8,H4lle,20,384,3.51E-07,5.39E-08,3.56E-05,0.001518687,N,
5739,Heptachlor epoxide B,1024-57-3,H4lle,20,384,1.29E-07,2.70E-07,3.52E-05,0.007712633,N,
5740,Lindane,58-89-9,H4lle,20,384,7.32E-08,2.85E-06,3.03E-05,0.094344232,N,
5741,"Methoxychlor-o,p'",72-43-5,H4lle,20,384,1.44E-07,2.39E-07,3.51E-05,0.006833824,N,
5742,Parathion,56-38-2,H4lle,20,384,7.54E-08,2.28E-06,3.11E-05,0.073540874,N,
5743,Trifluralin,1582-09-8,H4lle,20,384,1.89E-07,1.71E-07,3.51E-05,0.004891678,N,
5744,Cisapride,81098-60-4,H4lle,20,384,4.44E-07,1.10E-05,3.18E-05,0.348668052,B,7.8
5745,Citalopram hydrobromide,59729-33-8,H4lle,20,384,5.93E-08,7.44E-06,2.73E-05,0.273502363,N,
5746,Dofetilide,115256-11-6,H4lle,20,384,9.10E-08,3.69E-05,3.83E-05,0.966086922,B,8.4
5747,Moxifloxacin hydrochloride,186826-86-8,H4lle,20,384,1.83E-08,3.93E-05,3.98E-05,0.991497925,A,6
5748,N-acetylpro-cainamide,32795-44-1,H4lle,20,384,2.50E-08,3.98E-05,3.99E-05,1.002238337,B,9.2
5749,Quinidine sulfate,50-54-4,H4lle,20,384,6.35E-07,3.05E-05,3.87E-05,0.792367969,B,9.3
5750,Sematilide,101526-83-4,H4lle,20,384,2.39E-08,3.98E-05,3.99E-05,1.002486851,B,9.1
5751,Sotalol hydrochloride,959-24-0,H4lle,20,384,1.91E-08,3.99E-05,3.99E-05,1.003740425,B,9
5752,Mifepristone,84371-65-3,H4lle,20,384,1.15E-07,3.06E-07,3.53E-05,0.008701422,N,
5753,Perfluorobutanesulfonic_acid,375-73-5,H4lle,20,384,1.81E-08,3.88E-05,4.00E-05,0.973537317,A,-2.9
5754,4_2_Fluorotelomer_sulfonic_acid,757124-72-4,H4lle,20,384,1.79E-08,3.77E-05,4.00E-05,0.947286791,A,1.4
5755,Perfluorononanoic_acid,375-95-1,H4lle,20,384,5.59E-08,1.56E-07,3.99E-05,0.00391147,A,0.1
5756,Perfluorohexanoic_acid,307-24-4,H4lle,20,384,7.18E-09,1.44E-06,4.00E-05,0.036254002,A,0.1
5757,Perfluorobutanoic_acid,375-22-4,H4lle,20,384,1.79E-08,3.79E-05,4.00E-05,0.9524002,A,0.1
5758,Perfluorooctanoic_acid,335-67-1,H4lle,20,384,7.33E-09,1.71E-06,4.00E-05,0.042892934,A,0.1
5759,6_2_Fluorotelomer_sulfonic_acid,27619-97-2,H4lle,20,384,1.28E-08,1.79E-05,4.00E-05,0.449792138,A,1.4
5760,8_2_Fluorotelomer_sulfonic_acid,39108-34-4,H4lle,20,384,7.23E-09,1.52E-06,4.00E-05,0.038042778,A,1.4
5761,Perfluoroundecanoic_acid,2058-94-8,H4lle,20,384,4.68E-08,1.73E-07,3.99E-05,0.004338169,A,0.1
5762,Perfluorooctanesulfonic_acid,1763-23-1,H4lle,20,384,4.68E-08,1.73E-07,3.99E-05,0.004338169,A,-2.9
5763,Perfluoroheptanoic_acid,375-85-9,H4lle,20,384,9.34E-09,6.67E-06,4.00E-05,0.167389596,A,0.1
5764,Perfluoropentanoic_acid,2706-90-3,H4lle,20,384,1.65E-08,3.22E-05,4.00E-05,0.807984127,A,0.1
5765,Perfluorohexanesulfonic_acid,355-46-4,H4lle,20,384,1.45E-08,2.43E-05,4.00E-05,0.611011736,A,-2.9
5766,Perfluorodecanoic_acid,335-76-2,H4lle,20,384,9.08E-08,1.17E-07,3.99E-05,0.002941431,A,0.1
5767,cyclosporine A,59865-13-3,H4lle,20,384,4.96E-08,1.14E-05,2.66E-05,0.429281369,N,
5768,chlorpromazine,50-53-3,H4lle,20,384,6.33E-06,1.89E-06,3.31E-05,0.057239633,B,9.4
5769,PBDE 47,5436-43-1,H4lle,20,384,4.93E-07,1.45E-08,3.68E-05,3.94E-04,N,
5770,PBDE 99,60348-60-9,H4lle,20,384,5.64E-07,5.03E-09,3.76E-05,1.34E-04,N,
5771,PBDE 153,68631-49-2,H4lle,20,384,6.15E-07,1.42E-09,3.83E-05,3.72E-05,N,
5772,amiodarone,1951-25-3,H4lle,20,384,2.22E-05,4.19E-08,1.73E-05,2.43E-03,B,9
5773,Azathioprine,446-86-6,H4lle,20,384,1.80E-08,3.89E-05,3.90E-05,1.002652934,A,8.2
5774,Benzocaine,94-09-7,H4lle,20,384,2.26E-08,2.87E-05,3.15E-05,0.914027016,N,
5775,Butylated hydroxyanisole,25013-16-5,H4lle,20,384,6.60204E-08,5.07859E-06,2.84213E-05,0.179388945,N,
5776,Cetirizine dihydrochloride,83881-52-1,H4lle,20,384,1.83E-08,3.98E-05,4.00E-05,0.999530617,A,4.7
5777,Cyclamate,139-05-9,H4lle,20,384,1.85E-08,4.00E-05,4.00E-05,1.003896591,B,17.6
5778,Cyclophosphamide,6055-19-2,H4lle,20,384,1.82E-08,3.75E-05,3.77E-05,0.998549143,B,6.1
5779,Cypermethrin,67375-30-8,H4lle,20,384,4.59E-07,2.10E-08,3.65E-05,5.77E-04,N,
5780,DEET,134-62-3,H4lle,20,384,2.77E-08,2.40E-05,2.92E-05,0.825481961,N,
5781,Dexamethasone,50-02-2,H4lle,20,384,2.34E-08,2.79E-05,3.10E-05,0.901191512,N,
5782,Digoxin,20830-75-5,H4lle,20,384,1.86E-08,3.45E-05,3.53E-05,0.981824932,N,
5783,Fenazaquin,120928-09-8,H4lle,20,384,2.22E-07,1.35E-07,3.51E-05,0.003864529,N,
5784,Fenbuconazole,114369-43-6,H4lle,20,384,6.02E-08,7.08E-06,2.74E-05,0.259022637,N,
5785,Fluazinam,79622-59-6,H4lle,20,384,7.81E-08,1.56E-06,3.23E-05,0.048411384,N,
5786,Furosemide,54-31-9,H4lle,20,384,1.74E-08,3.58E-05,4.00E-05,0.898416352,A,3
5787,Glybenclamide,10238-21-8,H4lle,20,384,9.97E-09,4.44E-07,4.00E-05,0.011159392,A,5
5788,HC Red 3,2871-01-4,H4lle,20,384,1.80E-08,3.87E-05,3.88E-05,1.002502993,N,
5789,Hydralazine hydrochloride,304-20-1,H4lle,20,384,1.81E-08,3.73E-05,3.76E-05,0.998089327,B,6
5790,Ketoconazole,65277-42-1,H4lle,20,384,1.44E-07,8.38E-07,3.44E-05,0.024476679,B,6.6
5791,Metformin,1115-70-4,H4lle,20,384,1.84E-08,4.00E-05,4.00E-05,1.003904573,B,9.6
5792,Metoclopramide,364-62-5,H4lle,20,384,1.98E-07,3.67E-05,3.91E-05,0.941954217,B,9
5793,Nitrofurantoin,67-20-9,H4lle,20,384,1.82E-08,3.97E-05,3.97E-05,1.003643055,A,7.3
5794,Oxytetracycline hydrochloride,2058-46-0,H4lle,20,384,1.83E-08,4.00E-05,4.00E-05,1.003897602,A,4.5
5795,Panthenol,16485-10-2 ,H4lle,20,384,1.82E-08,3.97E-05,3.97E-05,1.003798496,N,
5796,Paracetamol,103-90-2,H4lle,20,384,1.79E-08,3.80E-05,3.82E-05,1.000752536,N,
5797,Topiramate,97240-79-4,H4lle,20,384,1.83E-08,3.98E-05,3.98E-05,1.003879421,A,9.2
5798,Trimellitic anhydride,552-30-7,H4lle,20,384,1.81E-08,3.89E-05,4.00E-05,0.976348624,A,3.3
5799,Verapamil hydrochloride,152-11-4,H4lle,20,384,1.96E-06,5.13E-06,3.73E-05,0.137922605,B,9.2
5800,Warfarin,129-06-6,H4lle,20,384,3.51E-08,1.89E-05,2.74E-05,0.69115041,N,
5801,Caffeine,58-08-2,SH-SY5Y,20,384,1.02E-08,3.90E-05,3.91E-05,1.003048724,N,
5802,Lamotrigine,84057-84-1,SH-SY5Y,20,384,4.14E-08,1.87E-05,2.79E-05,0.672055828,B,6.6
5803,Diclofenac,15307-79-6,SH-SY5Y,20,384,1.16E-08,4.00E-05,4.00E-05,1.00348969,B,17.6
5804,"2,4-Dichlorophenoxyacetic",94-75-7,SH-SY5Y,20,384,9.17E-09,2.19E-05,4.00E-05,0.549870884,A,2.7
5805,(S)-Naproxen,22204-53-1,SH-SY5Y,20,384,8.37E-09,1.30E-05,4.00E-05,0.325599324,A,4.4
5806,Ibuprofen,15687-27-1,SH-SY5Y,20,384,7.94E-09,4.30E-06,3.98E-05,0.108453046,A,5.4
5807,Torasemide,56211-40-6,SH-SY5Y,20,384,7.88E-09,9.19E-06,4.00E-05,0.230791787,A,4
5808,Warfarin,81-81-2,SH-SY5Y,20,384,9.44E-09,2.46E-05,4.00E-05,0.616902939,A,4.5
5809,di-n-butylphthalate,84-74-2,SH-SY5Y,20,384,7.12E-08,4.14E-07,3.55E-05,0.01170014,N,
5810,hexachlorophene,70-30-4,SH-SY5Y,20,384,4.71E-07,2.46E-08,3.88E-05,6.35E-04,A,6.2
5811,hexamethylenetetramine,100-97-0,SH-SY5Y,20,384,9.51E-09,3.68E-05,3.68E-05,1.003871452,B,6.4
5812,Malathion,121-75-5,SH-SY5Y,20,384,2.43E-08,2.10E-05,2.80E-05,0.751029015,N,
5813,pentachlorophenol,87-86-5,SH-SY5Y,20,384,1.34E-08,3.52E-07,4.00E-05,0.008849317,A,5
5814,"2,2,2-trichloroethanol",115-20-8,SH-SY5Y,20,384,1.09E-08,3.05E-05,3.15E-05,0.971529898,N,
5815,diethylphthalate,84-66-2,SH-SY5Y,20,384,2.63E-08,1.96E-05,2.76E-05,0.71196546,N,
5816,4-chlorophenol,106-48-9,SH-SY5Y,20,384,2.50E-08,2.04E-05,2.78E-05,0.736795306,N,
5817,permethrin,52645-53-1,SH-SY5Y,20,384,3.73E-07,2.64E-08,3.63E-05,0.000729322,N,
5818,Aniline,62-53-3,SH-SY5Y,20,384,1.04E-08,3.61E-05,3.65E-05,0.994668488,N,
5819,4-fluoroaniline,371-40-4,SH-SY5Y,20,384,1.07E-08,3.45E-05,3.51E-05,0.986966426,N,
5820,"2,4,6-trichlorophenol",88-06-2,SH-SY5Y,20,384,2.25E-08,4.24E-06,3.72E-05,0.114648247,A,6.8
5821,Allyl alcohol,107-18-6,SH-SY5Y,20,384,9.52E-09,3.61E-05,3.62E-05,1.002358012,N,
5822,N-methylaniline,100-61-8,SH-SY5Y,20,384,1.25E-08,2.89E-05,3.06E-05,0.946971232,N,
5823,"3,4-dichloroaniline",95-76-1,SH-SY5Y,20,384,3.34E-08,1.51E-05,2.66E-05,0.570648432,N,
5824,4-decylaniline,37529-30-9,SH-SY5Y,20,384,3.41E-07,3.67E-08,3.60E-05,0.001023937,N,
5825,naphthalene,91-20-3,SH-SY5Y,20,384,4.54E-08,5.45E-06,2.41E-05,0.227230992,N,
5826,"1,2,4-trichlorobenzene",120-82-1,SH-SY5Y,20,384,2.62E-08,6.45E-07,1.28E-05,0.050740255,N,
5827,"1,2-dichlorobenzene",95-50-1,SH-SY5Y,20,384,1.30E-08,1.17E-06,6.65E-06,0.175780755,N,
5828,dichloromethane,75-09-2,SH-SY5Y,20,384,7.70E-10,2.37E-06,2.42E-06,0.982349427,N,
5829,tetrachloroethylene,127-18-4,SH-SY5Y,20,384,5.01E-09,4.79E-07,2.58E-06,0.186778431,N,
5830,"2,3-dimethyl-1,3-butadiene",513-81-5,SH-SY5Y,20,384,8.92E-11,1.79E-08,5.26E-08,0.341718023,N,
5831,Eugenol F,97-53-0,SH-SY5Y,20,384,2.22E-08,2.25E-05,2.85E-05,0.790621879,N,
5832,Methyl-antranilate,134-20-3,SH-SY5Y,20,384,1.57E-08,2.84E-05,3.13E-05,0.909918026,N,
5833,Lilyfore,285977-85-7,SH-SY5Y,20,384,5.07E-08,6.96E-06,2.75E-05,0.254308513,N,
5834,Damascone beta,23726-91-2,SH-SY5Y,20,384,6.78E-08,8.30E-07,3.36E-05,0.024828186,N,
5835,Veloutone,14595-54-1,SH-SY5Y,20,384,1.52E-07,1.85E-07,3.51E-05,0.005298327,N,
5836,Verdox,82356-51-2,SH-SY5Y,20,384,3.63682E-07,2.88944E-08,3.61444E-05,0.000802543,N,
5837,Nirvanol,1506-02-1,SH-SY5Y,20,384,2.24024E-07,1.0246E-07,3.52446E-05,0.002918496,N,
5838,Cetalox,3738-00-9,SH-SY5Y,20,384,1.67E-07,1.53E-07,3.42E-05,0.00450852,N,
5839,Tonalide,21145-77-7,SH-SY5Y,20,384,2.24E-07,1.02E-07,3.52E-05,0.002918496,N,
5840,"2,4-Dinitrophenol",51-28-5,SH-SY5Y,20,384,1.03E-08,3.82E-05,4.00E-05,0.958172353,A,4.1
5841,Aldrin,309-00-2,SH-SY5Y,20,384,3.72E-07,2.63E-08,3.62E-05,0.000729322,N,
5842,Azinphos-methyl,86-50-0,SH-SY5Y,20,384,3.53E-08,1.41E-05,2.66E-05,0.533919875,N,
5843,Chlorpyrifos,2921-88-2,SH-SY5Y,20,384,1.08E-07,2.77E-07,3.52E-05,0.007897835,N,
5844,"DDD-p,p'",50-29-3,SH-SY5Y,20,384,4.36E-07,1.18E-08,3.70E-05,3.21E-04,N,
5845,"DDT-o,p'",789-02-6,SH-SY5Y,20,384,3.83E-07,2.36E-08,3.64E-05,6.49E-04,N,
5846,"DDT-p,p'",72-54-8,SH-SY5Y,20,384,3.04E-07,5.22E-08,3.57E-05,0.001466675,N,
5847,Diazinon,333-41-5,SH-SY5Y,20,384,6.37E-08,2.38E-06,3.10E-05,0.07698005,N,
5848,Dicofol,115-32-2,SH-SY5Y,20,384,1.15E-07,2.58E-07,3.52E-05,0.007351781,N,
5849,Dieldrin,60-57-1,SH-SY5Y,20,384,1.29E-07,2.28E-07,3.51E-05,0.006503656,N,
5850,Disulfoton,298-04-4,SH-SY5Y,20,384,6.65E-08,1.53E-06,3.24E-05,0.04728531,N,
5851,Endosulfan I,115-29-7,SH-SY5Y,20,384,6.40E-08,2.28E-06,3.11E-05,0.073540874,N,
5852,Endrin,72-20-8,SH-SY5Y,20,384,1.76E-07,1.51E-07,3.51E-05,0.004325509,N,
5853,Ethion,563-12-2,SH-SY5Y,20,384,1.22E-07,2.42E-07,3.52E-05,0.00691824,N,
5854,Heptachlor,76-44-8,SH-SY5Y,20,384,3.00E-07,5.40E-08,3.57E-05,0.001518687,N,
5855,Heptachlor epoxide B,1024-57-3,SH-SY5Y,20,384,1.10E-07,2.71E-07,3.52E-05,0.007712633,N,
5856,Lindane,58-89-9,SH-SY5Y,20,384,6.20E-08,2.85E-06,3.03E-05,0.094344232,N,
5857,"Methoxychlor-o,p'",72-43-5,SH-SY5Y,20,384,1.23E-07,2.39E-07,3.52E-05,0.006833824,N,
5858,Parathion,56-38-2,SH-SY5Y,20,384,6.40E-08,2.28E-06,3.11E-05,0.073540874,N,
5859,Trifluralin,1582-09-8,SH-SY5Y,20,384,1.61E-07,1.71E-07,3.51E-05,0.004891678,N,
5860,Cisapride,81098-60-4,SH-SY5Y,20,384,2.76E-07,1.11E-05,3.19E-05,0.348668052,B,7.8
5861,Citalopram hydrobromide,59729-33-8,SH-SY5Y,20,384,4.95E-08,7.44E-06,2.73E-05,0.273502363,N,
5862,Dofetilide,115256-11-6,SH-SY5Y,20,384,5.45E-08,3.69E-05,3.83E-05,0.966086922,B,8.4
5863,Moxifloxacin hydrochloride,186826-86-8,SH-SY5Y,20,384,1.03E-08,3.93E-05,3.98E-05,0.991497925,A,6
5864,N-acetylpro-cainamide,32795-44-1,SH-SY5Y,20,384,1.44E-08,3.98E-05,3.99E-05,1.002238337,B,9.2
5865,Quinidine sulfate,50-54-4,SH-SY5Y,20,384,3.85E-07,3.07E-05,3.89E-05,0.792367969,B,9.3
5866,Sematilide,101526-83-4,SH-SY5Y,20,384,1.37E-08,3.98E-05,3.99E-05,1.002486851,B,9.1
5867,Sotalol hydrochloride,959-24-0,SH-SY5Y,20,384,1.08E-08,3.99E-05,4.00E-05,1.003740425,B,9
5868,Mifepristone,84371-65-3,SH-SY5Y,20,384,9.80E-08,3.06E-07,3.53E-05,0.008701422,N,
5869,Perfluorobutanesulfonic_acid,375-73-5,SH-SY5Y,20,384,1.03E-08,3.88E-05,4.00E-05,0.973537317,A,-2.9
5870,4_2_Fluorotelomer_sulfonic_acid,757124-72-4,SH-SY5Y,20,384,1.03E-08,3.77E-05,4.00E-05,0.947286791,A,1.4
5871,Perfluorononanoic_acid,375-95-1,SH-SY5Y,20,384,5.13E-08,1.56E-07,3.99E-05,0.00391147,A,0.1
5872,Perfluorohexanoic_acid,307-24-4,SH-SY5Y,20,384,6.37E-09,1.44E-06,4.00E-05,0.036254002,A,0.1
5873,Perfluorobutanoic_acid,375-22-4,SH-SY5Y,20,384,1.03E-08,3.79E-05,4.00E-05,0.9524002,A,0.1
5874,Perfluorooctanoic_acid,335-67-1,SH-SY5Y,20,384,6.46E-09,1.71E-06,4.00E-05,0.042892934,A,0.1
5875,6_2_Fluorotelomer_sulfonic_acid,27619-97-2,SH-SY5Y,20,384,8.81E-09,1.79E-05,4.00E-05,0.449792138,A,1.4
5876,8_2_Fluorotelomer_sulfonic_acid,39108-34-4,SH-SY5Y,20,384,6.39E-09,1.52E-06,4.00E-05,0.038042778,A,1.4
5877,Perfluoroundecanoic_acid,2058-94-8,SH-SY5Y,20,384,4.30E-08,1.73E-07,4.00E-05,0.004338169,A,0.1
5878,Perfluorooctanesulfonic_acid,1763-23-1,SH-SY5Y,20,384,4.30E-08,1.73E-07,4.00E-05,0.004338169,A,-2.9
5879,Perfluoroheptanoic_acid,375-85-9,SH-SY5Y,20,384,7.49E-09,6.67E-06,4.00E-05,0.167389596,A,0.1
5880,Perfluoropentanoic_acid,2706-90-3,SH-SY5Y,20,384,9.95E-09,3.22E-05,4.00E-05,0.807984127,A,0.1
5881,Perfluorohexanesulfonic_acid,355-46-4,SH-SY5Y,20,384,9.37E-09,2.43E-05,4.00E-05,0.611011736,A,-2.9
5882,Perfluorodecanoic_acid,335-76-2,SH-SY5Y,20,384,8.34E-08,1.17E-07,3.99E-05,0.002941431,A,0.1
5883,cyclosporine A,59865-13-3,SH-SY5Y,20,384,4.07E-08,1.14E-05,2.66E-05,0.429281369,N,
5884,chlorpromazine,50-53-3,SH-SY5Y,20,384,4.08E-06,2.01E-06,3.53E-05,0.057239633,B,9.4
5885,PBDE 47,5436-43-1,SH-SY5Y,20,384,4.22E-07,1.45E-08,3.69E-05,3.94E-04,N,
5886,PBDE 99,60348-60-9,SH-SY5Y,20,384,4.84E-07,5.04E-09,3.77E-05,1.34E-04,N,
5887,PBDE 153,68631-49-2,SH-SY5Y,20,384,5.28E-07,1.42E-09,3.84E-05,3.72E-05,N,
5888,amiodarone,1951-25-3,SH-SY5Y,20,384,1.72E-05,5.37E-08,2.22E-05,2.43E-03,B,9
5889,Azathioprine,446-86-6,SH-SY5Y,20,384,1.02E-08,3.89E-05,3.90E-05,1.002652934,A,8.2
5890,Benzocaine,94-09-7,SH-SY5Y,20,384,1.54E-08,2.87E-05,3.15E-05,0.914027016,N,
5891,Butylated hydroxyanisole,25013-16-5,SH-SY5Y,20,384,5.55913E-08,5.07992E-06,2.84287E-05,0.179388945,N,
5892,Cetirizine dihydrochloride,83881-52-1,SH-SY5Y,20,384,1.03E-08,3.98E-05,4.00E-05,0.999530617,A,4.7
5893,Cyclamate,139-05-9,SH-SY5Y,20,384,1.04E-08,4.00E-05,4.00E-05,1.003896591,B,17.6
5894,Cyclophosphamide,6055-19-2,SH-SY5Y,20,384,1.04E-08,3.75E-05,3.77E-05,0.998549143,B,6.1
5895,Cypermethrin,67375-30-8,SH-SY5Y,20,384,3.93E-07,2.10E-08,3.65E-05,5.77E-04,N,
5896,DEET,134-62-3,SH-SY5Y,20,384,2.04E-08,2.40E-05,2.92E-05,0.825481961,N,
5897,Dexamethasone,50-02-2,SH-SY5Y,20,384,1.62E-08,2.79E-05,3.11E-05,0.901191512,N,
5898,Digoxin,20830-75-5,SH-SY5Y,20,384,1.13E-08,3.45E-05,3.53E-05,0.981824932,N,
5899,Fenazaquin,120928-09-8,SH-SY5Y,20,384,1.90E-07,1.35E-07,3.51E-05,0.003864529,N,
5900,Fenbuconazole,114369-43-6,SH-SY5Y,20,384,5.04E-08,7.08E-06,2.74E-05,0.259022637,N,
5901,Fluazinam,79622-59-6,SH-SY5Y,20,384,6.64E-08,1.56E-06,3.23E-05,0.048411384,N,
5902,Furosemide,54-31-9,SH-SY5Y,20,384,1.02E-08,3.58E-05,4.00E-05,0.898416352,A,3
5903,Glybenclamide,10238-21-8,SH-SY5Y,20,384,9.05E-09,4.44E-07,4.00E-05,0.011159392,A,5
5904,HC Red 3,2871-01-4,SH-SY5Y,20,384,1.02E-08,3.87E-05,3.88E-05,1.002502993,N,
5905,Hydralazine hydrochloride,304-20-1,SH-SY5Y,20,384,1.05E-08,3.73E-05,3.76E-05,0.998089327,B,6
5906,Ketoconazole,65277-42-1,SH-SY5Y,20,384,1.05E-07,8.38E-07,3.44E-05,0.024476679,B,6.6
5907,Metformin,1115-70-4,SH-SY5Y,20,384,1.04E-08,4.00E-05,4.00E-05,1.003904573,B,9.6
5908,Metoclopramide,364-62-5,SH-SY5Y,20,384,1.19E-07,3.67E-05,3.92E-05,0.941954217,B,9
5909,Nitrofurantoin,67-20-9,SH-SY5Y,20,384,1.03E-08,3.97E-05,3.97E-05,1.003643055,A,7.3
5910,Oxytetracycline hydrochloride,2058-46-0,SH-SY5Y,20,384,1.03E-08,4.00E-05,4.00E-05,1.003897602,A,4.5
5911,Panthenol,16485-10-2 ,SH-SY5Y,20,384,1.03E-08,3.97E-05,3.97E-05,1.003798496,N,
5912,Paracetamol,103-90-2,SH-SY5Y,20,384,1.02E-08,3.81E-05,3.82E-05,1.000752536,N,
5913,Topiramate,97240-79-4,SH-SY5Y,20,384,1.03E-08,3.98E-05,3.98E-05,1.003879421,A,9.2
5914,Trimellitic anhydride,552-30-7,SH-SY5Y,20,384,1.03E-08,3.89E-05,4.00E-05,0.976348624,A,3.3
5915,Verapamil hydrochloride,152-11-4,SH-SY5Y,20,384,1.21E-06,5.23E-06,3.80E-05,0.137922605,B,9.2
5916,Warfarin,129-06-6,SH-SY5Y,20,384,2.74E-08,1.89E-05,2.74E-05,0.69115041,N,
5917,Caffeine,58-08-2,HEK293H,20,384,1.46E-08,3.90E-05,3.91E-05,1.003048724,N,
5918,Lamotrigine,84057-84-1,HEK293H,20,384,1.42E-07,1.86E-05,2.78E-05,0.672055828,B,6.6
5919,Diclofenac,15307-79-6,HEK293H,20,384,1.71E-08,4.00E-05,4.00E-05,1.00348969,B,17.6
5920,"2,4-Dichlorophenoxyacetic",94-75-7,HEK293H,20,384,2.53E-08,2.19E-05,4.00E-05,0.549870884,A,2.7
5921,(S)-Naproxen,22204-53-1,HEK293H,20,384,2.95E-08,1.30E-05,3.99E-05,0.325599324,A,4.4
5922,Ibuprofen,15687-27-1,HEK293H,20,384,3.51E-08,4.30E-06,3.98E-05,0.108453046,A,5.4
5923,Torasemide,56211-40-6,HEK293H,20,384,3.05E-08,9.19E-06,4.00E-05,0.230791787,A,4
5924,Warfarin,81-81-2,HEK293H,20,384,2.42E-08,2.45E-05,3.99E-05,0.616902939,A,4.5
5925,di-n-butylphthalate,84-74-2,HEK293H,20,384,3.36E-07,4.11E-07,3.53E-05,0.01170014,N,
5926,hexachlorophene,70-30-4,HEK293H,20,384,2.19E-06,2.35E-08,3.71E-05,6.35E-04,A,6.2
5927,hexamethylenetetramine,100-97-0,HEK293H,20,384,1.32E-08,3.68E-05,3.68E-05,1.003871452,B,6.4
5928,Malathion,121-75-5,HEK293H,20,384,9.70E-08,2.09E-05,2.80E-05,0.751029015,N,
5929,pentachlorophenol,87-86-5,HEK293H,20,384,6.58E-08,3.52E-07,3.99E-05,0.008849317,A,5
5930,"2,2,2-trichloroethanol",115-20-8,HEK293H,20,384,2.54E-08,3.05E-05,3.15E-05,0.971529898,N,
5931,diethylphthalate,84-66-2,HEK293H,20,384,1.08E-07,1.95E-05,2.75E-05,0.71196546,N,
5932,4-chlorophenol,106-48-9,HEK293H,20,384,1.01E-07,2.04E-05,2.78E-05,0.736795306,N,
5933,permethrin,52645-53-1,HEK293H,20,384,1.72E-06,2.55E-08,3.51E-05,0.000729322,N,
5934,Aniline,62-53-3,HEK293H,20,384,1.81E-08,3.61E-05,3.64E-05,0.994668488,N,
5935,4-fluoroaniline,371-40-4,HEK293H,20,384,2.11E-08,3.45E-05,3.51E-05,0.986966426,N,
5936,"2,4,6-trichlorophenol",88-06-2,HEK293H,20,384,1.04E-07,4.23E-06,3.71E-05,0.114648247,A,6.8
5937,Allyl alcohol,107-18-6,HEK293H,20,384,1.39E-08,3.61E-05,3.62E-05,1.002358012,N,
5938,N-methylaniline,100-61-8,HEK293H,20,384,3.44E-08,2.89E-05,3.06E-05,0.946971232,N,
5939,"3,4-dichloroaniline",95-76-1,HEK293H,20,384,1.45E-07,1.51E-05,2.66E-05,0.570648432,N,
5940,4-decylaniline,37529-30-9,HEK293H,20,384,1.57E-06,3.56E-08,3.49E-05,0.001023937,N,
5941,naphthalene,91-20-3,HEK293H,20,384,2.10E-07,5.43E-06,2.40E-05,0.227230992,N,
5942,"1,2,4-trichlorobenzene",120-82-1,HEK293H,20,384,1.24E-07,6.43E-07,1.27E-05,0.050740255,N,
5943,"1,2-dichlorobenzene",95-50-1,HEK293H,20,384,6.08E-08,1.16E-06,6.65E-06,0.175780755,N,
5944,dichloromethane,75-09-2,HEK293H,20,384,1.61E-09,2.37E-06,2.42E-06,0.982349427,N,
5945,tetrachloroethylene,127-18-4,HEK293H,20,384,2.34E-08,4.79E-07,2.57E-06,0.186778431,N,
5946,"2,3-dimethyl-1,3-butadiene",513-81-5,HEK293H,20,384,4.08E-10,1.79E-08,5.26E-08,0.341718023,N,
5947,Eugenol F,97-53-0,HEK293H,20,384,8.57E-08,2.24E-05,2.85E-05,0.790621879,N,
5948,Methyl-antranilate,134-20-3,HEK293H,20,384,4.97E-08,2.84E-05,3.13E-05,0.909918026,N,
5949,Lilyfore,285977-85-7,HEK293H,20,384,2.33E-07,6.93E-06,2.74E-05,0.254308513,N,
5950,Damascone beta,23726-91-2,HEK293H,20,384,3.19E-07,8.25E-07,3.34E-05,0.024828186,N,
5951,Veloutone,14595-54-1,HEK293H,20,384,7.12E-07,1.83E-07,3.46E-05,0.005298327,N,
5952,Verdox,82356-51-2,HEK293H,20,384,1.67328E-06,2.79397E-08,3.49502E-05,0.000802543,N,
5953,Nirvanol,1506-02-1,HEK293H,20,384,1.04336E-06,1.0035E-07,3.45187E-05,0.002918496,N,
5954,Cetalox,3738-00-9,HEK293H,20,384,7.80E-07,1.51E-07,3.36E-05,0.00450852,N,
5955,Tonalide,21145-77-7,HEK293H,20,384,1.04E-06,1.00E-07,3.45E-05,0.002918496,N,
5956,"2,4-Dinitrophenol",51-28-5,HEK293H,20,384,1.58E-08,3.82E-05,4.00E-05,0.958172353,A,4.1
5957,Aldrin,309-00-2,HEK293H,20,384,1.71E-06,2.54E-08,3.50E-05,0.000729322,N,
5958,Azinphos-methyl,86-50-0,HEK293H,20,384,1.55E-07,1.41E-05,2.65E-05,0.533919875,N,
5959,Chlorpyrifos,2921-88-2,HEK293H,20,384,5.07E-07,2.74E-07,3.49E-05,0.007897835,N,
5960,"DDD-p,p'",50-29-3,HEK293H,20,384,1.99E-06,1.14E-08,3.56E-05,3.21E-04,N,
5961,"DDT-o,p'",789-02-6,HEK293H,20,384,1.76E-06,2.27E-08,3.52E-05,6.49E-04,N,
5962,"DDT-p,p'",72-54-8,HEK293H,20,384,1.41E-06,5.07E-08,3.47E-05,0.001466675,N,
5963,Diazinon,333-41-5,HEK293H,20,384,2.99E-07,2.36E-06,3.08E-05,0.07698005,N,
5964,Dicofol,115-32-2,HEK293H,20,384,5.42E-07,2.55E-07,3.48E-05,0.007351781,N,
5965,Dieldrin,60-57-1,HEK293H,20,384,6.04E-07,2.25E-07,3.47E-05,0.006503656,N,
5966,Disulfoton,298-04-4,HEK293H,20,384,3.13E-07,1.52E-06,3.22E-05,0.04728531,N,
5967,Endosulfan I,115-29-7,HEK293H,20,384,3.00E-07,2.27E-06,3.09E-05,0.073540874,N,
5968,Endrin,72-20-8,HEK293H,20,384,8.24E-07,1.49E-07,3.45E-05,0.004325509,N,
5969,Ethion,563-12-2,HEK293H,20,384,5.72E-07,2.40E-07,3.48E-05,0.00691824,N,
5970,Heptachlor,76-44-8,HEK293H,20,384,1.39E-06,5.25E-08,3.47E-05,0.001518687,N,
5971,Heptachlor epoxide B,1024-57-3,HEK293H,20,384,5.18E-07,2.68E-07,3.49E-05,0.007712633,N,
5972,Lindane,58-89-9,HEK293H,20,384,2.90E-07,2.83E-06,3.01E-05,0.094344232,N,
5973,"Methoxychlor-o,p'",72-43-5,HEK293H,20,384,5.79E-07,2.37E-07,3.48E-05,0.006833824,N,
5974,Parathion,56-38-2,HEK293H,20,384,3.00E-07,2.27E-06,3.09E-05,0.073540874,N,
5975,Trifluralin,1582-09-8,HEK293H,20,384,7.56E-07,1.68E-07,3.46E-05,0.004891678,N,
5976,Cisapride,81098-60-4,HEK293H,20,384,6.44E-07,1.10E-05,3.16E-05,0.348668052,B,7.8
5977,Citalopram hydrobromide,59729-33-8,HEK293H,20,384,2.28E-07,7.41E-06,2.72E-05,0.273502363,N,
5978,Dofetilide,115256-11-6,HEK293H,20,384,1.11E-07,3.68E-05,3.83E-05,0.966086922,B,8.4
5979,Moxifloxacin hydrochloride,186826-86-8,HEK293H,20,384,1.51E-08,3.93E-05,3.98E-05,0.991497925,A,6
5980,N-acetylpro-cainamide,32795-44-1,HEK293H,20,384,2.29E-08,3.98E-05,3.99E-05,1.002238337,B,9.2
5981,Quinidine sulfate,50-54-4,HEK293H,20,384,8.02E-07,3.04E-05,3.85E-05,0.792367969,B,9.3
5982,Sematilide,101526-83-4,HEK293H,20,384,2.15E-08,3.98E-05,3.99E-05,1.002486851,B,9.1
5983,Sotalol hydrochloride,959-24-0,HEK293H,20,384,1.53E-08,3.99E-05,3.99E-05,1.003740425,B,9
5984,Mifepristone,84371-65-3,HEK293H,20,384,4.61E-07,3.03E-07,3.50E-05,0.008701422,N,
5985,Perfluorobutanesulfonic_acid,375-73-5,HEK293H,20,384,1.53E-08,3.88E-05,4.00E-05,0.973537317,A,-2.9
5986,4_2_Fluorotelomer_sulfonic_acid,757124-72-4,HEK293H,20,384,1.61E-08,3.77E-05,4.00E-05,0.947286791,A,1.4
5987,Perfluorononanoic_acid,375-95-1,HEK293H,20,384,2.53E-07,1.55E-07,3.97E-05,0.00391147,A,0.1
5988,Perfluorohexanoic_acid,307-24-4,HEK293H,20,384,3.02E-08,1.44E-06,4.00E-05,0.036254002,A,0.1
5989,Perfluorobutanoic_acid,375-22-4,HEK293H,20,384,1.60E-08,3.79E-05,4.00E-05,0.9524002,A,0.1
5990,Perfluorooctanoic_acid,335-67-1,HEK293H,20,384,3.04E-08,1.71E-06,4.00E-05,0.042892934,A,0.1
5991,6_2_Fluorotelomer_sulfonic_acid,27619-97-2,HEK293H,20,384,2.71E-08,1.79E-05,4.00E-05,0.449792138,A,1.4
5992,8_2_Fluorotelomer_sulfonic_acid,39108-34-4,HEK293H,20,384,3.02E-08,1.51E-06,4.00E-05,0.038042778,A,1.4
5993,Perfluoroundecanoic_acid,2058-94-8,HEK293H,20,384,2.12E-07,1.72E-07,3.98E-05,0.004338169,A,0.1
5994,Perfluorooctanesulfonic_acid,1763-23-1,HEK293H,20,384,2.12E-07,1.72E-07,3.98E-05,0.004338169,A,-2.9
5995,Perfluoroheptanoic_acid,375-85-9,HEK293H,20,384,3.09E-08,6.66E-06,4.00E-05,0.167389596,A,0.1
5996,Perfluoropentanoic_acid,2706-90-3,HEK293H,20,384,1.97E-08,3.22E-05,4.00E-05,0.807984127,A,0.1
5997,Perfluorohexanesulfonic_acid,355-46-4,HEK293H,20,384,2.40E-08,2.43E-05,4.00E-05,0.611011736,A,-2.9
5998,Perfluorodecanoic_acid,335-76-2,HEK293H,20,384,4.09E-07,1.16E-07,3.96E-05,0.002941431,A,0.1
5999,cyclosporine A,59865-13-3,HEK293H,20,384,1.83E-07,1.13E-05,2.65E-05,0.429281369,N,
6000,chlorpromazine,50-53-3,HEK293H,20,384,7.74E-06,1.81E-06,3.17E-05,0.057239633,B,9.4
6001,PBDE 47,5436-43-1,HEK293H,20,384,1.93E-06,1.39E-08,3.55E-05,3.94E-04,N,
6002,PBDE 99,60348-60-9,HEK293H,20,384,2.20E-06,4.82E-09,3.60E-05,1.34E-04,N,
6003,PBDE 153,68631-49-2,HEK293H,20,384,2.40E-06,1.35E-09,3.66E-05,3.72E-05,N,
6004,amiodarone,1951-25-3,HEK293H,20,384,2.46E-05,3.62E-08,1.49E-05,2.43E-03,B,9
6005,Azathioprine,446-86-6,HEK293H,20,384,1.47E-08,3.89E-05,3.90E-05,1.002652934,A,8.2
6006,Benzocaine,94-09-7,HEK293H,20,384,4.84E-08,2.86E-05,3.15E-05,0.914027016,N,
6007,Butylated hydroxyanisole,25013-16-5,HEK293H,20,384,2.58222E-07,5.05415E-06,2.82845E-05,0.179388945,N,
6008,Cetirizine dihydrochloride,83881-52-1,HEK293H,20,384,1.45E-08,3.98E-05,4.00E-05,0.999530617,A,4.7
6009,Cyclamate,139-05-9,HEK293H,20,384,1.45E-08,4.00E-05,4.00E-05,1.003896591,B,17.6
6010,Cyclophosphamide,6055-19-2,HEK293H,20,384,1.68E-08,3.75E-05,3.77E-05,0.998549143,B,6.1
6011,Cypermethrin,67375-30-8,HEK293H,20,384,1.80E-06,2.03E-08,3.52E-05,5.77E-04,N,
6012,DEET,134-62-3,HEK293H,20,384,7.59E-08,2.40E-05,2.91E-05,0.825481961,N,
6013,Dexamethasone,50-02-2,HEK293H,20,384,5.26E-08,2.79E-05,3.10E-05,0.901191512,N,
6014,Digoxin,20830-75-5,HEK293H,20,384,2.37E-08,3.45E-05,3.53E-05,0.981824932,N,
6015,Fenazaquin,120928-09-8,HEK293H,20,384,8.87E-07,1.33E-07,3.45E-05,0.003864529,N,
6016,Fenbuconazole,114369-43-6,HEK293H,20,384,2.32E-07,7.05E-06,2.73E-05,0.259022637,N,
6017,Fluazinam,79622-59-6,HEK293H,20,384,3.12E-07,1.55E-06,3.21E-05,0.048411384,N,
6018,Furosemide,54-31-9,HEK293H,20,384,1.74E-08,3.58E-05,4.00E-05,0.898416352,A,3
6019,Glybenclamide,10238-21-8,HEK293H,20,384,4.42E-08,4.44E-07,3.99E-05,0.011159392,A,5
6020,HC Red 3,2871-01-4,HEK293H,20,384,1.48E-08,3.87E-05,3.88E-05,1.002502993,N,
6021,Hydralazine hydrochloride,304-20-1,HEK293H,20,384,1.70E-08,3.73E-05,3.76E-05,0.998089327,B,6
6022,Ketoconazole,65277-42-1,HEK293H,20,384,3.87E-07,8.33E-07,3.41E-05,0.024476679,B,6.6
6023,Metformin,1115-70-4,HEK293H,20,384,1.44E-08,4.00E-05,4.00E-05,1.003904573,B,9.6
6024,Metoclopramide,364-62-5,HEK293H,20,384,2.46E-07,3.66E-05,3.90E-05,0.941954217,B,9
6025,Nitrofurantoin,67-20-9,HEK293H,20,384,1.44E-08,3.97E-05,3.97E-05,1.003643055,A,7.3
6026,Oxytetracycline hydrochloride,2058-46-0,HEK293H,20,384,1.43E-08,4.00E-05,4.00E-05,1.003897602,A,4.5
6027,Panthenol,16485-10-2 ,HEK293H,20,384,1.43E-08,3.97E-05,3.97E-05,1.003798496,N,
6028,Paracetamol,103-90-2,HEK293H,20,384,1.56E-08,3.80E-05,3.82E-05,1.000752536,N,
6029,Topiramate,97240-79-4,HEK293H,20,384,1.43E-08,3.98E-05,3.98E-05,1.003879421,A,9.2
6030,Trimellitic anhydride,552-30-7,HEK293H,20,384,1.53E-08,3.89E-05,4.00E-05,0.976348624,A,3.3
6031,Verapamil hydrochloride,152-11-4,HEK293H,20,384,2.47E-06,5.06E-06,3.68E-05,0.137922605,B,9.2
6032,Warfarin,129-06-6,HEK293H,20,384,1.13E-07,1.88E-05,2.74E-05,0.69115041,N,
