"","Chemical","CAS","Cell.type","FBS","Well","Q_cells","Q_media_free","Q_media","F_free_media"
"1","2,4-Dinitrophenol","51-28-5","Rat cerebellar granule cell",2,96,4.32667238563237e-08,0.000145121454406663,0.000149764309015063,0.968998924784321
"2","Aldrin","309-00-2","Rat cerebellar granule cell",2,96,3.22956393743923e-05,5.37868783392947e-08,6.14968433336098e-05,0.000874628280471408
"3","Azinphos-methyl","86-50-0","Rat cerebellar granule cell",2,96,1.34659905413696e-06,0.000124128873592683,0.000145755656637456,0.851623027581248
"4","Chlorpyrifos","2921-88-2","Rat cerebellar granule cell",2,96,2.59163276615089e-05,3.77888373222954e-06,7.60773516609922e-05,0.0496715993620361
"5","DDD-p,p'","50-29-3","Rat cerebellar granule cell",2,96,3.21345267949621e-05,1.69279764832373e-08,5.93499688537189e-05,0.00028522300533906
"6","DDT-o,p'","789-02-6","Rat cerebellar granule cell",2,96,3.14953805995585e-05,4.54322393505888e-08,6.1152942882158e-05,0.000742928094861059
"7","DDT-p,p'","72-54-8","Rat cerebellar granule cell",2,96,2.75401688727568e-05,1.56120005691612e-07,6.39476721025147e-05,0.00244137121115739
"8","Diazinon","333-41-5","Rat cerebellar granule cell",2,96,1.08526346342701e-05,4.98322272009582e-05,0.000114341289627297,0.435820055584378
"9","Dicofol","115-32-2","Rat cerebellar granule cell",2,96,2.77290276582271e-05,3.21925371602089e-06,7.51557997391909e-05,0.042834401698771
"10","Dieldrin","60-57-1","Rat cerebellar granule cell",2,96,2.90527761413823e-05,2.46022135072711e-06,7.3726870098624e-05,0.0333693990730393
"11","Disulfoton","298-04-4","Rat cerebellar granule cell",2,96,1.24214427810087e-05,3.45865128590351e-05,0.000104723281961926,0.330265746174855
"12","Endosulfan I","115-29-7","Rat cerebellar granule cell",2,96,1.48788699644205e-05,4.82423509785122e-05,0.000113372123140232,0.425522162258888
"13","Endrin","72-20-8","Rat cerebellar granule cell",2,96,3.04816385428156e-05,1.05768782864363e-06,6.99763202165622e-05,0.0151149392447374
"14","Ethion","563-12-2","Rat cerebellar granule cell",2,96,2.90567917509451e-05,2.8149908155827e-06,7.44256694669015e-05,0.0378228484304677
"15","Heptachlor","76-44-8","Rat cerebellar granule cell",2,96,3.20709941634179e-05,1.65092023341858e-07,6.40898122608481e-05,0.002575947994198
"16","Heptachlor epoxide B","1024-57-3","Rat cerebellar granule cell",2,96,2.89005448699187e-05,3.58254311182381e-06,7.57624633888284e-05,0.0472865183044203
"17","Lindane","58-89-9","Rat cerebellar granule cell",2,96,9.17656908365116e-06,5.7114067904954e-05,0.000118436980834796,0.482231710926679
"18","Methoxychlor-o,p'","72-43-5","Rat cerebellar granule cell",2,96,2.61713743279851e-05,2.74027548602036e-06,7.4283567405923e-05,0.036889389964891
"19","Parathion","56-38-2","Rat cerebellar granule cell",2,96,1.06540472770969e-05,4.82627427041096e-05,0.000113420044793687,0.425522162258888
"20","Trifluralin","1582-09-8","Rat cerebellar granule cell",2,96,2.64938343122155e-05,1.35322453019743e-06,7.09723333936561e-05,0.0190669302457849
"21","Eugenol F","97-53-0","Rat cerebellar granule cell",2,96,1.97125751852274e-07,0.000137847849381162,0.000148797816344051,0.926410432411385
"22","Methyl-antranilate","134-20-3","Rat cerebellar granule cell",2,96,6.2873645273697e-08,0.000143325885931871,0.000149583972603434,0.958163387676876
"23","Lilyfore","285977-85-7","Rat cerebellar granule cell",2,96,2.36290591894489e-06,9.6329613777563e-05,0.000136589691827058,0.705248049754225
"24","Damascone beta","23726-91-2","Rat cerebellar granule cell",2,96,1.08493475763322e-05,1.98281296886323e-05,9.32280495147477e-05,0.212684163101532
"25","Veloutone","14595-54-1","Rat cerebellar granule cell",2,96,1.7414220624717e-05,1.59387535890809e-06,7.16721626260967e-05,0.0222384158717675
"26","Verdox","82356-51-2","Rat cerebellar granule cell",2,96,NA,NA,NA,NA
"27","Nirvanol","1506-02-1","Rat cerebellar granule cell",2,96,NA,NA,NA,NA
"28","Cetalox","3738-00-9","Rat cerebellar granule cell",2,96,1.88287178890847e-05,1.14770510139023e-06,7.02616902857108e-05,0.0163347209086947
"29","Tonalide","21145-77-7","Rat cerebellar granule cell",2,96,2.13649892741299e-05,5.024302214004e-07,6.73168290759134e-05,0.00746366441048208
"30","Caffeine","8/2/1958","Rat cerebellar granule cell",2,96,2.01536212292732e-09,0.000148085745946906,0.000149976999407099,0.987389709971068
"31","Lamotrigine","84057-84-1","Rat cerebellar granule cell",2,96,6.83394982161565e-07,0.000130517030669018,0.000147331418514413,0.885873712376224
"32","Diclofenac","15307-79-6","Rat cerebellar granule cell",2,96,6.68561417339405e-09,0.000148025300435032,0.000149977423619889,0.98698388638943
"33","2,4-Dichlorophenoxyacetic","94-75-7","Rat cerebellar granule cell",2,96,1.09081689532346e-06,0.00012158743204736,0.000145065050407167,0.838157996747594
"34","(S)-Naproxen","22204-53-1","Rat cerebellar granule cell",2,96,2.71422118542979e-06,0.000100607975387714,0.000138212357580707,0.727923154982473
"35","Ibuprofen","15687-27-1","Rat cerebellar granule cell",2,96,6.60224019403862e-06,5.62928818450372e-05,0.000117993542077612,0.477084430671719
"36","Torasemide","56211-40-6","Rat cerebellar granule cell",2,96,6.08155886285247e-06,8.63565935812724e-05,0.000132545322046208,0.651525019880873
"37","Warfarin","81-81-2","Rat cerebellar granule cell",2,96,1.15205488121616e-06,0.000126082709767222,0.000146263522614784,0.862024293639419
"38","di-n-butylphthalate","84-74-2","Rat cerebellar granule cell",2,96,1.87208648111588e-05,9.41435485454756e-06,8.27400835463648e-05,0.113782273972108
"39","hexachlorophene","70-30-4","Rat cerebellar granule cell",2,96,3.79042973750494e-05,2.83765434483694e-09,5.68461602973209e-05,4.99181357191978e-05
"40","hexamethylenetetramine","100-97-0","Rat cerebellar granule cell",2,96,1.25238854078169e-09,0.000148110268337869,0.000149989836217359,0.987468698367221
"41","Malathion","121-75-5","Rat cerebellar granule cell",2,96,5.05223288912228e-07,0.000136009576885889,0.000148470652125151,0.916070448530406
"42","pentachlorophenol","87-86-5","Rat cerebellar granule cell",2,96,2.03144400156794e-05,2.4602394572606e-06,7.37274127075407e-05,0.0333693990730393
"43","2,2,2-trichloroethanol","115-20-8","Rat cerebellar granule cell",2,96,1.79301551338831e-08,0.0001465679919835,0.000149832480631337,0.978212410059008
"44","diethylphthalate","84-66-2","Rat cerebellar granule cell",2,96,4.20815796061003e-07,0.000134132201586757,0.00014810630781273,0.905648135907607
"45","4-chlorophenol","106-48-9","Rat cerebellar granule cell",2,96,2.130397706892e-07,0.000135329752795737,0.000148338181880126,0.912305591726197
"46","permethrin","52645-53-1","Rat cerebellar granule cell",2,96,3.46303792628495e-05,5.37869250140408e-08,6.14968966988475e-05,0.000874628280471408
"47","Aniline","62-53-3","Rat cerebellar granule cell",2,96,3.09351371589269e-09,0.00014795566060652,0.000149950315984649,0.986697891464704
"48","4-fluoroaniline","371-40-4","Rat cerebellar granule cell",2,96,6.59029257771521e-09,0.00014769324713367,0.000149935792888688,0.985043292786782
"49","2,4,6-trichlorophenol","6/2/1988","Rat cerebellar granule cell",2,96,5.96511716071518e-06,5.9608766581839e-05,0.0001197847932412,0.49763216990165
"50","Allyl alcohol","107-18-6","Rat cerebellar granule cell",2,96,6.88924609634384e-10,0.0001480473731758,0.000149947468126909,0.987328262525243
"51","N-methylaniline","100-61-8","Rat cerebellar granule cell",2,96,2.4496504435168e-08,0.00014512499856385,0.000149700470777231,0.969435819475876
"52","3,4-dichloroaniline","95-76-1","Rat cerebellar granule cell",2,96,5.90062450216749e-07,0.000126455108998618,0.000146356880516007,0.864018886934305
"53","4-decylaniline","37529-30-9","Rat cerebellar granule cell",2,96,2.03991039371119e-05,8.91737938434675e-08,6.25963951922665e-05,0.00142458353343779
"54","naphthalene","91-20-3","Rat cerebellar granule cell",2,96,1.91763585940041e-06,9.04976569765248e-05,0.000132847062541898,0.681216846236124
"55","1,2,4-trichlorobenzene","120-82-1","Rat cerebellar granule cell",2,96,7.8201878092646e-06,3.58959707442687e-05,0.000104095396639369,0.344837254125923
"56","1,2-dichlorobenzene","95-50-1","Rat cerebellar granule cell",2,96,2.71994193415676e-06,7.70549541322877e-05,0.000123339429200898,0.624739020048318
"57","dichloromethane","9/2/1975","Rat cerebellar granule cell",2,96,5.54576157906511e-09,0.000125352947228334,0.00012754461486539,0.982816462777597
"58","tetrachloroethylene","127-18-4","Rat cerebellar granule cell",2,96,1.98635934738001e-06,5.43710574250032e-05,8.518374020496e-05,0.638279762008352
"59","2,3-dimethyl-1,3-butadiene","513-81-5","Rat cerebellar granule cell",2,96,2.73481677203132e-07,3.89565773865821e-05,5.08619778141447e-05,0.765927300918847
"60","cyclosporine A","59865-13-3","Rat cerebellar granule cell",2,96,7.77937675004131e-06,0.000116328879603581,0.000143531255417424,0.810477684914468
"61","chlorpromazine","50-53-3","Rat cerebellar granule cell",2,96,2.54472174902898e-05,1.11732598510492e-06,7.01931328396036e-05,0.0159178817058656
"62","PBDE 47","5436-43-1","Rat cerebellar granule cell",2,96,4.38028330376584e-05,2.24536292448192e-08,5.98312927540141e-05,0.000375282368327447
"63","PBDE 99","60348-60-9","Rat cerebellar granule cell",2,96,5.216325909901e-05,5.30037601547474e-09,5.76248108880136e-05,9.19807967053521e-05
"64","PBDE 153","68631-49-2","Rat cerebellar granule cell",2,96,6.06506983809546e-05,1.01859431859767e-09,5.57601858718684e-05,1.82674125394471e-05
"65","amiodarone","1951-25-3","Rat cerebellar granule cell",2,96,6.01770235483851e-05,2.6056848395854e-09,5.6747108141579e-05,4.59174912153135e-05
"66","PFBS","375-73-5","Rat cerebellar granule cell",2,96,4.46030374505889e-08,0.00014619815356631,0.0001498513703777,0.975621065044773
"67","4:2 FTS","757124-72-4","Rat cerebellar granule cell",2,96,9.84532980586883e-08,0.000144425031018319,0.000149699972760209,0.964763241805396
"68","PFNA","375-95-1","Rat cerebellar granule cell",2,96,3.97675874218332e-05,1.795268221647e-07,6.43087669644235e-05,0.00279163838212007
"69","PFHxA","307-24-4","Rat cerebellar granule cell",2,96,1.66445950839122e-05,2.41303334497545e-05,9.70001745407728e-05,0.248765876597589
"70","PFBA","375-22-4","Rat cerebellar granule cell",2,96,5.74521816664451e-08,0.000144363047878447,0.000149333568360673,0.966715317012842
"71","PFOA","335-67-1","Rat cerebellar granule cell",2,96,2.07376198650098e-05,2.78877565087899e-05,9.99175985069299e-05,0.279107553879567
"72","6:2 FTS","27619-97-2","Rat cerebellar granule cell",2,96,3.12313487227118e-06,0.000113669759790542,0.000142705851977953,0.796531874587057
"73","8:2 FTS","39108-34-4","Rat cerebellar granule cell",2,96,2.75600704919809e-05,2.5163477734063e-05,9.78206851677307e-05,0.257240865681076
"74","PFUnDA","2058-94-8","Rat cerebellar granule cell",2,96,4.78254582349855e-05,2.50896987715706e-07,6.52166174937367e-05,0.0038471327915742
"75","PFOS","1763-23-1","Rat cerebellar granule cell",2,96,4.2402713091633e-05,2.50896987724055e-07,6.52166174959068e-05,0.0038471327915742
"76","PFHpA","375-85-9","Rat cerebellar granule cell",2,96,8.52030095549858e-06,7.31301534843978e-05,0.000126596436679826,0.577663600985474
"77","PFPeA","2706-90-3","Rat cerebellar granule cell",2,96,3.6270090311438e-07,0.000136860673871921,0.000148626390873931,0.920836959487294
"78","PFHxS","355-46-4","Rat cerebellar granule cell",2,96,1.53369723217056e-06,0.000125703685251106,0.000146166809695114,0.860001566110037
"79","PFDA","335-76-2","Rat cerebellar granule cell",2,96,4.51902823221182e-05,7.12405451381197e-08,6.20948445331893e-05,0.00114728598925861
"80","Azathioprine","446-86-6","Rat cerebellar granule cell",2,96,3.13895759715527e-09,0.000148090895131503,0.000149988279652023,0.98734978143011
"81","Benzocaine","94-09-7","Rat cerebellar granule cell",2,96,6.506522221178e-08,0.000143524082992399,0.000149606095579445,0.959346492109895
"82","Butylated hydroxyanisole","25013-16-5","Rat cerebellar granule cell",2,96,NA,NA,NA,NA
"83","Cetirizine dihydrochloride","83881-52-1","Rat cerebellar granule cell",2,96,9.01398795880097e-09,0.000148022130117685,0.000149976820388206,0.986966717487
"84","Cyclamate","139-05-9","Rat cerebellar granule cell",2,96,1.6535579457784e-09,0.000148107974237456,0.000149990659529875,0.987447983105616
"85","Cyclophosphamide","6055-19-2","Rat cerebellar granule cell",2,96,5.84275511847597e-09,0.000148017919329301,0.000149969095467449,0.986989478518448
"86","Cypermethrin","67375-30-8","Rat cerebellar granule cell",2,96,3.71257509364052e-05,3.83701111351952e-08,6.08197191017085e-05,0.000630882741681675
"87","DEET","134-62-3","Rat cerebellar granule cell",2,96,1.80007795438273e-07,0.000139436745095171,0.000149057772473532,0.935454373034658
"88","Dexamethasone","50-02-2","Rat cerebellar granule cell",2,96,1.82042570143908e-07,0.000142910060048734,0.000149536149483129,0.955689046044734
"89","Digoxin","20830-75-5","Rat cerebellar granule cell",2,96,6.15214489233531e-08,0.000147308951130295,0.000149921220214319,0.98257572156704
"90","Fenazaquin","120928-09-8","Rat cerebellar granule cell",2,96,2.47756954373188e-05,8.48957943026217e-07,6.91393122107013e-05,0.0122789468954945
"91","Fenbuconazole","114369-43-6","Rat cerebellar granule cell",2,96,4.42053378521077e-06,9.70468523924516e-05,0.000136854909668417,0.709122183687705
"92","Fluazinam","79622-59-6","Rat cerebellar granule cell",2,96,2.08461438690368e-05,3.52449281014565e-05,0.000105178258221644,0.335097088479866
"93","Furosemide","54-31-9","Rat cerebellar granule cell",2,96,2.07038209315265e-07,0.00014161754915041,0.000149374013249831,0.948073537487086
"94","Glybenclamide","10238-21-8","Rat cerebellar granule cell",2,96,3.56105617903346e-05,5.05739733017817e-06,7.79138424775507e-05,0.0649101259719716
"95","HC Red 3","1/4/2871","Rat cerebellar granule cell",2,96,2.27575333115781e-09,0.00014808903521714,0.000149987733036282,0.987340979287398
"96","Hydralazine hydrochloride","304-20-1","Rat cerebellar granule cell",2,96,3.77958477346552e-09,0.000148019601663887,0.000149976048704671,0.986954936753692
"97","Ketoconazole","65277-42-1","Rat cerebellar granule cell",2,96,3.12402107783488e-05,1.73846466579019e-05,9.12147724416851e-05,0.190590254106221
"98","Metformin","1115-70-4","Rat cerebellar granule cell",2,96,1.16704296448657e-09,0.000148110121508224,0.000149990935453705,0.987460482596556
"99","Metoclopramide","364-62-5","Rat cerebellar granule cell",2,96,9.1140950099878e-07,0.000128916152776316,0.000146959940210574,0.877219687158257
"100","Nitrofurantoin","67-20-9","Rat cerebellar granule cell",2,96,2.22879859651251e-09,0.000148106666597363,0.000149990523826283,0.987440158345588
"101","Oxytetracycline hydrochloride","2058-46-0","Rat cerebellar granule cell",2,96,4.10184144373586e-09,0.000148111880423734,0.000149991091170936,0.987471184238135
"102","Panthenol","16485-10-2 ","Rat cerebellar granule cell",2,96,1.85243678904251e-09,0.000148110181704587,0.000149990881183027,0.987461241219427
"103","Paracetamol","103-90-2","Rat cerebellar granule cell",2,96,2.38052992136626e-09,0.000148063092658119,0.000149984204718871,0.987191237474953
"104","Topiramate","97240-79-4","Rat cerebellar granule cell",2,96,3.0270213758408e-09,0.000148111620919885,0.000149991004167676,0.987470026897813
"105","Trimellitic anhydride","552-30-7","Rat cerebellar granule cell",2,96,2.56591416377631e-08,0.00014641268622052,0.000149866448881973,0.97695439715014
"106","Verapamil hydrochloride","152-11-4","Rat cerebellar granule cell",2,96,2.8747567390189e-05,1.2866055702319e-05,8.6762609149827e-05,0.148290327231874
"107","Warfarin","129-06-6","Rat cerebellar granule cell",2,96,6.49215444421305e-07,0.000133098796596534,0.000147894413361765,0.899958244338555
"108","2,4-Dinitrophenol","51-28-5","Balbc_3T3",2,96,3.24207506932567e-08,0.000145178538151039,0.000149823219033347,0.96899892478432
"109","Aldrin","309-00-2","Balbc_3T3",2,96,9.2181230122723e-06,1.09099710842585e-07,0.000124738375465954,0.000874628280471414
"110","Azinphos-methyl","86-50-0","Balbc_3T3",2,96,3.21337928488351e-07,0.000126880455295978,0.000148986642195831,0.851623027581248
"111","Chlorpyrifos","2921-88-2","Balbc_3T3",2,96,6.41455156190024e-06,6.54187369181313e-06,0.000131702497520405,0.0496715993620363
"112","DDD-p,p'","50-29-3","Balbc_3T3",2,96,9.38862210154737e-06,3.52293515544427e-08,0.000123515112368174,0.000285223005339062
"113","DDT-o,p'","789-02-6","Balbc_3T3",2,96,9.02294041763363e-06,9.25291882315461e-08,0.000124546626882983,0.000742928094861064
"114","DDT-p,p'","72-54-8","Balbc_3T3",2,96,7.66067098121471e-06,3.07767271087865e-07,0.000126063283486479,0.00244137121115741
"115","Diazinon","333-41-5","Balbc_3T3",2,96,2.11937047158531e-06,6.23379653378524e-05,0.000143036018051682,0.435820055584379
"116","Dicofol","115-32-2","Balbc_3T3",2,96,6.92080949420967e-06,5.62500710574262e-06,0.000131319847661231,0.0428344016987712
"117","Dieldrin","60-57-1","Balbc_3T3",2,96,7.34669925766344e-06,4.36174103663737e-06,0.000130710805642329,0.0333693990730395
"118","Disulfoton","298-04-4","Balbc_3T3",2,96,2.52641563119715e-06,4.64950606936639e-05,0.000140780753778345,0.330265746174856
"119","Endosulfan I","115-29-7","Balbc_3T3",2,96,2.91479189398937e-06,6.07459769738918e-05,0.000142756317676666,0.425522162258888
"120","Endrin","72-20-8","Balbc_3T3",2,96,7.98490168375989e-06,1.95037769662683e-06,0.000129036423173575,0.0151149392447375
"121","Ethion","563-12-2","Balbc_3T3",2,96,7.30071991264176e-06,4.95522134920617e-06,0.000131011321326464,0.0378228484304679
"122","Heptachlor","76-44-8","Balbc_3T3",2,96,8.90763174608692e-06,3.24915044846602e-07,0.000126134163258898,0.00257594799419802
"123","Heptachlor epoxide B","1024-57-3","Balbc_3T3",2,96,7.17331810684272e-06,6.22137166244903e-06,0.000131567556367698,0.0472865183044206
"124","Lindane","58-89-9","Balbc_3T3",2,96,1.76972979969862e-06,6.93944780787415e-05,0.000143902768122382,0.48223171092668
"125","Methoxychlor-o,p'","72-43-5","Balbc_3T3",2,96,6.5843169870528e-06,4.83069729498454e-06,0.000130950858758631,0.0368893899648912
"126","Parathion","56-38-2","Balbc_3T3",2,96,2.08737177120032e-06,6.07783124284965e-05,0.00014283230773658,0.425522162258888
"127","Trifluralin","1582-09-8","Balbc_3T3",2,96,6.8741002919221e-06,2.46885275575543e-06,0.00012948349440263,0.019066930245785
"128","Eugenol F","97-53-0","Balbc_3T3",2,96,6.95391712588073e-08,0.000138567680194608,0.000149574827038514,0.926410432411385
"129","Methyl-antranilate","134-20-3","Balbc_3T3",2,96,3.51066433745152e-08,0.000143501893534698,0.000149767665285799,0.958163387676876
"130","Lilyfore","285977-85-7","Balbc_3T3",2,96,4.6259868327329e-07,0.000103933308405176,0.000147371280844231,0.705248049754225
"131","Damascone beta","23726-91-2","Balbc_3T3",2,96,2.34931973262755e-06,2.91937059153144e-05,0.000137263186358534,0.212684163101532
"132","Veloutone","14595-54-1","Balbc_3T3",2,96,4.48812613945297e-06,2.88627999810609e-06,0.000129788021536656,0.0222384158717676
"133","Verdox","82356-51-2","Balbc_3T3",2,96,NA,NA,NA,NA
"134","Nirvanol","1506-02-1","Balbc_3T3",2,96,NA,NA,NA,NA
"135","Cetalox","3738-00-9","Balbc_3T3",2,96,4.91456456964277e-06,2.10799097285512e-06,0.000129049708570966,0.0163347209086947
"136","Tonalide","21145-77-7","Balbc_3T3",2,96,5.74366763485518e-06,9.53629948251795e-07,0.000127769671277355,0.00746366441048212
"137","Caffeine","8/2/1958","Balbc_3T3",2,96,1.76811419970203e-08,0.000148006097519458,0.000149896333762477,0.987389709971068
"138","Lamotrigine","84057-84-1","Balbc_3T3",2,96,1.84504253770805e-07,0.000132242807379172,0.000149279525435347,0.885873712376224
"139","Diclofenac","15307-79-6","Balbc_3T3",2,96,2.74581100486923e-08,0.000147956071603246,0.000149907281814394,0.98698388638943
"140","2,4-Dichlorophenoxyacetic","94-75-7","Balbc_3T3",2,96,2.51346957548195e-07,0.000124770604079379,0.000148862869009831,0.838157996747594
"141","(S)-Naproxen","22204-53-1","Balbc_3T3",2,96,5.38690109835587e-07,0.000107485502407819,0.000147660507392992,0.727923154982473
"142","Ibuprofen","15687-27-1","Balbc_3T3",2,96,1.27481714318871e-06,6.86141207386937e-05,0.000143819660268702,0.47708443067172
"143","Torasemide","56211-40-6","Balbc_3T3",2,96,1.16707002410472e-06,9.5546400254095e-05,0.000146650393060216,0.651525019880873
"144","Warfarin","81-81-2","Balbc_3T3",2,96,2.83714438059832e-07,0.000128510401976081,0.000149079791514363,0.862024293639419
"145","di-n-butylphthalate","84-74-2","Balbc_3T3",2,96,4.37091586661524e-06,1.52803868959028e-05,0.000134294968473284,0.113782273972108
"146","hexachlorophene","70-30-4","Balbc_3T3",2,96,1.13902622928001e-05,6.09037295315782e-09,0.000122007219729071,4.99181357191982e-05
"147","hexamethylenetetramine","100-97-0","Balbc_3T3",2,96,1.27382073695539e-08,0.000148029365323825,0.000149907906517535,0.987468698367221
"148","Malathion","121-75-5","Balbc_3T3",2,96,1.63162359282562e-07,0.000136958093147233,0.000149506070594185,0.916070448530406
"149","pentachlorophenol","87-86-5","Balbc_3T3",2,96,5.13702820727236e-06,4.36179795502089e-06,0.000130712511348308,0.0333693990730395
"150","2,2,2-trichloroethanol","115-20-8","Balbc_3T3",2,96,1.97381955345695e-08,0.000146556157398623,0.000149820382456385,0.978212410059008
"151","diethylphthalate","84-66-2","Balbc_3T3",2,96,1.26372762271954e-07,0.000135332082229168,0.000149431193930016,0.905648135907607
"152","4-chlorophenol","106-48-9","Balbc_3T3",2,96,6.6908014050841e-08,0.000136366720744021,0.000149474827273609,0.912305591726197
"153","permethrin","52645-53-1","Balbc_3T3",2,96,9.88453509716204e-06,1.09099902875768e-07,0.000124738595025723,0.000874628280471414
"154","Aniline","62-53-3","Balbc_3T3",2,96,8.7691813402082e-09,0.000147895534391982,0.000149889379182151,0.986697891464704
"155","4-fluoroaniline","371-40-4","Balbc_3T3",2,96,1.13155837852416e-08,0.000147651360305705,0.000149893270059212,0.985043292786782
"156","2,4,6-trichlorophenol","6/2/1988","Balbc_3T3",2,96,1.14659068180012e-06,7.17524233803893e-05,0.000144187670573167,0.497632169901651
"157","Allyl alcohol","107-18-6","Balbc_3T3",2,96,5.29890539960748e-09,0.000147969027271213,0.000149868116701895,0.987328262525243
"158","N-methylaniline","100-61-8","Balbc_3T3",2,96,1.86280415221806e-08,0.000145178068135527,0.000149755213515855,0.969435819475876
"159","3,4-dichloroaniline","95-76-1","Balbc_3T3",2,96,1.46269671647043e-07,0.000128821743839022,0.000149095981334511,0.864018886934305
"160","4-decylaniline","37529-30-9","Balbc_3T3",2,96,5.75491236151383e-06,1.78559974823377e-07,0.000125341877560859,0.0014245835334378
"161","naphthalene","91-20-3","Balbc_3T3",2,96,3.70889293514025e-07,9.85851332043909e-05,0.000144719165048686,0.681216846236124
"162","1,2,4-trichlorobenzene","120-82-1","Balbc_3T3",2,96,1.57051166890255e-06,4.74613974394087e-05,0.000137634193729188,0.344837254125923
"163","1,2-dichlorobenzene","95-50-1","Balbc_3T3",2,96,5.15988285792546e-07,8.58405225056624e-05,0.000137402210764782,0.624739020048318
"164","dichloromethane","9/2/1975","Balbc_3T3",2,96,8.05744401297481e-09,0.00012532822224583,0.000127519457591942,0.982816462777597
"165","tetrachloroethylene","127-18-4","Balbc_3T3",2,96,3.65484641827274e-07,5.82214650438185e-05,9.12162166330077e-05,0.638279762008353
"166","2,3-dimethyl-1,3-butadiene","513-81-5","Balbc_3T3",2,96,5.42709330234283e-08,3.96654122014505e-05,5.17874374681067e-05,0.765927300918847
"167","cyclosporine A","59865-13-3","Balbc_3T3",2,96,1.69445298628248e-06,0.000120429706072679,0.000148591020227026,0.810477684914468
"168","chlorpromazine","50-53-3","Balbc_3T3",2,96,6.65228636878854e-06,2.0555919579186e-06,0.0001291372806949,0.0159178817058657
"169","PBDE 47","5436-43-1","Balbc_3T3",2,96,1.27300944374275e-05,4.6457749055672e-08,0.000123794116048468,0.000375282368327449
"170","PBDE 99","60348-60-9","Balbc_3T3",2,96,1.55368535253083e-05,1.12663343569882e-08,0.00012248572267838,9.19807967053527e-05
"171","PBDE 153","68631-49-2","Balbc_3T3",2,96,1.845510915167e-05,2.21627102306947e-09,0.000121323751696283,1.82674125394473e-05
"172","amiodarone","1951-25-3","Balbc_3T3",2,96,1.810374197636e-05,5.59943905365086e-09,0.000121945666138297,4.59174912153139e-05
"173","PFBS","375-73-5","Balbc_3T3",2,96,4.3262559820376e-08,0.000146202511440986,0.000149855837147465,0.975621065044773
"174","4:2 FTS","757124-72-4","Balbc_3T3",2,96,6.48007409764534e-08,0.000144523969764755,0.000149802525119326,0.964763241805396
"175","PFNA","375-95-1","Balbc_3T3",2,96,1.10207515544342e-05,3.52451254067402e-07,0.000126252474648861,0.00279163838212009
"176","PFHxA","307-24-4","Balbc_3T3",2,96,3.53063209972701e-06,3.45181904651815e-05,0.000138757738550368,0.24876587659759
"177","PFBA","375-22-4","Balbc_3T3",2,96,4.0032106357948e-08,0.000144441516805652,0.000149414739027801,0.966715317012842
"178","PFOA","335-67-1","Balbc_3T3",2,96,4.32586987881039e-06,3.89502420448391e-05,0.000139552805015252,0.279107553879568
"179","6:2 FTS","27619-97-2","Balbc_3T3",2,96,6.65312228926169e-07,0.000118242088684182,0.000148446148178919,0.796531874587057
"180","8:2 FTS","39108-34-4","Balbc_3T3",2,96,5.81796447253938e-06,3.57525916076876e-05,0.000138984882954069,0.257240865681076
"181","PFUnDA","2058-94-8","Balbc_3T3",2,96,1.31312527494656e-05,4.87513867273591e-07,0.000126721351636553,0.00384713279157423
"182","PFOS","1763-23-1","Balbc_3T3",2,96,1.1642350401632e-05,4.87513867308208e-07,0.000126721351645551,0.00384713279157423
"183","PFHpA","375-85-9","Balbc_3T3",2,96,1.62283112922535e-06,8.4074550606015e-05,0.000145542406450028,0.577663600985475
"184","PFPeA","2706-90-3","Balbc_3T3",2,96,1.21719913932687e-07,0.000137701060912448,0.00014953902479014,0.920836959487294
"185","PFHxS","355-46-4","Balbc_3T3",2,96,3.75263997842318e-07,0.000128193636480949,0.000149062096550353,0.860001566110037
"186","PFDA","335-76-2","Balbc_3T3",2,96,1.28167136562793e-05,1.43489498125164e-07,0.000125068639788661,0.00114728598925862
"187","Azathioprine","446-86-6","Balbc_3T3",2,96,2.52820897561137e-08,0.000148012041497594,0.000149908415721942,0.987349781430111
"188","Benzocaine","94-09-7","Balbc_3T3",2,96,3.73137859189483e-08,0.000143685250368829,0.000149774092625096,0.959346492109895
"189","Butylated hydroxyanisole","25013-16-5","Balbc_3T3",2,96,NA,NA,NA,NA
"190","Cetirizine dihydrochloride","83881-52-1","Balbc_3T3",2,96,3.60887055189803e-08,0.000147953416998382,0.000149907199885219,0.986966717487
"191","Cyclamate","139-05-9","Balbc_3T3",2,96,1.62934961274161e-08,0.000148027321669178,0.000149908981740606,0.987447983105616
"192","Cyclophosphamide","6055-19-2","Balbc_3T3",2,96,2.41991172243268e-08,0.000147948531354725,0.000149898792818752,0.986989478518448
"193","Cypermethrin","67375-30-8","Balbc_3T3",2,96,1.06742284321736e-05,7.84561285224605e-08,0.000124359287929367,0.00063088274168168
"194","DEET","134-62-3","Balbc_3T3",2,96,6.98366190239665e-08,0.000139975561125839,0.000149633766392851,0.935454373034658
"195","Dexamethasone","50-02-2","Balbc_3T3",2,96,9.64435922782509e-08,0.00014311850423467,0.000149754258277824,0.955689046044734
"196","Digoxin","20830-75-5","Balbc_3T3",2,96,8.79118229000224e-08,0.000147275746862916,0.000149887427126773,0.98257572156704
"197","Fenazaquin","120928-09-8","Balbc_3T3",2,96,6.5428163601972e-06,1.57963793629176e-06,0.000128646043486952,0.0122789468954946
"198","Fenbuconazole","114369-43-6","Balbc_3T3",2,96,8.67225369772985e-07,0.000104526656076432,0.000147402885540618,0.709122183687706
"199","Fluazinam","79622-59-6","Balbc_3T3",2,96,4.23069214943636e-06,4.72163519102338e-05,0.000140903497921829,0.335097088479866
"200","Furosemide","54-31-9","Balbc_3T3",2,96,9.55183652239708e-08,0.000141937223249992,0.000149711196059964,0.948073537487086
"201","Glybenclamide","10238-21-8","Balbc_3T3",2,96,8.67036869231188e-06,8.5972583144208e-06,0.000132448646273358,0.0649101259719719
"202","HC Red 3","1/4/2871","Balbc_3T3",2,96,1.79866895339755e-08,0.000148010370091895,0.00014990805931981,0.987340979287398
"203","Hydralazine hydrochloride","304-20-1","Balbc_3T3",2,96,1.48736688791161e-08,0.000147951245220341,0.000149906788760776,0.986954936753692
"204","Ketoconazole","65277-42-1","Balbc_3T3",2,96,6.87075721163569e-06,2.61244208018352e-05,0.000137071126350853,0.190590254106222
"205","Metformin","1115-70-4","Balbc_3T3",2,96,1.17378086653825e-08,0.000148029305377931,0.000149909093059283,0.987460482596556
"206","Metoclopramide","364-62-5","Balbc_3T3",2,96,2.37108548422689e-07,0.000130889168335529,0.000149209109475806,0.877219687158257
"207","Nitrofurantoin","67-20-9","Balbc_3T3",2,96,2.16537489296714e-08,0.000148026128467648,0.000149908961283952,0.987440158345589
"208","Oxytetracycline hydrochloride","2058-46-0","Balbc_3T3",2,96,4.18353119601092e-08,0.000148030954517975,0.000149909138495201,0.987471184238135
"209","Panthenol","16485-10-2 ","Balbc_3T3",2,96,1.86524297699383e-08,0.000148029356703004,0.000149909029867543,0.987461241219427
"210","Paracetamol","103-90-2","Balbc_3T3",2,96,1.38744767192799e-08,0.00014798802835528,0.000149908166460032,0.987191237474953
"211","Topiramate","97240-79-4","Balbc_3T3",2,96,3.08351943092856e-08,0.000148030704714812,0.000149909061219669,0.987470026897813
"212","Trimellitic anhydride","552-30-7","Balbc_3T3",2,96,2.65043954662653e-08,0.000146408388222085,0.00014986204949706,0.97695439715014
"213","Verapamil hydrochloride","152-11-4","Balbc_3T3",2,96,6.5184818747641e-06,2.01171463136862e-05,0.000135660542998398,0.148290327231874
"214","Warfarin","129-06-6","Balbc_3T3",2,96,1.88388902110501e-07,0.000134443864041069,0.000149389002086293,0.899958244338556
"215","2,4-Dinitrophenol","51-28-5","FishRtgut",2,96,6.24307563996622e-09,0.000145316314603972,0.00014996540335307,0.96899892478432
"216","Aldrin","309-00-2","FishRtgut",2,96,1.57432836034488e-06,1.27420570289655e-07,0.000145685399311553,0.000874628280471414
"217","Azinphos-methyl","86-50-0","FishRtgut",2,96,4.57385318487735e-08,0.00012762010516675,0.000149855160127848,0.851623027581248
"218","Chlorpyrifos","2921-88-2","FishRtgut",2,96,1.04254104449415e-06,7.30297417532906e-06,0.000147025146545023,0.0496715993620363
"219","DDD-p,p'","50-29-3","FishRtgut",2,96,1.61767346052942e-06,4.14818637119882e-08,0.000145436598505356,0.000285223005339063
"220","DDT-o,p'","789-02-6","FishRtgut",2,96,1.54312843380104e-06,1.08205114862625e-07,0.000145646820481141,0.000742928094861065
"221","DDT-p,p'","72-54-8","FishRtgut",2,96,1.29591560766158e-06,3.56319691851953e-07,0.000145950640453005,0.00244137121115741
"222","Diazinon","333-41-5","FishRtgut",2,96,3.15374609349296e-07,6.49212262470238e-05,0.000148963374712008,0.435820055584379
"223","Dicofol","115-32-2","FishRtgut",2,96,1.12782569417337e-06,6.29476605514634e-06,0.0001469558533679,0.0428344016987712
"224","Dieldrin","60-57-1","FishRtgut",2,96,1.20231993412029e-06,4.90000773187404e-06,0.000146841353695007,0.0333693990730395
"225","Disulfoton","298-04-4","FishRtgut",2,96,3.83264881804923e-07,4.90743172416622e-05,0.000148590393675523,0.330265746174856
"226","Endosulfan I","115-29-7","FishRtgut",2,96,4.34511313970359e-07,6.33381115789992e-05,0.000148847973611452,0.425522162258888
"227","Endrin","72-20-8","FishRtgut",2,96,1.32232016166973e-06,2.21475466278596e-06,0.000146527526636077,0.0151149392447375
"228","Ethion","563-12-2","FishRtgut",2,96,1.19229953413101e-06,5.55613073723083e-06,0.000146898791809533,0.0378228484304679
"229","Heptachlor","76-44-8","FishRtgut",2,96,1.50603471120579e-06,3.75984729248706e-07,0.000145959751553821,0.00257594799419802
"230","Heptachlor epoxide B","1024-57-3","FishRtgut",2,96,1.16690465257408e-06,6.95086628316441e-06,0.000146994672739833,0.0472865183044206
"231","Lindane","58-89-9","FishRtgut",2,96,2.61255544515327e-07,7.1895502082403e-05,0.00014908912137745,0.48223171092668
"232","Methoxychlor-o,p'","72-43-5","FishRtgut",2,96,1.07575708827787e-06,5.41859641457179e-06,0.000146887666608985,0.0368893899648912
"233","Parathion","56-38-2","FishRtgut",2,96,3.11173931788632e-07,6.33732663859727e-05,0.000148930589301284,0.425522162258888
"234","Trifluralin","1582-09-8","FishRtgut",2,96,1.13465863047675e-06,2.79521207977681e-06,0.000146600005545976,0.019066930245785
"235","Eugenol F","97-53-0","FishRtgut",2,96,1.06434778003697e-08,0.00013889996384655,0.000149933505697904,0.926410432411385
"236","Methyl-antranilate","134-20-3","FishRtgut",2,96,6.14670532540771e-09,0.000143685462840911,0.000149959249840766,0.958163387676876
"237","Lilyfore","285977-85-7","FishRtgut",2,96,6.59874617292852e-08,0.000105520267921896,0.00014962149552724,0.705248049754225
"238","Damascone beta","23726-91-2","FishRtgut",2,96,3.65184919797306e-07,3.13798829475003e-05,0.00014754216999467,0.212684163101532
"239","Veloutone","14595-54-1","FishRtgut",2,96,7.39151113639555e-07,3.26111810089734e-06,0.00014664345336924,0.0222384158717676
"240","Verdox","82356-51-2","FishRtgut",2,96,NA,NA,NA,NA
"241","Nirvanol","1506-02-1","FishRtgut",2,96,NA,NA,NA,NA
"242","Cetalox","3738-00-9","FishRtgut",2,96,8.12878537926428e-07,2.39106899894983e-06,0.000146379544059249,0.0163347209086948
"243","Tonalide","21145-77-7","FishRtgut",2,96,9.59787934044776e-07,1.09180553000406e-06,0.000146282773441784,0.00746366441048213
"244","Caffeine","8/2/1958","FishRtgut",2,96,4.66415025900849e-09,0.000148072278898896,0.000149963360366835,0.987389709971068
"245","Lamotrigine","84057-84-1","FishRtgut",2,96,2.6684614745192e-08,0.000132788741471763,0.000149895791710059,0.885873712376224
"246","Diclofenac","15307-79-6","FishRtgut",2,96,7.18450320910523e-09,0.000148023637779502,0.000149975739037645,0.98698388638943
"247","2,4-Dichlorophenoxyacetic","94-75-7","FishRtgut",2,96,3.56745574878313e-08,0.000125588408648424,0.000149838585488368,0.838157996747594
"248","(S)-Naproxen","22204-53-1","FishRtgut",2,96,7.66329677546325e-08,0.000108946208055125,0.000149667183011575,0.727923154982473
"249","Ibuprofen","15687-27-1","FishRtgut",2,96,1.88358827975391e-07,7.11268764593836e-05,0.000149086559708602,0.47708443067172
"250","Torasemide","56211-40-6","FishRtgut",2,96,1.6771158315262e-07,9.74151420675994e-05,0.000149518651003473,0.651525019880873
"251","Warfarin","81-81-2","FishRtgut",2,96,4.0515162730499e-08,0.000129190334586161,0.000149868554215249,0.862024293639419
"252","di-n-butylphthalate","84-74-2","FishRtgut",2,96,6.97946281347671e-07,1.6781838755778e-05,0.00014749080124635,0.113782273972108
"253","hexachlorophene","70-30-4","FishRtgut",2,96,1.98410914241225e-06,7.24431158561999e-09,0.000145123840889632,4.99181357191982e-05
"254","hexamethylenetetramine","100-97-0","FishRtgut",2,96,3.36353819698733e-09,0.000148095397968343,0.000149974777137968,0.987468698367221
"255","Malathion","121-75-5","FishRtgut",2,96,2.44467798324514e-08,0.000137342743866929,0.000149925962667238,0.916070448530406
"256","pentachlorophenol","87-86-5","FishRtgut",2,96,8.40698813823521e-07,4.90007955693416e-06,0.000146843506117949,0.0333693990730395
"257","2,2,2-trichloroethanol","115-20-8","FishRtgut",2,96,4.30149847388409e-09,0.000146657198780995,0.000149923674319515,0.978212410059008
"258","diethylphthalate","84-66-2","FishRtgut",2,96,1.86382294193528e-08,0.000135771109699931,0.000149915959981375,0.905648135907607
"259","4-chlorophenol","106-48-9","FishRtgut",2,96,9.96233484363421e-09,0.000136770813909623,0.000149917763466555,0.912305591726197
"260","permethrin","52645-53-1","FishRtgut",2,96,1.6881428580239e-06,1.2742083219751e-07,0.00014568569876203,0.000874628280471414
"261","Aniline","62-53-3","FishRtgut",2,96,2.27865221998453e-09,0.000147964292989593,0.000149959064744678,0.986697891464704
"262","4-fluoroaniline","371-40-4","FishRtgut",2,96,2.82194089218562e-09,0.000147726651275732,0.000149969704232795,0.985043292786782
"263","2,4,6-trichlorophenol","6/2/1988","FishRtgut",2,96,1.68827610562612e-07,7.42165831731372e-05,0.000149139440056307,0.497632169901651
"264","Allyl alcohol","107-18-6","FishRtgut",2,96,1.39640772899076e-09,0.00014803534961052,0.000149935290246728,0.987328262525243
"265","N-methylaniline","100-61-8","FishRtgut",2,96,3.60432826285578e-09,0.000145313930292197,0.000149895359107692,0.969435819475877
"266","3,4-dichloroaniline","95-76-1","FishRtgut",2,96,2.09034648620691e-08,0.000129490290168896,0.000149869744894526,0.864018886934306
"267","4-decylaniline","37529-30-9","FishRtgut",2,96,9.78595025984311e-07,2.07713975109008e-07,0.000145806806153201,0.0014245835334378
"268","naphthalene","91-20-3","FishRtgut",2,96,5.30594446588354e-08,0.000100246970664846,0.000147158678207583,0.681216846236124
"269","1,2,4-trichlorobenzene","120-82-1","FishRtgut",2,96,2.37277297001524e-07,4.99286331868193e-05,0.000144788976798275,0.344837254125923
"270","1,2-dichlorobenzene","95-50-1","FishRtgut",2,96,7.4347045994461e-08,8.76010265720289e-05,0.000140220193970362,0.624739020048318
"271","dichloromethane","9/2/1975","FishRtgut",2,96,1.91246225009825e-09,0.000125388713398856,0.000127581006370698,0.982816462777597
"272","tetrachloroethylene","127-18-4","FishRtgut",2,96,5.22166290263076e-08,5.89656370502252e-05,9.23821191896941e-05,0.638279762008353
"273","2,3-dimethyl-1,3-butadiene","513-81-5","FishRtgut",2,96,7.63848124198265e-09,3.98162018135863e-05,5.19843094322669e-05,0.765927300918847
"274","cyclosporine A","59865-13-3","FishRtgut",2,96,2.39894398760632e-07,0.000121409980039653,0.000149800521716358,0.810477684914468
"275","chlorpromazine","50-53-3","FishRtgut",2,96,1.10085323369276e-06,2.3327262975659e-06,0.000146547533187553,0.0159178817058657
"276","PBDE 47","5436-43-1","FishRtgut",2,96,2.18898143024626e-06,5.46009044701021e-08,0.00014549285838673,0.00037528236832745
"277","PBDE 99","60348-60-9","FishRtgut",2,96,2.69703650408169e-06,1.33577711839516e-08,0.000145223477752006,9.19807967053529e-05
"278","PBDE 153","68631-49-2","FishRtgut",2,96,3.23074862728201e-06,2.6483982257879e-09,0.00014497938446777,1.82674125394473e-05
"279","amiodarone","1951-25-3","FishRtgut",2,96,3.15496250019697e-06,6.66313006797942e-09,0.000145110934670516,4.59174912153139e-05
"280","PFBS","375-73-5","FishRtgut",2,96,9.05641198055621e-09,0.000146313715165939,0.000149969819644294,0.975621065044773
"281","4:2 FTS","757124-72-4","FishRtgut",2,96,1.19627532748356e-08,0.000144679313807542,0.00014996354290696,0.964763241805395
"282","PFNA","375-95-1","FishRtgut",2,96,1.8617903262362e-06,4.07546297409682e-07,0.000145988212520625,0.00279163838212009
"283","PFHxA","307-24-4","FishRtgut",2,96,5.44552236296946e-07,3.68835296197553e-05,0.000148266032802477,0.24876587659759
"284","PFBA","375-22-4","FishRtgut",2,96,7.5284380131039e-09,0.000144587929949113,0.000149566193277966,0.966715317012842
"285","PFOA","335-67-1","FishRtgut",2,96,6.62957159558423e-07,4.1419260813927e-05,0.000148398924494172,0.279107553879568
"286","6:2 FTS","27619-97-2","FishRtgut",2,96,9.41801229888375e-08,0.000119304575366701,0.000149780039158574,0.796531874587057
"287","8:2 FTS","39108-34-4","FishRtgut",2,96,8.95714052373966e-07,3.81498879109536e-05,0.000148304149925585,0.257240865681076
"288","PFUnDA","2058-94-8","FishRtgut",2,96,2.21086875321835e-06,5.61991641043864e-07,0.000146080645376917,0.00384713279157423
"289","PFOS","1763-23-1","FishRtgut",2,96,1.96018683144711e-06,5.61991641147503e-07,0.000146080645403856,0.00384713279157423
"290","PFHpA","375-85-9","FishRtgut",2,96,2.35855341824363e-07,8.62753016620311e-05,0.000149352151520103,0.577663600985475
"291","PFPeA","2706-90-3","FishRtgut",2,96,1.84022755354724e-08,0.000138061366531233,0.000149930305369262,0.920836959487294
"292","PFHxS","355-46-4","FishRtgut",2,96,5.35501093023072e-08,0.000128885132433177,0.000149866160146836,0.860001566110037
"293","PFDA","335-76-2","FishRtgut",2,96,2.18371741322847e-06,1.67219438237846e-07,0.000145752183678199,0.00114728598925862
"294","Azathioprine","446-86-6","FishRtgut",2,96,6.6649739700863e-09,0.000148078338678232,0.000149975562321744,0.987349781430111
"295","Benzocaine","94-09-7","FishRtgut",2,96,6.58905172766439e-09,0.000143863685270385,0.000149960088928855,0.959346492109895
"296","Butylated hydroxyanisole","25013-16-5","FishRtgut",2,96,NA,NA,NA,NA
"297","Cetirizine dihydrochloride","83881-52-1","FishRtgut",2,96,9.43897713663179e-09,0.000148021051534611,0.00014997572756202,0.986966717487
"298","Cyclamate","139-05-9","FishRtgut",2,96,4.30146358664098e-09,0.000148093386717492,0.00014997588657959,0.987447983105616
"299","Cyclophosphamide","6055-19-2","FishRtgut",2,96,6.33259220510856e-09,0.000148016067720408,0.000149967219450599,0.986989478518448
"300","Cypermethrin","67375-30-8","FishRtgut",2,96,1.82800629043917e-06,9.18621551073881e-08,0.000145608920704536,0.00063088274168168
"301","DEET","134-62-3","FishRtgut",2,96,1.09607851927901e-08,0.00014026350615945,0.000149941579410686,0.935454373034658
"302","Dexamethasone","50-02-2","FishRtgut",2,96,1.66074185598715e-08,0.000143312915273895,0.000149957683272627,0.955689046044734
"303","Digoxin","20830-75-5","FishRtgut",2,96,2.07640846989977e-08,0.000147360231889734,0.000149973410349199,0.98257572156704
"304","Fenazaquin","120928-09-8","FishRtgut",2,96,1.08652713310316e-06,1.79829793812849e-06,0.000146453759710316,0.0122789468954946
"305","Fenbuconazole","114369-43-6","FishRtgut",2,96,1.23645108607199e-07,0.000106091911263054,0.00014961019934722,0.709122183687705
"306","Fluazinam","79622-59-6","FishRtgut",2,96,6.41216735492623e-07,4.98025669480949e-05,0.000148621306063921,0.335097088479866
"307","Furosemide","54-31-9","FishRtgut",2,96,1.57608468078047e-08,0.000142165849940476,0.000149952344748798,0.948073537487086
"308","Glybenclamide","10238-21-8","FishRtgut",2,96,1.40194365131113e-06,9.55230768046166e-06,0.000147162057343508,0.0649101259719719
"309","HC Red 3","1/4/2871","FishRtgut",2,96,4.74102575665018e-09,0.00014807669152472,0.000149975231081356,0.987340979287398
"310","Hydralazine hydrochloride","304-20-1","FishRtgut",2,96,3.88913207727947e-09,0.000148018926685763,0.000149975364805033,0.986954936753692
"311","Ketoconazole","65277-42-1","FishRtgut",2,96,1.07389417354644e-06,2.82033871405963e-05,0.000147979167522793,0.190590254106222
"312","Metformin","1115-70-4","FishRtgut",2,96,3.09916687422453e-09,0.000148095349940861,0.000149975976305847,0.987460482596556
"313","Metoclopramide","364-62-5","FishRtgut",2,96,3.40995031376693e-08,0.000131483176107347,0.00014988625772101,0.877219687158257
"314","Nitrofurantoin","67-20-9","FishRtgut",2,96,5.71604775254009e-09,0.000148092208052035,0.000149975881374074,0.987440158345589
"315","Oxytetracycline hydrochloride","2058-46-0","FishRtgut",2,96,1.10468485944417e-08,0.000148096985663552,0.000149976007429334,0.987471184238135
"316","Panthenol","16485-10-2 ","FishRtgut",2,96,4.92488854362316e-09,0.000148095400096154,0.00014997591187809,0.987461241219427
"317","Paracetamol","103-90-2","FishRtgut",2,96,3.64678226111711e-09,0.000148054823057539,0.000149975827820591,0.987191237474953
"318","Topiramate","97240-79-4","FishRtgut",2,96,8.14214455538697e-09,0.000148096736937498,0.00014997593132295,0.987470026897813
"319","Trimellitic anhydride","552-30-7","FishRtgut",2,96,5.66083799844802e-09,0.000146514374820185,0.000149970536237494,0.97695439715014
"320","Verapamil hydrochloride","152-11-4","FishRtgut",2,96,1.02998545661044e-06,2.19074846714554e-05,0.000147733740159597,0.148290327231874
"321","Warfarin","129-06-6","FishRtgut",2,96,2.75964621852193e-08,0.000134913187433611,0.000149910496717288,0.899958244338556
"322","2,4-Dinitrophenol","51-28-5","FishRtgill",2,96,3.27796669918424e-09,0.000145331920351689,0.000149981508373745,0.96899892478432
"323","Aldrin","309-00-2","FishRtgill",2,96,8.3797068183056e-07,1.29185492810009e-07,0.000147703310874397,0.000874628280471414
"324","Azinphos-methyl","86-50-0","FishRtgill",2,96,2.40236946823601e-08,0.000127678383147957,0.000149923591792234,0.851623027581248
"325","Chlorpyrifos","2921-88-2","FishRtgill",2,96,5.52537091445907e-07,7.3723973902881e-06,0.000148422790588112,0.0496715993620364
"326","DDD-p,p'","50-29-3","FishRtgill",2,96,8.61731195570492e-07,4.20900955344258e-08,0.000147569076640191,0.000285223005339063
"327","DDT-o,p'","789-02-6","FishRtgill",2,96,8.21466173521463e-07,1.09717549183302e-07,0.000147682595317411,0.000742928094861065
"328","DDT-p,p'","72-54-8","FishRtgill",2,96,6.89192912852259e-07,3.60947969557242e-07,0.000147846410209008,0.00244137121115741
"329","Diazinon","333-41-5","FishRtgill",2,96,1.66116761215429e-07,6.51349584397942e-05,0.000149453788565229,0.435820055584379
"330","Dicofol","115-32-2","FishRtgill",2,96,5.97871852258594e-07,6.35603695612903e-06,0.00014838626674016,0.0428344016987712
"331","Dieldrin","60-57-1","FishRtgill",2,96,6.37590939643497e-07,4.94947974426087e-06,0.000148323909981938,0.0333693990730395
"332","Disulfoton","298-04-4","FishRtgill",2,96,2.02107987145189e-07,4.92923373890645e-05,0.000149250529187387,0.330265746174856
"333","Endosulfan I","115-29-7","FishRtgill",2,96,2.28892393666203e-07,6.35530033439476e-05,0.000149352980833186,0.425522162258888
"334","Endrin","72-20-8","FishRtgill",2,96,7.01934456370515e-07,2.23937209946503e-06,0.000148156209112432,0.0151149392447375
"335","Ethion","563-12-2","FishRtgill",2,96,6.32165152727604e-07,5.61123336405166e-06,0.000148355652651786,0.0378228484304679
"336","Heptachlor","76-44-8","FishRtgill",2,96,8.00899601505811e-07,3.80850034087786e-07,0.000147848494979557,0.00257594799419802
"337","Heptachlor epoxide B","1024-57-3","FishRtgill",2,96,6.18495339535517e-07,7.01747203373168e-06,0.00014840322961726,0.0472865183044206
"338","Lindane","58-89-9","FishRtgill",2,96,1.37550443548718e-07,7.21006029624661e-05,0.000149514437414151,0.48223171092668
"339","Methoxychlor-o,p'","72-43-5","FishRtgill",2,96,5.70394006733017e-07,5.47253111046894e-06,0.000148349731878931,0.0368893899648912
"340","Parathion","56-38-2","FishRtgill",2,96,1.63920887554566e-07,6.35883971845036e-05,0.00014943615826481,0.425522162258888
"341","Trifluralin","1582-09-8","FishRtgill",2,96,6.02148811805617e-07,2.82549194784626e-06,0.000148188088560867,0.019066930245785
"342","Eugenol F","97-53-0","FishRtgill",2,96,5.58897306007583e-09,0.000138928480860146,0.000149964287965243,0.926410432411385
"343","Methyl-antranilate","134-20-3","FishRtgill",2,96,3.2274358862176e-09,0.00014370396730956,0.000149978562276293,0.958163387676876
"344","Lilyfore","285977-85-7","FishRtgill",2,96,3.46845390621955e-08,0.000105645520229723,0.000149799095887666,0.705248049754225
"345","Damascone beta","23726-91-2","FishRtgill",2,96,1.92882001735497e-07,3.15697312786808e-05,0.000148434800308144,0.212684163101532
"346","Veloutone","14595-54-1","FishRtgill",2,96,3.92182409325554e-07,3.29580947735874e-06,0.000148203428533903,0.0222384158717676
"347","Verdox","82356-51-2","FishRtgill",2,96,NA,NA,NA,NA
"348","Nirvanol","1506-02-1","FishRtgill",2,96,NA,NA,NA,NA
"349","Cetalox","3738-00-9","FishRtgill",2,96,4.31459513348248e-07,2.41739265031112e-06,0.000147991059279401,0.0163347209086948
"350","Tonalide","21145-77-7","FishRtgill",2,96,5.0988599919121e-07,1.10480030975882e-06,0.000148023845794462,0.00746366441048213
"351","Caffeine","8/2/1958","FishRtgill",2,96,2.44886514310292e-09,0.000148083541917861,0.000149974767229649,0.987389709971068
"352","Lamotrigine","84057-84-1","FishRtgill",2,96,1.40140469159664e-08,0.00013283257185332,0.000149945268718965,0.885873712376224
"353","Diclofenac","15307-79-6","FishRtgill",2,96,3.77215397035839e-09,0.000148035010170805,0.000149987261405396,0.98698388638943
"354","2,4-Dichlorophenoxyacetic","94-75-7","FishRtgill",2,96,1.87387196921137e-08,0.000125652627368515,0.000149915204360156,0.838157996747594
"355","(S)-Naproxen","22204-53-1","FishRtgill",2,96,4.02747536434531e-08,0.000109061147624077,0.000149825083702281,0.727923154982473
"356","Ibuprofen","15687-27-1","FishRtgill",2,96,9.91751549315146e-08,7.1333140034349e-05,0.000149518901578729,0.47708443067172
"357","Torasemide","56211-40-6","FishRtgill",2,96,8.81829959812536e-08,9.75638558709508e-05,0.000149746905941985,0.651525019880873
"358","Warfarin","81-81-2","FishRtgill",2,96,2.12793148878161e-08,0.000129244113859896,0.000149930941405647,0.862024293639419
"359","di-n-butylphthalate","84-74-2","FishRtgill",2,96,3.69354664476431e-07,1.69161618160212e-05,0.000148671328366736,0.113782273972108
"360","hexachlorophene","70-30-4","FishRtgill",2,96,1.05799396497132e-06,7.3579265845651e-09,0.000147399867373959,4.99181357191982e-05
"361","hexamethylenetetramine","100-97-0","FishRtgill",2,96,1.76599172802903e-09,0.00014810665065536,0.000149986172625274,0.987468698367221
"362","Malathion","121-75-5","FishRtgill",2,96,1.28375676992873e-08,0.000137374935577765,0.000149961103753698,0.916070448530406
"363","pentachlorophenol","87-86-5","FishRtgill",2,96,4.45823121377557e-07,4.94955302637489e-06,0.000148326106069253,0.0333693990730395
"364","2,2,2-trichloroethanol","115-20-8","FishRtgill",2,96,2.25849261484022e-09,0.000146670571339604,0.000149937344723275,0.978212410059008
"365","diethylphthalate","84-66-2","FishRtgill",2,96,9.78766979112613e-09,0.000135807176490483,0.000149955784267565,0.905648135907607
"366","4-chlorophenol","106-48-9","FishRtgill",2,96,5.23150955528598e-09,0.000136804384396302,0.000149954560880692,0.912305591726197
"367","permethrin","52645-53-1","FishRtgill",2,96,8.98550961940072e-07,1.29185762074439e-07,0.000147703618735961,0.000874628280471414
"368","Aniline","62-53-3","FishRtgill",2,96,1.1963851116625e-09,0.000147975758182527,0.000149970684504925,0.986697891464704
"369","4-fluoroaniline","371-40-4","FishRtgill",2,96,1.48163812007844e-09,0.000147738532243308,0.00014998176559869,0.985043292786782
"370","2,4,6-trichlorophenol","6/2/1988","FishRtgill",2,96,8.88751362001948e-08,7.44180795212987e-05,0.000149544350269811,0.497632169901651
"371","Allyl alcohol","107-18-6","FishRtgill",2,96,7.33169878075991e-10,0.000148046621234363,0.000149946706534776,0.987328262525243
"372","N-methylaniline","100-61-8","FishRtgill",2,96,1.89247392587901e-09,0.000145329410900624,0.000149911327785676,0.969435819475876
"373","3,4-dichloroaniline","95-76-1","FishRtgill",2,96,1.09788045132066e-08,0.00012954321587613,0.000149931000161088,0.864018886934305
"374","4-decylaniline","37529-30-9","FishRtgill",2,96,5.20675769398982e-07,2.10509052814716e-07,0.000147768837610186,0.0014245835334378
"375","naphthalene","91-20-3","FishRtgill",2,96,2.78927738500705e-08,0.000100378559678746,0.000147351845793832,0.681216846236124
"376","1,2,4-trichlorobenzene","120-82-1","FishRtgill",2,96,1.25088568269295e-07,5.01362456092434e-05,0.000145391035943394,0.344837254125923
"377","1,2-dichlorobenzene","95-50-1","FishRtgill",2,96,3.90948126332952e-08,8.77415517227636e-05,0.00014044512813683,0.624739020048318
"378","dichloromethane","9/2/1975","FishRtgill",2,96,1.00411428199742e-09,0.000125397655169258,0.000127590104478779,0.982816462777597
"379","tetrachloroethylene","127-18-4","FishRtgill",2,96,2.7441092344264e-08,5.90244916448021e-05,9.24743273374062e-05,0.638279762008353
"380","2,3-dimethyl-1,3-butadiene","513-81-5","FishRtgill",2,96,4.01138392124155e-09,3.98279303113632e-05,5.19996222403661e-05,0.765927300918847
"381","cyclosporine A","59865-13-3","FishRtgill",2,96,1.26024166390246e-07,0.000121486720863538,0.000149895207634692,0.810477684914468
"382","chlorpromazine","50-53-3","FishRtgill",2,96,5.84336384998455e-07,2.358511449624e-06,0.000148167419082835,0.0159178817058657
"383","PBDE 47","5436-43-1","FishRtgill",2,96,1.16585086576784e-06,5.53912869668852e-08,0.000147598959188389,0.00037528236832745
"384","PBDE 99","60348-60-9","FishRtgill",2,96,1.4376883850887e-06,1.35629023808881e-08,0.000147453630178209,9.19807967053529e-05
"385","PBDE 153","68631-49-2","FishRtgill",2,96,1.72354139758642e-06,2.69117869220124e-09,0.00014732128517872,1.82674125394473e-05
"386","amiodarone","1951-25-3","FishRtgill",2,96,1.68240233110184e-06,6.76791113205276e-09,0.000147392876939139,4.59174912153139e-05
"387","PFBS","375-73-5","FishRtgill",2,96,4.75507070149146e-09,0.000146327698768381,0.000149984152670654,0.975621065044773
"388","4:2 FTS","757124-72-4","FishRtgill",2,96,6.28117057558171e-09,0.000144696017699236,0.000149980856887189,0.964763241805395
"389","PFNA","375-95-1","FishRtgill",2,96,9.90017091783111e-07,4.12790383681701e-07,0.00014786671021775,0.00279163838212009
"390","PFHxA","307-24-4","FishRtgill",2,96,2.87468382720274e-07,3.70871713783566e-05,0.000149084640890478,0.24876587659759
"391","PFBA","375-22-4","FishRtgill",2,96,3.95287023271016e-09,0.000144604036134839,0.000149582854010907,0.966715317012842
"392","PFOA","335-67-1","FishRtgill",2,96,3.4982615220671e-07,4.16303295415501e-05,0.000149155151707263,0.279107553879568
"393","6:2 FTS","27619-97-2","FishRtgill",2,96,4.94790286365439e-08,0.000119387733565442,0.00014988443949884,0.796531874587057
"394","8:2 FTS","39108-34-4","FishRtgill",2,96,4.72788844328903e-07,3.83558662741759e-05,0.000149104871703118,0.257240865681076
"395","PFUnDA","2058-94-8","FishRtgill",2,96,1.17529299720689e-06,5.69054339253284e-07,0.000147916479644164,0.00384713279157423
"396","PFOS","1763-23-1","FishRtgill",2,96,1.04203103528442e-06,5.69054339253774e-07,0.000147916479644291,0.00384713279157423
"397","PFHpA","375-85-9","FishRtgill",2,96,1.2407860385487e-07,8.64526607875831e-05,0.000149659179910415,0.577663600985475
"398","PFPeA","2706-90-3","FishRtgill",2,96,9.66332728062579e-09,0.000138091842374401,0.000149963401177216,0.920836959487294
"399","PFHxS","355-46-4","FishRtgill",2,96,2.81257276805149e-08,0.000128939779924042,0.000149929703625149,0.860001566110037
"400","PFDA","335-76-2","FishRtgill",2,96,1.16208331047134e-06,1.69499446163231e-07,0.000147739489325379,0.00114728598925862
"401","Azathioprine","446-86-6","FishRtgill",2,96,3.49937771601066e-09,0.000148089611643878,0.000149986979719973,0.987349781430111
"402","Benzocaine","94-09-7","FishRtgill",2,96,3.45968915416182e-09,0.000143881859146087,0.000149979032945279,0.959346492109895
"403","Butylated hydroxyanisole","25013-16-5","FishRtgill",2,96,NA,NA,NA,NA
"404","Cetirizine dihydrochloride","83881-52-1","FishRtgill",2,96,4.95584390300706e-09,0.000148032429310503,0.000149987255585904,0.986966717487
"405","Cyclamate","139-05-9","FishRtgill",2,96,2.25844001260049e-09,0.000148104641894683,0.000149987284827784,0.987447983105616
"406","Cyclophosphamide","6055-19-2","FishRtgill",2,96,3.3248662764712e-09,0.000148027437076115,0.000149978738677454,0.986989478518447
"407","Cypermethrin","67375-30-8","FishRtgill",2,96,9.73236234565352e-07,9.31575182712091e-08,0.000147662175736316,0.00063088274168168
"408","DEET","134-62-3","FishRtgill",2,96,5.75545665045942e-09,0.000140288963947441,0.000149968793766325,0.935454373034658
"409","Dexamethasone","50-02-2","FishRtgill",2,96,8.72006324392665e-09,0.000143332121967584,0.000149977780493338,0.955689046044734
"410","Digoxin","20830-75-5","FishRtgill",2,96,1.09020623897314e-08,0.000147372640248401,0.000149986038748613,0.98257572156704
"411","Fenazaquin","120928-09-8","FishRtgill",2,96,5.7690500607413e-07,1.81872097027795e-06,0.000148117015714538,0.0122789468954946
"412","Fenbuconazole","114369-43-6","FishRtgill",2,96,6.4989229992805e-08,0.000106215383367965,0.000149784318995077,0.709122183687705
"413","Fluazinam","79622-59-6","FishRtgill",2,96,3.38114950049325e-07,5.00209516240922e-05,0.00014927301174417,0.335097088479866
"414","Furosemide","54-31-9","FishRtgill",2,96,8.27569339330556e-09,0.000142187306298368,0.000149974976282159,0.948073537487086
"415","Glybenclamide","10238-21-8","FishRtgill",2,96,7.42694880470159e-07,9.63893099659622e-06,0.000148496568944548,0.0649101259719719
"416","HC Red 3","1/4/2871","FishRtgill",2,96,2.48922804198623e-09,0.000148087966342908,0.000149986650457665,0.987340979287398
"417","Hydralazine hydrochloride","304-20-1","FishRtgill",2,96,2.04195133785657e-09,0.000148030308130571,0.00014998689668393,0.986954936753692
"418","Ketoconazole","65277-42-1","FishRtgill",2,96,5.67425443793639e-07,2.83850252818668e-05,0.00014893219705792,0.190590254106222
"419","Metformin","1115-70-4","FishRtgill",2,96,1.62718624826882e-09,0.000148106603598488,0.0001499873728709,0.987460482596556
"420","Metoclopramide","364-62-5","FishRtgill",2,96,1.79086894867906e-08,0.000131530550691013,0.000149940263102285,0.877219687158257
"421","Nitrofurantoin","67-20-9","FishRtgill",2,96,3.00115316601442e-09,0.000148103464324439,0.000149987280821735,0.987440158345589
"422","Oxytetracycline hydrochloride","2058-46-0","FishRtgill",2,96,5.80003617635522e-09,0.000148108238353577,0.000149987402890999,0.987471184238135
"423","Panthenol","16485-10-2 ","FishRtgill",2,96,2.58576295904658e-09,0.00014810665366211,0.000149987308341552,0.987461241219427
"424","Paracetamol","103-90-2","FishRtgill",2,96,1.91470696461634e-09,0.000148066134839896,0.000149987286372822,0.987191237474953
"425","Topiramate","97240-79-4","FishRtgill",2,96,4.27495068828516e-09,0.000148107989695914,0.000149987326867229,0.987470026897813
"426","Trimellitic anhydride","552-30-7","FishRtgill",2,96,2.97221726104679e-09,0.000146528046083644,0.000149984529995544,0.97695439715014
"427","Verapamil hydrochloride","152-11-4","FishRtgill",2,96,5.44650068266091e-07,2.20658002781312e-05,0.000148801345914005,0.148290327231875
"428","Warfarin","129-06-6","FishRtgill",2,96,1.44922501304735e-08,0.000134951436204957,0.00014995299732394,0.899958244338556
"429","2,4-Dinitrophenol","51-28-5","Default",2,96,3.66500513618591e-08,0.000145156278800532,0.000149800247541906,0.96899892478432
"430","Aldrin","309-00-2","Default",2,96,4.52509176997386e-06,1.20348098493119e-07,0.000137599139177449,0.000874628280471414
"431","Azinphos-methyl","86-50-0","Default",2,96,2.14875259183208e-07,0.000127166178345674,0.000149322146333745,0.851623027581248
"432","Chlorpyrifos","2921-88-2","Default",2,96,3.10672617289886e-06,7.01052272895288e-06,0.000141137447132636,0.0496715993620363
"433","DDD-p,p'","50-29-3","Default",2,96,4.62226805577527e-06,3.90643642415398e-08,0.00013696077634096,0.000285223005339062
"434","DDT-o,p'","789-02-6","Default",2,96,4.43125577908372e-06,1.02152279172876e-07,0.000137499550601838,0.000742928094861065
"435","DDT-p,p'","72-54-8","Default",2,96,3.74945399800507e-06,3.3760330405707e-07,0.000138284297985564,0.00244137121115741
"436","Diazinon","333-41-5","Default",2,96,1.0660810144517e-06,6.38462401473122e-05,0.00014649679226373,0.435820055584379
"437","Dicofol","115-32-2","Default",2,96,3.35407611386941e-06,6.03737690845827e-06,0.000140946918108383,0.0428344016987712
"438","Dieldrin","60-57-1","Default",2,96,3.56414814403834e-06,4.69310425804801e-06,0.000140640958135796,0.0333693990730395
"439","Disulfoton","298-04-4","Default",2,96,1.24555902938888e-06,4.80365564515622e-05,0.000145448194394734,0.330265746174856
"440","Endosulfan I","115-29-7","Default",2,96,1.46278032085314e-06,6.22634703637315e-05,0.000146322508875226,0.425522162258888
"441","Endrin","72-20-8","Default",2,96,3.88523438583662e-06,2.11305602090479e-06,0.00013979917396231,0.0151149392447375
"442","Ethion","563-12-2","Default",2,96,3.54004005101361e-06,5.3251742429583e-06,0.000140792522613623,0.0378228484304679
"443","Heptachlor","76-44-8","Default",2,96,4.35905152565124e-06,3.56299427519147e-07,0.000138317787595737,0.00257594799419802
"444","Heptachlor epoxide B","1024-57-3","Default",2,96,3.47495712723999e-06,6.67054727796712e-06,0.000141066577053179,0.0472865183044206
"445","Lindane","58-89-9","Default",2,96,9.00589342013208e-07,7.08354978036055e-05,0.000146890999074873,0.48223171092668
"446","Methoxychlor-o,p'","72-43-5","Default",2,96,3.19299256675227e-06,5.19263519221989e-06,0.000140762294989478,0.0368893899648912
"447","Parathion","56-38-2","Default",2,96,1.04755573168268e-06,6.22974420572194e-05,0.000146402344184643,0.425522162258888
"448","Trifluralin","1582-09-8","Default",2,96,3.34195630914226e-06,2.66969949218114e-06,0.000140017268525504,0.019066930245785
"449","Eugenol F","97-53-0","Default",2,96,5.81851915414452e-08,0.000138631738220488,0.00014964397352439,0.926410432411385
"450","Methyl-antranilate","134-20-3","Default",2,96,3.57638264439531e-08,0.00014349772782689,0.000149763317689282,0.958163387676876
"451","Lilyfore","285977-85-7","Default",2,96,2.60077884263638e-07,0.000104743654391719,0.000148520303499204,0.705248049754225
"452","Damascone beta","23726-91-2","Default",2,96,1.14125085854174e-06,3.05247911176973e-05,0.000143521692788782,0.212684163101532
"453","Veloutone","14595-54-1","Default",2,96,2.18072798610078e-06,3.11698326137502e-06,0.000140162108638868,0.0222384158717676
"454","Verdox","82356-51-2","Default",2,96,NA,NA,NA,NA
"455","Nirvanol","1506-02-1","Default",2,96,NA,NA,NA,NA
"456","Cetalox","3738-00-9","Default",2,96,2.39042768006265e-06,2.28219438051332e-06,0.000139714317328712,0.0163347209086947
"457","Tonalide","21145-77-7","Default",2,96,2.80137892248263e-06,1.03861378425339e-06,0.000139156013337729,0.00746366441048213
"458","Caffeine","8/2/1958","Default",2,96,2.70582677323075e-08,0.000147958422055817,0.000149848049419264,0.987389709971068
"459","Lamotrigine","84057-84-1","Default",2,96,1.33588580344808e-07,0.000132418936293504,0.000149478344874135,0.885873712376224
"460","Diclofenac","15307-79-6","Default",2,96,4.14727272051079e-08,0.000147909364862781,0.000149859959116315,0.98698388638943
"461","2,4-Dichlorophenoxyacetic","94-75-7","Default",2,96,1.63945541670662e-07,0.000125102020048159,0.000149258278908759,0.838157996747594
"462","(S)-Naproxen","22204-53-1","Default",2,96,3.08165214708389e-07,0.000108214262970023,0.000148661657799069,0.727923154982473
"463","Ibuprofen","15687-27-1","Default",2,96,6.47837570791549e-07,7.00641961751961e-05,0.000146859112707887,0.47708443067172
"464","Torasemide","56211-40-6","Default",2,96,6.34342628909902e-07,9.65425692626949e-05,0.00014817937349566,0.651525019880873
"465","Warfarin","81-81-2","Default",2,96,1.93817576616182e-07,0.000128761734166472,0.000149371351963698,0.862024293639419
"466","di-n-butylphthalate","84-74-2","Default",2,96,2.10812271317847e-06,1.62053809360806e-05,0.000142424477648012,0.113782273972108
"467","hexachlorophene","70-30-4","Default",2,96,5.62926007954627e-06,6.79712766033101e-09,0.000136165495013005,4.99181357191982e-05
"468","hexamethylenetetramine","100-97-0","Default",2,96,1.95246006826922e-08,0.00014798156379729,0.000149859498373951,0.987468698367221
"469","Malathion","121-75-5","Default",2,96,1.3057445625214e-07,0.000137048457620592,0.000149604714179407,0.916070448530406
"470","pentachlorophenol","87-86-5","Default",2,96,2.49215968002369e-06,4.69317014532914e-06,0.000140642932617895,0.0333693990730395
"471","2,2,2-trichloroethanol","115-20-8","Default",2,96,2.51104563078302e-08,0.000146520993098101,0.000149784434946253,0.978212410059008
"472","diethylphthalate","84-66-2","Default",2,96,9.7276611649392e-08,0.000135450651541352,0.000149562115981842,0.905648135907607
"473","4-chlorophenol","106-48-9","Default",2,96,5.27650018559377e-08,0.000136467081203442,0.000149584834775844,0.912305591726197
"474","permethrin","52645-53-1","Default",2,96,4.85222821401476e-06,1.20348332233111e-07,0.0001375994064224,0.000874628280471414
"475","Aniline","62-53-3","Default",2,96,1.30973413496162e-08,0.000147849683243797,0.000149842909894458,0.986697891464704
"476","4-fluoroaniline","371-40-4","Default",2,96,1.61873231921888e-08,0.000147608175303668,0.000149849429344441,0.985043292786782
"477","2,4,6-trichlorophenol","6/2/1988","Default",2,96,5.86005833282484e-07,7.3165210117677e-05,0.000147026688672754,0.497632169901651
"478","Allyl alcohol","107-18-6","Default",2,96,8.09607866346312e-09,0.000147921489747819,0.000149819969064278,0.987328262525243
"479","N-methylaniline","100-61-8","Default",2,96,2.11607497851757e-08,0.000145155164396559,0.000149731587672341,0.969435819475876
"480","3,4-dichloroaniline","95-76-1","Default",2,96,1.00358329031257e-07,0.000129066577438646,0.000149379347361951,0.864018886934305
"481","4-decylaniline","37529-30-9","Default",2,96,2.82115617810406e-06,1.96467229230504e-07,0.000137912045604226,0.0014245835334378
"482","naphthalene","91-20-3","Default",2,96,2.05128311248905e-07,9.94518479336568e-05,0.000145991468771142,0.681216846236124
"483","1,2,4-trichlorobenzene","120-82-1","Default",2,96,7.75485242431374e-07,4.89326448784173e-05,0.000141900691682659,0.344837254125923
"484","1,2-dichlorobenzene","95-50-1","Default",2,96,2.76406988493876e-07,8.67955597984622e-05,0.000138930908768512,0.624739020048318
"485","dichloromethane","9/2/1975","Default",2,96,1.10525422805455e-08,0.000125298738521603,0.000127489458375054,0.982816462777597
"486","tetrachloroethylene","127-18-4","Default",2,96,1.96433386087472e-07,5.8623048382741e-05,9.18453817151949e-05,0.638279762008353
"487","2,3-dimethyl-1,3-butadiene","513-81-5","Default",2,96,3.20362927909087e-08,3.97373096125586e-05,5.18813072270536e-05,0.765927300918847
"488","cyclosporine A","59865-13-3","Default",2,96,1.0585666817072e-06,0.000120858250371758,0.000149119775437756,0.810477684914468
"489","chlorpromazine","50-53-3","Default",2,96,3.23623180235949e-06,2.22612558103769e-06,0.000139850617197222,0.0159178817058657
"490","PBDE 47","5436-43-1","Default",2,96,6.26307758696157e-06,5.14536089092204e-08,0.000137106385089547,0.000375282368327449
"491","PBDE 99","60348-60-9","Default",2,96,7.66903648631417e-06,1.25478979706281e-08,0.000136418670201601,9.19807967053528e-05
"492","PBDE 153","68631-49-2","Default",2,96,9.13736009834844e-06,2.48074537176907e-09,0.000135801683265873,1.82674125394473e-05
"493","amiodarone","1951-25-3","Default",2,96,8.94861973520457e-06,6.25087827508291e-09,0.000136132835432398,4.59174912153139e-05
"494","PFBS","375-73-5","Default",2,96,5.30417312474277e-08,0.000146170719486659,0.000149823250772011,0.975621065044773
"495","4:2 FTS","757124-72-4","Default",2,96,7.00873158945262e-08,0.000144508427198583,0.000149786414880566,0.964763241805395
"496","PFNA","375-95-1","Default",2,96,5.39183945980257e-06,3.86311551963308e-07,0.000138381659471929,0.00279163838212009
"497","PFHxA","307-24-4","Default",2,96,1.72181296855623e-06,3.59509956664808e-05,0.000144517391847259,0.24876587659759
"498","PFBA","375-22-4","Default",2,96,4.416072900703e-08,0.000144422919378007,0.000149395501277745,0.966715317012842
"499","PFOA","335-67-1","Default",2,96,2.11733565443781e-06,4.04389240685271e-05,0.000144886526740068,0.279107553879568
"500","6:2 FTS","27619-97-2","Default",2,96,4.08018437761793e-07,0.000118720736656672,0.000149047063205374,0.796531874587057
"501","8:2 FTS","39108-34-4","Default",2,96,2.8400532220113e-06,3.72029314221722e-05,0.00014462294442865,0.257240865681076
"502","PFUnDA","2058-94-8","Default",2,96,6.41807715464837e-06,5.33298188595499e-07,0.000138622246095456,0.00384713279157423
"503","PFOS","1763-23-1","Default",2,96,5.69035601669385e-06,5.3329818828025e-07,0.000138622246013511,0.00384713279157423
"504","PFHpA","375-85-9","Default",2,96,8.52176452847777e-07,8.52973687389376e-05,0.000147659240764734,0.577663600985475
"505","PFPeA","2706-90-3","Default",2,96,9.93477420332781e-08,0.00013777908069117,0.000149623751818002,0.920836959487294
"506","PFHxS","355-46-4","Default",2,96,2.552530938779e-07,0.000128451589453638,0.000149362041321216,0.860001566110037
"507","PFDA","335-76-2","Default",2,96,6.28684834073163e-06,1.58062371978084e-07,0.00013777068094436,0.00114728598925862
"508","Azathioprine","446-86-6","Default",2,96,3.86507338095411e-08,0.000147964434584693,0.000149860198855137,0.987349781430111
"509","Benzocaine","94-09-7","Default",2,96,3.83958617580597e-08,0.000143678966177905,0.00014976754213372,0.959346492109895
"510","Butylated hydroxyanisole","25013-16-5","Default",2,96,NA,NA,NA,NA
"511","Cetirizine dihydrochloride","83881-52-1","Default",2,96,5.44734178434608e-08,0.000147906758305508,0.00014985992504601,0.986966717487
"512","Cyclamate","139-05-9","Default",2,96,2.49660507633774e-08,0.000147979543885129,0.000149860596625778,0.987447983105616
"513","Cyclophosphamide","6055-19-2","Default",2,96,3.65579463515512e-08,0.000147901814357298,0.000149851459996626,0.986989478518447
"514","Cypermethrin","67375-30-8","Default",2,96,5.24452731971451e-06,8.66845808986902e-08,0.000137402048227891,0.00063088274168168
"515","DEET","134-62-3","Default",2,96,6.11325011459738e-08,0.000140018130501687,0.000149679273022651,0.935454373034658
"516","Dexamethasone","50-02-2","Default",2,96,9.62903559139306e-08,0.000143118877384331,0.000149754648728738,0.955689046044734
"517","Digoxin","20830-75-5","Default",2,96,1.20068004308203e-07,0.000147235288078728,0.000149846250876129,0.98257572156704
"518","Fenazaquin","120928-09-8","Default",2,96,3.1858508911928e-06,1.71416783942891e-06,0.000139602186899096,0.0122789468954946
"519","Fenbuconazole","114369-43-6","Default",2,96,4.88938456483246e-07,0.000105322959594437,0.000148525828153785,0.709122183687705
"520","Fluazinam","79622-59-6","Default",2,96,2.08738233421969e-06,4.87606054068065e-05,0.000145511874269048,0.335097088479866
"521","Furosemide","54-31-9","Default",2,96,9.02059403188823e-08,0.000141952451433479,0.000149727258298687,0.948073537487086
"522","Glybenclamide","10238-21-8","Default",2,96,4.19410977527495e-06,9.18542538395725e-06,0.000141509899209308,0.0649101259719719
"523","HC Red 3","1/4/2871","Default",2,96,2.74911205210003e-08,0.000147962781123019,0.000149859860197243,0.987340979287398
"524","Hydralazine hydrochloride","304-20-1","Default",2,96,2.24408378962079e-08,0.000147904619941786,0.000149859547213246,0.986954936753692
"525","Ketoconazole","65277-42-1","Default",2,96,3.33159310190628e-06,2.73936940444094e-05,0.000143730822821308,0.190590254106222
"526","Metformin","1115-70-4","Default",2,96,1.79892267940978e-08,0.000147981511733053,0.000149860692494682,0.987460482596556
"527","Metoclopramide","364-62-5","Default",2,96,1.67811421516712e-07,0.000131091932859042,0.000149440253995795,0.877219687158257
"528","Nitrofurantoin","67-20-9","Default",2,96,3.31745973817e-08,0.000147978361674367,0.000149860586916272,0.987440158345588
"529","Oxytetracycline hydrochloride","2058-46-0","Default",2,96,6.41251869577577e-08,0.000147983150054226,0.000149860727499,0.987471184238135
"530","Panthenol","16485-10-2 ","Default",2,96,2.85868166316177e-08,0.000147981562228641,0.000149860628500109,0.987461241219427
"531","Paracetamol","103-90-2","Default",2,96,2.11096810321012e-08,0.000147940776912657,0.000149860301932036,0.987191237474953
"532","Topiramate","97240-79-4","Default",2,96,4.72636294401218e-08,0.000147982901264033,0.000149860651192552,0.987470026897813
"533","Trimellitic anhydride","552-30-7","Default",2,96,3.31049180140057e-08,0.000146374825480597,0.000149827695036314,0.97695439715014
"534","Verapamil hydrochloride","152-11-4","Default",2,96,3.15093448223662e-06,2.12156346375516e-05,0.00014306822996201,0.148290327231875
"535","Warfarin","129-06-6","Default",2,96,1.42267436589025e-07,0.000134578484066618,0.00014953858683247,0.899958244338556
"536","2,4-Dinitrophenol","51-28-5","MCF7",2,96,3.80133387480413e-08,0.0001451491036446,0.000149792842832006,0.96899892478432
"537","Aldrin","309-00-2","MCF7",2,96,1.57260705045432e-06,1.27424695863014e-07,0.000145690116256398,0.000874628280471414
"538","Azinphos-methyl","86-50-0","MCF7",2,96,9.24258994102672e-08,0.00012749480625188,0.000149708030575437,0.851623027581248
"539","Chlorpyrifos","2921-88-2","MCF7",2,96,1.04270704997433e-06,7.30295065386236e-06,0.000147024673005475,0.0496715993620364
"540","DDD-p,p'","50-29-3","MCF7",2,96,1.61624974124148e-06,4.14830092780685e-08,0.00014544061489274,0.000285223005339063
"541","DDT-o,p'","789-02-6","MCF7",2,96,1.54149187859052e-06,1.08208544515193e-07,0.000145651436880213,0.000742928094861065
"542","DDT-p,p'","72-54-8","MCF7",2,96,1.29423018826949e-06,3.56332548790446e-07,0.000145955906730593,0.00244137121115741
"543","Diazinon","333-41-5","MCF7",2,96,3.35372500371593e-07,6.48925899730577e-05,0.000148897668066342,0.435820055584379
"544","Dicofol","115-32-2","MCF7",2,96,1.12759301731614e-06,6.29479295437233e-06,0.00014695648134973,0.0428344016987712
"545","Dieldrin","60-57-1","MCF7",2,96,1.20151794551036e-06,4.90007798844244e-06,0.000146843459114054,0.0333693990730395
"546","Disulfoton","298-04-4","MCF7",2,96,3.96099036843567e-07,4.90588714863756e-05,0.000148543626018067,0.330265746174856
"547","Endosulfan I","115-29-7","MCF7",2,96,4.6046947172501e-07,6.33109827493045e-05,0.000148784219400507,0.425522162258888
"548","Endrin","72-20-8","MCF7",2,96,1.32055139871487e-06,2.21482484729893e-06,0.000146532170023115,0.0151149392447375
"549","Ethion","563-12-2","MCF7",2,96,1.19175416404026e-06,5.55618438652411e-06,0.000146900210245624,0.0378228484304679
"550","Heptachlor","76-44-8","MCF7",2,96,1.5040607414324e-06,3.75998348957827e-07,0.000145965038814725,0.00257594799419802
"551","Heptachlor epoxide B","1024-57-3","MCF7",2,96,1.16693836648919e-06,6.95086219675848e-06,0.000146994586321841,0.0472865183044206
"552","Lindane","58-89-9","MCF7",2,96,2.82853887157065e-07,7.18596924007677e-05,0.000149014863130171,0.48223171092668
"553","Methoxychlor-o,p'","72-43-5","MCF7",2,96,1.07521656716659e-06,5.41865410259722e-06,0.000146889230419758,0.0368893899648912
"554","Parathion","56-38-2","MCF7",2,96,3.29763707780307e-07,6.3346107459677e-05,0.000148866764361705,0.425522162258888
"555","Trifluralin","1582-09-8","MCF7",2,96,1.13326629116887e-06,2.79529124993931e-06,0.000146604157769825,0.019066930245785
"556","Eugenol F","97-53-0","MCF7",2,96,3.74263975966533e-08,0.000138748857273584,0.000149770395949051,0.926410432411385
"557","Methyl-antranilate","134-20-3","MCF7",2,96,3.18627345911787e-08,0.000143522455805456,0.000149789125373946,0.958163387676876
"558","Lilyfore","285977-85-7","MCF7",2,96,8.66491642467302e-08,0.000105437594298945,0.000149504269222282,0.705248049754225
"559","Damascone beta","23726-91-2","MCF7",2,96,3.7031539223507e-07,3.13742300582757e-05,0.000147515591197536,0.212684163101532
"560","Veloutone","14595-54-1","MCF7",2,96,7.3832218421166e-07,3.26120098445505e-06,0.000146647180413388,0.0222384158717676
"561","Verdox","82356-51-2","MCF7",2,96,NA,NA,NA,NA
"562","Nirvanol","1506-02-1","MCF7",2,96,NA,NA,NA,NA
"563","Cetalox","3738-00-9","MCF7",2,96,8.11816559503266e-07,2.39114229368637e-06,0.000146384031110908,0.0163347209086948
"564","Tonalide","21145-77-7","MCF7",2,96,9.58403678634473e-07,1.09184551303373e-06,0.000146288130465823,0.00746366441048213
"565","Caffeine","8/2/1958","MCF7",2,96,3.89775282404807e-08,0.000147897821794391,0.000149786675211274,0.987389709971068
"566","Lamotrigine","84057-84-1","MCF7",2,96,6.6218326640952e-08,0.000132651985353903,0.000149741417428545,0.885873712376224
"567","Diclofenac","15307-79-6","MCF7",2,96,5.94969618347452e-08,0.000147849295205542,0.000149799097274427,0.98698388638943
"568","2,4-Dichlorophenoxyacetic","94-75-7","MCF7",2,96,6.75735287828063e-08,0.000125467451471941,0.000149694272391133,0.838157996747594
"569","(S)-Naproxen","22204-53-1","MCF7",2,96,1.04671241216573e-07,0.000108857570398592,0.000149545415135493,0.727923154982473
"570","Ibuprofen","15687-27-1","MCF7",2,96,2.03482052417446e-07,7.10918995419441e-05,0.000149013245814476,0.47708443067172
"571","Torasemide","56211-40-6","MCF7",2,96,2.0485801756438e-07,9.7345680407711e-05,0.000149412037047342,0.651525019880873
"572","Warfarin","81-81-2","MCF7",2,96,8.65545677887417e-08,0.000129061618359865,0.000149719235655151,0.862024293639419
"573","di-n-butylphthalate","84-74-2","MCF7",2,96,7.01131385723643e-07,1.67805367517933e-05,0.000147479358304148,0.113782273972108
"574","hexachlorophene","70-30-4","MCF7",2,96,1.9828831525138e-06,7.24446198789952e-09,0.000145126853868329,4.99181357191982e-05
"575","hexamethylenetetramine","100-97-0","MCF7",2,96,2.81389821712809e-08,0.000147920886414429,0.000149798050975201,0.987468698367221
"576","Malathion","121-75-5","MCF7",2,96,7.75899658983079e-08,0.000137195380716979,0.000149765098237884,0.916070448530406
"577","pentachlorophenol","87-86-5","MCF7",2,96,8.40138039072131e-07,4.90014981555562e-06,0.000146845611598521,0.0333693990730395
"578","2,2,2-trichloroethanol","115-20-8","MCF7",2,96,3.03871451861448e-08,0.000146486454366345,0.000149749126938094,0.978212410059008
"579","diethylphthalate","84-66-2","MCF7",2,96,5.38881394231056e-08,0.000135627463290549,0.000149757348260457,0.905648135907607
"580","4-chlorophenol","106-48-9","MCF7",2,96,3.05376187098905e-08,0.00013662480930128,0.000149757724319949,0.912305591726197
"581","permethrin","52645-53-1","MCF7",2,96,1.68629711036366e-06,1.27424957976652e-07,0.000145690415942155,0.000874628280471414
"582","Aniline","62-53-3","MCF7",2,96,1.87226894552829e-08,0.000147790090098206,0.000149782513347443,0.986697891464704
"583","4-fluoroaniline","371-40-4","MCF7",2,96,2.24038267039102e-08,0.000147553069787049,0.000149793487116294,0.985043292786782
"584","2,4,6-trichlorophenol","6/2/1988","MCF7",2,96,1.84058772136345e-07,7.41781975937901e-05,0.000149062303605593,0.497632169901651
"585","Allyl alcohol","107-18-6","MCF7",2,96,1.1656587037269e-08,0.000147860979463276,0.000149758682168278,0.987328262525243
"586","N-methylaniline","100-61-8","MCF7",2,96,2.20962056699117e-08,0.00014514670489978,0.000149722861466222,0.969435819475876
"587","3,4-dichloroaniline","95-76-1","MCF7",2,96,4.51640300655021e-08,0.000129360914699392,0.000149720008041014,0.864018886934306
"588","4-decylaniline","37529-30-9","MCF7",2,96,9.77427506155976e-07,2.07721101527543e-07,0.000145811808610668,0.0014245835334378
"589","naphthalene","91-20-3","MCF7",2,96,6.72411562040333e-08,0.000100172818724371,0.000147049826025073,0.681216846236124
"590","1,2,4-trichlorobenzene","120-82-1","MCF7",2,96,2.45999243348729e-07,4.99124926410456e-05,0.000144742170527838,0.344837254125923
"591","1,2-dichlorobenzene","95-50-1","MCF7",2,96,8.83327588830457e-08,8.75452756557986e-05,0.000140130955241162,0.624739020048318
"592","dichloromethane","9/2/1975","MCF7",2,96,1.4610260828257e-08,0.000125263716367669,0.000127453823894702,0.982816462777597
"593","tetrachloroethylene","127-18-4","MCF7",2,96,6.28935357937155e-08,5.89402739314419e-05,9.23423825094906e-05,0.638279762008353
"594","2,3-dimethyl-1,3-butadiene","513-81-5","MCF7",2,96,1.13362856723571e-08,3.98042446781751e-05,5.19686981132855e-05,0.765927300918847
"595","cyclosporine A","59865-13-3","MCF7",2,96,4.06537654522432e-07,0.000121297673772456,0.00014966195372209,0.810477684914468
"596","chlorpromazine","50-53-3","MCF7",2,96,1.09940297975e-06,2.33279869529859e-06,0.000146552081389005,0.0159178817058657
"597","PBDE 47","5436-43-1","MCF7",2,96,2.18694706340118e-06,5.4602476047308e-08,0.000145497046106,0.00037528236832745
"598","PBDE 99","60348-60-9","MCF7",2,96,2.69514831305224e-06,1.33580787448721e-08,0.000145226821503436,9.19807967053529e-05
"599","PBDE 153","68631-49-2","MCF7",2,96,3.22912368333965e-06,2.64844434808129e-09,0.000144981909307743,1.82674125394473e-05
"600","amiodarone","1951-25-3","MCF7",2,96,3.1530460796304e-06,6.66326643224286e-09,0.000145113904437806,4.59174912153139e-05
"601","PFBS","375-73-5","MCF7",2,96,6.12936439756983e-08,0.00014614389262973,0.000149795753562396,0.975621065044773
"602","4:2 FTS","757124-72-4","MCF7",2,96,6.82752766194516e-08,0.000144513754606362,0.000149791936865182,0.964763241805395
"603","PFNA","375-95-1","MCF7",2,96,1.85932236518771e-06,4.07561143358848e-07,0.000145993530526446,0.00279163838212009
"604","PFHxA","307-24-4","MCF7",2,96,5.5484302987759e-07,3.68753780639609e-05,0.000148233264820365,0.24876587659759
"605","PFBA","375-22-4","MCF7",2,96,4.42554594690704e-08,0.000144422492663559,0.00014939505987122,0.966715317012842
"606","PFOA","335-67-1","MCF7",2,96,6.7865526784118e-07,4.14086793608636e-05,0.000148361012753997,0.279107553879568
"607","6:2 FTS","27619-97-2","MCF7",2,96,1.52281147448625e-07,0.000119196489051546,0.000149644343000512,0.796531874587057
"608","8:2 FTS","39108-34-4","MCF7",2,96,9.13775442487133e-07,3.81410914315374e-05,0.000148269954427941,0.257240865681076
"609","PFUnDA","2058-94-8","MCF7",2,96,2.20781825281414e-06,5.62012445540449e-07,0.000146086053169606,0.00384713279157423
"610","PFOS","1763-23-1","MCF7",2,96,1.95748221446658e-06,5.62012445325925e-07,0.000146086053113844,0.00384713279157423
"611","PFHpA","375-85-9","MCF7",2,96,2.69456109277311e-07,8.62219864605902e-05,0.000149259856971252,0.577663600985475
"612","PFPeA","2706-90-3","MCF7",2,96,6.11517993219785e-08,0.000137912283626607,0.000149768406019882,0.920836959487294
"613","PFHxS","355-46-4","MCF7",2,96,1.13123455213993e-07,0.000128757084720402,0.000149717267728705,0.860001566110037
"614","PFDA","335-76-2","MCF7",2,96,2.18120902436361e-06,1.67225036167813e-07,0.000145757062958534,0.00114728598925862
"615","Azathioprine","446-86-6","MCF7",2,96,5.56588190781731e-08,0.000147903867302718,0.000149798855567162,0.98734978143011
"616","Benzocaine","94-09-7","MCF7",2,96,3.47356912076535e-08,0.000143700222738395,0.000149789699467556,0.959346492109895
"617","Butylated hydroxyanisole","25013-16-5","MCF7",2,96,NA,NA,NA,NA
"618","Cetirizine dihydrochloride","83881-52-1","MCF7",2,96,7.81319887681117e-08,0.00014784671504918,0.000149799088894938,0.986966717487
"619","Cyclamate","139-05-9","MCF7",2,96,3.59776899459973e-08,0.000147918879900759,0.000149799161506756,0.987447983105616
"620","Cyclophosphamide","6055-19-2","MCF7",2,96,5.24496363600772e-08,0.000147841742967557,0.000149790596744233,0.986989478518448
"621","Cypermethrin","67375-30-8","MCF7",2,96,1.82612682084066e-06,9.18650033859749e-08,0.000145613435455691,0.00063088274168168
"622","DEET","134-62-3","MCF7",2,96,4.25379058525581e-08,0.000140109071402674,0.000149776488775346,0.935454373034658
"623","Dexamethasone","50-02-2","MCF7",2,96,8.31575294083122e-08,0.000143150857454641,0.000149788111569441,0.955689046044734
"624","Digoxin","20830-75-5","MCF7",2,96,1.57943547399886e-07,0.000147187633215593,0.000149797750936542,0.98257572156704
"625","Fenazaquin","120928-09-8","MCF7",2,96,1.0850083548499e-06,1.79835880245315e-06,0.000146458716513629,0.0122789468954946
"626","Fenbuconazole","114369-43-6","MCF7",2,96,1.63385651613376e-07,0.000106008256422534,0.000149492229775201,0.709122183687705
"627","Fluazinam","79622-59-6","MCF7",2,96,6.63366245705167e-07,4.97866082475498e-05,0.000148573681954092,0.335097088479866
"628","Furosemide","54-31-9","MCF7",2,96,7.12846366681832e-08,0.000142006689768839,0.000149784467294842,0.948073537487086
"629","Glybenclamide","10238-21-8","MCF7",2,96,1.40342439096455e-06,9.55211310883437e-06,0.000147159059789207,0.0649101259719719
"630","HC Red 3","1/4/2871","MCF7",2,96,3.95855352651591e-08,0.000147902224028373,0.000149798526680336,0.987340979287398
"631","Hydralazine hydrochloride","304-20-1","MCF7",2,96,3.21827067059017e-08,0.000147844595202565,0.000149798729097864,0.986954936753692
"632","Ketoconazole","65277-42-1","MCF7",2,96,1.0862167707901e-06,2.81989677958302e-05,0.00014795597984834,0.190590254106222
"633","Metformin","1115-70-4","MCF7",2,96,2.59252975744274e-08,0.000147920838500068,0.000149799248787259,0.987460482596556
"634","Metoclopramide","364-62-5","MCF7",2,96,7.98289501112001e-08,0.000131349371000685,0.000149733724543039,0.877219687158257
"635","Nitrofurantoin","67-20-9","MCF7",2,96,4.78045880959657e-08,0.00014791770401143,0.00014979915771226,0.987440158345588
"636","Oxytetracycline hydrochloride","2058-46-0","MCF7",2,96,9.24184146090662e-08,0.000147922470370029,0.000149799277924405,0.987471184238135
"637","Panthenol","16485-10-2 ","MCF7",2,96,4.11982310443319e-08,0.000147920888537227,0.00014979918437564,0.987461241219427
"638","Paracetamol","103-90-2","MCF7",2,96,3.03535940585592e-08,0.000147880407058939,0.000149799148782143,0.987191237474953
"639","Topiramate","97240-79-4","MCF7",2,96,6.81169687099758e-08,0.00014792222222982,0.000149799202204167,0.987470026897813
"640","Trimellitic anhydride","552-30-7","MCF7",2,96,3.9162621373283e-08,0.000146344022899391,0.000149796165845908,0.97695439715014
"641","Verapamil hydrochloride","152-11-4","MCF7",2,96,1.03749155517797e-06,2.190503619454e-05,0.000147717228786529,0.148290327231875
"642","Warfarin","129-06-6","MCF7",2,96,7.6123932634833e-08,0.000134771544722626,0.000149753108625256,0.899958244338556
"643","2,4-Dinitrophenol","51-28-5","HCT116",2,96,2.02338118529509e-08,0.000145242679569332,0.000149889412520927,0.968998924784321
"644","Aldrin","309-00-2","HCT116",2,96,2.10487360222515e-06,1.26148944709305e-07,0.00014423149528313,0.000874628280471414
"645","Azinphos-methyl","86-50-0","HCT116",2,96,1.13597764115289e-07,0.000127437985492836,0.000149641310022794,0.851623027581248
"646","Chlorpyrifos","2921-88-2","HCT116",2,96,1.44040111568154e-06,7.2466057909083e-06,0.00014589032533643,0.0496715993620363
"647","DDD-p,p'","50-29-3","HCT116",2,96,2.15205668270073e-06,4.10518985053545e-08,0.000143929128215143,0.000285223005339063
"648","DDT-o,p'","789-02-6","HCT116",2,96,2.06150558164201e-06,1.07118718313746e-07,0.000144184503257719,0.000742928094861065
"649","DDT-p,p'","72-54-8","HCT116",2,96,1.74259645532039e-06,3.52912265422428e-07,0.000144554938556484,0.00244137121115741
"650","Diazinon","333-41-5","HCT116",2,96,5.0882222254855e-07,6.46442158598239e-05,0.000148327767461606,0.435820055584379
"651","Dicofol","115-32-2","HCT116",2,96,1.55530141961103e-06,6.24534322144274e-06,0.000145802041671144,0.0428344016987712
"652","Dieldrin","60-57-1","HCT116",2,96,1.65307713203452e-06,4.860520002823e-06,0.000145658002176911,0.0333693990730395
"653","Disulfoton","298-04-4","HCT116",2,96,5.87335425370835e-07,4.88287207372616e-05,0.000147846760685287,0.330265746174856
"654","Endosulfan I","115-29-7","HCT116",2,96,6.97239092199106e-07,6.30635354397567e-05,0.000148202704895518,0.425522162258888
"655","Endrin","72-20-8","HCT116",2,96,1.80313010574555e-06,2.19567570661519e-06,0.000145265268425055,0.0151149392447375
"656","Ethion","563-12-2","HCT116",2,96,1.64171810681285e-06,5.51191965934334e-06,0.000145729893122044,0.0378228484304679
"657","Heptachlor","76-44-8","HCT116",2,96,2.02582072133312e-06,3.72398299415882e-07,0.000144567475839831,0.00257594799419802
"658","Heptachlor epoxide B","1024-57-3","HCT116",2,96,1.61120192276341e-06,6.89690522054844e-06,0.000145853521634806,0.0472865183044206
"659","Lindane","58-89-9","HCT116",2,96,4.32567727752388e-07,7.16114694509927e-05,0.00014850012520616,0.48223171092668
"660","Methoxychlor-o,p'","72-43-5","HCT116",2,96,1.48080502766028e-06,5.37536781902431e-06,0.000145715823008735,0.0368893899648912
"661","Parathion","56-38-2","HCT116",2,96,4.99324415371217e-07,6.30983860663378e-05,0.000148284605745044,0.425522162258888
"662","Trifluralin","1582-09-8","HCT116",2,96,1.55071481442458e-06,2.77155405920143e-06,0.000145359217423797,0.019066930245785
"663","Eugenol F","97-53-0","HCT116",2,96,3.18509405993429e-08,0.000138780313448092,0.000149804350850039,0.926410432411385
"664","Methyl-antranilate","134-20-3","HCT116",2,96,1.97625052354036e-08,0.000143599155924832,0.000149869174476596,0.958163387676876
"665","Lilyfore","285977-85-7","HCT116",2,96,1.305823850807e-07,0.000105261804414681,0.000149255009569136,0.705248049754225
"666","Damascone beta","23726-91-2","HCT116",2,96,5.32449977776945e-07,3.11955855141397e-05,0.000146675638934373,0.212684163101532
"667","Veloutone","14595-54-1","HCT116",2,96,1.01176356020082e-06,3.23386117624951e-06,0.000145417784922126,0.0222384158717676
"668","Verdox","82356-51-2","HCT116",2,96,NA,NA,NA,NA
"669","Nirvanol","1506-02-1","HCT116",2,96,NA,NA,NA,NA
"670","Cetalox","3738-00-9","HCT116",2,96,1.10927806596059e-06,2.37061297650705e-06,0.000145127240909589,0.0163347209086948
"671","Tonalide","21145-77-7","HCT116",2,96,1.30081237935705e-06,1.08195552275213e-06,0.000144963045395317,0.00746366441048213
"672","Caffeine","8/2/1958","HCT116",2,96,1.47808516225053e-08,0.000148020843262685,0.000149911267828609,0.987389709971068
"673","Lamotrigine","84057-84-1","HCT116",2,96,7.17531961350555e-08,0.000132632838978216,0.00014971980444306,0.885873712376224
"674","Diclofenac","15307-79-6","HCT116",2,96,2.26315589193346e-08,0.000147972157127983,0.000149923579471284,0.98698388638943
"675","2,4-Dichlorophenoxyacetic","94-75-7","HCT116",2,96,8.61659408044339e-08,0.000125396951217142,0.000149610159067545,0.838157996747594
"676","(S)-Naproxen","22204-53-1","HCT116",2,96,1.55722211940143e-07,0.00010869618248492,0.000149323705037981,0.727923154982473
"677","Ibuprofen","15687-27-1","HCT116",2,96,3.10937462047885e-07,7.08433771698901e-05,0.000148492326756807,0.47708443067172
"678","Torasemide","56211-40-6","HCT116",2,96,3.14241509704541e-07,9.71411396723171e-05,0.000149098095557525,0.651525019880873
"679","Warfarin","81-81-2","HCT116",2,96,1.02946668263709e-07,0.00012901578959003,0.00014966607152721,0.862024293639419
"680","di-n-butylphthalate","84-74-2","HCT116",2,96,9.76426687556638e-07,1.66680003678618e-05,0.000146490308076878,0.113782273972108
"681","hexachlorophene","70-30-4","HCT116",2,96,2.62431758484799e-06,7.1657713744254e-09,0.000143550460592812,4.99181357191982e-05
"682","hexamethylenetetramine","100-97-0","HCT116",2,96,1.06668201370305e-08,0.000148043955617548,0.00014992268196687,0.987468698367221
"683","Malathion","121-75-5","HCT116",2,96,7.11486210341454e-08,0.000137213242214269,0.000149784596189508,0.916070448530406
"684","pentachlorophenol","87-86-5","HCT116",2,96,1.15588187350065e-06,4.86059066826681e-06,0.000145660119848963,0.0333693990730395
"685","2,2,2-trichloroethanol","115-20-8","HCT116",2,96,1.37983935473516e-08,0.000146595036557916,0.000149860127565825,0.978212410059008
"686","diethylphthalate","84-66-2","HCT116",2,96,5.27464479777151e-08,0.000135632115780187,0.000149762485453869,0.905648135907607
"687","4-chlorophenol","106-48-9","HCT116",2,96,2.870089876834e-08,0.000136637842879784,0.000149772010737376,0.912305591726197
"688","permethrin","52645-53-1","HCT116",2,96,2.25704329283504e-06,1.26149201440054e-07,0.000144231788814399,0.000874628280471414
"689","Aniline","62-53-3","HCT116",2,96,7.14081114807775e-09,0.000147912784826997,0.000149906862177873,0.986697891464704
"690","4-fluoroaniline","371-40-4","HCT116",2,96,8.82921880752284e-09,0.000147673400416575,0.000149915644822872,0.985043292786782
"691","2,4,6-trichlorophenol","6/2/1988","HCT116",2,96,2.82107206866048e-07,7.39310958059136e-05,0.000148565748513656,0.497632169901651
"692","Allyl alcohol","107-18-6","HCT116",2,96,4.42200683455746e-09,0.000147983930025571,0.000149883210723736,0.987328262525243
"693","N-methylaniline","100-61-8","HCT116",2,96,1.1681017845875e-08,0.000145240891327293,0.000149820017384769,0.969435819475876
"694","3,4-dichloroaniline","95-76-1","HCT116",2,96,5.33542795498589e-08,0.000129317238166572,0.000149669457603424,0.864018886934305
"695","4-decylaniline","37529-30-9","HCT116",2,96,1.31174424948108e-06,2.05680476952206e-07,0.000144379372725064,0.0014245835334378
"696","naphthalene","91-20-3","HCT116",2,96,1.02336977760103e-07,9.99893131547295e-05,0.000146780446941665,0.681216846236124
"697","1,2,4-trichlorobenzene","120-82-1","HCT116",2,96,3.66077921778061e-07,4.96902793685521e-05,0.000144097770104638,0.344837254125923
"698","1,2-dichlorobenzene","95-50-1","HCT116",2,96,1.36061732931308e-07,8.73550147793051e-05,0.000139826410670729,0.624739020048318
"699","dichloromethane","9/2/1975","HCT116",2,96,6.0456924591583e-09,0.000125348025912599,0.000127539607505501,0.982816462777597
"700","tetrachloroethylene","127-18-4","HCT116",2,96,9.67794290185219e-08,5.88597775843204e-05,9.2216267987438e-05,0.638279762008353
"701","2,3-dimethyl-1,3-butadiene","513-81-5","HCT116",2,96,1.63434373761957e-08,3.97880536679422e-05,5.19475590179516e-05,0.765927300918847
"702","cyclosporine A","59865-13-3","HCT116",2,96,5.50107116867136e-07,0.000121200917679167,0.00014954257215849,0.810477684914468
"703","chlorpromazine","50-53-3","HCT116",2,96,1.50187044948756e-06,2.31270702580591e-06,0.00014528987390035,0.0159178817058657
"704","PBDE 47","5436-43-1","HCT116",2,96,2.91534453810778e-06,5.40397789364593e-08,0.000143997649496038,0.00037528236832745
"705","PBDE 99","60348-60-9","HCT116",2,96,3.5736960645223e-06,1.32149749053575e-08,0.000143671020242299,9.19807967053529e-05
"706","PBDE 153","68631-49-2","HCT116",2,96,4.26252207277573e-06,2.61911243922983e-09,0.000143376213438768,1.82674125394473e-05
"707","amiodarone","1951-25-3","HCT116",2,96,4.17201500371336e-06,6.59076097519365e-09,0.000143534866578154,4.59174912153139e-05
"708","PFBS","375-73-5","HCT116",2,96,2.91997707613871e-08,0.000146248229378413,0.000149902697490138,0.975621065044773
"709","4:2 FTS","757124-72-4","HCT116",2,96,3.87249748014724e-08,0.000144600632694449,0.000149881988065644,0.964763241805396
"710","PFNA","375-95-1","HCT116",2,96,2.50563754031992e-06,4.0367328278527e-07,0.000144600849941998,0.00279163838212009
"711","PFHxA","307-24-4","HCT116",2,96,8.05763053308197e-07,3.66766187942401e-05,0.000147434283575674,0.24876587659759
"712","PFBA","375-22-4","HCT116",2,96,2.43928562599442e-08,0.000144511963985457,0.000149487611753168,0.966715317012842
"713","PFOA","335-67-1","HCT116",2,96,9.93513470684488e-07,4.11964463855128e-05,0.000147600614218018,0.279107553879568
"714","6:2 FTS","27619-97-2","HCT116",2,96,2.10913420902537e-07,0.00011908741444329,0.000149507406097249,0.796531874587057
"715","8:2 FTS","39108-34-4","HCT116",2,96,1.33004136561229e-06,3.79383563407139e-05,0.000147481840570966,0.257240865681076
"716","PFUnDA","2058-94-8","HCT116",2,96,2.98176791712489e-06,5.56734055537734e-07,0.000144714020986502,0.00384713279157423
"717","PFOS","1763-23-1","HCT116",2,96,2.64367669787635e-06,5.56734055580069e-07,0.000144714020997507,0.00384713279157423
"718","PFHpA","375-85-9","HCT116",2,96,4.15759861010824e-07,8.59898424400585e-05,0.000148857989828964,0.577663600985475
"719","PFPeA","2706-90-3","HCT116",2,96,5.4250887421727e-08,0.000137936349578679,0.000149794540887542,0.920836959487294
"720","PFHxS","355-46-4","HCT116",2,96,1.3545338453798e-07,0.000128709088483247,0.00014966145825225,0.860001566110037
"721","PFDA","335-76-2","HCT116",2,96,2.92370377382406e-06,1.6556799102759e-07,0.000144312745538347,0.00114728598925862
"722","Azathioprine","446-86-6","HCT116",2,96,2.11116657713529e-08,0.000148026892742837,0.000149923457245749,0.987349781430111
"723","Benzocaine","94-09-7","HCT116",2,96,2.12183340263784e-08,0.000143778725233577,0.000149871528604189,0.959346492109895
"724","Butylated hydroxyanisole","25013-16-5","HCT116",2,96,NA,NA,NA,NA
"725","Cetirizine dihydrochloride","83881-52-1","HCT116",2,96,2.97244925339612e-08,0.000147969568780026,0.000149923564957473,0.986966717487
"726","Cyclamate","139-05-9","HCT116",2,96,1.3639293980715e-08,0.000148041943877086,0.000149923789819774,0.987447983105616
"727","Cyclophosphamide","6055-19-2","HCT116",2,96,1.99499035166235e-08,0.000147964593596852,0.000149915066793781,0.986989478518447
"728","Cypermethrin","67375-30-8","HCT116",2,96,2.44018663493991e-06,9.09344251130722e-08,0.000144138393880735,0.00063088274168168
"729","DEET","134-62-3","HCT116",2,96,3.35869967051638e-08,0.000140152847765231,0.000149823285673002,0.935454373034658
"730","Dexamethasone","50-02-2","HCT116",2,96,5.31956366053466e-08,0.000143223818400083,0.000149864455382048,0.955689046044734
"731","Digoxin","20830-75-5","HCT116",2,96,6.56998427368033e-08,0.000147303693891216,0.000149915869747211,0.98257572156704
"732","Fenazaquin","120928-09-8","HCT116",2,96,1.4787808216671e-06,1.78257843121418e-06,0.000145173559783718,0.0122789468954946
"733","Fenbuconazole","114369-43-6","HCT116",2,96,2.45751649028148e-07,0.000105834873917456,0.000149247726769841,0.709122183687705
"734","Fluazinam","79622-59-6","HCT116",2,96,9.84779220468095e-07,4.95550303741741e-05,0.000147882605005539,0.335097088479866
"735","Furosemide","54-31-9","HCT116",2,96,4.97616012599679e-08,0.000142068386025902,0.000149849542686806,0.948073537487086
"736","Glybenclamide","10238-21-8","HCT116",2,96,1.94401459674125e-06,9.48108117677367e-06,0.000146064747753957,0.0649101259719719
"737","HC Red 3","1/4/2871","HCT116",2,96,1.50158219519975e-08,0.000148025245314314,0.000149923125262307,0.987340979287398
"738","Hydralazine hydrochloride","304-20-1","HCT116",2,96,1.22448553516155e-08,0.000147967442712786,0.000149923200343354,0.986954936753692
"739","Ketoconazole","65277-42-1","HCT116",2,96,1.5518252655933e-06,2.80319836476912e-05,0.000147079837734348,0.190590254106222
"740","Metformin","1115-70-4","HCT116",2,96,9.82791840306679e-09,0.000148043906963536,0.000149923880066825,0.987460482596556
"741","Metoclopramide","364-62-5","HCT116",2,96,8.97652140097546e-08,0.000131320297330498,0.00014970058156801,0.877219687158257
"742","Nitrofurantoin","67-20-9","HCT116",2,96,1.81235300757773e-08,0.000148040765170398,0.000149923784159674,0.987440158345588
"743","Oxytetracycline hydrochloride","2058-46-0","HCT116",2,96,3.50334070986163e-08,0.00014804554237073,0.000149923911435403,0.987471184238135
"744","Panthenol","16485-10-2 ","HCT116",2,96,1.56176333711336e-08,0.000148043957150993,0.000149923815711665,0.987461241219427
"745","Paracetamol","103-90-2","HCT116",2,96,1.15261322996169e-08,0.000148003364848461,0.000149923701943532,0.987191237474953
"746","Topiramate","97240-79-4","HCT116",2,96,2.58214359917535e-08,0.000148045293745785,0.000149923835370352,0.987470026897813
"747","Trimellitic anhydride","552-30-7","HCT116",2,96,1.82084846176818e-08,0.00014645057177785,0.000149905228130463,0.97695439715014
"748","Verapamil hydrochloride","152-11-4","HCT116",2,96,1.46321788234241e-06,2.17661649922385e-05,0.000146780746920895,0.148290327231875
"749","Warfarin","129-06-6","HCT116",2,96,7.69325035007666e-08,0.000134769184654708,0.000149750486205901,0.899958244338556
"750","2,4-Dinitrophenol","51-28-5","HEK293T",2,96,4.77327329075353e-08,0.000145097949229656,0.000149740051839534,0.968998924784321
"751","Aldrin","309-00-2","HEK293T",2,96,2.3744595011047e-06,1.25502793687165e-07,0.000143492723125212,0.000874628280471414
"752","Azinphos-methyl","86-50-0","HEK293T",2,96,2.09131601803666e-07,0.000127181593093943,0.000149340246769936,0.851623027581248
"753","Chlorpyrifos","2921-88-2","HEK293T",2,96,1.68117636483113e-06,7.21249303308426e-06,0.000145203559493128,0.0496715993620364
"754","DDD-p,p'","50-29-3","HEK293T",2,96,2.41507181765346e-06,4.08402763069364e-08,0.000143187174745554,0.000285223005339063
"755","DDT-o,p'","789-02-6","HEK293T",2,96,2.32359407173236e-06,1.06569442306489e-07,0.000143445163863965,0.000742928094861065
"756","DDT-p,p'","72-54-8","HEK293T",2,96,1.97754050069521e-06,3.51120035904337e-07,0.000143820830810026,0.00244137121115741
"757","Diazinon","333-41-5","HEK293T",2,96,6.88875615262111e-07,6.43863854882549e-05,0.000147736169235996,0.435820055584379
"758","Dicofol","115-32-2","HEK293T",2,96,1.81172144667571e-06,6.21569707898366e-06,0.000145109931094519,0.0428344016987712
"759","Dieldrin","60-57-1","HEK293T",2,96,1.91963458756493e-06,4.83716873524168e-06,0.000144958221292928,0.0333693990730395
"760","Disulfoton","298-04-4","HEK293T",2,96,7.59389521606431e-07,4.86216556882442e-05,0.000147219795729291,0.330265746174856
"761","Endosulfan I","115-29-7","HEK293T",2,96,9.39518271271526e-07,6.28103301571368e-05,0.000147607658843684,0.425522162258888
"762","Endrin","72-20-8","HEK293T",2,96,2.0760713364262e-06,2.1848451705339e-06,0.000144548723296694,0.0151149392447375
"763","Ethion","563-12-2","HEK293T",2,96,1.90936601800009e-06,5.48559007623423e-06,0.0001450337640836,0.0378228484304679
"764","Heptachlor","76-44-8","HEK293T",2,96,2.29975213087108e-06,3.70508222058278e-07,0.000143833735344347,0.00257594799419802
"765","Heptachlor epoxide B","1024-57-3","HEK293T",2,96,1.87928170475055e-06,6.86434623264584e-06,0.000145164974685906,0.0472865183044206
"766","Lindane","58-89-9","HEK293T",2,96,5.98730397811182e-07,7.13359746604775e-05,0.000147928833886504,0.48223171092668
"767","Methoxychlor-o,p'","72-43-5","HEK293T",2,96,1.72168538432516e-06,5.34965994823919e-06,0.000145018932363225,0.0368893899648912
"768","Parathion","56-38-2","HEK293T",2,96,6.72829988256972e-07,6.28449013582943e-05,0.000147688903028415,0.425522162258888
"769","Trifluralin","1582-09-8","HEK293T",2,96,1.78960334079004e-06,2.75797025084807e-06,0.000144646789771403,0.019066930245785
"770","Eugenol F","97-53-0","HEK293T",2,96,6.66046249360977e-08,0.000138584236613006,0.000149592698618776,0.926410432411385
"771","Methyl-antranilate","134-20-3","HEK293T",2,96,4.49066665016365e-08,0.000143439773807671,0.000149702833204104,0.958163387676876
"772","Lilyfore","285977-85-7","HEK293T",2,96,2.07158811627984e-07,0.000104955399348411,0.000148820545317335,0.705248049754225
"773","Damascone beta","23726-91-2","HEK293T",2,96,6.56527051336822e-07,3.10588737894825e-05,0.000146032846717673,0.212684163101532
"774","Veloutone","14595-54-1","HEK293T",2,96,1.16951678615379e-06,3.2180883554186e-06,0.000144708524832655,0.0222384158717676
"775","Verdox","82356-51-2","HEK293T",2,96,NA,NA,NA,NA
"776","Nirvanol","1506-02-1","HEK293T",2,96,NA,NA,NA,NA
"777","Cetalox","3738-00-9","HEK293T",2,96,1.27817102823175e-06,2.35895681762675e-06,0.000144413659150498,0.0163347209086948
"778","Tonalide","21145-77-7","HEK293T",2,96,1.48829040943398e-06,1.07654048498921e-06,0.000144237525400699,0.00746366441048213
"779","Caffeine","8/2/1958","HEK293T",2,96,3.80933564628064e-08,0.000147902317127036,0.000149791227955343,0.987389709971068
"780","Lamotrigine","84057-84-1","HEK293T",2,96,1.38986843708271e-07,0.000132400262471475,0.000149457265320958,0.885873712376224
"781","Diclofenac","15307-79-6","HEK293T",2,96,5.81828456275733e-08,0.000147853674781805,0.000149803534607521,0.98698388638943
"782","2,4-Dichlorophenoxyacetic","94-75-7","HEK293T",2,96,1.55858531721025e-07,0.000125132685042814,0.000149294865083172,0.838157996747594
"783","(S)-Naproxen","22204-53-1","HEK293T",2,96,2.51625988120746e-07,0.000108393000961133,0.000148907202936473,0.727923154982473
"784","Ibuprofen","15687-27-1","HEK293T",2,96,4.29293381485713e-07,7.05696441481741e-05,0.000147918564537548,0.47708443067172
"785","Torasemide","56211-40-6","HEK293T",2,96,4.7933820126838e-07,9.68324185098472e-05,0.00014862425164816,0.651525019880873
"786","Warfarin","81-81-2","HEK293T",2,96,1.92281292951719e-07,0.00012876602928301,0.000149376334557078,0.862024293639419
"787","di-n-butylphthalate","84-74-2","HEK293T",2,96,1.15483094836906e-06,1.65950715481457e-05,0.000145849357451001,0.113782273972108
"788","hexachlorophene","70-30-4","HEK293T",2,96,2.92727193301574e-06,7.12860519936887e-09,0.000142805918062906,4.99181357191982e-05
"789","hexamethylenetetramine","100-97-0","HEK293T",2,96,2.74986802679427e-08,0.000147925396528566,0.000149802618324167,0.987468698367221
"790","Malathion","121-75-5","HEK293T",2,96,1.45570727620228e-07,0.000137006873780883,0.000149559320465663,0.916070448530406
"791","pentachlorophenol","87-86-5","HEK293T",2,96,1.34226687527664e-06,4.83723874093209e-06,0.00014496031919377,0.0333693990730395
"792","2,2,2-trichloroethanol","115-20-8","HEK293T",2,96,3.38300887264107e-08,0.000146463918471971,0.000149726089104856,0.978212410059008
"793","diethylphthalate","84-66-2","HEK293T",2,96,1.05758293888345e-07,0.000135416087958798,0.00014952395151025,0.905648135907607
"794","4-chlorophenol","106-48-9","HEK293T",2,96,5.82838372026544e-08,0.000136427918906003,0.000149541908044062,0.912305591726197
"795","permethrin","52645-53-1","HEK293T",2,96,2.5461186016539e-06,1.25503047737143e-07,0.000143493013591441,0.000874628280471414
"796","Aniline","62-53-3","HEK293T",2,96,1.8318900579563e-08,0.000147794367708909,0.000149786848626498,0.986697891464704
"797","4-fluoroaniline","371-40-4","HEK293T",2,96,2.24127098079021e-08,0.000147552991043739,0.000149793407177361,0.985043292786782
"798","2,4,6-trichlorophenol","6/2/1988","HEK293T",2,96,3.93478555345009e-07,7.36504175764395e-05,0.000148001721012119,0.497632169901651
"799","Allyl alcohol","107-18-6","HEK293T",2,96,1.13930157056846e-08,0.000147865458816952,0.000149763219011642,0.987328262525243
"800","N-methylaniline","100-61-8","HEK293T",2,96,2.76021272728143e-08,0.000145096913854824,0.000149671500619061,0.969435819475876
"801","3,4-dichloroaniline","95-76-1","HEK293T",2,96,9.99393957483595e-08,0.00012906881150353,0.000149381933028674,0.864018886934306
"802","4-decylaniline","37529-30-9","HEK293T",2,96,1.48371141870264e-06,2.04630812933471e-07,0.000143642551054663,0.0014245835334378
"803","naphthalene","91-20-3","HEK293T",2,96,1.59423324755234e-07,9.96908256754527e-05,0.000146342278859172,0.681216846236124
"804","1,2,4-trichlorobenzene","120-82-1","HEK293T",2,96,4.76258595013253e-07,4.94863829351313e-05,0.000143506487025501,0.344837254125923
"805","1,2-dichlorobenzene","95-50-1","HEK293T",2,96,2.03949446909195e-07,8.70843955847727e-05,0.000139393239080916,0.624739020048318
"806","dichloromethane","9/2/1975","HEK293T",2,96,1.51644246258407e-08,0.000125258261183532,0.000127448273332268,0.982816462777597
"807","tetrachloroethylene","127-18-4","HEK293T",2,96,1.46500992852075e-07,5.87416633951929e-05,9.20312171740519e-05,0.638279762008353
"808","2,3-dimethyl-1,3-butadiene","513-81-5","HEK293T",2,96,2.73647745599865e-08,3.97524153259802e-05,5.1901029351338e-05,0.765927300918847
"809","cyclosporine A","59865-13-3","HEK293T",2,96,9.62746899055239e-07,0.000120922826415109,0.000149199451960075,0.810477684914468
"810","chlorpromazine","50-53-3","HEK293T",2,96,1.73008549625326e-06,2.30131424721699e-06,0.000144574151871537,0.0159178817058657
"811","PBDE 47","5436-43-1","HEK293T",2,96,3.27546453573759e-06,5.37615812598823e-08,0.000143256347212596,0.00037528236832745
"812","PBDE 99","60348-60-9","HEK293T",2,96,3.99375742941831e-06,1.31465524499885e-08,0.000142927142630669,9.19807967053528e-05
"813","PBDE 153","68631-49-2","HEK293T",2,96,4.74211809190475e-06,2.60549961878173e-09,0.000142631016470194,1.82674125394473e-05
"814","amiodarone","1951-25-3","HEK293T",2,96,4.65252320672024e-06,6.55657007287576e-09,0.00014279025049803,4.59174912153139e-05
"815","PFBS","375-73-5","HEK293T",2,96,7.07615459392911e-08,0.00014611311260824,0.000149764204406077,0.975621065044773
"816","4:2 FTS","757124-72-4","HEK293T",2,96,8.99525554738277e-08,0.00014445002325927,0.000149725877811177,0.964763241805396
"817","PFNA","375-95-1","HEK293T",2,96,2.84595667753192e-06,4.01626119149082e-07,0.000143867530164874,0.00279163838212009
"818","PFHxA","307-24-4","HEK293T",2,96,1.00790384627334e-06,3.65164986745926e-05,0.000146790625684015,0.24876587659759
"819","PFBA","375-22-4","HEK293T",2,96,5.70581709715825e-08,0.000144364822704101,0.000149335404294813,0.966715317012842
"820","PFOA","335-67-1","HEK293T",2,96,1.25796965119627e-06,4.10181873775196e-05,0.000146961939250195,0.279107553879568
"821","6:2 FTS","27619-97-2","HEK293T",2,96,3.6354443639485e-07,0.00011880347239093,0.000149150933165757,0.796531874587057
"822","8:2 FTS","39108-34-4","HEK293T",2,96,1.66935264027496e-06,3.77731007502236e-05,0.000146839424794403,0.257240865681076
"823","PFUnDA","2058-94-8","HEK293T",2,96,3.39423546711955e-06,5.53920997939258e-07,0.000143982812122426,0.00384713279157423
"824","PFOS","1763-23-1","HEK293T",2,96,3.00937613448483e-06,5.53920997786237e-07,0.000143982812082651,0.00384713279157423
"825","PFHpA","375-85-9","HEK293T",2,96,6.05474236642688e-07,8.56888176440847e-05,0.000148336882396437,0.577663600985475
"826","PFPeA","2706-90-3","HEK293T",2,96,1.12093184501037e-07,0.00013773463276774,0.000149575482769967,0.920836959487294
"827","PFHxS","355-46-4","HEK293T",2,96,2.52271219519845e-07,0.000128457998736416,0.000149369493962037,0.860001566110037
"828","PFDA","335-76-2","HEK293T",2,96,3.30296215345155e-06,1.64721589870503e-07,0.000143575003453974,0.00114728598925862
"829","Azathioprine","446-86-6","HEK293T",2,96,5.43988158858592e-08,0.000147908354284494,0.000149803400037481,0.98734978143011
"830","Benzocaine","94-09-7","HEK293T",2,96,4.83972723739456e-08,0.000143620882657736,0.000149706997251713,0.959346492109895
"831","Butylated hydroxyanisole","25013-16-5","HEK293T",2,96,NA,NA,NA,NA
"832","Cetirizine dihydrochloride","83881-52-1","HEK293T",2,96,7.64085854087966e-08,0.00014785108888689,0.00014980352049089,0.986966717487
"833","Cyclamate","139-05-9","HEK293T",2,96,3.51595329912182e-08,0.000147923387191625,0.000149803726092379,0.987447983105616
"834","Cyclophosphamide","6055-19-2","HEK293T",2,96,5.1290673604267e-08,0.000147846123905227,0.000149795035431539,0.986989478518448
"835","Cypermethrin","67375-30-8","HEK293T",2,96,2.74819329157442e-06,9.04676557644959e-08,0.000143398526837722,0.00063088274168168
"836","DEET","134-62-3","HEK293T",2,96,7.17119292172945e-08,0.000139966389514323,0.000149623961947247,0.935454373034658
"837","Dexamethasone","50-02-2","HEK293T",2,96,1.19951028820862e-07,0.000143061260695135,0.000149694360615743,0.955689046044734
"838","Digoxin","20830-75-5","HEK293T",2,96,1.64567108833781e-07,0.000147179299475985,0.000149789269412498,0.98257572156704
"839","Fenazaquin","120928-09-8","HEK293T",2,96,1.69927463055677e-06,1.77374216803804e-06,0.000144453932664931,0.0122789468954946
"840","Fenbuconazole","114369-43-6","HEK293T",2,96,3.91059360444758e-07,0.00010552899752651,0.000148816381653327,0.709122183687705
"841","Fluazinam","79622-59-6","HEK293T",2,96,1.27582287098427e-06,4.93453335916147e-05,0.000147256825821629,0.335097088479866
"842","Furosemide","54-31-9","HEK293T",2,96,1.09753852852082e-07,0.00014189641690985,0.000149668154736133,0.948073537487086
"843","Glybenclamide","10238-21-8","HEK293T",2,96,2.27763298805144e-06,9.43724472304413e-06,0.000145389406995129,0.0649101259719719
"844","HC Red 3","1/4/2871","HEK293T",2,96,3.86898245659466e-08,0.000147906708878507,0.000149803069032197,0.987340979287398
"845","Hydralazine hydrochloride","304-20-1","HEK293T",2,96,3.14734903249249e-08,0.000147848965054916,0.000149803156708678,0.986954936753692
"846","Ketoconazole","65277-42-1","HEK293T",2,96,1.89661039203733e-06,2.79083310931528e-05,0.000146431050339009,0.190590254106222
"847","Metformin","1115-70-4","HEK293T",2,96,2.53354977108358e-08,0.000147925347666572,0.000149803815214557,0.987460482596556
"848","Metoclopramide","364-62-5","HEK293T",2,96,1.71495342911536e-07,0.000131081153643908,0.000149427966064628,0.877219687158257
"849","Nitrofurantoin","67-20-9","HEK293T",2,96,4.67177911321684e-08,0.00014792220999952,0.000149803721014706,0.987440158345588
"850","Oxytetracycline hydrochloride","2058-46-0","HEK293T",2,96,9.03153230483106e-08,0.000147926980810948,0.000149803845592799,0.987471184238135
"851","Panthenol","16485-10-2 ","HEK293T",2,96,4.02609514044637e-08,0.000147925397802706,0.000149803750899661,0.987461241219427
"852","Paracetamol","103-90-2","HEK293T",2,96,2.9673030824403e-08,0.000147884851659702,0.000149803651051404,0.987191237474953
"853","Topiramate","97240-79-4","HEK293T",2,96,6.65669226171796e-08,0.000147926732553019,0.000149803769758702,0.987470026897813
"854","Trimellitic anhydride","552-30-7","HEK293T",2,96,4.43868560044497e-08,0.000146317458391045,0.00014976897470124,0.97695439715014
"855","Verapamil hydrochloride","152-11-4","HEK293T",2,96,1.7579392692821e-06,2.16700273354065e-05,0.000146132439923219,0.148290327231875
"856","Warfarin","129-06-6","HEK293T",2,96,1.52655081798359e-07,0.000134548164453871,0.000149504896810807,0.899958244338556
"857","2,4-Dinitrophenol","51-28-5","HepG2",2,96,2.15278694498954e-08,0.000145235868778641,0.000149882383833364,0.968998924784321
"858","Aldrin","309-00-2","HepG2",2,96,2.96918183637368e-06,1.24077346801112e-07,0.000141862948605133,0.000874628280471414
"859","Azinphos-methyl","86-50-0","HepG2",2,96,1.28889047034726e-07,0.000127396946953658,0.00014959312140195,0.851623027581248
"860","Chlorpyrifos","2921-88-2","HepG2",2,96,2.01413526227528e-06,7.16531978418808e-06,0.000144253856856167,0.0496715993620363
"861","DDD-p,p'","50-29-3","HepG2",2,96,3.03924512152534e-06,4.03380658975791e-08,0.000141426410711951,0.000285223005339062
"862","DDT-o,p'","789-02-6","HepG2",2,96,2.90856002996445e-06,1.05343491408731e-07,0.000141795002958437,0.000742928094861065
"863","DDT-p,p'","72-54-8","HepG2",2,96,2.45467425063049e-06,3.47480305165511e-07,0.000142329975702784,0.00244137121115741
"864","Diazinon","333-41-5","HepG2",2,96,6.71211090759604e-07,6.44116804688492e-05,0.000147794209200587,0.435820055584379
"865","Dicofol","115-32-2","HepG2",2,96,2.17593421731524e-06,6.17358842437244e-06,0.00014412687418369,0.0428344016987712
"866","Dieldrin","60-57-1","HepG2",2,96,2.31464499777248e-06,4.80256459885132e-06,0.000143921219208634,0.0333693990730395
"867","Disulfoton","298-04-4","HepG2",2,96,7.90422141449591e-07,4.85843083006731e-05,0.000147106712892201,0.330265746174856
"868","Endosulfan I","115-29-7","HepG2",2,96,9.21700855019682e-07,6.28289511038404e-05,0.000147651419071365,0.425522162258888
"869","Endrin","72-20-8","HepG2",2,96,2.53051481573424e-06,2.16681245923177e-06,0.000143355684342971,0.0151149392447375
"870","Ethion","563-12-2","HepG2",2,96,2.29780074478189e-06,5.4473782233273e-06,0.000144023479176656,0.0378228484304679
"871","Heptachlor","76-44-8","HepG2",2,96,2.85339091037653e-06,3.66688213818787e-07,0.000142350782952413,0.00257594799419802
"872","Heptachlor epoxide B","1024-57-3","HepG2",2,96,2.25336518964996e-06,6.81891281442995e-06,0.000144204163447417,0.0472865183044206
"873","Lindane","58-89-9","HepG2",2,96,5.64940495801833e-07,7.13919977314219e-05,0.000148045008475763,0.48223171092668
"874","Methoxychlor-o,p'","72-43-5","HepG2",2,96,2.07275298727261e-06,5.31219238051815e-06,0.000144003259082732,0.0368893899648912
"875","Parathion","56-38-2","HepG2",2,96,6.60070267352419e-07,6.28635427965039e-05,0.000147732711412238,0.425522162258888
"876","Trifluralin","1582-09-8","HepG2",2,96,2.17493110641072e-06,2.73605952517791e-06,0.000143497641723568,0.019066930245785
"877","Eugenol F","97-53-0","HepG2",2,96,3.43516867761772e-08,0.000138766204486763,0.000149789121141008,0.926410432411385
"878","Methyl-antranilate","134-20-3","HepG2",2,96,2.10095112106413e-08,0.000143591251487273,0.000149860924904905,0.958163387676876
"879","Lilyfore","285977-85-7","HepG2",2,96,1.5962077306639e-07,0.00010514561318096,0.000149090257275583,0.705248049754225
"880","Damascone beta","23726-91-2","HepG2",2,96,7.30503582737889e-07,3.09773643013662e-05,0.000145649604792521,0.212684163101532
"881","Veloutone","14595-54-1","HepG2",2,96,1.41842254664695e-06,3.19320172160581e-06,0.000143589441802808,0.0222384158717676
"882","Verdox","82356-51-2","HepG2",2,96,NA,NA,NA,NA
"883","Nirvanol","1506-02-1","HepG2",2,96,NA,NA,NA,NA
"884","Cetalox","3738-00-9","HepG2",2,96,1.55647109088276e-06,2.33974992517718e-06,0.000143237826850887,0.0163347209086947
"885","Tonalide","21145-77-7","HepG2",2,96,1.82859412076145e-06,1.06671129788438e-06,0.000142920586888427,0.00746366441048213
"886","Caffeine","8/2/1958","HepG2",2,96,1.59457662524442e-08,0.000148014920568818,0.000149905269494003,0.987389709971068
"887","Lamotrigine","84057-84-1","HepG2",2,96,7.95639449680146e-08,0.000132605819817993,0.000149689304429519,0.885873712376224
"888","Diclofenac","15307-79-6","HepG2",2,96,2.44512433599573e-08,0.00014796609263632,0.000149917435002518,0.98698388638943
"889","2,4-Dichlorophenoxyacetic","94-75-7","HepG2",2,96,9.85957760787887e-08,0.000125349818732439,0.000149553925654649,0.838157996747594
"890","(S)-Naproxen","22204-53-1","HepG2",2,96,1.88586378265961e-07,0.000108592288680057,0.000149180978701895,0.727923154982473
"891","Ibuprofen","15687-27-1","HepG2",2,96,4.06558243256498e-07,7.06222258779038e-05,0.000148028779263389,0.47708443067172
"892","Torasemide","56211-40-6","HepG2",2,96,3.91748691045955e-07,9.69962057745129e-05,0.000148875642246629,0.651525019880873
"893","Warfarin","81-81-2","HepG2",2,96,1.16015787167209e-07,0.000128979251160542,0.000149623684752548,0.862024293639419
"894","di-n-butylphthalate","84-74-2","HepG2",2,96,1.36069731481172e-06,1.65109166129883e-05,0.000145109743693782,0.113782273972108
"895","hexachlorophene","70-30-4","HepG2",2,96,3.71077735753627e-06,7.03248544088339e-09,0.000140880370221413,4.99181357191982e-05
"896","hexamethylenetetramine","100-97-0","HepG2",2,96,1.150547568968e-08,0.000148038048353733,0.00014991669973794,0.987468698367221
"897","Malathion","121-75-5","HepG2",2,96,7.72578191540495e-08,0.000137196301742156,0.00014976610364656,0.916070448530406
"898","pentachlorophenol","87-86-5","HepG2",2,96,1.61846999820385e-06,4.80263360745798e-06,0.000143923287229293,0.0333693990730395
"899","2,2,2-trichloroethanol","115-20-8","HepG2",2,96,1.47708775553445e-08,0.00014658867113347,0.000149853620365159,0.978212410059008
"900","diethylphthalate","84-66-2","HepG2",2,96,5.76871870335921e-08,0.000135611981844208,0.000149740253932398,0.905648135907607
"901","4-chlorophenol","106-48-9","HepG2",2,96,3.12452917972954e-08,0.000136619787570783,0.000149752219880929,0.912305591726197
"902","permethrin","52645-53-1","HepG2",2,96,3.18383570194286e-06,1.24077595128708e-07,0.000141863232528717,0.000874628280471414
"903","Aniline","62-53-3","HepG2",2,96,7.72481850965661e-09,0.000147906598039074,0.000149900591983139,0.986697891464704
"904","4-fluoroaniline","371-40-4","HepG2",2,96,9.54681478950833e-09,0.000147667039365339,0.000149909187186662,0.985043292786782
"905","2,4,6-trichlorophenol","6/2/1988","HepG2",2,96,3.67139855386535e-07,7.37167963944844e-05,0.000148135110334714,0.497632169901651
"906","Allyl alcohol","107-18-6","HepG2",2,96,4.77137664081881e-09,0.000147977992540199,0.000149877197034472,0.987328262525243
"907","N-methylaniline","100-61-8","HepG2",2,96,1.24299755182939e-08,0.000145234118367582,0.000149813030888525,0.969435819475876
"908","3,4-dichloroaniline","95-76-1","HepG2",2,96,6.00482602777249e-08,0.000129281540858484,0.000149628142177769,0.864018886934306
"909","4-decylaniline","37529-30-9","HepG2",2,96,1.84922413701871e-06,2.02399771839844e-07,0.000142076450477715,0.0014245835334378
"910","naphthalene","91-20-3","HepG2",2,96,1.26250871942305e-07,9.9864274526631e-05,0.000146596895068587,0.681216846236124
"911","1,2,4-trichlorobenzene","120-82-1","HepG2",2,96,4.9145418330746e-07,4.9458262547876e-05,0.000143424940188787,0.344837254125923
"912","1,2-dichlorobenzene","95-50-1","HepG2",2,96,1.71126319001305e-07,8.72152376429121e-05,0.000139602673827171,0.624739020048318
"913","dichloromethane","9/2/1975","HepG2",2,96,6.51129075595461e-09,0.000125343442566539,0.000127534944024338,0.982816462777597
"914","tetrachloroethylene","127-18-4","HepG2",2,96,1.21255351230984e-07,5.88016347214595e-05,9.21251749177189e-05,0.638279762008353
"915","2,3-dimethyl-1,3-butadiene","513-81-5","HepG2",2,96,1.94638154626657e-08,3.97779636846002e-05,5.19343854656707e-05,0.765927300918847
"916","cyclosporine A","59865-13-3","HepG2",2,96,6.39800524970666e-07,0.000121140470397251,0.000149467989868265,0.810477684914468
"917","chlorpromazine","50-53-3","HepG2",2,96,2.10744283866337e-06,2.28247610957182e-06,0.000143390694298898,0.0159178817058657
"918","PBDE 47","5436-43-1","HepG2",2,96,4.11616505930078e-06,5.31121284954309e-08,0.000141525776263191,0.000375282368327449
"919","PBDE 99","60348-60-9","HepG2",2,96,5.0513201694613e-06,1.29742894294733e-08,0.000141054327579207,9.19807967053528e-05
"920","PBDE 153","68631-49-2","HepG2",2,96,6.03020313476306e-06,2.56893870144935e-09,0.000140629588120479,1.82674125394473e-05
"921","amiodarone","1951-25-3","HepG2",2,96,5.89949075246084e-06,6.46784121215784e-09,0.000140857896217134,4.59174912153139e-05
"922","PFBS","375-73-5","HepG2",2,96,3.11823452563631e-08,0.00014624178405549,0.000149896091110721,0.975621065044773
"923","4:2 FTS","757124-72-4","HepG2",2,96,4.11630389321709e-08,0.000144593464769343,0.000149874558341133,0.964763241805396
"924","PFNA","375-95-1","HepG2",2,96,3.52875673426487e-06,3.97518786046853e-07,0.000142396231758699,0.00279163838212009
"925","PFHxA","307-24-4","HepG2",2,96,1.09919629356328e-06,3.64441839386612e-05,0.00014649993173145,0.24876587659759
"926","PFBA","375-22-4","HepG2",2,96,2.59367973761448e-08,0.000144505009285156,0.000149480417597683,0.966715317012842
"927","PFOA","335-67-1","HepG2",2,96,1.34867916930344e-06,4.09570438590683e-05,0.000146742871304518,0.279107553879568
"928","6:2 FTS","27619-97-2","HepG2",2,96,2.47185804381178e-07,0.000119019936322286,0.000149422691193607,0.796531874587057
"929","8:2 FTS","39108-34-4","HepG2",2,96,1.811938851072e-06,3.77036566180487e-05,0.000146569467173202,0.257240865681076
"930","PFUnDA","2058-94-8","HepG2",2,96,4.1970020319626e-06,5.4844607486135e-07,0.000142559694342375,0.00384713279157423
"931","PFOS","1763-23-1","HepG2",2,96,3.72112007848022e-06,5.484460745542e-07,0.000142559694262536,0.00384713279157423
"932","PFHpA","375-85-9","HepG2",2,96,5.30180212704818e-07,8.58082886423524e-05,0.000148543699994195,0.577663600985475
"933","PFPeA","2706-90-3","HepG2",2,96,5.87217855670401e-08,0.000137920757955579,0.000149777608874834,0.920836959487294
"934","PFHxS","355-46-4","HepG2",2,96,1.52852769041442e-07,0.000128671690023194,0.000149617971749984,0.860001566110037
"935","PFDA","335-76-2","HepG2",2,96,4.12285592789952e-06,1.62891811321343e-07,0.00014198012775054,0.00114728598925862
"936","Azathioprine","446-86-6","HepG2",2,96,2.27781336199094e-08,0.000148020958304804,0.000149917446773934,0.987349781430111
"937","Benzocaine","94-09-7","HepG2",2,96,2.25539803020149e-08,0.000143770968424025,0.000149863443090128,0.959346492109895
"938","Butylated hydroxyanisole","25013-16-5","HepG2",2,96,NA,NA,NA,NA
"939","Cetirizine dihydrochloride","83881-52-1","HepG2",2,96,3.21168155071882e-08,0.000147963497286446,0.000149917413287439,0.986966717487
"940","Cyclamate","139-05-9","HepG2",2,96,1.47121760629422e-08,0.000148036033285503,0.000149917804095276,0.987447983105616
"941","Cyclophosphamide","6055-19-2","HepG2",2,96,2.15534629609654e-08,0.000147958532061276,0.000149908925354882,0.986989478518448
"942","Cypermethrin","67375-30-8","HepG2",2,96,3.44346654603041e-06,8.9414002354122e-08,0.000141728401248987,0.00063088274168168
"943","DEET","134-62-3","HepG2",2,96,3.6027381906653e-08,0.000140140912531798,0.000149810526917709,0.935454373034658
"944","Dexamethasone","50-02-2","HepG2",2,96,5.65772133725482e-08,0.000143215583838947,0.000149855839021769,0.955689046044734
"945","Digoxin","20830-75-5","HepG2",2,96,7.07319801641622e-08,0.000147297362475194,0.000149909426054493,0.98257572156704
"946","Fenazaquin","120928-09-8","HepG2",2,96,2.07640578379648e-06,1.75862869574464e-06,0.000143223088324449,0.0122789468954946
"947","Fenbuconazole","114369-43-6","HepG2",2,96,2.99937286356352e-07,0.000105720811795614,0.000149086877025656,0.709122183687705
"948","Fluazinam","79622-59-6","HepG2",2,96,1.32416971450645e-06,4.9310499731818e-05,0.000147152874277452,0.335097088479866
"949","Furosemide","54-31-9","HepG2",2,96,5.30495804827004e-08,0.000142058960960748,0.000149839601406112,0.948073537487086
"950","Glybenclamide","10238-21-8","HepG2",2,96,2.71562545562091e-06,9.37969381332324e-06,0.000144502782468384,0.0649101259719719
"951","HC Red 3","1/4/2871","HepG2",2,96,1.62015409361387e-08,0.000148019308384064,0.000149917112212739,0.987340979287398
"952","Hydralazine hydrochloride","304-20-1","HepG2",2,96,1.32310247257351e-08,0.000147961366408468,0.000149917043725568,0.986954936753692
"953","Ketoconazole","65277-42-1","HepG2",2,96,2.13626603033053e-06,2.78223818765957e-05,0.000145980087004288,0.190590254106222
"954","Metformin","1115-70-4","HepG2",2,96,1.06007487537216e-08,0.00014803799848348,0.000149917896556438,0.987460482596556
"955","Metoclopramide","364-62-5","HepG2",2,96,1.00132021928367e-07,0.000131289963883691,0.000149666002491353,0.877219687158257
"956","Nitrofurantoin","67-20-9","HepG2",2,96,1.95494634342623e-08,0.000148034853082912,0.000149917796872813,0.987440158345589
"957","Oxytetracycline hydrochloride","2058-46-0","HepG2",2,96,3.7787718255667e-08,0.000148039635277582,0.000149917929394365,0.987471184238135
"958","Panthenol","16485-10-2 ","HepG2",2,96,1.68457237825841e-08,0.00014803804879082,0.000149917832327278,0.987461241219427
"959","Paracetamol","103-90-2","HepG2",2,96,1.24426323974551e-08,0.000147997379398719,0.000149917638832845,0.987191237474953
"960","Topiramate","97240-79-4","HepG2",2,96,2.78515435612776e-08,0.000148039386539986,0.000149917853208222,0.987470026897813
"961","Trimellitic anhydride","552-30-7","HepG2",2,96,1.94674042482387e-08,0.000146444170346178,0.00014989867569394,0.97695439715014
"962","Verapamil hydrochloride","152-11-4","HepG2",2,96,2.02732225448369e-06,2.1582155075999e-05,0.000145539870865967,0.148290327231875
"963","Warfarin","129-06-6","HepG2",2,96,8.44731768732705e-08,0.000134747174822943,0.00014972602970261,0.899958244338556
"964","2,4-Dinitrophenol","51-28-5","Me_180",2,96,2.85031978745202e-08,0.000145199156732728,0.000149844497263034,0.968998924784321
"965","Aldrin","309-00-2","Me_180",2,96,3.34096885899901e-06,1.23186237283191e-07,0.000140844104899964,0.000874628280471414
"966","Azinphos-methyl","86-50-0","Me_180",2,96,1.64609526150274e-07,0.000127301080825647,0.000149480552665659,0.851623027581248
"967","Chlorpyrifos","2921-88-2","Me_180",2,96,2.28601297628572e-06,7.12680045564038e-06,0.000143478376923118,0.0496715993620363
"968","DDD-p,p'","50-29-3","Me_180",2,96,3.41517767854716e-06,4.00355902299089e-08,0.000140365922385244,0.000285223005339062
"969","DDT-o,p'","789-02-6","Me_180",2,96,3.2720479915777e-06,1.04581706111045e-07,0.000140769620686647,0.000742928094861065
"970","DDT-p,p'","72-54-8","Me_180",2,96,2.76628296311289e-06,3.45103251649705e-07,0.0001413563206089,0.00244137121115741
"971","Diazinon","333-41-5","Me_180",2,96,7.89339606327338e-07,6.4242524461025e-05,0.000147406076516795,0.435820055584379
"972","Dicofol","115-32-2","Me_180",2,96,2.46844026749437e-06,6.13977017951912e-06,0.000143337362867736,0.0428344016987712
"973","Dieldrin","60-57-1","Me_180",2,96,2.62375023710828e-06,4.7754860246447e-06,0.000143109739980394,0.0333693990730395
"974","Disulfoton","298-04-4","Me_180",2,96,9.19084781314238e-07,4.84294643854929e-05,0.000146637866464821,0.330265746174856
"975","Endosulfan I","115-29-7","Me_180",2,96,1.08264028108053e-06,6.26607537054818e-05,0.000147256146126083,0.425522162258888
"976","Endrin","72-20-8","Me_180",2,96,2.86227788067e-06,2.15364781627929e-06,0.000142484715380455,0.0151149392447375
"977","Ethion","563-12-2","Me_180",2,96,2.6056575234426e-06,5.41709313362597e-06,0.000143222770320553,0.0378228484304679
"978","Heptachlor","76-44-8","Me_180",2,96,3.21590302464037e-06,3.641869462355e-07,0.000141379774380454,0.00257594799419802
"979","Heptachlor epoxide B","1024-57-3","Me_180",2,96,2.55711244337824e-06,6.78202191710341e-06,0.000143424006678652,0.0472865183044206
"980","Lindane","58-89-9","Me_180",2,96,6.6807141735241e-07,7.12210084667913e-05,0.000147690429420184,0.48223171092668
"981","Methoxychlor-o,p'","72-43-5","Me_180",2,96,2.35027533577842e-06,5.28257390133243e-06,0.000143200359408492,0.0368893899648912
"982","Parathion","56-38-2","Me_180",2,96,7.7532488210611e-07,6.26951604094253e-05,0.000147337003733501,0.425522162258888
"983","Trifluralin","1582-09-8","Me_180",2,96,2.46152207762425e-06,2.71976323067153e-06,0.000142642952778032,0.019066930245785
"984","Eugenol F","97-53-0","Me_180",2,96,4.51300179217842e-08,0.000138705394212751,0.000149723480392714,0.926410432411385
"985","Methyl-antranilate","134-20-3","Me_180",2,96,2.78281032883396e-08,0.000143548030254727,0.000149815816489051,0.958163387676876
"986","Lilyfore","285977-85-7","Me_180",2,96,1.95710938298682e-07,0.000105001205698222,0.000148885496010679,0.705248049754225
"987","Damascone beta","23726-91-2","Me_180",2,96,8.39894112787919e-07,3.08568346771717e-05,0.000145082897697659,0.212684163101532
"988","Veloutone","14595-54-1","Me_180",2,96,1.60598445251354e-06,3.17444851027152e-06,0.0001427461618029,0.0222384158717676
"989","Verdox","82356-51-2","Me_180",2,96,NA,NA,NA,NA
"990","Nirvanol","1506-02-1","Me_180",2,96,NA,NA,NA,NA
"991","Cetalox","3738-00-9","Me_180",2,96,1.76088379283742e-06,2.32564238036922e-06,0.000142374172988245,0.0163347209086948
"992","Tonalide","21145-77-7","Me_180",2,96,2.06502337138584e-06,1.0598823716964e-06,0.000142005630666871,0.00746366441048213
"993","Caffeine","8/2/1958","Me_180",2,96,2.09513293245393e-08,0.000147989471135059,0.000149879495036864,0.987389709971068
"994","Lamotrigine","84057-84-1","Me_180",2,96,1.02916740607799e-07,0.00013252503717776,0.000149598114636771,0.885873712376224
"995","Diclofenac","15307-79-6","Me_180",2,96,3.2100455464087e-08,0.000147940599983862,0.000149891606158897,0.98698388638943
"996","2,4-Dichlorophenoxyacetic","94-75-7","Me_180",2,96,1.25333874403686e-07,0.0001252484309845,0.000149432960695378,0.838157996747594
"997","(S)-Naproxen","22204-53-1","Me_180",2,96,2.3240058478955e-07,0.000108453778412723,0.000148990697260254,0.727923154982473
"998","Ibuprofen","15687-27-1","Me_180",2,96,4.80468876268131e-07,7.04512857186834e-05,0.000147670477570375,0.47708443067172
"999","Torasemide","56211-40-6","Me_180",2,96,4.75213208071803e-07,9.68401320248485e-05,0.000148636090817441,0.651525019880873
"1000","Warfarin","81-81-2","Me_180",2,96,1.48724710385447e-07,0.000128887804079004,0.000149517600640751,0.862024293639419
"1001","di-n-butylphthalate","84-74-2","Me_180",2,96,1.54941556279411e-06,1.64337716093802e-05,0.000144431738228476,0.113782273972108
"1002","hexachlorophene","70-30-4","Me_180",2,96,4.16314758783593e-06,6.97698905711804e-09,0.000139768622297221,4.99181357191982e-05
"1003","hexamethylenetetramine","100-97-0","Me_180",2,96,1.5118656153624e-08,0.000148012598083781,0.000149890926495715,0.987468698367221
"1004","Malathion","121-75-5","Me_180",2,96,1.0111141558014e-07,0.000137130157022935,0.000149693898807591,0.916070448530406
"1005","pentachlorophenol","87-86-5","Me_180",2,96,1.8346056064515e-06,4.77555424865628e-06,0.000143111784488641,0.0333693990730395
"1006","2,2,2-trichloroethanol","115-20-8","Me_180",2,96,1.94909589019458e-08,0.000146557775693714,0.000149822036795539,0.978212410059008
"1007","diethylphthalate","84-66-2","Me_180",2,96,7.51957114865469e-08,0.000135540633104407,0.000149661471967337,0.905648135907607
"1008","4-chlorophenol","106-48-9","Me_180",2,96,4.08335860935557e-08,0.000136551747918941,0.000149677639989653,0.912305591726197
"1009","permethrin","52645-53-1","Me_180",2,96,3.58250062453611e-06,1.23186482099577e-07,0.000140844384809031,0.000874628280471414
"1010","Aniline","62-53-3","Me_180",2,96,1.0134229363166e-08,0.000147881073508132,0.000149874723344762,0.986697891464704
"1011","4-fluoroaniline","371-40-4","Me_180",2,96,1.2527724878677e-08,0.000147640615413332,0.000149882362018468,0.985043292786782
"1012","2,4,6-trichlorophenol","6/2/1988","Me_180",2,96,4.35008993303514e-07,7.35457525210379e-05,0.000147791394868168,0.497632169901651
"1013","Allyl alcohol","107-18-6","Me_180",2,96,6.26853932014677e-09,0.00014795254849395,0.000149851426429887,0.987328262525243
"1014","N-methylaniline","100-61-8","Me_180",2,96,1.64560890035982e-08,0.000145197709495043,0.000149775474124263,0.969435819475876
"1015","3,4-dichloroaniline","95-76-1","Me_180",2,96,7.70343107537782e-08,0.000129190958536984,0.000149523303819638,0.864018886934305
"1016","4-decylaniline","37529-30-9","Me_180",2,96,2.08221277662926e-06,2.00977640414247e-07,0.000141078171758203,0.0014245835334378
"1017","naphthalene","91-20-3","Me_180",2,96,1.54028567497289e-07,9.97190332519882e-05,0.000146383686491252,0.681216846236124
"1018","1,2,4-trichlorobenzene","120-82-1","Me_180",2,96,5.72339813119609e-07,4.93085784642761e-05,0.000142990868516399,0.344837254125923
"1019","1,2-dichlorobenzene","95-50-1","Me_180",2,96,2.06623678454771e-07,8.70737353630732e-05,0.000139376175601035,0.624739020048318
"1020","dichloromethane","9/2/1975","Me_180",2,96,8.56335263683755e-09,0.000125323242085255,0.000127514390358371,0.982816462777597
"1021","tetrachloroethylene","127-18-4","Me_180",2,96,1.46831314009873e-07,5.87408787060136e-05,9.20299877927899e-05,0.638279762008353
"1022","2,3-dimethyl-1,3-butadiene","513-81-5","Me_180",2,96,2.42297057124358e-08,3.97625528123677e-05,5.19142649239248e-05,0.765927300918847
"1023","cyclosporine A","59865-13-3","Me_180",2,96,8.06055187006707e-07,0.000121028426015885,0.000149329744999281,0.810477684914468
"1024","chlorpromazine","50-53-3","Me_180",2,96,2.38404419613394e-06,2.26866783269043e-06,0.000142523224799091,0.0159178817058657
"1025","PBDE 47","5436-43-1","Me_180",2,96,4.62671283455545e-06,5.27177232858417e-08,0.000140474820388693,0.000375282368327449
"1026","PBDE 99","60348-60-9","Me_180",2,96,5.66992546833552e-06,1.28735267862286e-08,0.000139958852796928,9.19807967053528e-05
"1027","PBDE 153","68631-49-2","Me_180",2,96,6.76062346815264e-06,2.54820650091647e-09,0.00013949465998065,1.82674125394473e-05
"1028","amiodarone","1951-25-3","Me_180",2,96,6.61826202924915e-06,6.41669653170143e-09,0.000139744057479373,4.59174912153139e-05
"1029","PFBS","375-73-5","Me_180",2,96,4.12017839445382e-08,0.000146209210995545,0.000149862704111288,0.975621065044773
"1030","4:2 FTS","757124-72-4","Me_180",2,96,5.45280286434931e-08,0.000144554171608799,0.000149833830047557,0.964763241805395
"1031","PFNA","375-95-1","Me_180",2,96,3.97761045720743e-06,3.9481874021693e-07,0.000141429041363548,0.00279163838212009
"1032","PFHxA","307-24-4","Me_180",2,96,1.26806167276276e-06,3.63104220112633e-05,0.000145962229659014,0.24876587659759
"1033","PFBA","375-22-4","Me_180",2,96,3.43522996265968e-08,0.000144467101559624,0.000149441204682707,0.966715317012842
"1034","PFOA","335-67-1","Me_180",2,96,1.56036881528478e-06,4.08143525264302e-05,0.000146231629918698,0.279107553879568
"1035","6:2 FTS","27619-97-2","Me_180",2,96,3.10115112194566e-07,0.000118902867871695,0.000149275718480616,0.796531874587057
"1036","8:2 FTS","39108-34-4","Me_180",2,96,2.09197573073853e-06,3.75672695100192e-05,0.000146039274943953,0.257240865681076
"1037","PFUnDA","2058-94-8","Me_180",2,96,4.73352698083601e-06,5.44786937776474e-07,0.000141608560788345,0.00384713279157423
"1038","PFOS","1763-23-1","Me_180",2,96,4.1968105256544e-06,5.44786937889436e-07,0.000141608560817708,0.00384713279157423
"1039","PFHpA","375-85-9","Me_180",2,96,6.35246268312619e-07,8.56415775534721e-05,0.000148255104540723,0.577663600985475
"1040","PFPeA","2706-90-3","Me_180",2,96,7.69900580966016e-08,0.000137857049943549,0.000149708423975842,0.920836959487294
"1041","PFHxS","355-46-4","Me_180",2,96,1.95802836394579e-07,0.000128579372600477,0.000149510626105099,0.860001566110037
"1042","PFDA","335-76-2","Me_180",2,96,4.64084432050004e-06,1.61735802860931e-07,0.000140972525050572,0.00114728598925862
"1043","Azathioprine","446-86-6","Me_180",2,96,2.99265528998833e-08,0.000147995502157368,0.000149891664474779,0.987349781430111
"1044","Benzocaine","94-09-7","Me_180",2,96,2.98763687905331e-08,0.000143728443412728,0.000149819116028272,0.959346492109895
"1045","Butylated hydroxyanisole","25013-16-5","Me_180",2,96,NA,NA,NA,NA
"1046","Cetirizine dihydrochloride","83881-52-1","Me_180",2,96,4.21623876780477e-08,0.000147938002556999,0.000149891581890093,0.986966717487
"1047","Cyclamate","139-05-9","Me_180",2,96,1.93320074906224e-08,0.000148010582271637,0.000149892029558996,0.987447983105616
"1048","Cyclophosphamide","6055-19-2","Me_180",2,96,2.82965172763621e-08,0.000147933042975873,0.000149883100271679,0.986989478518448
"1049","Cypermethrin","67375-30-8","Me_180",2,96,3.87298979622749e-06,8.8763080407961e-08,0.000140696637494559,0.00063088274168168
"1050","DEET","134-62-3","Me_180",2,96,4.7477172655222e-08,0.000140084914847152,0.000149750665436209,0.935454373034658
"1051","Dexamethasone","50-02-2","Me_180",2,96,7.49199196103985e-08,0.000143170917061785,0.000149809101249323,0.955689046044734
"1052","Digoxin","20830-75-5","Me_180",2,96,9.30406236369778e-08,0.000147269293825489,0.000149880859655904,0.98257572156704
"1053","Fenazaquin","120928-09-8","Me_180",2,96,2.34746221131796e-06,1.74776614763998e-06,0.000142338440137833,0.0122789468954946
"1054","Fenbuconazole","114369-43-6","Me_180",2,96,3.68062164028835e-07,0.000105577407207554,0.000148884648705405,0.709122183687705
"1055","Fluazinam","79622-59-6","Me_180",2,96,1.54046220324902e-06,4.91546611123863e-05,0.000146687819149284,0.335097088479866
"1056","Furosemide","54-31-9","Me_180",2,96,7.01538503161243e-08,0.000142009931192971,0.000149787886253396,0.948073537487086
"1057","Glybenclamide","10238-21-8","Me_180",2,96,3.08511694004537e-06,9.33114372099661e-06,0.000143754823785518,0.0649101259719719
"1058","HC Red 3","1/4/2871","Me_180",2,96,2.12857249778884e-08,0.000147993851723223,0.000149891329163746,0.987340979287398
"1059","Hydralazine hydrochloride","304-20-1","Me_180",2,96,1.73689712119674e-08,0.000147935870360062,0.000149891210683493,0.986954936753692
"1060","Ketoconazole","65277-42-1","Me_180",2,96,2.45107137067943e-06,2.77094812169192e-05,0.000145387713274551,0.190590254106222
"1061","Metformin","1115-70-4","Me_180",2,96,1.392971254483e-08,0.000148012547728152,0.000149892122608237,0.987460482596556
"1062","Metoclopramide","364-62-5","Me_180",2,96,1.29092782202554e-07,0.000131205224223005,0.000149569402219007,0.877219687158257
"1063","Nitrofurantoin","67-20-9","Me_180",2,96,2.56880405360877e-08,0.000148009401819954,0.000149892021880026,0.987440158345589
"1064","Oxytetracycline hydrochloride","2058-46-0","Me_180",2,96,4.9654659611511e-08,0.000148014184584479,0.000149892155788502,0.987471184238135
"1065","Panthenol","16485-10-2 ","Me_180",2,96,2.21358188751858e-08,0.00014801259806922,0.000149892058433035,0.987461241219427
"1066","Paracetamol","103-90-2","Me_180",2,96,1.63426062393376e-08,0.000147971909573369,0.00014989183853764,0.987191237474953
"1067","Topiramate","97240-79-4","Me_180",2,96,3.65980784956176e-08,0.000148013935877833,0.000149892079603495,0.987470026897813
"1068","Trimellitic anhydride","552-30-7","Me_180",2,96,2.57060812046578e-08,0.000146412447539336,0.000149866204570483,0.97695439715014
"1069","Verapamil hydrochloride","152-11-4","Me_180",2,96,2.31684157041203e-06,2.14877143406724e-05,0.000144903007106276,0.148290327231874
"1070","Warfarin","129-06-6","Me_180",2,96,1.09867370379285e-07,0.000134673053867405,0.000149643669264218,0.899958244338556
"1071","2,4-Dinitrophenol","51-28-5","H4lle",2,96,1.92604362176365e-08,0.000145247802569829,0.000149894699421012,0.96899892478432
"1072","Aldrin","309-00-2","H4lle",2,96,7.08151420846159e-07,1.29496647274902e-07,0.000148059067110321,0.000874628280471415
"1073","Azinphos-methyl","86-50-0","H4lle",2,96,7.11592190815049e-08,0.000127551881475613,0.000149775049927761,0.851623027581248
"1074","Chlorpyrifos","2921-88-2","H4lle",2,96,5.00601673351078e-07,7.37975554182264e-06,0.000148570926577873,0.0496715993620364
"1075","DDD-p,p'","50-29-3","H4lle",2,96,7.20660995093015e-07,4.22036007468365e-08,0.000147967029155542,0.000285223005339063
"1076","DDT-o,p'","789-02-6","H4lle",2,96,6.93038262911083e-07,1.09986703870481e-07,0.000148044884331706,0.000742928094861065
"1077","DDT-p,p'","72-54-8","H4lle",2,96,5.8947154491878e-07,3.6170867642769e-07,0.000148158000215055,0.00244137121115741
"1078","Diazinon","333-41-5","H4lle",2,96,2.10402393398968e-07,6.5071542913378e-05,0.000149308280056377,0.435820055584379
"1079","Dicofol","115-32-2","H4lle",2,96,5.39474083181339e-07,6.36278864697969e-06,0.000148543889832415,0.0428344016987712
"1080","Dieldrin","60-57-1","H4lle",2,96,5.71622086618502e-07,4.95525882063436e-06,0.000148497094891886,0.0333693990730395
"1081","Disulfoton","298-04-4","H4lle",2,96,2.29620773454452e-07,4.92592260906961e-05,0.000149150272655331,0.330265746174856
"1082","Endosulfan I","115-29-7","H4lle",2,96,2.86639105350587e-07,6.34926524172098e-05,0.000149211152904842,0.425522162258888
"1083","Endrin","72-20-8","H4lle",2,96,6.18339186900948e-07,2.24268923226905e-06,0.000148375669657414,0.0151149392447375
"1084","Ethion","563-12-2","H4lle",2,96,5.68554993367761e-07,5.61749094656832e-06,0.000148521097158912,0.0378228484304679
"1085","Heptachlor","76-44-8","H4lle",2,96,6.85498383932431e-07,3.81646281728451e-07,0.000148157603565002,0.00257594799419802
"1086","Heptachlor epoxide B","1024-57-3","H4lle",2,96,5.59589834142714e-07,7.02462625894891e-06,0.000148554524858985,0.0472865183044206
"1087","Lindane","58-89-9","H4lle",2,96,1.83848752617806e-07,7.2023841165054e-05,0.000149355257095494,0.48223171092668
"1088","Methoxychlor-o,p'","72-43-5","H4lle",2,96,5.12670475471194e-07,5.47869163483295e-06,0.000148516731777001,0.0368893899648912
"1089","Parathion","56-38-2","H4lle",2,96,2.05275985551145e-07,6.35279790324408e-05,0.000149294172353332,0.425522162258888
"1090","Trifluralin","1582-09-8","H4lle",2,96,5.32974130569862e-07,2.82942539839644e-06,0.000148394385563031,0.019066930245785
"1091","Eugenol F","97-53-0","H4lle",2,96,2.4428247919597e-08,0.000138822191542921,0.000149849555538333,0.926410432411385
"1092","Methyl-antranilate","134-20-3","H4lle",2,96,1.75457157421785e-08,0.000143613207560874,0.000149883839653979,0.958163387676876
"1093","Lilyfore","285977-85-7","H4lle",2,96,6.62417012433566e-08,0.000105519250633575,0.000149620053072601,0.705248049754225
"1094","Damascone beta","23726-91-2","H4lle",2,96,1.96775985435886e-07,3.15654407901891e-05,0.000148414627257039,0.212684163101532
"1095","Veloutone","14595-54-1","H4lle",2,96,3.48284827749928e-07,3.30019854044303e-06,0.000148400792550729,0.0222384158717676
"1096","Verdox","82356-51-2","H4lle",2,96,NA,NA,NA,NA
"1097","Nirvanol","1506-02-1","H4lle",2,96,NA,NA,NA,NA
"1098","Cetalox","3738-00-9","H4lle",2,96,3.80669481834101e-07,2.42089792626359e-06,0.000148205649780951,0.0163347209086948
"1099","Tonalide","21145-77-7","H4lle",2,96,4.43399701343988e-07,1.10672067245972e-06,0.000148281140682774,0.00746366441048213
"1100","Caffeine","8/2/1958","H4lle",2,96,1.65935665565922e-08,0.000148011627003101,0.000149901933865037,0.987389709971068
"1101","Lamotrigine","84057-84-1","H4lle",2,96,4.8587566663105e-08,0.000132712974170458,0.000149810263377694,0.885873712376224
"1102","Diclofenac","15307-79-6","H4lle",2,96,2.53287481151921e-08,0.00014796316816208,0.000149914471960993,0.98698388638943
"1103","2,4-Dichlorophenoxyacetic","94-75-7","H4lle",2,96,5.25790914855104e-08,0.000125524308628269,0.000149762108236581,0.838157996747594
"1104","(S)-Naproxen","22204-53-1","H4lle",2,96,8.09885220050222e-08,0.000108932438803906,0.000149648267208272,0.727923154982473
"1105","Ibuprofen","15687-27-1","H4lle",2,96,1.31738236952546e-07,7.12578282957644e-05,0.00014936104327579,0.47708443067172
"1106","Torasemide","56211-40-6","H4lle",2,96,1.5128772063089e-07,9.74458537288239e-05,0.000149565789118338,0.651525019880873
"1107","Warfarin","81-81-2","H4lle",2,96,6.59069456401976e-08,0.000129119344649455,0.00014978620162121,0.862024293639419
"1108","di-n-butylphthalate","84-74-2","H4lle",2,96,3.44018543049113e-07,1.69265188177846e-05,0.000148762353105492,0.113782273972108
"1109","hexachlorophene","70-30-4","H4lle",2,96,8.74174522809448e-07,7.38047738878495e-09,0.000147851623111527,4.99181357191982e-05
"1110","hexamethylenetetramine","100-97-0","H4lle",2,96,1.19793883105067e-08,0.000148034710240884,0.000149913319263344,0.987468698367221
"1111","Malathion","121-75-5","H4lle",2,96,5.26143127424476e-08,0.000137264636838219,0.000149840699542731,0.916070448530406
"1112","pentachlorophenol","87-86-5","H4lle",2,96,3.99695684898368e-07,4.95533227389331e-06,0.000148499296108,0.0333693990730395
"1113","2,2,2-trichloroethanol","115-20-8","H4lle",2,96,1.41372996147983e-08,0.000146592818237667,0.000149857859837236,0.978212410059008
"1114","diethylphthalate","84-66-2","H4lle",2,96,3.77359015070628e-08,0.000135693285046808,0.000149830027432035,0.905648135907607
"1115","4-chlorophenol","106-48-9","H4lle",2,96,2.09639668687652e-08,0.000136692745048579,0.000149832190318968,0.912305591726197
"1116","permethrin","52645-53-1","H4lle",2,96,7.59346546674672e-07,1.29496917811056e-07,0.000148059376425901,0.000874628280471415
"1117","Aniline","62-53-3","H4lle",2,96,7.97042459820772e-09,0.000147903996166422,0.000149897955033497,0.986697891464704
"1118","4-fluoroaniline","371-40-4","H4lle",2,96,9.67759538365642e-09,0.000147665880075042,0.000149908010293925,0.985043292786782
"1119","2,4,6-trichlorophenol","6/2/1988","H4lle",2,96,1.21056695507079e-07,7.43369755070423e-05,0.00014938137042413,0.497632169901651
"1120","Allyl alcohol","107-18-6","H4lle",2,96,4.96244828473601e-09,0.000147974745307408,0.00014987390812549,0.987328262525243
"1121","N-methylaniline","100-61-8","H4lle",2,96,1.11540837982953e-08,0.000145245656487204,0.000149824932779697,0.969435819475876
"1122","3,4-dichloroaniline","95-76-1","H4lle",2,96,3.43063982035888e-08,0.000129418815708553,0.000149787021633004,0.864018886934305
"1123","4-decylaniline","37529-30-9","H4lle",2,96,4.42388727468321e-07,2.10986906388885e-07,0.000148104271484685,0.0014245835334378
"1124","naphthalene","91-20-3","H4lle",2,96,5.06571517774816e-08,0.00010025953153851,0.00014717711708462,0.681216846236124
"1125","1,2,4-trichlorobenzene","120-82-1","H4lle",2,96,1.44140802719587e-07,5.01009882159907e-05,0.000145288792369561,0.344837254125923
"1126","1,2-dichlorobenzene","95-50-1","H4lle",2,96,6.39902682790348e-08,8.76423115538526e-05,0.000140286277535657,0.624739020048318
"1127","dichloromethane","9/2/1975","H4lle",2,96,6.47250799374184e-09,0.000125343824343793,0.000127535332476576,0.982816462777597
"1128","tetrachloroethylene","127-18-4","H4lle",2,96,4.5994335983962e-08,5.89804181929694e-05,9.2405276970379e-05,0.638279762008353
"1129","2,3-dimethyl-1,3-butadiene","513-81-5","H4lle",2,96,8.89612366534514e-09,3.98121351295873e-05,5.19789999414129e-05,0.765927300918847
"1130","cyclosporine A","59865-13-3","H4lle",2,96,3.19917372547734e-07,0.000121356049975474,0.000149733980631781,0.810477684914468
"1131","chlorpromazine","50-53-3","H4lle",2,96,5.15281083076926e-07,2.36195877459355e-06,0.000148383988412426,0.0159178817058657
"1132","PBDE 47","5436-43-1","H4lle",2,96,9.77274013036058e-07,5.55369651711882e-08,0.000147987142105034,0.00037528236832745
"1133","PBDE 99","60348-60-9","H4lle",2,96,1.19235712605965e-06,1.3602863606672e-08,0.000147888082011801,9.19807967053529e-05
"1134","PBDE 153","68631-49-2","H4lle",2,96,1.41667762826539e-06,2.69988869233311e-09,0.000147798090534326,1.82674125394473e-05
"1135","amiodarone","1951-25-3","H4lle",2,96,1.38943451821509e-06,6.78875746482908e-09,0.000147846872404147,4.59174912153139e-05
"1136","PFBS","375-73-5","H4lle",2,96,2.92543980145853e-08,0.000146248051785951,0.000149902515459975,0.975621065044773
"1137","4:2 FTS","757124-72-4","H4lle",2,96,3.58080273038784e-08,0.000144609208539911,0.000149890877133025,0.964763241805395
"1138","PFNA","375-95-1","H4lle",2,96,8.48275602249482e-07,4.13643019116492e-07,0.000148172134960529,0.00279163838212009
"1139","PFHxA","307-24-4","H4lle",2,96,3.02856959228264e-07,3.70749817551594e-05,0.000149035640507612,0.24876587659759
"1140","PFBA","375-22-4","H4lle",2,96,2.28518418264459e-08,0.00014451890550249,0.000149494792271477,0.966715317012842
"1141","PFOA","335-67-1","H4lle",2,96,3.78835952957523e-07,4.16107752222522e-05,0.000149085091549356,0.279107553879568
"1142","6:2 FTS","27619-97-2","H4lle",2,96,1.20013996177379e-07,0.000119256516177649,0.000149719703608188,0.796531874587057
"1143","8:2 FTS","39108-34-4","H4lle",2,96,5.01914303578495e-07,3.83416812286987e-05,0.000149049728654833,0.257240865681076
"1144","PFUnDA","2058-94-8","H4lle",2,96,1.01153952632676e-06,5.70171149384037e-07,0.000148206776390145,0.00384713279157423
"1145","PFOS","1763-23-1","H4lle",2,96,8.96844941420148e-07,5.7017114905031e-07,0.000148206776303398,0.00384713279157423
"1146","PFHpA","375-85-9","H4lle",2,96,1.8845529932042e-07,8.63505125809523e-05,0.000149482349993389,0.577663600985475
"1147","PFPeA","2706-90-3","H4lle",2,96,4.07781806694769e-08,0.000137983333733449,0.000149845564203109,0.920836959487294
"1148","PFHxS","355-46-4","H4lle",2,96,8.63416058260383e-08,0.000128814649970046,0.000149784203943606,0.860001566110037
"1149","PFDA","335-76-2","H4lle",2,96,9.84930608200472e-07,1.6989480256514e-07,0.000148084090763565,0.00114728598925862
"1150","Azathioprine","446-86-6","H4lle",2,96,2.36951222150977e-08,0.000148017692828066,0.000149914139458938,0.987349781430111
"1151","Benzocaine","94-09-7","H4lle",2,96,1.89692585335e-08,0.000143791786813261,0.000149885143684655,0.959346492109895
"1152","Butylated hydroxyanisole","25013-16-5","H4lle",2,96,NA,NA,NA,NA
"1153","Cetirizine dihydrochloride","83881-52-1","H4lle",2,96,3.32619336047371e-08,0.000147960591083037,0.000149914468706475,0.986966717487
"1154","Cyclamate","139-05-9","H4lle",2,96,1.53164943586523e-08,0.00014803270404859,0.000149914432538526,0.987447983105616
"1155","Cyclophosphamide","6055-19-2","H4lle",2,96,2.23286004608688e-08,0.000147955602002432,0.000149905956671924,0.986989478518448
"1156","Cypermethrin","67375-30-8","H4lle",2,96,8.19746752914721e-07,9.33901241743867e-08,0.000148030874842837,0.00063088274168168
"1157","DEET","134-62-3","H4lle",2,96,2.66915700379812e-08,0.000140186571344671,0.000149859336153295,0.935454373034658
"1158","Dexamethasone","50-02-2","H4lle",2,96,4.65700944271291e-08,0.000143239952421549,0.000149881337464702,0.955689046044734
"1159","Digoxin","20830-75-5","H4lle",2,96,7.01657747708448e-08,0.000147298074872649,0.000149910151085083,0.98257572156704
"1160","Fenazaquin","120928-09-8","H4lle",2,96,5.06152956225012e-07,1.82155634876556e-06,0.000148347929530824,0.0122789468954946
"1161","Fenbuconazole","114369-43-6","H4lle",2,96,1.25179737088463e-07,0.000106088680834638,0.000149605643815762,0.709122183687705
"1162","Fluazinam","79622-59-6","H4lle",2,96,3.85935302450433e-07,4.99864970872857e-05,0.00014917019217936,0.335097088479866
"1163","Furosemide","54-31-9","H4lle",2,96,4.18634549574466e-08,0.000142091026236951,0.000149873422913553,0.948073537487086
"1164","Glybenclamide","10238-21-8","H4lle",2,96,6.78235286339889e-07,9.64740079674844e-06,0.000148627053980979,0.0649101259719719
"1165","HC Red 3","1/4/2871","H4lle",2,96,1.68523848413045e-08,0.000148016049589257,0.00014991381163586,0.987340979287398
"1166","Hydralazine hydrochloride","304-20-1","H4lle",2,96,1.37006432270286e-08,0.00014795847284373,0.000149914111915178,0.986954936753692
"1167","Ketoconazole","65277-42-1","H4lle",2,96,5.6767798988622e-07,2.83849347108273e-05,0.000148931721844536,0.190590254106222
"1168","Metformin","1115-70-4","H4lle",2,96,1.10369723532253e-08,0.000148034663445674,0.000149914519167808,0.987460482596556
"1169","Metoclopramide","364-62-5","H4lle",2,96,5.94932732914124e-08,0.000131408873521958,0.000149801555352292,0.877219687158257
"1170","Nitrofurantoin","67-20-9","H4lle",2,96,2.03514617713862e-08,0.00014803152790344,0.000149914429398395,0.987440158345588
"1171","Oxytetracycline hydrochloride","2058-46-0","H4lle",2,96,3.93445687319407e-08,0.00014803629634445,0.000149914548097588,0.987471184238135
"1172","Panthenol","16485-10-2 ","H4lle",2,96,1.75389980212781e-08,0.000148034713438745,0.000149914454622984,0.987461241219427
"1173","Paracetamol","103-90-2","H4lle",2,96,1.29220884518583e-08,0.000147994248182341,0.000149914466989073,0.987191237474953
"1174","Topiramate","97240-79-4","H4lle",2,96,2.89989038348358e-08,0.000148036047951744,0.000149914472256749,0.987470026897813
"1175","Trimellitic anhydride","552-30-7","H4lle",2,96,1.84504887309159e-08,0.000146449341220508,0.000149903968545219,0.97695439715014
"1176","Verapamil hydrochloride","152-11-4","H4lle",2,96,5.24814211477211e-07,2.20722706953161e-05,0.000148844979354606,0.148290327231875
"1177","Warfarin","129-06-6","H4lle",2,96,5.41236855842179e-08,0.000134835759375677,0.000149824461550188,0.899958244338556
"1178","2,4-Dinitrophenol","51-28-5","SH-SY5Y",2,96,1.0360140516131e-08,0.000145294645964797,0.000149943041471523,0.96899892478432
"1179","Aldrin","309-00-2","SH-SY5Y",2,96,6.42797518031613e-07,1.2965328930644e-07,0.000148238162658723,0.000874628280471415
"1180","Azinphos-methyl","86-50-0","SH-SY5Y",2,96,4.08977903504157e-08,0.000127633096682161,0.00014987041513504,0.851623027581248
"1181","Chlorpyrifos","2921-88-2","SH-SY5Y",2,96,4.37443871386313e-07,7.3887036717957e-06,0.000148751072377243,0.0496715993620363
"1182","DDD-p,p'","50-29-3","SH-SY5Y",2,96,6.58008910372774e-07,4.2254010647449e-08,0.000148143767706322,0.000285223005339063
"1183","DDT-o,p'","789-02-6","SH-SY5Y",2,96,6.29672265896817e-07,1.10119504076748e-07,0.000148223636767084,0.000742928094861065
"1184","DDT-p,p'","72-54-8","SH-SY5Y",2,96,5.3148892778977e-07,3.62150986948058e-07,0.000148339173204376,0.00244137121115741
"1185","Diazinon","333-41-5","SH-SY5Y",2,96,1.56738519288693e-07,6.51483877556571e-05,0.000149484602465808,0.435820055584379
"1186","Dicofol","115-32-2","SH-SY5Y",2,96,4.72432515733741e-07,6.37053969326422e-06,0.000148724843598013,0.0428344016987712
"1187","Dieldrin","60-57-1","SH-SY5Y",2,96,5.02308899287357e-07,4.96133086770921e-06,0.000148679059423568,0.0333693990730395
"1188","Disulfoton","298-04-4","SH-SY5Y",2,96,1.79475822487767e-07,4.93195749413601e-05,0.000149333000810954,0.330265746174856
"1189","Endosulfan I","115-29-7","SH-SY5Y",2,96,2.14570173875988e-07,6.35679714643477e-05,0.000149388156722312,0.425522162258888
"1190","Endrin","72-20-8","SH-SY5Y",2,96,5.48544593736411e-07,2.24545874300296e-06,0.000148558899684943,0.0151149392447375
"1191","Ethion","563-12-2","SH-SY5Y",2,96,4.98768439794605e-07,5.62435612178263e-06,0.000148702605836846,0.0378228484304679
"1192","Heptachlor","76-44-8","SH-SY5Y",2,96,6.17827893309267e-07,3.82113195793957e-07,0.000148338862684579,0.00257594799419802
"1193","Heptachlor epoxide B","1024-57-3","SH-SY5Y",2,96,4.89346712925438e-07,7.0331574715848e-06,0.000148734940185421,0.0472865183044206
"1194","Lindane","58-89-9","SH-SY5Y",2,96,1.33913345348344e-07,7.2106633211351e-05,0.000149526942292508,0.48223171092668
"1195","Methoxychlor-o,p'","72-43-5","SH-SY5Y",2,96,4.49897513847786e-07,5.48539105705084e-06,0.000148698340153401,0.0368893899648912
"1196","Parathion","56-38-2","SH-SY5Y",2,96,1.53664074999553e-07,6.36033819640337e-05,0.000149471373303789,0.425522162258888
"1197","Trifluralin","1582-09-8","SH-SY5Y",2,96,4.71591724000257e-07,2.83291575686084e-06,0.000148577443791042,0.019066930245785
"1198","Eugenol F","97-53-0","SH-SY5Y",2,96,1.32877535680068e-08,0.000138885045105224,0.000149917401883866,0.926410432411385
"1199","Methyl-antranilate","134-20-3","SH-SY5Y",2,96,9.43113383630152e-09,0.00014366464372658,0.000149937521694398,0.958163387676876
"1200","Lilyfore","285977-85-7","SH-SY5Y",2,96,4.24593559419616e-08,0.000105614410873886,0.000149754984662051,0.705248049754225
"1201","Damascone beta","23726-91-2","SH-SY5Y",2,96,1.61866132548887e-07,3.16039054735572e-05,0.000148595480795013,0.212684163101532
"1202","Veloutone","14595-54-1","SH-SY5Y",2,96,3.07618947675907e-07,3.30426448352953e-06,0.000148583626755735,0.0222384158717676
"1203","Verdox","82356-51-2","SH-SY5Y",2,96,NA,NA,NA,NA
"1204","Nirvanol","1506-02-1","SH-SY5Y",2,96,NA,NA,NA,NA
"1205","Cetalox","3738-00-9","SH-SY5Y",2,96,3.37414434149327e-07,2.42388317594648e-06,0.000148388404644017,0.0163347209086948
"1206","Tonalide","21145-77-7","SH-SY5Y",2,96,3.96138307073746e-07,1.10808575147304e-06,0.000148464037305432,0.00746366441048213
"1207","Caffeine","8/2/1958","SH-SY5Y",2,96,9.000211185492e-09,0.000148050233368007,0.000149941033284968,0.987389709971068
"1208","Lamotrigine","84057-84-1","SH-SY5Y",2,96,2.71819945331333e-08,0.000132787020921928,0.000149893849503386,0.885873712376224
"1209","Diclofenac","15307-79-6","SH-SY5Y",2,96,1.37502141802953e-08,0.000148001756128732,0.000149953568816761,0.98698388638943
"1210","2,4-Dichlorophenoxyacetic","94-75-7","SH-SY5Y",2,96,3.05451801775344e-08,0.000125607858648093,0.00014986179113664,0.838157996747594
"1211","(S)-Naproxen","22204-53-1","SH-SY5Y",2,96,5.11136814942894e-08,0.00010902688242076,0.000149778011146499,0.727923154982473
"1212","Ibuprofen","15687-27-1","SH-SY5Y",2,96,9.62011010953942e-08,7.13400184155499e-05,0.00014953331911315,0.47708443067172
"1213","Torasemide","56211-40-6","SH-SY5Y",2,96,1.00384975452234e-07,9.75410388875929e-05,0.000149711885056122,0.651525019880873
"1214","Warfarin","81-81-2","SH-SY5Y",2,96,3.75666446921152e-08,0.000129198578005307,0.000149878117077,0.862024293639419
"1215","di-n-butylphthalate","84-74-2","SH-SY5Y",2,96,2.96313418511808e-07,1.69460199210627e-05,0.000148933742748161,0.113782273972108
"1216","hexachlorophene","70-30-4","SH-SY5Y",2,96,8.03657986629127e-07,7.38912830102884e-09,0.00014802492510126,4.99181357191982e-05
"1217","hexamethylenetetramine","100-97-0","SH-SY5Y",2,96,6.49684005460596e-09,0.000148073327834035,0.000149952426926417,0.987468698367221
"1218","Malathion","121-75-5","SH-SY5Y",2,96,2.88023660005407e-08,0.000137330666064826,0.000149912778307757,0.916070448530406
"1219","pentachlorophenol","87-86-5","SH-SY5Y",2,96,3.51229786449673e-07,4.96140450690035e-06,0.000148681266211619,0.0333693990730395
"1220","2,2,2-trichloroethanol","115-20-8","SH-SY5Y",2,96,7.63492622042945e-09,0.000146635379725651,0.000149901369291364,0.978212410059008
"1221","diethylphthalate","84-66-2","SH-SY5Y",2,96,2.08045283449181e-08,0.000135762281845898,0.000149906212427459,0.905648135907607
"1222","4-chlorophenol","106-48-9","SH-SY5Y",2,96,1.15048575039218e-08,0.000136759867989388,0.000149905765381335,0.912305591726197
"1223","permethrin","52645-53-1","SH-SY5Y",2,96,6.89267947567451e-07,1.29653560404986e-07,0.00014823847261731,0.000874628280471415
"1224","Aniline","62-53-3","SH-SY5Y",2,96,4.3302254026249e-09,0.000147942559276929,0.000149937038030268,0.986697891464704
"1225","4-fluoroaniline","371-40-4","SH-SY5Y",2,96,5.25701158729296e-09,0.000147705065857436,0.000149947791065674,0.985043292786782
"1226","2,4,6-trichlorophenol","6/2/1988","SH-SY5Y",2,96,8.75003123900952e-08,7.44215443603344e-05,0.000149551312920631,0.497632169901651
"1227","Allyl alcohol","107-18-6","SH-SY5Y",2,96,2.6918794738261e-09,0.000148013333270249,0.000149912991340572,0.987328262525243
"1228","N-methylaniline","100-61-8","SH-SY5Y",2,96,6.00040750314754e-09,0.000145292262114181,0.000149873007779652,0.969435819475876
"1229","3,4-dichloroaniline","95-76-1","SH-SY5Y",2,96,1.95235375276358e-08,0.000129497648972289,0.000149878261841903,0.864018886934306
"1230","4-decylaniline","37529-30-9","SH-SY5Y",2,96,4.00353121696603e-07,2.11243486152081e-07,0.000148284380096904,0.0014245835334378
"1231","naphthalene","91-20-3","SH-SY5Y",2,96,3.298761570854e-08,0.00010035192026735,0.000147312740167565,0.681216846236124
"1232","1,2,4-trichlorobenzene","120-82-1","SH-SY5Y",2,96,1.11935935310298e-07,5.01605854019491e-05,0.000145461619363295,0.344837254125923
"1233","1,2-dichlorobenzene","95-50-1","SH-SY5Y",2,96,4.31514715277082e-08,8.77253807594997e-05,0.000140419243787134,0.624739020048318
"1234","dichloromethane","9/2/1975","SH-SY5Y",2,96,3.50800672375353e-09,0.000125373006871376,0.000127565025230704,0.982816462777597
"1235","tetrachloroethylene","127-18-4","SH-SY5Y",2,96,3.07554836462512e-08,5.90166182670764e-05,9.24619920289813e-05,0.638279762008353
"1236","2,3-dimethyl-1,3-butadiene","513-81-5","SH-SY5Y",2,96,5.4609565025184e-09,3.98232430068965e-05,5.1993502463122e-05,0.765927300918847
"1237","cyclosporine A","59865-13-3","SH-SY5Y",2,96,1.89954098407565e-07,0.0001214436364195,0.000149842048312924,0.810477684914468
"1238","chlorpromazine","50-53-3","SH-SY5Y",2,96,4.5686100741037e-07,2.36487517699454e-06,0.000148567203896426,0.0159178817058657
"1239","PBDE 47","5436-43-1","SH-SY5Y",2,96,8.91138235669251e-07,5.5603506257035e-08,0.000148164451489814,0.00037528236832745
"1240","PBDE 99","60348-60-9","SH-SY5Y",2,96,1.09384284973327e-06,1.36189102832823e-08,0.000148062538824365,9.19807967053529e-05
"1241","PBDE 153","68631-49-2","SH-SY5Y",2,96,1.30627839537966e-06,2.70302225656898e-09,0.000147969629017354,1.82674125394473e-05
"1242","amiodarone","1951-25-3","SH-SY5Y",2,96,1.27769993091897e-06,6.79670801861547e-09,0.000148020021101429,4.59174912153139e-05
"1243","PFBS","375-73-5","SH-SY5Y",2,96,1.57750367161167e-08,0.000146291873007604,0.000149947431691514,0.975621065044773
"1244","4:2 FTS","757124-72-4","SH-SY5Y",2,96,1.92474227894803e-08,0.000144657896829684,0.000149941343701052,0.964763241805395
"1245","PFNA","375-95-1","SH-SY5Y",2,96,7.64080788828798e-07,4.14149486655211e-07,0.000148353558006567,0.00279163838212009
"1246","PFHxA","307-24-4","SH-SY5Y",2,96,2.45263315327492e-07,3.71206029424296e-05,0.000149219030560517,0.24876587659759
"1247","PFBA","375-22-4","SH-SY5Y",2,96,1.22863128475691e-08,0.000144566498047847,0.000149544023461383,0.966715317012842
"1248","PFOA","335-67-1","SH-SY5Y",2,96,3.02792017336623e-07,4.16620333193582e-05,0.000149268741530854,0.279107553879568
"1249","6:2 FTS","27619-97-2","SH-SY5Y",2,96,7.20324402691158e-08,0.000119345777074846,0.000149831765535708,0.796531874587057
"1250","8:2 FTS","39108-34-4","SH-SY5Y",2,96,4.04979557111148e-07,3.83888916089503e-05,0.000149233254628152,0.257240865681076
"1251","PFUnDA","2058-94-8","SH-SY5Y",2,96,9.08883552967094e-07,5.70871270110051e-07,0.000148388761459012,0.00384713279157423
"1252","PFOS","1763-23-1","SH-SY5Y",2,96,8.05828735471918e-07,5.70871270168979e-07,0.000148388761474329,0.00384713279157423
"1253","PFHpA","375-85-9","SH-SY5Y",2,96,1.3057406293736e-07,8.64423542646373e-05,0.000149641338171852,0.577663600985475
"1254","PFPeA","2706-90-3","SH-SY5Y",2,96,2.22554000423766e-08,0.000138047929305518,0.00014991571296441,0.920836959487294
"1255","PFHxS","355-46-4","SH-SY5Y",2,96,4.92935115848053e-08,0.000128894281619342,0.000149876798716027,0.860001566110037
"1256","PFDA","335-76-2","SH-SY5Y",2,96,8.92569286667285e-07,1.70100927791679e-07,0.000148263754098138,0.00114728598925862
"1257","Azathioprine","446-86-6","SH-SY5Y",2,96,1.2852911762737e-08,0.000148056302889534,0.000149953244203979,0.98734978143011
"1258","Benzocaine","94-09-7","SH-SY5Y",2,96,1.01954145111573e-08,0.00014384274120023,0.000149938257327523,0.959346492109895
"1259","Butylated hydroxyanisole","25013-16-5","SH-SY5Y",2,96,NA,NA,NA,NA
"1260","Cetirizine dihydrochloride","83881-52-1","SH-SY5Y",2,96,1.80576882563981e-08,0.00014799917804603,0.000149953565225444,0.986966717487
"1261","Cyclamate","139-05-9","SH-SY5Y",2,96,8.30684451597205e-09,0.000148071320759639,0.000149953540128708,0.987447983105616
"1262","Cyclophosphamide","6055-19-2","SH-SY5Y",2,96,1.21213531908347e-08,0.000147994185911922,0.000149945049195533,0.986989478518448
"1263","Cypermethrin","67375-30-8","SH-SY5Y",2,96,7.45475725517635e-07,9.35026784424904e-08,0.000148209282430598,0.00063088274168168
"1264","DEET","134-62-3","SH-SY5Y",2,96,1.44491651773925e-08,0.000140246445480512,0.00014992334155812,0.935454373034658
"1265","Dexamethasone","50-02-2","SH-SY5Y",2,96,2.50396580154842e-08,0.000143292381719209,0.00014993619767041,0.955689046044734
"1266","Digoxin","20830-75-5","SH-SY5Y",2,96,3.80220127690012e-08,0.000147338518030788,0.000149951311432577,0.98257572156704
"1267","Fenazaquin","120928-09-8","SH-SY5Y",2,96,4.50009845335429e-07,1.82380627726809e-06,0.000148531164178036,0.0122789468954946
"1268","Fenbuconazole","114369-43-6","SH-SY5Y",2,96,8.00282300194639e-08,0.000106183725892843,0.000149739675806851,0.709122183687705
"1269","Fluazinam","79622-59-6","SH-SY5Y",2,96,3.01011925001521e-07,5.00476843302343e-05,0.000149352787746592,0.335097088479866
"1270","Furosemide","54-31-9","SH-SY5Y",2,96,2.25482682122398e-08,0.000142146393646809,0.000149931822824182,0.948073537487086
"1271","Glybenclamide","10238-21-8","SH-SY5Y",2,96,5.90195489128149e-07,9.65896896391756e-06,0.000148805272201879,0.0649101259719719
"1272","HC Red 3","1/4/2871","SH-SY5Y",2,96,9.14136057847906e-09,0.000148054658917279,0.00014995291598667,0.987340979287398
"1273","Hydralazine hydrochloride","304-20-1","SH-SY5Y",2,96,7.43821435119911e-09,0.000147997058937169,0.000149953208019774,0.986954936753692
"1274","Ketoconazole","65277-42-1","SH-SY5Y",2,96,4.71499943940518e-07,2.84194276611256e-05,0.000149112701456846,0.190590254106222
"1275","Metformin","1115-70-4","SH-SY5Y",2,96,5.98577924830902e-09,0.000148073281072027,0.000149953627189884,0.987460482596556
"1276","Metoclopramide","364-62-5","SH-SY5Y",2,96,3.35068375016546e-08,0.000131484910255869,0.000149888234590143,0.877219687158257
"1277","Nitrofurantoin","67-20-9","SH-SY5Y",2,96,1.10376468851742e-08,0.000148070144075866,0.000149953536753003,0.987440158345589
"1278","Oxytetracycline hydrochloride","2058-46-0","SH-SY5Y",2,96,2.13378933794491e-08,0.000148074914751202,0.000149953656486135,0.987471184238135
"1279","Panthenol","16485-10-2 ","SH-SY5Y",2,96,9.51207344439817e-09,0.000148073331085334,0.000149953562635508,0.987461241219427
"1280","Paracetamol","103-90-2","SH-SY5Y",2,96,7.01155442877798e-09,0.000148032848510291,0.000149953568154567,0.987191237474953
"1281","Topiramate","97240-79-4","SH-SY5Y",2,96,1.57271012076621e-08,0.00014807466623514,0.000149953580566211,0.987470026897813
"1282","Trimellitic anhydride","552-30-7","SH-SY5Y",2,96,9.95652587163814e-09,0.000146492531843286,0.00014994817800157,0.97695439715014
"1283","Verapamil hydrochloride","152-11-4","SH-SY5Y",2,96,4.44207923315238e-07,2.20985643304274e-05,0.000149022291223843,0.148290327231875
"1284","Warfarin","129-06-6","SH-SY5Y",2,96,2.99614418096437e-08,0.000134906284495715,0.000149902826430428,0.899958244338556
"1285","2,4-Dinitrophenol","51-28-5","HEK293H",2,96,1.94586257613271e-08,0.00014524675947291,0.000149893622952409,0.968998924784321
"1286","Aldrin","309-00-2","HEK293H",2,96,3.04234804036774e-06,1.2390197990442e-07,0.000141662444115845,0.000874628280471414
"1287","Azinphos-methyl","86-50-0","HEK293H",2,96,1.19048041106804e-07,0.000127423358116876,0.000149624134141581,0.851623027581248
"1288","Chlorpyrifos","2921-88-2","HEK293H",2,96,2.05350147465274e-06,7.15974242722555e-06,0.00014414157223006,0.0496715993620363
"1289","DDD-p,p'","50-29-3","HEK293H",2,96,3.11639144222957e-06,4.0275993900523e-08,0.000141208784518081,0.000285223005339062
"1290","DDT-o,p'","789-02-6","HEK293H",2,96,2.98058167370131e-06,1.05192550967979e-07,0.000141591833308782,0.000742928094861065
"1291","DDT-p,p'","72-54-8","HEK293H",2,96,2.51303128202545e-06,3.47035138503412e-07,0.00014214763282102,0.00244137121115741
"1292","Diazinon","333-41-5","HEK293H",2,96,6.66285856048847e-07,6.4418733282362e-05,0.000147810392057302,0.435820055584379
"1293","Dicofol","115-32-2","HEK293H",2,96,2.21910520436097e-06,6.1685971899719e-06,0.000144010350216911,0.0428344016987712
"1294","Dieldrin","60-57-1","HEK293H",2,96,2.36165560656603e-06,4.79844633373536e-06,0.000143797804786129,0.0333693990730395
"1295","Disulfoton","298-04-4","HEK293H",2,96,7.91756517593896e-07,4.85827023904055e-05,0.000147101850413164,0.330265746174856
"1296","Endosulfan I","115-29-7","HEK293H",2,96,9.15813747605886e-07,6.28351036639745e-05,0.000147665877919058,0.425522162258888
"1297","Endrin","72-20-8","HEK293H",2,96,2.58518794836636e-06,2.16464298369054e-06,0.000143212152469894,0.0151149392447375
"1298","Ethion","563-12-2","HEK293H",2,96,2.34393720279911e-06,5.44283959840175e-06,0.000143903482267013,0.0378228484304679
"1299","Heptachlor","76-44-8","HEK293H",2,96,2.92108073058586e-06,3.66221166971936e-07,0.000142169472286242,0.00257594799419802
"1300","Heptachlor epoxide B","1024-57-3","HEK293H",2,96,2.29763156698116e-06,6.81353655288261e-06,0.000144090468006515,0.0472865183044206
"1301","Lindane","58-89-9","HEK293H",2,96,5.58241522077793e-07,7.14031045167168e-05,0.000148068040526628,0.48223171092668
"1302","Methoxychlor-o,p'","72-43-5","HEK293H",2,96,2.11446790858898e-06,5.3077403667699e-06,0.000143882573602368,0.0368893899648912
"1303","Parathion","56-38-2","HEK293H",2,96,6.55854288932615e-07,6.28697022437642e-05,0.000147747186445049,0.425522162258888
"1304","Trifluralin","1582-09-8","HEK293H",2,96,2.2211551585394e-06,2.73343110894309e-06,0.000143359789630916,0.019066930245785
"1305","Eugenol F","97-53-0","HEK293H",2,96,3.09917116541944e-08,0.000138785161132135,0.000149809583610675,0.926410432411385
"1306","Methyl-antranilate","134-20-3","HEK293H",2,96,1.89113828565362e-08,0.000143604550962073,0.000149874805079174,0.958163387676876
"1307","Lilyfore","285977-85-7","HEK293H",2,96,1.52912491512681e-07,0.000105172455015292,0.000149128317408242,0.705248049754225
"1308","Damascone beta","23726-91-2","HEK293H",2,96,7.38116907158318e-07,3.0968975701945e-05,0.00014561016321258,0.212684163101532
"1309","Veloutone","14595-54-1","HEK293H",2,96,1.44822048842544e-06,3.19022240066796e-06,0.000143455469987772,0.0222384158717676
"1310","Verdox","82356-51-2","HEK293H",2,96,NA,NA,NA,NA
"1311","Nirvanol","1506-02-1","HEK293H",2,96,NA,NA,NA,NA
"1312","Cetalox","3738-00-9","HEK293H",2,96,1.58992160814743e-06,2.33744134290723e-06,0.000143096497085728,0.0163347209086948
"1313","Tonalide","21145-77-7","HEK293H",2,96,1.86984572334027e-06,1.06551980202676e-06,0.000142760947361235,0.00746366441048213
"1314","Caffeine","8/2/1958","HEK293H",2,96,1.46755567660804e-08,0.000148021378605949,0.000149911810008924,0.987389709971068
"1315","Lamotrigine","84057-84-1","HEK293H",2,96,7.26718143048576e-08,0.000132629661268975,0.000149716217352489,0.885873712376224
"1316","Diclofenac","15307-79-6","HEK293H",2,96,2.25190264092563e-08,0.000147972532166893,0.00014992395945612,0.98698388638943
"1317","2,4-Dichlorophenoxyacetic","94-75-7","HEK293H",2,96,9.14489438715008e-08,0.000125376918686599,0.00014958625840607,0.838157996747594
"1318","(S)-Naproxen","22204-53-1","HEK293H",2,96,1.79851992331684e-07,0.000108619900765197,0.000149218911394312,0.727923154982473
"1319","Ibuprofen","15687-27-1","HEK293H",2,96,4.01949477929952e-07,7.06328850060127e-05,0.000148051121489259,0.47708443067172
"1320","Torasemide","56211-40-6","HEK293H",2,96,3.78818564184067e-07,9.70203843571473e-05,0.000148912752997401,0.651525019880873
"1321","Warfarin","81-81-2","HEK293H",2,96,1.06801487592498e-07,0.000129005012347997,0.000149653569278593,0.862024293639419
"1322","di-n-butylphthalate","84-74-2","HEK293H",2,96,1.38464501041093e-06,1.65011271963201e-05,0.000145023707298775,0.113782273972108
"1323","hexachlorophene","70-30-4","HEK293H",2,96,3.80808633624108e-06,7.02054766044615e-09,0.000140641223060462,4.99181357191982e-05
"1324","hexamethylenetetramine","100-97-0","HEK293H",2,96,1.05881002949978e-08,0.000148044510098912,0.000149923243484784,0.987468698367221
"1325","Malathion","121-75-5","HEK293H",2,96,6.98926912918806e-08,0.000137216724838672,0.000149788397888831,0.916070448530406
"1326","pentachlorophenol","87-86-5","HEK293H",2,96,1.65134121594637e-06,4.79851520757639e-06,0.000143799868768188,0.0333693990730395
"1327","2,2,2-trichloroethanol","115-20-8","HEK293H",2,96,1.34569210292233e-08,0.000146597271676937,0.000149862412467343,0.978212410059008
"1328","diethylphthalate","84-66-2","HEK293H",2,96,5.23521805322965e-08,0.000135633722455176,0.000149764259514816,0.905648135907607
"1329","4-chlorophenol","106-48-9","HEK293H",2,96,2.82978217326529e-08,0.000136640703161248,0.000149775145960365,0.912305591726197
"1330","permethrin","52645-53-1","HEK293H",2,96,3.2622913704609e-06,1.23902227541711e-07,0.000141662727250175,0.000874628280471414
"1331","Aniline","62-53-3","HEK293H",2,96,7.11861576262418e-09,0.000147913019957839,0.000149907100478618,0.986697891464704
"1332","4-fluoroaniline","371-40-4","HEK293H",2,96,8.7854473550718e-09,0.000147673788423835,0.000149916038721559,0.985043292786782
"1333","2,4,6-trichlorophenol","6/2/1988","HEK293H",2,96,3.62200960418593e-07,7.37292434204188e-05,0.000148160122837296,0.497632169901651
"1334","Allyl alcohol","107-18-6","HEK293H",2,96,4.39166854456394e-09,0.000147984445620078,0.000149883732935574,0.987328262525243
"1335","N-methylaniline","100-61-8","HEK293H",2,96,1.12382008400302e-08,0.000145244895801579,0.000149824148111326,0.969435819475876
"1336","3,4-dichloroaniline","95-76-1","HEK293H",2,96,5.52432889583903e-08,0.000129307164556699,0.000149657798587603,0.864018886934305
"1337","4-decylaniline","37529-30-9","HEK293H",2,96,1.89407693253747e-06,2.02125996476909e-07,0.000141884271250236,0.0014245835334378
"1338","naphthalene","91-20-3","HEK293H",2,96,1.21477130477807e-07,9.98892349978949e-05,0.000146633536075635,0.681216846236124
"1339","1,2,4-trichlorobenzene","120-82-1","HEK293H",2,96,4.91712619501796e-07,4.94577842940809e-05,0.000143423553291665,0.344837254125923
"1340","1,2-dichlorobenzene","95-50-1","HEK293H",2,96,1.66158179736634e-07,8.72350420126487e-05,0.000139634374055749,0.624739020048318
"1341","dichloromethane","9/2/1975","HEK293H",2,96,5.96933087779069e-09,0.000125348777615418,0.000127540372351071,0.982816462777597
"1342","tetrachloroethylene","127-18-4","HEK293H",2,96,1.17485917316389e-07,5.88105890632143e-05,9.2139203784507e-05,0.638279762008353
"1343","2,3-dimethyl-1,3-butadiene","513-81-5","HEK293H",2,96,1.84046001586731e-08,3.97813887387457e-05,5.19388572401348e-05,0.765927300918847
"1344","cyclosporine A","59865-13-3","HEK293H",2,96,5.98218862350336e-07,0.000121168493621424,0.000149502566050553,0.810477684914468
"1345","chlorpromazine","50-53-3","HEK293H",2,96,2.15281349294891e-06,2.28021115253593e-06,0.000143248404195369,0.0159178817058657
"1346","PBDE 47","5436-43-1","HEK293H",2,96,4.21996980570958e-06,5.30319378944279e-08,0.000141312095558285,0.000375282368327449
"1347","PBDE 99","60348-60-9","HEK293H",2,96,5.18247705146122e-06,1.29529257033491e-08,0.00014082206468424,9.19807967053528e-05
"1348","PBDE 153","68631-49-2","HEK293H",2,96,6.19048694609505e-06,2.56438921677878e-09,0.000140380538909993,1.82674125394473e-05
"1349","amiodarone","1951-25-3","HEK293H",2,96,6.05438810094287e-06,6.45681938135243e-09,0.000140617860655223,4.59174912153139e-05
"1350","PFBS","375-73-5","HEK293H",2,96,2.83300982970095e-08,0.000146251056671857,0.000149905595432327,0.975621065044773
"1351","4:2 FTS","757124-72-4","HEK293H",2,96,3.71270315673265e-08,0.000144605330658414,0.000149886857616807,0.964763241805395
"1352","PFNA","375-95-1","HEK293H",2,96,3.61219220717516e-06,3.97016886206499e-07,0.000142216444919699,0.00279163838212009
"1353","PFHxA","307-24-4","HEK293H",2,96,1.10781167563506e-06,3.64373594745477e-05,0.000146472498450781,0.24876587659759
"1354","PFBA","375-22-4","HEK293H",2,96,2.34145567706431e-08,0.000144516370746625,0.000149492170242199,0.966715317012842
"1355","PFOA","335-67-1","HEK293H",2,96,1.35624397061091e-06,4.09519446899403e-05,0.000146724601755532,0.279107553879568
"1356","6:2 FTS","27619-97-2","HEK293H",2,96,2.31993891076883e-07,0.000119048198088213,0.000149458172216813,0.796531874587057
"1357","8:2 FTS","39108-34-4","HEK293H",2,96,1.82502347199135e-06,3.76972839498153e-05,0.000146544694016665,0.257240865681076
"1358","PFUnDA","2058-94-8","HEK293H",2,96,4.294867311066e-06,5.47778626869012e-07,0.00014238620202264,0.00384713279157423
"1359","PFOS","1763-23-1","HEK293H",2,96,3.80788879130078e-06,5.47778626869373e-07,0.000142386202022734,0.00384713279157423
"1360","PFHpA","375-85-9","HEK293H",2,96,5.18157043563835e-07,8.58273661442209e-05,0.000148576725273675,0.577663600985475
"1361","PFPeA","2706-90-3","HEK293H",2,96,5.30533788469793e-08,0.000137940525720369,0.000149799076046178,0.920836959487294
"1362","PFHxS","355-46-4","HEK293H",2,96,1.40804790914716e-07,0.000128697586103237,0.00014964808341613,0.860001566110037
"1363","PFDA","335-76-2","HEK293H",2,96,4.22358553414857e-06,1.62667010375956e-07,0.000141784186243809,0.00114728598925862
"1364","Azathioprine","446-86-6","HEK293H",2,96,2.09647935246831e-08,0.000148027415767777,0.00014992398697184,0.987349781430111
"1365","Benzocaine","94-09-7","HEK293H",2,96,2.03069231671327e-08,0.000143784018282024,0.000149877045952187,0.959346492109895
"1366","Butylated hydroxyanisole","25013-16-5","HEK293H",2,96,NA,NA,NA,NA
"1367","Cetirizine dihydrochloride","83881-52-1","HEK293H",2,96,2.9579843557444e-08,0.000147969935885698,0.00014992393691092,0.986966717487
"1368","Cyclamate","139-05-9","HEK293H",2,96,1.35393432203464e-08,0.000148042494513669,0.000149924347455814,0.987447983105616
"1369","Cyclophosphamide","6055-19-2","HEK293H",2,96,1.98500198341188e-08,0.00014796497116221,0.000149915449336215,0.986989478518448
"1370","Cypermethrin","67375-30-8","HEK293H",2,96,3.52913259175031e-06,8.92841795810872e-08,0.000141522621688923,0.00063088274168168
"1371","DEET","134-62-3","HEK293H",2,96,3.24422910022446e-08,0.000140158446196907,0.000149829270392127,0.935454373034658
"1372","Dexamethasone","50-02-2","HEK293H",2,96,5.09054084875964e-08,0.000143229395391158,0.000149870290952831,0.955689046044734
"1373","Digoxin","20830-75-5","HEK293H",2,96,6.48207195596951e-08,0.000147304800000627,0.000149916995471556,0.98257572156704
"1374","Fenazaquin","120928-09-8","HEK293H",2,96,2.12188702635885e-06,1.75680603923292e-06,0.000143074650797417,0.0122789468954946
"1375","Fenbuconazole","114369-43-6","HEK293H",2,96,2.871188600923e-07,0.000105747794909083,0.000149124928456129,0.709122183687705
"1376","Fluazinam","79622-59-6","HEK293H",2,96,1.3258980288204e-06,4.9309254458397e-05,0.000147149158120363,0.335097088479866
"1377","Furosemide","54-31-9","HEK293H",2,96,4.77099259562752e-08,0.000142074267198546,0.000149855745974221,0.948073537487086
"1378","Glybenclamide","10238-21-8","HEK293H",2,96,2.76715768499242e-06,9.37292261413988e-06,0.00014439846593715,0.0649101259719719
"1379","HC Red 3","1/4/2871","HEK293H",2,96,1.49119415727674e-08,0.000148025765446465,0.000149923652063242,0.987340979287398
"1380","Hydralazine hydrochloride","304-20-1","HEK293H",2,96,1.21861649806512e-08,0.0001479678043348,0.000149923566745101,0.986954936753692
"1381","Ketoconazole","65277-42-1","HEK293H",2,96,2.1618546588469e-06,2.78132048566483e-05,0.000145931936483736,0.190590254106222
"1382","Metformin","1115-70-4","HEK293H",2,96,9.75556739129456e-09,0.000148044460104998,0.000149924440232495,0.987460482596556
"1383","Metoclopramide","364-62-5","HEK293H",2,96,9.17209787777118e-08,0.000131314574731741,0.000149694058004026,0.877219687158257
"1384","Nitrofurantoin","67-20-9","HEK293H",2,96,1.79911454642563e-08,0.000148041314052575,0.000149924340023411,0.987440158345588
"1385","Oxytetracycline hydrochloride","2058-46-0","HEK293H",2,96,3.4774710326882e-08,0.000148046097190371,0.000149924473294472,0.987471184238135
"1386","Panthenol","16485-10-2 ","HEK293H",2,96,1.55026310351977e-08,0.000148044510428843,0.000149924376015023,0.987461241219427
"1387","Paracetamol","103-90-2","HEK293H",2,96,1.14549640208811e-08,0.000148003829631996,0.000149924172757613,0.987191237474953
"1388","Topiramate","97240-79-4","HEK293H",2,96,2.56308138073075e-08,0.000148045848418104,0.000149924397080889,0.987470026897813
"1389","Trimellitic anhydride","552-30-7","HEK293H",2,96,1.77108033178599e-08,0.000146453102418217,0.000149907818466689,0.97695439715014
"1390","Verapamil hydrochloride","152-11-4","HEK293H",2,96,2.05761256676172e-06,2.15722744391379e-05,0.000145473240512892,0.148290327231875
"1391","Warfarin","129-06-6","HEK293H",2,96,7.67999919284996e-08,0.000134769571431034,0.000149750915977314,0.899958244338556
"1392","2,4-Dinitrophenol","51-28-5","Rat cerebellar granule cell",20,96,3.47811686983928e-08,0.000116659948745728,0.000149810533195559,0.778716597940695
"1393","Aldrin","309-00-2","Rat cerebellar granule cell",20,96,7.94379972340637e-06,1.32300272591406e-08,0.000128230765358044,0.000103173581021683
"1394","Azinphos-methyl","86-50-0","Rat cerebellar granule cell",20,96,6.8446923890841e-07,6.3094055631128e-05,0.000147842622522076,0.426764992089522
"1395","Chlorpyrifos","2921-88-2","Rat cerebellar granule cell",20,96,6.58069496198305e-06,9.59537225466413e-07,0.000131229501112567,0.00731190180052072
"1396","DDD-p,p'","50-29-3","Rat cerebellar granule cell",20,96,7.89237562609717e-06,4.15758258548232e-09,0.000127735969137009,3.25482525679428e-05
"1397","DDT-o,p'","789-02-6","Rat cerebellar granule cell",20,96,7.74485030358663e-06,1.11719841458897e-08,0.000128152124400576,8.71775181109639e-05
"1398","DDT-p,p'","72-54-8","Rat cerebellar granule cell",20,96,6.78995084376254e-06,3.84909464161855e-08,0.000128784041626187,0.000298879783008446
"1399","Diazinon","333-41-5","Rat cerebellar granule cell",20,96,3.14039800346836e-06,1.44198189733673e-05,0.000139681533873641,0.10323353827437
"1400","Dicofol","115-32-2","Rat cerebellar granule cell",20,96,7.01501811386087e-06,8.14421746386058e-07,0.000131065566848539,0.00621384980028517
"1401","Dieldrin","60-57-1","Rat cerebellar granule cell",20,96,7.31196299460863e-06,6.19185147316766e-07,0.000130803682903333,0.00473369811593425
"1402","Disulfoton","298-04-4","Rat cerebellar granule cell",20,96,3.41372592497697e-06,9.50524650662598e-06,0.000137556815349483,0.0691005129951322
"1403","Endosulfan I","115-29-7","Rat cerebellar granule cell",20,96,4.28091677290922e-06,1.38801864632419e-05,0.000139461505289733,0.0995270087928974
"1404","Endrin","72-20-8","Rat cerebellar granule cell",20,96,7.59026626051254e-06,2.63376006792808e-07,0.000130073215687079,0.00202482890425666
"1405","Ethion","563-12-2","Rat cerebellar granule cell",20,96,7.33088897900382e-06,7.10208660434134e-07,0.000130932959441689,0.00542421605272298
"1406","Heptachlor","76-44-8","Rat cerebellar granule cell",20,96,7.9083879337425e-06,4.07100496698401e-08,0.000128815402832766,0.000316034020579757
"1407","Heptachlor epoxide B","1024-57-3","Rat cerebellar granule cell",20,96,7.32916054065153e-06,9.08530746688168e-07,0.00013117340602331,0.0069261809556635
"1408","Lindane","58-89-9","Rat cerebellar granule cell",20,96,2.73667318895267e-06,1.70327861015046e-05,0.000140587150000151,0.121154643944957
"1409","Methoxychlor-o,p'","72-43-5","Rat cerebellar granule cell",20,96,6.5995339653271e-06,6.9100464185432e-07,0.000130906880843291,0.0052785967964627
"1410","Parathion","56-38-2","Rat cerebellar granule cell",20,96,3.06443715705948e-06,1.38818740143957e-05,0.000139478461000291,0.0995270087928974
"1411","Trifluralin","1582-09-8","Rat cerebellar granule cell",20,96,6.61363396699282e-06,3.37804321277694e-07,0.000130272388887764,0.00259306153945429
"1412","Eugenol F","97-53-0","Rat cerebellar granule cell",20,96,1.28717230873098e-07,9.00105302703016e-05,0.000149215009963229,0.603227049962887
"1413","Methyl-antranilate","134-20-3","Rat cerebellar granule cell",20,96,4.76005118762964e-08,0.000108509463794918,0.000149685033101791,0.724918594373616
"1414","Lilyfore","285977-85-7","Rat cerebellar granule cell",20,96,8.91673351858313e-07,3.63512355323106e-05,0.000144939445391679,0.250802915894126
"1415","Damascone beta","23726-91-2","Rat cerebellar granule cell",20,96,2.88588345519642e-06,5.27420391072562e-06,0.000134898886175214,0.0390974607742512
"1416","Veloutone","14595-54-1","Rat cerebellar granule cell",20,96,4.35548758264306e-06,3.98645709366497e-07,0.000130409348747543,0.00305687984178363
"1417","Verdox","82356-51-2","Rat cerebellar granule cell",20,96,NA,NA,NA,NA
"1418","Nirvanol","1506-02-1","Rat cerebellar granule cell",20,96,NA,NA,NA,NA
"1419","Cetalox","3738-00-9","Rat cerebellar granule cell",20,96,4.69419788047523e-06,2.86134982004266e-07,0.000130120398708027,0.00219900173105305
"1420","Tonalide","21145-77-7","Rat cerebellar granule cell",20,96,5.29209753923321e-06,1.24451723527381e-07,0.000129519418437237,0.000960873087827279
"1421","Caffeine","8/2/1958","Rat cerebellar granule cell",20,96,1.81115340854462e-09,0.000133080799960178,0.000149979329966681,0.887327607009203
"1422","Lamotrigine","84057-84-1","Rat cerebellar granule cell",20,96,3.84670251902482e-07,7.34655951177962e-05,0.000148497905400098,0.494724790358879
"1423","Diclofenac","15307-79-6","Rat cerebellar granule cell",20,96,6.00639048027439e-09,0.000132986698351659,0.000149979717262908,0.886697886745171
"1424","2,4-Dichlorophenoxyacetic","94-75-7","Rat cerebellar granule cell",20,96,5.35032819310485e-07,5.96372011103945e-05,0.000147579465440008,0.404102297921912
"1425","(S)-Naproxen","22204-53-1","Rat cerebellar granule cell",20,96,1.06152319381505e-06,3.93474562537988e-05,0.000145389890883987,0.270634058630638
"1426","Ibuprofen","15687-27-1","Rat cerebellar granule cell",20,96,1.96180317729591e-06,1.67269822389154e-05,0.000140489535519465,0.119062122150712
"1427","Torasemide","56211-40-6","Rat cerebellar granule cell",20,96,2.13110372698685e-06,3.02611324795465e-05,0.000143883520643143,0.210316875374488
"1428","Warfarin","81-81-2","Rat cerebellar granule cell",20,96,6.02901554201637e-07,6.59825004138403e-05,0.000148044600079809,0.445693394951725
"1429","di-n-butylphthalate","84-74-2","Rat cerebellar granule cell",20,96,4.92157558409625e-06,2.47496360128309e-06,0.000132317870137945,0.0187046813760143
"1430","hexachlorophene","70-30-4","Rat cerebellar granule cell",20,96,9.29885407643123e-06,6.96146228774557e-10,0.00012714707771828,5.4751256675911e-06
"1431","hexamethylenetetramine","100-97-0","Rat cerebellar granule cell",20,96,1.12551548667442e-09,0.00013310597735566,0.000149990865858004,0.887427221612754
"1432","Malathion","121-75-5","Rat cerebellar granule cell",20,96,3.16510850902747e-07,8.52068933792842e-05,0.000149041898487642,0.571697584665089
"1433","pentachlorophenol","87-86-5","Rat cerebellar granule cell",20,96,5.11268234296163e-06,6.19186294226439e-07,0.000130803925189521,0.00473369811593425
"1434","2,2,2-trichloroethanol","115-20-8","Rat cerebellar granule cell",20,96,1.52483485914991e-08,0.00012464587268947,0.000149857536440147,0.831762456866845
"1435","diethylphthalate","84-66-2","Rat cerebellar granule cell",20,96,2.53521582586101e-07,8.08082974554097e-05,0.000148859140163689,0.542850760568353
"1436","4-chlorophenol","106-48-9","Rat cerebellar granule cell",20,96,1.31556115382e-07,8.35686994771822e-05,0.000148973795664461,0.560962410230902
"1437","permethrin","52645-53-1","Rat cerebellar granule cell",20,96,8.51807310635481e-06,1.32300300830701e-08,0.000128230792728709,0.000103173581021683
"1438","Aniline","62-53-3","Rat cerebellar granule cell",20,96,2.77853581981529e-09,0.000132890990793949,0.000149955374752144,0.886203585657395
"1439","4-fluoroaniline","371-40-4","Rat cerebellar granule cell",20,96,5.86570683505061e-09,0.000131454753941005,0.000149942852295672,0.876699035188351
"1440","2,4,6-trichlorophenol","6/2/1988","Rat cerebellar granule cell",20,96,1.7988089878912e-06,1.7975302445135e-05,0.000140888463039638,0.127585339901663
"1441","Allyl alcohol","107-18-6","Rat cerebellar granule cell",20,96,6.19109170063063e-10,0.000133044291138807,0.000149952791693174,0.887241175282923
"1442","N-methylaniline","100-61-8","Rat cerebellar granule cell",20,96,1.97442540020008e-08,0.000116971171999994,0.000149758578573069,0.781064918714642
"1443","3,4-dichloroaniline","95-76-1","Rat cerebellar granule cell",20,96,3.10580768184262e-07,6.65599461195818e-05,0.000148082435431189,0.449479007593112
"1444","4-decylaniline","37529-30-9","Rat cerebellar granule cell",20,96,5.02240307545284e-06,2.19552161619429e-08,0.000128480616847178,0.000170883489671112
"1445","naphthalene","91-20-3","Rat cerebellar granule cell",20,96,7.05393902817687e-07,3.32891644352579e-05,0.000143690367522708,0.231672902012705
"1446","1,2,4-trichlorobenzene","120-82-1","Rat cerebellar granule cell",20,96,2.19139773168932e-06,1.00588823164305e-05,0.000137136467032701,0.0733494345747718
"1447","1,2-dichlorobenzene","95-50-1","Rat cerebellar granule cell",20,96,9.57429460634905e-07,2.71236243125886e-05,0.000140615382040731,0.192892298971473
"1448","dichloromethane","9/2/1975","Rat cerebellar granule cell",20,96,4.95244641171798e-09,0.000111942020018085,0.000129947011794796,0.861443587443606
"1449","tetrachloroethylene","127-18-4","Rat cerebellar granule cell",20,96,8.90350625914196e-07,2.43708697894063e-05,0.0001209472520381,0.201499987628732
"1450","2,3-dimethyl-1,3-butadiene","513-81-5","Rat cerebellar granule cell",20,96,1.82015890874716e-07,2.59275729583223e-05,8.40186311109163e-05,0.308593137206608
"1451","cyclosporine A","59865-13-3","Rat cerebellar granule cell",20,96,3.56899037483583e-06,5.33688835186459e-05,0.000147032296044492,0.362973883659522
"1452","chlorpromazine","50-53-3","Rat cerebellar granule cell",20,96,6.33983612869882e-06,2.78366923637338e-07,0.000130117179416524,0.00213935565530701
"1453","PBDE 47","5436-43-1","Rat cerebellar granule cell",20,96,1.07613419785328e-05,5.51633687152038e-09,0.000127847636165433,4.31477423984776e-05
"1454","PBDE 99","60348-60-9","Rat cerebellar granule cell",20,96,1.28005572158474e-05,1.30068112352432e-09,0.000127331671487231,1.0214906537646e-05
"1455","PBDE 153","68631-49-2","Rat cerebellar granule cell",20,96,1.48750406366342e-05,2.49817929320714e-10,0.000126886975712303,1.96882247305775e-06
"1456","amiodarone","1951-25-3","Rat cerebellar granule cell",20,96,1.47624421211193e-05,6.39218581479509e-10,0.000127123487711554,5.02832791159657e-06
"1457","PFBS","375-73-5","Rat cerebellar granule cell",20,96,3.73138637028035e-08,0.000122305974830035,0.000149875659914971,0.816049616725112
"1458","4:2 FTS","757124-72-4","Rat cerebellar granule cell",20,96,7.72549765966999e-08,0.000113328376106271,0.000149764572666988,0.75671017576543
"1459","PFNA","375-95-1","Rat cerebellar granule cell",20,96,9.80861160980957e-06,4.42800025427273e-08,0.000128864394907904,0.000343617044679976
"1460","PFHxA","307-24-4","Rat cerebellar granule cell",20,96,4.45605587040476e-06,6.46012194838745e-06,0.000135810998578026,0.0475670013182032
"1461","PFBA","375-22-4","Rat cerebellar granule cell",20,96,4.56062428844958e-08,0.000114597149039787,0.000149470978432369,0.766684946078942
"1462","PFOA","335-67-1","Rat cerebellar granule cell",20,96,5.59901446264549e-06,7.52950208557488e-06,0.000136478096709972,0.0551700402268633
"1463","6:2 FTS","27619-97-2","Rat cerebellar granule cell",20,96,1.38939008170761e-06,5.05683050211072e-05,0.000146755049868045,0.344576251833077
"1464","8:2 FTS","39108-34-4","Rat cerebellar granule cell",20,96,7.39469375729197e-06,6.75165949833014e-06,0.000135999671019833,0.0496446752238507
"1465","PFUnDA","2058-94-8","Rat cerebellar granule cell",20,96,1.18092763195649e-05,6.19526077747819e-08,0.0001290649075144,0.000480011251454
"1466","PFOS","1763-23-1","Rat cerebellar granule cell",20,96,1.04702678043329e-05,6.1952607775224e-08,0.000129064907515321,0.000480011251454
"1467","PFHpA","375-85-9","Rat cerebellar granule cell",20,96,2.75104271403356e-06,2.36123321195097e-05,0.000142443435661642,0.165766376034331
"1468","PFPeA","2706-90-3","Rat cerebellar granule cell",20,96,2.31523737642054e-07,8.7362602295602e-05,0.000149123180791101,0.585841864639301
"1469","PFHxS","355-46-4","Rat cerebellar granule cell",20,96,7.97996087060092e-07,6.54047271230001e-05,0.000148005557550732,0.441907237845318
"1470","PFDA","335-76-2","Rat cerebellar granule cell",20,96,1.11211051580717e-05,1.75319461018639e-08,0.00012836697564942,0.000136576763713317
"1471","Azathioprine","446-86-6","Rat cerebellar granule cell",20,96,2.82081522701958e-09,0.000133081457471259,0.000149989467542961,0.887272017504434
"1472","Benzocaine","94-09-7","Rat cerebellar granule cell",20,96,4.9569333062078e-08,0.000109342484824273,0.000149699907588828,0.730411171158491
"1473","Butylated hydroxyanisole","25013-16-5","Rat cerebellar granule cell",20,96,NA,NA,NA,NA
"1474","Cetirizine dihydrochloride","83881-52-1","Rat cerebellar granule cell",20,96,8.0980947044802e-09,0.00013298189808225,0.000149979175622113,0.886669082761938
"1475","Cyclamate","139-05-9","Rat cerebellar granule cell",20,96,1.48603470005896e-09,0.000133103039802268,0.000149991605820192,0.887403258831899
"1476","Cyclophosphamide","6055-19-2","Rat cerebellar granule cell",20,96,5.24921677396733e-09,0.000132981466660163,0.000149972234915315,0.886707241078681
"1477","Cypermethrin","67375-30-8","Rat cerebellar granule cell",20,96,9.12708855469604e-06,9.43300521474562e-09,0.000128075694078435,7.36517985135314e-05
"1478","DEET","134-62-3","Rat cerebellar granule cell",20,96,1.22171409534389e-07,9.46358108974554e-05,0.000149360509556089,0.633606641934472
"1479","Dexamethasone","50-02-2","Rat cerebellar granule cell",20,96,1.36054782244506e-07,0.000106807968515877,0.000149653327894576,0.713702595314939
"1480","Digoxin","20830-75-5","Rat cerebellar granule cell",20,96,5.38396522578494e-08,0.000128915408237615,0.000149931056951027,0.859831250837668
"1481","Fenazaquin","120928-09-8","Rat cerebellar granule cell",20,96,6.15803705203078e-06,2.11009797161805e-07,0.000129901952187567,0.00162437741395237
"1482","Fenbuconazole","114369-43-6","Rat cerebellar granule cell",20,96,1.67814221018779e-06,3.68413470586951e-05,0.000145009803789755,0.25406107791243
"1483","Fluazinam","79622-59-6","Rat cerebellar granule cell",20,96,5.73970683526432e-06,9.70421944716612e-06,0.000137658933025301,0.0704946583116588
"1484","Furosemide","54-31-9","Rat cerebellar granule cell",20,96,1.48955397963553e-07,0.000101887948423089,0.000149549628516399,0.681298572479676
"1485","Glybenclamide","10238-21-8","Rat cerebellar granule cell",20,96,9.11639668293768e-06,1.2947069051196e-06,0.000131545755689016,0.00984225525436473
"1486","HC Red 3","1/4/2871","Rat cerebellar granule cell",20,96,2.04508925760204e-09,0.000133079139529214,0.000149988976381852,0.887259468925317
"1487","Hydralazine hydrochloride","304-20-1","Rat cerebellar granule cell",20,96,3.39551508274408e-09,0.000132978308495687,0.000149978482561071,0.88664924611128
"1488","Ketoconazole","65277-42-1","Rat cerebellar granule cell",20,96,8.26207818050119e-06,4.59770616936812e-06,0.00013445310918782,0.0341956106269398
"1489","Metformin","1115-70-4","Rat cerebellar granule cell",20,96,1.04881294837148e-09,0.000133105479360855,0.00014999185375876,0.887418056549494
"1490","Metoclopramide","364-62-5","Rat cerebellar granule cell",20,96,4.99107564262926e-07,7.05972748098666e-05,0.000148335197477029,0.475930702966158
"1491","Nitrofurantoin","67-20-9","Rat cerebellar granule cell",20,96,2.00299162287801e-09,0.00013310148927368,0.000149991483888853,0.887393642777152
"1492","Oxytetracycline hydrochloride","2058-46-0","Rat cerebellar granule cell",20,96,3.68630343887114e-09,0.000133107371806749,0.000149991993681944,0.887429845682309
"1493","Panthenol","16485-10-2 ","Rat cerebellar granule cell",20,96,1.66477176232582e-09,0.000133105566502051,0.000149991804984066,0.887418926095268
"1494","Paracetamol","103-90-2","Rat cerebellar granule cell",20,96,2.13903268938216e-09,0.000133042560164489,0.000149985807100188,0.887034331692588
"1495","Topiramate","97240-79-4","Rat cerebellar granule cell",20,96,2.72036790966647e-09,0.000133107121018339,0.000149991915493637,0.887428636271972
"1496","Trimellitic anhydride","552-30-7","Rat cerebellar granule cell",20,96,2.16462273089183e-08,0.000123514743072091,0.000149887335363804,0.824050562859754
"1497","Verapamil hydrochloride","152-11-4","Rat cerebellar granule cell",20,96,7.55999829747766e-06,3.38349878042134e-06,0.000133369912287736,0.025369280989866
"1498","Warfarin","129-06-6","Rat cerebellar granule cell",20,96,3.8324652808351e-07,7.85712233528022e-05,0.000148757024689291,0.528184961462586
"1499","2,4-Dinitrophenol","51-28-5","Balbc_3T3",20,96,2.60603187485745e-08,0.000116696834550937,0.000149857900627186,0.778716597940695
"1500","Aldrin","309-00-2","Balbc_3T3",20,96,1.2771020282427e-06,1.51149493028312e-08,0.000146500190777081,0.000103173581021683
"1501","Azinphos-methyl","86-50-0","Balbc_3T3",20,96,1.61573284361543e-07,6.37972989366622e-05,0.000149490469272793,0.426764992089522
"1502","Chlorpyrifos","2921-88-2","Balbc_3T3",20,96,1.05388564730583e-06,1.07480417356675e-06,0.000146993792160913,0.00731190180052072
"1503","DDD-p,p'","50-29-3","Balbc_3T3",20,96,1.27003943568596e-06,4.76562644484463e-09,0.000146417274933474,3.25482525679428e-05
"1504","DDT-o,p'","789-02-6","Balbc_3T3",20,96,1.24529748170648e-06,1.2770378585666e-08,0.000146487062976618,8.7177518110964e-05
"1505","DDT-p,p'","72-54-8","Balbc_3T3",20,96,1.09056696007407e-06,4.38135012016094e-08,0.000146592388285999,0.000298879783008446
"1506","Diazinon","333-41-5","Balbc_3T3",20,96,5.20458924583788e-07,1.5308484682346e-05,0.000148289838149881,0.103233538274371
"1507","Dicofol","115-32-2","Balbc_3T3",20,96,1.12360871037701e-06,9.13232330008926e-07,0.000146967235990644,0.00621384980028517
"1508","Dieldrin","60-57-1","Balbc_3T3",20,96,1.17145735194673e-06,6.95495136720985e-07,0.000146924269289555,0.00473369811593425
"1509","Disulfoton","298-04-4","Balbc_3T3",20,96,5.55597647997258e-07,1.02249788379629e-05,0.000147972546002418,0.0691005129951322
"1510","Endosulfan I","115-29-7","Balbc_3T3",20,96,7.07943044329451e-07,1.47539493156765e-05,0.00014824065843652,0.0995270087928974
"1511","Endrin","72-20-8","Balbc_3T3",20,96,1.2169701451673e-06,2.97254934700383e-07,0.000146804964150543,0.00202482890425666
"1512","Ethion","563-12-2","Balbc_3T3",20,96,1.17434636476733e-06,7.97064706999845e-07,0.00014694560453574,0.00542421605272298
"1513","Heptachlor","76-44-8","Balbc_3T3",20,96,1.27013904178945e-06,4.63296300844196e-08,0.000146596970792666,0.000316034020579757
"1514","Heptachlor epoxide B","1024-57-3","Balbc_3T3",20,96,1.17380849943964e-06,1.01803639916505e-06,0.000146983800406284,0.00692618095566351
"1515","Lindane","58-89-9","Balbc_3T3",20,96,4.58579588122362e-07,1.79817795805524e-05,0.000148420060470169,0.121154643944957
"1516","Methoxychlor-o,p'","72-43-5","Balbc_3T3",20,96,1.05721534107529e-06,7.75644200968906e-07,0.000146941361668063,0.0052785967964627
"1517","Parathion","56-38-2","Balbc_3T3",20,96,5.06775461701206e-07,1.47558560326126e-05,0.000148259816220515,0.0995270087928974
"1518","Trifluralin","1582-09-8","Balbc_3T3",20,96,1.0601460105526e-06,3.8075446800385e-07,0.000146835878057865,0.0025930615394543
"1519","Eugenol F","97-53-0","Balbc_3T3",20,96,4.53248667265352e-08,9.03168893694618e-05,0.00014972287694164,0.603227049962887
"1520","Methyl-antranilate","134-20-3","Balbc_3T3",20,96,2.65706852832499e-08,0.000108610316571273,0.000149824156000745,0.724918594373616
"1521","Lilyfore","285977-85-7","Balbc_3T3",20,96,1.66390021787054e-07,3.73833002021783e-05,0.000149054487938885,0.250802915894126
"1522","Damascone beta","23726-91-2","Balbc_3T3",20,96,4.64031136920731e-07,5.76626006186977e-06,0.000147484259787718,0.0390974607742512
"1523","Veloutone","14595-54-1","Balbc_3T3",20,96,6.98067694784353e-07,4.48922058377281e-07,0.000146856298452131,0.00305687984178364
"1524","Verdox","82356-51-2","Balbc_3T3",20,96,NA,NA,NA,NA
"1525","Nirvanol","1506-02-1","Balbc_3T3",20,96,NA,NA,NA,NA
"1526","Cetalox","3738-00-9","Balbc_3T3",20,96,7.52564864603809e-07,3.22795624839675e-07,0.000146791892103284,0.00219900173105306
"1527","Tonalide","21145-77-7","Balbc_3T3",20,96,8.49075320645123e-07,1.40973277975737e-07,0.000146713733334446,0.000960873087827279
"1528","Caffeine","8/2/1958","Balbc_3T3",20,96,1.58904474524196e-08,0.000133016471202313,0.000149906832776965,0.887327607009203
"1529","Lamotrigine","84057-84-1","Balbc_3T3",20,96,1.03257181762658e-07,7.40092400000593e-05,0.000149596788845718,0.494724790358879
"1530","Diclofenac","15307-79-6","Balbc_3T3",20,96,2.46696807683359e-08,0.000132930818898913,0.000149916697542684,0.886697886745171
"1531","2,4-Dichlorophenoxyacetic","94-75-7","Balbc_3T3",20,96,1.21659887469482e-07,6.0392923788966e-05,0.000149449592589637,0.404102297921912
"1532","(S)-Naproxen","22204-53-1","Balbc_3T3",20,96,2.02260977754686e-07,4.03573824997353e-05,0.000149121595056945,0.270634058630638
"1533","Ibuprofen","15687-27-1","Balbc_3T3",20,96,3.28296706907612e-07,1.7669820339512e-05,0.000148408410839049,0.119062122150712
"1534","Torasemide","56211-40-6","Balbc_3T3",20,96,3.82523032070739e-07,3.13166288001252e-05,0.000148902120880045,0.210316875374488
"1535","Warfarin","81-81-2","Balbc_3T3",20,96,1.47125110712111e-07,6.66413286813463e-05,0.000149522809707702,0.445693394951725
"1536","di-n-butylphthalate","84-74-2","Balbc_3T3",20,96,7.874261272234e-07,2.75278139481404e-06,0.000147170718360594,0.0187046813760143
"1537","hexachlorophene","70-30-4","Balbc_3T3",20,96,1.49824016058012e-06,8.01108975084787e-10,0.000146317915555215,5.47512566759111e-06
"1538","hexamethylenetetramine","100-97-0","Balbc_3T3",20,96,1.14483984823406e-08,0.000133040632182335,0.000149917231455392,0.887427221612754
"1539","Malathion","121-75-5","Balbc_3T3",20,96,1.01951915963554e-07,8.55781937971016e-05,0.000149691368465786,0.571697584665089
"1540","pentachlorophenol","87-86-5","Balbc_3T3",20,96,8.19108451518451e-07,6.95496583747702e-07,0.000146924574975867,0.00473369811593425
"1541","2,2,2-trichloroethanol","115-20-8","Balbc_3T3",20,96,1.67861637968919e-08,0.00012463731343768,0.000149847245939874,0.831762456866845
"1542","diethylphthalate","84-66-2","Balbc_3T3",20,96,7.58638111718926e-08,8.12422498895646e-05,0.000149658535624977,0.542850760568353
"1543","4-chlorophenol","106-48-9","Balbc_3T3",20,96,4.11962360987804e-08,8.39629707065943e-05,0.000149676643524178,0.560962410230902
"1544","permethrin","52645-53-1","Balbc_3T3",20,96,1.36942636401251e-06,1.51149529887527e-08,0.00014650022650252,0.000103173581021683
"1545","Aniline","62-53-3","Balbc_3T3",20,96,7.87663961354038e-09,0.00013284248319923,0.000149900638351272,0.886203585657395
"1546","4-fluoroaniline","371-40-4","Balbc_3T3",20,96,1.00717784672842e-08,0.000131421570430312,0.00014990500177986,0.876699035188351
"1547","2,4,6-trichlorophenol","6/2/1988","Balbc_3T3",20,96,3.02690248638184e-07,1.89420332976231e-05,0.000148465594183648,0.127585339901663
"1548","Allyl alcohol","107-18-6","Balbc_3T3",20,96,4.76217110165966e-09,0.000132981016355539,0.000149881475364502,0.887241175282923
"1549","N-methylaniline","100-61-8","Balbc_3T3",20,96,1.50131907289565e-08,0.000117005645708105,0.000149802715375637,0.781064918714642
"1550","3,4-dichloroaniline","95-76-1","Balbc_3T3",20,96,7.63129184653194e-08,6.72098537136923e-05,0.000149528348550893,0.449479007593112
"1551","4-decylaniline","37529-30-9","Balbc_3T3",20,96,8.07079868791376e-07,2.50415909051191e-08,0.000146541897952312,0.000170883489671112
"1552","naphthalene","91-20-3","Balbc_3T3",20,96,1.29134714502888e-07,3.43249677281309e-05,0.000148161340536272,0.231672902012705
"1553","1,2,4-trichlorobenzene","120-82-1","Balbc_3T3",20,96,3.57245917890453e-07,1.07960932913369e-05,0.000147187137214145,0.0733494345747718
"1554","1,2-dichlorobenzene","95-50-1","Balbc_3T3",20,96,1.69133724203975e-07,2.81373195065808e-05,0.000145870621360275,0.192892298971474
"1555","dichloromethane","9/2/1975","Balbc_3T3",20,96,7.19556749745534e-09,0.000111922302041911,0.000129924122337538,0.861443587443606
"1556","tetrachloroethylene","127-18-4","Balbc_3T3",20,96,1.57661491798353e-07,2.51153728036325e-05,0.000124642056305771,0.201499987628732
"1557","2,3-dimethyl-1,3-butadiene","513-81-5","Balbc_3T3",20,96,3.59015731143457e-08,2.62396575280231e-05,8.50299451424781e-05,0.308593137206608
"1558","cyclosporine A","59865-13-3","Balbc_3T3",20,96,7.62820125630068e-07,5.42158468010974e-05,0.000149365696105985,0.362973883659522
"1559","chlorpromazine","50-53-3","Balbc_3T3",20,96,1.01643454365311e-06,3.14083693613524e-07,0.000146812285668533,0.00213935565530701
"1560","PBDE 47","5436-43-1","Balbc_3T3",20,96,1.73132733138593e-06,6.3183797331678e-09,0.000146435928786641,4.31477423984777e-05
"1561","PBDE 99","60348-60-9","Balbc_3T3",20,96,2.0616022956738e-06,1.49494237918644e-09,0.000146349100080062,1.0214906537646e-05
"1562","PBDE 153","68631-49-2","Balbc_3T3",20,96,2.39809670688947e-06,2.8798703916181e-10,0.000146273746415817,1.96882247305775e-06
"1563","amiodarone","1951-25-3","Balbc_3T3",20,96,2.37866382963162e-06,7.35714371124948e-10,0.000146313920663012,5.02832791159658e-06
"1564","PFBS","375-73-5","Balbc_3T3",20,96,3.61922749915527e-08,0.00012230902472016,0.000149879397298168,0.816049616725112
"1565","4:2 FTS","757124-72-4","Balbc_3T3",20,96,5.08407693634614e-08,0.000113389286967748,0.000149845066974357,0.75671017576543
"1566","PFNA","375-95-1","Balbc_3T3",20,96,1.57520770544241e-06,5.03762314627657e-08,0.000146605741021034,0.000343617044679977
"1567","PFHxA","307-24-4","Balbc_3T3",20,96,7.18662379213619e-07,7.0261993278128e-06,0.00014771163060733,0.0475670013182032
"1568","PFBA","375-22-4","Balbc_3T3",20,96,3.17744134472224e-08,0.000114646589736977,0.000149535464760739,0.766684946078942
"1569","PFOA","335-67-1","Balbc_3T3",20,96,9.05687547376221e-07,8.15483363475593e-06,0.000147812718664381,0.0551700402268633
"1570","6:2 FTS","27619-97-2","Balbc_3T3",20,96,2.89512883169573e-07,5.14534477476871e-05,0.000149323836085525,0.344576251833077
"1571","8:2 FTS","39108-34-4","Balbc_3T3",20,96,1.1935349759612e-06,7.33451858746171e-06,0.000147740287440495,0.0496446752238507
"1572","PFUnDA","2058-94-8","Balbc_3T3",20,96,1.89592006736675e-06,7.03883583476973e-08,0.000146638975929177,0.000480011251454
"1573","PFOS","1763-23-1","Balbc_3T3",20,96,1.68094896789415e-06,7.03883583482378e-08,0.000146638975930303,0.000480011251454
"1574","PFHpA","375-85-9","Balbc_3T3",20,96,4.75769066081352e-07,2.46483258194135e-05,0.000148693157255901,0.165766376034331
"1575","PFPeA","2706-90-3","Balbc_3T3",20,96,7.75255955081735e-08,8.77042745466316e-05,0.000149706396623994,0.585841864639301
"1576","PFHxS","355-46-4","Balbc_3T3",20,96,1.93415352299835e-07,6.60724649983029e-05,0.000149516593845495,0.441907237845318
"1577","PFDA","335-76-2","Balbc_3T3",20,96,1.7874713805784e-06,2.0011633105857e-08,0.000146522970392407,0.000136576763713317
"1578","Azathioprine","446-86-6","Balbc_3T3",20,96,2.27209035106279e-08,0.000133017774468768,0.000149917693609788,0.887272017504434
"1579","Benzocaine","94-09-7","Balbc_3T3",20,96,2.84195595819372e-08,0.000109436001556435,0.000149827940587026,0.730411171158491
"1580","Butylated hydroxyanisole","25013-16-5","Balbc_3T3",20,96,NA,NA,NA,NA
"1581","Cetirizine dihydrochloride","83881-52-1","Balbc_3T3",20,96,3.24233337862263e-08,0.00013292643654476,0.000149916625186366,0.886669082761938
"1582","Cyclamate","139-05-9","Balbc_3T3",20,96,1.46435971944996e-08,0.000133037897781599,0.000149918198358566,0.887403258831899
"1583","Cyclophosphamide","6055-19-2","Balbc_3T3",20,96,2.17418767209879e-08,0.000132925457567187,0.000149909069655824,0.886707241078681
"1584","Cypermethrin","67375-30-8","Balbc_3T3",20,96,1.46775762235678e-06,1.07880940895318e-08,0.000146474279070725,7.36517985135315e-05
"1585","DEET","134-62-3","Balbc_3T3",20,96,4.73393839947804e-08,9.48837004229388e-05,0.000149751745236206,0.633606641934472
"1586","Dexamethasone","50-02-2","Balbc_3T3",20,96,7.20533601487455e-08,0.000106924357398661,0.000149816405461547,0.713702595314939
"1587","Digoxin","20830-75-5","Balbc_3T3",20,96,7.69369914896805e-08,0.000128889977584865,0.000149901480621107,0.859831250837668
"1588","Fenazaquin","120928-09-8","Balbc_3T3",20,96,9.87533888583661e-07,2.38421179489357e-07,0.000146776960478193,0.00162437741395237
"1589","Fenbuconazole","114369-43-6","Balbc_3T3",20,96,3.14196570503603e-07,3.78701062147452e-05,0.000149059062985627,0.25406107791243
"1590","Fluazinam","79622-59-6","Balbc_3T3",20,96,9.34776782456479e-07,1.04325126856279e-05,0.000147990116350454,0.0704946583116588
"1591","Furosemide","54-31-9","Balbc_3T3",20,96,6.86780074695563e-08,0.000102053313577071,0.000149792349051363,0.681298572479677
"1592","Glybenclamide","10238-21-8","Balbc_3T3",20,96,1.45956585818928e-06,1.44725849096696e-06,0.000147045413227334,0.00984225525436473
"1593","HC Red 3","1/4/2871","Balbc_3T3",20,96,1.61644786635488e-08,0.000133015609393554,0.000149917373724585,0.887259468925317
"1594","Hydralazine hydrochloride","304-20-1","Balbc_3T3",20,96,1.33628798298984e-08,0.000132923135954654,0.000149916256668165,0.88664924611128
"1595","Ketoconazole","65277-42-1","Balbc_3T3",20,96,1.32657365177222e-06,5.0439809232139e-06,0.00014750375357357,0.0341956106269398
"1596","Metformin","1115-70-4","Balbc_3T3",20,96,1.05492656598753e-08,0.000133040204726129,0.000149918298083118,0.887418056549494
"1597","Metoclopramide","364-62-5","Balbc_3T3",20,96,1.28952967354153e-07,7.11848930106672e-05,0.000149569869241508,0.475930702966158
"1598","Nitrofurantoin","67-20-9","Balbc_3T3",20,96,1.94610080076953e-08,0.000133036440055406,0.000149918180210375,0.887393642777152
"1599","Oxytetracycline hydrochloride","2058-46-0","Balbc_3T3",20,96,3.75992570932945e-08,0.000133042008196194,0.000149918338721077,0.887429845682309
"1600","Panthenol","16485-10-2 ","Balbc_3T3",20,96,1.67637326921879e-08,0.000133040284669245,0.000149918241269245,0.887418926095268
"1601","Paracetamol","103-90-2","Balbc_3T3",20,96,1.24675961560062e-08,0.000132981950295347,0.000149917478438065,0.887034331692588
"1602","Topiramate","97240-79-4","Balbc_3T3",20,96,2.77129578688879e-08,0.000133041765260679,0.000149918269281436,0.887428636271972
"1603","Trimellitic anhydride","552-30-7","Balbc_3T3",20,96,2.23593918688654e-08,0.000123511684290751,0.000149883623478298,0.824050562859754
"1604","Verapamil hydrochloride","152-11-4","Balbc_3T3",20,96,1.21114530116592e-06,3.73780087124505e-06,0.000147335703867136,0.025369280989866
"1605","Warfarin","129-06-6","Balbc_3T3",20,96,1.107516961004e-07,7.90380208495836e-05,0.000149640801265377,0.528184961462586
"1606","2,4-Dinitrophenol","51-28-5","FishRtgut",20,96,5.01735006904934e-09,0.000116785838128365,0.000149972195837617,0.778716597940694
"1607","Aldrin","309-00-2","FishRtgut",20,96,1.90546485846086e-07,1.5422158747035e-08,0.000149477788735411,0.000103173581021683
"1608","Azinphos-methyl","86-50-0","FishRtgut",20,96,2.29315213845984e-08,6.39837583858633e-05,0.000149927382920016,0.426764992089522
"1609","Chlorpyrifos","2921-88-2","FishRtgut",20,96,1.56107362808039e-07,1.09352820705394e-06,0.00014955455323211,0.00731190180052073
"1610","DDD-p,p'","50-29-3","FishRtgut",20,96,1.89713951983476e-07,4.86481882311756e-09,0.000149464823432917,3.25482525679428e-05
"1611","DDT-o,p'","789-02-6","FishRtgut",20,96,1.85835868058819e-07,1.30309253646303e-08,0.000149475755297872,8.7177518110964e-05
"1612","DDT-p,p'","72-54-8","FishRtgut",20,96,1.62499516865949e-07,4.46802071318883e-08,0.000149492236250137,0.000298879783008446
"1613","Diazinon","333-41-5","FishRtgut",20,96,7.50994562511103e-08,1.5459547616615e-05,0.000149753150720526,0.103233538274371
"1614","Dicofol","115-32-2","FishRtgut",20,96,1.66498872156946e-07,9.29284954304808e-07,0.000149550598127132,0.00621384980028518
"1615","Dieldrin","60-57-1","FishRtgut",20,96,1.73696830499988e-07,7.07894619641898e-07,0.000149543676488163,0.00473369811593425
"1616","Disulfoton","298-04-4","FishRtgut",20,96,8.07897272904811e-08,1.03445447134351e-05,0.00014970286420542,0.0691005129951323
"1617","Endosulfan I","115-29-7","FishRtgut",20,96,1.0223102591492e-07,1.49020748552395e-05,0.000149728953336162,0.0995270087928975
"1618","Endrin","72-20-8","FishRtgut",20,96,1.80764863863884e-07,3.02763155788892e-07,0.000149525303176191,0.00202482890425666
"1619","Ethion","563-12-2","FishRtgut",20,96,1.74071744767742e-07,8.1117650716215e-07,0.000149547233974011,0.00542421605272298
"1620","Heptachlor","76-44-8","FishRtgut",20,96,1.89241983627834e-07,4.72446587368709e-08,0.000149492319371825,0.000316034020579758
"1621","Heptachlor epoxide B","1024-57-3","FishRtgut",20,96,1.73893325231169e-07,1.03582520521311e-06,0.000149552143070434,0.00692618095566351
"1622","Lindane","58-89-9","FishRtgut",20,96,6.59369726297992e-08,1.81453440990415e-05,0.000149770107923269,0.121154643944957
"1623","Methoxychlor-o,p'","72-43-5","FishRtgut",20,96,1.56719272073627e-07,7.89396133203173e-07,0.00014954658664821,0.0052785967964627
"1624","Parathion","56-38-2","FishRtgut",20,96,7.31813710050911e-08,1.49040200525106e-05,0.000149748497752242,0.0995270087928975
"1625","Trifluralin","1582-09-8","FishRtgut",20,96,1.57393532997205e-07,3.87736269654676e-07,0.000149528371677702,0.0025930615394543
"1626","Eugenol F","97-53-0","FishRtgut",20,96,6.93151387151727e-09,9.04579352927453e-05,0.000149956695904653,0.603227049962887
"1627","Methyl-antranilate","134-20-3","FishRtgut",20,96,4.65072631191524e-09,0.000108715438157045,0.00014996916757389,0.724918594373616
"1628","Lilyfore","285977-85-7","FishRtgut",20,96,2.35049237266373e-08,3.75866230359605e-05,0.000149865175617923,0.250802915894126
"1629","Damascone beta","23726-91-2","FishRtgut",20,96,6.80414273803644e-08,5.84671466708365e-06,0.000149542055962217,0.0390974607742512
"1630","Veloutone","14595-54-1","FishRtgut",20,96,1.0360293200739e-07,4.57093807532424e-07,0.000149529530498561,0.00305687984178364
"1631","Verdox","82356-51-2","FishRtgut",20,96,NA,NA,NA,NA
"1632","Nirvanol","1506-02-1","FishRtgut",20,96,NA,NA,NA,NA
"1633","Cetalox","3738-00-9","FishRtgut",20,96,1.11765235736352e-07,3.28755623209353e-07,0.000149502212102361,0.00219900173105306
"1634","Tonalide","21145-77-7","FishRtgut",20,96,1.26289962140309e-07,1.43660984013122e-07,0.000149510883209318,0.000960873087827279
"1635","Caffeine","8/2/1958","FishRtgut",20,96,4.19158888873024e-09,0.000133069923672124,0.000149967072613288,0.887327607009203
"1636","Lamotrigine","84057-84-1","FishRtgut",20,96,1.49068552729763e-08,7.4179918649824e-05,0.000149941786009981,0.494724790358879
"1637","Diclofenac","15307-79-6","FishRtgut",20,96,6.45460234541669e-09,0.000132985356367831,0.000149978203800603,0.886697886745171
"1638","2,4-Dichlorophenoxyacetic","94-75-7","FishRtgut",20,96,1.72094151576293e-08,6.05838786971346e-05,0.000149922133600046,0.404102297921912
"1639","(S)-Naproxen","22204-53-1","FishRtgut",20,96,2.85310877515698e-08,4.0561574388898e-05,0.000149876089484571,0.270634058630638
"1640","Ibuprofen","15687-27-1","FishRtgut",20,96,4.72229998516367e-08,1.78320523258283e-05,0.000149770993526018,0.119062122150712
"1641","Torasemide","56211-40-6","FishRtgut",20,96,5.42563878468908e-08,3.15147804989108e-05,0.000149844278747466,0.210316875374488
"1642","Warfarin","81-81-2","FishRtgut",20,96,2.09564697518119e-08,6.68237063982785e-05,0.000149932009662195,0.445693394951725
"1643","di-n-butylphthalate","84-74-2","FishRtgut",20,96,1.16361987750297e-07,2.7978773838535e-06,0.000149581665017899,0.0187046813760143
"1644","hexachlorophene","70-30-4","FishRtgut",20,96,2.24107410119487e-07,8.18253327323545e-10,0.000149449232218911,5.47512566759111e-06
"1645","hexamethylenetetramine","100-97-0","FishRtgut",20,96,3.02282615389252e-09,0.000133093967135797,0.000149977332106086,0.887427221612754
"1646","Malathion","121-75-5","FishRtgut",20,96,1.52594800495777e-08,8.57282175548399e-05,0.000149953786502458,0.571697584665089
"1647","pentachlorophenol","87-86-5","FishRtgut",20,96,1.21452605090564e-07,7.07896118746752e-07,0.00014954399317605,0.00473369811593425
"1648","2,2,2-trichloroethanol","115-20-8","FishRtgut",20,96,3.65779198677758e-09,0.000124710384011826,0.000149935096231196,0.831762456866845
"1649","diethylphthalate","84-66-2","FishRtgut",20,96,1.11743710989832e-08,8.14002623410389e-05,0.000149949614615653,0.542850760568353
"1650","4-chlorophenol","106-48-9","FishRtgut",20,96,6.12697719324939e-09,8.41159899440524e-05,0.00014994942336587,0.560962410230902
"1651","permethrin","52645-53-1","FishRtgut",20,96,2.04321484744548e-07,1.5422162584307e-08,0.000149477825927801,0.000103173581021683
"1652","Aniline","62-53-3","FishRtgut",20,96,2.04663039645777e-09,0.000132897954750173,0.000149963232942222,0.886203585657395
"1653","4-fluoroaniline","371-40-4","FishRtgut",20,96,2.51161328236917e-09,0.000131481215829677,0.000149973035845111,0.876699035188351
"1654","2,4,6-trichlorophenol","6/2/1988","FishRtgut",20,96,4.34702900719044e-08,1.9109530650411e-05,0.000149778420194199,0.127585339901663
"1655","Allyl alcohol","107-18-6","FishRtgut",20,96,1.25490646350926e-09,0.000133034580944606,0.000149941847437574,0.887241175282923
"1656","N-methylaniline","100-61-8","FishRtgut",20,96,2.90436557415586e-09,0.000117093878749974,0.000149915680431109,0.781064918714642
"1657","3,4-dichloroaniline","95-76-1","FishRtgut",20,96,1.08789112099743e-08,6.73913812182134e-05,0.000149932210581053,0.449479007593112
"1658","4-decylaniline","37529-30-9","FishRtgut",20,96,1.20346385102273e-07,2.55444033290983e-08,0.000149484326298941,0.000170883489671112
"1659","naphthalene","91-20-3","FishRtgut",20,96,1.82732388235401e-08,3.45242368832468e-05,0.000149021472012093,0.231672902012705
"1660","1,2,4-trichlorobenzene","120-82-1","FishRtgut",20,96,5.18898583378804e-08,1.09188267727586e-05,0.000148860408209801,0.0733494345747718
"1661","1,2-dichlorobenzene","95-50-1","FishRtgut",20,96,2.40385134721705e-08,2.83239021707004e-05,0.000146837910697976,0.192892298971474
"1662","dichloromethane","9/2/1975","FishRtgut",20,96,1.70780470167384e-09,0.000111970541781098,0.000129980121058627,0.861443587443606
"1663","tetrachloroethylene","127-18-4","FishRtgut",20,96,2.23624968990023e-08,2.52528533586306e-05,0.000125324341980405,0.201499987628732
"1664","2,3-dimethyl-1,3-butadiene","513-81-5","FishRtgut",20,96,5.04655194912728e-09,2.63055605563082e-05,8.52435047468223e-05,0.308593137206608
"1665","cyclosporine A","59865-13-3","FishRtgut",20,96,1.07516083009811e-07,5.4413631829677e-05,0.00014991059764707,0.362973883659522
"1666","chlorpromazine","50-53-3","FishRtgut",20,96,1.50961764019959e-07,3.19890486831762e-07,0.000149526557698914,0.00213935565530701
"1667","PBDE 47","5436-43-1","FishRtgut",20,96,2.58551755421965e-07,6.44919116412229e-09,0.000149467638528171,4.31477423984777e-05
"1668","PBDE 99","60348-60-9","FishRtgut",20,96,3.08244283020899e-07,1.52665957435987e-09,0.000149454091306025,1.0214906537646e-05
"1669","PBDE 153","68631-49-2","FishRtgut",20,96,3.58921755779262e-07,2.9422522482109e-10,0.000149442232018072,1.96882247305775e-06
"1670","amiodarone","1951-25-3","FishRtgut",20,96,3.55820828840077e-07,7.51476590707388e-10,0.000149448604768654,5.02832791159658e-06
"1671","PFBS","375-73-5","FishRtgut",20,96,7.57540504972395e-09,0.000122386841399396,0.000149974755077451,0.816049616725112
"1672","4:2 FTS","757124-72-4","FishRtgut",20,96,9.3834541279996e-09,0.000113484887065196,0.000149971403451002,0.75671017576543
"1673","PFNA","375-95-1","FishRtgut",20,96,2.34667669237435e-07,5.1368802583059e-08,0.000149494337892641,0.000343617044679977
"1674","PFHxA","307-24-4","FishRtgut",20,96,1.05107573726567e-07,7.11913026960826e-06,0.000149665315708768,0.0475670013182032
"1675","PFBA","375-22-4","FishRtgut",20,96,5.97424709560776e-09,0.000114738810235922,0.000149655749500144,0.766684946078942
"1676","PFOA","335-67-1","FishRtgut",20,96,1.32175963032922e-07,8.25789511020452e-06,0.0001496807882729,0.0551700402268633
"1677","6:2 FTS","27619-97-2","FishRtgut",20,96,4.07758421386935e-08,5.16536226243096e-05,0.000149904766650408,0.344576251833077
"1678","8:2 FTS","39108-34-4","FishRtgut",20,96,1.74454710595642e-07,7.43030394256101e-06,0.000149669705946455,0.0496446752238507
"1679","PFUnDA","2058-94-8","FishRtgut",20,96,2.82308761916794e-07,7.17614576440718e-08,0.000149499532410333,0.000480011251454
"1680","PFOS","1763-23-1","FishRtgut",20,96,2.50298854967439e-07,7.17614576446494e-08,0.000149499532411536,0.000480011251454
"1681","PFHpA","375-85-9","FishRtgut",20,96,6.7890136074724e-08,2.4834044140857e-05,0.000149813519092158,0.165766376034331
"1682","PFPeA","2706-90-3","FishRtgut",20,96,1.17096147073167e-08,8.78502989986265e-05,0.000149955652371678,0.585841864639301
"1683","PFHxS","355-46-4","FishRtgut",20,96,2.75283805484286e-08,6.6255681246616e-05,0.00014993119725685,0.441907237845318
"1684","PFDA","335-76-2","FishRtgut",20,96,2.66608269083916e-07,2.04156841520376e-08,0.000149481387587214,0.000136576763713317
"1685","Azathioprine","446-86-6","FishRtgut",20,96,5.9895111823499e-09,0.000133071317211098,0.000149978038961916,0.887272017504434
"1686","Benzocaine","94-09-7","FishRtgut",20,96,5.01698044618372e-09,0.000109539479389288,0.000149969611247251,0.730411171158491
"1687","Butylated hydroxyanisole","25013-16-5","FishRtgut",20,96,NA,NA,NA,NA
"1688","Cetirizine dihydrochloride","83881-52-1","FishRtgut",20,96,8.47990786189879e-09,0.000132981027548371,0.000149978193819661,0.886669082761938
"1689","Cyclamate","139-05-9","FishRtgut",20,96,3.86571752782477e-09,0.000133091258186332,0.000149978329312789,0.887403258831899
"1690","Cyclophosphamide","6055-19-2","FishRtgut",20,96,5.68930081674262e-09,0.000132979972134226,0.000149970549436875,0.886707241078681
"1691","Cypermethrin","67375-30-8","FishRtgut",20,96,2.19073261962256e-07,1.1009011334104e-08,0.00014947376107973,7.36517985135315e-05
"1692","DEET","134-62-3","FishRtgut",20,96,7.42494704392794e-09,9.50159214975432e-05,0.000149960425300229,0.633606641934472
"1693","Dexamethasone","50-02-2","FishRtgut",20,96,1.24032021797879e-08,0.000107032833351477,0.00014996839587538,0.713702595314939
"1694","Digoxin","20830-75-5","FishRtgut",20,96,1.81706141191207e-08,0.000128954680593349,0.000149976731443197,0.859831250837668
"1695","Fenazaquin","120928-09-8","FishRtgut",20,96,1.4674664883341e-07,2.42878606510908e-07,0.000149521043831769,0.00162437741395237
"1696","Fenbuconazole","114369-43-6","FishRtgut",20,96,4.43730061984324e-08,3.80736212625633e-05,0.00014986011070805,0.25406107791243
"1697","Fluazinam","79622-59-6","FishRtgut",20,96,1.35879481984812e-07,1.05536032106556e-05,0.000149707842599901,0.0704946583116588
"1698","Furosemide","54-31-9","FishRtgut",20,96,1.13269720358915e-08,0.000102171452230415,0.000149965751224971,0.681298572479677
"1699","Glybenclamide","10238-21-8","FishRtgut",20,96,2.16042939624093e-07,1.4720339362789e-06,0.000149562666099937,0.00984225525436473
"1700","HC Red 3","1/4/2871","FishRtgut",20,96,4.26052447228169e-09,0.000133069171187404,0.000149977741402504,0.887259468925317
"1701","Hydralazine hydrochloride","304-20-1","FishRtgut",20,96,3.49393214807628e-09,0.000132977763725861,0.000149977868146939,0.88664924611128
"1702","Ketoconazole","65277-42-1","FishRtgut",20,96,1.9483143888488e-07,5.11680446117263e-06,0.000149633370112757,0.0341956106269398
"1703","Metformin","1115-70-4","FishRtgut",20,96,2.78522666928664e-09,0.000133093549006081,0.00014997840986421,0.887418056549494
"1704","Metoclopramide","364-62-5","FishRtgut",20,96,1.85069170350798e-08,7.13602254526508e-05,0.000149938268340139,0.475930702966158
"1705","Nitrofurantoin","67-20-9","FishRtgut",20,96,5.13698681485326e-09,0.000133089811891048,0.000149978324697634,0.887393642777153
"1706","Oxytetracycline hydrochloride","2058-46-0","FishRtgut",20,96,9.92784616091462e-09,0.000133095341897119,0.000149978437782637,0.887429845682309
"1707","Panthenol","16485-10-2 ","FishRtgut",20,96,4.4260070434068e-09,0.00013309362803153,0.00014997835195735,0.887418926095268
"1708","Paracetamol","103-90-2","FishRtgut",20,96,3.27684630044481e-09,0.000133035883269459,0.00014997827988868,0.887034331692588
"1709","Topiramate","97240-79-4","FishRtgut",20,96,7.31737622807418e-09,0.000133095099816771,0.000149978369388545,0.887428636271972
"1710","Trimellitic anhydride","552-30-7","FishRtgut",20,96,4.77500297417667e-09,0.000123587104191609,0.000149975146868072,0.824050562859754
"1711","Verapamil hydrochloride","152-11-4","FishRtgut",20,96,1.7844309064469e-07,3.79543152569406e-06,0.000149607374651658,0.025369280989866
"1712","Warfarin","129-06-6","FishRtgut",20,96,1.62003405996337e-08,7.91999921271557e-05,0.000149947457625156,0.528184961462586
"1713","2,4-Dinitrophenol","51-28-5","FishRtgill",20,96,2.63433612348083e-09,0.000116795917351013,0.000149985139214803,0.778716597940695
"1714","Aldrin","309-00-2","FishRtgill",20,96,1.00202595145836e-07,1.54477023068142e-08,0.000149725367229114,0.000103173581021683
"1715","Azinphos-methyl","86-50-0","FishRtgill",20,96,1.20418044104563e-08,6.39984039773835e-05,0.000149961700616621,0.426764992089522
"1716","Chlorpyrifos","2921-88-2","FishRtgill",20,96,8.20720890156104e-08,1.0950722842711e-06,0.000149765726365897,0.00731190180052073
"1717","DDD-p,p'","50-29-3","FishRtgill",20,96,9.97689050248816e-08,4.87307731859733e-09,0.000149718554273383,3.25482525679428e-05
"1718","DDT-o,p'","789-02-6","FishRtgill",20,96,9.77260633978091e-08,1.30525936586961e-08,0.000149724308990789,8.7177518110964e-05
"1719","DDT-p,p'","72-54-8","FishRtgill",20,96,8.54496380212778e-08,4.47521626644951e-08,0.000149732987002438,0.000298879783008446
"1720","Diazinon","333-41-5","FishRtgill",20,96,3.94580465127772e-08,1.54716369433195e-05,0.000149870257301455,0.103233538274371
"1721","Dicofol","115-32-2","FishRtgill",20,96,8.75364815494941e-08,9.30609309731211e-07,0.00014976372774387,0.00621384980028518
"1722","Dieldrin","60-57-1","FishRtgill",20,96,9.13227074234046e-08,7.08918308713632e-07,0.00014975993216114,0.00473369811593425
"1723","Disulfoton","298-04-4","FishRtgill",20,96,4.24541885725095e-08,1.03541983483898e-05,0.000149842568449806,0.0691005129951322
"1724","Endosulfan I","115-29-7","FishRtgill",20,96,5.37140205838851e-08,1.49139395814207e-05,0.000149848164456089,0.0995270087928975
"1725","Endrin","72-20-8","FishRtgill",20,96,9.50443838615956e-08,3.03218825488394e-07,0.000149750344264129,0.00202482890425666
"1726","Ethion","563-12-2","FishRtgill",20,96,9.15188761906512e-08,8.12341156904567e-07,0.000149761946981586,0.00542421605272298
"1727","Heptachlor","76-44-8","FishRtgill",20,96,9.95117811853293e-08,4.73206194450753e-08,0.000149732675483059,0.000316034020579758
"1728","Heptachlor epoxide B","1024-57-3","FishRtgill",20,96,9.14233067421007e-08,1.03729237276997e-06,0.000149763972297284,0.00692618095566351
"1729","Lindane","58-89-9","FishRtgill",20,96,3.46417815794296e-08,1.81583808465604e-05,0.000149877712114858,0.121154643944957
"1730","Methoxychlor-o,p'","72-43-5","FishRtgill",20,96,8.23959203373881e-08,7.9053116284431e-07,0.000149761611527909,0.0052785967964627
"1731","Parathion","56-38-2","FishRtgill",20,96,3.84508131656412e-08,1.49158878781085e-05,0.000149867740013633,0.0995270087928975
"1732","Trifluralin","1582-09-8","FishRtgill",20,96,8.27546242956249e-08,3.88313519864276e-07,0.000149750985063777,0.0025930615394543
"1733","Eugenol F","97-53-0","FishRtgill",20,96,3.63953130484812e-09,9.04700290716083e-05,0.000149976744373739,0.603227049962887
"1734","Methyl-antranilate","134-20-3","FishRtgill",20,96,2.44186922153909e-09,0.00010872603117688,0.000149983780276497,0.724918594373616
"1735","Lilyfore","285977-85-7","FishRtgill",20,96,1.23452985079748e-08,3.76025029748126e-05,0.000149928492022342,0.250802915894126
"1736","Damascone beta","23726-91-2","FishRtgill",20,96,3.57618190726254e-08,5.85327302703852e-06,0.000149709799846985,0.0390974607742513
"1737","Veloutone","14595-54-1","FishRtgill",20,96,5.44719050099974e-08,4.57769182178453e-07,0.000149750466446647,0.00305687984178364
"1738","Verdox","82356-51-2","FishRtgill",20,96,NA,NA,NA,NA
"1739","Nirvanol","1506-02-1","FishRtgill",20,96,NA,NA,NA,NA
"1740","Cetalox","3738-00-9","FishRtgill",20,96,5.87647313485308e-08,3.29248574349515e-07,0.000149726382521693,0.00219900173105306
"1741","Tonalide","21145-77-7","FishRtgill",20,96,6.64050032297318e-08,1.43883668612425e-07,0.000149742635562594,0.000960873087827279
"1742","Caffeine","8/2/1958","FishRtgill",20,96,2.20073459221344e-09,0.000133079019950928,0.000149977323932792,0.887327607009203
"1743","Lamotrigine","84057-84-1","FishRtgill",20,96,7.82754186825426e-09,7.41935947470786e-05,0.000149969429858685,0.494724790358879
"1744","Diclofenac","15307-79-6","FishRtgill",20,96,3.38890012523269e-09,0.000132994535336796,0.000149988555656745,0.886697886745171
"1745","2,4-Dichlorophenoxyacetic","94-75-7","FishRtgill",20,96,9.03717103423607e-09,6.05988190809163e-05,0.000149959105386296,0.404102297921912
"1746","(S)-Naproxen","22204-53-1","FishRtgill",20,96,1.49847007029906e-08,4.05774960149788e-05,0.000149934920313777,0.270634058630638
"1747","Ibuprofen","15687-27-1","FishRtgill",20,96,2.48100605921095e-08,1.78449887746558e-05,0.00014987964645941,0.119062122150712
"1748","Torasemide","56211-40-6","FishRtgill",20,96,2.84986567974963e-08,3.15303286463266e-05,0.000149918205993618,0.210316875374488
"1749","Warfarin","81-81-2","FishRtgill",20,96,1.10045151317623e-08,6.68380920231967e-05,0.000149964286615547,0.445693394951725
"1750","di-n-butylphthalate","84-74-2","FishRtgill",20,96,6.11710246586716e-08,2.80158625597632e-06,0.000149779950786486,0.0187046813760143
"1751","hexachlorophene","70-30-4","FishRtgill",20,96,1.17861953106281e-07,8.19682934668707e-10,0.000149710341722502,5.47512566759111e-06
"1752","hexamethylenetetramine","100-97-0","FishRtgill",20,96,1.58709209868309e-09,0.000133103055516507,0.000149987573374878,0.887427221612754
"1753","Malathion","121-75-5","FishRtgill",20,96,8.01239899792206e-09,8.57407588373613e-05,0.000149975723419559,0.571697584665089
"1754","pentachlorophenol","87-86-5","FishRtgill",20,96,6.38548252255067e-08,7.08919812115103e-07,0.000149760249756694,0.00473369811593425
"1755","2,2,2-trichloroethanol","115-20-8","FishRtgill",20,96,1.9204896889575e-09,0.00012472005357925,0.000149946721626577,0.831762456866845
"1756","diethylphthalate","84-66-2","FishRtgill",20,96,5.8674790590111e-09,8.14132251216512e-05,0.000149973493702787,0.542850760568353
"1757","4-chlorophenol","106-48-9","FishRtgill",20,96,3.21714855399126e-09,8.41286865271087e-05,0.00014997205693779,0.560962410230902
"1758","permethrin","52645-53-1","FishRtgill",20,96,1.07446447689559e-07,1.54477061568076e-08,0.000149725404544804,0.000103173581021683
"1759","Aniline","62-53-3","FishRtgill",20,96,1.07455573739202e-09,0.000132907203876024,0.000149973669738012,0.886203585657395
"1760","4-fluoroaniline","371-40-4","FishRtgill",20,96,1.31869135891079e-09,0.000131490627304526,0.000149983770971388,0.876699035188351
"1761","2,4,6-trichlorophenol","6/2/1988","FishRtgill",20,96,2.28378240994217e-08,1.9122862507866e-05,0.000149882913841082,0.127585339901663
"1762","Allyl alcohol","107-18-6","FishRtgill",20,96,6.58870973712616e-10,0.00013304368387791,0.000149952107255938,0.887241175282923
"1763","N-methylaniline","100-61-8","FishRtgill",20,96,1.52492281729095e-09,0.000117103930297416,0.000149928549460559,0.781064918714642
"1764","3,4-dichloroaniline","95-76-1","FishRtgill",20,96,5.71264304947346e-09,6.7405713517443e-05,0.000149964097051806,0.449479007593112
"1765","4-decylaniline","37529-30-9","FishRtgill",20,96,6.32851890332873e-08,2.55861823875063e-08,0.000149728814859471,0.000170883489671112
"1766","naphthalene","91-20-3","FishRtgill",20,96,9.59778351958318e-09,3.45398306738046e-05,0.000149088781526596,0.231672902012705
"1767","1,2,4-trichlorobenzene","120-82-1","FishRtgill",20,96,2.72668680173597e-08,1.09287236302051e-05,0.00014899533573179,0.0733494345747718
"1768","1,2-dichlorobenzene","95-50-1","FishRtgill",20,96,1.26267581686175e-08,2.83385769190013e-05,0.000146913988117235,0.192892298971474
"1769","dichloromethane","9/2/1975","FishRtgill",20,96,8.96654564235714e-10,0.000111977672131408,0.000129988398269594,0.861443587443606
"1770","tetrachloroethylene","127-18-4","FishRtgill",20,96,1.17453264921339e-08,2.52636417203466e-05,0.000125377882240347,0.201499987628732
"1771","2,3-dimethyl-1,3-butadiene","513-81-5","FishRtgill",20,96,2.64995533535963e-09,2.63106794306196e-05,8.52600925243657e-05,0.308593137206608
"1772","cyclosporine A","59865-13-3","FishRtgill",20,96,5.6461928360774e-08,5.44290410851975e-05,0.000149953050441098,0.362973883659522
"1773","chlorpromazine","50-53-3","FishRtgill",20,96,7.93739261561287e-08,3.20370797449716e-07,0.000149751069512442,0.00213935565530701
"1774","PBDE 47","5436-43-1","FishRtgill",20,96,1.35968832559952e-07,6.46007893807274e-09,0.000149719975576304,4.31477423984777e-05
"1775","PBDE 99","60348-60-9","FishRtgill",20,96,1.62108464616454e-07,1.529303083695e-09,0.000149712880686563,1.0214906537646e-05
"1776","PBDE 153","68631-49-2","FishRtgill",20,96,1.88767291649373e-07,2.94745756488775e-10,0.000149706619323077,1.96882247305775e-06
"1777","amiodarone","1951-25-3","FishRtgill",20,96,1.87132684670267e-07,7.52791027649948e-10,0.000149710011137862,5.02832791159658e-06
"1778","PFBS","375-73-5","FishRtgill",20,96,3.97740558885321e-09,0.000122396625291573,0.000149986744412384,0.816049616725112
"1779","4:2 FTS","757124-72-4","FishRtgill",20,96,4.92675953961373e-09,0.000113495164152234,0.000149984984723419,0.75671017576543
"1780","PFNA","375-95-1","FishRtgill",20,96,1.23398119232909e-07,5.14511894860416e-08,0.000149734101618737,0.000343617044679977
"1781","PFHxA","307-24-4","FishRtgill",20,96,5.52400214193533e-08,7.12668336579178e-06,0.000149824104280135,0.0475670013182032
"1782","PFBA","375-22-4","FishRtgill",20,96,3.13675697513443e-09,0.000114748952602869,0.000149668978359011,0.766684946078942
"1783","PFOA","335-67-1","FishRtgill",20,96,6.94625959455136e-08,8.26625094145208e-06,0.000149832244230032,0.0551700402268633
"1784","6:2 FTS","27619-97-2","FishRtgill",20,96,2.14137748886685e-08,5.16692045395271e-05,0.000149949987164401,0.344576251833077
"1785","8:2 FTS","39108-34-4","FishRtgill",20,96,9.16846188607389e-08,7.43808366589733e-06,0.00014982641405868,0.0496446752238507
"1786","PFUnDA","2058-94-8","FishRtgill",20,96,1.48447361467471e-07,7.18753667336749e-08,0.000149736837451117,0.000480011251454
"1787","PFOS","1763-23-1","FishRtgill",20,96,1.31615484924998e-07,7.18753667342714e-08,0.00014973683745236,0.000480011251454
"1788","PFHpA","375-85-9","FishRtgill",20,96,3.56633814494029e-08,2.48487178546085e-05,0.000149902039539444,0.165766376034331
"1789","PFPeA","2706-90-3","FishRtgill",20,96,6.14841114050582e-09,8.78626375172046e-05,0.000149976713547607,0.585841864639301
"1790","PFHxS","355-46-4","FishRtgill",20,96,1.44555492632347e-08,6.62701197229435e-05,0.000149963870349958,0.441907237845318
"1791","PFDA","335-76-2","FishRtgill",20,96,1.40199587215256e-07,2.04492674244334e-08,0.000149727280603586,0.000136576763713317
"1792","Azathioprine","446-86-6","FishRtgill",20,96,3.14470849376327e-09,0.000133080420968535,0.000149988299352481,0.887272017504434
"1793","Benzocaine","94-09-7","FishRtgill",20,96,2.63416807466703e-09,0.000109550015333151,0.000149984035922391,0.730411171158491
"1794","Butylated hydroxyanisole","25013-16-5","FishRtgill",20,96,NA,NA,NA,NA
"1795","Cetirizine dihydrochloride","83881-52-1","FishRtgill",20,96,4.45225905812645e-09,0.000132990210586383,0.000149988550601227,0.886669082761938
"1796","Cyclamate","139-05-9","FishRtgill",20,96,2.02964031914566e-09,0.000133100348455106,0.000149988572985756,0.887403258831899
"1797","Cyclophosphamide","6055-19-2","FishRtgill",20,96,2.98708904833683e-09,0.000132989148848634,0.000149980898641194,0.886707241078681
"1798","Cypermethrin","67375-30-8","FishRtgill",20,96,1.15205443559115e-07,1.10273876291649e-08,0.00014972326340597,7.36517985135315e-05
"1799","DEET","134-62-3","FishRtgill",20,96,3.89857644010276e-09,9.50276029979762e-05,0.000149978861818503,0.633606641934472
"1800","Dexamethasone","50-02-2","FishRtgill",20,96,6.5123328888738e-09,0.000107043546108646,0.000149983405989172,0.713702595314939
"1801","Digoxin","20830-75-5","FishRtgill",20,96,9.54027534758601e-09,0.000128964182776532,0.000149987782661879,0.859831250837668
"1802","Fenazaquin","120928-09-8","FishRtgill",20,96,7.71590128870336e-08,2.43247524819645e-07,0.000149748157497329,0.00162437741395237
"1803","Fenbuconazole","114369-43-6","FishRtgill",20,96,2.33055508607157e-08,3.80895114397659e-05,0.00014992265542105,0.25406107791243
"1804","Fluazinam","79622-59-6","FishRtgill",20,96,7.14027874069682e-08,1.05633760772431e-05,0.000149846475325012,0.0704946583116588
"1805","Furosemide","54-31-9","FishRtgill",20,96,5.94730530395515e-09,0.000102182533923675,0.000149982016770956,0.681298572479676
"1806","Glybenclamide","10238-21-8","FishRtgill",20,96,1.13579838959952e-07,1.47407536947937e-06,0.000149770081285554,0.00984225525436473
"1807","HC Red 3","1/4/2871","FishRtgill",20,96,2.23692839769301e-09,0.000133078276349777,0.000149988003521638,0.887259468925317
"1808","Hydralazine hydrochloride","304-20-1","FishRtgill",20,96,1.83444108815036e-09,0.00013298694953785,0.000149988228288822,0.88664924611128
"1809","Ketoconazole","65277-42-1","FishRtgill",20,96,1.02405393449177e-07,5.12275174447685e-06,0.000149807289606961,0.0341956106269398
"1810","Metformin","1115-70-4","FishRtgill",20,96,1.46234385972074e-09,0.000133102638119495,0.00014998865206443,0.887418056549494
"1811","Metoclopramide","364-62-5","FishRtgill",20,96,9.71803113494532e-09,7.13741777562551e-05,0.00014996758417019,0.475930702966158
"1812","Nitrofurantoin","67-20-9","FishRtgill",20,96,2.69710229890982e-09,0.000133098902991489,0.000149988569418806,0.887393642777153
"1813","Oxytetracycline hydrochloride","2058-46-0","FishRtgill",20,96,5.21247514249924e-09,0.000133104430273142,0.000149988679015865,0.887429845682309
"1814","Panthenol","16485-10-2 ","FishRtgill",20,96,2.323812381499e-09,0.000133102717075543,0.000149988594069329,0.887418926095268
"1815","Paracetamol","103-90-2","FishRtgill",20,96,1.72046241231027e-09,0.0001330450164102,0.000149988576153903,0.887034331692588
"1816","Topiramate","97240-79-4","FishRtgill",20,96,3.84188484579388e-09,0.000133104188245497,0.000149988610695119,0.887428636271972
"1817","Trimellitic anhydride","552-30-7","FishRtgill",20,96,2.50707387091951e-09,0.00012359683139846,0.000149986951006421,0.824050562859754
"1818","Verapamil hydrochloride","152-11-4","FishRtgill",20,96,9.37992154255922e-08,3.80015513523324e-06,0.000149793568716088,0.025369280989866
"1819","Warfarin","129-06-6","FishRtgill",20,96,8.50659417321104e-09,7.92131719058346e-05,0.000149972410586032,0.528184961462586
"1820","2,4-Dinitrophenol","51-28-5","Default",20,96,2.94607845460836e-08,0.000116682451902484,0.000149839430944517,0.778716597940694
"1821","Aldrin","309-00-2","Default",20,96,5.75778220314445e-07,1.53132394857477e-08,0.000148422099282659,0.000103173581021683
"1822","Azinphos-methyl","86-50-0","Default",20,96,1.07921508159818e-07,6.38694552651321e-05,0.000149659546703714,0.426764992089522
"1823","Chlorpyrifos","2921-88-2","Default",20,96,4.81590821405492e-07,1.0867399351028e-06,0.000148626166591215,0.00731190180052073
"1824","DDD-p,p'","50-29-3","Default",20,96,5.71479264962252e-07,4.82976623025566e-09,0.000148387881044421,3.25482525679428e-05
"1825","DDT-o,p'","789-02-6","Default",20,96,5.61262482257384e-07,1.29385990417085e-08,0.000148416694144006,8.7177518110964e-05
"1826","DDT-p,p'","72-54-8","Default",20,96,4.92796803207873e-07,4.43717482812852e-08,0.000148460186348674,0.000298879783008446
"1827","Diazinon","333-41-5","Default",20,96,2.57106994500095e-07,1.53978118847276e-05,0.000149155130610789,0.103233538274371
"1828","Dicofol","115-32-2","Default",20,96,5.13037066672753e-07,9.23472823620556e-07,0.000148615247117523,0.00621384980028518
"1829","Dieldrin","60-57-1","Default",20,96,5.34203653948062e-07,7.03414488312439e-07,0.000148597242807828,0.00473369811593425
"1830","Disulfoton","298-04-4","Default",20,96,2.67011882676259e-07,1.02976503503886e-05,0.000149024224337003,0.0691005129951323
"1831","Endosulfan I","115-29-7","Default",20,96,3.48684396866663e-07,1.48418052260513e-05,0.000149123392796172,0.0995270087928974
"1832","Endrin","72-20-8","Default",20,96,5.53045966038028e-07,3.00784197893924e-07,0.000148547957440555,0.00202482890425666
"1833","Ethion","563-12-2","Default",20,96,5.3585642792143e-07,8.06072475669815e-07,0.000148606262699503,0.00542421605272298
"1834","Heptachlor","76-44-8","Default",20,96,5.74017280998459e-07,4.69189289005463e-08,0.000148461639713581,0.000316034020579758
"1835","Heptachlor epoxide B","1024-57-3","Default",20,96,5.36244964801564e-07,1.02937885542253e-06,0.000148621420955051,0.00692618095566351
"1836","Lindane","58-89-9","Default",20,96,2.2982852071046e-07,1.80770712182744e-05,0.000149206589443548,0.121154643944957
"1837","Methoxychlor-o,p'","72-43-5","Default",20,96,4.82348103044866e-07,7.8442329019227e-07,0.000148604509955738,0.0052785967964627
"1838","Parathion","56-38-2","Default",20,96,2.49603175878039e-07,1.48437347209994e-05,0.000149142779442787,0.0995270087928975
"1839","Trifluralin","1582-09-8","Default",20,96,4.82227270465524e-07,3.85224036459092e-07,0.000148559542686427,0.0025930615394543
"1840","Eugenol F","97-53-0","Default",20,96,3.79183638204657e-08,9.03440986898476e-05,0.000149767983208654,0.603227049962887
"1841","Methyl-antranilate","134-20-3","Default",20,96,2.70682695030388e-08,0.000108607930305755,0.000149820864230418,0.724918594373616
"1842","Lilyfore","285977-85-7","Default",20,96,9.30815343808764e-08,3.74876168154239e-05,0.000149470418562633,0.250802915894126
"1843","Damascone beta","23726-91-2","Default",20,96,2.17460035383788e-07,5.81635676928994e-06,0.00014876558871364,0.0390974607742512
"1844","Veloutone","14595-54-1","Default",20,96,3.17736115900213e-07,4.54150247581362e-07,0.00014856660094182,0.00305687984178364
"1845","Verdox","82356-51-2","Default",20,96,NA,NA,NA,NA
"1846","Nirvanol","1506-02-1","Default",20,96,NA,NA,NA,NA
"1847","Cetalox","3738-00-9","Default",20,96,3.4210294844276e-07,3.2661328054595e-07,0.00014852797791548,0.00219900173105306
"1848","Tonalide","21145-77-7","Default",20,96,3.84892808836885e-07,1.42699359058404e-07,0.000148510100726283,0.000960873087827279
"1849","Caffeine","8/2/1958","Default",20,96,2.43186785680414e-08,0.000132977962336955,0.000149863434076131,0.887327607009203
"1850","Lamotrigine","84057-84-1","Default",20,96,7.47185756612953e-08,7.40643720061733e-05,0.000149708228594015,0.494724790358879
"1851","Diclofenac","15307-79-6","Default",20,96,3.72622783970323e-08,0.000132893115607945,0.000149874176531265,0.886697886745171
"1852","2,4-Dichlorophenoxyacetic","94-75-7","Default",20,96,7.9246225987368e-08,6.04704638576135e-05,0.000149641474865601,0.404102297921912
"1853","(S)-Naproxen","22204-53-1","Default",20,96,1.15218344404873e-07,4.04596872888398e-05,0.000149499613956791,0.270634058630638
"1854","Ibuprofen","15687-27-1","Default",20,96,1.64256674373499e-07,1.7764502053082e-05,0.000149203640353355,0.119062122150712
"1855","Torasemide","56211-40-6","Default",20,96,2.06467323284234e-07,3.14229013631095e-05,0.000149407418245247,0.210316875374488
"1856","Warfarin","81-81-2","Default",20,96,1.00412968243727e-07,6.67088514344042e-05,0.000149674310164793,0.445693394951725
"1857","di-n-butylphthalate","84-74-2","Default",20,96,3.61823948398134e-07,2.7813821647735e-06,0.000148699788510708,0.0187046813760143
"1858","hexachlorophene","70-30-4","Default",20,96,6.72664217955723e-07,8.12217680009965e-10,0.000148346856185918,5.47512566759111e-06
"1859","hexamethylenetetramine","100-97-0","Default",20,96,1.75482084126384e-08,0.000133002019603144,0.000149873720755867,0.887427221612754
"1860","Malathion","121-75-5","Default",20,96,8.15691913276285e-08,8.56134666892571e-05,0.000149753066981053,0.571697584665089
"1861","pentachlorophenol","87-86-5","Default",20,96,3.73526818874178e-07,7.03415968435617e-07,0.000148597555485811,0.00473369811593425
"1862","2,2,2-trichloroethanol","115-20-8","Default",20,96,2.13557190764658e-08,0.000124611879969385,0.00014981666813718,0.831762456866845
"1863","diethylphthalate","84-66-2","Default",20,96,5.8376433730681e-08,8.12849651052863e-05,0.000149737222473784,0.542850760568353
"1864","4-chlorophenol","106-48-9","Default",20,96,3.24789923930331e-08,8.40010070388589e-05,0.000149744449016259,0.560962410230902
"1865","permethrin","52645-53-1","Default",20,96,6.17402415631339e-07,1.53132432690026e-08,0.000148422135951493,0.000103173581021683
"1866","Aniline","62-53-3","Default",20,96,1.17646435955388e-08,0.000132805489499406,0.000149858894331701,0.886203585657395
"1867","4-fluoroaniline","371-40-4","Default",20,96,1.44084810727634e-08,0.00013138735631561,0.000149865975713528,0.876699035188351
"1868","2,4,6-trichlorophenol","6/2/1988","Default",20,96,1.52490719251343e-07,1.903908610009e-05,0.000149226283480253,0.127585339901663
"1869","Allyl alcohol","107-18-6","Default",20,96,7.27625115370979e-09,0.00013294262014688,0.000149838199410085,0.887241175282923
"1870","N-methylaniline","100-61-8","Default",20,96,1.70549382969142e-08,0.000116990768162481,0.000149783667604745,0.781064918714642
"1871","3,4-dichloroaniline","95-76-1","Default",20,96,5.23121548217814e-08,6.72764368085985e-05,0.000149676482487698,0.449479007593112
"1872","4-decylaniline","37529-30-9","Default",20,96,3.64238703347448e-07,2.53658302863887e-08,0.000148439327492718,0.000170883489671112
"1873","naphthalene","91-20-3","Default",20,96,7.10137879071996e-08,3.44294378145106e-05,0.000148612278412356,0.231672902012705
"1874","1,2,4-trichlorobenzene","120-82-1","Default",20,96,1.72274881520847e-07,1.08704397423489e-05,0.00014820072990839,0.0733494345747718
"1875","1,2-dichlorobenzene","95-50-1","Default",20,96,8.99297623515298e-08,2.82391704651731e-05,0.000146398641188622,0.192892298971474
"1876","dichloromethane","9/2/1975","Default",20,96,9.87053899514305e-09,0.000111898787919286,0.000129896826153589,0.861443587443606
"1877","tetrachloroethylene","127-18-4","Default",20,96,8.44057032878489e-08,2.51898097679761e-05,0.000125011470543556,0.201499987628732
"1878","2,3-dimethyl-1,3-butadiene","513-81-5","Default",20,96,2.11798109197182e-08,2.62711016391738e-05,8.51318401860146e-05,0.308593137206608
"1879","cyclosporine A","59865-13-3","Default",20,96,4.75622046614512e-07,5.43025294347629e-05,0.000149604508421603,0.362973883659522
"1880","chlorpromazine","50-53-3","Default",20,96,4.62007176909177e-07,3.17803562275938e-07,0.000148551065591912,0.00213935565530701
"1881","PBDE 47","5436-43-1","Default",20,96,7.79382735485435e-07,6.40293113177299e-09,0.000148395507524836,4.31477423984777e-05
"1882","PBDE 99","60348-60-9","Default",20,96,9.2623286522769e-07,1.51548053144096e-09,0.000148359706068363,1.0214906537646e-05
"1883","PBDE 153","68631-49-2","Default",20,96,1.07564742665089e-06,2.92032638157908e-10,0.00014832857820053,1.96882247305775e-06
"1884","amiodarone","1951-25-3","Default",20,96,1.06785459640584e-06,7.45928343715468e-10,0.000148345206762505,5.02832791159658e-06
"1885","PFBS","375-73-5","Default",20,96,4.43748394717293e-08,0.000122286774208604,0.000149852131172309,0.816049616725112
"1886","4:2 FTS","757124-72-4","Default",20,96,5.49897356893252e-08,0.000113379719498586,0.000149832423468998,0.75671017576543
"1887","PFNA","375-95-1","Default",20,96,7.12032992463257e-07,5.10153487354816e-08,0.000148465710666344,0.000343617044679977
"1888","PFHxA","307-24-4","Default",20,96,3.39260307575114e-07,7.0836647592851e-06,0.000148919725082066,0.0475670013182032
"1889","PFBA","375-22-4","Default",20,96,3.50523281758656e-08,0.00011463487310974,0.000149520182567842,0.766684946078942
"1890","PFOA","335-67-1","Default",20,96,4.30294175024977e-07,8.21817430528499e-06,0.000148960817709961,0.0551700402268633
"1891","6:2 FTS","27619-97-2","Default",20,96,1.77145566788968e-07,5.1543877036577e-05,0.000149586272305111,0.344576251833077
"1892","8:2 FTS","39108-34-4","Default",20,96,5.64427523804393e-07,7.39364963238627e-06,0.00014893137278163,0.0496446752238507
"1893","PFUnDA","2058-94-8","Default",20,96,8.57733865082439e-07,7.12718008094034e-08,0.000148479437916329,0.000480011251454
"1894","PFOS","1763-23-1","Default",20,96,7.60478714295095e-07,7.12718008099085e-08,0.000148479437917381,0.000480011251454
"1895","PFHpA","375-85-9","Default",20,96,2.4729222641534e-07,2.47523575103876e-05,0.00014932073742905,0.165766376034331
"1896","PFPeA","2706-90-3","Default",20,96,6.32633437064188e-08,8.77359178872954e-05,0.000149760410074677,0.585841864639301
"1897","PFHxS","355-46-4","Default",20,96,1.31432202163278e-07,6.61409231785484e-05,0.000149671509118164,0.441907237845318
"1898","PFDA","335-76-2","Default",20,96,8.06320060721272e-07,2.02722977338889e-08,0.000148431528048517,0.000136576763713317
"1899","Azathioprine","446-86-6","Default",20,96,3.47363773049021e-08,0.000132979323310328,0.000149874357228519,0.887272017504434
"1900","Benzocaine","94-09-7","Default",20,96,2.92440134355008e-08,0.000109432356116438,0.000149822949644745,0.730411171158491
"1901","Butylated hydroxyanisole","25013-16-5","Default",20,96,NA,NA,NA,NA
"1902","Cetirizine dihydrochloride","83881-52-1","Default",20,96,4.89423590284607e-08,0.00013288877317238,0.000149874147814467,0.886669082761938
"1903","Cyclamate","139-05-9","Default",20,96,2.24386919333909e-08,0.000132999304902195,0.000149874708683473,0.887403258831899
"1904","Cyclophosphamide","6055-19-2","Default",20,96,3.28468117900032e-08,0.000132887745194364,0.000149866538850755,0.886707241078681
"1905","Cypermethrin","67375-30-8","Default",20,96,6.61325362345931e-07,1.09307680898404e-08,0.000148411421179785,7.36517985135315e-05
"1906","DEET","134-62-3","Default",20,96,4.14351595649608e-08,9.49032588323441e-05,0.00014978261361433,0.633606641934472
"1907","Dexamethasone","50-02-2","Default",20,96,7.19388292667332e-08,0.000106924565677178,0.00014981669728971,0.713702595314939
"1908","Digoxin","20830-75-5","Default",20,96,1.05082428491256e-07,0.00012885898887107,0.000149865440161116,0.859831250837668
"1909","Fenazaquin","120928-09-8","Default",20,96,4.4842733123454e-07,2.41279248708148e-07,0.00014853644641677,0.00162437741395237
"1910","Fenbuconazole","114369-43-6","Default",20,96,1.76286445568783e-07,3.79741252451963e-05,0.000149468488275427,0.25406107791243
"1911","Fluazinam","79622-59-6","Default",20,96,4.49750356164484e-07,1.05060291490418e-05,0.000149032982082052,0.0704946583116588
"1912","Furosemide","54-31-9","Default",20,96,6.4856401850963e-08,0.000102061185786141,0.000149803903763773,0.681298572479676
"1913","Glybenclamide","10238-21-8","Default",20,96,6.68026048960217e-07,1.463028808506e-06,0.000148647720537139,0.00984225525436473
"1914","HC Red 3","1/4/2871","Default",20,96,2.47068314397012e-08,0.000132977173111706,0.000149874053497308,0.887259468925317
"1915","Hydralazine hydrochloride","304-20-1","Default",20,96,2.01620610133787e-08,0.000132885500319522,0.000149873809629162,0.88664924611128
"1916","Ketoconazole","65277-42-1","Default",20,96,6.18981246884753e-07,5.08951194750821e-06,0.000148835240962143,0.0341956106269398
"1917","Metformin","1115-70-4","Default",20,96,1.61682084168481e-08,0.000133001598730483,0.000149874794352987,0.887418056549494
"1918","Metoclopramide","364-62-5","Default",20,96,9.1200846435506e-08,7.12448242768774e-05,0.000149695793595278,0.475930702966158
"1919","Nitrofurantoin","67-20-9","Default",20,96,2.98161858579661e-08,0.00013299785627765,0.000149874700320621,0.887393642777153
"1920","Oxytetracycline hydrochloride","2058-46-0","Default",20,96,5.7634044528921e-08,0.000133003393274684,0.000149874825510769,0.887429845682309
"1921","Panthenol","16485-10-2 ","Default",20,96,2.56930290704022e-08,0.000133001677983928,0.000149874736804576,0.887418926095268
"1922","Paracetamol","103-90-2","Default",20,96,1.8969760427659e-08,0.000132943794425277,0.000149874463338529,0.887034331692588
"1923","Topiramate","97240-79-4","Default",20,96,4.24793107682303e-08,0.000133003151168134,0.000149874756945946,0.887428636271972
"1924","Trimellitic anhydride","552-30-7","Default",20,96,2.7928664643717e-08,0.000123487797535117,0.00014985463647591,0.824050562859754
"1925","Verapamil hydrochloride","152-11-4","Default",20,96,5.60528606976505e-07,3.77410898149429e-06,0.000148766887914636,0.025369280989866
"1926","Warfarin","129-06-6","Default",20,96,8.36029114488337e-08,7.90845280978914e-05,0.000149728852330252,0.528184961462586
"1927","2,4-Dinitrophenol","51-28-5","MCF7",20,96,3.05569460375925e-08,0.000116677815565503,0.000149833477126411,0.778716597940694
"1928","Aldrin","309-00-2","MCF7",20,96,1.90332733040655e-07,1.54222191827736e-08,0.000149478374502989,0.000103173581021683
"1929","Azinphos-methyl","86-50-0","MCF7",20,96,4.63614492528356e-08,6.39522474518656e-05,0.00014985354618415,0.426764992089522
"1930","Chlorpyrifos","2921-88-2","MCF7",20,96,1.56132647620038e-07,1.09352767975827e-06,0.000149554481117401,0.00731190180052072
"1931","DDD-p,p'","50-29-3","MCF7",20,96,1.89542363597669e-07,4.8648345778973e-09,0.000149465307476713,3.25482525679428e-05
"1932","DDT-o,p'","789-02-6","MCF7",20,96,1.85633605787428e-07,1.30309751055787e-08,0.000149476325868697,8.7177518110964e-05
"1933","DDT-p,p'","72-54-8","MCF7",20,96,1.6228305473085e-07,4.46804092825739e-08,0.000149492912611327,0.000298879783008446
"1934","Diazinon","333-41-5","MCF7",20,96,7.98883566596955e-08,1.54579232542768e-05,0.000149737415888946,0.103233538274371
"1935","Dicofol","115-32-2","MCF7",20,96,1.66463916168928e-07,9.2928554058579e-07,0.000149550692477816,0.00621384980028518
"1936","Dieldrin","60-57-1","MCF7",20,96,1.7357883952657e-07,7.07896085948388e-07,0.000149543986247352,0.00473369811593425
"1937","Disulfoton","298-04-4","MCF7",20,96,8.35158281743072e-08,1.0343858228314e-05,0.000149692929617507,0.0691005129951322
"1938","Endosulfan I","115-29-7","MCF7",20,96,1.08373910932847e-07,1.49005726261081e-05,0.000149713859653054,0.0995270087928974
"1939","Endrin","72-20-8","MCF7",20,96,1.80518130514806e-07,3.02764467359041e-07,0.000149525950919882,0.00202482890425666
"1940","Ethion","563-12-2","MCF7",20,96,1.73990687806283e-07,8.11177650693067e-07,0.000149547444793585,0.00542421605272298
"1941","Heptachlor","76-44-8","MCF7",20,96,1.88987957226149e-07,4.72448737823385e-08,0.000149492999822199,0.000316034020579757
"1942","Heptachlor epoxide B","1024-57-3","MCF7",20,96,1.73898436280737e-07,1.03582511427383e-06,0.000149552129940648,0.00692618095566351
"1943","Lindane","58-89-9","MCF7",20,96,7.1414662483743e-08,1.81430622381257e-05,0.000149751273639733,0.121154643944957
"1944","Methoxychlor-o,p'","72-43-5","MCF7",20,96,1.56639102776564e-07,7.8939735752404e-07,0.000149546818588802,0.0052785967964627
"1945","Parathion","56-38-2","MCF7",20,96,7.75787116296021e-08,1.49025174314999e-05,0.000149733400131718,0.0995270087928975
"1946","Trifluralin","1582-09-8","MCF7",20,96,1.57196560696822e-07,3.87737793015239e-07,0.000149528959153371,0.0025930615394543
"1947","Eugenol F","97-53-0","MCF7",20,96,2.43830129404677e-08,9.03938236011107e-05,0.000149850414709805,0.603227049962887
"1948","Methyl-antranilate","134-20-3","MCF7",20,96,2.41146722329547e-08,0.000108622094877427,0.000149840403764626,0.724918594373616
"1949","Lilyfore","285977-85-7","MCF7",20,96,3.08802577941573e-08,3.75761280729268e-05,0.000149823330159324,0.250802915894126
"1950","Damascone beta","23726-91-2","MCF7",20,96,6.90074544916028e-08,5.84651839581434e-06,0.000149537035910648,0.0390974607742512
"1951","Veloutone","14595-54-1","MCF7",20,96,1.03484483826238e-07,4.57095435768732e-07,0.000149530063145048,0.00305687984178364
"1952","Verdox","82356-51-2","MCF7",20,96,NA,NA,NA,NA
"1953","Nirvanol","1506-02-1","MCF7",20,96,NA,NA,NA,NA
"1954","Cetalox","3738-00-9","MCF7",20,96,1.11616269944362e-07,3.28757008714856e-07,0.000149502842163485,0.00219900173105306
"1955","Tonalide","21145-77-7","MCF7",20,96,1.2610380986561e-07,1.43661676230625e-07,0.000149511603614034,0.000960873087827279
"1956","Caffeine","8/2/1958","MCF7",20,96,3.50325933309444e-08,0.000132929010107786,0.000149808265918641,0.887327607009203
"1957","Lamotrigine","84057-84-1","MCF7",20,96,3.70084380233365e-08,7.41372219394982e-05,0.000149855482046327,0.494724790358879
"1958","Diclofenac","15307-79-6","MCF7",20,96,5.34588371190705e-08,0.000132844621755908,0.00014981948614262,0.886697886745171
"1959","2,4-Dichlorophenoxyacetic","94-75-7","MCF7",20,96,3.26137449861636e-08,6.05557167144852e-05,0.000149852443368651,0.404102297921912
"1960","(S)-Naproxen","22204-53-1","MCF7",20,96,3.89898803965477e-08,4.0549281739365e-05,0.000149830667819629,0.270634058630638
"1961","Ibuprofen","15687-27-1","MCF7",20,96,5.10333120828191e-08,1.7829853064591e-05,0.000149752521981941,0.119062122150712
"1962","Torasemide","56211-40-6","MCF7",20,96,6.63056176724034e-08,3.15075072184823e-05,0.000149809696261322,0.210316875374488
"1963","Warfarin","81-81-2","MCF7",20,96,4.47918980297093e-08,6.67892521078046e-05,0.000149854704746161,0.445693394951725
"1964","di-n-butylphthalate","84-74-2","MCF7",20,96,1.16900567616703e-07,2.79784119088172e-06,0.000149579730049264,0.0187046813760143
"1965","hexachlorophene","70-30-4","MCF7",20,96,2.23964808527374e-07,8.18255246128255e-10,0.000149449582677481,5.47512566759111e-06
"1966","hexamethylenetetramine","100-97-0","MCF7",20,96,2.52916424617518e-08,0.000132953002672478,0.000149818485881983,0.887427221612754
"1967","Malathion","121-75-5","MCF7",20,96,4.84505587597939e-08,8.56707794370256e-05,0.000149853317094584,0.571697584665089
"1968","pentachlorophenol","87-86-5","MCF7",20,96,1.2137010323095e-07,7.0789758504203e-07,0.00014954430293287,0.00473369811593425
"1969","2,2,2-trichloroethanol","115-20-8","MCF7",20,96,2.58443017776086e-08,0.000124586897182493,0.000149786632173562,0.831762456866845
"1970","diethylphthalate","84-66-2","MCF7",20,96,3.23218098059402e-08,8.13486069452169e-05,0.000149854458820407,0.542850760568353
"1971","4-chlorophenol","106-48-9","MCF7",20,96,1.8788790292295e-08,8.40607420988966e-05,0.000149850935759306,0.560962410230902
"1972","permethrin","52645-53-1","MCF7",20,96,2.04092279310041e-07,1.54222230202557e-08,0.000149478411697415,0.000103173581021683
"1973","Aniline","62-53-3","MCF7",20,96,1.68182837189685e-08,0.000132757404968985,0.000149804635320342,0.886203585657395
"1974","4-fluoroaniline","371-40-4","MCF7",20,96,1.99426645631037e-08,0.000131343694758439,0.000149816173494729,0.876699035188351
"1975","2,4,6-trichlorophenol","6/2/1988","MCF7",20,96,4.74102671038858e-08,1.9106984798319e-05,0.000149758466082748,0.127585339901663
"1976","Allyl alcohol","107-18-6","MCF7",20,96,1.04766482548903e-08,0.000132893742182637,0.000149783109581519,0.887241175282923
"1977","N-methylaniline","100-61-8","MCF7",20,96,1.78090894475276e-08,0.00011698527291018,0.00014977663201504,0.781064918714642
"1978","3,4-dichloroaniline","95-76-1","MCF7",20,96,2.35162451315941e-08,6.73563226334353e-05,0.000149854212311533,0.449479007593112
"1979","4-decylaniline","37529-30-9","MCF7",20,96,1.20199188239615e-07,2.55445111034813e-08,0.000149484956988209,0.000170883489671112
"1980","naphthalene","91-20-3","MCF7",20,96,2.31685398513944e-08,3.45154377714714e-05,0.000148983491256904,0.231672902012705
"1981","1,2,4-trichlorobenzene","120-82-1","MCF7",20,96,5.38108406033809e-08,1.09180546617263e-05,0.000148849881734215,0.0733494345747718
"1982","1,2-dichlorobenzene","95-50-1","MCF7",20,96,2.85727967979896e-08,2.83180713878646e-05,0.000146807682519521,0.192892298971474
"1983","dichloromethane","9/2/1975","MCF7",20,96,1.304817085874e-08,0.000111870855200952,0.000129864400677631,0.861443587443606
"1984","tetrachloroethylene","127-18-4","MCF7",20,96,2.69416561455871e-08,2.52482003650729e-05,0.000125301250199545,0.201499987628732
"1985","2,3-dimethyl-1,3-butadiene","513-81-5","MCF7",20,96,7.49036137877065e-09,2.63003408405241e-05,8.52265901911992e-05,0.308593137206608
"1986","cyclosporine A","59865-13-3","MCF7",20,96,1.82295455453543e-07,5.43910617868362e-05,0.000149848416746854,0.362973883659522
"1987","chlorpromazine","50-53-3","MCF7",20,96,1.50758851105488e-07,3.1989184824983e-07,0.000149527194067189,0.00213935565530701
"1988","PBDE 47","5436-43-1","MCF7",20,96,2.58304909356405e-07,6.4492130889077e-09,0.000149468146661023,4.31477423984777e-05
"1989","PBDE 99","60348-60-9","MCF7",20,96,3.08022200076332e-07,1.52666359170737e-09,0.00014945448458887,1.0214906537646e-05
"1990","PBDE 153","68631-49-2","MCF7",20,96,3.58735678379987e-07,2.94225794063723e-10,0.000149442521146544,1.96882247305775e-06
"1991","amiodarone","1951-25-3","MCF7",20,96,3.55598235673857e-07,7.51478325178218e-10,0.000149448949708535,5.02832791159658e-06
"1992","PFBS","375-73-5","MCF7",20,96,5.12799472451677e-08,0.00012226799743261,0.000149829121816494,0.816049616725112
"1993","4:2 FTS","757124-72-4","MCF7",20,96,5.35676042472404e-08,0.000113382998917517,0.00014983675725363,0.75671017576543
"1994","PFNA","375-95-1","MCF7",20,96,2.34349136549116e-07,5.13690384332434e-08,0.000149495024267743,0.000343617044679977
"1995","PFHxA","307-24-4","MCF7",20,96,1.07112970391284e-07,7.1188265257723e-06,0.000149658930108929,0.0475670013182032
"1996","PFBA","375-22-4","MCF7",20,96,3.51275413497679e-08,0.000114634604266652,0.000149519831911306,0.766684946078942
"1997","PFOA","335-67-1","MCF7",20,96,1.35333427607009e-07,8.25747441467841e-06,0.000149673162838437,0.0551700402268633
"1998","6:2 FTS","27619-97-2","MCF7",20,96,6.59649126528774e-08,5.16333513409307e-05,0.000149845937049497,0.344576251833077
"1999","8:2 FTS","39108-34-4","MCF7",20,96,1.78005506629573e-07,7.42997019617463e-06,0.000149662983243872,0.0496446752238507
"2000","PFUnDA","2058-94-8","MCF7",20,96,2.81910135986037e-07,7.17617968536158e-08,0.000149500239080318,0.000480011251454
"2001","PFOS","1763-23-1","MCF7",20,96,2.49945427701915e-07,7.17617968544691e-08,0.000149500239082096,0.000480011251454
"2002","PFHpA","375-85-9","MCF7",20,96,7.75961486071113e-08,2.48296247301292e-05,0.000149786858614722,0.165766376034331
"2003","PFPeA","2706-90-3","MCF7",20,96,3.89269973945564e-08,8.77899123972428e-05,0.000149852575748055,0.585841864639301
"2004","PFHxS","355-46-4","MCF7",20,96,5.81812008077552e-08,6.62218262991337e-05,0.000149854586274764,0.441907237845318
"2005","PFDA","335-76-2","MCF7",20,96,2.66294195729367e-07,2.04157675925233e-08,0.000149481998529247,0.000136576763713317
"2006","Azathioprine","446-86-6","MCF7",20,96,5.00240410025069e-08,0.000132930400696948,0.000149819218993102,0.887272017504434
"2007","Benzocaine","94-09-7","MCF7",20,96,2.64553301884736e-08,0.000109444686676159,0.000149839831313876,0.730411171158491
"2008","Butylated hydroxyanisole","25013-16-5","MCF7",20,96,NA,NA,NA,NA
"2009","Cetirizine dihydrochloride","83881-52-1","MCF7",20,96,7.02016070338521e-08,0.000132840302093584,0.000149819481333207,0.886669082761938
"2010","Cyclamate","139-05-9","MCF7",20,96,3.23369447858439e-08,0.000132950299458203,0.00014981948526221,0.887403258831899
"2011","Cyclophosphamide","6055-19-2","MCF7",20,96,4.71272196872662e-08,0.000132839248912005,0.000149811846298228,0.886707241078681
"2012","Cypermethrin","67375-30-8","MCF7",20,96,2.18842048952434e-07,1.10090522402788e-08,0.000149474316479267,7.36517985135315e-05
"2013","DEET","134-62-3","MCF7",20,96,2.88258472302622e-08,9.49450286016958e-05,0.000149848537432969,0.633606641934472
"2014","Dexamethasone","50-02-2","MCF7",20,96,6.21237424555043e-08,0.000106942414764763,0.000149841706428953,0.713702595314939
"2015","Digoxin","20830-75-5","MCF7",20,96,1.3823634455248e-07,0.000128822485717257,0.000149822986303132,0.859831250837668
"2016","Fenazaquin","120928-09-8","MCF7",20,96,1.46537232452049e-07,2.42879716722293e-07,0.000149521727300632,0.00162437741395237
"2017","Fenbuconazole","114369-43-6","MCF7",20,96,5.86645081254358e-08,3.80628418643459e-05,0.000149817682334897,0.25406107791243
"2018","Fluazinam","79622-59-6","MCF7",20,96,1.40608667223197e-07,1.0552886398086e-05,0.000149697674275282,0.0704946583116588
"2019","Furosemide","54-31-9","MCF7",20,96,5.12468320923677e-08,0.000102089220436818,0.00014984505261071,0.681298572479676
"2020","Glybenclamide","10238-21-8","MCF7",20,96,2.16274851688912e-07,1.47202931574321e-06,0.000149562196640898,0.00984225525436473
"2021","HC Red 3","1/4/2871","MCF7",20,96,3.55778036976484e-08,0.000132928259215896,0.000149818924307343,0.887259468925317
"2022","Hydralazine hydrochloride","304-20-1","MCF7",20,96,2.89158738518136e-08,0.00013283704517513,0.000149819159896357,0.88664924611128
"2023","Ketoconazole","65277-42-1","MCF7",20,96,1.97092348718328e-07,5.11665897983697e-06,0.000149629115726507,0.0341956106269398
"2024","Metformin","1115-70-4","MCF7",20,96,2.33018915756678e-08,0.000132952585428003,0.000149819562997125,0.887418056549494
"2025","Metoclopramide","364-62-5","MCF7",20,96,4.33459561547299e-08,7.13207936270759e-05,0.000149855416308679,0.475930702966158
"2026","Nitrofurantoin","67-20-9","MCF7",20,96,4.29669007650911e-08,0.000132948856224861,0.000149819482376264,0.887393642777153
"2027","Oxytetracycline hydrochloride","2058-46-0","MCF7",20,96,8.30667070259054e-08,0.000132954374523213,0.000149819588748438,0.887429845682309
"2028","Panthenol","16485-10-2 ","MCF7",20,96,3.70293515363894e-08,0.000132952664286144,0.00014981950505738,0.887418926095268
"2029","Paracetamol","103-90-2","MCF7",20,96,2.72777322563923e-08,0.000132895041751491,0.000149819501910268,0.887034331692588
"2030","Topiramate","97240-79-4","MCF7",20,96,6.12242865058751e-08,0.000132954132955389,0.000149819520715402,0.887428636271972
"2031","Trimellitic anhydride","552-30-7","MCF7",20,96,3.30402784348544e-08,0.000123465873690754,0.000149828031501226,0.824050562859754
"2032","Verapamil hydrochloride","152-11-4","MCF7",20,96,1.79760118535102e-07,3.79535802792221e-06,0.000149604477534791,0.025369280989866
"2033","Warfarin","129-06-6","MCF7",20,96,4.47074894541343e-08,7.91511579322576e-05,0.000149855001007756,0.528184961462586
"2034","2,4-Dinitrophenol","51-28-5","HCT116",20,96,1.62628524869994e-08,0.000116738274024629,0.000149911115716991,0.778716597940694
"2035","Aldrin","309-00-2","HCT116",20,96,2.57014737228454e-07,1.54033657136628e-08,0.000149295639068936,0.000103173581021683
"2036","Azinphos-methyl","86-50-0","HCT116",20,96,5.69940576715638e-08,6.39379476461814e-05,0.000149820038736376,0.426764992089522
"2037","Chlorpyrifos","2921-88-2","HCT116",20,96,2.17106713968731e-07,1.09225600672106e-06,0.000149380562884922,0.00731190180052072
"2038","DDD-p,p'","50-29-3","HCT116",20,96,2.54714699536553e-07,4.85885064145894e-09,0.000149281459313871,3.25482525679428e-05
"2039","DDT-o,p'","789-02-6","HCT116",20,96,2.50474945145718e-07,1.30150290800301e-08,0.000149293411444266,8.7177518110964e-05
"2040","DDT-p,p'","72-54-8","HCT116",20,96,2.20353407650446e-07,4.46261783960608e-08,0.00014931146545566,0.000298879783008446
"2041","Diazinon","333-41-5","HCT116",20,96,1.21559875279674e-07,1.5443788555683e-05,0.000149600496251878,0.103233538274371
"2042","Dicofol","115-32-2","HCT116",20,96,2.31153295473516e-07,9.28200571797022e-07,0.000149376087551138,0.00621384980028518
"2043","Dieldrin","60-57-1","HCT116",20,96,2.40474798282708e-07,7.07064748871934e-07,0.000149368365188279,0.00473369811593425
"2044","Disulfoton","298-04-4","HCT116",20,96,1.24297392719238e-07,1.03335886365535e-05,0.000149544311447898,0.0691005129951323
"2045","Endosulfan I","115-29-7","HCT116",20,96,1.64590776865113e-07,1.48868249156146e-05,0.000149575729203236,0.0995270087928975
"2046","Endrin","72-20-8","HCT116",20,96,2.48339794887599e-07,3.02403943499709e-07,0.000149347899402258,0.00202482890425666
"2047","Ethion","563-12-2","HCT116",20,96,2.41325267252638e-07,8.10227699472976e-07,0.000149372313270272,0.00542421605272298
"2048","Heptachlor","76-44-8","HCT116",20,96,2.56697001125967e-07,4.71875549883607e-08,0.000149311630759866,0.000316034020579758
"2049","Heptachlor epoxide B","1024-57-3","HCT116",20,96,2.41699707495809e-07,1.03461890833261e-06,0.000149377978276269,0.00692618095566351
"2050","Lindane","58-89-9","HCT116",20,96,1.09496997791796e-07,1.81271981455609e-05,0.000149620332785563,0.121154643944957
"2051","Methoxychlor-o,p'","72-43-5","HCT116",20,96,2.17208179705157e-07,7.88472376448338e-07,0.000149371586209561,0.0052785967964627
"2052","Parathion","56-38-2","HCT116",20,96,1.17821150562876e-07,1.4888766133075e-05,0.000149595233632074,0.0995270087928974
"2053","Trifluralin","1582-09-8","HCT116",20,96,2.166861132409e-07,3.87277706473866e-07,0.000149351529295123,0.0025930615394543
"2054","Eugenol F","97-53-0","HCT116",20,96,2.07490057732535e-08,9.04071738781801e-05,0.000149872546139538,0.603227049962887
"2055","Methyl-antranilate","134-20-3","HCT116",20,96,1.49549126651873e-08,0.000108666022352435,0.000149901000189312,0.724918594373616
"2056","Lilyfore","285977-85-7","HCT116",20,96,4.65872861593296e-08,3.7553777263936e-05,0.000149734213137254,0.250802915894126
"2057","Damascone beta","23726-91-2","HCT116",20,96,9.96826986770518e-08,5.84028599990457e-06,0.000149377629243658,0.0390974607742512
"2058","Veloutone","14595-54-1","HCT116",20,96,1.42840127594185e-07,4.56554437427727e-07,0.000149353085844989,0.00305687984178364
"2059","Verdox","82356-51-2","HCT116",20,96,NA,NA,NA,NA
"2060","Nirvanol","1506-02-1","HCT116",20,96,NA,NA,NA,NA
"2061","Cetalox","3738-00-9","HCT116",20,96,1.53651924487562e-07,3.28366040249855e-07,0.000149325048549465,0.00219900173105306
"2062","Tonalide","21145-77-7","HCT116",20,96,1.72513926433372e-07,1.43489098365206e-07,0.000149331998349192,0.000960873087827279
"2063","Caffeine","8/2/1958","HCT116",20,96,1.32837560012853e-08,0.000133028381261345,0.00014992025516903,0.887327607009203
"2064","Lamotrigine","84057-84-1","HCT116",20,96,4.01043476574684e-08,7.4131241138967e-05,0.000149843392899699,0.494724790358879
"2065","Diclofenac","15307-79-6","HCT116",20,96,2.03330516489003e-08,0.000132943803129357,0.000149931340896005,0.886697886745171
"2066","2,4-Dichlorophenoxyacetic","94-75-7","HCT116",20,96,4.15992955243822e-08,6.05392894551907e-05,0.000149811792129153,0.404102297921912
"2067","(S)-Naproxen","22204-53-1","HCT116",20,96,5.80603044513829e-08,4.05268674850529e-05,0.000149747846557495,0.270634058630638
"2068","Ibuprofen","15687-27-1","HCT116",20,96,7.81879135941865e-08,1.78141797916479e-05,0.000149620882526336,0.119062122150712
"2069","Torasemide","56211-40-6","HCT116",20,96,1.01854102488531e-07,3.1486049075247e-05,0.000149707668579534,0.210316875374488
"2070","Warfarin","81-81-2","HCT116",20,96,5.3283922088446e-08,6.67769768234244e-05,0.000149827162753124,0.445693394951725
"2071","di-n-butylphthalate","84-74-2","HCT116",20,96,1.63715796218169e-07,2.79469517411254e-06,0.000149411535964268,0.0187046813760143
"2072","hexachlorophene","70-30-4","HCT116",20,96,2.99298058589656e-07,8.17241584267735e-10,0.000149264443208168,5.47512566759111e-06
"2073","hexamethylenetetramine","100-97-0","HCT116",20,96,9.58665416509243e-09,0.000133052417262642,0.000149930511508133,0.887427221612754
"2074","Malathion","121-75-5","HCT116",20,96,4.44261299291679e-08,8.56777438270798e-05,0.000149865499042245,0.571697584665089
"2075","pentachlorophenol","87-86-5","HCT116",20,96,1.68145213426069e-07,7.0706624442279e-07,0.000149368681125379,0.00473369811593425
"2076","2,2,2-trichloroethanol","115-20-8","HCT116",20,96,1.17342491806047e-08,0.000124665431646615,0.000149881051515856,0.831762456866845
"2077","diethylphthalate","84-66-2","HCT116",20,96,3.16365952322179e-08,8.13502806717899e-05,0.000149857542037185,0.542850760568353
"2078","4-chlorophenol","106-48-9","HCT116",20,96,1.76580689572594e-08,8.40656758248954e-05,0.000149859730869119,0.560962410230902
"2079","permethrin","52645-53-1","HCT116",20,96,2.75594863178336e-07,1.54033695416001e-08,0.000149295676170849,0.000103173581021683
"2080","Aniline","62-53-3","HCT116",20,96,6.4139314782513e-09,0.000132856400619567,0.000149916342892037,0.886203585657395
"2081","4-fluoroaniline","371-40-4","HCT116",20,96,7.8585849830168e-09,0.000131439031266948,0.000149924918348644,0.876699035188351
"2082","2,4,6-trichlorophenol","6/2/1988","HCT116",20,96,7.28459585216825e-08,1.90905492928344e-05,0.0001496296463806,0.127585339901663
"2083","Allyl alcohol","107-18-6","HCT116",20,96,3.97405440252296e-09,0.000132993052843082,0.000149895041560344,0.887241175282923
"2084","N-methylaniline","100-61-8","HCT116",20,96,9.41347610167683e-09,0.000117046448994044,0.000149854955957644,0.781064918714642
"2085","3,4-dichloroaniline","95-76-1","HCT116",20,96,2.77852839485335e-08,6.73444794346928e-05,0.000149827863586581,0.449479007593112
"2086","4-decylaniline","37529-30-9","HCT116",20,96,1.62713708687276e-07,2.55133828280175e-08,0.000149302796174875,0.000170883489671112
"2087","naphthalene","91-20-3","HCT116",20,96,3.53035068351189e-08,3.44936256440146e-05,0.000148889340722822,0.231672902012705
"2088","1,2,4-trichlorobenzene","120-82-1","HCT116",20,96,8.03568191240102e-08,1.09073848869286e-05,0.000148704416743796,0.0733494345747718
"2089","1,2-dichlorobenzene","95-50-1","HCT116",20,96,4.40763849884884e-08,2.82981348181976e-05,0.000146704326554699,0.192892298971474
"2090","dichloromethane","9/2/1975","HCT116",20,96,5.39891469507021e-09,0.000111938095374404,0.000129942455903105,0.861443587443606
"2091","tetrachloroethylene","127-18-4","HCT116",20,96,4.14897211649637e-08,2.52334177270034e-05,0.000125227887226953,0.201499987628732
"2092","2,3-dimethyl-1,3-butadiene","513-81-5","HCT116",20,96,1.08002878129536e-08,2.62932711913414e-05,8.52036809027859e-05,0.308593137206608
"2093","cyclosporine A","59865-13-3","HCT116",20,96,2.46781986302187e-07,5.4371598347703e-05,0.00014979479459934,0.362973883659522
"2094","chlorpromazine","50-53-3","HCT116",20,96,2.07490376355628e-07,3.19511214398356e-07,0.000149349274210559,0.00213935565530701
"2095","PBDE 47","5436-43-1","HCT116",20,96,3.4749555797479e-07,6.44129120551479e-09,0.000149284547637006,4.31477423984777e-05
"2096","PBDE 99","60348-60-9","HCT116",20,96,4.12341896633336e-07,1.52477651094412e-09,0.000149269746651593,1.0214906537646e-05
"2097","PBDE 153","68631-49-2","HCT116",20,96,4.78248091444173e-07,2.93860185109536e-10,0.000149256821846993,1.96882247305775e-06
"2098","amiodarone","1951-25-3","HCT116",20,96,4.75103540286444e-07,7.50547126438708e-10,0.000149263759172857,5.02832791159658e-06
"2099","PFBS","375-73-5","HCT116",20,96,2.4426481766554e-08,0.000122341018958497,0.000149918603539652,0.816049616725112
"2100","4:2 FTS","757124-72-4","HCT116",20,96,3.03790130119117e-08,0.000113436471545187,0.000149907421861274,0.75671017576543
"2101","PFNA","375-95-1","HCT116",20,96,3.18465798941373e-07,5.13067562425985e-08,0.000149313769607623,0.000343617044679977
"2102","PFHxA","307-24-4","HCT116",20,96,1.5623284884552e-07,7.11138667467987e-06,0.000149502522286568,0.0475670013182032
"2103","PFBA","375-22-4","HCT116",20,96,1.93592294314578e-08,0.000114690966755667,0.00014959334644854,0.766684946078942
"2104","PFOA","335-67-1","HCT116",20,96,1.98936882390526e-07,8.2489999897596e-06,0.000149519557278536,0.0551700402268633
"2105","6:2 FTS","27619-97-2","HCT116",20,96,9.14105640649493e-08,5.16128735701835e-05,0.000149786508198442,0.344576251833077
"2106","8:2 FTS","39108-34-4","HCT116",20,96,2.60208722034233e-07,7.42224375476616e-06,0.000149507348397363,0.0496446752238507
"2107","PFUnDA","2058-94-8","HCT116",20,96,3.83878610977349e-07,7.16750269852273e-08,0.000149319472758434,0.000480011251454
"2108","PFOS","1763-23-1","HCT116",20,96,3.40352088690937e-07,7.16750269858131e-08,0.000149319472759654,0.000480011251454
"2109","PFHpA","375-85-9","HCT116",20,96,1.1995768001777e-07,2.48103363781296e-05,0.0001496704999631,0.165766376034331
"2110","PFPeA","2706-90-3","HCT116",20,96,3.45319394125305e-08,8.77996636148843e-05,0.000149869220542888,0.585841864639301
"2111","PFHxS","355-46-4","HCT116",20,96,6.96784553406612e-08,6.62091279919439e-05,0.000149825851042339,0.441907237845318
"2112","PFDA","335-76-2","HCT116",20,96,3.60074509730629e-07,2.03908527704121e-08,0.00014929957494976,0.000136576763713317
"2113","Azathioprine","446-86-6","HCT116",20,96,1.89727688596405e-08,0.000133029769011954,0.000149931212060668,0.887272017504434
"2114","Benzocaine","94-09-7","HCT116",20,96,1.6158162444399e-08,0.000109490217068153,0.000149902166603631,0.730411171158491
"2115","Butylated hydroxyanisole","25013-16-5","HCT116",20,96,NA,NA,NA,NA
"2116","Cetirizine dihydrochloride","83881-52-1","HCT116",20,96,2.67052099357925e-08,0.000132939473865349,0.000149931328891324,0.886669082761938
"2117","Cyclamate","139-05-9","HCT116",20,96,1.2258040123546e-08,0.000133049708480434,0.000149931507639006,0.887403258831899
"2118","Cyclophosphamide","6055-19-2","HCT116",20,96,1.79239414890728e-08,0.000132938423279818,0.000149923691970867,0.886707241078681
"2119","Cypermethrin","67375-30-8","HCT116",20,96,2.95061379258751e-07,1.09955675159353e-08,0.000149291228969991,7.36517985135315e-05
"2120","DEET","134-62-3","HCT116",20,96,2.27579641134054e-08,9.49651291489933e-05,0.00014988026144905,0.633606641934472
"2121","Dexamethasone","50-02-2","HCT116",20,96,3.97352599450037e-08,0.000106983129023618,0.000149898752962233,0.713702595314939
"2122","Digoxin","20830-75-5","HCT116",20,96,5.74965725132937e-08,0.00012891138189206,0.000149926374235027,0.859831250837668
"2123","Fenazaquin","120928-09-8","HCT116",20,96,2.01246103500283e-07,2.42589678070804e-07,0.00014934317356737,0.00162437741395237
"2124","Fenbuconazole","114369-43-6","HCT116",20,96,8.83310656755207e-08,3.80404657943617e-05,0.000149729608749725,0.25406107791243
"2125","Fluazinam","79622-59-6","HCT116",20,96,2.0950405016063e-07,1.05424437817521e-05,0.000149549540833911,0.0704946583116588
"2126","Furosemide","54-31-9","HCT116",20,96,3.57694609657922e-08,0.000102121102612402,0.000149891848797978,0.681298572479677
"2127","Glybenclamide","10238-21-8","HCT116",20,96,3.01478947300635e-07,1.47033174402961e-06,0.000149389718720978,0.00984225525436473
"2128","HC Red 3","1/4/2871","HCT116",20,96,1.34944488702205e-08,0.000133027623181835,0.000149930914057151,0.887259468925317
"2129","Hydralazine hydrochloride","304-20-1","HCT116",20,96,1.10009650193837e-08,0.000132936209906005,0.000149931002015785,0.88664924611128
"2130","Ketoconazole","65277-42-1","HCT116",20,96,2.82947783489382e-07,5.11113449160942e-06,0.000149467560248296,0.0341956106269398
"2131","Metformin","1115-70-4","HCT116",20,96,8.83267818980466e-09,0.000133051998860944,0.000149931588476218,0.887418056549494
"2132","Metoclopramide","364-62-5","HCT116",20,96,4.8746133680233e-08,7.13122208777311e-05,0.000149837403708753,0.475930702966158
"2133","Nitrofurantoin","67-20-9","HCT116",20,96,1.62881094423026e-08,0.000133048262393453,0.000149931502751215,0.887393642777152
"2134","Oxytetracycline hydrochloride","2058-46-0","HCT116",20,96,3.14857682428604e-08,0.000133053791295609,0.000149931616502383,0.887429845682309
"2135","Panthenol","16485-10-2 ","HCT116",20,96,1.40360917916601e-08,0.000133052077891179,0.00014993153062063,0.887418926095268
"2136","Paracetamol","103-90-2","HCT116",20,96,1.03572664809771e-08,0.000132994334089653,0.00014993143933435,0.887034331692588
"2137","Topiramate","97240-79-4","HCT116",20,96,2.3206639130621e-08,0.000133053549308506,0.000149931548149556,0.887428636271972
"2138","Trimellitic anhydride","552-30-7","HCT116",20,96,1.53601805118218e-08,0.000123541704090128,0.000149920053038243,0.824050562859754
"2139","Verapamil hydrochloride","152-11-4","HCT116",20,96,2.54859019575405e-07,3.79116708234726e-06,0.000149439279885846,0.025369280989866
"2140","Warfarin","129-06-6","HCT116",20,96,4.5182688640179e-08,7.91503438918217e-05,0.000149853459804399,0.528184961462586
"2141","2,4-Dinitrophenol","51-28-5","HEK293T",20,96,3.83725141813315e-08,0.000116644758750408,0.000149791026746924,0.778716597940694
"2142","Aldrin","309-00-2","HEK293T",20,96,2.912420399462e-07,1.53936883890383e-08,0.000149201842531793,0.000103173581021683
"2143","Azinphos-methyl","86-50-0","HEK293T",20,96,1.05030408218891e-07,6.38733435089654e-05,0.000149668657675573,0.426764992089522
"2144","Chlorpyrifos","2921-88-2","HEK293T",20,96,2.54415061247669e-07,1.09147790508275e-06,0.000149274147117925,0.00731190180052073
"2145","DDD-p,p'","50-29-3","HEK293T",20,96,2.87149891501964e-07,4.85587253543521e-09,0.000149189961129213,3.25482525679428e-05
"2146","DDT-o,p'","789-02-6","HEK293T",20,96,2.83596472173429e-07,1.30068837097168e-08,0.000149199977145036,8.7177518110964e-05
"2147","DDT-p,p'","72-54-8","HEK293T",20,96,2.5117664074581e-07,4.45973931183686e-08,0.000149215154900953,0.000298879783008446
"2148","Diazinon","333-41-5","HEK293T",20,96,1.65076530930348e-07,1.54290279987645e-05,0.000149457514066385,0.103233538274371
"2149","Dicofol","115-32-2","HEK293T",20,96,2.70355786089114e-07,9.27543068479906e-07,0.000149270274997207,0.00621384980028518
"2150","Dieldrin","60-57-1","HEK293T",20,96,2.80402341607214e-07,7.06568556795757e-07,0.000149263543954642,0.00473369811593425
"2151","Disulfoton","298-04-4","HEK293T",20,96,1.61248167267457e-07,1.03242837123344e-05,0.000149409653631105,0.0691005129951323
"2152","Endosulfan I","115-29-7","HEK293T",20,96,2.224657439005e-07,1.48726717194467e-05,0.000149433524626413,0.0995270087928974
"2153","Endrin","72-20-8","HEK293T",20,96,2.87152533276433e-07,3.02197624198975e-07,0.000149246004718564,0.00202482890425666
"2154","Ethion","563-12-2","HEK293T",20,96,2.81816630655711e-07,8.0965645029232e-07,0.000149266998663497,0.00542421605272298
"2155","Heptachlor","76-44-8","HEK293T",20,96,2.92704916775948e-07,4.71570726456052e-08,0.000149215178033987,0.000316034020579757
"2156","Heptachlor epoxide B","1024-57-3","HEK293T",20,96,2.83050684234114e-07,1.03388326138586e-06,0.000149271765783199,0.00692618095566351
"2157","Lindane","58-89-9","HEK293T",20,96,1.51994908349274e-07,1.81094946409332e-05,0.000149474209582595,0.121154643944957
"2158","Methoxychlor-o,p'","72-43-5","HEK293T",20,96,2.53575960210376e-07,7.87916985602725e-07,0.000149266370587487,0.0052785967964627
"2159","Parathion","56-38-2","HEK293T",20,96,1.59250519127508e-07,1.48746092482475e-05,0.000149452991993355,0.0995270087928975
"2160","Trifluralin","1582-09-8","HEK293T",20,96,2.51125556495889e-07,3.87011355118266e-07,0.000149248812351639,0.0025930615394543
"2161","Eugenol F","97-53-0","HEK293T",20,96,4.34103556270558e-08,9.03239227222816e-05,0.00014973453648645,0.603227049962887
"2162","Methyl-antranilate","134-20-3","HEK293T",20,96,3.39914725344707e-08,0.000108574728688812,0.00014977506375406,0.724918594373616
"2163","Lilyfore","285977-85-7","HEK293T",20,96,7.40457530117817e-08,3.75147043774387e-05,0.000149578421940178,0.250802915894126
"2164","Damascone beta","23726-91-2","HEK293T",20,96,1.23351176883378e-07,5.83547719291074e-06,0.000149254633864966,0.0390974607742513
"2165","Veloutone","14595-54-1","HEK293T",20,96,1.65806156568365e-07,4.56238737251609e-07,0.00014924981054715,0.00305687984178364
"2166","Verdox","82356-51-2","HEK293T",20,96,NA,NA,NA,NA
"2167","Nirvanol","1506-02-1","HEK293T",20,96,NA,NA,NA,NA
"2168","Cetalox","3738-00-9","HEK293T",20,96,1.77799309177112e-07,3.28141448435825e-07,0.0001492229150173,0.00219900173105306
"2169","Tonalide","21145-77-7","HEK293T",20,96,1.98237863603041e-07,1.43393442888345e-07,0.000149232447765381,0.000960873087827279
"2170","Caffeine","8/2/1958","HEK293T",20,96,3.42378036911472e-08,0.000132932641527808,0.000149812358454469,0.887327607009203
"2171","Lamotrigine","84057-84-1","HEK293T",20,96,7.77427560264835e-08,7.40585297754316e-05,0.000149696419542083,0.494724790358879
"2172","Diclofenac","15307-79-6","HEK293T",20,96,5.22779285050053e-08,0.00013284815749511,0.000149823473678007,0.886697886745171
"2173","2,4-Dichlorophenoxyacetic","94-75-7","HEK293T",20,96,7.53276751934853e-08,6.04776276980813e-05,0.000149659202655086,0.404102297921912
"2174","(S)-Naproxen","22204-53-1","HEK293T",20,96,9.39819848064123e-08,4.04846472557605e-05,0.000149591841694301,0.270634058630638
"2175","Ibuprofen","15687-27-1","HEK293T",20,96,1.08262661376885e-07,1.77968210491858e-05,0.000149475086851367,0.119062122150712
"2176","Torasemide","56211-40-6","HEK293T",20,96,1.55700809596308e-07,3.14535455702398e-05,0.000149553123182502,0.210316875374488
"2177","Warfarin","81-81-2","HEK293T",20,96,9.96154493701188e-08,6.67100042532675e-05,0.000149676896738605,0.445693394951725
"2178","di-n-butylphthalate","84-74-2","HEK293T",20,96,1.94336261439135e-07,2.79263745705483e-06,0.000149301525159147,0.0187046813760143
"2179","hexachlorophene","70-30-4","HEK293T",20,96,3.35390536660219e-07,8.16755934591984e-10,0.000149175742106999,5.47512566759111e-06
"2180","hexamethylenetetramine","100-97-0","HEK293T",20,96,2.47160554541918e-08,0.000132956646212058,0.000149822591615379,0.887427221612754
"2181","Malathion","121-75-5","HEK293T",20,96,9.09476417498303e-08,8.55972370104203e-05,0.000149724678407667,0.571697584665089
"2182","pentachlorophenol","87-86-5","HEK293T",20,96,1.96063420541583e-07,7.06570050257657e-07,0.000149263859450447,0.00473369811593425
"2183","2,2,2-trichloroethanol","115-20-8","HEK293T",20,96,2.87731909653039e-08,0.000124570595418827,0.000149767033111917,0.831762456866845
"2184","diethylphthalate","84-66-2","HEK293T",20,96,6.3472832605531e-08,8.12725164815827e-05,0.000149714290528933,0.542850760568353
"2185","4-chlorophenol","106-48-9","HEK293T",20,96,3.58800173415589e-08,8.39861671976061e-05,0.000149717994763742,0.560962410230902
"2186","permethrin","52645-53-1","HEK293T",20,96,3.12296528222612e-07,1.53936922122194e-08,0.000149201879587607,0.000103173581021683
"2187","Aniline","62-53-3","HEK293T",20,96,1.64555183731137e-08,0.000132760856619851,0.000149808530193847,0.886203585657395
"2188","4-fluoroaniline","371-40-4","HEK293T",20,96,1.99505729873723e-08,0.000131343632365477,0.000149816102326676,0.876699035188351
"2189","2,4,6-trichlorophenol","6/2/1988","HEK293T",20,96,1.01891302603802e-07,1.90717813772529e-05,0.000149482545502114,0.127585339901663
"2190","Allyl alcohol","107-18-6","HEK293T",20,96,1.02397255479043e-08,0.000132897360577241,0.000149787187835216,0.887241175282923
"2191","N-methylaniline","100-61-8","HEK293T",20,96,2.22482303181929e-08,0.00011695292634494,0.000149735218600528,0.781064918714642
"2192","3,4-dichloroaniline","95-76-1","HEK293T",20,96,5.20933525917013e-08,6.72770438113801e-05,0.000149677832946277,0.449479007593112
"2193","4-decylaniline","37529-30-9","HEK293T",20,96,1.84871602683966e-07,2.54971592647125e-08,0.000149207856849045,0.000170883489671112
"2194","naphthalene","91-20-3","HEK293T",20,96,5.51045126327204e-08,3.44580341128468e-05,0.000148735712349117,0.231672902012705
"2195","1,2,4-trichlorobenzene","120-82-1","HEK293T",20,96,1.04878180314601e-07,1.08975288780745e-05,0.00014857004612579,0.0733494345747718
"2196","1,2-dichlorobenzene","95-50-1","HEK293T",20,96,6.62068657657267e-08,2.8269676511246e-05,0.00014655679185734,0.192892298971474
"2197","dichloromethane","9/2/1975","HEK293T",20,96,1.35431480065211e-08,0.000111866504144005,0.000129859349787461,0.861443587443606
"2198","tetrachloroethylene","127-18-4","HEK293T",20,96,6.287763511968e-08,2.52116849543501e-05,0.000125120032269199,0.201499987628732
"2199","2,3-dimethyl-1,3-butadiene","513-81-5","HEK293T",20,96,1.8089049870941e-08,2.62777031744117e-05,8.5153232545215e-05,0.308593137206608
"2200","cyclosporine A","59865-13-3","HEK293T",20,96,4.32442248274192e-07,5.43155620380961e-05,0.000149640413493345,0.362973883659522
"2201","chlorpromazine","50-53-3","HEK293T",20,96,2.40038450437883e-07,3.19292836723328e-07,0.000149247197833269,0.00213935565530701
"2202","PBDE 47","5436-43-1","HEK293T",20,96,3.92198576730281e-07,6.43732069843554e-09,0.000149192526435929,4.31477423984777e-05
"2203","PBDE 99","60348-60-9","HEK293T",20,96,4.62929944920079e-07,1.52386140348252e-09,0.000149180161156294,1.0214906537646e-05
"2204","PBDE 153","68631-49-2","HEK293T",20,96,5.34524469527796e-07,2.93688026023995e-10,0.000149169379181188,1.96882247305775e-06
"2205","amiodarone","1951-25-3","HEK293T",20,96,5.32269987278012e-07,7.50101679070855e-10,0.000149175171599476,5.02832791159658e-06
"2206","PFBS","375-73-5","HEK293T",20,96,5.92030913558587e-08,0.000122246452352185,0.000149802720137008,0.816049616725112
"2207","4:2 FTS","757124-72-4","HEK293T",20,96,7.05819285860361e-08,0.000113343764079093,0.000149784908025643,0.75671017576543
"2208","PFNA","375-95-1","HEK293T",20,96,3.63328634911585e-07,5.12735386196464e-08,0.000149217099132551,0.000343617044679977
"2209","PFHxA","307-24-4","HEK293T",20,96,1.96116975044157e-07,7.10534569914013e-06,0.000149375522993521,0.0475670013182032
"2210","PFBA","375-22-4","HEK293T",20,96,4.52933575722746e-08,0.000114598267421707,0.000149472437156614,0.766684946078942
"2211","PFOA","335-67-1","HEK293T",20,96,2.52765179211156e-07,8.24182799126835e-06,0.00014938955921325,0.0551700402268633
"2212","6:2 FTS","27619-97-2","HEK293T",20,96,1.57774488442604e-07,5.15594662032612e-05,0.000149631513863695,0.344576251833077
"2213","8:2 FTS","39108-34-4","HEK293T",20,96,3.27739739615695e-07,7.41589638143601e-06,0.000149379492322133,0.0496446752238507
"2214","PFUnDA","2058-94-8","HEK293T",20,96,4.389127035312e-07,7.16281958347873e-08,0.000149221910148603,0.000480011251454
"2215","PFOS","1763-23-1","HEK293T",20,96,3.89146076721756e-07,7.16281958350862e-08,0.000149221910149226,0.000480011251454
"2216","PFHpA","375-85-9","HEK293T",20,96,1.75131470999864e-07,2.47852142569424e-05,0.000149518948594311,0.165766376034331
"2217","PFPeA","2706-90-3","HEK293T",20,96,7.13878396616908e-08,8.77178922487868e-05,0.000149729641296281,0.585841864639301
"2218","PFHxS","355-46-4","HEK293T",20,96,1.29893663215841e-07,6.61426224402751e-05,0.000149675354408717,0.441907237845318
"2219","PFDA","335-76-2","HEK293T",20,96,4.0861444443499e-07,2.03779570592561e-08,0.000149205153975025,0.000136576763713317
"2220","Azathioprine","446-86-6","HEK293T",20,96,4.88914476407431e-08,0.000132934025150511,0.000149823303933787,0.887272017504434
"2221","Benzocaine","94-09-7","HEK293T",20,96,3.6865089338942e-08,0.00010939865844517,0.000149776814436799,0.730411171158491
"2222","Butylated hydroxyanisole","25013-16-5","HEK293T",20,96,NA,NA,NA,NA
"2223","Cetirizine dihydrochloride","83881-52-1","HEK293T",20,96,6.86529226357205e-08,0.000132843833093527,0.000149823463653119,0.886669082761938
"2224","Cyclamate","139-05-9","HEK293T",20,96,3.16014833892546e-08,0.000132953940667698,0.000149823588480741,0.887403258831899
"2225","Cyclophosphamide","6055-19-2","HEK293T",20,96,4.60857260811724e-08,0.000132842785825541,0.000149815835115926,0.886707241078681
"2226","Cypermethrin","67375-30-8","HEK293T",20,96,3.33811063530715e-07,1.09887119215607e-08,0.000149198147816334,7.36517985135315e-05
"2227","DEET","134-62-3","HEK293T",20,96,4.86116060502836e-08,9.48794860438638e-05,0.000149745093823805,0.633606641934472
"2228","Dexamethasone","50-02-2","HEK293T",20,96,8.96249175884226e-08,0.000106892402890899,0.000149771632599612,0.713702595314939
"2229","Digoxin","20830-75-5","HEK293T",20,96,1.44034477188875e-07,0.000128816101852164,0.00014981556174734,0.859831250837668
"2230","Fenazaquin","120928-09-8","HEK293T",20,96,2.3224751088041e-07,2.42425324348826e-07,0.000149241994050487,0.00162437741395237
"2231","Fenbuconazole","114369-43-6","HEK293T",20,96,1.40820045280569e-07,3.80008758598567e-05,0.000149573780337006,0.25406107791243
"2232","Fluazinam","79622-59-6","HEK293T",20,96,2.72328525771349e-07,1.05329213453687e-05,0.000149414460579444,0.0704946583116588
"2233","Furosemide","54-31-9","HEK293T",20,96,7.89197437739453e-08,0.000102032216400264,0.00014976138292629,0.681298572479677
"2234","Glybenclamide","10238-21-8","HEK293T",20,96,3.54601955567593e-07,1.46927334277168e-06,0.000149282182264081,0.00984225525436473
"2235","HC Red 3","1/4/2871","HEK293T",20,96,3.47726700794646e-08,0.000132931881911362,0.000149823007324311,0.887259468925317
"2236","Hydralazine hydrochloride","304-20-1","HEK293T",20,96,2.8278564438569e-08,0.000132840572885879,0.000149823138595672,0.88664924611128
"2237","Ketoconazole","65277-42-1","HEK293T",20,96,3.47065035415207e-07,5.10700877728489e-06,0.000149346909841742,0.0341956106269398
"2238","Metformin","1115-70-4","HEK293T",20,96,2.27717038889585e-08,0.000132956228181526,0.000149823667887144,0.887418056549494
"2239","Metoclopramide","364-62-5","HEK293T",20,96,9.32064542301167e-08,7.12416403857921e-05,0.000149689103774542,0.475930702966158
"2240","Nitrofurantoin","67-20-9","HEK293T",20,96,4.19899550953327e-08,0.000132952496360756,0.000149823584429424,0.887393642777152
"2241","Oxytetracycline hydrochloride","2058-46-0","HEK293T",20,96,8.11761742919382e-08,0.000132958018323944,0.000149823694763971,0.887429845682309
"2242","Panthenol","16485-10-2 ","HEK293T",20,96,3.61868042908651e-08,0.00013295630712148,0.000149823610035568,0.887418926095268
"2243","Paracetamol","103-90-2","HEK293T",20,96,2.6666052241712e-08,0.000132898631199895,0.000149823548482396,0.887034331692588
"2244","Topiramate","97240-79-4","HEK293T",20,96,5.98309032960393e-08,0.000132957776660005,0.000149823626628222,0.887428636271972
"2245","Trimellitic anhydride","552-30-7","HEK293T",20,96,3.74488644525889e-08,0.00012344696515077,0.000149805085651983,0.824050562859754
"2246","Verapamil hydrochloride","152-11-4","HEK293T",20,96,3.07313665510583e-07,3.78823981494985e-06,0.000149323893588593,0.025369280989866
"2247","Warfarin","129-06-6","HEK293T",20,96,8.9715505783124e-08,7.90740569129204e-05,0.000149709027485292,0.528184961462586
"2248","2,4-Dinitrophenol","51-28-5","HepG2",20,96,1.7303105798702e-08,0.000116733874157502,0.000149905465565012,0.778716597940695
"2249","Aldrin","309-00-2","HepG2",20,96,3.67853968601339e-07,1.53720273629512e-08,0.000148991895122072,0.000103173581021683
"2250","Azinphos-methyl","86-50-0","HepG2",20,96,6.46763495263311e-08,6.39276157231754e-05,0.000149795828870999,0.426764992089522
"2251","Chlorpyrifos","2921-88-2","HepG2",20,96,3.06503566433834e-07,1.09039154898247e-06,0.00014912557344586,0.00731190180052073
"2252","DDD-p,p'","50-29-3","HepG2",20,96,3.65321746571696e-07,4.84869502056875e-09,0.00014896944192157,3.25482525679428e-05
"2253","DDT-o,p'","789-02-6","HepG2",20,96,3.58613928403661e-07,1.29884351351359e-08,0.000148988356362745,8.7177518110964e-05
"2254","DDT-p,p'","72-54-8","HepG2",20,96,3.14626812446024e-07,4.45381381150332e-08,0.000149016897920374,0.000298879783008446
"2255","Diazinon","333-41-5","HepG2",20,96,1.6079551561203e-07,1.54304800904063e-05,0.000149471580150587,0.103233538274371
"2256","Dicofol","115-32-2","HepG2",20,96,3.2658810072822e-07,9.26599941371947e-07,0.000149118496769816,0.00621384980028518
"2257","Dieldrin","60-57-1","HepG2",20,96,3.40179887570857e-07,7.05825682496132e-07,0.000149106610774403,0.00473369811593425
"2258","Disulfoton","298-04-4","HepG2",20,96,1.67939215676683e-07,1.03225987764534e-05,0.000149385269790697,0.0691005129951322
"2259","Endosulfan I","115-29-7","HepG2",20,96,2.1819744043564e-07,1.48737155243511e-05,0.000149444012281142,0.0995270087928974
"2260","Endrin","72-20-8","HepG2",20,96,3.52516119358829e-07,3.01850166913611e-07,0.0001490744063753,0.00202482890425666
"2261","Ethion","563-12-2","HepG2",20,96,3.41174214738244e-07,8.08819037919807e-07,0.000149112614626362,0.00542421605272298
"2262","Heptachlor","76-44-8","HepG2",20,96,3.66467700611731e-07,4.70946290853156e-08,0.000149017593102545,0.000316034020579758
"2263","Heptachlor epoxide B","1024-57-3","HepG2",20,96,3.41312611879916e-07,1.03284676339393e-06,0.000149122116503378,0.00692618095566351
"2264","Lindane","58-89-9","HepG2",20,96,1.43332946354231e-07,1.81131029851835e-05,0.000149503992545368,0.121154643944957
"2265","Methoxychlor-o,p'","72-43-5","HepG2",20,96,3.07116608320362e-07,7.87099339220699e-07,0.000149111472152628,0.0052785967964627
"2266","Parathion","56-38-2","HepG2",20,96,1.5619508589343e-07,1.48756533240768e-05,0.000149463482370208,0.0995270087928974
"2267","Trifluralin","1582-09-8","HepG2",20,96,3.07295295343339e-07,3.86576943696408e-07,0.000149081283962803,0.0025930615394543
"2268","Eugenol F","97-53-0","HepG2",20,96,2.23788871580885e-08,9.04011861717111e-05,0.000149862620015586,0.603227049962887
"2269","Methyl-antranilate","134-20-3","HepG2",20,96,1.58987744173996e-08,0.000108661495872971,0.00014989475606825,0.724918594373616
"2270","Lilyfore","285977-85-7","HepG2",20,96,5.69876428251566e-08,3.75389777500729e-05,0.00014967520459738,0.250802915894126
"2271","Damascone beta","23726-91-2","HepG2",20,96,1.37543354780117e-07,5.83259371882442e-06,0.00014918088293513,0.0390974607742513
"2272","Veloutone","14595-54-1","HepG2",20,96,2.0243790238674e-07,4.5573518268425e-07,0.000149085082264253,0.00305687984178364
"2273","Verdox","82356-51-2","HepG2",20,96,NA,NA,NA,NA
"2274","Nirvanol","1506-02-1","HepG2",20,96,NA,NA,NA,NA
"2275","Cetalox","3738-00-9","HepG2",20,96,2.18040449535573e-07,3.27767170540324e-07,0.000149052711469837,0.00219900173105306
"2276","Tonalide","21145-77-7","HepG2",20,96,2.4550876996443e-07,1.43217664148292e-07,0.000149049511285756,0.000960873087827279
"2277","Caffeine","8/2/1958","HepG2",20,96,1.43307389864842e-08,0.000133023597561627,0.000149914864037638,0.887327607009203
"2278","Lamotrigine","84057-84-1","HepG2",20,96,4.44739331376357e-08,7.41227998010612e-05,0.000149826330205308,0.494724790358879
"2279","Diclofenac","15307-79-6","HepG2",20,96,2.19680166674225e-08,0.000132938907907289,0.000149925820163248,0.886697886745171
"2280","2,4-Dichlorophenoxyacetic","94-75-7","HepG2",20,96,4.76094417202589e-08,6.05283017886904e-05,0.000149784601819777,0.404102297921912
"2281","(S)-Naproxen","22204-53-1","HepG2",20,96,7.03557308912934e-08,4.05124161643796e-05,0.000149694448545632,0.270634058630638
"2282","Ibuprofen","15687-27-1","HepG2",20,96,1.02472033981194e-07,1.78001633222879e-05,0.000149503158525563,0.119062122150712
"2283","Torasemide","56211-40-6","HepG2",20,96,1.2710443086993e-07,3.14708072121313e-05,0.000149635197632595,0.210316875374488
"2284","Warfarin","81-81-2","HepG2",20,96,6.00565415086529e-08,6.67671869511518e-05,0.000149805197266573,0.445693394951725
"2285","di-n-butylphthalate","84-74-2","HepG2",20,96,2.29949548236287e-07,2.79024421875118e-06,0.000149173576531981,0.0187046813760143
"2286","hexachlorophene","70-30-4","HepG2",20,96,4.30297459594342e-07,8.15478895197162e-10,0.000148942498256108,5.47512566759111e-06
"2287","hexamethylenetetramine","100-97-0","HepG2",20,96,1.03404257976023e-08,0.000133047645791533,0.000149925134761745,0.887427221612754
"2288","Malathion","121-75-5","HepG2",20,96,4.82430302157978e-08,8.56711385710349e-05,0.000149853945283366,0.571697584665089
"2289","pentachlorophenol","87-86-5","HepG2",20,96,2.37861181279859e-07,7.05827172818823e-07,0.000149106925607046,0.00473369811593425
"2290","2,2,2-trichloroethanol","115-20-8","HepG2",20,96,1.25613378916182e-08,0.000124660828193283,0.000149875516938894,0.831762456866845
"2291","diethylphthalate","84-66-2","HepG2",20,96,3.46020383767206e-08,8.1343037187512e-05,0.000149844198619797,0.542850760568353
"2292","4-chlorophenol","106-48-9","HepG2",20,96,1.92244700737167e-08,8.40588410782388e-05,0.000149847546903613,0.560962410230902
"2293","permethrin","52645-53-1","HepG2",20,96,3.94446891210032e-07,1.53720311753117e-08,0.000148991932073009,0.000103173581021683
"2294","Aniline","62-53-3","HepG2",20,96,6.93852092290288e-09,0.000132851409239791,0.000149910710574749,0.886203585657395
"2295","4-fluoroaniline","371-40-4","HepG2",20,96,8.49733280497781e-09,0.000131433991910266,0.00014991917024527,0.876699035188351
"2296","2,4,6-trichlorophenol","6/2/1988","HepG2",20,96,9.50074401432414e-08,1.90762294483852e-05,0.000149517408999249,0.127585339901663
"2297","Allyl alcohol","107-18-6","HepG2",20,96,4.2880502278656e-09,0.000132988257351698,0.000149889636613507,0.887241175282923
"2298","N-methylaniline","100-61-8","HepG2",20,96,1.00171353434498e-08,0.000117042050326931,0.000149849324329585,0.781064918714642
"2299","3,4-dichloroaniline","95-76-1","HepG2",20,96,3.12754426485917e-08,6.73347970106134e-05,0.000149806322148793,0.449479007593112
"2300","4-decylaniline","37529-30-9","HepG2",20,96,2.32635105338763e-07,2.54621877899637e-08,0.00014900320586248,0.000170883489671112
"2301","naphthalene","91-20-3","HepG2",20,96,4.35888622905127e-08,3.44787330425134e-05,0.000148825057842209,0.231672902012705
"2302","1,2,4-trichlorobenzene","120-82-1","HepG2",20,96,1.08272418103735e-07,1.08961646134118e-05,0.00014855144660051,0.0733494345747718
"2303","1,2-dichlorobenzene","95-50-1","HepG2",20,96,5.54953807141012e-08,2.82834507591279e-05,0.000146628200866177,0.192892298971474
"2304","dichloromethane","9/2/1975","HepG2",20,96,5.81472529383456e-09,0.000111934440224686,0.000129938212851359,0.861443587443606
"2305","tetrachloroethylene","127-18-4","HepG2",20,96,5.20119974406946e-08,2.52227257897689e-05,0.000125174825500448,0.201499987628732
"2306","2,3-dimethyl-1,3-butadiene","513-81-5","HepG2",20,96,1.28634439814205e-08,2.62888645103172e-05,8.51894009966801e-05,0.308593137206608
"2307","cyclosporine A","59865-13-3","HepG2",20,96,2.87098042387389e-07,5.43594300841387e-05,0.000149761270800213,0.362973883659522
"2308","chlorpromazine","50-53-3","HepG2",20,96,2.94470443669407e-07,3.18927631307297e-07,0.000149076489697329,0.00213935565530701
"2309","PBDE 47","5436-43-1","HepG2",20,96,4.981599530414e-07,6.42790924465678e-09,0.000148974404855156,4.31477423984777e-05
"2310","PBDE 99","60348-60-9","HepG2",20,96,5.92377989091002e-07,1.52151976597747e-09,0.000148950923865046,1.0214906537646e-05
"2311","PBDE 153","68631-49-2","HepG2",20,96,6.88284998149082e-07,2.93217646214773e-10,0.000148930464898331,1.96882247305775e-06
"2312","amiodarone","1951-25-3","HepG2",20,96,6.83115660223758e-07,7.48926272665594e-10,0.000148941414687452,5.02832791159658e-06
"2313","PFBS","375-73-5","HepG2",20,96,2.60851525667425e-08,0.000122336508603105,0.000149913076479411,0.816049616725112
"2314","4:2 FTS","757124-72-4","HepG2",20,96,3.2291973367713e-08,0.000113432060280364,0.000149901592331073,0.75671017576543
"2315","PFNA","375-95-1","HepG2",20,96,4.54553345739767e-07,5.12059934416677e-08,0.000149020528039748,0.000343617044679977
"2316","PFHxA","307-24-4","HepG2",20,96,2.14222257324379e-07,7.10260341615264e-06,0.000149317872039888,0.0475670013182032
"2317","PFBA","375-22-4","HepG2",20,96,2.05847725390844e-08,0.000114686586156126,0.000149587632759281,0.766684946078942
"2318","PFOA","335-67-1","HepG2",20,96,2.71314709445735e-07,8.23935648099207e-06,0.00014934476116224,0.0551700402268633
"2319","6:2 FTS","27619-97-2","HepG2",20,96,1.07165538666442e-07,5.16001945174591e-05,0.000149749712125999,0.344576251833077
"2320","8:2 FTS","39108-34-4","HepG2",20,96,3.56259705415377e-07,7.41321573400868e-06,0.000149325495646453,0.0496446752238507
"2321","PFUnDA","2058-94-8","HepG2",20,96,5.47430519416571e-07,7.15358528175247e-08,0.000149029533372053,0.000480011251454
"2322","PFOS","1763-23-1","HepG2",20,96,4.85359473981503e-07,7.1535852818156e-08,0.000149029533373368,0.000480011251454
"2323","PFHpA","375-85-9","HepG2",20,96,1.53201100786857e-07,2.47951997483614e-05,0.000149579186934908,0.165766376034331
"2324","PFPeA","2706-90-3","HepG2",20,96,3.73793048114156e-08,8.77933462285028e-05,0.000149858437110084,0.585841864639301
"2325","PFHxS","355-46-4","HepG2",20,96,7.86399530739881e-08,6.61992303366861e-05,0.000149803453456578,0.441907237845318
"2326","PFDA","335-76-2","HepG2",20,96,5.15058365131253e-07,2.03496778688514e-08,0.000148998096861971,0.000136576763713317
"2327","Azathioprine","446-86-6","HepG2",20,96,2.04704841497428e-08,0.000133024976118315,0.000149925810229499,0.887272017504434
"2328","Benzocaine","94-09-7","HepG2",20,96,1.71755033100597e-08,0.000109485718750794,0.000149896007993882,0.730411171158491
"2329","Butylated hydroxyanisole","25013-16-5","HepG2",20,96,NA,NA,NA,NA
"2330","Cetirizine dihydrochloride","83881-52-1","HepG2",20,96,2.88546515751077e-08,0.000132934573139084,0.0001499258017715,0.886669082761938
"2331","Cyclamate","139-05-9","HepG2",20,96,1.3222324697087e-08,0.000133044934386019,0.000149926127791268,0.887403258831899
"2332","Cyclophosphamide","6055-19-2","HepG2",20,96,1.93647360684845e-08,0.000132933530339697,0.000149918173869859,0.886707241078681
"2333","Cypermethrin","67375-30-8","HepG2",20,96,4.22586810756973e-07,1.09730057158253e-08,0.00014898489836347,7.36517985135315e-05
"2334","DEET","134-62-3","HepG2",20,96,2.44121969083272e-08,9.49596493162647e-05,0.000149871612813815,0.633606641934472
"2335","Dexamethasone","50-02-2","HepG2",20,96,4.22617930718649e-08,0.000106978534432462,0.000149892315279105,0.713702595314939
"2336","Digoxin","20830-75-5","HepG2",20,96,6.19007303959813e-08,0.000128906532822275,0.000149920734675195,0.859831250837668
"2337","Fenazaquin","120928-09-8","HepG2",20,96,2.85894796820698e-07,2.42140913677132e-07,0.000149066905016836,0.00162437741395237
"2338","Fenbuconazole","114369-43-6","HepG2",20,96,1.07881608179363e-07,3.80257197532557e-05,0.000149671567426642,0.25406107791243
"2339","Fluazinam","79622-59-6","HepG2",20,96,2.82805340730564e-07,1.05313333521217e-05,0.000149391934145739,0.0704946583116588
"2340","Furosemide","54-31-9","HepG2",20,96,3.81336260955554e-08,0.000102116232616897,0.000149884700690377,0.681298572479677
"2341","Glybenclamide","10238-21-8","HepG2",20,96,4.24980636930631e-07,1.46787114649763e-06,0.000149139715295097,0.00984225525436473
"2342","HC Red 3","1/4/2871","HepG2",20,96,1.4560092342341e-08,0.000133022828323332,0.000149925509935053,0.887259468925317
"2343","Hydralazine hydrochloride","304-20-1","HepG2",20,96,1.18870042310259e-08,0.000132931305396538,0.000149925470505452,0.88664924611128
"2344","Ketoconazole","65277-42-1","HepG2",20,96,3.91906253575023e-07,5.10412340597072e-06,0.000149262531429973,0.0341956106269398
"2345","Metformin","1115-70-4","HepG2",20,96,9.52728511772658e-09,0.000133047226434316,0.000149926210597559,0.887418056549494
"2346","Metoclopramide","364-62-5","HepG2",20,96,5.43814688217916e-08,7.13032748171484e-05,0.00014981860672733,0.475930702966158
"2347","Nitrofurantoin","67-20-9","HepG2",20,96,1.75697055958412e-08,0.000133043487118526,0.000149926121514865,0.887393642777152
"2348","Oxytetracycline hydrochloride","2058-46-0","HepG2",20,96,3.39613028041038e-08,0.000133049019966086,0.000149926239931439,0.887429845682309
"2349","Panthenol","16485-10-2 ","HepG2",20,96,1.51398790903418e-08,0.000133047305558949,0.000149926152853614,0.887418926095268
"2350","Paracetamol","103-90-2","HepG2",20,96,1.11808700993718e-08,0.000132989501035406,0.000149925990780586,0.887034331692588
"2351","Topiramate","97240-79-4","HepG2",20,96,2.50312698516774e-08,0.000133048777889321,0.000149926171470249,0.887428636271972
"2352","Trimellitic anhydride","552-30-7","HepG2",20,96,1.64222830299533e-08,0.000123537148704826,0.000149914524997237,0.824050562859754
"2353","Verapamil hydrochloride","152-11-4","HepG2",20,96,3.55595649236031e-07,3.78554540561539e-06,0.000149217686032472,0.025369280989866
"2354","Warfarin","129-06-6","HepG2",20,96,4.96146926020882e-08,7.91427516437543e-05,0.000149839085582069,0.528184961462586
"2355","2,4-Dinitrophenol","51-28-5","Me_180",20,96,2.29106886895872e-08,0.000116710156261725,0.000149875007891655,0.778716597940694
"2356","Aldrin","309-00-2","Me_180",20,96,4.16535809763822e-07,1.53582632056875e-08,0.000148858487353074,0.000103173581021683
"2357","Azinphos-methyl","86-50-0","Me_180",20,96,8.26318160030956e-08,6.39034673982176e-05,0.000149739244274312,0.426764992089522
"2358","Chlorpyrifos","2921-88-2","Me_180",20,96,3.49469688327088e-07,1.08949544899289e-06,0.000149003019832036,0.00731190180052072
"2359","DDD-p,p'","50-29-3","Me_180",20,96,4.13235585662963e-07,4.8442957096911e-09,0.000148834279185307,3.25482525679428e-05
"2360","DDT-o,p'","789-02-6","Me_180",20,96,4.06004555248539e-07,1.29767806542088e-08,0.000148854669591434,8.7177518110964e-05
"2361","DDT-p,p'","72-54-8","Me_180",20,96,3.56694453760594e-07,4.44988518816153e-08,0.000148885452986152,0.000298879783008446
"2362","Diazinon","333-41-5","Me_180",20,96,1.89472801134935e-07,1.54207529484618e-05,0.000149377355520616,0.103233538274371
"2363","Dicofol","115-32-2","Me_180",20,96,3.72223585394157e-07,9.25834544109317e-07,0.000148995320753782,0.00621384980028518
"2364","Dieldrin","60-57-1","Me_180",20,96,3.87472242571924e-07,7.05237965553962e-07,0.000148982454791538,0.00473369811593425
"2365","Disulfoton","298-04-4","Me_180",20,96,1.95767245093707e-07,1.03155911368205e-05,0.000149283857524287,0.0691005129951322
"2366","Endosulfan I","115-29-7","Me_180",20,96,2.56821957623343e-07,1.48642699833177e-05,0.000149349107981817,0.0995270087928975
"2367","Endrin","72-20-8","Me_180",20,96,4.00828753726006e-07,3.01593348428453e-07,0.000148947571715533,0.00202482890425666
"2368","Ethion","563-12-2","Me_180",20,96,3.88724614197921e-07,8.08148200405412e-07,0.000148988940069914,0.00542421605272298
"2369","Heptachlor","76-44-8","Me_180",20,96,4.15496178911789e-07,4.70531242425524e-08,0.000148886262802449,0.000316034020579758
"2370","Heptachlor epoxide B","1024-57-3","Me_180",20,96,3.89106832139122e-07,1.03199648904601e-06,0.000148999354139332,0.00692618095566351
"2371","Lindane","58-89-9","Me_180",20,96,1.69802144670147e-07,1.8102076618034e-05,0.000149412981860259,0.121154643944957
"2372","Methoxychlor-o,p'","72-43-5","Me_180",20,96,3.49898488979067e-07,7.86445995436654e-07,0.000148987699906094,0.0052785967964627
"2373","Parathion","56-38-2","Me_180",20,96,1.83844156626457e-07,1.48662053237881e-05,0.000149368553361457,0.0995270087928975
"2374","Trifluralin","1582-09-8","Me_180",20,96,3.49575571071647e-07,3.86249952086273e-07,0.000148955181436827,0.0025930615394543
"2375","Eugenol F","97-53-0","Me_180",20,96,2.94050730510913e-08,9.03753740243392e-05,0.000149819829912965,0.603227049962887
"2376","Methyl-antranilate","134-20-3","Me_180",20,96,2.10602298182588e-08,0.000108636743072233,0.000149860610440132,0.724918594373616
"2377","Lilyfore","285977-85-7","Me_180",20,96,6.99342732613823e-08,3.75205549363181e-05,0.000149601749256205,0.250802915894126
"2378","Damascone beta","23726-91-2","Me_180",20,96,1.58641058842682e-07,5.82830722490869e-06,0.000149071246814757,0.0390974607742512
"2379","Veloutone","14595-54-1","Me_180",20,96,2.30366643718772e-07,4.55351263098942e-07,0.000148959490286426,0.00305687984178364
"2380","Verdox","82356-51-2","Me_180",20,96,NA,NA,NA,NA
"2381","Nirvanol","1506-02-1","Me_180",20,96,NA,NA,NA,NA
"2382","Cetalox","3738-00-9","Me_180",20,96,2.47961536488774e-07,3.27488878201632e-07,0.000148926157527309,0.00219900173105306
"2383","Tonalide","21145-77-7","Me_180",20,96,2.7879717052833e-07,1.43093879912607e-07,0.000148920686535378,0.000960873087827279
"2384","Caffeine","8/2/1958","Me_180",20,96,1.88296539614125e-08,0.000133003041871038,0.000149891698196265,0.887327607009203
"2385","Lamotrigine","84057-84-1","Me_180",20,96,5.75429274584672e-08,7.40975526013953e-05,0.00014977529738836,0.494724790358879
"2386","Diclofenac","15307-79-6","Me_180",20,96,2.88408924334146e-08,0.000132918329942167,0.000149902612749056,0.886697886745171
"2387","2,4-Dichlorophenoxyacetic","94-75-7","Me_180",20,96,6.05459272459341e-08,6.05046514849613e-05,0.00014972607628342,0.404102297921912
"2388","(S)-Naproxen","22204-53-1","Me_180",20,96,8.67708396969663e-08,4.04931228107815e-05,0.000149623159094128,0.270634058630638
"2389","Ibuprofen","15687-27-1","Me_180",20,96,1.21320672473181e-07,1.77892841392311e-05,0.000149411784519622,0.119062122150712
"2390","Torasemide","56211-40-6","Me_180",20,96,1.54352608974097e-07,3.14543593855093e-05,0.000149556992654546,0.210316875374488
"2391","Warfarin","81-81-2","Me_180",20,96,7.70149266980881e-08,6.67426734783768e-05,0.000149750196512573,0.445693394951725
"2392","di-n-butylphthalate","84-74-2","Me_180",20,96,2.62862413538361e-07,2.78803245075827e-06,0.000149055329770732,0.0187046813760143
"2393","hexachlorophene","70-30-4","Me_180",20,96,4.86145309737418e-07,8.14727423096319e-10,0.000148805246228216,5.47512566759111e-06
"2394","hexamethylenetetramine","100-97-0","Me_180",20,96,1.3587970449391e-08,0.000133027088417373,0.000149901969623624,0.887427221612754
"2395","Malathion","121-75-5","Me_180",20,96,6.31496527013466e-08,8.56453422315689e-05,0.000149808822931693,0.571697584665089
"2396","pentachlorophenol","87-86-5","Me_180",20,96,2.70929024722532e-07,7.05239453399758e-07,0.000148982769100934,0.00473369811593425
"2397","2,2,2-trichloroethanol","115-20-8","Me_180",20,96,1.65758763405379e-08,0.000124638483866526,0.000149848653107072,0.831762456866845
"2398","diethylphthalate","84-66-2","Me_180",20,96,4.51135332093839e-08,8.13173614810541e-05,0.000149796900709721,0.542850760568353
"2399","4-chlorophenol","106-48-9","Me_180",20,96,2.51287296476884e-08,8.40330787629725e-05,0.000149801621695798,0.560962410230902
"2400","permethrin","52645-53-1","Me_180",20,96,4.4664804304599e-07,1.53582670112222e-08,0.000148858524237852,0.000103173581021683
"2401","Aniline","62-53-3","Me_180",20,96,9.1028413906401e-09,0.000132830816096861,0.000149887473089297,0.886203585657395
"2402","4-fluoroaniline","371-40-4","Me_180",20,96,1.11507705988169e-08,0.000131413057796658,0.000149895291909869,0.876699035188351
"2403","2,4,6-trichlorophenol","6/2/1988","Me_180",20,96,1.12764366093154e-07,1.90647556476893e-05,0.000149427478598902,0.127585339901663
"2404","Allyl alcohol","107-18-6","Me_180",20,96,5.63365285764924e-09,0.000132967706677783,0.000149866474169645,0.887241175282923
"2405","N-methylaniline","100-61-8","Me_180",20,96,1.32623666580785e-08,0.000117018403389491,0.000149819049077332,0.781064918714642
"2406","3,4-dichloroaniline","95-76-1","Me_180",20,96,4.01359055939948e-08,6.73102162491116e-05,0.000149751634919608,0.449479007593112
"2407","4-decylaniline","37529-30-9","Me_180",20,96,2.63564341434019e-07,2.54395420262929e-08,0.000148870684202755,0.000170883489671112
"2408","naphthalene","91-20-3","Me_180",20,96,5.3229964711362e-08,3.44614035389759e-05,0.000148750256243115,0.231672902012705
"2409","1,2,4-trichlorobenzene","120-82-1","Me_180",20,96,1.26390600530687e-07,1.08888822698622e-05,0.000148452163714529,0.0733494345747718
"2410","1,2-dichlorobenzene","95-50-1","Me_180",20,96,6.70805310997009e-08,2.82685530364726e-05,0.000146550967494317,0.192892298971474
"2411","dichloromethane","9/2/1975","Me_180",20,96,7.64739335627682e-09,0.000111918330302907,0.000129919511775614,0.861443587443606
"2412","tetrachloroethylene","127-18-4","Me_180",20,96,6.30198881560965e-08,2.52115404074835e-05,0.000125119314914978,0.201499987628732
"2413","2,3-dimethyl-1,3-butadiene","513-81-5","Me_180",20,96,1.60152779851477e-08,2.62821325296719e-05,8.51675859274719e-05,0.308593137206608
"2414","cyclosporine A","59865-13-3","Me_180",20,96,3.6188610568103e-07,5.43368574182116e-05,0.000149699082673344,0.362973883659522
"2415","chlorpromazine","50-53-3","Me_180",20,96,3.34862366948195e-07,3.1865662620932e-07,0.000148949813659473,0.00213935565530701
"2416","PBDE 47","5436-43-1","Me_180",20,96,5.6362803050731e-07,6.42209439205087e-09,0.000148839638763521,4.31477423984777e-05
"2417","PBDE 99","60348-60-9","Me_180",20,96,6.69512902703878e-07,1.52012444163826e-09,0.000148814326987328,1.0214906537646e-05
"2418","PBDE 153","68631-49-2","Me_180",20,96,7.77211318539952e-07,2.92945605360055e-10,0.000148792290503006,1.96882247305775e-06
"2419","amiodarone","1951-25-3","Me_180",20,96,7.7173977632785e-07,7.48235703611264e-10,0.000148804078963436,5.02832791159658e-06
"2420","PFBS","375-73-5","Me_180",20,96,3.44680280975237e-08,0.000122313713393938,0.000149885142872556,0.816049616725112
"2421","4:2 FTS","757124-72-4","Me_180",20,96,4.27791733166893e-08,0.000113407876916548,0.000149869633776014,0.75671017576543
"2422","PFNA","375-95-1","Me_180",20,96,5.15421910299346e-07,5.11609247546734e-08,0.00014888936840232,0.000343617044679977
"2423","PFHxA","307-24-4","Me_180",20,96,2.47864858546756e-07,7.09750780179808e-06,0.000149210747053798,0.0475670013182032
"2424","PFBA","375-22-4","Me_180",20,96,2.72652226008464e-08,0.00011466270745591,0.000149556487371155,0.766684946078942
"2425","PFOA","335-67-1","Me_180",20,96,3.14776502900927e-07,8.23356569971603e-06,0.000149239798736035,0.0551700402268633
"2426","6:2 FTS","27619-97-2","Me_180",20,96,1.34523016961811e-07,5.15781781749374e-05,0.000149685818162313,0.344576251833077
"2427","8:2 FTS","39108-34-4","Me_180",20,96,4.12518807971514e-07,7.40792783076253e-06,0.000149218980633064,0.0496446752238507
"2428","PFUnDA","2058-94-8","Me_180",20,96,6.21014329540659e-07,7.14732368222423e-08,0.000148899086439626,0.000480011251454
"2429","PFOS","1763-23-1","Me_180",20,96,5.50599898306139e-07,7.14732368227809e-08,0.000148899086440748,0.000480011251454
"2430","PFHpA","375-85-9","Me_180",20,96,1.83814960686723e-07,2.47812604282681e-05,0.00014949509678088,0.165766376034331
"2431","PFPeA","2706-90-3","Me_180",20,96,4.90161878704937e-08,8.77675277348996e-05,0.000149814366354541,0.585841864639301
"2432","PFHxS","355-46-4","Me_180",20,96,1.00772080092822e-07,6.61747861908852e-05,0.000149748138350358,0.441907237845318
"2433","PFDA","335-76-2","Me_180",20,96,5.83392380200918e-07,2.03315234208456e-08,0.000148865171996041,0.000136576763713317
"2434","Azathioprine","446-86-6","Me_180",20,96,2.6895166684004e-08,0.000133004416256067,0.000149902638235069,0.887272017504434
"2435","Benzocaine","94-09-7","Me_180",20,96,2.27533172226874e-08,0.000109461055653093,0.000149862241947202,0.730411171158491
"2436","Butylated hydroxyanisole","25013-16-5","Me_180",20,96,NA,NA,NA,NA
"2437","Cetirizine dihydrochloride","83881-52-1","Me_180",20,96,3.7880539489231e-08,0.000132913994117466,0.000149902592411866,0.886669082761938
"2438","Cyclamate","139-05-9","Me_180",20,96,1.73746242134969e-08,0.000133024376689178,0.00014990296166399,0.887403258831899
"2439","Cyclophosphamide","6055-19-2","Me_180",20,96,2.54234865081139e-08,0.000132912954815931,0.000149894969453777,0.886707241078681
"2440","Cypermethrin","67375-30-8","Me_180",20,96,4.78353467902892e-07,1.09631394785109e-08,0.000148850940503465,7.36517985135315e-05
"2441","DEET","134-62-3","Me_180",20,96,3.21747336573991e-08,9.49339350377428e-05,0.000149831028835018,0.633606641934472
"2442","Dexamethasone","50-02-2","Me_180",20,96,5.59677621712739e-08,0.000106953609635814,0.000149857392053644,0.713702595314939
"2443","Digoxin","20830-75-5","Me_180",20,96,8.14259628386721e-08,0.000128885035133684,0.000149895732456945,0.859831250837668
"2444","Fenazaquin","120928-09-8","Me_180",20,96,3.24946586157012e-07,2.41933880911141e-07,0.000148939451406479,0.00162437741395237
"2445","Fenbuconazole","114369-43-6","Me_180",20,96,1.32499885612221e-07,3.80071513602789e-05,0.000149598481091933,0.25406107791243
"2446","Fluazinam","79622-59-6","Me_180",20,96,3.29819051362772e-07,1.05242073865574e-05,0.000149290848960918,0.0704946583116588
"2447","Furosemide","54-31-9","Me_180",20,96,5.04335813227811e-08,0.000102090895669872,0.000149847511493086,0.681298572479676
"2448","Glybenclamide","10238-21-8","Me_180",20,96,4.84921241062838e-07,1.46667691424845e-06,0.000149018378038715,0.00984225525436473
"2449","HC Red 3","1/4/2871","Me_180",20,96,1.91295088983933e-08,0.000133002268251976,0.00014990233737722,0.887259468925317
"2450","Hydralazine hydrochloride","304-20-1","Me_180",20,96,1.56048871942559e-08,0.000132910725729238,0.000149902259898338,0.88664924611128
"2451","Ketoconazole","65277-42-1","Me_180",20,96,4.5115339177596e-07,5.10031106597277e-06,0.000149151045191591,0.0341956106269398
"2452","Metformin","1115-70-4","Me_180",20,96,1.25193659956337e-08,0.000133026668783822,0.000149903044908803,0.887418056549494
"2453","Metoclopramide","364-62-5","Me_180",20,96,7.01306722600686e-08,7.12782730513524e-05,0.000149766074361504,0.475930702966158
"2454","Nitrofurantoin","67-20-9","Me_180",20,96,2.30870360875464e-08,0.000133022929339937,0.00014990295504443,0.887393642777152
"2455","Oxytetracycline hydrochloride","2058-46-0","Me_180",20,96,4.4627364809765e-08,0.000133028462266211,0.000149903074494785,0.887429845682309
"2456","Panthenol","16485-10-2 ","Me_180",20,96,1.98946308357521e-08,0.000133026747925221,0.00014990298720645,0.887418926095268
"2457","Paracetamol","103-90-2","Me_180",20,96,1.46856180039984e-08,0.00013296893454399,0.000149902805103683,0.887034331692588
"2458","Topiramate","97240-79-4","Me_180",20,96,3.28926949808867e-08,0.000133028220220169,0.000149903006036645,0.887428636271972
"2459","Trimellitic anhydride","552-30-7","Me_180",20,96,2.16858313772888e-08,0.000123514573209194,0.000149887129232159,0.824050562859754
"2460","Verapamil hydrochloride","152-11-4","Me_180",20,96,4.07849470339108e-07,3.78262934529559e-06,0.000149102741493013,0.025369280989866
"2461","Warfarin","129-06-6","Me_180",20,96,6.45444345056903e-08,7.91171762372946e-05,0.000149790664274524,0.528184961462586
"2462","2,4-Dinitrophenol","51-28-5","H4lle",20,96,1.54803982105425e-08,0.000116741583502055,0.00014991536562952,0.778716597940694
"2463","Aldrin","309-00-2","H4lle",20,96,8.44999200118405e-08,1.54521420340522e-08,0.00014976839885789,0.000103173581021683
"2464","Azinphos-methyl","86-50-0","H4lle",20,96,3.56859781259524e-08,6.39666049039858e-05,0.00014988718870963,0.426764992089522
"2465","Chlorpyrifos","2921-88-2","H4lle",20,96,7.42946315261047e-08,1.09523449065247e-06,0.000149787910249899,0.00731190180052072
"2466","DDD-p,p'","50-29-3","H4lle",20,96,8.32376987070697e-08,4.87459516643498e-09,0.00014976518804687,3.25482525679428e-05
"2467","DDT-o,p'","789-02-6","H4lle",20,96,8.22697726511362e-08,1.30563947278525e-08,0.000149767910474736,8.7177518110964e-05
"2468","DDT-p,p'","72-54-8","H4lle",20,96,7.2950992476563e-08,4.47638349301825e-08,0.000149772040382261,0.000298879783008446
"2469","Diazinon","333-41-5","H4lle",20,96,5.00144290243424e-08,1.5468056289523e-05,0.000149835572315777,0.103233538274371
"2470","Dicofol","115-32-2","H4lle",20,96,7.8914708977237e-08,9.30753913884104e-07,0.00014978699901008,0.00621384980028518
"2471","Dieldrin","60-57-1","H4lle",20,96,8.17921082039631e-08,7.0903674844612e-07,0.000149784952711583,0.00473369811593425
"2472","Disulfoton","298-04-4","H4lle",20,96,4.8259048458948e-08,1.0352736571688e-05,0.000149821414095974,0.0691005129951322
"2473","Endosulfan I","115-29-7","H4lle",20,96,6.73143237265248e-08,1.49106136576874e-05,0.000149814747157874,0.0995270087928975
"2474","Endrin","72-20-8","H4lle",20,96,8.36182011007102e-08,3.03279564360379e-07,0.000149780341303314,0.00202482890425666
"2475","Ethion","563-12-2","H4lle",20,96,8.22315728050147e-08,8.12472181482448e-07,0.000149786102468131,0.00542421605272298
"2476","Heptachlor","76-44-8","H4lle",20,96,8.50175170397237e-08,4.73328895013034e-08,0.000149771500595006,0.000316034020579758
"2477","Heptachlor epoxide B","1024-57-3","H4lle",20,96,8.2644348957579e-08,1.03744855324353e-06,0.000149786521588815,0.00692618095566351
"2478","Lindane","58-89-9","H4lle",20,96,4.63388202950636e-08,1.8153508170087e-05,0.000149837493462772,0.121154643944957
"2479","Methoxychlor-o,p'","72-43-5","H4lle",20,96,7.39862462771332e-08,7.9065959122898e-07,0.000149785941551516,0.0052785967964627
"2480","Parathion","56-38-2","H4lle",20,96,4.81864954698862e-08,1.4912561085208e-05,0.00014983431398244,0.0995270087928975
"2481","Trifluralin","1582-09-8","H4lle",20,96,7.315994609356e-08,3.88387724186736e-07,0.000149779601554875,0.0025930615394543
"2482","Eugenol F","97-53-0","H4lle",20,96,1.59118864677693e-08,9.04249440364418e-05,0.00014990200462994,0.603227049962887
"2483","Methyl-antranilate","134-20-3","H4lle",20,96,1.32770818982387e-08,0.0001086740687284,0.000149912099885232,0.724918594373616
"2484","Lilyfore","285977-85-7","H4lle",20,96,2.35956310228799e-08,3.75864939611637e-05,0.000149864660971607,0.250802915894126
"2485","Damascone beta","23726-91-2","H4lle",20,96,3.64878333169334e-08,5.85312552025418e-06,0.000149706027049944,0.0390974607742513
"2486","Veloutone","14595-54-1","H4lle",20,96,4.83193708087403e-08,4.57853757363863e-07,0.000149778133607212,0.00305687984178364
"2487","Verdox","82356-51-2","H4lle",20,96,NA,NA,NA,NA
"2488","Nirvanol","1506-02-1","H4lle",20,96,NA,NA,NA,NA
"2489","Cetalox","3738-00-9","H4lle",20,96,5.17822765826246e-08,3.29313517311894e-07,0.000149755915450868,0.00219900173105306
"2490","Tonalide","21145-77-7","H4lle",20,96,5.76589899335078e-08,1.43916191010364e-07,0.000149776482277994,0.000960873087827279
"2491","Caffeine","8/2/1958","H4lle",20,96,1.49129620576656e-08,0.000133020937365253,0.000149911866050926,0.887327607009203
"2492","Lamotrigine","84057-84-1","H4lle",20,96,2.71493623128369e-08,7.41562680911929e-05,0.000149893980524807,0.494724790358879
"2493","Diclofenac","15307-79-6","H4lle",20,96,2.27564492098826e-08,0.000132936547274286,0.00014992315788894,0.886697886745171
"2494","2,4-Dichlorophenoxyacetic","94-75-7","H4lle",20,96,2.53708689638134e-08,6.0568958040264e-05,0.000149885210630424,0.404102297921912
"2495","(S)-Naproxen","22204-53-1","H4lle",20,96,3.01550888673779e-08,4.0559665633462e-05,0.000149869036582783,0.270634058630638
"2496","Ibuprofen","15687-27-1","H4lle",20,96,3.29822844727489e-08,1.78402718764771e-05,0.000149840029341107,0.119062122150712
"2497","Torasemide","56211-40-6","H4lle",20,96,4.89326666809566e-08,3.15179940584034e-05,0.000149859558355852,0.210316875374488
"2498","Warfarin","81-81-2","H4lle",20,96,3.40994161785661e-08,6.68047081705467e-05,0.000149889383435405,0.445693394951725
"2499","di-n-butylphthalate","84-74-2","H4lle",20,96,5.6945867651933e-08,2.80187018950286e-06,0.000149795130597402,0.0187046813760143
"2500","hexachlorophene","70-30-4","H4lle",20,96,9.71197232574295e-08,8.19962035959214e-10,0.000149761317957104,5.47512566759111e-06
"2501","hexamethylenetetramine","100-97-0","H4lle",20,96,1.0766374386164e-08,0.000133044949482337,0.00014992209641772,0.887427221612754
"2502","Malathion","121-75-5","H4lle",20,96,3.28484442001145e-08,8.56977793457248e-05,0.000149900544701318,0.571697584665089
"2503","pentachlorophenol","87-86-5","H4lle",20,96,5.71908227815747e-08,7.09038252369702e-07,0.000149785270417432,0.00473369811593425
"2504","2,2,2-trichloroethanol","115-20-8","H4lle",20,96,1.20224844563956e-08,0.000124663827371726,0.000149879122750166,0.831762456866845
"2505","diethylphthalate","84-66-2","H4lle",20,96,2.26293911009354e-08,8.13722819506571e-05,0.000149898071185278,0.542850760568353
"2506","4-chlorophenol","106-48-9","H4lle",20,96,1.28959707814976e-08,8.40864544971016e-05,0.00014989677198244,0.560962410230902
"2507","permethrin","52645-53-1","H4lle",20,96,9.06085937465602e-08,1.54521458861663e-08,0.000149768436194135,0.000103173581021683
"2508","Aniline","62-53-3","H4lle",20,96,7.15913995846987e-09,0.000132849310087007,0.000149908341872097,0.886203585657395
"2509","4-fluoroaniline","371-40-4","H4lle",20,96,8.61374411362266e-09,0.000131433073491313,0.000149918122657767,0.876699035188351
"2510","2,4,6-trichlorophenol","6/2/1988","H4lle",20,96,3.11325783253252e-08,1.91175027762545e-05,0.00014984090484839,0.127585339901663
"2511","Allyl alcohol","107-18-6","H4lle",20,96,4.45977679000429e-09,0.00013298563466317,0.000149886680609433,0.887241175282923
"2512","N-methylaniline","100-61-8","H4lle",20,96,8.98877426066084e-09,0.00011704954365723,0.000149858918065162,0.781064918714642
"2513","3,4-dichloroaniline","95-76-1","H4lle",20,96,1.78590047361436e-08,6.73720169913776e-05,0.000149889129087794,0.449479007593112
"2514","4-decylaniline","37529-30-9","H4lle",20,96,5.36628344370571e-08,2.55932276817437e-08,0.000149770043501577,0.000170883489671112
"2515","naphthalene","91-20-3","H4lle",20,96,1.74444757854033e-08,3.45257265521365e-05,0.000149027902064451,0.231672902012705
"2516","1,2,4-trichlorobenzene","120-82-1","H4lle",20,96,3.14371720981877e-08,1.09270474363839e-05,0.000148972483560796,0.0733494345747718
"2517","1,2-dichlorobenzene","95-50-1","H4lle",20,96,2.06832768260934e-08,2.83282167788779e-05,0.000146860278662899,0.192892298971474
"2518","dichloromethane","9/2/1975","H4lle",20,96,5.78008955414697e-09,0.00011193474468736,0.000129938566284456,0.861443587443606
"2519","tetrachloroethylene","127-18-4","H4lle",20,96,1.96948907895909e-08,2.52555639772684e-05,0.000125337794182908,0.201499987628732
"2520","2,3-dimethyl-1,3-butadiene","513-81-5","H4lle",20,96,5.87764829068159e-09,2.63037854233476e-05,8.52377524058056e-05,0.308593137206608
"2521","cyclosporine A","59865-13-3","H4lle",20,96,1.43416003599971e-07,5.44027964519618e-05,0.00014988074597398,0.362973883659522
"2522","chlorpromazine","50-53-3","H4lle",20,96,6.99054310148364e-08,3.20434325264347e-07,0.000149780764348115,0.00213935565530701
"2523","PBDE 47","5436-43-1","H4lle",20,96,1.13711636907555e-07,6.4620558146988e-09,0.000149765792031956,4.31477423984777e-05
"2524","PBDE 99","60348-60-9","H4lle",20,96,1.34095268454832e-07,1.52980982561755e-09,0.000149762488768701,1.0214906537646e-05
"2525","PBDE 153","68631-49-2","H4lle",20,96,1.54712787927136e-07,2.94849935052095e-10,0.000149759533470871,1.96882247305775e-06
"2526","amiodarone","1951-25-3","H4lle",20,96,1.54124111199987e-07,7.53048234157289e-10,0.000149761162636305,5.02832791159658e-06
"2527","PFBS","375-73-5","H4lle",20,96,2.44721839559129e-08,0.000122340894682409,0.000149918451249785,0.816049616725112
"2528","4:2 FTS","757124-72-4","H4lle",20,96,2.8090363620588e-08,0.000113441749144656,0.000149914396261299,0.75671017576543
"2529","PFNA","375-95-1","H4lle",20,96,1.05540291926933e-07,5.14644118908104e-08,0.00014977258167953,0.000343617044679977
"2530","PFHxA","307-24-4","H4lle",20,96,5.82125518737171e-08,7.12623313705224e-06,0.000149814639131459,0.0475670013182032
"2531","PFBA","375-22-4","H4lle",20,96,1.81360337260853e-08,0.00011469533896462,0.000149599049193814,0.766684946078942
"2532","PFOA","335-67-1","H4lle",20,96,7.52512024394961e-08,8.26547967654262e-06,0.000149818264452126,0.0551700402268633
"2533","6:2 FTS","27619-97-2","H4lle",20,96,5.19726422131694e-08,5.16446118311843e-05,0.00014987861629014,0.344576251833077
"2534","8:2 FTS","39108-34-4","H4lle",20,96,9.73617389790443e-08,7.43755006221392e-06,0.000149815665601146,0.0496446752238507
"2535","PFUnDA","2058-94-8","H4lle",20,96,1.27545503028665e-07,7.18931531273921e-08,0.00014977389156946,0.000480011251454
"2536","PFOS","1763-23-1","H4lle",20,96,1.13083607989085e-07,7.1893153128335e-08,0.000149773891571424,0.000480011251454
"2537","PFHpA","375-85-9","H4lle",20,96,5.42125430384072e-08,2.48402719189344e-05,0.000149851088702029,0.165766376034331
"2538","PFPeA","2706-90-3","H4lle",20,96,2.59530380456498e-08,8.78186974322349e-05,0.000149901710227391,0.585841864639301
"2539","PFHxS","355-46-4","H4lle",20,96,4.43972271893643e-08,6.6237050206841e-05,0.000149889036734959,0.441907237845318
"2540","PFDA","335-76-2","H4lle",20,96,1.18583766428662e-07,2.04550101469966e-08,0.000149769328184793,0.000136576763713317
"2541","Azathioprine","446-86-6","H4lle",20,96,2.1294620354272e-08,0.000133022338769816,0.000149922837805657,0.887272017504434
"2542","Benzocaine","94-09-7","H4lle",20,96,1.44451359917887e-08,0.000109497791458305,0.000149912536639647,0.730411171158491
"2543","Butylated hydroxyanisole","25013-16-5","H4lle",20,96,NA,NA,NA,NA
"2544","Cetirizine dihydrochloride","83881-52-1","H4lle",20,96,2.98835175424012e-08,0.000132932227325001,0.000149923156123728,0.886669082761938
"2545","Cyclamate","139-05-9","H4lle",20,96,1.37654771114974e-08,0.000133042245282636,0.00014992309748531,0.887403258831899
"2546","Cyclophosphamide","6055-19-2","H4lle",20,96,2.00611996789989e-08,0.000132931165148439,0.000149915506482983,0.886707241078681
"2547","Cypermethrin","67375-30-8","H4lle",20,96,9.68232053520028e-08,1.10306398148385e-08,0.000149767419634864,7.36517985135315e-05
"2548","DEET","134-62-3","H4lle",20,96,1.8084340089985e-08,9.49806110557937e-05,0.000149904696020558,0.633606641934472
"2549","Dexamethasone","50-02-2","H4lle",20,96,3.47852226430866e-08,0.000106992130844084,0.000149911365807589,0.713702595314939
"2550","Digoxin","20830-75-5","H4lle",20,96,6.14051815642486e-08,0.000128907078431886,0.000149921369229487,0.859831250837668
"2551","Fenazaquin","120928-09-8","H4lle",20,96,6.76048759671042e-08,2.43298175997695e-07,0.000149779339399771,0.00162437741395237
"2552","Fenbuconazole","114369-43-6","H4lle",20,96,4.49246213664914e-08,3.80732052057165e-05,0.000149858473082758,0.25406107791243
"2553","Fluazinam","79622-59-6","H4lle",20,96,8.15457502662722e-08,1.05618386871698e-05,0.000149824666721209,0.0704946583116588
"2554","Furosemide","54-31-9","H4lle",20,96,3.00907945771674e-08,0.000102132800221603,0.000149909018376301,0.681298572479676
"2555","Glybenclamide","10238-21-8","H4lle",20,96,1.036449299276e-07,1.47427330854233e-06,0.000149790192434659,0.00984225525436473
"2556","HC Red 3","1/4/2871","H4lle",20,96,1.51450302016725e-08,0.000133020196397794,0.000149922543581207,0.887259468925317
"2557","Hydralazine hydrochloride","304-20-1","H4lle",20,96,1.23089428756359e-08,0.000132928969831644,0.000149922836357954,0.88664924611128
"2558","Ketoconazole","65277-42-1","H4lle",20,96,1.02451239293374e-07,5.12274879455629e-06,0.000149807203340902,0.0341956106269398
"2559","Metformin","1115-70-4","H4lle",20,96,9.91935803507917e-09,0.000133044532624111,0.00014992317503818,0.887418056549494
"2560","Metoclopramide","364-62-5","H4lle",20,96,3.2297293524988e-08,7.13383333127062e-05,0.000149892269752932,0.475930702966158
"2561","Nitrofurantoin","67-20-9","H4lle",20,96,1.8290527836891e-08,0.00013304080130805,0.000149923094886831,0.887393642777153
"2562","Oxytetracycline hydrochloride","2058-46-0","H4lle",20,96,3.53605860787344e-08,0.000133046322996428,0.000149923200852158,0.887429845682309
"2563","Panthenol","16485-10-2 ","H4lle",20,96,1.57629864206968e-08,0.000133044611493527,0.000149923117009614,0.887418926095268
"2564","Paracetamol","103-90-2","H4lle",20,96,1.16117311640823e-08,0.000132986972665141,0.000149923140417105,0.887034331692588
"2565","Topiramate","97240-79-4","H4lle",20,96,2.6062506853392e-08,0.000133046081198994,0.00014992313270159,0.887428636271972
"2566","Trimellitic anhydride","552-30-7","H4lle",20,96,1.55643490323454e-08,0.000123540828406006,0.000149918990380001,0.824050562859754
"2567","Verapamil hydrochloride","152-11-4","H4lle",20,96,9.03611658487375e-08,3.80034699773807e-06,0.000149801131504521,0.025369280989866
"2568","Warfarin","129-06-6","H4lle",20,96,3.17805228383099e-08,7.91733024831011e-05,0.000149896926758126,0.528184961462586
"2569","2,4-Dinitrophenol","51-28-5","SH-SY5Y",20,96,8.32634050211829e-09,0.000116771842385147,0.000149954223004812,0.778716597940694
"2570","Aldrin","309-00-2","SH-SY5Y",20,96,7.66199664071397e-08,1.54543699883205e-08,0.000149789993090116,0.000103173581021683
"2571","Azinphos-methyl","86-50-0","SH-SY5Y",20,96,2.05035210520759e-08,6.39870238059874e-05,0.000149935034485127,0.426764992089522
"2572","Chlorpyrifos","2921-88-2","SH-SY5Y",20,96,6.48543727565003e-08,1.09543137637144e-06,0.000149814836995408,0.00731190180052073
"2573","DDD-p,p'","50-29-3","SH-SY5Y",20,96,7.59210557918941e-08,4.87526695949891e-09,0.000149785827958722,3.25482525679428e-05
"2574","DDT-o,p'","789-02-6","SH-SY5Y",20,96,7.46682146201738e-08,1.30582641313555e-08,0.000149789354116898,8.7177518110964e-05
"2575","DDT-p,p'","72-54-8","SH-SY5Y",20,96,6.57048581782559e-08,4.47706019681179e-08,0.000149794681719415,0.000298879783008446
"2576","Diazinon","333-41-5","SH-SY5Y",20,96,3.72245621335312e-08,1.54723945263453e-05,0.000149877595837346,0.103233538274371
"2577","Dicofol","115-32-2","SH-SY5Y",20,96,6.9036017247309e-08,9.30919599079249e-07,0.000149813662865898,0.00621384980028518
"2578","Dieldrin","60-57-1","SH-SY5Y",20,96,7.17988498611551e-08,7.09160937796537e-07,0.000149811187876432,0.00473369811593425
"2579","Disulfoton","298-04-4","SH-SY5Y",20,96,3.76836960134314e-08,1.03553996512736e-05,0.000149859953311823,0.0691005129951322
"2580","Endosulfan I","115-29-7","SH-SY5Y",20,96,5.03439605128856e-08,1.49147637226363e-05,0.000149856445034653,0.0995270087928975
"2581","Endrin","72-20-8","SH-SY5Y",20,96,7.41007236325007e-08,3.03330157007069e-07,0.000149805327437493,0.00202482890425666
"2582","Ethion","563-12-2","SH-SY5Y",20,96,7.20628329342305e-08,8.12615641305503e-07,0.000149812550497056,0.00542421605272298
"2583","Heptachlor","76-44-8","SH-SY5Y",20,96,7.6542794573499e-08,4.73400637397887e-08,0.000149794201437378,0.000316034020579758
"2584","Heptachlor epoxide B","1024-57-3","SH-SY5Y",20,96,7.21955969849648e-08,1.03763443983264e-06,0.000149813359840703,0.00692618095566351
"2585","Lindane","58-89-9","SH-SY5Y",20,96,3.37236760792321e-08,1.81587633051665e-05,0.000149880868895263,0.121154643944957
"2586","Methoxychlor-o,p'","72-43-5","SH-SY5Y",20,96,6.48592759525217e-08,7.90798973823905e-07,0.000149812346787661,0.0052785967964627
"2587","Parathion","56-38-2","SH-SY5Y",20,96,3.60383790414366e-08,1.4916712234423e-05,0.000149876022753408,0.0995270087928975
"2588","Trifluralin","1582-09-8","SH-SY5Y",20,96,6.46653251006054e-08,3.88453420781264e-07,0.000149804937087229,0.0025930615394543
"2589","Eugenol F","97-53-0","SH-SY5Y",20,96,8.65390994566068e-09,9.04516077144497e-05,0.000149946206357979,0.603227049962887
"2590","Methyl-antranilate","134-20-3","SH-SY5Y",20,96,7.13604553264369e-09,0.000108703519307276,0.000149952725934978,0.724918594373616
"2591","Lilyfore","285977-85-7","SH-SY5Y",20,96,1.51154626978362e-08,3.75985610827521e-05,0.000149912774932106,0.250802915894126
"2592","Damascone beta","23726-91-2","SH-SY5Y",20,96,2.99847959250022e-08,5.85444676496156e-06,0.000149739820669305,0.0390974607742512
"2593","Veloutone","14595-54-1","SH-SY5Y",20,96,4.26323438069315e-08,4.57931933501301e-07,0.000149803707441149,0.00305687984178364
"2594","Verdox","82356-51-2","SH-SY5Y",20,96,NA,NA,NA,NA
"2595","Nirvanol","1506-02-1","SH-SY5Y",20,96,NA,NA,NA,NA
"2596","Cetalox","3738-00-9","SH-SY5Y",20,96,4.58494674343374e-08,3.29368697638504e-07,0.000149781008803834,0.00219900173105306
"2597","Tonalide","21145-77-7","SH-SY5Y",20,96,5.14579766335743e-08,1.43939249724419e-07,0.000149800479946726,0.000960873087827279
"2598","Caffeine","8/2/1958","SH-SY5Y",20,96,8.08845173987729e-09,0.000133052118777503,0.00014994700686251,0.887327607009203
"2599","Lamotrigine","84057-84-1","SH-SY5Y",20,96,1.51847939226464e-08,7.41793817169594e-05,0.000149940700693711,0.494724790358879
"2600","Diclofenac","15307-79-6","SH-SY5Y",20,96,1.23534634236189e-08,0.000132967694684184,0.000149958285309862,0.886697886745171
"2601","2,4-Dichlorophenoxyacetic","94-75-7","SH-SY5Y",20,96,1.47338212224967e-08,6.05884045438628e-05,0.000149933333355038,0.404102297921912
"2602","(S)-Naproxen","22204-53-1","SH-SY5Y",20,96,1.9021205266052e-08,4.05727517450427e-05,0.000149917390110964,0.270634058630638
"2603","Ibuprofen","15687-27-1","SH-SY5Y",20,96,2.40643192324431e-08,1.78454192067699e-05,0.000149883261648744,0.119062122150712
"2604","Torasemide","56211-40-6","SH-SY5Y",20,96,3.24471836739218e-08,3.15279451957116e-05,0.000149906873328987,0.210316875374488
"2605","Warfarin","81-81-2","SH-SY5Y",20,96,1.94307501288044e-08,6.68259118372866e-05,0.000149936957994463,0.445693394951725
"2606","di-n-butylphthalate","84-74-2","SH-SY5Y",20,96,4.90020617682909e-08,2.80240401892401e-06,0.00014982367048057,0.0187046813760143
"2607","hexachlorophene","70-30-4","SH-SY5Y",20,96,8.91924913806303e-08,8.20068702439247e-10,0.00014978079997204,5.47512566759111e-06
"2608","hexamethylenetetramine","100-97-0","SH-SY5Y",20,96,5.83882606695609e-09,0.000133076141495181,0.000149957245230022,0.887427221612754
"2609","Malathion","121-75-5","SH-SY5Y",20,96,1.79787954840428e-08,8.57235117011061e-05,0.000149945555133532,0.571697584665089
"2610","pentachlorophenol","87-86-5","SH-SY5Y",20,96,5.02033190005356e-08,7.09162442252896e-07,0.000149811505694831,0.00473369811593425
"2611","2,2,2-trichloroethanol","115-20-8","SH-SY5Y",20,96,6.4925267077554e-09,0.000124694606297989,0.000149916127217017,0.831762456866845
"2612","diethylphthalate","84-66-2","SH-SY5Y",20,96,1.24734795578644e-08,8.13970890980323e-05,0.000149943769099285,0.542850760568353
"2613","4-chlorophenol","106-48-9","SH-SY5Y",20,96,7.07586851553857e-09,8.41118496048686e-05,0.000149942042587571,0.560962410230902
"2614","permethrin","52645-53-1","SH-SY5Y",20,96,8.21589820249098e-08,1.54543738416567e-08,0.000149790030438207,0.000103173581021683
"2615","Aniline","62-53-3","SH-SY5Y",20,96,3.88936205629112e-09,0.000132880421470321,0.000149943448233454,0.886203585657395
"2616","4-fluoroaniline","371-40-4","SH-SY5Y",20,96,4.67897549850106e-09,0.000131464116575651,0.000149953531712746,0.876699035188351
"2617","2,4,6-trichlorophenol","6/2/1988","SH-SY5Y",20,96,2.24837642895345e-08,1.91230912868181e-05,0.000149884706985594,0.127585339901663
"2618","Allyl alcohol","107-18-6","SH-SY5Y",20,96,2.41914148020479e-09,0.000133016800201867,0.000149921806953393,0.887241175282923
"2619","N-methylaniline","100-61-8","SH-SY5Y",20,96,4.83526482199740e-09,0.000117079808919746,0.00014989766678091,0.781064918714642
"2620","3,4-dichloroaniline","95-76-1","SH-SY5Y",20,96,1.01604707352946e-08,6.73933743211202e-05,0.000149936644832427,0.449479007593112
"2621","4-decylaniline","37529-30-9","SH-SY5Y",20,96,4.85119738253062e-08,2.55969990381198e-08,0.000149792113254385,0.000170883489671112
"2622","naphthalene","91-20-3","SH-SY5Y",20,96,1.13528728866983e-08,3.4536675969472e-05,0.000149075164464327,0.231672902012705
"2623","1,2,4-trichlorobenzene","120-82-1","SH-SY5Y",20,96,2.43905907038431e-08,1.09298797085368e-05,0.000149011096975736,0.0733494345747718
"2624","1,2-dichlorobenzene","95-50-1","SH-SY5Y",20,96,1.3938708324834e-08,2.83368898394694e-05,0.000146905241891798,0.192892298971474
"2625","dichloromethane","9/2/1975","SH-SY5Y",20,96,3.13264781275555e-09,0.000111958016811884,0.000129965581546817,0.861443587443606
"2626","tetrachloroethylene","127-18-4","SH-SY5Y",20,96,1.31649555195711e-08,2.52621992012236e-05,0.000125370723336071,0.201499987628732
"2627","2,3-dimethyl-1,3-butadiene","513-81-5","SH-SY5Y",20,96,3.60769977341171e-09,2.63086337908467e-05,8.5253463602571e-05,0.308593137206608
"2628","cyclosporine A","59865-13-3","SH-SY5Y",20,96,8.51207741652486e-08,5.44203912215202e-05,0.000149929219901032,0.362973883659522
"2629","chlorpromazine","50-53-3","SH-SY5Y",20,96,6.19138153413478e-08,3.20487944120515e-07,0.000149805827434767,0.00213935565530701
"2630","PBDE 47","5436-43-1","SH-SY5Y",20,96,1.03579564757087e-07,6.46295574192964e-09,0.000149786648910689,4.31477423984777e-05
"2631","PBDE 99","60348-60-9","SH-SY5Y",20,96,1.22887461099452e-07,1.5300125681325e-09,0.000149782336479907,1.0214906537646e-05
"2632","PBDE 153","68631-49-2","SH-SY5Y",20,96,1.42508951678584e-07,2.94887268678718e-10,0.000149778495884768,1.96882247305775e-06
"2633","amiodarone","1951-25-3","SH-SY5Y",20,96,1.41582445312566e-07,7.53145960224785e-10,0.000149780597738632,5.02832791159658e-06
"2634","PFBS","375-73-5","SH-SY5Y",20,96,1.31956464073015e-08,0.000122371558507877,0.000149956027182472,0.816049616725112
"2635","4:2 FTS","757124-72-4","SH-SY5Y",20,96,1.50979518935705e-08,0.00011347170949834,0.000149953989165748,0.75671017576543
"2636","PFNA","375-95-1","SH-SY5Y",20,96,9.49631803371612e-08,5.14722434627181e-08,0.000149795373249473,0.000343617044679977
"2637","PFHxA","307-24-4","SH-SY5Y",20,96,4.70955858310487e-08,7.12791694771448e-06,0.00014985003784518,0.0475670013182032
"2638","PFBA","375-22-4","SH-SY5Y",20,96,9.75019185998406e-09,0.000114725313442707,0.000149638145406984,0.766684946078942
"2639","PFOA","335-67-1","SH-SY5Y",20,96,6.00866750063365e-08,8.2675001744858e-06,0.000149854887552904,0.0551700402268633
"2640","6:2 FTS","27619-97-2","SH-SY5Y",20,96,3.11807656408794e-08,5.16613444067216e-05,0.00014992717615301,0.344576251833077
"2641","8:2 FTS","39108-34-4","SH-SY5Y",20,96,7.84803707498281e-08,7.4393247590977e-06,0.000149851413581685,0.0496446752238507
"2642","PFUnDA","2058-94-8","SH-SY5Y",20,96,1.14478716811107e-07,7.19042722834834e-08,0.000149797055934998,0.000480011251454
"2643","PFOS","1763-23-1","SH-SY5Y",20,96,1.01498414508766e-07,7.19042722853806e-08,0.000149797055938951,0.000480011251454
"2644","PFHpA","375-85-9","SH-SY5Y",20,96,3.75335318999168e-08,2.48478663243569e-05,0.000149896902609554,0.165766376034331
"2645","PFPeA","2706-90-3","SH-SY5Y",20,96,1.41619107906398e-08,8.78448581438536e-05,0.000149946365130357,0.585841864639301
"2646","PFHxS","355-46-4","SH-SY5Y",20,96,2.53393271488424e-08,6.62580989781686e-05,0.000149936668385959,0.441907237845318
"2647","PFDA","335-76-2","SH-SY5Y",20,96,1.07349078830843e-07,2.04579948912304e-08,0.000149791182152866,0.000136576763713317
"2648","Azathioprine","446-86-6","SH-SY5Y",20,96,1.15505056874385e-08,0.000133053521268594,0.00014995798204346,0.887272017504434
"2649","Benzocaine","94-09-7","SH-SY5Y",20,96,7.76317656744651e-09,0.000109527336692478,0.000149952986779705,0.730411171158491
"2650","Butylated hydroxyanisole","25013-16-5","SH-SY5Y",20,96,NA,NA,NA,NA
"2651","Cetirizine dihydrochloride","83881-52-1","SH-SY5Y",20,96,1.62231383348717e-08,0.000132963372985317,0.000149958282712578,0.886669082761938
"2652","Cyclamate","139-05-9","SH-SY5Y",20,96,7.46545879188232e-09,0.000133073436160412,0.000149958245967655,0.887403258831899
"2653","Cyclophosphamide","6055-19-2","SH-SY5Y",20,96,1.08901786242831e-08,0.000132962309946949,0.000149950630588287,0.886707241078681
"2654","Cypermethrin","67375-30-8","SH-SY5Y",20,96,8.79573042801946e-08,1.10322083701232e-08,0.000149788716538895,7.36517985135315e-05
"2655","DEET","134-62-3","SH-SY5Y",20,96,9.78839509452617e-09,9.500809230931e-05,0.000149948068756413,0.633606641934472
"2656","Dexamethasone","50-02-2","SH-SY5Y",20,96,1.87014739816388e-08,0.000107021379718193,0.000149952347687579,0.713702595314939
"2657","Digoxin","20830-75-5","SH-SY5Y",20,96,3.32736091046283e-08,0.000128938051880531,0.00014995739193582,0.859831250837668
"2658","Fenazaquin","120928-09-8","SH-SY5Y",20,96,6.00418034078174e-08,2.43338271570594e-07,0.000149804023055524,0.00162437741395237
"2659","Fenbuconazole","114369-43-6","SH-SY5Y",20,96,2.8704119125963e-08,3.80854395570848e-05,0.000149906628240836,0.25406107791243
"2660","Fluazinam","79622-59-6","SH-SY5Y",20,96,6.35406197407283e-08,1.05645677622751e-05,0.000149863379939638,0.0704946583116588
"2661","Furosemide","54-31-9","SH-SY5Y",20,96,1.620556561526e-08,0.000102161402708768,0.000149951000685262,0.681298572479677
"2662","Glybenclamide","10238-21-8","SH-SY5Y",20,96,9.00995476164155e-08,1.47454318123568e-06,0.000149817612236968,0.00984225525436473
"2663","HC Red 3","1/4/2871","SH-SY5Y",20,96,8.21501079793243e-09,0.000133051377992139,0.0001499576872967,0.887259468925317
"2664","Hydralazine hydrochloride","304-20-1","SH-SY5Y",20,96,6.68246947844698e-09,0.000132960114155371,0.000149957962225215,0.88664924611128
"2665","Ketoconazole","65277-42-1","SH-SY5Y",20,96,8.50089236966527e-08,5.12387114483293e-06,0.0001498400248129,0.0341956106269398
"2666","Metformin","1115-70-4","SH-SY5Y",20,96,5.37951144411082e-09,0.000133075724488008,0.000149958324045648,0.887418056549494
"2667","Metoclopramide","364-62-5","SH-SY5Y",20,96,1.8185148312145e-08,7.13607362585018e-05,0.000149939341617925,0.475930702966158
"2668","Nitrofurantoin","67-20-9","SH-SY5Y",20,96,9.91963411946599e-09,0.000133071991569336,0.000149958243055335,0.887393642777153
"2669","Oxytetracycline hydrochloride","2058-46-0","SH-SY5Y",20,96,1.9176737969041e-08,0.000133077515642043,0.000149958350273565,0.887429845682309
"2670","Panthenol","16485-10-2 ","SH-SY5Y",20,96,8.54864820178509e-09,0.000133075803389684,0.000149958266018994,0.887418926095268
"2671","Paracetamol","103-90-2","SH-SY5Y",20,96,6.30038496334285e-09,0.000133018140600472,0.00014995827765387,0.887034331692588
"2672","Topiramate","97240-79-4","SH-SY5Y",20,96,1.41342189430743e-08,0.000133077273736272,0.00014995828204882,0.887428636271972
"2673","Trimellitic anhydride","552-30-7","SH-SY5Y",20,96,8.3986769848257e-09,0.000123571562159625,0.000149956286336104,0.824050562859754
"2674","Verapamil hydrochloride","152-11-4","SH-SY5Y",20,96,7.64072331165242e-08,3.80112570647961e-06,0.000149831826451763,0.025369280989866
"2675","Warfarin","129-06-6","SH-SY5Y",20,96,1.75890596027568e-08,7.919761318088e-05,0.000149942953622866,0.528184961462586
"2676","2,4-Dinitrophenol","51-28-5","HEK293H",20,96,1.56397132740104e-08,0.000116740909661266,0.000149914500307282,0.778716597940694
"2677","Aldrin","309-00-2","HEK293H",20,96,3.773858832329e-07,1.53693323380853e-08,0.00014896577385305,0.000103173581021683
"2678","Azinphos-methyl","86-50-0","HEK293H",20,96,5.97319766940622e-08,6.39342654154888e-05,0.00014981141049657,0.426764992089522
"2679","Chlorpyrifos","2921-88-2","HEK293H",20,96,3.12700530020725e-07,1.09026230535525e-06,0.000149107897657707,0.00731190180052073
"2680","DDD-p,p'","50-29-3","HEK293H",20,96,3.75102673063678e-07,4.84779696403417e-09,0.000148941850377824,3.25482525679428e-05
"2681","DDT-o,p'","789-02-6","HEK293H",20,96,3.67956129810796e-07,1.29861376658862e-08,0.000148962002443758,8.7177518110964e-05
"2682","DDT-p,p'","72-54-8","HEK293H",20,96,3.22466869401586e-07,4.45308164231629e-08,0.000148992400807198,0.000298879783008446
"2683","Diazinon","333-41-5","HEK293H",20,96,1.59602335694787e-07,1.5430884808713e-05,0.000149475500565537,0.103233538274371
"2684","Dicofol","115-32-2","HEK293H",20,96,3.33296696683945e-07,9.26487424999553e-07,0.000149100389416724,0.00621384980028518
"2685","Dieldrin","60-57-1","HEK293H",20,96,3.47343042440032e-07,7.05736663682446e-07,0.000149087805432046,0.00473369811593425
"2686","Disulfoton","298-04-4","HEK293H",20,96,1.68227106722859e-07,1.03225262796102e-05,0.000149384220640118,0.0691005129951322
"2687","Endosulfan I","115-29-7","HEK293H",20,96,2.16787561687639e-07,1.48740603068181e-05,0.000149447476491221,0.0995270087928974
"2688","Endrin","72-20-8","HEK293H",20,96,3.60443031956369e-07,3.01808029330148e-07,0.000149053595933798,0.00202482890425666
"2689","Ethion","563-12-2","HEK293H",20,96,3.48271578245703e-07,8.08718908855532e-07,0.000149094154988452,0.00542421605272298
"2690","Heptachlor","76-44-8","HEK293H",20,96,3.75578194964764e-07,4.70869166363721e-08,0.000148993189245867,0.000316034020579758
"2691","Heptachlor epoxide B","1024-57-3","HEK293H",20,96,3.48250532935443e-07,1.03272333554945e-06,0.000149104296026946,0.00692618095566351
"2692","Lindane","58-89-9","HEK293H",20,96,1.41616885096096e-07,1.81138178511188e-05,0.000149509892987249,0.121154643944957
"2693","Methoxychlor-o,p'","72-43-5","HEK293H",20,96,3.13521266156344e-07,7.87001530484006e-07,0.000149092942846363,0.0052785967964627
"2694","Parathion","56-38-2","HEK293H",20,96,1.55185834693849e-07,1.48759981969939e-05,0.000149466947489087,0.0995270087928975
"2695","Trifluralin","1582-09-8","HEK293H",20,96,3.14085373711281e-07,3.86524429896643e-07,0.000149061032303146,0.0025930615394543
"2696","Eugenol F","97-53-0","HEK293H",20,96,2.01890230769047e-08,9.04092310903199e-05,0.000149875956484183,0.603227049962887
"2697","Methyl-antranilate","134-20-3","HEK293H",20,96,1.43107106514092e-08,0.000108669111753162,0.000149905261910216,0.724918594373616
"2698","Lilyfore","285977-85-7","HEK293H",20,96,5.45836996362134e-08,3.75423985167477e-05,0.000149688843859358,0.250802915894126
"2699","Damascone beta","23726-91-2","HEK293H",20,96,1.39007389937852e-07,5.83229626584448e-06,0.00014917327494796,0.0390974607742513
"2700","Veloutone","14595-54-1","HEK293H",20,96,2.06856133733916e-07,4.55674447936441e-07,0.000149065214048637,0.00305687984178364
"2701","Verdox","82356-51-2","HEK293H",20,96,NA,NA,NA,NA
"2702","Nirvanol","1506-02-1","HEK293H",20,96,NA,NA,NA,NA
"2703","Cetalox","3738-00-9","HEK293H",20,96,2.22915547010554e-07,3.27721827849347e-07,0.000149032091799404,0.00219900173105306
"2704","Tonalide","21145-77-7","HEK293H",20,96,2.51290250188115e-07,1.4319616548545e-07,0.000149027137193784,0.000960873087827279
"2705","Caffeine","8/2/1958","HEK293H",20,96,1.31891212245304e-08,0.000133028813650754,0.00014992074246302,0.887327607009203
"2706","Lamotrigine","84057-84-1","HEK293H",20,96,4.06182116217669e-08,7.41302484364477e-05,0.000149841386324451,0.494724790358879
"2707","Diclofenac","15307-79-6","HEK293H",20,96,2.02319429620713e-08,0.000132944105857226,0.000149931682306392,0.886697886745171
"2708","2,4-Dichlorophenoxyacetic","94-75-7","HEK293H",20,96,4.41534783162562e-08,6.05346199335713e-05,0.000149800236833271,0.404102297921912
"2709","(S)-Naproxen","22204-53-1","HEK293H",20,96,6.70865079297487e-08,4.05162586165536e-05,0.000149708646507978,0.270634058630638
"2710","Ibuprofen","15687-27-1","HEK293H",20,96,1.01298970082057e-07,1.78008403988533e-05,0.000149508845275918,0.119062122150712
"2711","Torasemide","56211-40-6","HEK293H",20,96,1.22888505553445e-07,3.14733520717253e-05,0.000149647297753375,0.210316875374488
"2712","Warfarin","81-81-2","HEK293H",20,96,5.52813566169652e-08,6.6774089516395e-05,0.000149820684517049,0.445693394951725
"2713","di-n-butylphthalate","84-74-2","HEK293H",20,96,2.34111911583611e-07,2.78996450510324e-06,0.000149158622326544,0.0187046813760143
"2714","hexachlorophene","70-30-4","HEK293H",20,96,4.42244963304295e-07,8.15318133132134e-10,0.000148913135995808,5.47512566759111e-06
"2715","hexamethylenetetramine","100-97-0","HEK293H",20,96,9.51590220811965e-09,0.000133052865131603,0.000149931016190603,0.887427221612754
"2716","Malathion","121-75-5","HEK293H",20,96,4.36414949384683e-08,8.5679101660459e-05,0.00014986787413253,0.571697584665089
"2717","pentachlorophenol","87-86-5","HEK293H",20,96,2.4286981501614e-07,7.05738153667001e-07,0.000149088120193257,0.00473369811593425
"2718","2,2,2-trichloroethanol","115-20-8","HEK293H",20,96,1.14438324911382e-08,0.000124667048062893,0.00014988299487873,0.831762456866845
"2719","diethylphthalate","84-66-2","HEK293H",20,96,3.13999701689918e-08,8.13508586595452e-05,0.000149858606763989,0.542850760568353
"2720","4-chlorophenol","106-48-9","HEK293H",20,96,1.74099378210318e-08,8.40667585065168e-05,0.000149861660912205,0.560962410230902
"2721","permethrin","52645-53-1","HEK293H",20,96,4.04667887606044e-07,1.53693361491202e-08,0.000148965810791138,0.000103173581021683
"2722","Aniline","62-53-3","HEK293H",20,96,6.3939943777342e-09,0.000132856590317704,0.000149916556949101,0.886203585657395
"2723","4-fluoroaniline","371-40-4","HEK293H",20,96,7.81962325504535e-09,0.000131439338652805,0.000149925268965952,0.876699035188351
"2724","2,4,6-trichlorophenol","6/2/1988","HEK293H",20,96,9.37176372848783e-08,1.90770628663651e-05,0.000149523941238616,0.127585339901663
"2725","Allyl alcohol","107-18-6","HEK293H",20,96,3.94678800984997e-09,0.000132993469268208,0.000149895510908631,0.887241175282923
"2726","N-methylaniline","100-61-8","HEK293H",20,96,9.05657111577973e-09,0.00011704904964374,0.000149858285578057,0.781064918714642
"2727","3,4-dichloroaniline","95-76-1","HEK293H",20,96,2.87700965458975e-08,6.73417473600199e-05,0.000149821785272296,0.449479007593112
"2728","4-decylaniline","37529-30-9","HEK293H",20,96,2.38559745234453e-07,2.54578498879625e-08,0.000148977820718429,0.000170883489671112
"2729","naphthalene","91-20-3","HEK293H",20,96,4.19338372944865e-08,3.4481707885236e-05,0.000148837898544324,0.231672902012705
"2730","1,2,4-trichlorobenzene","120-82-1","HEK293H",20,96,1.08330171007797e-07,1.08961413999768e-05,0.000148551130123155,0.0733494345747718
"2731","1,2-dichlorobenzene","95-50-1","HEK293H",20,96,5.38759723444569e-08,2.82855332093216e-05,0.000146638996788071,0.192892298971474
"2732","dichloromethane","9/2/1975","HEK293H",20,96,5.33071897676264e-09,0.000111938694843435,0.000129943151792006,0.861443587443606
"2733","tetrachloroethylene","127-18-4","HEK293H",20,96,5.03907318548024e-08,2.52243731963781e-05,0.000125183001216132,0.201499987628732
"2734","2,3-dimethyl-1,3-butadiene","513-81-5","HEK293H",20,96,1.21630638698449e-08,2.62903604473295e-05,8.51942485996626e-05,0.308593137206608
"2735","cyclosporine A","59865-13-3","HEK293H",20,96,2.68404851862843e-07,5.43650720960654e-05,0.000149776814651109,0.362973883659522
"2736","chlorpromazine","50-53-3","HEK293H",20,96,3.01067041758596e-07,3.18883372167364e-07,0.00014905580162715,0.00213935565530701
"2737","PBDE 47","5436-43-1","HEK293H",20,96,5.11401634656446e-07,6.42673312295165e-09,0.000148947146842575,4.31477423984777e-05
"2738","PBDE 99","60348-60-9","HEK293H",20,96,6.08643682242946e-07,1.52122552934082e-09,0.00014892211923178,1.0214906537646e-05
"2739","PBDE 153","68631-49-2","HEK293H",20,96,7.07689968705928e-07,2.93158283084138e-10,0.000148900313306988,1.96882247305775e-06
"2740","amiodarone","1951-25-3","HEK293H",20,96,7.02109503681188e-07,7.48778270506715e-10,0.000148911981014573,5.02832791159658e-06
"2741","PFBS","375-73-5","HEK293H",20,96,2.36988998394969e-08,0.000122342997442152,0.000149921028004555,0.816049616725112
"2742","4:2 FTS","757124-72-4","HEK293H",20,96,2.91252527195515e-08,0.000113439362702163,0.000149911242553884,0.75671017576543
"2743","PFNA","375-95-1","HEK293H",20,96,4.65813372815025e-07,5.11976562213432e-08,0.000148996264923428,0.000343617044679977
"2744","PFHxA","307-24-4","HEK293H",20,96,2.15933863213961e-07,7.10234417067729e-06,0.000149312421928084,0.0475670013182032
"2745","PFBA","375-22-4","HEK293H",20,96,1.8582691561894e-08,0.000114693742424197,0.000149596966799433,0.766684946078942
"2746","PFOA","335-67-1","HEK293H",20,96,2.7286366329003e-07,8.23915010063741e-06,0.000149341020357379,0.0551700402268633
"2747","6:2 FTS","27619-97-2","HEK293H",20,96,1.00565672538008e-07,5.16055058588227e-05,0.000149765126250842,0.344576251833077
"2748","8:2 FTS","39108-34-4","HEK293H",20,96,3.58881108418739e-07,7.41296934308676e-06,0.000149320532557847,0.0496446752238507
"2749","PFUnDA","2058-94-8","HEK293H",20,96,5.60788902248706e-07,7.15244855285021e-08,0.000149005852075024,0.000480011251454
"2750","PFOS","1763-23-1","HEK293H",20,96,4.97203201056648e-07,7.15244855291139e-08,0.000149005852076299,0.000480011251454
"2751","PFHpA","375-85-9","HEK293H",20,96,1.49703215101129e-07,2.47967924301096e-05,0.0001495887949253,0.165766376034331
"2752","PFPeA","2706-90-3","HEK293H",20,96,3.3769326005018e-08,8.78013556080966e-05,0.000149872108682699,0.585841864639301
"2753","PFHxS","355-46-4","HEK293H",20,96,7.24344109038116e-08,6.62060841365612e-05,0.000149818963046121,0.441907237845318
"2754","PFDA","335-76-2","HEK293H",20,96,5.2828025017296e-07,2.0346165181575e-08,0.00014897237735317,0.000136576763713317
"2755","Azathioprine","446-86-6","HEK293H",20,96,1.88407700109887e-08,0.000133030191426311,0.000149931688142804,0.887272017504434
"2756","Benzocaine","94-09-7","HEK293H",20,96,1.54639700824855e-08,0.000109493286538431,0.00014990636899045,0.730411171158491
"2757","Butylated hydroxyanisole","25013-16-5","HEK293H",20,96,NA,NA,NA,NA
"2758","Cetirizine dihydrochloride","83881-52-1","HEK293H",20,96,2.65752470660244e-08,0.000132939770180651,0.000149931663080604,0.886669082761938
"2759","Cyclamate","139-05-9","HEK293H",20,96,1.21682068120011e-08,0.000133050153237845,0.000149932008828749,0.887403258831899
"2760","Cyclophosphamide","6055-19-2","HEK293H",20,96,1.7834196620034e-08,0.0001329387280535,0.000149924035684856,0.886707241078681
"2761","Cypermethrin","67375-30-8","HEK293H",20,96,4.3365222510956e-07,1.0971048022658e-08,0.000148958317978377,7.36517985135315e-05
"2762","DEET","134-62-3","HEK293H",20,96,2.19820483546383e-08,9.49676994574218e-05,0.000149884318080181,0.633606641934472
"2763","Dexamethasone","50-02-2","HEK293H",20,96,3.80241658564721e-08,0.000106986240709621,0.00014990311288193,0.713702595314939
"2764","Digoxin","20830-75-5","HEK293H",20,96,5.67271633075199e-08,0.00012891222902766,0.000149927359469746,0.859831250837668
"2765","Fenazaquin","120928-09-8","HEK293H",20,96,2.92418324825922e-07,2.4210632925076e-07,0.000149045614135742,0.00162437741395237
"2766","Fenbuconazole","114369-43-6","HEK293H",20,96,1.03254194868411e-07,3.80292099896785e-05,0.000149685305211475,0.25406107791243
"2767","Fluazinam","79622-59-6","HEK293H",20,96,2.83180084031928e-07,1.05312765518652e-05,0.000149391128407292,0.0704946583116588
"2768","Furosemide","54-31-9","HEK293H",20,96,3.42942836786798e-08,0.000102124141362383,0.000149896309030399,0.681298572479676
"2769","Glybenclamide","10238-21-8","HEK293H",20,96,4.3330900441767e-07,1.46770521551537e-06,0.000149122856254362,0.00984225525436473
"2770","HC Red 3","1/4/2871","HEK293H",20,96,1.3401088672536e-08,0.000133028043255668,0.000149931387508094,0.887259468925317
"2771","Hydralazine hydrochloride","304-20-1","HEK293H",20,96,1.09482339758697e-08,0.000132936501789139,0.000149931331213758,0.88664924611128
"2772","Ketoconazole","65277-42-1","HEK293H",20,96,3.96707432365562e-07,5.10381446753849e-06,0.000149253496982962,0.0341956106269398
"2773","Metformin","1115-70-4","HEK293H",20,96,8.76765060406116e-09,0.000133052445645117,0.000149932091941489,0.887418056549494
"2774","Metoclopramide","364-62-5","HEK293H",20,96,4.98091847302333e-08,7.13105332907189e-05,0.000149833857841673,0.475930702966158
"2775","Nitrofurantoin","67-20-9","HEK293H",20,96,1.61691257198074e-08,0.000133048705731228,0.000149932002346607,0.887393642777153
"2776","Oxytetracycline hydrochloride","2058-46-0","HEK293H",20,96,3.12532563979137e-08,0.000133054239437456,0.000149932121490861,0.887429845682309
"2777","Panthenol","16485-10-2 ","HEK293H",20,96,1.39327300558455e-08,0.000133052524785743,0.000149932034209804,0.887418926095268
"2778","Paracetamol","103-90-2","HEK293H",20,96,1.0293312103922e-08,0.000132994709385447,0.000149931862424845,0.887034331692588
"2779","Topiramate","97240-79-4","HEK293H",20,96,2.3035311481911e-08,0.000133053997331232,0.00014993205300449,0.887428636271972
"2780","Trimellitic anhydride","552-30-7","HEK293H",20,96,1.49403097703359e-08,0.000123543504926646,0.000149922238385355,0.824050562859754
"2781","Verapamil hydrochloride","152-11-4","HEK293H",20,96,3.61044919058503e-07,3.78524130567692e-06,0.000149205699096832,0.025369280989866
"2782","Warfarin","129-06-6","HEK293H",20,96,4.51048107765219e-08,7.91504773006881e-05,0.000149853712384226,0.528184961462586
"2783","2,4-Dinitrophenol","51-28-5","Rat cerebellar granule cell",2,384,1.20712878055585e-08,3.85604342369173e-05,3.99341999328045e-05,0.965599268341453
"2784","Aldrin","309-00-2","Rat cerebellar granule cell",2,384,8.2764086215803e-06,1.31275922263247e-08,1.73192745197911e-05,0.000757975873142002
"2785","Azinphos-methyl","86-50-0","Rat cerebellar granule cell",2,384,3.64309244471709e-07,3.19827204455039e-05,3.88516929486431e-05,0.823200175286592
"2786","Chlorpyrifos","2921-88-2","Rat cerebellar granule cell",2,384,6.21900671019261e-06,8.63618215796201e-07,2.22611327218138e-05,0.038794890924393
"2787","DDD-p,p'","50-29-3","Rat cerebellar granule cell",2,384,8.33245842101385e-06,4.18039186734808e-09,1.64945152386965e-05,0.000253441329245057
"2788","DDT-o,p'","789-02-6","Rat cerebellar granule cell",2,384,8.08644893032085e-06,1.11092779262941e-08,1.71884879227992e-05,0.000646320838469944
"2789","DDT-p,p'","72-54-8","Rat cerebellar granule cell",2,384,6.9655187109552e-06,3.76059118392175e-08,1.82354570329479e-05,0.00206224125730828
"2790","Diazinon","333-41-5","Rat cerebellar granule cell",2,384,2.62954789254872e-06,1.14991807833864e-05,3.13600271343716e-05,0.366682743420938
"2791","Dicofol","115-32-2","Rat cerebellar granule cell",2,384,6.67332413420641e-06,7.37859180915469e-07,2.19878426881561e-05,0.0335575977771081
"2792","Dieldrin","60-57-1","Rat cerebellar granule cell",2,384,7.02625778022563e-06,5.66658392807771e-07,2.15536933081694e-05,0.0262905472721463
"2793","Disulfoton","298-04-4","Rat cerebellar granule cell",2,384,2.96111570339665e-06,7.85237103276049e-06,2.9206114626358e-05,0.268860515450893
"2794","Endosulfan I","115-29-7","Rat cerebellar granule cell",2,384,3.59825564328567e-06,1.11112068302484e-05,3.11385543269152e-05,0.356831171851938
"2795","Endrin","72-20-8","Rat cerebellar granule cell",2,384,7.484218910495e-06,2.4732976268932e-07,2.03515963707467e-05,0.0121528433535971
"2796","Ethion","563-12-2","Rat cerebellar granule cell",2,384,7.00997929056859e-06,6.4678026100825e-07,2.17676154182186e-05,0.029712958841919
"2797","Heptachlor","76-44-8","Rat cerebellar granule cell",2,384,8.10531402470049e-06,3.97369210778804e-08,1.82877354542988e-05,0.00217287269805402
"2798","Heptachlor epoxide B","1024-57-3","Rat cerebellar granule cell",2,384,6.94177215090118e-06,8.19533008312198e-07,2.21682766715147e-05,0.0369687288035909
"2799","Lindane","58-89-9","Rat cerebellar granule cell",2,384,2.24352784246998e-06,1.32985692638369e-05,3.22827867052874e-05,0.41193994140719
"2800","Methoxychlor-o,p'","72-43-5","Rat cerebellar granule cell",2,384,6.31696954363791e-06,6.29922586026088e-07,2.17243666307066e-05,0.0289961312444303
"2801","Parathion","56-38-2","Rat cerebellar granule cell",2,384,2.57665911997713e-06,1.11164225655338e-05,3.1153171142084e-05,0.356831171851938
"2802","Trifluralin","1582-09-8","Rat cerebellar granule cell",2,384,6.47691892475312e-06,3.15067935673828e-07,2.06797727777389e-05,0.0152355608091105
"2803","Eugenol F","97-53-0","Rat cerebellar granule cell",2,384,5.44784556138704e-08,3.62820753149392e-05,3.96676566749749e-05,0.914651339559172
"2804","Methyl-antranilate","134-20-3","Rat cerebellar granule cell",2,384,1.7505047780302e-08,3.800406007e-05,3.98841657925285e-05,0.952860848781229
"2805","Lilyfore","285977-85-7","Rat cerebellar granule cell",2,384,6.11326683286141e-07,2.37354484822406e-05,3.65302918933442e-05,0.649747025059089
"2806","Damascone beta","23726-91-2","Rat cerebellar granule cell",2,384,2.56020697303735e-06,4.45619210731483e-06,2.65843659747407e-05,0.167624539609066
"2807","Veloutone","14595-54-1","Rat cerebellar granule cell",2,384,4.24477326430308e-06,3.70011747236799e-07,2.09064620593569e-05,0.0176984391804924
"2808","Verdox","82356-51-2","Rat cerebellar granule cell",2,384,NA,NA,NA,NA
"2809","Nirvanol","1506-02-1","Rat cerebellar granule cell",2,384,NA,NA,NA,NA
"2810","Cetalox","3738-00-9","Rat cerebellar granule cell",2,384,4.61608307084343e-06,2.67974753603547e-07,2.04464084735852e-05,0.0131062017052895
"2811","Tonalide","21145-77-7","Rat cerebellar granule cell",2,384,5.31145664268911e-06,1.18959030754839e-07,1.9444424221403e-05,0.00611789937312198
"2812","Caffeine","8/2/1958","Rat cerebellar granule cell",2,384,5.6424434260568e-10,3.94855397948073e-05,3.99927671640602e-05,0.987317022421277
"2813","Lamotrigine","84057-84-1","Rat cerebellar granule cell",2,384,1.86776734610871e-07,3.39726072605785e-05,3.92706571094945e-05,0.86508884141806
"2814","Diclofenac","15307-79-6","Rat cerebellar granule cell",2,384,1.87118914726282e-09,3.94569064562575e-05,3.9993681176257e-05,0.986578511799554
"2815","2,4-Dichlorophenoxyacetic","94-75-7","Rat cerebellar granule cell",2,384,2.93901570114287e-07,3.11996295428945e-05,3.86703627876852e-05,0.806809848518675
"2816","(S)-Naproxen","22204-53-1","Rat cerebellar granule cell",2,384,7.06974474469835e-07,2.49575303621503e-05,3.6929666865107e-05,0.675812496584729
"2817","Ibuprofen","15687-27-1","Rat cerebellar granule cell",2,384,1.61246258917527e-06,1.30937037450302e-05,3.21830612544218e-05,0.406850785309655
"2818","Torasemide","56211-40-6","Rat cerebellar granule cell",2,384,1.54938484485693e-06,2.09532113105268e-05,3.55531116060907e-05,0.589349577687521
"2819","Warfarin","81-81-2","Rat cerebellar granule cell",2,384,3.1265693768361e-07,3.25882572944101e-05,3.89859523197533e-05,0.835897428569376
"2820","di-n-butylphthalate","84-74-2","Rat cerebellar granule cell",2,384,4.42523925147958e-06,2.11939601691644e-06,2.41010468982476e-05,0.0879379234381121
"2821","hexachlorophene","70-30-4","Rat cerebellar granule cell",2,384,9.96525911042551e-06,7.10510235374271e-10,1.55093165140914e-05,4.58118341145928e-05
"2822","hexamethylenetetramine","100-97-0","Rat cerebellar granule cell",2,384,3.50665155747106e-10,3.94956620685078e-05,3.99970768396432e-05,0.987463714582301
"2823","Malathion","121-75-5","Rat cerebellar granule cell",2,384,1.39249199157778e-07,3.57017525005069e-05,3.95784802203877e-05,0.90204960629378
"2824","pentachlorophenol","87-86-5","Rat cerebellar granule cell",2,384,4.91294214451371e-06,5.66663024211534e-07,2.1553869470488e-05,0.0262905472721463
"2825","2,2,2-trichloroethanol","115-20-8","Rat cerebellar granule cell",2,384,5.00961396871286e-09,3.90004890550318e-05,3.99502161713195e-05,0.976227234610823
"2826","diethylphthalate","84-66-2","Rat cerebellar granule cell",2,384,1.15657268919653e-07,3.51095006977618e-05,3.9479525840946e-05,0.889309077297685
"2827","4-chlorophenol","106-48-9","Rat cerebellar granule cell",2,384,5.86580481879024e-08,3.54871327772616e-05,3.95421473223822e-05,0.897450826024683
"2828","permethrin","52645-53-1","Rat cerebellar granule cell",2,384,8.87473414412512e-06,1.31276056316662e-08,1.73192922055011e-05,0.000757975873142002
"2829","Aniline","62-53-3","Rat cerebellar granule cell",2,384,8.65591499101172e-10,3.94278615644685e-05,3.99850636372049e-05,0.986064744630844
"2830","4-fluoroaniline","371-40-4","Rat cerebellar granule cell",2,384,1.84316410059712e-09,3.93396640816409e-05,3.99817350443768e-05,0.983940892959667
"2831","2,4,6-trichlorophenol","6/2/1988","Rat cerebellar granule cell",2,384,1.46308729076076e-06,1.39242591081068e-05,3.25887555922769e-05,0.427271887344072
"2832","Allyl alcohol","107-18-6","Rat cerebellar granule cell",2,384,1.92858929431917e-10,3.94711209140108e-05,3.99827382382047e-05,0.987204044876922
"2833","N-methylaniline","100-61-8","Rat cerebellar granule cell",2,384,6.83408396776595e-09,3.85592984202582e-05,3.99119957148544e-05,0.966108001607827
"2834","3,4-dichloroaniline","95-76-1","Rat cerebellar granule cell",2,384,1.60232863907955e-07,3.27039867328944e-05,3.90106285673064e-05,0.838335293071964
"2835","4-decylaniline","37529-30-9","Rat cerebellar granule cell",2,384,5.1966916184132e-06,2.16353437445605e-08,1.77338407190561e-05,0.0012200032743788
"2836","naphthalene","91-20-3","Rat cerebellar granule cell",2,384,4.91380278692685e-07,2.20851125163013e-05,3.54786333708477e-05,0.622490508172966
"2837","1,2,4-trichlorobenzene","120-82-1","Rat cerebellar granule cell",2,384,1.86436684362827e-06,8.15024363045177e-06,2.89059514233129e-05,0.281957286618787
"2838","1,2-dichlorobenzene","95-50-1","Rat cerebellar granule cell",2,384,6.81924441808174e-07,1.83987319117619e-05,3.28567238835305e-05,0.55996854637672
"2839","dichloromethane","9/2/1975","Rat cerebellar granule cell",2,384,1.48757142596952e-09,3.20229902558296e-05,3.26284176635317e-05,0.981444781847978
"2840","tetrachloroethylene","127-18-4","Rat cerebellar granule cell",2,384,4.76427700361247e-07,1.2419887617333e-05,2.16088414957553e-05,0.574759531637671
"2841","2,3-dimethyl-1,3-butadiene","513-81-5","Rat cerebellar granule cell",2,384,6.35412584946395e-08,8.62023434466871e-06,1.19688608692737e-05,0.720221785416395
"2842","cyclosporine A","59865-13-3","Rat cerebellar granule cell",2,384,2.07822239076952e-06,2.95968479411511e-05,3.82719065639171e-05,0.773330899826535
"2843","chlorpromazine","50-53-3","Rat cerebellar granule cell",2,384,6.24213675568599e-06,2.6102588538199e-07,2.04235814859395e-05,0.0127806127226849
"2844","PBDE 47","5436-43-1","Rat cerebellar granule cell",2,384,1.13280092856055e-05,5.53029940545887e-09,1.66811173886516e-05,0.00033153051301115
"2845","PBDE 99","60348-60-9","Rat cerebellar granule cell",2,384,1.36551794823818e-05,1.32144799424988e-09,1.58182238211625e-05,8.35395939006733e-05
"2846","PBDE 153","68631-49-2","Rat cerebellar granule cell",2,384,1.60412018345135e-05,2.56574237918184e-10,1.50749649783963e-05,1.70198894847103e-05
"2847","amiodarone","1951-25-3","Rat cerebellar granule cell",2,384,1.58295409506157e-05,6.52785057603562e-10,1.54698656741942e-05,4.21972027005054e-05
"2848","PFBS","375-73-5","Rat cerebellar granule cell",2,384,1.24580534785137e-08,3.88900359320601e-05,3.99584861810732e-05,0.973260992817111
"2849","4:2 FTS","757124-72-4","Rat cerebellar granule cell",2,384,2.74467813255243e-08,3.83454928082599e-05,3.99163583726065e-05,0.960646070223064
"2850","PFNA","375-95-1","Rat cerebellar granule cell",2,384,1.00389967455395e-05,4.31619555687992e-08,1.83679608102003e-05,0.00234985015564875
"2851","PFHxA","307-24-4","Rat cerebellar granule cell",2,384,3.93633966827061e-06,5.43492251291281e-06,2.74658821963639e-05,0.197879044046593
"2852","PFBA","375-22-4","Rat cerebellar granule cell",2,384,1.6010439289227e-08,3.83145268294951e-05,3.97893831734416e-05,0.962933420266467
"2853","PFOA","335-67-1","Rat cerebellar granule cell",2,384,4.91633458310371e-06,6.29661008818612e-06,2.81268031534047e-05,0.22386511733467
"2854","6:2 FTS","27619-97-2","Rat cerebellar granule cell",2,384,8.30738995383165e-07,2.87958233407564e-05,3.8059791312394e-05,0.756594357136666
"2855","8:2 FTS","39108-34-4","Rat cerebellar granule cell",2,384,6.52179815310863e-06,5.67111420469016e-06,2.76523189884099e-05,0.205086387404511
"2856","PFUnDA","2058-94-8","Rat cerebellar granule cell",2,384,1.20161905184415e-05,6.0036285438126e-08,1.8698096900735e-05,0.00321082331302744
"2857","PFOS","1763-23-1","Rat cerebellar granule cell",2,384,1.06537207966663e-05,6.00362854401574e-08,1.86980969013676e-05,0.00321082331302744
"2858","PFHpA","375-85-9","Rat cerebellar granule cell",2,384,2.1288283753241e-06,1.74017490297043e-05,3.41525340086604e-05,0.509530245260617
"2859","PFPeA","2706-90-3","Rat cerebellar granule cell",2,384,1.0009330085128e-07,3.59704399408627e-05,3.96209297516159e-05,0.907864610102837
"2860","PFHxS","355-46-4","Rat cerebellar granule cell",2,384,4.15978366289276e-07,3.24705632466313e-05,3.89603395420644e-05,0.833426084789988
"2861","PFDA","335-76-2","Rat cerebellar granule cell",2,384,1.15434467616127e-05,1.73311900534874e-08,1.75454272454248e-05,0.00098778957109789
"2862","Azathioprine","446-86-6","Rat cerebellar granule cell",2,384,8.78809574334584e-10,3.94864772127168e-05,3.99966935935077e-05,0.987243536028846
"2863","Benzocaine","94-09-7","Rat cerebellar granule cell",2,384,1.81195889937391e-08,3.8065795200024e-05,3.98903026726205e-05,0.954261879445484
"2864","Butylated hydroxyanisole","25013-16-5","Rat cerebellar granule cell",2,384,NA,NA,NA,NA
"2865","Cetirizine dihydrochloride","83881-52-1","Rat cerebellar granule cell",2,384,2.52282539743457e-09,3.94555018214404e-05,3.99935124612944e-05,0.98654755217175
"2866","Cyclamate","139-05-9","Rat cerebellar granule cell",2,384,4.62983909680519e-10,3.94944092653778e-05,3.99973775041783e-05,0.98742496958087
"2867","Cyclophosphamide","6055-19-2","Rat cerebellar granule cell",2,384,1.6352683582511e-09,3.9454481910094e-05,3.99908147465679e-05,0.986588599410319
"2868","Cypermethrin","67375-30-8","Rat cerebellar granule cell",2,384,9.54939447609254e-06,9.39949119077398e-09,1.7061267171109e-05,0.00055092573702209
"2869","DEET","134-62-3","Rat cerebellar granule cell",2,384,4.98603506853164e-08,3.67834070314621e-05,3.97389435009684e-05,0.925626194127826
"2870","Dexamethasone","50-02-2","Rat cerebellar granule cell",2,384,5.06575868225473e-08,3.78743372210832e-05,3.98709227533119e-05,0.949923769144199
"2871","Digoxin","20830-75-5","Rat cerebellar granule cell",2,384,1.72009895751902e-08,3.92253399047594e-05,3.99779736265298e-05,0.981173790127497
"2872","Fenazaquin","120928-09-8","Rat cerebellar granule cell",2,384,6.10628229616157e-06,1.99272744102589e-07,2.00708612212038e-05,0.0099284600648859
"2873","Fenbuconazole","114369-43-6","Rat cerebellar granule cell",2,384,1.14495601387565e-06,2.39390131585211e-05,3.65941016788653e-05,0.654176822499976
"2874","Fluazinam","79622-59-6","Rat cerebellar granule cell",2,384,4.97250405770256e-06,8.00675879246074e-06,2.93085121981124e-05,0.273188851700783
"2875","Furosemide","54-31-9","Rat cerebellar granule cell",2,384,5.75177938529666e-08,3.74696375631075e-05,3.98260929599127e-05,0.940831369042976
"2876","Glybenclamide","10238-21-8","Rat cerebellar granule cell",2,384,8.50126439966541e-06,1.14985340133599e-06,2.27909627390909e-05,0.0504521645048265
"2877","HC Red 3","1/4/2871","Rat cerebellar granule cell",2,384,6.37134288164478e-10,3.94856594334367e-05,3.99965200315329e-05,0.987227373839187
"2878","Hydralazine hydrochloride","304-20-1","Rat cerebellar granule cell",2,384,1.05781518233751e-09,3.94544176293193e-05,3.99932742747554e-05,0.986526318357079
"2879","Ketoconazole","65277-42-1","Rat cerebellar granule cell",2,384,7.36868585306437e-06,3.90528429918174e-06,2.61342182220737e-05,0.149431839360828
"2880","Metformin","1115-70-4","Rat cerebellar granule cell",2,384,3.26766998423865e-10,3.94954242426904e-05,3.99974601490343e-05,0.987448305355558
"2881","Metoclopramide","364-62-5","Rat cerebellar granule cell",2,384,2.48466983272092e-07,3.34713456676806e-05,3.91712237333221e-05,0.854488128723108
"2882","Nitrofurantoin","67-20-9","Rat cerebellar granule cell",2,384,6.24042717994577e-10,3.94937890887368e-05,3.99973393580432e-05,0.98741040585728
"2883","Oxytetracycline hydrochloride","2058-46-0","Rat cerebellar granule cell",2,384,1.14850895041734e-09,3.94962726266649e-05,3.9997505535389e-05,0.987468395790817
"2884","Panthenol","16485-10-2 ","Rat cerebellar granule cell",2,384,5.18674599539529e-10,3.94954620174142e-05,3.99974408891875e-05,0.987449725267074
"2885","Paracetamol","103-90-2","Rat cerebellar granule cell",2,384,6.66384608221121e-10,3.94737903512717e-05,3.99955754625773e-05,0.986953929146642
"2886","Topiramate","97240-79-4","Rat cerebellar granule cell",2,384,8.47560070686002e-10,3.94961566282953e-05,3.99974764050236e-05,0.987466214826858
"2887","Trimellitic anhydride","552-30-7","Rat cerebellar granule cell",2,384,7.16833602176259e-09,3.89552181364422e-05,3.99626901166836e-05,0.974789685646793
"2888","Verapamil hydrochloride","152-11-4","Rat cerebellar granule cell",2,384,6.7823867834576e-06,2.89093003000015e-06,2.50804437759943e-05,0.11526630293389
"2889","Warfarin","129-06-6","Rat cerebellar granule cell",2,384,1.78148735383383e-07,3.47839365901811e-05,3.94222139800599e-05,0.882343559085116
"2890","2,4-Dinitrophenol","51-28-5","Balbc_3T3",2,384,9.04545793745523e-09,3.85763036734195e-05,3.99506347386525e-05,0.965599268341453
"2891","Aldrin","309-00-2","Balbc_3T3",2,384,2.27126794755781e-06,2.56011912098326e-08,3.3775733657206e-05,0.000757975873142007
"2892","Azinphos-methyl","86-50-0","Balbc_3T3",2,384,8.69628453403199e-08,3.27022158425451e-05,3.97257153536927e-05,0.823200175286592
"2893","Chlorpyrifos","2921-88-2","Balbc_3T3",2,384,1.43426011638016e-06,1.39307493090343e-06,3.59087214246426e-05,0.0387948909243932
"2894","DDD-p,p'","50-29-3","Balbc_3T3",2,384,2.36385576832206e-06,8.44762187226297e-09,3.33316665337355e-05,0.000253441329245059
"2895","DDT-o,p'","789-02-6","Balbc_3T3",2,384,2.23065360843605e-06,2.17857993135329e-08,3.37074066265711e-05,0.000646320838469948
"2896","DDT-p,p'","72-54-8","Balbc_3T3",2,384,1.8451741821229e-06,7.05998362540926e-08,3.42345183929847e-05,0.00206224125730829
"2897","Diazinon","333-41-5","Balbc_3T3",2,384,5.02001125532277e-07,1.40624546781375e-05,3.83504676193457e-05,0.366682743420938
"2898","Dicofol","115-32-2","Balbc_3T3",2,384,1.55244202707861e-06,1.20168951759277e-06,3.58097598515386e-05,0.0335575977771082
"2899","Dieldrin","60-57-1","Balbc_3T3",2,384,1.65751150370823e-06,9.37205583709531e-07,3.5648005878617e-05,0.0262905472721464
"2900","Disulfoton","298-04-4","Balbc_3T3",2,384,5.81049663355704e-07,1.01841778300463e-05,3.78790385526372e-05,0.268860515450894
"2901","Endosulfan I","115-29-7","Balbc_3T3",2,384,6.88292666512903e-07,1.36613560833526e-05,3.82852092558247e-05,0.356831171851939
"2902","Endrin","72-20-8","Balbc_3T3",2,384,1.83762807169376e-06,4.2748163944703e-07,3.51754422408891e-05,0.0121528433535972
"2903","Ethion","563-12-2","Balbc_3T3",2,384,1.64229968725736e-06,1.06159895638065e-06,3.57284833876234e-05,0.0297129588419191
"2904","Heptachlor","76-44-8","Balbc_3T3",2,384,2.14281705592339e-06,7.44394854370392e-08,3.42585580387223e-05,0.00217287269805403
"2905","Heptachlor epoxide B","1024-57-3","Balbc_3T3",2,384,1.60559724004496e-06,1.32621327320429e-06,3.58739214499435e-05,0.036968728803591
"2906","Lindane","58-89-9","Balbc_3T3",2,384,4.25068627442592e-07,1.58740485231938e-05,3.8534861341602e-05,0.411939941407191
"2907","Methoxychlor-o,p'","72-43-5","Balbc_3T3",2,384,1.48200374632135e-06,1.03552144148545e-06,3.57124001390479e-05,0.0289961312444304
"2908","Parathion","56-38-2","Balbc_3T3",2,384,4.9292958680191e-07,1.36692415679986e-05,3.83073078987349e-05,0.356831171851939
"2909","Trifluralin","1582-09-8","Balbc_3T3",2,384,1.57258342916082e-06,5.37902695883588e-07,3.53057365346167e-05,0.0152355608091105
"2910","Eugenol F","97-53-0","Balbc_3T3",2,384,1.92217716369297e-08,3.64784645729954e-05,3.98823715609236e-05,0.914651339559172
"2911","Methyl-antranilate","134-20-3","Balbc_3T3",2,384,9.77479070271225e-09,3.8052788926061e-05,3.99353053226323e-05,0.952860848781229
"2912","Lilyfore","285977-85-7","Balbc_3T3",2,384,1.19401756357868e-07,2.55488746640972e-05,3.93212645518057e-05,0.649747025059089
"2913","Damascone beta","23726-91-2","Balbc_3T3",2,384,5.25805991801182e-07,6.22276405012003e-06,3.71232282852663e-05,0.167624539609066
"2914","Veloutone","14595-54-1","Balbc_3T3",2,384,1.02273814566154e-06,6.26395401343495e-07,3.53926916919273e-05,0.0176984391804925
"2915","Verdox","82356-51-2","Balbc_3T3",2,384,NA,NA,NA,NA
"2916","Nirvanol","1506-02-1","Balbc_3T3",2,384,NA,NA,NA,NA
"2917","Cetalox","3738-00-9","Balbc_3T3",2,384,1.12870523827975e-06,4.6107857565225e-07,3.51801830934865e-05,0.0131062017052895
"2918","Tonalide","21145-77-7","Balbc_3T3",2,384,1.3460381962434e-06,2.12842653863574e-07,3.47901527767298e-05,0.00611789937312201
"2919","Caffeine","8/2/1958","Balbc_3T3",2,384,4.95008639470985e-09,3.9463243342682e-05,3.99701842938989e-05,0.987317022421277
"2920","Lamotrigine","84057-84-1","Balbc_3T3",2,384,5.04429408841633e-08,3.4433151739378e-05,3.98030237945676e-05,0.865088841418061
"2921","Diclofenac","15307-79-6","Balbc_3T3",2,384,7.68487760635239e-09,3.94375390409449e-05,3.99740502851713e-05,0.986578511799554
"2922","2,4-Dichlorophenoxyacetic","94-75-7","Balbc_3T3",2,384,6.77394439968439e-08,3.20251353326886e-05,3.96935354612832e-05,0.806809848518675
"2923","(S)-Naproxen","22204-53-1","Balbc_3T3",2,384,1.40090349832244e-07,2.6621333701135e-05,3.93915972783397e-05,0.67581249658473
"2924","Ibuprofen","15687-27-1","Balbc_3T3",2,384,3.05717965974029e-07,1.56710201753484e-05,3.85178565242812e-05,0.406850785309655
"2925","Torasemide","56211-40-6","Balbc_3T3",2,384,2.9592657193029e-07,2.30734257205663e-05,3.91506613292256e-05,0.589349577687521
"2926","Warfarin","81-81-2","Balbc_3T3",2,384,7.7023721983118e-08,3.32270700189609e-05,3.97501761380322e-05,0.835897428569376
"2927","di-n-butylphthalate","84-74-2","Balbc_3T3",2,384,9.64912639045845e-07,3.21262917915749e-06,3.65329206507637e-05,0.0879379234381123
"2928","hexachlorophene","70-30-4","Balbc_3T3",2,384,2.94692530100325e-06,1.50068655445163e-09,3.27576178394829e-05,4.58118341145931e-05
"2929","hexamethylenetetramine","100-97-0","Balbc_3T3",2,384,3.56656369669319e-09,3.9473010312819e-05,3.99741375099704e-05,0.987463714582301
"2930","Malathion","121-75-5","Balbc_3T3",2,384,4.49811974068039e-08,3.59591516631394e-05,3.98638294526655e-05,0.90204960629378
"2931","pentachlorophenol","87-86-5","Balbc_3T3",2,384,1.1589813383056e-06,9.37218252850878e-07,3.56484877682184e-05,0.0262905472721464
"2932","2,2,2-trichloroethanol","115-20-8","Balbc_3T3",2,384,5.51475200348354e-09,3.8997189664282e-05,3.99468364348884e-05,0.976227234610823
"2933","diethylphthalate","84-66-2","Balbc_3T3",2,384,3.47418929529747e-08,3.54332888208848e-05,3.98436153699846e-05,0.889309077297685
"2934","4-chlorophenol","106-48-9","Balbc_3T3",2,384,1.84269430044252e-08,3.5767966577446e-05,3.98550712086171e-05,0.897450826024683
"2935","permethrin","52645-53-1","Balbc_3T3",2,384,2.43546684126292e-06,2.56012421931832e-08,3.37758009197039e-05,0.000757975873142007
"2936","Aniline","62-53-3","Balbc_3T3",2,384,2.45364252603113e-09,3.94110495789749e-05,3.99680140615202e-05,0.986064744630844
"2937","4-fluoroaniline","371-40-4","Balbc_3T3",2,384,3.16468334968825e-09,3.9327962837345e-05,3.99698428216024e-05,0.983940892959667
"2938","2,4,6-trichlorophenol","6/2/1988","Balbc_3T3",2,384,2.76706435703263e-07,1.64914228240444e-05,3.85970229086573e-05,0.427271887344073
"2939","Allyl alcohol","107-18-6","Balbc_3T3",2,384,1.48334706916086e-09,3.94491937264009e-05,3.99605268344693e-05,0.987204044876922
"2940","N-methylaniline","100-61-8","Balbc_3T3",2,384,5.19697617436616e-09,3.85740502969533e-05,3.99272651015799e-05,0.966108001607827
"2941","3,4-dichloroaniline","95-76-1","Balbc_3T3",2,384,3.97335019600286e-08,3.33274765951835e-05,3.97543523105887e-05,0.838335293071964
"2942","4-decylaniline","37529-30-9","Balbc_3T3",2,384,1.40321898139333e-06,4.1464988889922e-08,3.39876045915e-05,0.0012200032743788
"2943","naphthalene","91-20-3","Balbc_3T3",2,384,9.47068500041262e-08,2.39750335626434e-05,3.85146974096216e-05,0.622490508172967
"2944","1,2,4-trichlorobenzene","120-82-1","Balbc_3T3",2,384,3.62053710150667e-07,1.04203680101281e-05,3.69572573742938e-05,0.281957286618788
"2945","1,2-dichlorobenzene","95-50-1","Balbc_3T3",2,384,1.28488449477367e-07,2.03576338802205e-05,3.63549595989716e-05,0.559968546376721
"2946","dichloromethane","9/2/1975","Balbc_3T3",2,384,2.16129189805153e-09,3.20166367896431e-05,3.2621944078564e-05,0.981444781847978
"2947","tetrachloroethylene","127-18-4","Balbc_3T3",2,384,8.70415050299106e-08,1.32053856910543e-05,2.29754966454023e-05,0.574759531637672
"2948","2,3-dimethyl-1,3-butadiene","513-81-5","Balbc_3T3",2,384,1.25799495594423e-08,8.75657525694941e-06,1.21581649351065e-05,0.720221785416395
"2949","cyclosporine A","59865-13-3","Balbc_3T3",2,384,4.52693446212404e-07,3.06421342433158e-05,3.96235741390769e-05,0.773330899826535
"2950","chlorpromazine","50-53-3","Balbc_3T3",2,384,1.5289048619096e-06,4.49942623280343e-07,3.52050901661169e-05,0.0127806127226849
"2951","PBDE 47","5436-43-1","Balbc_3T3",2,384,3.18921444350991e-06,1.10846238849194e-08,3.34347019351023e-05,0.000331530513011152
"2952","PBDE 99","60348-60-9","Balbc_3T3",2,384,3.98496956300332e-06,2.75204337168457e-09,3.2942982401335e-05,8.35395939006739e-05
"2953","PBDE 153","68631-49-2","Balbc_3T3",2,384,4.83459380637408e-06,5.52938643005144e-10,3.24877927968844e-05,1.70198894847104e-05
"2954","amiodarone","1951-25-3","Balbc_3T3",2,384,4.68910588686095e-06,1.38126469543616e-09,3.27335606874152e-05,4.21972027005057e-05
"2955","PFBS","375-73-5","Balbc_3T3",2,384,1.20836623769597e-08,3.88912501281554e-05,3.99597337355362e-05,0.973260992817111
"2956","4:2 FTS","757124-72-4","Balbc_3T3",2,384,1.80656935752096e-08,3.83729555689826e-05,3.99449461757256e-05,0.960646070223064
"2957","PFNA","375-95-1","Balbc_3T3",2,384,2.64613374721818e-06,8.05954158847833e-08,3.42981086223909e-05,0.00234985015564876
"2958","PFHxA","307-24-4","Balbc_3T3",2,384,7.96189760957525e-07,7.41349236350603e-06,3.74647674250964e-05,0.197879044046593
"2959","PFBA","375-22-4","Balbc_3T3",2,384,1.1156187235543e-08,3.83362910821811e-05,3.98119852061761e-05,0.962933420266466
"2960","PFOA","335-67-1","Balbc_3T3",2,384,9.82305310821681e-07,8.42352563713776e-06,3.76276828539789e-05,0.223865117334671
"2961","6:2 FTS","27619-97-2","Balbc_3T3",2,384,1.76951961152878e-07,2.99510924542387e-05,3.95867246057567e-05,0.756594357136666
"2962","8:2 FTS","39108-34-4","Balbc_3T3",2,384,1.31447386320291e-06,7.6930599929125e-06,3.75113145746662e-05,0.205086387404512
"2963","PFUnDA","2058-94-8","Balbc_3T3",2,384,3.12866823658735e-06,1.10624425163077e-07,3.44536009546941e-05,0.00321082331302746
"2964","PFOS","1763-23-1","Balbc_3T3",2,384,2.77392055397475e-06,1.10624425172069e-07,3.44536009574946e-05,0.00321082331302746
"2965","PFHpA","375-85-9","Balbc_3T3",2,384,4.01680181502673e-07,1.98190270482955e-05,3.88966645898681e-05,0.509530245260618
"2966","PFPeA","2706-90-3","Balbc_3T3",2,384,3.35978141181822e-08,3.61990667085044e-05,3.98727588956287e-05,0.907864610102837
"2967","PFHxS","355-46-4","Balbc_3T3",2,384,1.01815785205228e-07,3.31249615043534e-05,3.97455300582539e-05,0.833426084789988
"2968","PFDA","335-76-2","Balbc_3T3",2,384,3.13986441024984e-06,3.347842590471e-08,3.38922649967845e-05,0.000987789571097896
"2969","Azathioprine","446-86-6","Balbc_3T3",2,384,7.07800336114005e-09,3.94644037327174e-05,3.99743348955837e-05,0.987243536028846
"2970","Benzocaine","94-09-7","Balbc_3T3",2,384,1.03917897589016e-08,3.8110436780948e-05,3.99370839408295e-05,0.954261879445484
"2971","Butylated hydroxyanisole","25013-16-5","Balbc_3T3",2,384,NA,NA,NA,NA
"2972","Cetirizine dihydrochloride","83881-52-1","Balbc_3T3",2,384,1.0100236353814e-08,3.94362792233373e-05,3.99740277460764e-05,0.98654755217175
"2973","Cyclamate","139-05-9","Balbc_3T3",2,384,4.56193342602381e-09,3.94718283620706e-05,3.99745090291013e-05,0.98742496958087
"2974","Cyclophosphamide","6055-19-2","Balbc_3T3",2,384,6.77268356337665e-09,3.94350704237995e-05,3.99711393861329e-05,0.98658859941032
"2975","Cypermethrin","67375-30-8","Balbc_3T3",2,384,2.64758822183758e-06,1.85332473690019e-08,3.36401916330489e-05,0.000550925737022093
"2976","DEET","134-62-3","Balbc_3T3",2,384,1.93469359516638e-08,3.69310713211175e-05,3.98984725750074e-05,0.925626194127826
"2977","Dexamethasone","50-02-2","Balbc_3T3",2,384,2.68393806060375e-08,3.79319876316308e-05,3.99316122659025e-05,0.949923769144199
"2978","Digoxin","20830-75-5","Balbc_3T3",2,384,2.45792947507272e-08,3.92160697949079e-05,3.99685256470335e-05,0.981173790127497
"2979","Fenazaquin","120928-09-8","Balbc_3T3",2,384,1.51384255475853e-06,3.48084138960166e-07,3.50592273812167e-05,0.00992846006488595
"2980","Fenbuconazole","114369-43-6","Balbc_3T3",2,384,2.2412270320389e-07,2.57271474589573e-05,3.93275129507638e-05,0.654176822499976
"2981","Fluazinam","79622-59-6","Balbc_3T3",2,384,9.74250320761997e-07,1.0355289928012e-05,3.79052434370707e-05,0.273188851700784
"2982","Furosemide","54-31-9","Balbc_3T3",2,384,2.65386957097537e-08,3.75577614877316e-05,3.99197589743801e-05,0.940831369042976
"2983","Glybenclamide","10238-21-8","Balbc_3T3",2,384,1.92845182377674e-06,1.8211340106454e-06,3.60962513406373e-05,0.0504521645048267
"2984","HC Red 3","1/4/2871","Balbc_3T3",2,384,5.03553389369301e-09,3.94636390801228e-05,3.99742147816002e-05,0.987227373839187
"2985","Hydralazine hydrochloride","304-20-1","Balbc_3T3",2,384,4.16268817674394e-09,3.94352952070762e-05,3.99738906841838e-05,0.986526318357079
"2986","Ketoconazole","65277-42-1","Balbc_3T3",2,384,1.53169479256792e-06,5.54657647080752e-06,3.71177688405105e-05,0.149431839360828
"2987","Metformin","1115-70-4","Balbc_3T3",2,384,3.28644618618262e-09,3.94727970401963e-05,3.99745453266873e-05,0.987448305355558
"2988","Metoclopramide","364-62-5","Balbc_3T3",2,384,6.46622363073261e-08,3.39952248283929e-05,3.97843149432552e-05,0.854488128723108
"2989","Nitrofurantoin","67-20-9","Balbc_3T3",2,384,6.06268203049842e-09,3.94712405346976e-05,3.99745033073945e-05,0.98741040585728
"2990","Oxytetracycline hydrochloride","2058-46-0","Balbc_3T3",2,384,1.17134995211252e-08,3.94736142545336e-05,3.99745596140533e-05,0.987468395790817
"2991","Panthenol","16485-10-2 ","Balbc_3T3",2,384,5.22246033660238e-09,3.94728323062848e-05,3.99745235592715e-05,0.987449725267074
"2992","Paracetamol","103-90-2","Balbc_3T3",2,384,3.88380103818971e-09,3.9452783203139e-05,3.99742906310241e-05,0.986953929146642
"2993","Topiramate","97240-79-4","Balbc_3T3",2,384,8.63355835785574e-09,3.94735010258495e-05,3.99745332378493e-05,0.987466214826858
"2994","Trimellitic anhydride","552-30-7","Balbc_3T3",2,384,7.40446230811137e-09,3.89540201274512e-05,3.9961461124411e-05,0.974789685646793
"2995","Verapamil hydrochloride","152-11-4","Balbc_3T3",2,384,1.44408853491215e-06,4.24447943041891e-06,3.68232460171233e-05,0.11526630293389
"2996","Warfarin","129-06-6","Balbc_3T3",2,384,5.17102472443832e-08,3.51457638057181e-05,3.983228918468e-05,0.882343559085116
"2997","2,4-Dinitrophenol","51-28-5","FishRtgut",2,384,1.74190776177608e-09,3.86146082810162e-05,3.99903039977878e-05,0.965599268341453
"2998","Aldrin","309-00-2","FishRtgut",2,384,3.83011052466476e-07,2.95233906372912e-08,3.89503039389751e-05,0.000757975873142008
"2999","Azinphos-methyl","86-50-0","FishRtgut",2,384,1.23791713974088e-08,3.2895701715131e-05,3.99607564511008e-05,0.823200175286592
"3000","Chlorpyrifos","2921-88-2","FishRtgut",2,384,2.28807049300359e-07,1.52646448469842e-06,3.93470492718572e-05,0.0387948909243932
"3001","DDD-p,p'","50-29-3","FishRtgut",2,384,4.0329968731752e-07,9.84931406420802e-09,3.88623043192946e-05,0.000253441329245059
"3002","DDT-o,p'","789-02-6","FishRtgut",2,384,3.76836967546498e-07,2.51657523179735e-08,3.89369347544928e-05,0.000646320838469948
"3003","DDT-p,p'","72-54-8","FishRtgut",2,384,3.07445305160281e-07,8.0508487956041e-08,3.90393159242306e-05,0.00206224125730829
"3004","Diazinon","333-41-5","FishRtgut",2,384,7.43563033771453e-08,1.4577682272309e-05,3.97555721774842e-05,0.366682743420938
"3005","Dicofol","115-32-2","FishRtgut",2,384,2.48293052965682e-07,1.31981445073733e-06,3.93298250817483e-05,0.0335575977771082
"3006","Dieldrin","60-57-1","FishRtgut",2,384,2.66201673005454e-07,1.03323283511961e-06,3.93005449610504e-05,0.0262905472721464
"3007","Disulfoton","298-04-4","FishRtgut",2,384,8.74795392177806e-08,1.06677401093136e-05,3.96776004517555e-05,0.268860515450894
"3008","Endosulfan I","115-29-7","FishRtgut",2,384,1.0210575786976e-07,1.41750616248008e-05,3.97248411657333e-05,0.356831171851939
"3009","Endrin","72-20-8","FishRtgut",2,384,2.98768298087247e-07,4.76578250910135e-07,3.92153701848769e-05,0.0121528433535972
"3010","Ethion","563-12-2","FishRtgut",2,384,2.63214863389769e-07,1.168175766249e-06,3.93153631203142e-05,0.0297129588419192
"3011","Heptachlor","76-44-8","FishRtgut",2,384,3.56800790201502e-07,8.48343493087659e-08,3.90424848104269e-05,0.00217287269805404
"3012","Heptachlor epoxide B","1024-57-3","FishRtgut",2,384,2.56358397685119e-07,1.45432614554429e-06,3.93393603894494e-05,0.036968728803591
"3013","Lindane","58-89-9","FishRtgut",2,384,6.25268013577742e-08,1.63875156011879e-05,3.97813223578369e-05,0.411939941407191
"3014","Methoxychlor-o,p'","72-43-5","FishRtgut",2,384,2.37622536192543e-07,1.13991092693133e-06,3.93125178432309e-05,0.0289961312444304
"3015","Parathion","56-38-2","FishRtgut",2,384,7.3125930121825e-08,1.41835514632783e-05,3.97486334774684e-05,0.356831171851939
"3016","Trifluralin","1582-09-8","FishRtgut",2,384,2.5478858544489e-07,5.97778391705996e-07,3.92357327174027e-05,0.0152355608091105
"3017","Eugenol F","97-53-0","FishRtgut",2,384,2.94229043298052e-09,3.65691456828904e-05,3.9981514377397e-05,0.914651339559172
"3018","Methyl-antranilate","134-20-3","FishRtgut",2,384,1.71153215746346e-09,3.81036169077298e-05,3.99886478245661e-05,0.95286084878123
"3019","Lilyfore","285977-85-7","FishRtgut",2,384,1.70237424326326e-08,2.59262797514373e-05,3.99021138251145e-05,0.649747025059089
"3020","Damascone beta","23726-91-2","FishRtgut",2,384,8.07608636676323e-08,6.60921895480334e-06,3.94287075759752e-05,0.167624539609066
"3021","Veloutone","14595-54-1","FishRtgut",2,384,1.65312172743428e-07,6.94622467371147e-07,3.92476681297847e-05,0.0176984391804925
"3022","Verdox","82356-51-2","FishRtgut",2,384,NA,NA,NA,NA
"3023","Nirvanol","1506-02-1","FishRtgut",2,384,NA,NA,NA,NA
"3024","Cetalox","3738-00-9","FishRtgut",2,384,1.83275054488748e-07,5.13429135295098e-07,3.91745180518535e-05,0.0131062017052895
"3025","Tonalide","21145-77-7","FishRtgut",2,384,2.21046680381353e-07,2.39477492364815e-07,3.91437448966421e-05,0.00611789937312201
"3026","Caffeine","8/2/1958","FishRtgut",2,384,1.30582411254121e-09,3.94817698008949e-05,3.99889487411759e-05,0.987317022421277
"3027","Lamotrigine","84057-84-1","FishRtgut",2,384,7.29625839501592e-09,3.4578904057048e-05,3.99715062794776e-05,0.865088841418061
"3028","Diclofenac","15307-79-6","FishRtgut",2,384,2.01081854275905e-09,3.94564413022487e-05,3.99932096942582e-05,0.986578511799554
"3029","2,4-Dichlorophenoxyacetic","94-75-7","FishRtgut",2,384,9.61516844158183e-09,3.22372925452333e-05,3.9956493595637e-05,0.806809848518675
"3030","(S)-Naproxen","22204-53-1","FishRtgut",2,384,1.99222602014459e-08,2.69740267075273e-05,3.9913477249744e-05,0.67581249658473
"3031","Ibuprofen","15687-27-1","FishRtgut",2,384,4.50049616432777e-08,1.61852292207526e-05,3.97817327756514e-05,0.406850785309656
"3032","Torasemide","56211-40-6","FishRtgut",2,384,4.24847373951264e-08,2.35021205041302e-05,3.98780645543981e-05,0.589349577687521
"3033","Warfarin","81-81-2","FishRtgut",2,384,1.10002399007407e-08,3.34060627823957e-05,3.99643085869634e-05,0.835897428569376
"3034","di-n-butylphthalate","84-74-2","FishRtgut",2,384,1.5151383958715e-07,3.46960912414099e-06,3.94552087255367e-05,0.0879379234381124
"3035","hexachlorophene","70-30-4","FishRtgut",2,384,5.10454148118563e-07,1.77500263281036e-09,3.87455046739754e-05,4.58118341145932e-05
"3036","hexamethylenetetramine","100-97-0","FishRtgut",2,384,9.41776204119204e-10,3.94914984722742e-05,3.99928603847274e-05,0.987463714582301
"3037","Malathion","121-75-5","FishRtgut",2,384,6.74021799056033e-09,3.60635688131453e-05,3.99795848936939e-05,0.90204960629378
"3038","pentachlorophenol","87-86-5","FishRtgut",2,384,1.8613638449533e-07,1.0332482334593e-06,3.93011306597628e-05,0.0262905472721464
"3039","2,2,2-trichloroethanol","115-20-8","FishRtgut",2,384,1.20185646832899e-09,3.90253600387534e-05,3.99756928050783e-05,0.976227234610823
"3040","diethylphthalate","84-66-2","FishRtgut",2,384,5.12446154559863e-09,3.55518048929672e-05,3.99768829538964e-05,0.889309077297685
"3041","4-chlorophenol","106-48-9","FishRtgut",2,384,2.74396439253902e-09,3.58774418320023e-05,3.99770558916567e-05,0.897450826024683
"3042","permethrin","52645-53-1","FishRtgut",2,384,4.1070055320743e-07,2.95234584335317e-08,3.89503933827726e-05,0.000757975873142008
"3043","Aniline","62-53-3","FishRtgut",2,384,6.37588141972866e-10,3.94302753339674e-05,3.99875115185555e-05,0.986064744630844
"3044","4-fluoroaniline","371-40-4","FishRtgut",2,384,7.89245316148391e-10,3.93489958875707e-05,3.99912191566813e-05,0.983940892959667
"3045","2,4,6-trichlorophenol","6/2/1988","FishRtgut",2,384,4.06106115027056e-08,1.70023014615098e-05,3.97926986659392e-05,0.427271887344073
"3046","Allyl alcohol","107-18-6","FishRtgut",2,384,3.90911584619417e-10,3.94677557240542e-05,3.9979329429282e-05,0.987204044876922
"3047","N-methylaniline","100-61-8","FishRtgut",2,384,1.00560319190353e-09,3.86118184987003e-05,3.9966358248189e-05,0.966108001607827
"3048","3,4-dichloroaniline","95-76-1","FishRtgut",2,384,5.67888297538749e-09,3.35036825881616e-05,3.99645378943692e-05,0.838335293071964
"3049","4-decylaniline","37529-30-9","FishRtgut",2,384,2.35320257796559e-07,4.75699537872189e-08,3.89916607489766e-05,0.0012200032743788
"3050","naphthalene","91-20-3","FishRtgut",2,384,1.35390829137917e-08,2.43617513547167e-05,3.91359402832011e-05,0.622490508172967
"3051","1,2,4-trichlorobenzene","120-82-1","FishRtgut",2,384,5.43174732532052e-08,1.08853839226677e-05,3.86064997759215e-05,0.281957286618788
"3052","1,2-dichlorobenzene","95-50-1","FishRtgut",2,384,1.8488375577909e-08,2.07469821796438e-05,3.70502634726312e-05,0.559968546376721
"3053","dichloromethane","9/2/1975","FishRtgut",2,384,5.12991576021967e-10,3.20321809519396e-05,3.26377821191588e-05,0.981444781847978
"3054","tetrachloroethylene","127-18-4","FishRtgut",2,384,1.24186091263111e-08,1.33559204098016e-05,2.32374056881603e-05,0.574759531637672
"3055","2,3-dimethyl-1,3-butadiene","513-81-5","FishRtgut",2,384,1.7697128700536e-09,8.78549675666572e-06,1.21983213151299e-05,0.720221785416395
"3056","cyclosporine A","59865-13-3","FishRtgut",2,384,6.40916360487809e-08,3.08920222262561e-05,3.99467061683239e-05,0.773330899826535
"3057","chlorpromazine","50-53-3","FishRtgut",2,384,2.48385082005046e-07,5.01268682615276e-07,3.92210212054661e-05,0.0127806127226849
"3058","PBDE 47","5436-43-1","FishRtgut",2,384,5.42638698575283e-07,1.28907807828082e-08,3.88826375760308e-05,0.000331530513011152
"3059","PBDE 99","60348-60-9","FishRtgut",2,384,6.86880860532573e-07,3.23995733544476e-09,3.87834939597261e-05,8.3539593900674e-05
"3060","PBDE 153","68631-49-2","FishRtgut",2,384,8.43443768813547e-07,6.58486620013755e-10,3.86892418194193e-05,1.70198894847104e-05
"3061","amiodarone","1951-25-3","FishRtgut",2,384,8.12745333749423e-07,1.63474220467949e-09,3.87405349184413e-05,4.21972027005057e-05
"3062","PFBS","375-73-5","FishRtgut",2,384,2.52963698387909e-09,3.89222350000299e-05,3.99915698741498e-05,0.973260992817111
"3063","4:2 FTS","757124-72-4","FishRtgut",2,384,3.33523955982369e-09,3.84160783863719e-05,3.99898355670696e-05,0.960646070223064
"3064","PFNA","375-95-1","FishRtgut",2,384,4.4017079447394e-07,9.17652193302651e-08,3.90515195659061e-05,0.00234985015564876
"3065","PFHxA","307-24-4","FishRtgut",2,384,1.21516328705773e-07,7.8385957880541e-06,3.96130667894696e-05,0.197879044046593
"3066","PFBA","375-22-4","FishRtgut",2,384,2.09812841582424e-09,3.83769032874838e-05,3.98541607132754e-05,0.962933420266467
"3067","PFOA","335-67-1","FishRtgut",2,384,1.4913876591729e-07,8.87397344851479e-06,3.9639822202619e-05,0.223865117334671
"3068","6:2 FTS","27619-97-2","FishRtgut",2,384,2.50483375647113e-08,3.02195125272157e-05,3.99414986936745e-05,0.756594357136666
"3069","8:2 FTS","39108-34-4","FishRtgut",2,384,2.00320217304367e-07,8.125673394268e-06,3.96207349356686e-05,0.205086387404512
"3070","PFUnDA","2058-94-8","FishRtgut",2,384,5.18329403115255e-07,1.25482580389007e-07,3.90811228633725e-05,0.00321082331302746
"3071","PFOS","1763-23-1","FishRtgut",2,384,4.59558021537669e-07,1.25482580383756e-07,3.9081122861737e-05,0.00321082331302746
"3072","PFHpA","375-85-9","FishRtgut",2,384,5.82689570616258e-08,2.02996577282057e-05,3.98399465331497e-05,0.509530245260618
"3073","PFPeA","2706-90-3","FishRtgut",2,384,5.07996592598881e-09,3.62971176255941e-05,3.99807605910342e-05,0.907864610102837
"3074","PFHxS","355-46-4","FishRtgut",2,384,1.45304624669644e-08,3.33067761653489e-05,3.99636833706036e-05,0.833426084789988
"3075","PFDA","335-76-2","FishRtgut",2,384,5.27872633665738e-07,3.84972911343068e-08,3.89731702588419e-05,0.000987789571097897
"3076","Azathioprine","446-86-6","FishRtgut",2,384,1.86597556145696e-09,3.94829622090854e-05,3.9993133171481e-05,0.987243536028846
"3077","Benzocaine","94-09-7","FishRtgut",2,384,1.83513442060103e-09,3.81598664581507e-05,3.99888828005213e-05,0.954261879445484
"3078","Butylated hydroxyanisole","25013-16-5","FishRtgut",2,384,NA,NA,NA,NA
"3079","Cetirizine dihydrochloride","83881-52-1","FishRtgut",2,384,2.64176996440653e-09,3.94552000793782e-05,3.99932066047125e-05,0.986547552171749
"3080","Cyclamate","139-05-9","FishRtgut",2,384,1.2043718406562e-09,3.94903249971731e-05,3.99932412221006e-05,0.98742496958087
"3081","Cyclophosphamide","6055-19-2","FishRtgut",2,384,1.77236270050238e-09,3.94539639054478e-05,3.99902897003161e-05,0.986588599410319
"3082","Cypermethrin","67375-30-8","FishRtgut",2,384,4.48061463076637e-07,2.14440710542532e-08,3.89237053439622e-05,0.000550925737022094
"3083","DEET","134-62-3","FishRtgut",2,384,3.03672440800137e-09,3.7010001713627e-05,3.99837450024843e-05,0.925626194127826
"3084","Dexamethasone","50-02-2","FishRtgut",2,384,4.62196826350608e-09,3.79857634253146e-05,3.99882229071251e-05,0.949923769144198
"3085","Digoxin","20830-75-5","FishRtgut",2,384,5.80559850151577e-09,3.92396570852689e-05,3.99925655170324e-05,0.981173790127497
"3086","Fenazaquin","120928-09-8","FishRtgut",2,384,2.46872327671657e-07,3.89138484317536e-07,3.91942437975658e-05,0.00992846006488595
"3087","Fenbuconazole","114369-43-6","FishRtgut",2,384,3.19396497079369e-08,2.61003410776109e-05,3.98979911545428e-05,0.654176822499976
"3088","Fluazinam","79622-59-6","FishRtgut",2,384,1.46565018082172e-07,1.08414633517433e-05,3.96848673884308e-05,0.273188851700784
"3089","Furosemide","54-31-9","FishRtgut",2,384,4.37926826601704e-09,3.76207967544198e-05,3.9986758511983e-05,0.940831369042976
"3090","Glybenclamide","10238-21-8","FishRtgut",2,384,3.06174782725761e-07,1.9868169831218e-06,3.93802129724626e-05,0.0504521645048268
"3091","HC Red 3","1/4/2871","FishRtgut",2,384,1.32732202212088e-09,3.94822040453143e-05,3.99930199380246e-05,0.987227373839187
"3092","Hydralazine hydrochloride","304-20-1","FishRtgut",2,384,1.08847460098404e-09,3.94542288028036e-05,3.99930828693036e-05,0.986526318357079
"3093","Ketoconazole","65277-42-1","FishRtgut",2,384,2.36318278726561e-07,5.91082087487447e-06,3.95552975868937e-05,0.149431839360828
"3094","Metformin","1115-70-4","FishRtgut",2,384,8.67749037128741e-10,3.94912883518188e-05,3.99932716858519e-05,0.987448305355558
"3095","Metoclopramide","364-62-5","FishRtgut",2,384,9.30028461798776e-09,3.41530171230388e-05,3.99689778886394e-05,0.854488128723108
"3096","Nitrofurantoin","67-20-9","FishRtgut",2,384,1.60043199162476e-09,3.94897409868064e-05,3.99932396423562e-05,0.98741040585728
"3097","Oxytetracycline hydrochloride","2058-46-0","FishRtgut",2,384,3.09308413593443e-09,3.94921021631046e-05,3.99932821459843e-05,0.987468395790817
"3098","Panthenol","16485-10-2 ","FishRtgut",2,384,1.37894143842127e-09,3.94913233106052e-05,3.99932495803005e-05,0.987449725267074
"3099","Paracetamol","103-90-2","FishRtgut",2,384,1.02084531478364e-09,3.94714760072221e-05,3.99932305263232e-05,0.986953929146642
"3100","Topiramate","97240-79-4","FishRtgut",2,384,2.2797731132009e-09,3.94919891923273e-05,3.99932560723121e-05,0.987466214826858
"3101","Trimellitic anhydride","552-30-7","FishRtgut",2,384,1.58150774873488e-09,3.89835634368545e-05,3.99917684920805e-05,0.974789685646793
"3102","Verapamil hydrochloride","152-11-4","FishRtgut",2,384,2.24794801719939e-07,4.55363680950731e-06,3.9505360140847e-05,0.11526630293389
"3103","Warfarin","129-06-6","FishRtgut",2,384,7.57563723253208e-09,3.52720631887324e-05,3.99754300074511e-05,0.882343559085116
"3104","2,4-Dinitrophenol","51-28-5","FishRtgill",2,384,9.14604332697395e-10,3.86189472028402e-05,3.99947974993534e-05,0.965599268341453
"3105","Aldrin","309-00-2","FishRtgill",2,384,2.03618716267466e-07,2.98960160559625e-08,3.94419098487076e-05,0.000757975873142008
"3106","Azinphos-methyl","86-50-0","FishRtgill",2,384,6.50207715634596e-09,3.29109481444423e-05,3.99792773768355e-05,0.823200175286592
"3107","Chlorpyrifos","2921-88-2","FishRtgill",2,384,1.21061934755254e-07,1.53838703349011e-06,3.96543719245984e-05,0.0387948909243932
"3108","DDD-p,p'","50-29-3","FishRtgill",2,384,2.14632028992568e-07,9.98420129538702e-09,3.93945270296978e-05,0.000253441329245059
"3109","DDT-o,p'","789-02-6","FishRtgill",2,384,2.00368782809677e-07,2.54874962091118e-08,3.94347430750477e-05,0.000646320838469948
"3110","DDT-p,p'","72-54-8","FishRtgill",2,384,1.63271331766029e-07,8.14375006293472e-08,3.94898028253213e-05,0.00206224125730829
"3111","Diazinon","333-41-5","FishRtgill",2,384,3.9150643231504e-08,1.46200981430001e-05,3.98712467529915e-05,0.366682743420938
"3112","Dicofol","115-32-2","FishRtgill",2,384,1.31399573370422e-07,1.3304022245648e-06,3.96453355630943e-05,0.0335575977771082
"3113","Dieldrin","60-57-1","FishRtgill",2,384,1.40925408265004e-07,1.04187931745128e-06,3.96294267542731e-05,0.0262905472721464
"3114","Disulfoton","298-04-4","FishRtgill",2,384,4.6101287651091e-08,1.07082793523097e-05,3.98283821421355e-05,0.268860515450894
"3115","Endosulfan I","115-29-7","FishRtgill",2,384,5.37657255214076e-08,1.42174244667117e-05,3.98435607318829e-05,0.356831171851939
"3116","Endrin","72-20-8","FishRtgill",2,384,1.58328056394696e-07,4.81058932191888e-07,3.95840642551767e-05,0.0121528433535972
"3117","Ethion","563-12-2","FishRtgill",2,384,1.39320425429024e-07,1.17775042997358e-06,3.96376017696361e-05,0.0297129588419192
"3118","Heptachlor","76-44-8","FishRtgill",2,384,1.89470821144933e-07,8.58082331133128e-08,3.94906858511133e-05,0.00217287269805404
"3119","Heptachlor epoxide B","1024-57-3","FishRtgill",2,384,1.35648853943131e-07,1.465787753425e-06,3.96493956070952e-05,0.036968728803591
"3120","Lindane","58-89-9","FishRtgill",2,384,3.29105933556541e-08,1.64294609625281e-05,3.98831463305182e-05,0.411939941407191
"3121","Methoxychlor-o,p'","72-43-5","FishRtgill",2,384,1.25778645124402e-07,1.14929336288483e-06,3.96360932841891e-05,0.0289961312444304
"3122","Parathion","56-38-2","FishRtgill",2,384,3.85059158798819e-08,1.42259651356451e-05,3.98674954932131e-05,0.356831171851939
"3123","Trifluralin","1582-09-8","FishRtgill",2,384,1.34982104954342e-07,6.03221951869317e-07,3.95930257787822e-05,0.0152355608091105
"3124","Eugenol F","97-53-0","FishRtgill",2,384,1.54503124057002e-09,3.65769287942357e-05,3.99900237525092e-05,0.914651339559172
"3125","Methyl-antranilate","134-20-3","FishRtgill",2,384,8.98675215391388e-10,3.81087408756039e-05,3.99940252811808e-05,0.952860848781229
"3126","Lilyfore","285977-85-7","FishRtgill",2,384,8.94772772915545e-09,2.59560510760655e-05,3.9947933695741e-05,0.649747025059089
"3127","Damascone beta","23726-91-2","FishRtgill",2,384,4.26119671161887e-08,6.64234554958544e-06,3.96263313538501e-05,0.167624539609066
"3128","Veloutone","14595-54-1","FishRtgill",2,384,8.75618868889017e-08,7.00809209965397e-07,3.9597232434928e-05,0.0176984391804925
"3129","Verdox","82356-51-2","FishRtgill",2,384,NA,NA,NA,NA
"3130","Nirvanol","1506-02-1","FishRtgill",2,384,NA,NA,NA,NA
"3131","Cetalox","3738-00-9","FishRtgill",2,384,9.71135065233989e-08,5.18200090738946e-07,3.95385407909453e-05,0.0131062017052895
"3132","Tonalide","21145-77-7","FishRtgill",2,384,1.17240482295599e-07,2.41935165268334e-07,3.9545463322139e-05,0.00611789937312201
"3133","Caffeine","8/2/1958","FishRtgill",2,384,6.8561240731735e-10,3.9484922791912e-05,3.99921422352063e-05,0.987317022421277
"3134","Lamotrigine","84057-84-1","FishRtgill",2,384,3.83183208320937e-09,3.45906071159057e-05,3.99850344378556e-05,0.865088841418061
"3135","Diclofenac","15307-79-6","FishRtgill",2,384,1.0557648608974e-09,3.94596229177469e-05,3.99964345926926e-05,0.986578511799554
"3136","2,4-Dichlorophenoxyacetic","94-75-7","FishRtgill",2,384,5.05057234867609e-09,3.22539536040374e-05,3.99771441353332e-05,0.806809848518675
"3137","(S)-Naproxen","22204-53-1","FishRtgill",2,384,1.04699437767656e-08,2.70017692298634e-05,3.99545278702583e-05,0.67581249658473
"3138","Ibuprofen","15687-27-1","FishRtgill",2,384,2.36889786897634e-08,1.62272711232058e-05,3.98850677180213e-05,0.406850785309656
"3139","Torasemide","56211-40-6","FishRtgill",2,384,2.23368304842892e-08,2.35362005234609e-05,3.99358910475712e-05,0.589349577687521
"3140","Warfarin","81-81-2","FishRtgill",2,384,5.77757368898105e-09,3.3420221675784e-05,3.99812471405518e-05,0.835897428569376
"3141","di-n-butylphthalate","84-74-2","FishRtgill",2,384,8.00622991605138e-08,3.4921830610947e-06,3.97119118187089e-05,0.0879379234381124
"3142","hexachlorophene","70-30-4","FishRtgill",2,384,2.72041059332359e-07,1.80184495494653e-09,3.93314301811061e-05,4.58118341145932e-05
"3143","hexamethylenetetramine","100-97-0","FishRtgill",2,384,4.94471953434016e-10,3.94946491396464e-05,3.99960510512051e-05,0.987463714582301
"3144","Malathion","121-75-5","FishRtgill",2,384,3.53947199333033e-09,3.60723084631153e-05,3.99892735515116e-05,0.90204960629378
"3145","pentachlorophenol","87-86-5","FishRtgill",2,384,9.85393853209401e-08,1.04189497379342e-06,3.96300222664921e-05,0.0262905472721464
"3146","2,2,2-trichloroethanol","115-20-8","FishRtgill",2,384,6.31034928063106e-10,3.902908845193e-05,3.99795120113497e-05,0.976227234610823
"3147","diethylphthalate","84-66-2","FishRtgill",2,384,2.69107917333608e-09,3.55615422302111e-05,3.99878322824172e-05,0.889309077297685
"3148","4-chlorophenol","106-48-9","FishRtgill",2,384,1.44094652569479e-09,3.58865375667053e-05,3.99871909703032e-05,0.897450826024683
"3149","permethrin","52645-53-1","FishRtgill",2,384,2.18339187129816e-07,2.98960855811865e-08,3.94420015735586e-05,0.000757975873142008
"3150","Aniline","62-53-3","FishRtgill",2,384,3.3476099020953e-10,3.9433481229494e-05,3.99907627204102e-05,0.986064744630844
"3151","4-fluoroaniline","371-40-4","FishRtgill",2,384,4.14388742118023e-10,3.93523150131554e-05,3.99945924544154e-05,0.983940892959667
"3152","2,4,6-trichlorophenol","6/2/1988","FishRtgill",2,384,2.13727718031728e-08,1.70439294802303e-05,3.98901261353177e-05,0.427271887344073
"3153","Allyl alcohol","107-18-6","FishRtgill",2,384,2.05244986240506e-10,3.94709104576858e-05,3.99825250539839e-05,0.987204044876922
"3154","N-methylaniline","100-61-8","FishRtgill",2,384,5.28000519783132e-10,3.86161221467289e-05,3.99708128723319e-05,0.966108001607827
"3155","3,4-dichloroaniline","95-76-1","FishRtgill",2,384,2.98265501693681e-09,3.35176334569883e-05,3.99811790508874e-05,0.838335293071964
"3156","4-decylaniline","37529-30-9","FishRtgill",2,384,1.25040269027349e-07,4.81464211074849e-08,3.94641736777304e-05,0.0012200032743788
"3157","naphthalene","91-20-3","FishRtgill",2,384,7.11694603598859e-09,2.43923491488165e-05,3.91850941155857e-05,0.622490508172967
"3158","1,2,4-trichlorobenzene","120-82-1","FishRtgill",2,384,2.861840640839e-08,1.09242174221271e-05,3.87442280819537e-05,0.281957286618788
"3159","1,2-dichlorobenzene","95-50-1","FishRtgill",2,384,9.72091569407816e-09,2.07780148460871e-05,3.71056820611289e-05,0.559968546376721
"3160","dichloromethane","9/2/1975","FishRtgill",2,384,2.6933989635703e-10,3.20344786893198e-05,3.2640123297616e-05,0.981444781847978
"3161","tetrachloroethylene","127-18-4","FishRtgill",2,384,6.52557291859098e-09,1.33678082691171e-05,2.32580888759303e-05,0.574759531637672
"3162","2,3-dimethyl-1,3-butadiene","513-81-5","FishRtgill",2,384,9.29337025625716e-10,8.78774508204537e-06,1.22014430276706e-05,0.720221785416395
"3163","cyclosporine A","59865-13-3","FishRtgill",2,384,3.36694170764615e-08,3.09115850454077e-05,3.99720029968303e-05,0.773330899826535
"3164","chlorpromazine","50-53-3","FishRtgill",2,384,1.31619698878821e-07,5.05948896774235e-07,3.95872175890442e-05,0.0127806127226849
"3165","PBDE 47","5436-43-1","FishRtgill",2,384,2.88715020585389e-07,1.30640711199229e-08,3.94053355791219e-05,0.000331530513011152
"3166","PBDE 99","60348-60-9","FishRtgill",2,384,3.65897690465737e-07,3.28744307190843e-09,3.93519158809545e-05,8.3539593900674e-05
"3167","PBDE 153","68631-49-2","FishRtgill",2,384,4.49808245961869e-07,6.68896510076596e-10,3.93008727041083e-05,1.70198894847104e-05
"3168","amiodarone","1951-25-3","FishRtgill",2,384,4.33169851942316e-07,1.65956286993042e-09,3.93287413317218e-05,4.21972027005057e-05
"3169","PFBS","375-73-5","FishRtgill",2,384,1.32819236606603e-09,3.89261314317453e-05,3.99955733549676e-05,0.973260992817111
"3170","4:2 FTS","757124-72-4","FishRtgill",2,384,1.75121213095142e-09,3.84207155635758e-05,3.99946627113714e-05,0.960646070223063
"3171","PFNA","375-95-1","FishRtgill",2,384,2.33722127386507e-07,9.28105637574336e-08,3.9496375347308e-05,0.00234985015564876
"3172","PFHxA","307-24-4","FishRtgill",2,384,6.40905578206764e-08,7.874779063112e-06,3.97959223072544e-05,0.197879044046593
"3173","PFBA","375-22-4","FishRtgill",2,384,1.1016456551063e-09,3.83813710617877e-05,3.98588004673954e-05,0.962933420266467
"3174","PFOA","335-67-1","FishRtgill",2,384,7.8634179144694e-08,8.91209144442359e-06,3.98100943573996e-05,0.223865117334671
"3175","6:2 FTS","27619-97-2","FishRtgill",2,384,1.31595191187795e-08,3.02405205694574e-05,3.99692652796179e-05,0.756594357136666
"3176","8:2 FTS","39108-34-4","FishRtgill",2,384,1.05643910223374e-07,8.16243514527983e-06,3.97999850140237e-05,0.205086387404512
"3177","PFUnDA","2058-94-8","FishRtgill",2,384,2.75125008811033e-07,1.26866909721023e-07,3.9512267525366e-05,0.00321082331302746
"3178","PFOS","1763-23-1","FishRtgill",2,384,2.43929640081084e-07,1.26866909736399e-07,3.95122675301547e-05,0.00321082331302746
"3179","PFHpA","375-85-9","FishRtgill",2,384,3.06494557726222e-08,2.03383133633719e-05,3.99158117747635e-05,0.509530245260618
"3180","PFPeA","2706-90-3","FishRtgill",2,384,2.66759154639898e-09,3.63054119231217e-05,3.99898966421979e-05,0.907864610102837
"3181","PFHxS","355-46-4","FishRtgill",2,384,7.63178403640423e-09,3.33211460597034e-05,3.99809253247694e-05,0.833426084789988
"3182","PFDA","335-76-2","FishRtgill",2,384,2.80554098024089e-07,3.89725064135195e-08,3.9454259848282e-05,0.000987789571097897
"3183","Azathioprine","446-86-6","FishRtgill",2,384,9.79715468061834e-10,3.94861179169271e-05,3.99963296551515e-05,0.987243536028846
"3184","Benzocaine","94-09-7","FishRtgill",2,384,9.63572687403761e-10,3.81649012542803e-05,3.99941589162691e-05,0.954261879445484
"3185","Butylated hydroxyanisole","25013-16-5","FishRtgill",2,384,NA,NA,NA,NA
"3186","Cetirizine dihydrochloride","83881-52-1","FishRtgill",2,384,1.38704112128858e-09,3.9458383112266e-05,3.99964330410671e-05,0.98654755217175
"3187","Cyclamate","139-05-9","FishRtgill",2,384,6.32345672461677e-10,3.94934762600861e-05,3.99964326169003e-05,0.98742496958087
"3188","Cyclophosphamide","6055-19-2","FishRtgill",2,384,9.30565431862755e-10,3.94571445975838e-05,3.99935136298628e-05,0.98658859941032
"3189","Cypermethrin","67375-30-8","FishRtgill",2,384,2.38277695077101e-07,2.17216960275788e-08,3.94276298380806e-05,0.000550925737022093
"3190","DEET","134-62-3","FishRtgill",2,384,1.59458094862723e-09,3.70169807125779e-05,3.99912847620494e-05,0.925626194127826
"3191","Dexamethasone","50-02-2","FishRtgill",2,384,2.42687273860722e-09,3.79910765104584e-05,3.99938160771418e-05,0.949923769144198
"3192","Digoxin","20830-75-5","FishRtgill",2,384,3.04820830951179e-09,3.92431214730077e-05,3.99960963774912e-05,0.981173790127497
"3193","Fenazaquin","120928-09-8","FishRtgill",2,384,1.30860029501653e-07,3.92897695576701e-07,3.95728736389105e-05,0.00992846006488595
"3194","Fenbuconazole","114369-43-6","FishRtgill",2,384,1.67872197026217e-08,2.61297650555568e-05,3.99429697856006e-05,0.654176822499976
"3195","Fluazinam","79622-59-6","FishRtgill",2,384,7.72356657518674e-08,1.08821866636807e-05,3.98339339103033e-05,0.273188851700784
"3196","Furosemide","54-31-9","FishRtgill",2,384,2.29947739734056e-09,3.76267129800491e-05,3.99930468074458e-05,0.940831369042976
"3197","Glybenclamide","10238-21-8","FishRtgill",2,384,1.61933587387676e-07,2.0015483200892e-06,3.96721991956899e-05,0.0504521645048267
"3198","HC Red 3","1/4/2871","FishRtgill",2,384,6.96899766763775e-10,3.94853602207518e-05,3.99962169476712e-05,0.987227373839187
"3199","Hydralazine hydrochloride","304-20-1","FishRtgill",2,384,5.71495282010106e-10,3.94574127967532e-05,3.9996310349291e-05,0.986526318357079
"3200","Ketoconazole","65277-42-1","FishRtgill",2,384,1.24725725418917e-07,5.94219936823931e-06,3.97652829119695e-05,0.149431839360828
"3201","Metformin","1115-70-4","FishRtgill",2,384,4.55604593103288e-10,3.9494439259468e-05,3.99964626454516e-05,0.987448305355558
"3202","Metoclopramide","364-62-5","FishRtgill",2,384,4.88444876672581e-09,3.41656031111844e-05,3.99837071607295e-05,0.854488128723108
"3203","Nitrofurantoin","67-20-9","FishRtgill",2,384,8.40293850917875e-10,3.94928925133111e-05,3.99964313511796e-05,0.98741040585728
"3204","Oxytetracycline hydrochloride","2058-46-0","FishRtgill",2,384,1.6239987243502e-09,3.94952528600908e-05,3.99964728273262e-05,0.987468395790817
"3205","Panthenol","16485-10-2 ","FishRtgill",2,384,7.24002016350385e-10,3.94944741960318e-05,3.99964405128067e-05,0.987449725267074
"3206","Paracetamol","103-90-2","FishRtgill",2,384,5.35986774649499e-10,3.9474641744514e-05,3.99964381099787e-05,0.986953929146642
"3207","Topiramate","97240-79-4","FishRtgill",2,384,1.19697637273287e-09,3.94951399010197e-05,3.9996446772556e-05,0.987466214826858
"3208","Trimellitic anhydride","552-30-7","FishRtgill",2,384,8.30372735711251e-10,3.89873743912193e-05,3.99956780065336e-05,0.974789685646793
"3209","Verapamil hydrochloride","152-11-4","FishRtgill",2,384,1.1871436870479e-07,4.58053397621786e-06,3.97387081881595e-05,0.11526630293389
"3210","Warfarin","129-06-6","FishRtgill",2,384,3.97837030649289e-09,3.52823574362184e-05,3.99870969453236e-05,0.882343559085116
"3211","2,4-Dinitrophenol","51-28-5","Default",2,384,1.02253692361661e-08,3.85701154446523e-05,3.99442260461751e-05,0.965599268341453
"3212","Aldrin","309-00-2","Default",2,384,1.10627246940881e-06,2.80210656230581e-08,3.6968281730266e-05,0.000757975873142007
"3213","Azinphos-methyl","86-50-0","Default",2,384,5.81530759087853e-08,3.27769544967698e-05,3.98165057306489e-05,0.823200175286592
"3214","Chlorpyrifos","2921-88-2","Default",2,384,6.8670186283371e-07,1.47579607829328e-06,3.80409905306717e-05,0.0387948909243932
"3215","DDD-p,p'","50-29-3","Default",2,384,1.15675875888313e-06,9.31063133660463e-09,3.67368312198282e-05,0.000253441329245059
"3216","DDT-o,p'","789-02-6","Default",2,384,1.08725030900326e-06,2.38704981662187e-08,3.69328926833427e-05,0.000646320838469948
"3217","DDT-p,p'","72-54-8","Default",2,384,8.94712838690922e-07,7.67243166313073e-08,3.7204335990955e-05,0.00206224125730829
"3218","Diazinon","333-41-5","Default",2,384,2.51834500158782e-07,1.43638560802243e-05,3.91724354034713e-05,0.366682743420938
"3219","Dicofol","115-32-2","Default",2,384,7.43710877184427e-07,1.27494135892506e-06,3.79926288941571e-05,0.0335575977771082
"3220","Dieldrin","60-57-1","Default",2,384,7.94822450708031e-07,9.96747790726029e-07,3.79127821269068e-05,0.0262905472721464
"3221","Disulfoton","298-04-4","Default",2,384,2.85165452483804e-07,1.04740625603685e-05,3.89572360329777e-05,0.268860515450894
"3222","Endosulfan I","115-29-7","Default",2,384,3.44432744978588e-07,1.39626981014616e-05,3.91297039129058e-05,0.356831171851939
"3223","Endrin","72-20-8","Default",2,384,8.84038824556936e-07,4.57905464989973e-07,3.76788749485885e-05,0.0121528433535972
"3224","Ethion","563-12-2","Default",2,384,7.87140020692767e-07,1.12768639778379e-06,3.79526792933475e-05,0.0297129588419192
"3225","Heptachlor","76-44-8","Default",2,384,1.03878871116018e-06,8.0865084421346e-08,3.72157487614284e-05,0.00217287269805403
"3226","Heptachlor epoxide B","1024-57-3","Default",2,384,7.68878958027414e-07,1.40566131370062e-06,3.8022982103839e-05,0.036968728803591
"3227","Lindane","58-89-9","Default",2,384,2.15866050836995e-07,1.61703416033634e-05,3.92541241524805e-05,0.411939941407191
"3228","Methoxychlor-o,p'","72-43-5","Default",2,384,7.10381254558528e-07,1.10025182756344e-06,3.79447802290788e-05,0.0289961312444304
"3229","Parathion","56-38-2","Default",2,384,2.46673051166358e-07,1.39709353855568e-05,3.91527884546863e-05,0.356831171851939
"3230","Trifluralin","1582-09-8","Default",2,384,7.5579908533324e-07,5.750143379551e-07,3.77415931818705e-05,0.0152355608091105
"3231","Eugenol F","97-53-0","Default",2,384,1.60836165879116e-08,3.64959449447978e-05,3.99014830748375e-05,0.914651339559172
"3232","Methyl-antranilate","134-20-3","Default",2,384,9.95775833027138e-09,3.80516355616781e-05,3.99340948999517e-05,0.952860848781229
"3233","Lilyfore","285977-85-7","Default",2,384,6.71121449885844e-08,2.57416344634211e-05,3.96179335504923e-05,0.649747025059089
"3234","Damascone beta","23726-91-2","Default",2,384,2.53567684272228e-07,6.4591621750375e-06,3.85335118002504e-05,0.167624539609066
"3235","Veloutone","14595-54-1","Default",2,384,4.9122500894578e-07,6.68688944684332e-07,3.77823681435917e-05,0.0176984391804925
"3236","Verdox","82356-51-2","Default",2,384,NA,NA,NA,NA
"3237","Nirvanol","1506-02-1","Default",2,384,NA,NA,NA,NA
"3238","Cetalox","3738-00-9","Default",2,384,5.42774631504262e-07,4.93522849383111e-07,3.76556732820563e-05,0.0131062017052895
"3239","Tonalide","21145-77-7","Default",2,384,6.49493859987025e-07,2.29333751915168e-07,3.74857018607904e-05,0.00611789937312201
"3240","Caffeine","8/2/1958","Default",2,384,7.57522402007506e-09,3.94498978426182e-05,3.9956667358851e-05,0.987317022421277
"3241","Lamotrigine","84057-84-1","Default",2,384,3.65239676130164e-08,3.44801709422606e-05,3.98573756722378e-05,0.865088841418061
"3242","Diclofenac","15307-79-6","Default",2,384,1.16070570097729e-08,3.94244728992052e-05,3.99608063906578e-05,0.986578511799554
"3243","2,4-Dichlorophenoxyacetic","94-75-7","Default",2,384,4.41855115845906e-08,3.21111086486081e-05,3.98000950379634e-05,0.806809848518675
"3244","(S)-Naproxen","22204-53-1","Default",2,384,8.01271799506234e-08,2.67973254307394e-05,3.96520123054276e-05,0.67581249658473
"3245","Ibuprofen","15687-27-1","Default",2,384,1.55030062090921e-07,1.59682246837032e-05,3.92483565480885e-05,0.406850785309655
"3246","Torasemide","56211-40-6","Default",2,384,1.60763893865512e-07,2.33020522815705e-05,3.95385916335134e-05,0.589349577687521
"3247","Warfarin","81-81-2","Default",2,384,5.26200873234099e-08,3.3293229418265e-05,3.98293238863599e-05,0.835897428569376
"3248","di-n-butylphthalate","84-74-2","Default",2,384,4.60583959101997e-07,3.37196351166431e-06,3.83448162047786e-05,0.0879379234381124
"3249","hexachlorophene","70-30-4","Default",2,384,1.45140316977339e-06,1.6690635802342e-09,3.64330224382466e-05,4.58118341145931e-05
"3250","hexamethylenetetramine","100-97-0","Default",2,384,5.46659404568763e-09,3.94596271097361e-05,3.99605844012483e-05,0.987463714582301
"3251","Malathion","121-75-5","Default",2,384,3.59980479465803e-08,3.59836801895097e-05,3.98910214454332e-05,0.90204960629378
"3252","pentachlorophenol","87-86-5","Default",2,384,5.55763971869799e-07,9.96762118581458e-07,3.79133271081611e-05,0.0262905472721464
"3253","2,2,2-trichloroethanol","115-20-8","Default",2,384,7.0156541460289e-09,3.89873862792984e-05,3.99367943210894e-05,0.976227234610823
"3254","diethylphthalate","84-66-2","Default",2,384,2.67436207602079e-08,3.54652944259039e-05,3.98796046630617e-05,0.889309077297685
"3255","4-chlorophenol","106-48-9","Default",2,384,1.45322073935051e-08,3.57951538344675e-05,3.9885365076797e-05,0.897450826024683
"3256","permethrin","52645-53-1","Default",2,384,1.18624948186023e-06,2.80211267223633e-08,3.69683623387753e-05,0.000757975873142007
"3257","Aniline","62-53-3","Default",2,384,3.6646183592255e-09,3.93982295197987e-05,3.99550128268183e-05,0.986064744630844
"3258","4-fluoroaniline","371-40-4","Default",2,384,4.52712138275756e-09,3.93158992822543e-05,3.99575823746823e-05,0.983940892959667
"3259","2,4,6-trichlorophenol","6/2/1988","Default",2,384,1.41156563238425e-07,1.67847339561664e-05,3.92834971205349e-05,0.427271887344073
"3260","Allyl alcohol","107-18-6","Default",2,384,2.26633647728502e-09,3.94358896477968e-05,3.99470503108741e-05,0.987204044876921
"3261","N-methylaniline","100-61-8","Default",2,384,5.90352511237263e-09,3.85676836283351e-05,3.99206750840999e-05,0.966108001607827
"3262","3,4-dichloroaniline","95-76-1","Default",2,384,2.72628585428353e-08,3.3392002411885e-05,3.98313212957128e-05,0.838335293071964
"3263","4-decylaniline","37529-30-9","Default",2,384,6.82024363795853e-07,4.52348944439203e-08,3.70776828176571e-05,0.0012200032743788
"3264","naphthalene","91-20-3","Default",2,384,5.23601291651892e-08,2.41767913659169e-05,3.88388112726034e-05,0.622490508172967
"3265","1,2,4-trichlorobenzene","120-82-1","Default",2,384,1.78026624223687e-07,1.06984487541523e-05,3.79435086868915e-05,0.281957286618788
"3266","1,2-dichlorobenzene","95-50-1","Default",2,384,6.8778631834168e-08,2.05689784257811e-05,3.67323817719277e-05,0.559968546376721
"3267","dichloromethane","9/2/1975","Default",2,384,2.96467924393158e-09,3.20090605105278e-05,3.26142245621372e-05,0.981444781847978
"3268","tetrachloroethylene","127-18-4","Default",2,384,4.67468535929534e-08,1.32866709846907e-05,2.31169215181743e-05,0.574759531637672
"3269","2,3-dimethyl-1,3-butadiene","513-81-5","Default",2,384,7.42422198344169e-09,8.77036879076297e-06,1.21773167215324e-05,0.720221785416395
"3270","cyclosporine A","59865-13-3","Default",2,384,2.82810659578446e-07,3.07513763152248e-05,3.97648358834783e-05,0.773330899826535
"3271","chlorpromazine","50-53-3","Default",2,384,7.35361067033438e-07,4.8174961103978e-07,3.76937805325013e-05,0.0127806127226849
"3272","PBDE 47","5436-43-1","Default",2,384,1.55891421104487e-06,1.21972230675057e-08,3.67906499969593e-05,0.000331530513011152
"3273","PBDE 99","60348-60-9","Default",2,384,1.95848659487917e-06,3.05183801843536e-09,3.65316357901369e-05,8.35395939006739e-05
"3274","PBDE 153","68631-49-2","Default",2,384,2.38864348381586e-06,6.17623033713933e-10,3.62883104657504e-05,1.70198894847104e-05
"3275","amiodarone","1951-25-3","Default",2,384,2.3100959399344e-06,1.53682956292871e-09,3.6420176328662e-05,4.21972027005057e-05
"3276","PFBS","375-73-5","Default",2,384,1.48149292836264e-08,3.8882392295804e-05,3.99506325464238e-05,0.973260992817111
"3277","4:2 FTS","757124-72-4","Default",2,384,1.95394337113076e-08,3.83686412534365e-05,3.99404551194669e-05,0.960646070223063
"3278","PFNA","375-95-1","Default",2,384,1.28233460074235e-06,8.75009572454826e-08,3.72368242439377e-05,0.00234985015564876
"3279","PFHxA","307-24-4","Default",2,384,3.85812833902804e-07,7.67206580561578e-06,3.87714921637144e-05,0.197879044046593
"3280","PFBA","375-22-4","Default",2,384,1.23066845145309e-08,3.83311327770046e-05,3.98066283403036e-05,0.962933420266467
"3281","PFOA","335-67-1","Default",2,384,4.78085352434714e-07,8.69612993501485e-06,3.88453995805627e-05,0.223865117334671
"3282","6:2 FTS","27619-97-2","Default",2,384,1.08518818997868e-07,3.00720166872657e-05,3.97465516410581e-05,0.756594357136666
"3283","8:2 FTS","39108-34-4","Default",2,384,6.37712022460806e-07,7.95583904817592e-06,3.87926236785469e-05,0.205086387404512
"3284","PFUnDA","2058-94-8","Default",2,384,1.51403285821367e-06,1.19814995661216e-07,3.73159728768267e-05,0.00321082331302746
"3285","PFOS","1763-23-1","Default",2,384,1.34236248353587e-06,1.19814995654783e-07,3.73159728748232e-05,0.00321082331302746
"3286","PFHpA","375-85-9","Default",2,384,2.10709088029935e-07,2.00863059223778e-05,3.94212239787728e-05,0.509530245260618
"3287","PFPeA","2706-90-3","Default",2,384,2.74230669156393e-08,3.6220296909009e-05,3.98961436605688e-05,0.907864610102837
"3288","PFHxS","355-46-4","Default",2,384,6.92571269000622e-08,3.31927809418342e-05,3.98269043261327e-05,0.833426084789988
"3289","PFDA","335-76-2","Default",2,384,1.52754932581423e-06,3.6576441828709e-08,3.7028576631008e-05,0.000987789571097897
"3290","Azathioprine","446-86-6","Default",2,384,1.08205310460748e-08,3.94510777079404e-05,3.99608366813229e-05,0.987243536028846
"3291","Benzocaine","94-09-7","Default",2,384,1.0693124242909e-08,3.81086960463179e-05,3.99352597721525e-05,0.954261879445484
"3292","Butylated hydroxyanisole","25013-16-5","Default",2,384,NA,NA,NA,NA
"3293","Cetirizine dihydrochloride","83881-52-1","Default",2,384,1.52453737232722e-08,3.94232268881259e-05,3.99607974307382e-05,0.98654755217175
"3294","Cyclamate","139-05-9","Default",2,384,6.99000537870028e-09,3.945845223783e-05,3.99609625575692e-05,0.98742496958087
"3295","Cyclophosphamide","6055-19-2","Default",2,384,1.02314282052574e-08,3.94220017167686e-05,3.99578930268715e-05,0.98658859941032
"3296","Cypermethrin","67375-30-8","Default",2,384,1.29136666165553e-06,2.03280524681605e-08,3.68979902410065e-05,0.000550925737022093
"3297","DEET","134-62-3","Default",2,384,1.6935822227682e-08,3.69427394808197e-05,3.99110782680789e-05,0.925626194127826
"3298","Dexamethasone","50-02-2","Default",2,384,2.67967393555118e-08,3.79320908419888e-05,3.99317209171031e-05,0.949923769144199
"3299","Digoxin","20830-75-5","Default",2,384,3.35694048881055e-08,3.92047746117233e-05,3.99570137382378e-05,0.981173790127497
"3300","Fenazaquin","120928-09-8","Default",2,384,7.28909840151728e-07,3.73518753329723e-07,3.76210158361566e-05,0.00992846006488595
"3301","Fenbuconazole","114369-43-6","Default",2,384,1.26329848494879e-07,2.59170480206261e-05,3.96178022963005e-05,0.654176822499976
"3302","Fluazinam","79622-59-6","Default",2,384,4.78550082670225e-07,1.06464589032525e-05,3.89710591664746e-05,0.273188851700784
"3303","Furosemide","54-31-9","Default",2,384,2.50628112843223e-08,3.75619598258266e-05,3.99242213448251e-05,0.940831369042976
"3304","Glybenclamide","10238-21-8","Default",2,384,9.22377625507045e-07,1.92388425647915e-06,3.81328388060555e-05,0.0504521645048267
"3305","HC Red 3","1/4/2871","Default",2,384,7.69626063320571e-09,3.94503182934435e-05,3.99607216522237e-05,0.987227373839187
"3306","Hydralazine hydrochloride","304-20-1","Default",2,384,6.28041096220166e-09,3.94222524870132e-05,3.99606698305478e-05,0.986526318357079
"3307","Ketoconazole","65277-42-1","Default",2,384,7.36838860820574e-07,5.77008047214083e-06,3.86134608047486e-05,0.149431839360828
"3308","Metformin","1115-70-4","Default",2,384,5.03668733606921e-09,3.94594161774744e-05,3.99609943765775e-05,0.987448305355558
"3309","Metoclopramide","364-62-5","Default",2,384,4.5765717540638e-08,3.4049083570562e-05,3.9847345359195e-05,0.854488128723108
"3310","Nitrofurantoin","67-20-9","Default",2,384,9.28817430886587e-09,3.94578676701331e-05,3.99609599372971e-05,0.98741040585728
"3311","Oxytetracycline hydrochloride","2058-46-0","Default",2,384,1.79541681852389e-08,3.94602301069574e-05,3.99610056131017e-05,0.987468395790817
"3312","Panthenol","16485-10-2 ","Default",2,384,8.00384238883574e-09,3.94594511967061e-05,3.99609723786531e-05,0.987449725267074
"3313","Paracetamol","103-90-2","Default",2,384,5.90901562359326e-09,3.94395601766138e-05,3.99608928156503e-05,0.986953929146642
"3314","Topiramate","97240-79-4","Default",2,384,1.32331489503468e-08,3.94601171934836e-05,3.9960979526173e-05,0.987466214826858
"3315","Trimellitic anhydride","552-30-7","Default",2,384,9.24833172240347e-09,3.89446650819951e-05,3.99518641358566e-05,0.974789685646793
"3316","Verapamil hydrochloride","152-11-4","Default",2,384,6.91658729029938e-07,4.4352613703277e-06,3.84783866354376e-05,0.11526630293389
"3317","Warfarin","129-06-6","Default",2,384,3.90516652686491e-08,3.51819886889952e-05,3.98733444889366e-05,0.882343559085116
"3318","2,4-Dinitrophenol","51-28-5","MCF7",2,384,1.06057023527783e-08,3.85681207283243e-05,3.99421602654798e-05,0.965599268341453
"3319","Aldrin","309-00-2","MCF7",2,384,3.82591196973668e-07,2.95242627294786e-08,3.89514544929944e-05,0.000757975873142008
"3320","Azinphos-methyl","86-50-0","MCF7",2,384,2.50147790255739e-08,3.28629222683716e-05,3.99209369178409e-05,0.823200175286592
"3321","Chlorpyrifos","2921-88-2","MCF7",2,384,2.28843613131465e-07,1.52646043885006e-06,3.93469449836824e-05,0.0387948909243932
"3322","DDD-p,p'","50-29-3","MCF7",2,384,4.0294401713408e-07,9.84956834377513e-09,3.88633076267183e-05,0.000253441329245059
"3323","DDT-o,p'","789-02-6","MCF7",2,384,3.76436311055956e-07,2.51664828189682e-08,3.89380649996455e-05,0.000646320838469948
"3324","DDT-p,p'","72-54-8","MCF7",2,384,3.07044230708294e-07,8.05110723338873e-08,3.90405691131275e-05,0.00206224125730829
"3325","Diazinon","333-41-5","MCF7",2,384,7.90752745220204e-08,1.45719968404112e-05,3.97400671339559e-05,0.366682743420938
"3326","Dicofol","115-32-2","MCF7",2,384,2.48241643695758e-07,1.31981910707227e-06,3.93299638382518e-05,0.0335575977771082
"3327","Dieldrin","60-57-1","MCF7",2,384,2.66023460103338e-07,1.03324513567946e-06,3.93010128311074e-05,0.0262905472721464
"3328","Disulfoton","298-04-4","MCF7",2,384,9.04130123736785e-08,1.06648661118945e-05,3.96669109036297e-05,0.268860515450894
"3329","Endosulfan I","115-29-7","MCF7",2,384,1.08211167756835e-07,1.41697111438195e-05,3.97098467330622e-05,0.356831171851939
"3330","Endrin","72-20-8","MCF7",2,384,2.98367215667222e-07,4.76591047333039e-07,3.92164231419942e-05,0.0121528433535972
"3331","Ethion","563-12-2","MCF7",2,384,2.63094028911489e-07,1.16818510436828e-06,3.93156773979775e-05,0.0297129588419192
"3332","Heptachlor","76-44-8","MCF7",2,384,3.56331689095331e-07,8.48370795334218e-08,3.904374131508e-05,0.00217287269805404
"3333","Heptachlor epoxide B","1024-57-3","MCF7",2,384,2.56365830492049e-07,1.45432543897627e-06,3.93393412768633e-05,0.036968728803591
"3334","Lindane","58-89-9","MCF7",2,384,6.76994314473266e-08,1.63801896126114e-05,3.97635382397165e-05,0.411939941407191
"3335","Methoxychlor-o,p'","72-43-5","MCF7",2,384,2.37502707173701e-07,1.13992097955722e-06,3.93128645317528e-05,0.0289961312444304
"3336","Parathion","56-38-2","MCF7",2,384,7.74984747961225e-08,1.41781945723415e-05,3.97336210812447e-05,0.356831171851939
"3337","Trifluralin","1582-09-8","MCF7",2,384,2.54474796018081e-07,5.97792648586681e-07,3.92366684808356e-05,0.0152355608091105
"3338","Eugenol F","97-53-0","MCF7",2,384,1.0345766954005e-08,3.65279063178651e-05,3.99364268525208e-05,0.914651339559172
"3339","Methyl-antranilate","134-20-3","MCF7",2,384,8.87164082876834e-09,3.80584820691709e-05,3.99412801122537e-05,0.95286084878123
"3340","Lilyfore","285977-85-7","MCF7",2,384,2.23547117053801e-08,2.5906627731575e-05,3.98718681770324e-05,0.649747025059089
"3341","Damascone beta","23726-91-2","MCF7",2,384,8.18979889224212e-08,6.60823153565656e-06,3.94228169161166e-05,0.167624539609066
"3342","Veloutone","14595-54-1","MCF7",2,384,1.65126104372556e-07,6.94637273091592e-07,3.92485046849348e-05,0.0176984391804925
"3343","Verdox","82356-51-2","MCF7",2,384,NA,NA,NA,NA
"3344","Nirvanol","1506-02-1","MCF7",2,384,NA,NA,NA,NA
"3345","Cetalox","3738-00-9","MCF7",2,384,1.8303474926564e-07,5.13442441504449e-07,3.91755333123882e-05,0.0131062017052895
"3346","Tonalide","21145-77-7","MCF7",2,384,2.20726773168884e-07,2.39485066245268e-07,3.9144982883734e-05,0.00611789937312201
"3347","Caffeine","8/2/1958","MCF7",2,384,1.09119136100018e-08,3.94329350020016e-05,3.99394866152485e-05,0.987317022421277
"3348","Lamotrigine","84057-84-1","MCF7",2,384,1.81053170449734e-08,3.45423903494856e-05,3.99292982358476e-05,0.865088841418061
"3349","Diclofenac","15307-79-6","MCF7",2,384,1.66512015519548e-08,3.94076691019373e-05,3.99437739932692e-05,0.986578511799554
"3350","2,4-Dichlorophenoxyacetic","94-75-7","MCF7",2,384,1.82125357922036e-08,3.22059116209467e-05,3.99175985271842e-05,0.806809848518675
"3351","(S)-Naproxen","22204-53-1","MCF7",2,384,2.72119215948404e-08,2.69526315716574e-05,3.98818188593206e-05,0.67581249658473
"3352","Ibuprofen","15687-27-1","MCF7",2,384,4.86208714181667e-08,1.61780974944634e-05,3.97642036801039e-05,0.406850785309656
"3353","Torasemide","56211-40-6","MCF7",2,384,5.18965328857872e-08,2.34862005292471e-05,3.98510517669357e-05,0.589349577687521
"3354","Warfarin","81-81-2","MCF7",2,384,2.34999372997349e-08,3.33721755149423e-05,3.99237686040716e-05,0.835897428569376
"3355","di-n-butylphthalate","84-74-2","MCF7",2,384,1.52207474290111e-07,3.46938998232966e-06,3.94527167197812e-05,0.0879379234381124
"3356","hexachlorophene","70-30-4","MCF7",2,384,5.10138363116456e-07,1.77503818617962e-09,3.87462807478863e-05,4.58118341145932e-05
"3357","hexamethylenetetramine","100-97-0","MCF7",2,384,7.87832974717591e-09,3.94426396186195e-05,3.99433812464733e-05,0.987463714582301
"3358","Malathion","121-75-5","MCF7",2,384,2.13915394722918e-08,3.6023563320151e-05,3.99352353449383e-05,0.90204960629378
"3359","pentachlorophenol","87-86-5","MCF7",2,384,1.86011772502753e-07,1.03326053387631e-06,3.93015985243869e-05,0.0262905472721464
"3360","2,2,2-trichloroethanol","115-20-8","MCF7",2,384,8.48982194849649e-09,3.89777575139418e-05,3.99269310791974e-05,0.976227234610823
"3361","diethylphthalate","84-66-2","MCF7",2,384,1.4815711512321e-08,3.55130247277894e-05,3.99332758816561e-05,0.889309077297685
"3362","4-chlorophenol","106-48-9","MCF7",2,384,8.41079916511106e-09,3.5837884411524e-05,3.9932978356341e-05,0.897450826024683
"3363","permethrin","52645-53-1","MCF7",2,384,4.10250344797215e-07,2.95243305439068e-08,3.8951543960787e-05,0.000757975873142008
"3364","Aniline","62-53-3","MCF7",2,384,5.23847915708068e-09,3.93815677599101e-05,3.99381155997556e-05,0.986064744630844
"3365","4-fluoroaniline","371-40-4","MCF7",2,384,6.26558173274575e-09,3.93005062796423e-05,3.9941938139625e-05,0.983940892959667
"3366","2,4,6-trichlorophenol","6/2/1988","MCF7",2,384,4.4276632146979e-08,1.69943687011597e-05,3.97741325945802e-05,0.427271887344073
"3367","Allyl alcohol","107-18-6","MCF7",2,384,3.26296371457648e-09,3.94189555654628e-05,3.99298967321162e-05,0.987204044876922
"3368","N-methylaniline","100-61-8","MCF7",2,384,6.16448638252866e-09,3.85653321225445e-05,3.99182410852232e-05,0.966108001607827
"3369","3,4-dichloroaniline","95-76-1","MCF7",2,384,1.22695655233352e-08,3.34695809656453e-05,3.99238601097189e-05,0.838335293071964
"3370","4-decylaniline","37529-30-9","MCF7",2,384,2.35038714966928e-07,4.75714254944081e-08,3.89928670631072e-05,0.0012200032743788
"3371","naphthalene","91-20-3","MCF7",2,384,1.71583519682381e-08,2.43445076165616e-05,3.91082390766305e-05,0.622490508172967
"3372","1,2,4-trichlorobenzene","120-82-1","MCF7",2,384,5.63166765705173e-08,1.08823629529831e-05,3.85957854946175e-05,0.281957286618788
"3373","1,2-dichlorobenzene","95-50-1","MCF7",2,384,2.19672391924595e-08,2.0734668647859e-05,3.70282737879167e-05,0.559968546376721
"3374","dichloromethane","9/2/1975","MCF7",2,384,3.91897761807025e-09,3.2000061077216e-05,3.26050549853275e-05,0.981444781847978
"3375","tetrachloroethylene","127-18-4","MCF7",2,384,1.49585790001215e-08,1.33507965979364e-05,2.32284909828215e-05,0.574759531637672
"3376","2,3-dimethyl-1,3-butadiene","513-81-5","MCF7",2,384,2.62653797421172e-09,8.7832044231102e-06,1.21951384989447e-05,0.720221785416395
"3377","cyclosporine A","59865-13-3","MCF7",2,384,1.08612866303576e-07,3.08633931253729e-05,3.99096856627556e-05,0.773330899826535
"3378","chlorpromazine","50-53-3","MCF7",2,384,2.48056677048537e-07,5.01281845681734e-07,3.92220511299888e-05,0.0127806127226849
"3379","PBDE 47","5436-43-1","MCF7",2,384,5.42133289936102e-07,1.28911257043358e-08,3.88836779675304e-05,0.000331530513011152
"3380","PBDE 99","60348-60-9","MCF7",2,384,6.86399265971913e-07,3.24002858196678e-09,3.8784346807085e-05,8.3539593900674e-05
"3381","PBDE 153","68631-49-2","MCF7",2,384,8.43019240352474e-07,6.58497846882211e-10,3.86899014516964e-05,1.70198894847104e-05
"3382","amiodarone","1951-25-3","MCF7",2,384,8.12251082755207e-07,1.63477452402989e-09,3.8741300830595e-05,4.21972027005057e-05
"3383","PFBS","375-73-5","MCF7",2,384,1.711959771965e-08,3.88749179744306e-05,3.99429528783506e-05,0.973260992817112
"3384","4:2 FTS","757124-72-4","MCF7",2,384,1.90342925813238e-08,3.83701200339731e-05,3.99419944798853e-05,0.960646070223064
"3385","PFNA","375-95-1","MCF7",2,384,4.39585494465079e-07,9.17681829540983e-08,3.90527807628493e-05,0.00234985015564876
"3386","PFHxA","307-24-4","MCF7",2,384,1.23817175465585e-07,7.83714605537478e-06,3.9605740431662e-05,0.197879044046593
"3387","PFBA","375-22-4","MCF7",2,384,1.23330822993031e-08,3.83310144213748e-05,3.98065054287634e-05,0.962933420266466
"3388","PFOA","335-67-1","MCF7",2,384,1.52676310915693e-07,8.87206089297638e-06,3.9631278863839e-05,0.223865117334671
"3389","6:2 FTS","27619-97-2","MCF7",2,384,4.05011014677752e-08,3.019220684624e-05,3.9905408441721e-05,0.756594357136666
"3390","8:2 FTS","39108-34-4","MCF7",2,384,2.04367124213634e-07,8.12410202645116e-06,3.96130729555794e-05,0.205086387404512
"3391","PFUnDA","2058-94-8","MCF7",2,384,5.17611909998375e-07,1.25486664324344e-07,3.90823947911427e-05,0.00321082331302746
"3392","PFOS","1763-23-1","MCF7",2,384,4.58921882605852e-07,1.25486664426939e-07,3.90823948230954e-05,0.00321082331302746
"3393","PFHpA","375-85-9","MCF7",2,384,6.6573179898028e-08,2.02880353217247e-05,3.9817136490784e-05,0.509530245260618
"3394","PFPeA","2706-90-3","MCF7",2,384,1.68803717732386e-08,3.62565451178605e-05,3.99360705488384e-05,0.907864610102837
"3395","PFHxS","355-46-4","MCF7",2,384,3.0694754924248e-08,3.32731060674431e-05,3.99232837496651e-05,0.833426084789988
"3396","PFDA","335-76-2","MCF7",2,384,5.27264627505919e-07,3.84984593929881e-08,3.89743529587969e-05,0.000987789571097897
"3397","Azathioprine","446-86-6","MCF7",2,384,1.55817402271067e-08,3.94341244622048e-05,3.9943664377715e-05,0.987243536028846
"3398","Benzocaine","94-09-7","MCF7",2,384,9.67384198638725e-09,3.81145841872949e-05,3.9941430133878e-05,0.954261879445484
"3399","Butylated hydroxyanisole","25013-16-5","MCF7",2,384,NA,NA,NA,NA
"3400","Cetirizine dihydrochloride","83881-52-1","MCF7",2,384,2.18662143421025e-08,3.9406430945679e-05,3.99437724607711e-05,0.986547552171749
"3401","Cyclamate","139-05-9","MCF7",2,384,1.00728425779274e-08,3.94414690453243e-05,3.99437630811239e-05,0.98742496958087
"3402","Cyclophosphamide","6055-19-2","MCF7",2,384,1.46787210968478e-08,3.94051978257913e-05,3.99408607086517e-05,0.98658859941032
"3403","Cypermethrin","67375-30-8","MCF7",2,384,4.47599665584027e-07,2.14446821990208e-08,3.89248146491309e-05,0.000550925737022094
"3404","DEET","134-62-3","MCF7",2,384,1.17847722659247e-08,3.69676670786801e-05,3.99380087914572e-05,0.925626194127826
"3405","Dexamethasone","50-02-2","MCF7",2,384,2.31422173626836e-08,3.79409363734851e-05,3.99410327500982e-05,0.949923769144199
"3406","Digoxin","20830-75-5","MCF7",2,384,4.41582066738914e-08,3.91914708307854e-05,3.99434546918469e-05,0.981173790127497
"3407","Fenazaquin","120928-09-8","MCF7",2,384,2.46526008154741e-07,3.89149706339223e-07,3.91953740858092e-05,0.00992846006488595
"3408","Fenbuconazole","114369-43-6","MCF7",2,384,4.22063547863812e-08,2.60804045180909e-05,3.98675153583446e-05,0.654176822499976
"3409","Fluazinam","79622-59-6","MCF7",2,384,1.51634745518463e-07,1.08384854494878e-05,3.96739668621575e-05,0.273188851700784
"3410","Furosemide","54-31-9","MCF7",2,384,1.98060348649863e-08,3.75769133846438e-05,3.99401153289217e-05,0.940831369042976
"3411","Glybenclamide","10238-21-8","MCF7",2,384,3.06499296423421e-07,1.98678384105386e-06,3.93795560716485e-05,0.0504521645048267
"3412","HC Red 3","1/4/2871","MCF7",2,384,1.10819194675359e-08,3.943336817285e-05,3.99435522330577e-05,0.987227373839187
"3413","Hydralazine hydrochloride","304-20-1","MCF7",2,384,9.00664070919731e-09,3.94054620687101e-05,3.99436500937292e-05,0.98652631835708
"3414","Ketoconazole","65277-42-1","MCF7",2,384,2.3903650336697e-07,5.91005654342302e-06,3.95501826699208e-05,0.149431839360828
"3415","Metformin","1115-70-4","MCF7",2,384,7.25850788110551e-09,3.94424300177629e-05,3.99437923016745e-05,0.987448305355558
"3416","Metoclopramide","364-62-5","MCF7",2,384,2.17720108077613e-08,3.41174702856307e-05,3.9927377735035e-05,0.854488128723108
"3417","Nitrofurantoin","67-20-9","MCF7",2,384,1.33839834258989e-08,3.94408864790845e-05,3.99437622341457e-05,0.98741040585728
"3418","Oxytetracycline hydrochloride","2058-46-0","MCF7",2,384,2.58753518646848e-08,3.94432418165908e-05,3.99438017304874e-05,0.987468395790817
"3419","Panthenol","16485-10-2 ","MCF7",2,384,1.1534596549871e-08,3.94424648901012e-05,3.99437701797256e-05,0.987449725267074
"3420","Paracetamol","103-90-2","MCF7",2,384,8.49639669192371e-09,3.94226666539502e-05,3.99437759856091e-05,0.986953929146642
"3421","Topiramate","97240-79-4","MCF7",2,384,1.90713989388461e-08,3.94431291251793e-05,3.99437758304422e-05,0.987466214826858
"3422","Trimellitic anhydride","552-30-7","MCF7",2,384,1.09405280591478e-08,3.89360795641982e-05,3.99430565767254e-05,0.974789685646793
"3423","Verapamil hydrochloride","152-11-4","MCF7",2,384,2.26437606009979e-07,4.55322026771786e-06,3.95017464065739e-05,0.11526630293389
"3424","Warfarin","129-06-6","MCF7",2,384,2.08965002929359e-08,3.52339430652402e-05,3.99322267414447e-05,0.882343559085116
"3425","2,4-Dinitrophenol","51-28-5","HCT116",2,384,5.64539163037525e-09,3.85941358512731e-05,3.99691022110691e-05,0.965599268341453
"3426","Aldrin","309-00-2","HCT116",2,384,5.1253342509562e-07,2.92543527987384e-08,3.8595361455862e-05,0.000757975873142008
"3427","Azinphos-methyl","86-50-0","HCT116",2,384,3.0744673116499e-08,3.28480577070414e-05,3.99028798743945e-05,0.823200175286592
"3428","Chlorpyrifos","2921-88-2","HCT116",2,384,3.16558056408079e-07,1.5167543856203e-06,3.90967560284234e-05,0.0387948909243932
"3429","DDD-p,p'","50-29-3","HCT116",2,384,5.36888186813132e-07,9.75380546917077e-09,3.84854573570342e-05,0.000253441329245059
"3430","DDT-o,p'","789-02-6","HCT116",2,384,5.03852487284242e-07,2.493417253954e-08,3.85786300787814e-05,0.000646320838469948
"3431","DDT-p,p'","72-54-8","HCT116",2,384,4.13853353394192e-07,7.98228271890819e-08,3.8706832629888e-05,0.00206224125730829
"3432","Diazinon","333-41-5","HCT116",2,384,1.20025046059977e-07,1.45226604504216e-05,3.96055192424206e-05,0.366682743420938
"3433","Dicofol","115-32-2","HCT116",2,384,3.42872249099865e-07,1.3112478206328e-06,3.90745436947602e-05,0.0335575977771082
"3434","Dieldrin","60-57-1","HCT116",2,384,3.66503621227909e-07,1.02631006402954e-06,3.90372270841567e-05,0.0262905472721464
"3435","Disulfoton","298-04-4","HCT116",2,384,1.34155010631138e-07,1.06220110538097e-05,3.95075157688962e-05,0.268860515450894
"3436","Endosulfan I","115-29-7","HCT116",2,384,1.63928540812361e-07,1.41208831597315e-05,3.9573008956714e-05,0.356831171851939
"3437","Endrin","72-20-8","HCT116",2,384,4.07940362726245e-07,4.73095166345247e-07,3.89287636300531e-05,0.0121528433535972
"3438","Ethion","563-12-2","HCT116",2,384,3.62926690920926e-07,1.16046995394124e-06,3.90560213176764e-05,0.0297129588419192
"3439","Heptachlor","76-44-8","HCT116",2,384,4.80456733603924e-07,8.4114654490805e-08,3.87112666867855e-05,0.00217287269805404
"3440","Heptachlor epoxide B","1024-57-3","HCT116",2,384,3.54451222054851e-07,1.44501203863597e-06,3.9087414834118e-05,0.036968728803591
"3441","Lindane","58-89-9","HCT116",2,384,1.03569223282011e-07,1.63293873246051e-05,3.96402137380119e-05,0.411939941407191
"3442","Methoxychlor-o,p'","72-43-5","HCT116",2,384,3.27541609954336e-07,1.13236773669422e-06,3.90523731303542e-05,0.0289961312444304
"3443","Parathion","56-38-2","HCT116",2,384,1.17401798177153e-07,1.41293082035693e-05,3.95966196849865e-05,0.356831171851939
"3444","Trifluralin","1582-09-8","HCT116",2,384,3.4868045218229e-07,5.93512294257118e-07,3.89557235006545e-05,0.0152355608091105
"3445","Eugenol F","97-53-0","HCT116",2,384,8.80461826436457e-09,3.65364909324954e-05,3.99458125214189e-05,0.914651339559172
"3446","Methyl-antranilate","134-20-3","HCT116",2,384,5.50266588685469e-09,3.80797189172793e-05,3.99635675723121e-05,0.95286084878123
"3447","Lilyfore","285977-85-7","HCT116",2,384,3.36909183464648e-08,2.58648380728046e-05,3.98075513627052e-05,0.649747025059089
"3448","Damascone beta","23726-91-2","HCT116",2,384,1.17869790229499e-07,6.5769954238619e-06,3.92364712183595e-05,0.167624539609066
"3449","Veloutone","14595-54-1","HCT116",2,384,2.26587817700413e-07,6.89746644464966e-07,3.89721736154687e-05,0.0176984391804925
"3450","Verdox","82356-51-2","HCT116",2,384,NA,NA,NA,NA
"3451","Nirvanol","1506-02-1","HCT116",2,384,NA,NA,NA,NA
"3452","Cetalox","3738-00-9","HCT116",2,384,2.50433589621354e-07,5.09710419113266e-07,3.88907809123334e-05,0.0131062017052895
"3453","Tonalide","21145-77-7","HCT116",2,384,2.99956250963911e-07,2.37609261547506e-07,3.88383736076802e-05,0.00611789937312201
"3454","Caffeine","8/2/1958","HCT116",2,384,4.13812954106836e-09,3.94673711149318e-05,3.9974365091106e-05,0.987317022421277
"3455","Lamotrigine","84057-84-1","HCT116",2,384,1.96185811893957e-08,3.45372784440352e-05,3.99233891254699e-05,0.865088841418061
"3456","Diclofenac","15307-79-6","HCT116",2,384,6.3340738560751e-09,3.94420390373622e-05,3.9978611499878e-05,0.986578511799554
"3457","2,4-Dichlorophenoxyacetic","94-75-7","HCT116",2,384,2.32234555207824e-08,3.21876214534484e-05,3.98949287896594e-05,0.806809848518675
"3458","(S)-Naproxen","22204-53-1","HCT116",2,384,4.04854114892973e-08,2.69136739153927e-05,3.98241732010032e-05,0.67581249658473
"3459","Ibuprofen","15687-27-1","HCT116",2,384,7.43237369684144e-08,1.61274032590429e-05,3.96396021375953e-05,0.406850785309655
"3460","Torasemide","56211-40-6","HCT116",2,384,7.96149403614385e-08,2.34393150697413e-05,3.97714971845946e-05,0.589349577687521
"3461","Warfarin","81-81-2","HCT116",2,384,2.79502830078388e-08,3.3360110418522e-05,3.99093348996387e-05,0.835897428569376
"3462","di-n-butylphthalate","84-74-2","HCT116",2,384,2.12235507647264e-07,3.45042511066074e-06,3.92370546831143e-05,0.0879379234381124
"3463","hexachlorophene","70-30-4","HCT116",2,384,6.75419343887892e-07,1.75642962179111e-09,3.83400851709539e-05,4.58118341145932e-05
"3464","hexamethylenetetramine","100-97-0","HCT116",2,384,2.98661182816028e-09,3.94770953073765e-05,3.99782743653273e-05,0.987463714582301
"3465","Malathion","121-75-5","HCT116",2,384,1.96157483734979e-08,3.60284121250816e-05,3.99406106645402e-05,0.90204960629378
"3466","pentachlorophenol","87-86-5","HCT116",2,384,2.56270560981013e-07,1.0263252556236e-06,3.90378049189927e-05,0.0262905472721464
"3467","2,2,2-trichloroethanol","115-20-8","HCT116",2,384,3.85525018614286e-09,3.90080289687056e-05,3.99579396944978e-05,0.976227234610823
"3468","diethylphthalate","84-66-2","HCT116",2,384,1.45018365091245e-08,3.55142807189942e-05,3.99346882041396e-05,0.889309077297685
"3469","4-chlorophenol","106-48-9","HCT116",2,384,7.90494681231206e-09,3.58414155210798e-05,3.99369129558236e-05,0.897450826024683
"3470","permethrin","52645-53-1","HCT116",2,384,5.49586638070925e-07,2.92544193441284e-08,3.85954492494085e-05,0.000757975873142008
"3471","Aniline","62-53-3","HCT116",2,384,1.99803127516841e-09,3.94158729313801e-05,3.99729055784631e-05,0.986064744630844
"3472","4-fluoroaniline","371-40-4","HCT116",2,384,2.46932776430102e-09,3.93341197855564e-05,3.99761002586654e-05,0.983940892959667
"3473","2,4,6-trichlorophenol","6/2/1988","HCT116",2,384,6.78850141378371e-08,1.69432834376104e-05,3.9654571104432e-05,0.427271887344073
"3474","Allyl alcohol","107-18-6","HCT116",2,384,1.23787900572859e-09,3.94533645700634e-05,3.99647517398313e-05,0.987204044876922
"3475","N-methylaniline","100-61-8","HCT116",2,384,3.25891398950317e-09,3.85915140549875e-05,3.99453415050515e-05,0.966108001607827
"3476","3,4-dichloroaniline","95-76-1","HCT116",2,384,1.44944922685166e-08,3.34580687114632e-05,3.99101278306688e-05,0.838335293071964
"3477","4-decylaniline","37529-30-9","HCT116",2,384,3.15735487864737e-07,4.71495987193765e-08,3.86471083394296e-05,0.0012200032743788
"3478","naphthalene","91-20-3","HCT116",2,384,2.61160366099114e-08,2.43018293941307e-05,3.90396786377634e-05,0.622490508172967
"3479","1,2,4-trichlorobenzene","120-82-1","HCT116",2,384,8.38591551230102e-08,1.08407438957358e-05,3.8448177827703e-05,0.281957286618788
"3480","1,2-dichlorobenzene","95-50-1","HCT116",2,384,3.38417897512244e-08,2.06926383458941e-05,3.69532154614503e-05,0.559968546376721
"3481","dichloromethane","9/2/1975","HCT116",2,384,1.62167037776794e-09,3.2021725646556e-05,3.26271291455254e-05,0.981444781847978
"3482","tetrachloroethylene","127-18-4","HCT116",2,384,2.30213881083577e-08,1.33345317135517e-05,2.32001923927341e-05,0.574759531637672
"3483","2,3-dimethyl-1,3-butadiene","513-81-5","HCT116",2,384,3.78686196749313e-09,8.78010011442678e-06,1.21908282868041e-05,0.720221785416395
"3484","cyclosporine A","59865-13-3","HCT116",2,384,1.46969464955864e-07,3.08387281525949e-05,3.98777912010399e-05,0.773330899826535
"3485","chlorpromazine","50-53-3","HCT116",2,384,3.39314559041914e-07,4.97624028580795e-07,3.89358506808941e-05,0.0127806127226849
"3486","PBDE 47","5436-43-1","HCT116",2,384,7.2322404647223e-07,1.27675402249557e-08,3.85109054035284e-05,0.000331530513011152
"3487","PBDE 99","60348-60-9","HCT116",2,384,9.10585949809315e-07,3.20686276260697e-09,3.83873396179042e-05,8.3539593900674e-05
"3488","PBDE 153","68631-49-2","HCT116",2,384,1.11306480823733e-06,6.51356355552234e-10,3.82703046419526e-05,1.70198894847104e-05
"3489","amiodarone","1951-25-3","HCT116",2,384,1.07514341294622e-06,1.61758383909282e-09,3.83339116238014e-05,4.21972027005057e-05
"3490","PFBS","375-73-5","HCT116",2,384,8.15590672612435e-09,3.890398831971e-05,3.99728218913841e-05,0.973260992817111
"3491","4:2 FTS","757124-72-4","HCT116",2,384,1.07963333015719e-08,3.83942363316322e-05,3.99670987283766e-05,0.960646070223064
"3492","PFNA","375-95-1","HCT116",2,384,5.9303049990742e-07,9.09912204501599e-08,3.8722137337748e-05,0.00234985015564876
"3493","PFHxA","307-24-4","HCT116",2,384,1.79970039657843e-07,7.80176482500148e-06,3.94269381206655e-05,0.197879044046593
"3494","PFBA","375-22-4","HCT116",2,384,6.79797483207337e-09,3.83558313192672e-05,3.98322776133922e-05,0.962933420266467
"3495","PFOA","335-67-1","HCT116",2,384,2.23688877237091e-07,8.83366826543713e-06,3.94597799362868e-05,0.223865117334671
"3496","6:2 FTS","27619-97-2","HCT116",2,384,5.60952333269264e-08,3.01646513617758e-05,3.98689880214466e-05,0.756594357136666
"3497","8:2 FTS","39108-34-4","HCT116",2,384,2.97720835607969e-07,8.08785382339665e-06,3.94363269339968e-05,0.205086387404512
"3498","PFUnDA","2058-94-8","HCT116",2,384,6.99854748802053e-07,1.244493306743e-07,3.87593207540771e-05,0.00321082331302746
"3499","PFOS","1763-23-1","HCT116",2,384,6.20500905097498e-07,1.24449330687838e-07,3.87593207582936e-05,0.00321082331302746
"3500","PFHpA","375-85-9","HCT116",2,384,1.02740052798325e-07,2.02374169755268e-05,3.97177933278046e-05,0.509530245260618
"3501","PFPeA","2706-90-3","HCT116",2,384,1.49755326304349e-08,3.62630943927645e-05,3.9943284482316e-05,0.907864610102837
"3502","PFHxS","355-46-4","HCT116",2,384,3.67534856648034e-08,3.32604857779374e-05,3.99081410876629e-05,0.833426084789988
"3503","PFDA","335-76-2","HCT116",2,384,7.07403697743401e-07,3.81523274981581e-08,3.86239424007615e-05,0.000987789571097897
"3504","Azathioprine","446-86-6","HCT116",2,384,5.91047615995983e-09,3.94685609488346e-05,3.99785458283126e-05,0.987243536028846
"3505","Benzocaine","94-09-7","HCT116",2,384,5.90941993444957e-09,3.81363303205154e-05,3.99642185672095e-05,0.954261879445484
"3506","Butylated hydroxyanisole","25013-16-5","HCT116",2,384,NA,NA,NA,NA
"3507","Cetirizine dihydrochloride","83881-52-1","HCT116",2,384,8.31911310911769e-09,3.94407976289645e-05,3.99786077641579e-05,0.98654755217175
"3508","Cyclamate","139-05-9","HCT116",2,384,3.81881565499216e-09,3.94759221598758e-05,3.99786549621406e-05,0.98742496958087
"3509","Cyclophosphamide","6055-19-2","HCT116",2,384,5.58347268855739e-09,3.94395638022158e-05,3.99756938462381e-05,0.98658859941032
"3510","Cypermethrin","67375-30-8","HCT116",2,384,5.98601305595376e-07,2.1244848678236e-08,3.85620914954351e-05,0.000550925737022093
"3511","DEET","134-62-3","HCT116",2,384,9.30511060529644e-09,3.69796669640263e-05,3.99509728642355e-05,0.925626194127825
"3512","Dexamethasone","50-02-2","HCT116",2,384,1.48043400523934e-08,3.79611176602542e-05,3.9962277914631e-05,0.949923769144199
"3513","Digoxin","20830-75-5","HCT116",2,384,1.83692090271468e-08,3.92238721526953e-05,3.99764777120661e-05,0.981173790127497
"3514","Fenazaquin","120928-09-8","HCT116",2,384,3.36432301766631e-07,3.86236422345116e-07,3.89019465074066e-05,0.00992846006488595
"3515","Fenbuconazole","114369-43-6","HCT116",2,384,6.34866769410019e-08,2.60390809992842e-05,3.98043466287513e-05,0.654176822499976
"3516","Fluazinam","79622-59-6","HCT116",2,384,2.25254159267264e-07,1.07952421961258e-05,3.9515676166572e-05,0.273188851700784
"3517","Furosemide","54-31-9","HCT116",2,384,1.38262324714806e-08,3.75939236815743e-05,3.99581953988367e-05,0.940831369042976
"3518","Glybenclamide","10238-21-8","HCT116",2,384,4.25133173779175e-07,1.97466777711124e-06,3.9139406534725e-05,0.0504521645048267
"3519","HC Red 3","1/4/2871","HCT116",2,384,4.20383412007176e-09,3.94678029407332e-05,3.99784325137263e-05,0.987227373839187
"3520","Hydralazine hydrochloride","304-20-1","HCT116",2,384,3.42698168825426e-09,3.94398263071068e-05,3.99784836686246e-05,0.986526318357079
"3521","Ketoconazole","65277-42-1","HCT116",2,384,3.4185364692504e-07,5.88114559457341e-06,3.93567101879299e-05,0.149431839360828
"3522","Metformin","1115-70-4","HCT116",2,384,2.75171329084577e-09,3.94768851554059e-05,3.99786854069198e-05,0.987448305355558
"3523","Metoclopramide","364-62-5","HCT116",2,384,2.44818372978148e-08,3.41097467550081e-05,3.99183389545499e-05,0.854488128723108
"3524","Nitrofurantoin","67-20-9","HCT116",2,384,5.07430574796876e-09,3.94753383346687e-05,3.99786533547779e-05,0.98741040585728
"3525","Oxytetracycline hydrochloride","2058-46-0","HCT116",2,384,9.80907751454504e-09,3.94776986029513e-05,3.99786957954594e-05,0.987468395790817
"3526","Panthenol","16485-10-2 ","HCT116",2,384,4.37277468503839e-09,3.94769201074563e-05,3.99786633155212e-05,0.987449725267074
"3527","Paracetamol","103-90-2","HCT116",2,384,3.22645935679067e-09,3.94570751169697e-05,3.99786392776062e-05,0.986953929146642
"3528","Topiramate","97240-79-4","HCT116",2,384,7.22978976666042e-09,3.94775856945015e-05,3.99786697526897e-05,0.987466214826858
"3529","Trimellitic anhydride","552-30-7","HCT116",2,384,5.08692561454592e-09,3.89657783685455e-05,3.99735234607975e-05,0.974789685646793
"3530","Verapamil hydrochloride","152-11-4","HCT116",2,384,3.19722438412693e-07,4.52956748221182e-06,3.92965451907459e-05,0.11526630293389
"3531","Warfarin","129-06-6","HCT116",2,384,2.11184472300175e-08,3.52333079227111e-05,3.9931506905591e-05,0.882343559085116
"3532","2,4-Dinitrophenol","51-28-5","HEK293T",2,384,1.33171913671074e-08,3.85538999014382e-05,3.99274328031128e-05,0.965599268341453
"3533","Aldrin","309-00-2","HEK293T",2,384,5.78434580791156e-07,2.91174659491299e-08,3.84147661962252e-05,0.000757975873142008
"3534","Azinphos-methyl","86-50-0","HEK293T",2,384,5.6598735036229e-08,3.27809867859343e-05,3.98214040400584e-05,0.823200175286592
"3535","Chlorpyrifos","2921-88-2","HEK293T",2,384,3.69779536826584e-07,1.51086515763664e-06,3.89449518128856e-05,0.0387948909243932
"3536","DDD-p,p'","50-29-3","HEK293T",2,384,6.02704637084562e-07,9.70675024674302e-09,3.8299792206966e-05,0.000253441329245059
"3537","DDT-o,p'","789-02-6","HEK293T",2,384,5.6815267859085e-07,2.48169378304137e-08,3.83972422878449e-05,0.000646320838469948
"3538","DDT-p,p'","72-54-8","HEK293T",2,384,4.69911851206302e-07,7.94616034698638e-08,3.85316718828426e-05,0.00206224125730829
"3539","Diazinon","333-41-5","HEK293T",2,384,1.62572316846262e-07,1.44713993841487e-05,3.94657224638906e-05,0.366682743420938
"3540","Dicofol","115-32-2","HEK293T",2,384,3.99729872150403e-07,1.30609787002339e-06,3.89210776855535e-05,0.0335575977771082
"3541","Dieldrin","60-57-1","HEK293T",2,384,4.25947049540792e-07,1.02220731871821e-06,3.88811730747496e-05,0.0262905472721464
"3542","Disulfoton","298-04-4","HEK293T",2,384,1.73559973321947e-07,1.05834050767629e-05,3.93639246693176e-05,0.268860515450894
"3543","Endosulfan I","115-29-7","HEK293T",2,384,2.20996026887462e-07,1.40708720087764e-05,3.94328554194108e-05,0.356831171851939
"3544","Endrin","72-20-8","HEK293T",2,384,4.70042109206024e-07,4.71113838099792e-07,3.8765729499866e-05,0.0121528433535972
"3545","Ethion","563-12-2","HEK293T",2,384,4.22439399048049e-07,1.15587076367472e-06,3.89012339640847e-05,0.0297129588419192
"3546","Heptachlor","76-44-8","HEK293T",2,384,5.45730489093756e-07,8.37347520746095e-08,3.85364279046812e-05,0.00217287269805404
"3547","Heptachlor epoxide B","1024-57-3","HEK293T",2,384,4.13768468935371e-07,1.43937974951479e-06,3.89350620401904e-05,0.036968728803591
"3548","Lindane","58-89-9","HEK293T",2,384,1.43409723931605e-07,1.62729613160663e-05,3.9503237439122e-05,0.411939941407191
"3549","Methoxychlor-o,p'","72-43-5","HEK293T",2,384,3.81133159220912e-07,1.12787201225318e-06,3.88973274657053e-05,0.0289961312444304
"3550","Parathion","56-38-2","HEK293T",2,384,1.58271866424536e-07,1.40792374594624e-05,3.94562991411086e-05,0.356831171851939
"3551","Trifluralin","1582-09-8","HEK293T",2,384,4.02704372012005e-07,5.91057647660604e-07,3.87946105211411e-05,0.0152355608091105
"3552","Eugenol F","97-53-0","HEK293T",2,384,1.84106951539542e-08,3.64829824880554e-05,3.98873110552036e-05,0.914651339559172
"3553","Methyl-antranilate","134-20-3","HEK293T",2,384,1.25031857541105e-08,3.80355900711693e-05,3.99172556200827e-05,0.952860848781229
"3554","Lilyfore","285977-85-7","HEK293T",2,384,5.34530790922881e-08,2.57919870793808e-05,3.96954292742398e-05,0.649747025059089
"3555","Damascone beta","23726-91-2","HEK293T",2,384,1.45445308438907e-07,6.55305022430508e-06,3.90936210150858e-05,0.167624539609066
"3556","Veloutone","14595-54-1","HEK293T",2,384,2.62121957106624e-07,6.86919123433137e-07,3.88124125764871e-05,0.0176984391804925
"3557","Verdox","82356-51-2","HEK293T",2,384,NA,NA,NA,NA
"3558","Nirvanol","1506-02-1","HEK293T",2,384,NA,NA,NA,NA
"3559","Cetalox","3738-00-9","HEK293T",2,384,2.88781118979365e-07,5.07587031164941e-07,3.87287669287192e-05,0.0131062017052895
"3560","Tonalide","21145-77-7","HEK293T",2,384,3.43419605550863e-07,2.36580240862773e-07,3.86701752405654e-05,0.00611789937312201
"3561","Caffeine","8/2/1958","HEK293T",2,384,1.06644023655394e-08,3.94341932832044e-05,3.99407610602081e-05,0.987317022421277
"3562","Lamotrigine","84057-84-1","HEK293T",2,384,3.79997517177435e-08,3.44751856468646e-05,3.98516129168336e-05,0.865088841418061
"3563","Diclofenac","15307-79-6","HEK293T",2,384,1.62834484327763e-08,3.94088942152954e-05,3.99450157731616e-05,0.986578511799554
"3564","2,4-Dichlorophenoxyacetic","94-75-7","HEK293T",2,384,4.20060643858015e-08,3.2119063765467e-05,3.9809955002952e-05,0.806809848518675
"3565","(S)-Naproxen","22204-53-1","HEK293T",2,384,6.54235100924923e-08,2.68404806647027e-05,3.97158691210109e-05,0.67581249658473
"3566","Ibuprofen","15687-27-1","HEK293T",2,384,1.02655594096018e-07,1.6071523816769e-05,3.95022558566205e-05,0.406850785309655
"3567","Torasemide","56211-40-6","HEK293T",2,384,1.21462429303419e-07,2.3368530385891e-05,3.96513907375381e-05,0.589349577687521
"3568","Warfarin","81-81-2","HEK293T",2,384,5.22030288016066e-08,3.32943600846453e-05,3.98306765240659e-05,0.835897428569376
"3569","di-n-butylphthalate","84-74-2","HEK293T",2,384,2.51216587315057e-07,3.43810968421052e-06,3.90970078640774e-05,0.0879379234381124
"3570","hexachlorophene","70-30-4","HEK293T",2,384,7.5352681640704e-07,1.74763570028288e-09,3.81481277503835e-05,4.58118341145932e-05
"3571","hexamethylenetetramine","100-97-0","HEK293T",2,384,7.69907025077695e-09,3.94439022648958e-05,3.99446599225984e-05,0.987463714582301
"3572","Malathion","121-75-5","HEK293T",2,384,4.01319552232244e-08,3.59723925383362e-05,3.9878508107924e-05,0.90204960629378
"3573","pentachlorophenol","87-86-5","HEK293T",2,384,2.97835209878918e-07,1.02222238979683e-06,3.88817463256017e-05,0.0262905472721464
"3574","2,2,2-trichloroethanol","115-20-8","HEK293T",2,384,9.45167175396089e-09,3.897147503644e-05,3.99204956128643e-05,0.976227234610823
"3575","diethylphthalate","84-66-2","HEK293T",2,384,2.90752043010113e-08,3.54559644430483e-05,3.98691133916986e-05,0.889309077297685
"3576","4-chlorophenol","106-48-9","HEK293T",2,384,1.60520194699022e-08,3.57845447648419e-05,3.98735437387159e-05,0.897450826024683
"3577","permethrin","52645-53-1","HEK293T",2,384,6.20252061962557e-07,2.91175319211211e-08,3.84148532332847e-05,0.000757975873142008
"3578","Aniline","62-53-3","HEK293T",2,384,5.12550912186138e-09,3.93827637231137e-05,3.99393284645396e-05,0.986064744630844
"3579","4-fluoroaniline","371-40-4","HEK293T",2,384,6.2680658691267e-09,3.93004842841336e-05,3.99419157851229e-05,0.983940892959667
"3580","2,4,6-trichlorophenol","6/2/1988","HEK293T",2,384,9.47200196790339e-08,1.68852162031273e-05,3.95186687991246e-05,0.427271887344073
"3581","Allyl alcohol","107-18-6","HEK293T",2,384,3.18918845791196e-09,3.94202091096405e-05,3.99311665245002e-05,0.987204044876922
"3582","N-methylaniline","100-61-8","HEK293T",2,384,7.7004280385976e-09,3.85514918476219e-05,3.99039152801377e-05,0.966108001607827
"3583","3,4-dichloroaniline","95-76-1","HEK293T",2,384,2.71490619435583e-08,3.3392591220401e-05,3.98320236501537e-05,0.838335293071964
"3584","4-decylaniline","37529-30-9","HEK293T",2,384,3.57305374176944e-07,4.69323001903524e-08,3.84689952690899e-05,0.0012200032743788
"3585","naphthalene","91-20-3","HEK293T",2,384,4.06894961259947e-08,2.42323952303083e-05,3.8928136111555e-05,0.622490508172967
"3586","1,2,4-trichlorobenzene","120-82-1","HEK293T",2,384,1.09161893998689e-07,1.08025092828344e-05,3.83125735545882e-05,0.281957286618788
"3587","1,2-dichlorobenzene","95-50-1","HEK293T",2,384,5.07376552760938e-08,2.06328349643589e-05,3.68464177101799e-05,0.559968546376721
"3588","dichloromethane","9/2/1975","HEK293T",2,384,4.06762248673246e-09,3.19986592938575e-05,3.26036266998197e-05,0.981444781847978
"3589","tetrachloroethylene","127-18-4","HEK293T",2,384,3.48564476693276e-08,1.33106571744159e-05,2.31586540835428e-05,0.574759531637672
"3590","2,3-dimethyl-1,3-butadiene","513-81-5","HEK293T",2,384,6.34130948591259e-09,8.77326599434593e-06,1.21813393762779e-05,0.720221785416395
"3591","cyclosporine A","59865-13-3","HEK293T",2,384,2.57211341926682e-07,3.07678377976095e-05,3.97861223500975e-05,0.773330899826535
"3592","chlorpromazine","50-53-3","HEK293T",2,384,3.91169107059355e-07,4.95545584085629e-07,3.87732258881501e-05,0.0127806127226849
"3593","PBDE 47","5436-43-1","HEK293T",2,384,8.12852552696777e-07,1.27063732087059e-08,3.83264064996589e-05,0.000331530513011152
"3594","PBDE 99","60348-60-9","HEK293T",2,384,1.01785302191017e-06,3.19099384367403e-09,3.81973827580252e-05,8.3539593900674e-05
"3595","PBDE 153","68631-49-2","HEK293T",2,384,1.23843454985253e-06,6.48040889462906e-10,3.80755051344524e-05,1.70198894847104e-05
"3596","amiodarone","1951-25-3","HEK293T",2,384,1.19918121758998e-06,1.60947293366857e-09,3.81416973322093e-05,4.21972027005057e-05
"3597","PFBS","375-73-5","HEK293T",2,384,1.97638291730914e-08,3.88663424087029e-05,3.99341417107491e-05,0.973260992817111
"3598","4:2 FTS","757124-72-4","HEK293T",2,384,2.50771439384028e-08,3.83524298273239e-05,3.99235795743362e-05,0.960646070223064
"3599","PFNA","375-95-1","HEK293T",2,384,6.73961077649737e-07,9.05814317490685e-08,3.854774804739e-05,0.00234985015564876
"3600","PFHxA","307-24-4","HEK293T",2,384,2.25278648609107e-07,7.77321642881955e-06,3.92826661674656e-05,0.197879044046593
"3601","PFBA","375-22-4","HEK293T",2,384,1.59006474865089e-08,3.83150190858735e-05,3.97898943784408e-05,0.962933420266466
"3602","PFOA","335-67-1","HEK293T",2,384,2.83421940230847e-07,8.80137384965925e-06,3.93155215714179e-05,0.223865117334671
"3603","6:2 FTS","27619-97-2","HEK293T",2,384,9.66900927666461e-08,3.00929185422875e-05,3.97741778780565e-05,0.756594357136666
"3604","8:2 FTS","39108-34-4","HEK293T",2,384,3.73934956106477e-07,8.05826073234389e-06,3.92920311987836e-05,0.205086387404512
"3605","PFUnDA","2058-94-8","HEK293T",2,384,7.97148226123817e-07,1.23895532432489e-07,3.85868421752763e-05,0.00321082331302746
"3606","PFOS","1763-23-1","HEK293T",2,384,7.06762647696843e-07,1.23895532310671e-07,3.85868421373365e-05,0.00321082331302746
"3607","PFHpA","375-85-9","HEK293T",2,384,1.49659532317473e-07,2.01717495183688e-05,3.95889148995487e-05,0.509530245260618
"3608","PFPeA","2706-90-3","HEK293T",2,384,3.09408549502739e-08,3.62082019447505e-05,3.98828212288714e-05,0.907864610102837
"3609","PFHxS","355-46-4","HEK293T",2,384,6.8448122736387e-08,3.31944660902063e-05,3.98289262791323e-05,0.833426084789988
"3610","PFDA","335-76-2","HEK293T",2,384,7.99545799027625e-07,3.79752791214379e-08,3.84447054641705e-05,0.000987789571097897
"3611","Azathioprine","446-86-6","HEK293T",2,384,1.52290241302114e-08,3.94353803790187e-05,3.99449365225993e-05,0.987243536028846
"3612","Benzocaine","94-09-7","HEK293T",2,384,1.34782432728017e-08,3.80926071039449e-05,3.99183996808929e-05,0.954261879445484
"3613","Butylated hydroxyanisole","25013-16-5","HEK293T",2,384,NA,NA,NA,NA
"3614","Cetirizine dihydrochloride","83881-52-1","HEK293T",2,384,2.13839296599451e-08,3.94076544195898e-05,3.994501261783e-05,0.98654755217175
"3615","Cyclamate","139-05-9","HEK293T",2,384,9.84379430763105e-09,3.94427308605341e-05,3.99450409657721e-05,0.98742496958087
"3616","Cyclophosphamide","6055-19-2","HEK293T",2,384,1.43543911645783e-08,3.94064232914747e-05,3.99421028329617e-05,0.98658859941032
"3617","Cypermethrin","67375-30-8","HEK293T",2,384,6.74435567619227e-07,2.11444906641101e-08,3.83799289871661e-05,0.000550925737022093
"3618","DEET","134-62-3","HEK293T",2,384,1.98664051552659e-08,3.69285574415342e-05,3.98957567059025e-05,0.925626194127826
"3619","Dexamethasone","50-02-2","HEK293T",2,384,3.33807058635659e-08,3.79161547816166e-05,3.99149447705429e-05,0.949923769144198
"3620","Digoxin","20830-75-5","HEK293T",2,384,4.60099104720303e-08,3.91891443483191e-05,3.99410835701459e-05,0.981173790127497
"3621","Fenazaquin","120928-09-8","HEK293T",2,384,3.86877708787e-07,3.84601811356471e-07,3.87373075827434e-05,0.00992846006488595
"3622","Fenbuconazole","114369-43-6","HEK293T",2,384,1.01034117003354e-07,2.59661689242172e-05,3.96928904099443e-05,0.654176822499976
"3623","Fluazinam","79622-59-6","HEK293T",2,384,2.92001988951373e-07,1.07560352444046e-05,3.93721602380223e-05,0.273188851700784
"3624","Furosemide","54-31-9","HEK293T",2,384,3.0493497399187e-08,3.75465115590105e-05,3.9907801540677e-05,0.940831369042976
"3625","Glybenclamide","10238-21-8","HEK293T",2,384,4.98506291071711e-07,1.96717418791516e-06,3.89908779379914e-05,0.0504521645048268
"3626","HC Red 3","1/4/2871","HEK293T",2,384,1.08311827727857e-08,3.94346234727551e-05,3.99448237738784e-05,0.987227373839187
"3627","Hydralazine hydrochloride","304-20-1","HEK293T",2,384,8.80817254837204e-09,3.94066844027573e-05,3.99448891220496e-05,0.986526318357079
"3628","Ketoconazole","65277-42-1","HEK293T",2,384,4.18127577246789e-07,5.8596982701214e-06,3.92131843868439e-05,0.149431839360828
"3629","Metformin","1115-70-4","HEK293T",2,384,7.09338780415733e-09,3.94436923861414e-05,3.99450707163233e-05,0.987448305355558
"3630","Metoclopramide","364-62-5","HEK293T",2,384,4.67703133665992e-08,3.40462202774042e-05,3.98439944722002e-05,0.854488128723108
"3631","Nitrofurantoin","67-20-9","HEK293T",2,384,1.30797297402421e-08,3.94421479123729e-05,3.9945039750851e-05,0.98741040585728
"3632","Oxytetracycline hydrochloride","2058-46-0","HEK293T",2,384,2.52865657803479e-08,3.94445045658675e-05,3.99450805048584e-05,0.987468395790817
"3633","Panthenol","16485-10-2 ","HEK293T",2,384,1.12721960642373e-08,3.94437272875661e-05,3.99450486219922e-05,0.987449725267074
"3634","Paracetamol","103-90-2","HEK293T",2,384,8.305909899031e-09,3.94239103798907e-05,3.99450361517666e-05,0.986953929146642
"3635","Topiramate","97240-79-4","HEK293T",2,384,1.863744517691e-08,3.94443918385205e-05,3.99450545712459e-05,0.987466214826858
"3636","Trimellitic anhydride","552-30-7","HEK293T",2,384,1.23998708507931e-08,3.89286754508581e-05,3.99354609759008e-05,0.974789685646793
"3637","Verapamil hydrochloride","152-11-4","HEK293T",2,384,3.84427593500817e-07,4.5131611959167e-06,3.91542114307698e-05,0.11526630293389
"3638","Warfarin","129-06-6","HEK293T",2,384,4.19027422767538e-08,3.51738298023473e-05,3.98640976524137e-05,0.882343559085116
"3639","2,4-Dinitrophenol","51-28-5","HepG2",2,384,6.00643077787081e-09,3.85922423251743e-05,3.99671412256367e-05,0.965599268341453
"3640","Aldrin","309-00-2","HepG2",2,384,7.24024122672968e-07,2.88150541484429e-08,3.801579333785e-05,0.000757975873142008
"3641","Azinphos-methyl","86-50-0","HepG2",2,384,3.48830156354929e-08,3.28373219686585e-05,3.98898384068327e-05,0.823200175286592
"3642","Chlorpyrifos","2921-88-2","HepG2",2,384,4.43522959253603e-07,1.50270507041624e-06,3.87346125897053e-05,0.0387948909243932
"3643","DDD-p,p'","50-29-3","HepG2",2,384,7.5907195261485e-07,9.59495602212928e-09,3.78586872579557e-05,0.000253441329245059
"3644","DDT-o,p'","789-02-6","HepG2",2,384,7.11865669560777e-07,2.45549145160305e-08,3.79918347892975e-05,0.000646320838469948
"3645","DDT-p,p'","72-54-8","HepG2",2,384,5.83949718143666e-07,7.87267786714449e-08,3.81753484915736e-05,0.00206224125730829
"3646","Diazinon","333-41-5","HepG2",2,384,1.58396391825616e-07,1.44764305513203e-05,3.94794432273074e-05,0.366682743420938
"3647","Dicofol","115-32-2","HepG2",2,384,4.80650175813996e-07,1.29876841293531e-06,3.87026634493272e-05,0.0335575977771082
"3648","Dieldrin","60-57-1","HepG2",2,384,5.14213456267087e-07,1.01611523219199e-06,3.86494515185889e-05,0.0262905472721464
"3649","Disulfoton","298-04-4","HepG2",2,384,1.80672375387348e-07,1.05764368863354e-05,3.93380071766883e-05,0.268860515450894
"3650","Endosulfan I","115-29-7","HepG2",2,384,2.16797387362824e-07,1.40745514906098e-05,3.94431669676263e-05,0.356831171851939
"3651","Endrin","72-20-8","HepG2",2,384,5.73647156288318e-07,4.67808367620828e-07,3.84937379681076e-05,0.0121528433535972
"3652","Ethion","563-12-2","HepG2",2,384,5.08982886093656e-07,1.14918260989516e-06,3.86761418143886e-05,0.0297129588419192
"3653","Heptachlor","76-44-8","HepG2",2,384,6.77878483321063e-07,8.29656323343133e-08,3.81824634312977e-05,0.00217287269805404
"3654","Heptachlor epoxide B","1024-57-3","HepG2",2,384,4.96705009143828e-07,1.4315047629966e-06,3.87220445312567e-05,0.036968728803591
"3655","Lindane","58-89-9","HepG2",2,384,1.35305447755456e-07,1.62844393785753e-05,3.95311008758885e-05,0.411939941407191
"3656","Methoxychlor-o,p'","72-43-5","HepG2",2,384,4.59396246921781e-07,1.12130662641902e-06,3.86709046447152e-05,0.0289961312444304
"3657","Parathion","56-38-2","HepG2",2,384,1.55264929193538e-07,1.40829213175744e-05,3.94666229536075e-05,0.356831171851939
"3658","Trifluralin","1582-09-8","HepG2",2,384,4.90020433493584e-07,5.87090331117714e-07,3.85342120630471e-05,0.0152355608091105
"3659","Eugenol F","97-53-0","HepG2",2,384,9.49586910475059e-09,3.65326404786116e-05,3.99416027709738e-05,0.914651339559172
"3660","Methyl-antranilate","134-20-3","HepG2",2,384,5.84986763129766e-09,3.80775302780583e-05,3.99612706585248e-05,0.952860848781229
"3661","Lilyfore","285977-85-7","HepG2",2,384,4.11844464871468e-08,2.58372140192102e-05,3.97650362721714e-05,0.649747025059089
"3662","Damascone beta","23726-91-2","HepG2",2,384,1.61905785808458e-07,6.53875676999231e-06,3.90083503599293e-05,0.167624539609066
"3663","Veloutone","14595-54-1","HepG2",2,384,3.18301474265756e-07,6.824488084066e-07,3.85598301322982e-05,0.0176984391804925
"3664","Verdox","82356-51-2","HepG2",2,384,NA,NA,NA,NA
"3665","Nirvanol","1506-02-1","HepG2",2,384,NA,NA,NA,NA
"3666","Cetalox","3738-00-9","HepG2",2,384,3.52096217685422e-07,5.04081134506466e-07,3.846126786703e-05,0.0131062017052895
"3667","Tonalide","21145-77-7","HepG2",2,384,4.22463462144053e-07,2.34708831068826e-07,3.83642843326226e-05,0.00611789937312201
"3668","Caffeine","8/2/1958","HepG2",2,384,4.46425662051471e-09,3.94657131717758e-05,3.99726858501749e-05,0.987317022421277
"3669","Lamotrigine","84057-84-1","HepG2",2,384,2.17540646028493e-08,3.45300646416461e-05,3.99150503259806e-05,0.865088841418061
"3670","Diclofenac","15307-79-6","HepG2",2,384,6.84334947500617e-09,3.94403424634076e-05,3.99768918456038e-05,0.986578511799554
"3671","2,4-Dichlorophenoxyacetic","94-75-7","HepG2",2,384,2.65734394554153e-08,3.2175393803521e-05,3.98797732360307e-05,0.806809848518675
"3672","(S)-Naproxen","22204-53-1","HepG2",2,384,4.90307701928269e-08,2.68885933127057e-05,3.97870614239738e-05,0.67581249658473
"3673","Ibuprofen","15687-27-1","HepG2",2,384,9.72115305902442e-08,1.60822612402066e-05,3.95286474080819e-05,0.406850785309655
"3674","Torasemide","56211-40-6","HepG2",2,384,9.92592341939174e-08,2.34060869098016e-05,3.97151161143476e-05,0.589349577687521
"3675","Warfarin","81-81-2","HepG2",2,384,3.14984203508365e-08,3.3350491250574e-05,3.98978273059803e-05,0.835897428569376
"3676","di-n-butylphthalate","84-74-2","HepG2",2,384,2.96276619137942e-07,3.42387371093832e-06,3.8935121243202e-05,0.0879379234381124
"3677","hexachlorophene","70-30-4","HepG2",2,384,9.55660703966854e-07,1.7248779611975e-09,3.76513622415317e-05,4.58118341145932e-05
"3678","hexamethylenetetramine","100-97-0","HepG2",2,384,3.22142127013438e-09,3.94754413851381e-05,3.997659944582e-05,0.987463714582301
"3679","Malathion","121-75-5","HepG2",2,384,2.12999715192311e-08,3.6023813347122e-05,3.99355125214586e-05,0.90204960629378
"3680","pentachlorophenol","87-86-5","HepG2",2,384,3.59553750593911e-07,1.01613012419211e-06,3.8650017957924e-05,0.0262905472721464
"3681","2,2,2-trichloroethanol","115-20-8","HepG2",2,384,4.12695218421292e-09,3.900625430318e-05,3.99561218128994e-05,0.976227234610823
"3682","diethylphthalate","84-66-2","HepG2",2,384,1.58601448380045e-08,3.55088453601206e-05,3.99285763145702e-05,0.889309077297685
"3683","4-chlorophenol","106-48-9","HepG2",2,384,8.60569907040488e-09,3.58365239099896e-05,3.99314623941345e-05,0.897450826024683
"3684","permethrin","52645-53-1","HepG2",2,384,7.76366868394336e-07,2.88151187333695e-08,3.80158785449507e-05,0.000757975873142008
"3685","Aniline","62-53-3","HepG2",2,384,2.16143472380475e-09,3.94141430522003e-05,3.99711512523003e-05,0.986064744630844
"3686","4-fluoroaniline","371-40-4","HepG2",2,384,2.67001710932422e-09,3.93323428042103e-05,3.99742942748316e-05,0.983940892959667
"3687","2,4,6-trichlorophenol","6/2/1988","HepG2",2,384,8.83718949777321e-08,1.68989526638992e-05,3.95508180258319e-05,0.427271887344073
"3688","Allyl alcohol","107-18-6","HepG2",2,384,1.33567753307463e-09,3.94517028371183e-05,3.99630684678129e-05,0.987204044876922
"3689","N-methylaniline","100-61-8","HepG2",2,384,3.46785993554518e-09,3.85896312560377e-05,3.99433926557027e-05,0.966108001607827
"3690","3,4-dichloroaniline","95-76-1","HepG2",2,384,1.6312928377591e-08,3.34486597282641e-05,3.98989044177015e-05,0.838335293071964
"3691","4-decylaniline","37529-30-9","HepG2",2,384,4.45798775360273e-07,4.64697180231994e-08,3.80898305759554e-05,0.0012200032743788
"3692","naphthalene","91-20-3","HepG2",2,384,3.2220511364415e-08,2.42727450797127e-05,3.8992956135113e-05,0.622490508172967
"3693","1,2,4-trichlorobenzene","120-82-1","HepG2",2,384,1.12653824406518e-07,1.07972326748711e-05,3.82938593442672e-05,0.281957286618788
"3694","1,2-dichlorobenzene","95-50-1","HepG2",2,384,4.25677694904233e-08,2.0661752500684e-05,3.68980590684531e-05,0.559968546376721
"3695","dichloromethane","9/2/1975","HepG2",2,384,1.74656007390461e-09,3.20205478844236e-05,3.26259291165945e-05,0.981444781847978
"3696","tetrachloroethylene","127-18-4","HepG2",2,384,2.88466700379077e-08,1.33227805326244e-05,2.31797470059585e-05,0.574759531637672
"3697","2,3-dimethyl-1,3-butadiene","513-81-5","HepG2",2,384,4.5100202275977e-09,8.77816539077747e-06,1.21881419980963e-05,0.720221785416395
"3698","cyclosporine A","59865-13-3","HepG2",2,384,1.70932260792599e-07,3.08233190254035e-05,3.98578655428322e-05,0.773330899826535
"3699","chlorpromazine","50-53-3","HepG2",2,384,4.77083021666117e-07,4.92101964594296e-07,3.85037850118751e-05,0.0127806127226849
"3700","PBDE 47","5436-43-1","HepG2",2,384,1.02234111233847e-06,1.25634076384928e-08,3.78951775038282e-05,0.000331530513011152
"3701","PBDE 99","60348-60-9","HepG2",2,384,1.28813176549641e-06,3.15100923891955e-09,3.77187521723652e-05,8.3539593900674e-05
"3702","PBDE 153","68631-49-2","HepG2",2,384,1.5752829784436e-06,6.39132762768965e-10,3.75521100382655e-05,1.70198894847104e-05
"3703","amiodarone","1951-25-3","HepG2",2,384,1.52127381509608e-06,1.58841110822041e-09,3.7642568856854e-05,4.21972027005057e-05
"3704","PFBS","375-73-5","HepG2",2,384,8.70964946654151e-09,3.89021924643343e-05,3.99709766973518e-05,0.973260992817111
"3705","4:2 FTS","757124-72-4","HepG2",2,384,1.14760277664438e-08,3.83922465531603e-05,3.99650274364268e-05,0.960646070223064
"3706","PFNA","375-95-1","HepG2",2,384,8.36615200145949e-07,8.97578392657984e-08,3.81972608125804e-05,0.00234985015564876
"3707","PFHxA","307-24-4","HepG2",2,384,2.45762371012552e-07,7.76030988392883e-06,3.92174417524554e-05,0.197879044046593
"3708","PFBA","375-22-4","HepG2",2,384,7.22823565298388e-09,3.83539022259444e-05,3.98302742627118e-05,0.962933420266466
"3709","PFOA","335-67-1","HepG2",2,384,3.03929171297316e-07,8.79028670434611e-06,3.92659955646637e-05,0.223865117334671
"3710","6:2 FTS","27619-97-2","HepG2",2,384,6.5742455051035e-08,3.01476043147602e-05,3.98464567312581e-05,0.756594357136666
"3711","8:2 FTS","39108-34-4","HepG2",2,384,4.05993688589883e-07,8.04581268587701e-06,3.92313345985635e-05,0.205086387404512
"3712","PFUnDA","2058-94-8","HepG2",2,384,9.86844430540496e-07,1.22815773714514e-07,3.82505549951025e-05,0.00321082331302746
"3713","PFOS","1763-23-1","HepG2",2,384,8.7494992834711e-07,1.22815773723249e-07,3.82505549978231e-05,0.00321082331302746
"3714","PFHpA","375-85-9","HepG2",2,384,1.31035200957694e-07,2.01978157195582e-05,3.96400722183376e-05,0.509530245260618
"3715","PFPeA","2706-90-3","HepG2",2,384,1.62096246329183e-08,3.62588513008829e-05,3.99386107767497e-05,0.907864610102837
"3716","PFHxS","355-46-4","HepG2",2,384,4.14743676403551e-08,3.32506522165964e-05,3.98963421272987e-05,0.833426084789988
"3717","PFDA","335-76-2","HepG2",2,384,9.99040574637728e-07,3.75919558194779e-08,3.80566437623913e-05,0.000987789571097897
"3718","Azathioprine","446-86-6","HepG2",2,384,6.37701203108399e-09,3.94668997537543e-05,3.99768631684423e-05,0.987243536028846
"3719","Benzocaine","94-09-7","HepG2",2,384,6.28138954790935e-09,3.81341815442449e-05,3.99619667993072e-05,0.954261879445484
"3720","Butylated hydroxyanisole","25013-16-5","HepG2",2,384,NA,NA,NA,NA
"3721","Cetirizine dihydrochloride","83881-52-1","HepG2",2,384,8.98864388114001e-09,3.94390991436873e-05,3.99768861185328e-05,0.986547552171749
"3722","Cyclamate","139-05-9","HepG2",2,384,4.11919974062677e-09,3.94742673593066e-05,3.99769790873955e-05,0.98742496958087
"3723","Cyclophosphamide","6055-19-2","HepG2",2,384,6.03225612113668e-09,3.94378680947242e-05,3.99739750877884e-05,0.986588599410319
"3724","Cypermethrin","67375-30-8","HepG2",2,384,8.45848202606677e-07,2.09176455146809e-08,3.79681763058422e-05,0.000550925737022093
"3725","DEET","134-62-3","HepG2",2,384,9.98117412323387e-09,3.69763952739369e-05,3.99474382947622e-05,0.925626194127826
"3726","Dexamethasone","50-02-2","HepG2",2,384,1.5745393017677e-08,3.79588399030935e-05,3.99598800831052e-05,0.949923769144199
"3727","Digoxin","20830-75-5","HepG2",2,384,1.97761176795952e-08,3.9222104511286e-05,3.99746761541493e-05,0.981173790127497
"3728","Fenazaquin","120928-09-8","HepG2",2,384,4.73329767413297e-07,3.81800457226431e-07,3.84551536422801e-05,0.00992846006488595
"3729","Fenbuconazole","114369-43-6","HepG2",2,384,7.74874258388205e-08,2.60118934262801e-05,3.97627866528106e-05,0.654176822499976
"3730","Fluazinam","79622-59-6","HepG2",2,384,3.03097621758609e-07,1.07495177887219e-05,3.9348303277381e-05,0.273188851700784
"3731","Furosemide","54-31-9","HepG2",2,384,1.47397546124927e-08,3.75913250534328e-05,3.99554333436725e-05,0.940831369042976
"3732","Glybenclamide","10238-21-8","HepG2",2,384,5.950202250283e-07,1.95731723149437e-06,3.87955056181408e-05,0.0504521645048267
"3733","HC Red 3","1/4/2871","HepG2",2,384,4.53577930174221e-09,3.94661410748645e-05,3.99767491468417e-05,0.987227373839187
"3734","Hydralazine hydrochloride","304-20-1","HepG2",2,384,3.70297451052327e-09,3.94381265109177e-05,3.99767606571271e-05,0.986526318357079
"3735","Ketoconazole","65277-42-1","HepG2",2,384,4.71213620039467e-07,5.844771112663e-06,3.91132916362611e-05,0.149431839360828
"3736","Metformin","1115-70-4","HepG2",2,384,2.96809170353272e-09,3.94752309091688e-05,3.9977010133158e-05,0.987448305355558
"3737","Metoclopramide","364-62-5","HepG2",2,384,2.73090530349816e-08,3.41016886421968e-05,3.99089086154493e-05,0.854488128723108
"3738","Nitrofurantoin","67-20-9","HepG2",2,384,5.47353393137776e-09,3.94736831378906e-05,3.9976977054054e-05,0.98741040585728
"3739","Oxytetracycline hydrochloride","2058-46-0","HepG2",2,384,1.05802418069667e-08,3.94760447134001e-05,3.99770209169941e-05,0.987468395790817
"3740","Panthenol","16485-10-2 ","HepG2",2,384,4.7166178050456e-09,3.94752658929757e-05,3.99769880763285e-05,0.987449725267074
"3741","Paracetamol","103-90-2","HepG2",2,384,3.48300418166204e-09,3.9455400085075e-05,3.99769421042679e-05,0.986953929146642
"3742","Topiramate","97240-79-4","HepG2",2,384,7.79818764570468e-09,3.94759317773153e-05,3.99769948425395e-05,0.987466214826858
"3743","Trimellitic anhydride","552-30-7","HepG2",2,384,5.4386201364472e-09,3.89639940132031e-05,3.99716929579016e-05,0.974789685646793
"3744","Verapamil hydrochloride","152-11-4","HepG2",2,384,4.43660217873741e-07,4.4981425044202e-06,3.90239158360103e-05,0.11526630293389
"3745","Warfarin","129-06-6","HepG2",2,384,2.31882972999443e-08,3.5227384662218e-05,3.99247938056515e-05,0.882343559085116
"3746","2,4-Dinitrophenol","51-28-5","Me_180",2,384,7.95250466977257e-09,3.85820358372347e-05,3.99565711182699e-05,0.965599268341453
"3747","Aldrin","309-00-2","Me_180",2,384,8.15184038168523e-07,2.86257009905588e-08,3.7765979109464e-05,0.000757975873142008
"3748","Azinphos-methyl","86-50-0","Me_180",2,384,4.45500402463672e-08,3.28122436562318e-05,3.98593739910325e-05,0.823200175286592
"3749","Chlorpyrifos","2921-88-2","Me_180",2,384,5.03863766091838e-07,1.49602805242351e-06,3.85625018340456e-05,0.0387948909243932
"3750","DDD-p,p'","50-29-3","Me_180",2,384,8.53369417508224e-07,9.52753840422634e-09,3.75926784814718e-05,0.000253441329245059
"3751","DDT-o,p'","789-02-6","Me_180",2,384,8.01305075227045e-07,2.43918450196187e-08,3.77395305361995e-05,0.000646320838469948
"3752","DDT-p,p'","72-54-8","Me_180",2,384,6.58565347683072e-07,7.82459784276206e-08,3.79422039736272e-05,0.00206224125730829
"3753","Diazinon","333-41-5","Me_180",2,384,1.86329361685255e-07,1.44427768417555e-05,3.93876644071459e-05,0.366682743420938
"3754","Dicofol","115-32-2","Me_180",2,384,5.45776099874055e-07,1.29286955076075e-06,3.85268802417884e-05,0.0335575977771082
"3755","Dieldrin","60-57-1","Me_180",2,384,5.8343227454153e-07,1.01133779681512e-06,3.84677346708026e-05,0.0262905472721464
"3756","Disulfoton","298-04-4","Me_180",2,384,2.10177384321329e-07,1.05475301347072e-05,3.9230491383305e-05,0.268860515450894
"3757","Endosulfan I","115-29-7","Me_180",2,384,2.54733102418437e-07,1.40413064776404e-05,3.93499996224169e-05,0.356831171851939
"3758","Endrin","72-20-8","Me_180",2,384,6.49446639783469e-07,4.65390019807843e-07,3.82947435646893e-05,0.0121528433535972
"3759","Ethion","563-12-2","Me_180",2,384,5.77719752483044e-07,1.14387056997904e-06,3.84973632570468e-05,0.0297129588419192
"3760","Heptachlor","76-44-8","Me_180",2,384,7.64569349538546e-07,8.2461079460194e-08,3.79502579852211e-05,0.00217287269805403
"3761","Heptachlor epoxide B","1024-57-3","Me_180",2,384,5.64188693422078e-07,1.42509705544327e-06,3.85487167550333e-05,0.036968728803591
"3762","Lindane","58-89-9","Me_180",2,384,1.60044750067749e-07,1.62494011776017e-05,3.94460442997917e-05,0.411939941407191
"3763","Methoxychlor-o,p'","72-43-5","Me_180",2,384,5.2139603798193e-07,1.11610554550065e-06,3.84915330977138e-05,0.0289961312444304
"3764","Parathion","56-38-2","Me_180",2,384,1.82433294413275e-07,1.40496368146013e-05,3.93733449398053e-05,0.356831171851939
"3765","Trifluralin","1582-09-8","Me_180",2,384,5.55103328745428e-07,5.84133206294293e-07,3.83401184644936e-05,0.0152355608091105
"3766","Eugenol F","97-53-0","Me_180",2,384,1.24751331522718e-08,3.65160451729525e-05,3.99234589111867e-05,0.914651339559172
"3767","Methyl-antranilate","134-20-3","Me_180",2,384,7.74832674023978e-09,3.80655630511305e-05,3.99487113987512e-05,0.952860848781229
"3768","Lilyfore","285977-85-7","Me_180",2,384,5.04984765228315e-08,2.5802878892594e-05,3.97121924340437e-05,0.649747025059089
"3769","Damascone beta","23726-91-2","Me_180",2,384,1.86273038034467e-07,6.51759747866426e-06,3.88821200873368e-05,0.167624539609066
"3770","Veloutone","14595-54-1","Me_180",2,384,3.60727091453426e-07,6.79072919320271e-07,3.83690851150737e-05,0.0176984391804925
"3771","Verdox","82356-51-2","Me_180",2,384,NA,NA,NA,NA
"3772","Nirvanol","1506-02-1","Me_180",2,384,NA,NA,NA,NA
"3773","Cetalox","3738-00-9","Me_180",2,384,3.98701992912936e-07,5.01500469808796e-07,3.82643637787442e-05,0.0131062017052895
"3774","Tonalide","21145-77-7","Me_180",2,384,4.77494636749496e-07,2.3340593580038e-07,3.81513198510277e-05,0.00611789937312201
"3775","Caffeine","8/2/1958","Me_180",2,384,5.86558884623534e-09,3.94585891722083e-05,3.99654703364081e-05,0.987317022421277
"3776","Lamotrigine","84057-84-1","Me_180",2,384,2.81386613550326e-08,3.45084970552309e-05,3.9890119260658e-05,0.865088841418061
"3777","Diclofenac","15307-79-6","Me_180",2,384,8.98411409513461e-09,3.94332108329845e-05,3.99696631959447e-05,0.986578511799554
"3778","2,4-Dichlorophenoxyacetic","94-75-7","Me_180",2,384,3.37795739439333e-08,3.21490909660833e-05,3.98471721993849e-05,0.806809848518675
"3779","(S)-Naproxen","22204-53-1","Me_180",2,384,6.0424001040526e-08,2.68551542079138e-05,3.97375815683024e-05,0.67581249658473
"3780","Ibuprofen","15687-27-1","Me_180",2,384,1.14912935397894e-07,1.60473484376951e-05,3.94428351059502e-05,0.406850785309656
"3781","Torasemide","56211-40-6","Me_180",2,384,1.20416694744901e-07,2.33702992357547e-05,3.96543920968853e-05,0.589349577687521
"3782","Warfarin","81-81-2","Me_180",2,384,4.03784118070813e-08,3.33264171772359e-05,3.98690270339429e-05,0.835897428569376
"3783","di-n-butylphthalate","84-74-2","Me_180",2,384,3.37657374310168e-07,3.4108001475083e-06,3.87864531496324e-05,0.0879379234381124
"3784","hexachlorophene","70-30-4","Me_180",2,384,1.07245232368857e-06,1.71172869034607e-09,3.73643344220703e-05,4.58118341145932e-05
"3785","hexamethylenetetramine","100-97-0","Me_180",2,384,4.23304029168822e-09,3.94683158658984e-05,3.99693834649849e-05,0.987463714582301
"3786","Malathion","121-75-5","Me_180",2,384,2.78759499503227e-08,3.60058576111395e-05,3.99156070352666e-05,0.90204960629378
"3787","pentachlorophenol","87-86-5","Me_180",2,384,4.07953634051184e-07,1.01135254953405e-06,3.8468295812371e-05,0.0262905472721464
"3788","2,2,2-trichloroethanol","115-20-8","Me_180",2,384,5.44567820892757e-09,3.89976408309411e-05,3.994729858821e-05,0.976227234610823
"3789","diethylphthalate","84-66-2","Me_180",2,384,2.06734889507471e-08,3.54895844516161e-05,3.99069180306324e-05,0.889309077297685
"3790","4-chlorophenol","106-48-9","Me_180",2,384,1.12463602247845e-08,3.5818090737315e-05,3.99109229148226e-05,0.897450826024683
"3791","permethrin","52645-53-1","Me_180",2,384,8.74117104900953e-07,2.8625764749038e-08,3.77660632262301e-05,0.000757975873142008
"3792","Aniline","62-53-3","Me_180",2,384,2.83557328795994e-09,3.94070062489309e-05,3.99639135903635e-05,0.986064744630844
"3793","4-fluoroaniline","371-40-4","Me_180",2,384,3.50367619979694e-09,3.93249612630909e-05,3.99667922580212e-05,0.983940892959667
"3794","2,4,6-trichlorophenol","6/2/1988","Me_180",2,384,1.0473190221917e-07,1.68635518766858e-05,3.9467964956716e-05,0.427271887344073
"3795","Allyl alcohol","107-18-6","Me_180",2,384,1.75477144897648e-09,3.9444581848837e-05,3.99558551786067e-05,0.987204044876922
"3796","N-methylaniline","100-61-8","Me_180",2,384,4.59105896508663e-09,3.85795101793109e-05,3.99329165218647e-05,0.966108001607827
"3797","3,4-dichloroaniline","95-76-1","Me_180",2,384,2.0927145753677e-08,3.34247847658937e-05,3.98704254039135e-05,0.838335293071964
"3798","4-decylaniline","37529-30-9","Me_180",2,384,5.02304871848596e-07,4.61743432828019e-08,3.78477207828092e-05,0.0012200032743788
"3799","naphthalene","91-20-3","Me_180",2,384,3.93121191771229e-08,2.42389576422701e-05,3.89386782995492e-05,0.622490508172967
"3800","1,2,4-trichlorobenzene","120-82-1","Me_180",2,384,1.3125064472474e-07,1.07691312807125e-05,3.81941939144582e-05,0.281957286618788
"3801","1,2-dichlorobenzene","95-50-1","Me_180",2,384,5.14033611198838e-08,2.06304786805701e-05,3.6842209824212e-05,0.559968546376721
"3802","dichloromethane","9/2/1975","Me_180",2,384,2.29699397449536e-09,3.20153570622305e-05,3.26206401565947e-05,0.981444781847978
"3803","tetrachloroethylene","127-18-4","Me_180",2,384,3.49350900845947e-08,1.33104985331921e-05,2.31583780703319e-05,0.574759531637672
"3804","2,3-dimethyl-1,3-butadiene","513-81-5","Me_180",2,384,5.61462435847187e-09,8.77521015397386e-06,1.21840387664759e-05,0.720221785416395
"3805","cyclosporine A","59865-13-3","Me_180",2,384,2.15349303340222e-07,3.07947569217828e-05,3.98209316719277e-05,0.773330899826535
"3806","chlorpromazine","50-53-3","Me_180",2,384,5.40193763881312e-07,4.8957234598605e-07,3.83058587728805e-05,0.0127806127226849
"3807","PBDE 47","5436-43-1","Me_180",2,384,1.14973273206031e-06,1.24764691660307e-08,3.76329438057215e-05,0.000331530513011152
"3808","PBDE 99","60348-60-9","Me_180",2,384,1.44637271053076e-06,3.12759932683812e-09,3.74385268206682e-05,8.3539593900674e-05
"3809","PBDE 153","68631-49-2","Me_180",2,384,1.76638277306537e-06,6.34079032254864e-10,3.72551791728424e-05,1.70198894847104e-05
"3810","amiodarone","1951-25-3","Me_180",2,384,1.7070654960715e-06,1.57626208031794e-09,3.73546581157393e-05,4.21972027005057e-05
"3811","PFBS","375-73-5","Me_180",2,384,1.15080922223908e-08,3.88931167724995e-05,3.99616516633663e-05,0.973260992817111
"3812","4:2 FTS","757124-72-4","Me_180",2,384,1.5201925156298e-08,3.83813391369611e-05,3.99536731858477e-05,0.960646070223064
"3813","PFNA","375-95-1","Me_180",2,384,9.43742757554117e-07,8.9215403170898e-08,3.79664222233213e-05,0.00234985015564876
"3814","PFHxA","307-24-4","Me_180",2,384,2.83686137188421e-07,7.73641458441667e-06,3.90966846524437e-05,0.197879044046593
"3815","PFBA","375-22-4","Me_180",2,384,9.57340944252043e-09,3.83433875360639e-05,3.9819354826685e-05,0.962933420266466
"3816","PFOA","335-67-1","Me_180",2,384,3.51824008096663e-07,8.76439257001229e-06,3.91503271003576e-05,0.223865117334671
"3817","6:2 FTS","27619-97-2","Me_180",2,384,8.24795814505552e-08,3.01180291099229e-05,3.98073668219053e-05,0.756594357136666
"3818","8:2 FTS","39108-34-4","Me_180",2,384,4.69011433819042e-07,8.02134359612575e-06,3.91120234630906e-05,0.205086387404512
"3819","PFUnDA","2058-94-8","Me_180",2,384,1.11387682544733e-06,1.22092700141214e-07,3.80253561900587e-05,0.00321082331302746
"3820","PFOS","1763-23-1","Me_180",2,384,9.87578607873046e-07,1.22092700185952e-07,3.80253562039923e-05,0.00321082331302746
"3821","PFHpA","375-85-9","Me_180",2,384,1.57024831761998e-07,2.01614412101297e-05,3.95686838959233e-05,0.509530245260618
"3822","PFPeA","2706-90-3","Me_180",2,384,2.12520730675966e-08,3.62415142040631e-05,3.99195142103379e-05,0.907864610102837
"3823","PFHxS","355-46-4","Me_180",2,384,5.31275741135578e-08,3.32263786761527e-05,3.98672171204304e-05,0.833426084789988
"3824","PFDA","335-76-2","Me_180",2,384,1.12528746814459e-06,3.73493761337396e-08,3.78110654602548e-05,0.000987789571097897
"3825","Azathioprine","446-86-6","Me_180",2,384,8.37822601041944e-09,3.94597740276896e-05,3.99696453687762e-05,0.987243536028846
"3826","Benzocaine","94-09-7","Me_180",2,384,8.32059991260291e-09,3.81224015313669e-05,3.99496221661077e-05,0.954261879445484
"3827","Butylated hydroxyanisole","25013-16-5","Me_180",2,384,NA,NA,NA,NA
"3828","Cetirizine dihydrochloride","83881-52-1","Me_180",2,384,1.18000321026183e-08,3.94319671316843e-05,3.99696568552426e-05,0.986547552171749
"3829","Cyclamate","139-05-9","Me_180",2,384,5.4126402579603e-09,3.94671418616299e-05,3.99697628452545e-05,0.98742496958087
"3830","Cyclophosphamide","6055-19-2","Me_180",2,384,7.9193948314342e-09,3.94307376281864e-05,3.99667476917471e-05,0.98658859941032
"3831","Cypermethrin","67375-30-8","Me_180",2,384,9.51902125659131e-07,2.07772952006009e-08,3.771342270722e-05,0.000550925737022093
"3832","DEET","134-62-3","Me_180",2,384,1.31530667354208e-08,3.6961045458943e-05,3.99308551264257e-05,0.925626194127826
"3833","Dexamethasone","50-02-2","Me_180",2,384,2.08498697606884e-08,3.79464848509452e-05,3.99468737213849e-05,0.949923769144198
"3834","Digoxin","20830-75-5","Me_180",2,384,2.60132025544694e-08,3.92142682317384e-05,3.99666895164849e-05,0.981173790127497
"3835","Fenazaquin","120928-09-8","Me_180",2,384,5.35599023422968e-07,3.79782711460106e-07,3.8251925170479e-05,0.00992846006488595
"3836","Fenbuconazole","114369-43-6","Me_180",2,384,9.50912013140048e-08,2.59777092649144e-05,3.97105314212128e-05,0.654176822499976
"3837","Fluazinam","79622-59-6","Me_180",2,384,3.52764091317148e-07,1.07203442390096e-05,3.92415143307213e-05,0.273188851700784
"3838","Furosemide","54-31-9","Me_180",2,384,1.94918708944105e-08,3.75778070634929e-05,3.99410652109926e-05,0.940831369042976
"3839","Glybenclamide","10238-21-8","Me_180",2,384,6.76604009455525e-07,1.94898508738358e-06,3.86303562297535e-05,0.0504521645048267
"3840","HC Red 3","1/4/2871","Me_180",2,384,5.95909509168846e-09,3.9459015320185e-05,3.99695312000259e-05,0.987227373839187
"3841","Hydralazine hydrochloride","304-20-1","Me_180",2,384,4.86102250195412e-09,3.94309942762949e-05,3.99695310125752e-05,0.986526318357079
"3842","Ketoconazole","65277-42-1","Me_180",2,384,5.41032246498829e-07,5.82513894844714e-06,3.89819129133609e-05,0.149431839360828
"3843","Metformin","1115-70-4","Me_180",2,384,3.90013102823557e-09,3.94681053252138e-05,3.9969793974179e-05,0.987448305355558
"3844","Metoclopramide","364-62-5","Me_180",2,384,3.52070179642392e-08,3.40791779104779e-05,3.98825645025679e-05,0.854488128723108
"3845","Nitrofurantoin","67-20-9","Me_180",2,384,7.1921745967457e-09,3.94665576677701e-05,3.99697607333851e-05,0.98741040585728
"3846","Oxytetracycline hydrochloride","2058-46-0","Me_180",2,384,1.39027656803336e-08,3.94689190106525e-05,3.99698047845305e-05,0.987468395790817
"3847","Panthenol","16485-10-2 ","Me_180",2,384,6.19773314898133e-09,3.94681403106773e-05,3.99697719294037e-05,0.987449725267074
"3848","Paracetamol","103-90-2","Me_180",2,384,4.57466531299292e-09,3.94482724136667e-05,3.99697202155882e-05,0.986953929146642
"3849","Topiramate","97240-79-4","Me_180",2,384,1.02470526033372e-08,3.94688061000576e-05,3.99697787199515e-05,0.987466214826858
"3850","Trimellitic anhydride","552-30-7","Me_180",2,384,7.18144886417248e-09,3.89551516071969e-05,3.99626218668382e-05,0.974789685646793
"3851","Verapamil hydrochloride","152-11-4","Me_180",2,384,5.07416993642924e-07,4.4819766909626e-06,3.88836683131339e-05,0.11526630293389
"3852","Warfarin","129-06-6","Me_180",2,384,3.01586391277413e-08,3.52074377349499e-05,3.99021870477025e-05,0.882343559085116
"3853","2,4-Dinitrophenol","51-28-5","H4lle",2,384,5.37382099340807e-09,3.85955601458197e-05,3.99705772479641e-05,0.965599268341453
"3854","Aldrin","309-00-2","H4lle",2,384,1.72037109726903e-07,2.99616159034226e-08,3.95284559378175e-05,0.000757975873142008
"3855","Azinphos-methyl","86-50-0","H4lle",2,384,1.92591475563197e-08,3.28778535974622e-05,3.99390750688506e-05,0.823200175286592
"3856","Chlorpyrifos","2921-88-2","H4lle",2,384,1.09663262616274e-07,1.53964835499487e-06,3.96868844919674e-05,0.0387948909243932
"3857","DDD-p,p'","50-29-3","H4lle",2,384,1.79463635196963e-07,1.00093448071913e-08,3.94937354416768e-05,0.000253441329245059
"3858","DDT-o,p'","789-02-6","H4lle",2,384,1.69007782590408e-07,2.55446748454263e-08,3.9523210958042e-05,0.000646320838469948
"3859","DDT-p,p'","72-54-8","H4lle",2,384,1.39614276114639e-07,8.15899394234122e-08,3.95637218168674e-05,0.00206224125730829
"3860","Diazinon","333-41-5","H4lle",2,384,4.95935567067569e-08,1.46075164936409e-05,3.98369346682671e-05,0.366682743420938
"3861","Dicofol","115-32-2","H4lle",2,384,1.1854283951469e-07,1.33156673978061e-06,3.96800375469355e-05,0.0335575977771082
"3862","Dieldrin","60-57-1","H4lle",2,384,1.26319206395206e-07,1.04288742736478e-06,3.96677717116094e-05,0.0262905472721464
"3863","Disulfoton","298-04-4","H4lle",2,384,5.2382104846615e-08,1.07021258902232e-05,3.98054949507001e-05,0.268860515450894
"3864","Endosulfan I","115-29-7","H4lle",2,384,6.73377697407877e-08,1.42055305912843e-05,3.98102287912746e-05,0.356831171851939
"3865","Endrin","72-20-8","H4lle",2,384,1.39440500671202e-07,4.81661530977674e-07,3.96336492591344e-05,0.0121528433535972
"3866","Ethion","563-12-2","H4lle",2,384,1.25277382605045e-07,1.17883568797063e-06,3.96741265062949e-05,0.0297129588419192
"3867","Heptachlor","76-44-8","H4lle",2,384,1.62131812576143e-07,8.59673499289052e-08,3.95639146305696e-05,0.00217287269805404
"3868","Heptachlor epoxide B","1024-57-3","H4lle",2,384,1.22707444141157e-07,1.46701656529761e-06,3.96826348314986e-05,0.036968728803591
"3869","Lindane","58-89-9","H4lle",2,384,4.3992832399293e-08,1.64137652127273e-05,3.98450442961605e-05,0.411939941407191
"3870","Methoxychlor-o,p'","72-43-5","H4lle",2,384,1.13027899336857e-07,1.15036300578927e-06,3.96729824434848e-05,0.0289961312444304
"3871","Parathion","56-38-2","H4lle",2,384,4.82259128634816e-08,1.42140569716464e-05,3.98341235096587e-05,0.356831171851939
"3872","Trifluralin","1582-09-8","H4lle",2,384,1.19448897994836e-07,6.03927723088354e-07,3.96393497197175e-05,0.0152355608091105
"3873","Eugenol F","97-53-0","H4lle",2,384,6.7528233233841e-09,3.65479199849297e-05,3.99583080505239e-05,0.914651339559172
"3874","Methyl-antranilate","134-20-3","H4lle",2,384,4.88544480698033e-09,3.8083609664619e-05,3.99676507995164e-05,0.952860848781229
"3875","Lilyfore","285977-85-7","H4lle",2,384,1.70893376511935e-08,2.59260379421624e-05,3.9901741666004e-05,0.649747025059089
"3876","Damascone beta","23726-91-2","H4lle",2,384,4.34732490862826e-08,6.64159765687467e-06,3.96218696401147e-05,0.167624539609066
"3877","Veloutone","14595-54-1","H4lle",2,384,7.77441005914131e-08,7.01590430363994e-07,3.96413730730165e-05,0.0176984391804925
"3878","Verdox","82356-51-2","H4lle",2,384,NA,NA,NA,NA
"3879","Nirvanol","1506-02-1","H4lle",2,384,NA,NA,NA,NA
"3880","Cetalox","3738-00-9","H4lle",2,384,8.56622454598199e-08,5.18834172522995e-07,3.95869210767296e-05,0.0131062017052895
"3881","Tonalide","21145-77-7","H4lle",2,384,1.01928571037267e-07,2.42297683835009e-07,3.96047187208578e-05,0.00611789937312201
"3882","Caffeine","8/2/1958","H4lle",2,384,4.64561288459107e-09,3.94647912048624e-05,3.9971752039765e-05,0.987317022421277
"3883","Lamotrigine","84057-84-1","H4lle",2,384,1.32848953476453e-08,3.45586740495442e-05,3.99481213893538e-05,0.865088841418061
"3884","Diclofenac","15307-79-6","H4lle",2,384,7.08893624950945e-09,3.9439524328571e-05,3.99760625807995e-05,0.986578511799554
"3885","2,4-Dichlorophenoxyacetic","94-75-7","H4lle",2,384,1.41712775544293e-08,3.22206624641759e-05,3.9935881451291e-05,0.806809848518675
"3886","(S)-Naproxen","22204-53-1","H4lle",2,384,2.10546397591836e-08,2.69707031767306e-05,3.99085594200006e-05,0.67581249658473
"3887","Ibuprofen","15687-27-1","H4lle",2,384,3.14704614571921e-08,1.62119235609472e-05,3.98473448898673e-05,0.406850785309656
"3888","Torasemide","56211-40-6","H4lle",2,384,3.83236360077236e-08,2.35091589732656e-05,3.98900073289445e-05,0.589349577687521
"3889","Warfarin","81-81-2","H4lle",2,384,1.78941643061659e-08,3.3387373029086e-05,3.99419496794337e-05,0.835897428569376
"3890","di-n-butylphthalate","84-74-2","H4lle",2,384,7.45618310441721e-08,3.49392084417097e-06,3.97316732937168e-05,0.0879379234381124
"3891","hexachlorophene","70-30-4","H4lle",2,384,2.24751091349346e-07,1.80716921210432e-09,3.94476503076452e-05,4.58118341145932e-05
"3892","hexamethylenetetramine","100-97-0","H4lle",2,384,3.35410841500445e-09,3.94745067795371e-05,3.99756529749905e-05,0.987463714582301
"3893","Malathion","121-75-5","H4lle",2,384,1.45060044929696e-08,3.60423643014617e-05,3.99560778586753e-05,0.90204960629378
"3894","pentachlorophenol","87-86-5","H4lle",2,384,8.83262804999177e-08,1.0429031145711e-06,3.96683683977933e-05,0.0262905472721464
"3895","2,2,2-trichloroethanol","115-20-8","H4lle",2,384,3.9499371725582e-09,3.90074105053424e-05,3.99573061705176e-05,0.976227234610823
"3896","diethylphthalate","84-66-2","H4lle",2,384,1.03750593171854e-08,3.55307942854439e-05,3.99532571886145e-05,0.889309077297685
"3897","4-chlorophenol","106-48-9","H4lle",2,384,5.77407806734443e-09,3.58562900805656e-05,3.99534871892573e-05,0.897450826024683
"3898","permethrin","52645-53-1","H4lle",2,384,1.84474411569188e-07,2.99616857199781e-08,3.95285480470231e-05,0.000757975873142008
"3899","Aniline","62-53-3","H4lle",2,384,2.23015434453806e-09,3.94134155483307e-05,3.99704134672069e-05,0.986064744630844
"3900","4-fluoroaniline","371-40-4","H4lle",2,384,2.70659229540392e-09,3.93320189533186e-05,3.99739651383012e-05,0.983940892959667
"3901","2,4,6-trichlorophenol","6/2/1988","H4lle",2,384,2.91149376571626e-08,1.70271765043937e-05,3.98509169658571e-05,0.427271887344073
"3902","Allyl alcohol","107-18-6","H4lle",2,384,1.38916374552534e-09,3.9450794032009e-05,3.99621478829409e-05,0.987204044876922
"3903","N-methylaniline","100-61-8","H4lle",2,384,3.1119081687428e-09,3.85928387153138e-05,3.99467126357368e-05,0.966108001607827
"3904","3,4-dichloroaniline","95-76-1","H4lle",2,384,9.31998611869938e-09,3.3484842729953e-05,3.99420649550043e-05,0.838335293071964
"3905","4-decylaniline","37529-30-9","H4lle",2,384,1.06215663214026e-07,4.82448230968151e-08,3.95448308295568e-05,0.0012200032743788
"3906","naphthalene","91-20-3","H4lle",2,384,1.29260243298624e-08,2.43646722270952e-05,3.91406325192114e-05,0.622490508172967
"3907","1,2,4-trichlorobenzene","120-82-1","H4lle",2,384,3.29805693507832e-08,1.09176258162935e-05,3.87208500522078e-05,0.281957286618788
"3908","1,2-dichlorobenzene","95-50-1","H4lle",2,384,1.59123806979934e-08,2.07560999836173e-05,3.70665461799949e-05,0.559968546376721
"3909","dichloromethane","9/2/1975","H4lle",2,384,1.73615718698175e-09,3.20206459880061e-05,3.26260290749256e-05,0.981444781847978
"3910","tetrachloroethylene","127-18-4","H4lle",2,384,1.09384731954091e-08,1.33589062478264e-05,2.32426006224945e-05,0.574759531637672
"3911","2,3-dimethyl-1,3-butadiene","513-81-5","H4lle",2,384,2.0611159461776e-09,8.78471714239019e-06,1.21972388509622e-05,0.720221785416395
"3912","cyclosporine A","59865-13-3","H4lle",2,384,8.54709858054936e-08,3.08782743680446e-05,3.99289287095225e-05,0.773330899826535
"3913","chlorpromazine","50-53-3","H4lle",2,384,1.1603889238037e-07,5.06573409854026e-07,3.96360816844786e-05,0.0127806127226849
"3914","PBDE 47","5436-43-1","H4lle",2,384,2.41969850528257e-07,1.30959723846123e-08,3.95015597981227e-05,0.000331530513011152
"3915","PBDE 99","60348-60-9","H4lle",2,384,3.03419087750068e-07,3.29668605560806e-09,3.94625578324897e-05,8.3539593900674e-05
"3916","PBDE 153","68631-49-2","H4lle",2,384,3.69697702107452e-07,6.71015073837693e-10,3.9425348468948e-05,1.70198894847104e-05
"3917","amiodarone","1951-25-3","H4lle",2,384,3.57701135550865e-07,1.66449781397967e-09,3.94456908860389e-05,4.21972027005057e-05
"3918","PFBS","375-73-5","H4lle",2,384,8.17116441578448e-09,3.8903938837158e-05,3.99727710493669e-05,0.973260992817111
"3919","4:2 FTS","757124-72-4","H4lle",2,384,9.98312955464765e-09,3.83966169532109e-05,3.99695768747538e-05,0.960646070223064
"3920","PFNA","375-95-1","H4lle",2,384,2.0021251952441e-07,9.29802383198743e-08,3.95685818929181e-05,0.00234985015564876
"3921","PFHxA","307-24-4","H4lle",2,384,6.75250517620649e-08,7.87261503149748e-06,3.9784986173896e-05,0.197879044046593
"3922","PFBA","375-22-4","H4lle",2,384,6.3685277487497e-09,3.83577567641634e-05,3.98342771752058e-05,0.962933420266466
"3923","PFOA","335-67-1","H4lle",2,384,8.51613065542233e-08,8.9085625811596e-06,3.97943310115689e-05,0.223865117334671
"3924","6:2 FTS","27619-97-2","H4lle",2,384,3.19192011351451e-08,3.02073714240954e-05,3.99254516494351e-05,0.756594357136666
"3925","8:2 FTS","39108-34-4","H4lle",2,384,1.12158669947954e-07,8.15990553712548e-06,3.97876506597725e-05,0.205086387404512
"3926","PFUnDA","2058-94-8","H4lle",2,384,2.367351084049e-07,1.27085426620223e-07,3.95803238703891e-05,0.00321082331302746
"3927","PFOS","1763-23-1","H4lle",2,384,2.09892623093037e-07,1.27085426613792e-07,3.95803238683863e-05,0.00321082331302746
"3928","PFHpA","375-85-9","H4lle",2,384,4.65556117419458e-08,2.03160514629731e-05,3.98721207463979e-05,0.509530245260618
"3929","PFPeA","2706-90-3","H4lle",2,384,1.12566322424727e-08,3.62758808271075e-05,3.99573685585105e-05,0.907864610102837
"3930","PFHxS","355-46-4","H4lle",2,384,2.34279901044379e-08,3.32882426830985e-05,3.99414456669984e-05,0.833426084789988
"3931","PFDA","335-76-2","H4lle",2,384,2.37732800016361e-07,3.90547862780108e-08,3.9537556804333e-05,0.000987789571097897
"3932","Azathioprine","446-86-6","H4lle",2,384,6.63372670322968e-09,3.94659856693789e-05,3.99759372729139e-05,0.987243536028846
"3933","Benzocaine","94-09-7","H4lle",2,384,5.2830616427786e-09,3.81399486371303e-05,3.99680103110617e-05,0.954261879445484
"3934","Butylated hydroxyanisole","25013-16-5","H4lle",2,384,NA,NA,NA,NA
"3935","Cetirizine dihydrochloride","83881-52-1","H4lle",2,384,9.30912297556555e-09,3.94382861429318e-05,3.99760620317934e-05,0.986547552171749
"3936","Cyclamate","139-05-9","H4lle",2,384,4.28839543863499e-09,3.94733352688572e-05,3.99760351266106e-05,0.98742496958087
"3937","Cyclophosphamide","6055-19-2","H4lle",2,384,6.24919090463908e-09,3.94370484166548e-05,3.9973144267252e-05,0.986588599410319
"3938","Cypermethrin","67375-30-8","H4lle",2,384,2.00657796088037e-07,2.17714816907258e-08,3.95179971231816e-05,0.000550925737022094
"3939","DEET","134-62-3","H4lle",2,384,7.39483614794032e-09,3.69889114003752e-05,3.996096008846e-05,0.925626194127826
"3940","Dexamethasone","50-02-2","H4lle",2,384,1.29605160549859e-08,3.79655805156618e-05,3.99669760341565e-05,0.949923769144199
"3941","Digoxin","20830-75-5","H4lle",2,384,1.96178156050856e-08,3.92223034021675e-05,3.9974878861237e-05,0.981173790127497
"3942","Fenazaquin","120928-09-8","H4lle",2,384,1.14784528320509e-07,3.93418599072711e-07,3.96253393277087e-05,0.00992846006488595
"3943","Fenbuconazole","114369-43-6","H4lle",2,384,3.23361013614536e-08,2.60995712212059e-05,3.98968143222574e-05,0.654176822499976
"3944","Fluazinam","79622-59-6","H4lle",2,384,8.81679863704655e-08,1.08757651394548e-05,3.98104281040235e-05,0.273188851700784
"3945","Furosemide","54-31-9","H4lle",2,384,1.16318147690647e-08,3.76001659775763e-05,3.99648302711501e-05,0.940831369042976
"3946","Glybenclamide","10238-21-8","H4lle",2,384,1.47855436734783e-07,2.00298612041292e-06,3.97006974838769e-05,0.0504521645048267
"3947","HC Red 3","1/4/2871","H4lle",2,384,4.71798421889846e-09,3.94652288756532e-05,3.99758251457093e-05,0.987227373839187
"3948","Hydralazine hydrochloride","304-20-1","H4lle",2,384,3.83440319803409e-09,3.94373170623953e-05,3.99759401533986e-05,0.986526318357079
"3949","Ketoconazole","65277-42-1","H4lle",2,384,1.24781307501929e-07,5.94218373909952e-06,3.97651783215431e-05,0.149431839360828
"3950","Metformin","1115-70-4","H4lle",2,384,3.09022597985743e-09,3.94742971738461e-05,3.99760645288993e-05,0.987448305355558
"3951","Metoclopramide","364-62-5","H4lle",2,384,1.62259623418787e-08,3.41332775990095e-05,3.9945876895933e-05,0.854488128723108
"3952","Nitrofurantoin","67-20-9","H4lle",2,384,5.69807411734248e-09,3.94727521961189e-05,3.99760342426696e-05,0.98741040585728
"3953","Oxytetracycline hydrochloride","2058-46-0","H4lle",2,384,1.10161343698054e-08,3.94751098696033e-05,3.99760742094328e-05,0.987468395790817
"3954","Panthenol","16485-10-2 ","H4lle",2,384,4.91072145687099e-09,3.94743320686445e-05,3.99760423832898e-05,0.987449725267074
"3955","Paracetamol","103-90-2","H4lle",2,384,3.617212124557e-09,3.94545238148755e-05,3.99760542510727e-05,0.986953929146642
"3956","Topiramate","97240-79-4","H4lle",2,384,8.11942929841377e-09,3.94749970322892e-05,3.99760482329117e-05,0.987466214826858
"3957","Trimellitic anhydride","552-30-7","H4lle",2,384,5.15453252288657e-09,3.89654353585166e-05,3.99731715797364e-05,0.974789685646793
"3958","Verapamil hydrochloride","152-11-4","H4lle",2,384,1.14384730786137e-07,4.5816317762397e-06,3.97482322207162e-05,0.11526630293389
"3959","Warfarin","129-06-6","H4lle",2,384,1.48575016458836e-08,3.52512247813056e-05,3.99518128945792e-05,0.882343559085116
"3960","2,4-Dinitrophenol","51-28-5","SH-SY5Y",2,384,2.89060803002568e-09,3.86085837433654e-05,3.99840648281361e-05,0.965599268341453
"3961","Aldrin","309-00-2","SH-SY5Y",2,384,1.56143336649981e-07,2.99946296973979e-08,3.95720111420729e-05,0.000757975873142008
"3962","Azinphos-methyl","86-50-0","SH-SY5Y",2,384,1.10690375505486e-08,3.28991004802776e-05,3.99648851736748e-05,0.823200175286592
"3963","Chlorpyrifos","2921-88-2","SH-SY5Y",2,384,9.58069926094954e-08,1.54118162217093e-06,3.97264068914258e-05,0.0387948909243932
"3964","DDD-p,p'","50-29-3","SH-SY5Y",2,384,1.63848663972636e-07,1.00205086717021e-08,3.95377845497845e-05,0.000253441329245059
"3965","DDT-o,p'","789-02-6","SH-SY5Y",2,384,1.53539181409193e-07,2.55728778118133e-08,3.95668471286684e-05,0.000646320838469948
"3966","DDT-p,p'","72-54-8","SH-SY5Y",2,384,1.25864084459808e-07,8.16785413941026e-08,3.96066857379782e-05,0.00206224125730829
"3967","Diazinon","333-41-5","SH-SY5Y",2,384,3.69394804074991e-08,1.46227621585883e-05,3.98785119315034e-05,0.366682743420938
"3968","Dicofol","115-32-2","SH-SY5Y",2,384,1.037890237268e-07,1.33290308463133e-06,3.97198599698511e-05,0.0335575977771082
"3969","Dieldrin","60-57-1","SH-SY5Y",2,384,1.10978820006114e-07,1.04394621021796e-06,3.97080440894423e-05,0.0262905472721464
"3970","Disulfoton","298-04-4","SH-SY5Y",2,384,4.0935568646354e-08,1.07133403296658e-05,3.98472059450564e-05,0.268860515450894
"3971","Endosulfan I","115-29-7","SH-SY5Y",2,384,5.04000905137716e-08,1.42203739455403e-05,3.98518264862825e-05,0.356831171851939
"3972","Endrin","72-20-8","SH-SY5Y",2,384,1.23677680758858e-07,4.82164436315209e-07,3.96750309607578e-05,0.0121528433535972
"3973","Ethion","563-12-2","SH-SY5Y",2,384,1.09877044717055e-07,1.18002583924944e-06,3.97141814629599e-05,0.0297129588419192
"3974","Heptachlor","76-44-8","SH-SY5Y",2,384,1.46106401951196e-07,8.60606200716243e-08,3.96068394382689e-05,0.00217287269805404
"3975","Heptachlor epoxide B","1024-57-3","SH-SY5Y",2,384,1.07281306941465e-07,1.46848130675712e-06,3.97222559249718e-05,0.036968728803591
"3976","Lindane","58-89-9","SH-SY5Y",2,384,3.20400985969305e-08,1.64306938410676e-05,3.98861391904368e-05,0.411939941407191
"3977","Methoxychlor-o,p'","72-43-5","SH-SY5Y",2,384,9.91674052638875e-08,1.15152574433929e-06,3.97130822257702e-05,0.0289961312444304
"3978","Parathion","56-38-2","SH-SY5Y",2,384,3.60955212412166e-08,1.42289181601873e-05,3.98757711842824e-05,0.356831171851939
"3979","Trifluralin","1582-09-8","SH-SY5Y",2,384,1.05671219388864e-07,6.0455372976342e-07,3.96804382416898e-05,0.0152355608091105
"3980","Eugenol F","97-53-0","SH-SY5Y",2,384,3.67326141145107e-09,3.65650739770166e-05,3.99770627293232e-05,0.914651339559172
"3981","Methyl-antranilate","134-20-3","SH-SY5Y",2,384,2.62605488093238e-09,3.80978520740817e-05,3.9982597797791e-05,0.952860848781229
"3982","Lilyfore","285977-85-7","SH-SY5Y",2,384,1.09535376104585e-08,2.5948656882144e-05,3.99365535837339e-05,0.649747025059089
"3983","Damascone beta","23726-91-2","SH-SY5Y",2,384,3.5753225737197e-08,6.64830133618422e-06,3.96618618711161e-05,0.167624539609066
"3984","Veloutone","14595-54-1","SH-SY5Y",2,384,6.86528867658132e-08,7.02313836325306e-07,3.96822470706575e-05,0.0176984391804925
"3985","Verdox","82356-51-2","SH-SY5Y",2,384,NA,NA,NA,NA
"3986","Nirvanol","1506-02-1","SH-SY5Y",2,384,NA,NA,NA,NA
"3987","Cetalox","3738-00-9","SH-SY5Y",2,384,7.59139242715185e-08,5.19373958575296e-07,3.96281066211336e-05,0.0131062017052895
"3988","Tonalide","21145-77-7","SH-SY5Y",2,384,9.10486454923458e-08,2.4255527247603e-07,3.9646822819881e-05,0.00611789937312201
"3989","Caffeine","8/2/1958","SH-SY5Y",2,384,2.51977420042717e-09,3.9475598402177e-05,3.99826980652757e-05,0.987317022421277
"3990","Lamotrigine","84057-84-1","SH-SY5Y",2,384,7.43225235090241e-09,3.45784446606423e-05,3.99709752399084e-05,0.865088841418061
"3991","Diclofenac","15307-79-6","SH-SY5Y",2,384,3.84841961537071e-09,3.94503196148892e-05,3.99870047270038e-05,0.986578511799554
"3992","2,4-Dichlorophenoxyacetic","94-75-7","SH-SY5Y",2,384,8.23268908243994e-09,3.22423386805874e-05,3.99627480251824e-05,0.806809848518675
"3993","(S)-Naproxen","22204-53-1","SH-SY5Y",2,384,1.32877683880137e-08,2.69934989227998e-05,3.99422902938515e-05,0.67581249658473
"3994","Ibuprofen","15687-27-1","SH-SY5Y",2,384,2.29783651079361e-08,1.62286726777231e-05,3.98885126038811e-05,0.406850785309656
"3995","Torasemide","56211-40-6","SH-SY5Y",2,384,2.54279006827851e-08,2.35309720039167e-05,3.99270193698061e-05,0.589349577687521
"3996","Warfarin","81-81-2","SH-SY5Y",2,384,1.01997019106628e-08,3.34082330782895e-05,3.99669049532394e-05,0.835897428569376
"3997","di-n-butylphthalate","84-74-2","SH-SY5Y",2,384,6.42084755062497e-08,3.4971918151321e-06,3.97688696571656e-05,0.0879379234381124
"3998","hexachlorophene","70-30-4","SH-SY5Y",2,384,2.06612536185974e-07,1.80921138555787e-09,3.94922277294624e-05,4.58118341145932e-05
"3999","hexamethylenetetramine","100-97-0","SH-SY5Y",2,384,1.81907367500929e-09,3.94853190708646e-05,3.99866025331037e-05,0.987463714582301
"4000","Malathion","121-75-5","SH-SY5Y",2,384,7.94107231605804e-09,3.60602898754826e-05,3.99759499077243e-05,0.90204960629378
"4001","pentachlorophenol","87-86-5","SH-SY5Y",2,384,7.75998109426451e-08,1.04396192924942e-06,3.97086419861425e-05,0.0262905472721464
"4002","2,2,2-trichloroethanol","115-20-8","SH-SY5Y",2,384,2.13321481127446e-09,3.90192767211607e-05,3.99694613485312e-05,0.976227234610823
"4003","diethylphthalate","84-66-2","SH-SY5Y",2,384,5.72005998656443e-09,3.55494215671604e-05,3.99742029792199e-05,0.889309077297685
"4004","4-chlorophenol","106-48-9","SH-SY5Y",2,384,3.16881903330237e-09,3.58744761281805e-05,3.99737513052262e-05,0.897450826024683
"4005","permethrin","52645-53-1","SH-SY5Y",2,384,1.67431609851785e-07,2.99946996813403e-08,3.95721034721124e-05,0.000757975873142008
"4006","Aniline","62-53-3","SH-SY5Y",2,384,1.21162868030535e-09,3.94241982236992e-05,3.99813485254039e-05,0.986064744630844
"4007","4-fluoroaniline","371-40-4","SH-SY5Y",2,384,1.47027962028417e-09,3.93429657455413e-05,3.99850905954307e-05,0.983940892959667
"4008","2,4,6-trichlorophenol","6/2/1988","SH-SY5Y",2,384,2.10420567454291e-08,1.70446451015554e-05,3.98918009970305e-05,0.427271887344073
"4009","Allyl alcohol","107-18-6","SH-SY5Y",2,384,7.53561483973598e-10,3.9461593798086e-05,3.99730876335761e-05,0.987204044876922
"4010","N-methylaniline","100-61-8","SH-SY5Y",2,384,1.67409483508104e-09,3.86057947619951e-05,3.99601231930034e-05,0.966108001607827
"4011","3,4-dichloroaniline","95-76-1","SH-SY5Y",2,384,5.3040012207902e-09,3.35056223077854e-05,3.99668516698237e-05,0.838335293071964
"4012","4-decylaniline","37529-30-9","SH-SY5Y",2,384,9.61114458648474e-08,4.82976409320338e-08,3.95881240209177e-05,0.0012200032743788
"4013","naphthalene","91-20-3","SH-SY5Y",2,384,8.41701051686518e-09,2.43861550878126e-05,3.91751436650607e-05,0.622490508172967
"4014","1,2,4-trichlorobenzene","120-82-1","SH-SY5Y",2,384,2.56075133457142e-08,1.09287671393592e-05,3.87603642750864e-05,0.281957286618788
"4015","1,2-dichlorobenzene","95-50-1","SH-SY5Y",2,384,1.0729736554136e-08,2.07744440982638e-05,3.70993053675692e-05,0.559968546376721
"4016","dichloromethane","9/2/1975","SH-SY5Y",2,384,9.40973643307658e-10,3.20281449018228e-05,3.26336697633835e-05,0.981444781847978
"4017","tetrachloroethylene","127-18-4","SH-SY5Y",2,384,7.3138505715305e-09,1.33662180983383e-05,2.32553222044944e-05,0.574759531637672
"4018","2,3-dimethyl-1,3-butadiene","513-81-5","SH-SY5Y",2,384,1.26518616727131e-09,8.7868465577019e-06,1.2200195461488e-05,0.720221785416395
"4019","cyclosporine A","59865-13-3","SH-SY5Y",2,384,5.07493102132615e-08,3.0900601926101e-05,3.99578006426903e-05,0.773330899826535
"4020","chlorpromazine","50-53-3","SH-SY5Y",2,384,1.02863212113593e-07,5.0710152021368e-07,3.96774028927111e-05,0.0127806127226849
"4021","PBDE 47","5436-43-1","SH-SY5Y",2,384,2.206240101971e-07,1.31105398642314e-08,3.95454998852258e-05,0.000331530513011152
"4022","PBDE 99","60348-60-9","SH-SY5Y",2,384,2.78335144968806e-07,3.30039693495788e-09,3.9506978438056e-05,8.3539593900674e-05
"4023","PBDE 153","68631-49-2","SH-SY5Y",2,384,3.40879335776781e-07,6.71777190082343e-10,3.94701264474028e-05,1.70198894847104e-05
"4024","amiodarone","1951-25-3","SH-SY5Y",2,384,3.28922449160218e-07,1.66637966925754e-09,3.94902875691704e-05,4.21972027005057e-05
"4025","PFBS","375-73-5","SH-SY5Y",2,384,4.40625202560474e-09,3.8916148908122e-05,3.99853165752373e-05,0.973260992817111
"4026","4:2 FTS","757124-72-4","SH-SY5Y",2,384,5.36618385347493e-09,3.84101328778495e-05,3.99836464942084e-05,0.960646070223064
"4027","PFNA","375-95-1","SH-SY5Y",2,384,1.80315239700879e-07,9.30809873586148e-08,3.9611456558138e-05,0.00234985015564876
"4028","PFHxA","307-24-4","SH-SY5Y",2,384,5.46729342849816e-08,7.88071299180533e-06,3.98259099632082e-05,0.197879044046593
"4029","PFBA","375-22-4","SH-SY5Y",2,384,3.42409537446004e-09,3.83709582562772e-05,3.98479868376145e-05,0.962933420266466
"4030","PFOA","335-67-1","SH-SY5Y",2,384,6.80536712797051e-08,8.91781174952331e-06,3.98356468202747e-05,0.223865117334671
"4031","6:2 FTS","27619-97-2","SH-SY5Y",2,384,1.91578772226621e-08,3.02299212185771e-05,3.99552559881392e-05,0.756594357136666
"4032","8:2 FTS","39108-34-4","SH-SY5Y",2,384,9.04794076247119e-08,8.16832335209831e-06,3.98286958753003e-05,0.205086387404512
"4033","PFUnDA","2058-94-8","SH-SY5Y",2,384,2.12678115790229e-07,1.27222359982646e-07,3.96229713003701e-05,0.00321082331302746
"4034","PFOS","1763-23-1","SH-SY5Y",2,384,1.88563360627534e-07,1.27222360037927e-07,3.96229713175869e-05,0.00321082331302746
"4035","PFHpA","375-85-9","SH-SY5Y",2,384,3.22542243413175e-08,2.03360673651938e-05,3.99114037966327e-05,0.509530245260618
"4036","PFPeA","2706-90-3","SH-SY5Y",2,384,6.14360362334925e-09,3.62934605945757e-05,3.99767324232019e-05,0.907864610102837
"4037","PFHxS","355-46-4","SH-SY5Y",2,384,1.33754799189143e-08,3.33091819850291e-05,3.99665700329293e-05,0.833426084789988
"4038","PFDA","335-76-2","SH-SY5Y",2,384,2.15414746136397e-07,3.90976697700001e-08,3.9580970394883e-05,0.000987789571097897
"4039","Azathioprine","446-86-6","SH-SY5Y",2,384,3.59836982689905e-09,3.94767936698391e-05,3.99868849267256e-05,0.987243536028846
"4040","Benzocaine","94-09-7","SH-SY5Y",2,384,2.83953380177485e-09,3.81540642918699e-05,3.99828025342907e-05,0.954261879445484
"4041","Butylated hydroxyanisole","25013-16-5","SH-SY5Y",2,384,NA,NA,NA,NA
"4042","Cetirizine dihydrochloride","83881-52-1","SH-SY5Y",2,384,5.05392782582958e-09,3.94490808466484e-05,3.9987003930836e-05,0.986547552171749
"4043","Cyclamate","139-05-9","SH-SY5Y",2,384,2.3258258344476e-09,3.9484146964461e-05,3.99869845110568e-05,0.98742496958087
"4044","Cyclophosphamide","6055-19-2","SH-SY5Y",2,384,3.39249334498199e-09,3.9447842316566e-05,3.99840848963224e-05,0.98658859941032
"4045","Cypermethrin","67375-30-8","SH-SY5Y",2,384,1.82459668797565e-07,2.17955648432297e-08,3.95617110956565e-05,0.000550925737022094
"4046","DEET","134-62-3","SH-SY5Y",2,384,4.00317348776048e-09,3.70053247537332e-05,3.99786922501708e-05,0.925626194127825
"4047","Dexamethasone","50-02-2","SH-SY5Y",2,384,6.96867971476911e-09,3.79800833636864e-05,3.99822434150724e-05,0.949923769144199
"4048","Digoxin","20830-75-5","SH-SY5Y",2,384,1.06308063302266e-08,3.92335946894253e-05,3.9986386799353e-05,0.981173790127497
"4049","Fenazaquin","120928-09-8","SH-SY5Y",2,384,1.02033635098713e-07,3.9383177335303e-07,3.96669544702e-05,0.00992846006488595
"4050","Fenbuconazole","114369-43-6","SH-SY5Y",2,384,2.06721026159323e-08,2.61222211362763e-05,3.99314378587255e-05,0.654176822499976
"4051","Fluazinam","79622-59-6","SH-SY5Y",2,384,6.875494562646e-08,1.08871681502418e-05,3.98521684997826e-05,0.273188851700784
"4052","Furosemide","54-31-9","SH-SY5Y",2,384,6.26516769874585e-09,3.76154320773439e-05,3.99810564518132e-05,0.940831369042976
"4053","Glybenclamide","10238-21-8","SH-SY5Y",2,384,1.28634592529589e-07,2.00494914266603e-06,3.97396060673318e-05,0.0504521645048267
"4054","HC Red 3","1/4/2871","SH-SY5Y",2,384,2.55924346307916e-09,3.94760364962469e-05,3.99867725939671e-05,0.987227373839187
"4055","Hydralazine hydrochloride","304-20-1","SH-SY5Y",2,384,2.08176219989025e-09,3.94481113014084e-05,3.99868818169024e-05,0.986526318357079
"4056","Ketoconazole","65277-42-1","SH-SY5Y",2,384,1.03618284867967e-07,5.94813452769153e-06,3.9805001083663e-05,0.149431839360828
"4057","Metformin","1115-70-4","SH-SY5Y",2,384,1.67597154516648e-09,3.94851093664662e-05,3.99870141579194e-05,0.987448305355558
"4058","Metoclopramide","364-62-5","SH-SY5Y",2,384,9.13864397840623e-09,3.41534778301875e-05,3.9969517050195e-05,0.854488128723108
"4059","Nitrofurantoin","67-20-9","SH-SY5Y",2,384,3.09039960217939e-09,3.9483563593298e-05,3.99869834863833e-05,0.98741040585728
"4060","Oxytetracycline hydrochloride","2058-46-0","SH-SY5Y",2,384,5.97450098629909e-09,3.94859224874273e-05,3.99870240462783e-05,0.987468395790817
"4061","Panthenol","16485-10-2 ","SH-SY5Y",2,384,2.66330789662531e-09,3.94851442787449e-05,3.99869920142672e-05,0.987449725267074
"4062","Paracetamol","103-90-2","SH-SY5Y",2,384,1.96273293414163e-09,3.94653262366919e-05,3.99869994649245e-05,0.986953929146642
"4063","Topiramate","97240-79-4","SH-SY5Y",2,384,4.40350268180299e-09,3.9485809590042e-05,3.99869980331078e-05,0.987466214826858
"4064","Trimellitic anhydride","552-30-7","SH-SY5Y",2,384,2.78160423066394e-09,3.89774746341137e-05,3.99855222188275e-05,0.974789685646793
"4065","Verapamil hydrochloride","152-11-4","SH-SY5Y",2,384,9.67952999695362e-08,4.58609165617679e-06,3.97869241872631e-05,0.11526630293389
"4066","Warfarin","129-06-6","SH-SY5Y",2,384,8.22484675031582e-09,3.52702053551859e-05,3.99733244403766e-05,0.882343559085116
"4067","2,4-Dinitrophenol","51-28-5","HEK293H",2,384,5.42911571071608e-09,3.85952701440533e-05,3.99702769145071e-05,0.965599268341453
"4068","Aldrin","309-00-2","HEK293H",2,384,7.41955174079845e-07,2.87778085964059e-08,3.79666551616141e-05,0.000757975873142008
"4069","Azinphos-methyl","86-50-0","HEK293H",2,384,3.22197084589749e-08,3.28442311525553e-05,3.9898231485581e-05,0.823200175286592
"4070","Chlorpyrifos","2921-88-2","HEK293H",2,384,4.52252935163247e-07,1.5017390529316e-06,3.87097119530075e-05,0.0387948909243932
"4071","DDD-p,p'","50-29-3","HEK293H",2,384,7.78415722675114e-07,9.58112626634734e-09,3.7804119378979e-05,0.000253441329245059
"4072","DDT-o,p'","789-02-6","HEK293H",2,384,7.29578780881185e-07,2.45226192784093e-08,3.79418669781131e-05,0.000646320838469948
"4073","DDT-p,p'","72-54-8","HEK293H",2,384,5.97915097410006e-07,7.86367899224966e-08,3.81317121087646e-05,0.00206224125730829
"4074","Diazinon","333-41-5","HEK293H",2,384,1.5723212467273e-07,1.44778332585299e-05,3.94832686246974e-05,0.366682743420938
"4075","Dicofol","115-32-2","HEK293H",2,384,4.90254409763327e-07,1.29789849680308e-06,3.86767403740818e-05,0.0335575977771082
"4076","Dieldrin","60-57-1","HEK293H",2,384,5.24732273522775e-07,1.01538923113234e-06,3.86218369903656e-05,0.0262905472721464
"4077","Disulfoton","298-04-4","HEK293H",2,384,1.80978237632328e-07,1.05761372252733e-05,3.93368926171125e-05,0.268860515450894
"4078","Endosulfan I","115-29-7","HEK293H",2,384,2.15410166564324e-07,1.40757671802313e-05,3.9446573871836e-05,0.356831171851939
"4079","Endrin","72-20-8","HEK293H",2,384,5.86129083074822e-07,4.67410137531371e-07,3.84609694975637e-05,0.0121528433535972
"4080","Ethion","563-12-2","HEK293H",2,384,5.19275779410793e-07,1.14838716721218e-06,3.86493709132741e-05,0.0297129588419192
"4081","Heptachlor","76-44-8","HEK293H",2,384,6.94055973949536e-07,8.28714771352268e-08,3.81391313027423e-05,0.00217287269805403
"4082","Heptachlor epoxide B","1024-57-3","HEK293H",2,384,5.06531810770859e-07,1.43057169017526e-06,3.86968050152781e-05,0.036968728803591
"4083","Lindane","58-89-9","HEK293H",2,384,1.33698898840247e-07,1.62867147404272e-05,3.9536624404013e-05,0.411939941407191
"4084","Methoxychlor-o,p'","72-43-5","HEK293H",2,384,4.68708098525285e-07,1.12052546565328e-06,3.86439644726231e-05,0.0289961312444304
"4085","Parathion","56-38-2","HEK293H",2,384,1.54271443914511e-07,1.40841384570428e-05,3.94700339209343e-05,0.356831171851939
"4086","Trifluralin","1582-09-8","HEK293H",2,384,5.00509472182744e-07,5.86613748652877e-07,3.85029311360889e-05,0.0152355608091105
"4087","Eugenol F","97-53-0","HEK293H",2,384,8.56711087288736e-09,3.65378139130282e-05,3.99472589529449e-05,0.914651339559172
"4088","Methyl-antranilate","134-20-3","HEK293H",2,384,5.26568836722061e-09,3.80812127412698e-05,3.99651352975391e-05,0.952860848781229
"4089","Lilyfore","285977-85-7","HEK293H",2,384,3.9453286941853e-08,2.58435957470693e-05,3.97748581376252e-05,0.649747025059089
"4090","Damascone beta","23726-91-2","HEK293H",2,384,1.63600652710636e-07,6.5372850308829e-06,3.89995703858704e-05,0.167624539609066
"4091","Veloutone","14595-54-1","HEK293H",2,384,3.25036350952962e-07,6.81912902028645e-07,3.85295502656676e-05,0.0176984391804925
"4092","Verdox","82356-51-2","HEK293H",2,384,NA,NA,NA,NA
"4093","Nirvanol","1506-02-1","HEK293H",2,384,NA,NA,NA,NA
"4094","Cetalox","3738-00-9","HEK293H",2,384,3.59717046860462e-07,5.03659151837566e-07,3.84290706921056e-05,0.0131062017052895
"4095","Tonalide","21145-77-7","HEK293H",2,384,4.32058386833042e-07,2.34481665700485e-07,3.83271530634587e-05,0.00611789937312201
"4096","Caffeine","8/2/1958","HEK293H",2,384,4.10865134769615e-09,3.94675209742108e-05,3.99745168754625e-05,0.987317022421277
"4097","Lamotrigine","84057-84-1","HEK293H",2,384,1.98697354427891e-08,3.45364300286076e-05,3.99224083991133e-05,0.865088841418061
"4098","Diclofenac","15307-79-6","HEK293H",2,384,6.30257928152066e-09,3.94421439567279e-05,3.99787178465747e-05,0.986578511799554
"4099","2,4-Dichlorophenoxyacetic","94-75-7","HEK293H",2,384,2.46472890582111e-08,3.2182424372525e-05,3.98884872707154e-05,0.806809848518675
"4100","(S)-Naproxen","22204-53-1","HEK293H",2,384,4.67596103968182e-08,2.68952591584567e-05,3.97969248783857e-05,0.67581249658473
"4101","Ibuprofen","15687-27-1","HEK293H",2,384,9.61080365859013e-08,1.60844376838838e-05,3.95339968967784e-05,0.406850785309656
"4102","Torasemide","56211-40-6","HEK293H",2,384,9.59818737061529e-08,2.34116305364826e-05,3.97245224614307e-05,0.589349577687521
"4103","Warfarin","81-81-2","HEK293H",2,384,2.8996832361865e-08,3.33572731742856e-05,3.99059406503691e-05,0.835897428569376
"4104","di-n-butylphthalate","84-74-2","HEK293H",2,384,3.01523763210491e-07,3.42221596220695e-06,3.89162698914011e-05,0.0879379234381124
"4105","hexachlorophene","70-30-4","HEK293H",2,384,9.80778322722037e-07,1.72205003249035e-09,3.75896330232672e-05,4.58118341145932e-05
"4106","hexamethylenetetramine","100-97-0","HEK293H",2,384,2.96457154900966e-09,3.94772505520187e-05,3.99784315808685e-05,0.987463714582301
"4107","Malathion","121-75-5","HEK293H",2,384,1.92695038147291e-08,3.60293575473038e-05,3.99416587468359e-05,0.90204960629378
"4108","pentachlorophenol","87-86-5","HEK293H",2,384,3.66908824443575e-07,1.01540410037891e-06,3.86224025642357e-05,0.0262905472721464
"4109","2,2,2-trichloroethanol","115-20-8","HEK293H",2,384,3.75984602054077e-09,3.90086521164341e-05,3.99585780169154e-05,0.976227234610823
"4110","diethylphthalate","84-66-2","HEK293H",2,384,1.43934439363783e-08,3.55147144587239e-05,3.99351759307814e-05,0.889309077297685
"4111","4-chlorophenol","106-48-9","HEK293H",2,384,7.79393465351927e-09,3.58421904430906e-05,3.99377764259864e-05,0.897450826024683
"4112","permethrin","52645-53-1","HEK293H",2,384,7.95594228692754e-07,2.87778730200957e-08,3.79667401559946e-05,0.000757975873142008
"4113","Aniline","62-53-3","HEK293H",2,384,1.99182106186744e-09,3.94159386761286e-05,3.9972972252329e-05,0.986064744630844
"4114","4-fluoroaniline","371-40-4","HEK293H",2,384,2.45708621901556e-09,3.933422817695e-05,3.99762104191378e-05,0.983940892959667
"4115","2,4,6-trichlorophenol","6/2/1988","HEK293H",2,384,8.71816517627031e-08,1.69015281755345e-05,3.95568458308703e-05,0.427271887344073
"4116","Allyl alcohol","107-18-6","HEK293H",2,384,1.22938643863069e-09,3.94535088705852e-05,3.99648979107496e-05,0.987204044876922
"4117","N-methylaniline","100-61-8","HEK293H",2,384,3.13537545193594e-09,3.85926272530802e-05,3.99464937552045e-05,0.966108001607827
"4118","3,4-dichloroaniline","95-76-1","HEK293H",2,384,1.50076481643119e-08,3.34554135315255e-05,3.99069606254232e-05,0.838335293071964
"4119","4-decylaniline","37529-30-9","HEK293H",2,384,4.56670876324566e-07,4.64128861793763e-08,3.80432472224377e-05,0.0012200032743788
"4120","naphthalene","91-20-3","HEK293H",2,384,3.1001870910117e-08,2.42785512014412e-05,3.90022833805124e-05,0.622490508172967
"4121","1,2,4-trichlorobenzene","120-82-1","HEK293H",2,384,1.12713217631882e-07,1.07971429296544e-05,3.82935410506071e-05,0.281957286618788
"4122","1,2-dichlorobenzene","95-50-1","HEK293H",2,384,4.13313114627681e-08,2.06661289782643e-05,3.69058746459682e-05,0.559968546376721
"4123","dichloromethane","9/2/1975","HEK293H",2,384,1.60118753419356e-09,3.20219188083464e-05,3.26273259592372e-05,0.981444781847978
"4124","tetrachloroethylene","127-18-4","HEK293H",2,384,2.79494618988921e-08,1.33245904483471e-05,2.31828960024048e-05,0.574759531637672
"4125","2,3-dimethyl-1,3-butadiene","513-81-5","HEK293H",2,384,4.26453807841466e-09,8.7788221488099e-06,1.21890538811381e-05,0.720221785416395
"4126","cyclosporine A","59865-13-3","HEK293H",2,384,1.59823167998895e-07,3.08304626585994e-05,3.98671030286194e-05,0.773330899826535
"4127","chlorpromazine","50-53-3","HEK293H",2,384,4.8742710487056e-07,4.91687350492043e-07,3.84713441491989e-05,0.0127806127226849
"4128","PBDE 47","5436-43-1","HEK293H",2,384,1.0482319060375e-06,1.25457384540944e-08,3.78418817023712e-05,0.000331530513011152
"4129","PBDE 99","60348-60-9","HEK293H",2,384,1.32167308195777e-06,3.14604719027143e-09,3.76593546050988e-05,8.3539593900674e-05
"4130","PBDE 153","68631-49-2","HEK293H",2,384,1.61721263133742e-06,6.38023911935536e-10,3.74869597425233e-05,1.70198894847104e-05
"4131","amiodarone","1951-25-3","HEK293H",2,384,1.56130427687e-06,1.58579349265113e-09,3.75805359399363e-05,4.21972027005057e-05
"4132","PFBS","375-73-5","HEK293H",2,384,7.9130022284407e-09,3.89047760886798e-05,3.99736313032228e-05,0.973260992817112
"4133","4:2 FTS","757124-72-4","HEK293H",2,384,1.03508498496143e-08,3.83955404666936e-05,3.99684562887745e-05,0.960646070223064
"4134","PFNA","375-95-1","HEK293H",2,384,8.56516460567313e-07,8.96570700285491e-08,3.81543775517022e-05,0.00234985015564876
"4135","PFHxA","307-24-4","HEK293H",2,384,2.47696124109402e-07,7.75909145770697e-06,3.92112843231645e-05,0.197879044046593
"4136","PFBA","375-22-4","HEK293H",2,384,6.52534433557057e-09,3.83570536700956e-05,3.9833547016658e-05,0.962933420266466
"4137","PFOA","335-67-1","HEK293H",2,384,3.05639818900294e-07,8.78936184532258e-06,3.92618642420417e-05,0.223865117334671
"4138","6:2 FTS","27619-97-2","HEK293H",2,384,6.17019187202673e-08,3.01547441128789e-05,3.98558934896099e-05,0.756594357136666
"4139","8:2 FTS","39108-34-4","HEK293H",2,384,4.08936547900776e-07,8.04467000549341e-06,3.92257628958382e-05,0.205086387404512
"4140","PFUnDA","2058-94-8","HEK293H",2,384,1.01000093037034e-06,1.2268396596698e-07,3.82095039204452e-05,0.00321082331302746
"4141","PFOS","1763-23-1","HEK293H",2,384,8.95480801798467e-07,1.22683966010789e-07,3.82095039340895e-05,0.00321082331302746
"4142","PFHpA","375-85-9","HEK293H",2,384,1.28061564820095e-07,2.0201977556052e-05,3.96482402054838e-05,0.509530245260618
"4143","PFPeA","2706-90-3","HEK293H",2,384,1.46449853547693e-08,3.62642308900432e-05,3.99445363179599e-05,0.907864610102837
"4144","PFHxS","355-46-4","HEK293H",2,384,3.8205459263057e-08,3.32574613283082e-05,3.99045121520147e-05,0.833426084789988
"4145","PFDA","335-76-2","HEK293H",2,384,1.02357811486335e-06,3.75448076577796e-08,3.80089127849869e-05,0.000987789571097897
"4146","Azathioprine","446-86-6","HEK293H",2,384,5.86935846264525e-09,3.94687073566903e-05,3.99786941279472e-05,0.987243536028846
"4147","Benzocaine","94-09-7","HEK293H",2,384,5.6555963606053e-09,3.8137796596393e-05,3.99657551222256e-05,0.954261879445484
"4148","Butylated hydroxyanisole","25013-16-5","HEK293H",2,384,NA,NA,NA,NA
"4149","Cetirizine dihydrochloride","83881-52-1","HEK293H",2,384,8.27863063634217e-09,3.94409003260874e-05,3.99787118616468e-05,0.98654755217175
"4150","Cyclamate","139-05-9","HEK293H",2,384,3.79083151422744e-09,3.94760763230765e-05,3.99788110886367e-05,0.98742496958087
"4151","Cyclophosphamide","6055-19-2","HEK293H",2,384,5.55551847789724e-09,3.94396694259108e-05,3.99758009057511e-05,0.98658859941032
"4152","Cypermethrin","67375-30-8","HEK293H",2,384,8.66990351274481e-07,2.08896662837102e-08,3.79173904574228e-05,0.000550925737022093
"4153","DEET","134-62-3","HEK293H",2,384,8.98798954914671e-09,3.69812016154583e-05,3.99526308244809e-05,0.925626194127826
"4154","Dexamethasone","50-02-2","HEK293H",2,384,1.41669938744064e-08,3.79626603149996e-05,3.99639018920442e-05,0.949923769144199
"4155","Digoxin","20830-75-5","HEK293H",2,384,1.8123419032449e-08,3.92241809634855e-05,3.99767924481437e-05,0.981173790127497
"4156","Fenazaquin","120928-09-8","HEK293H",2,384,4.83770286655345e-07,3.81462147625203e-07,3.84210789117562e-05,0.00992846006488595
"4157","Fenbuconazole","114369-43-6","HEK293H",2,384,7.417525330537e-08,2.60183252241614e-05,3.97726185478886e-05,0.654176822499976
"4158","Fluazinam","79622-59-6","HEK293H",2,384,3.03494312158106e-07,1.07492847719534e-05,3.93474503261456e-05,0.273188851700784
"4159","Furosemide","54-31-9","HEK293H",2,384,1.32561986734833e-08,3.7595545214109e-05,3.9959918909115e-05,0.940831369042976
"4160","Glybenclamide","10238-21-8","HEK293H",2,384,6.06389511708878e-07,1.9561560872159e-06,3.87724908616905e-05,0.0504521645048267
"4161","HC Red 3","1/4/2871","HEK293H",2,384,4.17475246851541e-09,3.94679485364725e-05,3.99785799931654e-05,0.987227373839187
"4162","Hydralazine hydrochloride","304-20-1","HEK293H",2,384,3.41055635965935e-09,3.94399274681106e-05,3.99785862112551e-05,0.98652631835708
"4163","Ketoconazole","65277-42-1","HEK293H",2,384,4.76885098676464e-07,5.84317636194931e-06,3.91026195417429e-05,0.149431839360828
"4164","Metformin","1115-70-4","HEK293H",2,384,2.73145628203643e-09,3.94770400233531e-05,3.9978842243431e-05,0.987448305355558
"4165","Metoclopramide","364-62-5","HEK293H",2,384,2.50152119431667e-08,3.41082265336614e-05,3.99165598527747e-05,0.854488128723108
"4166","Nitrofurantoin","67-20-9","HEK293H",2,384,5.0372410542717e-09,3.94754920045852e-05,3.99788089840031e-05,0.98741040585728
"4167","Oxytetracycline hydrochloride","2058-46-0","HEK293H",2,384,9.73664628340285e-09,3.9477853943723e-05,3.99788531076046e-05,0.987468395790817
"4168","Panthenol","16485-10-2 ","HEK293H",2,384,4.34057603919287e-09,3.94770750137582e-05,3.99788201906491e-05,0.987449725267074
"4169","Paracetamol","103-90-2","HEK293H",2,384,3.20653803522061e-09,3.94572051872178e-05,3.99787710671905e-05,0.986953929146642
"4170","Topiramate","97240-79-4","HEK293H",2,384,7.17641846590774e-09,3.94777409936587e-05,3.99788270230397e-05,0.987466214826858
"4171","Trimellitic anhydride","552-30-7","HEK293H",2,384,4.94789188185875e-09,3.89664837693073e-05,3.99742471048534e-05,0.974789685646793
"4172","Verapamil hydrochloride","152-11-4","HEK293H",2,384,4.50325940131565e-07,4.49645237930599e-06,3.90092530501727e-05,0.11526630293389
"4173","Warfarin","129-06-6","HEK293H",2,384,2.10820737639507e-08,3.523341201204e-05,3.99316248747515e-05,0.882343559085116
"4174","2,4-Dinitrophenol","51-28-5","Rat cerebellar granule cell",20,384,9.71066489081542e-09,3.10196775149879e-05,3.9947067586108e-05,0.776519514182695
"4175","Aldrin","309-00-2","Rat cerebellar granule cell",20,384,2.17473180386756e-06,3.44944209839435e-09,3.40403504356054e-05,0.000101333918548216
"4176","Azinphos-methyl","86-50-0","Rat cerebellar granule cell",20,384,1.883046281533e-07,1.65312694426815e-05,3.94064615828425e-05,0.419506567671106
"4177","Chlorpyrifos","2921-88-2","Rat cerebellar granule cell",20,384,1.76770815275102e-06,2.45477297592426e-07,3.49578539191467e-05,0.00702209289392264
"4178","DDD-p,p'","50-29-3","Rat cerebellar granule cell",20,384,2.16736862912138e-06,1.08736818510545e-09,3.38859520552355e-05,3.20890551734533e-05
"4179","DDT-o,p'","789-02-6","Rat cerebellar granule cell",20,384,2.12132147551014e-06,2.91430144993489e-09,3.4015846649733e-05,8.56748173856718e-05
"4180","DDT-p,p'","72-54-8","Rat cerebellar granule cell",20,384,1.85229428843904e-06,1.00002912348466e-08,3.42122991407426e-05,0.000292301057982317
"4181","Diazinon","333-41-5","Rat cerebellar granule cell",20,384,8.41422927052586e-07,3.67959616969959e-06,3.72353151355551e-05,0.0988200625213999
"4182","Dicofol","115-32-2","Rat cerebellar granule cell",20,384,1.88620631221231e-06,2.08554929533941e-07,3.49088873646658e-05,0.00597426458641694
"4183","Dieldrin","60-57-1","Rat cerebellar granule cell",20,384,1.96916044668171e-06,1.58810184425294e-07,3.48302868098232e-05,0.00455954282812582
"4184","Disulfoton","298-04-4","Rat cerebellar granule cell",20,384,9.12087577562683e-07,2.41869983843537e-06,3.66752502265318e-05,0.0659491025554235
"4185","Endosulfan I","115-29-7","Rat cerebellar granule cell",20,384,1.14659691348252e-06,3.54062543621702e-06,3.71762689297729e-05,0.0952388590394958
"4186","Endrin","72-20-8","Rat cerebellar granule cell",20,384,2.05349196525665e-06,6.7861414333986e-08,3.46089445718911e-05,0.00196080565800039
"4187","Ethion","563-12-2","Rat cerebellar granule cell",20,384,1.97270899037591e-06,1.82013267486439e-07,3.48691447598566e-05,0.00521989480212269
"4188","Heptachlor","76-44-8","Rat cerebellar granule cell",20,384,2.15695822866791e-06,1.05746524612943e-08,3.4222007002743e-05,0.000309001528181754
"4189","Heptachlor epoxide B","1024-57-3","Rat cerebellar granule cell",20,384,1.96939875688656e-06,2.32503639231089e-07,3.49410938597292e-05,0.00665416028944239
"4190","Lindane","58-89-9","Rat cerebellar granule cell",20,384,7.34450459824234e-07,4.35347408039138e-06,3.74736614602836e-05,0.116174238404897
"4191","Methoxychlor-o,p'","72-43-5","Rat cerebellar granule cell",20,384,1.7761852306616e-06,1.77119611869358e-07,3.48613160394457e-05,0.0050806920676473
"4192","Parathion","56-38-2","Rat cerebellar granule cell",20,384,8.20799042608601e-07,3.54115487309932e-06,3.7181827972454e-05,0.0952388590394958
"4193","Trifluralin","1582-09-8","Rat cerebellar granule cell",20,384,1.78698381413397e-06,8.69273350404329e-08,3.4669543693312e-05,0.00250731119536487
"4194","Eugenol F","97-53-0","Rat cerebellar granule cell",20,384,3.57338384248602e-08,2.37983584962815e-05,3.97820073542083e-05,0.598219146771234
"4195","Methyl-antranilate","134-20-3","Rat cerebellar granule cell",20,384,1.32709922747874e-08,2.88117801179074e-05,3.9912183337526e-05,0.72187932878175
"4196","Lilyfore","285977-85-7","Rat cerebellar granule cell",20,384,2.42151803912984e-07,9.40181710335716e-06,3.86256185113065e-05,0.243408842776331
"4197","Damascone beta","23726-91-2","Rat cerebellar granule cell",20,384,7.69846103426556e-07,1.33996281006397e-06,3.59659614673046e-05,0.0372564156607375
"4198","Veloutone","14595-54-1","Rat cerebellar granule cell",20,384,1.17580579756708e-06,1.02493568084698e-07,3.47110737825323e-05,0.00295276281934776
"4199","Verdox","82356-51-2","Rat cerebellar granule cell",20,384,NA,NA,NA,NA
"4200","Nirvanol","1506-02-1","Rat cerebellar granule cell",20,384,NA,NA,NA,NA
"4201","Cetalox","3738-00-9","Rat cerebellar granule cell",20,384,1.26940335870758e-06,7.36919260447852e-08,3.46228448714399e-05,0.00212841914979589
"4202","Tonalide","21145-77-7","Rat cerebellar granule cell",20,384,1.43684294524712e-06,3.21805213921486e-08,3.44393532639795e-05,0.000934411315609884
"4203","Caffeine","8/2/1958","Rat cerebellar granule cell",20,384,5.07076878028828e-10,3.54849889215928e-05,3.99934999722803e-05,0.887268904851729
"4204","Lamotrigine","84057-84-1","Rat cerebellar granule cell",20,384,1.0624320848837e-07,1.93244560335572e-05,3.95851317941668e-05,0.488174603890161
"4205","Diclofenac","15307-79-6","Rat cerebellar granule cell",20,384,1.68115746760848e-09,3.54497956738894e-05,3.99943228947553e-05,0.886370692339892
"4206","2,4-Dichlorophenoxyacetic","94-75-7","Rat cerebellar granule cell",20,384,1.46981627925249e-07,1.56030889494605e-05,3.93350418578383e-05,0.396671471860942
"4207","(S)-Naproxen","22204-53-1","Rat cerebellar granule cell",20,384,2.88759035814606e-07,1.01937377712153e-05,3.8745942791792e-05,0.263091746818322
"4208","Ibuprofen","15687-27-1","Rat cerebellar granule cell",20,384,5.26396104867195e-07,4.27450205414951e-06,3.74481230539492e-05,0.114144627435439
"4209","Torasemide","56211-40-6","Rat cerebellar granule cell",20,384,5.76694410266344e-07,7.79896607354912e-06,3.8344829763658e-05,0.20339029072808
"4210","Warfarin","81-81-2","Rat cerebellar granule cell",20,384,1.66055657564234e-07,1.73079942955617e-05,3.9461427737416e-05,0.438605374613724
"4211","di-n-butylphthalate","84-74-2","Rat cerebellar granule cell",20,384,1.31428222956768e-06,6.29453994271264e-07,3.52780606105792e-05,0.0178426473387968
"4212","hexachlorophene","70-30-4","Rat cerebellar granule cell",20,384,2.56279973015912e-06,1.82724344577001e-10,3.37016472593775e-05,5.42182235695194e-06
"4213","hexamethylenetetramine","100-97-0","Rat cerebellar granule cell",20,384,3.15141399904753e-10,3.54945965700994e-05,3.99973729672541e-05,0.887423196497402
"4214","Malathion","121-75-5","Rat cerebellar granule cell",20,384,8.77492613622255e-08,2.24978127716686e-05,3.97343751380096e-05,0.566205274237403
"4215","pentachlorophenol","87-86-5","Rat cerebellar granule cell",20,384,1.37688008897757e-06,1.58810548190143e-07,3.48303665908149e-05,0.00455954282812582
"4216","2,2,2-trichloroethanol","115-20-8","Rat cerebellar granule cell",20,384,4.26170286139453e-09,3.31779048924043e-05,3.99576486558646e-05,0.830326758667636
"4217","diethylphthalate","84-66-2","Rat cerebellar granule cell",20,384,7.01922094664732e-08,2.13078991944087e-05,3.96841250746102e-05,0.536937608032121
"4218","4-chlorophenol","106-48-9","Rat cerebellar granule cell",20,384,3.64545915997283e-08,2.20544149081866e-05,3.97154553741384e-05,0.555310639156057
"4219","permethrin","52645-53-1","Rat cerebellar granule cell",20,384,2.33194770180195e-06,3.44944302395713e-09,3.40403595693958e-05,0.000101333918548216
"4220","Aniline","62-53-3","Rat cerebellar granule cell",20,384,7.77512137066257e-10,3.54158294493132e-05,3.99865835057653e-05,0.885692808544319
"4221","4-fluoroaniline","371-40-4","Rat cerebellar granule cell",20,384,1.64071997776461e-09,3.5018787939927e-05,3.99837411776985e-05,0.875825695857074
"4222","2,4,6-trichlorophenol","6/2/1988","Rat cerebellar granule cell",20,384,4.83043253296342e-07,4.5971415798601e-06,3.75531524112367e-05,0.122416928664677
"4223","Allyl alcohol","107-18-6","Rat cerebellar granule cell",20,384,1.73318294610915e-10,3.54718725409737e-05,3.99844872149546e-05,0.887140864162611
"4224","N-methylaniline","100-61-8","Rat cerebellar granule cell",20,384,5.51217941803402e-09,3.11008427945113e-05,3.99290182251795e-05,0.77890326827267
"4225","3,4-dichloroaniline","95-76-1","Rat cerebellar granule cell",20,384,8.55616212229456e-08,1.74633721015407e-05,3.94716924998415e-05,0.442427750003647
"4226","4-decylaniline","37529-30-9","Rat cerebellar granule cell",20,384,1.37277413309067e-06,5.71525932918968e-09,3.41181024875507e-05,0.000167513985611454
"4227","naphthalene","91-20-3","Rat cerebellar granule cell",20,384,1.90996475522115e-07,8.58434665580262e-06,3.82425727520884e-05,0.22447095051506
"4228","1,2,4-trichlorobenzene","120-82-1","Rat cerebellar granule cell",20,384,5.84990039782432e-07,2.55733540955695e-06,3.65189748250569e-05,0.0700275794106432
"4229","1,2-dichlorobenzene","95-50-1","Rat cerebellar granule cell",20,384,2.5749230495646e-07,6.94729738044529e-06,3.73027237043194e-05,0.186241021849052
"4230","dichloromethane","9/2/1975","Rat cerebellar granule cell",20,384,1.33442133968257e-09,2.87261242128093e-05,3.33873448996986e-05,0.86038959669023
"4231","tetrachloroethylene","127-18-4","Rat cerebellar granule cell",20,384,2.31898141538176e-07,6.04530100661375e-06,3.10482210109339e-05,0.194706840191741
"4232","2,3-dimethyl-1,3-butadiene","513-81-5","Rat cerebellar granule cell",20,384,4.48426228416455e-08,6.08351056750299e-06,2.02177383695729e-05,0.300899658324716
"4233","cyclosporine A","59865-13-3","Rat cerebellar granule cell",20,384,9.77732794923316e-07,1.39243080947208e-05,3.9186990943484e-05,0.355329862269921
"4234","chlorpromazine","50-53-3","Rat cerebellar granule cell",20,384,1.71471763734249e-06,7.17039223883924e-08,3.4622349459197e-05,0.0020710299418847
"4235","PBDE 47","5436-43-1","Rat cerebellar granule cell",20,384,2.95317736145804e-06,1.44173213443947e-09,3.39208386499043e-05,4.25028446177152e-05
"4236","PBDE 99","60348-60-9","Rat cerebellar granule cell",20,384,3.52396038667675e-06,3.41023008214446e-10,3.37594653044545e-05,1.01015524131968e-05
"4237","PBDE 153","68631-49-2","Rat cerebellar granule cell",20,384,4.10593897184168e-06,6.56732689674316e-11,3.36201368372828e-05,1.95339088848097e-06
"4238","amiodarone","1951-25-3","Rat cerebellar granule cell",20,384,4.06915950587894e-06,1.67805657203216e-10,3.36942562274084e-05,4.98024518097882e-06
"4239","PFBS","375-73-5","Rat cerebellar granule cell",20,384,1.04263195336907e-08,3.25476160464152e-05,3.99652565031918e-05,0.814397776824373
"4240","4:2 FTS","757124-72-4","Rat cerebellar granule cell",20,384,2.15573484965572e-08,3.011745318826e-05,3.99343058958645e-05,0.754174950900521
"4241","PFNA","375-95-1","Rat cerebellar granule cell",20,384,2.67440066092789e-06,1.1498396246759e-08,3.42371990575519e-05,0.000335845120607865
"4242","PFHxA","307-24-4","Rat cerebellar granule cell",20,384,1.18913026345237e-06,1.64183769295057e-06,3.62135638528189e-05,0.0453376447461347
"4243","PFBA","375-22-4","Rat cerebellar granule cell",20,384,1.27217025087616e-08,3.0444262226882e-05,3.9832646402612e-05,0.764304282451232
"4244","PFOA","335-67-1","Rat cerebellar granule cell",20,384,1.49465406295468e-06,1.91428262093738e-06,3.63903347896975e-05,0.052604149755702
"4245","6:2 FTS","27619-97-2","Rat cerebellar granule cell",20,384,3.80125684653204e-07,1.31762588772049e-05,3.91122083351817e-05,0.336883531716945
"4246","8:2 FTS","39108-34-4","Rat cerebellar granule cell",20,384,1.97348938422596e-06,1.71607330017634e-06,3.62636044807491e-05,0.0473221932774868
"4247","PFUnDA","2058-94-8","Rat cerebellar granule cell",20,384,3.2157397648162e-06,1.60667451235018e-08,3.4299243445145e-05,0.000468428557300322
"4248","PFOS","1763-23-1","Rat cerebellar granule cell",20,384,2.85111937561702e-06,1.60667451236445e-08,3.42992434454496e-05,0.000468428557300322
"4249","PFHpA","375-85-9","Rat cerebellar granule cell",20,384,7.41408523959514e-07,6.06051911557348e-06,3.79634989930469e-05,0.159640688459288
"4250","PFPeA","2706-90-3","Rat cerebellar granule cell",20,384,6.42274180911128e-08,2.30813497542229e-05,3.97567599117947e-05,0.580564155767013
"4251","PFHxS","355-46-4","Rat cerebellar granule cell",20,384,2.19740250503056e-07,1.7152549940129e-05,3.94508001665541e-05,0.43478332169979
"4252","PFDA","335-76-2","Rat cerebellar granule cell",20,384,3.04193559031351e-06,4.56712496145525e-09,3.40827583443465e-05,0.000134001036985107
"4253","Azathioprine","446-86-6","Rat cerebellar granule cell",20,384,7.89748674649886e-10,3.54848125874689e-05,3.99970286735359e-05,0.887186217683902
"4254","Benzocaine","94-09-7","Rat cerebellar granule cell",20,384,1.38220692281533e-08,2.90375271018146e-05,3.99163201740541e-05,0.727460020743324
"4255","Butylated hydroxyanisole","25013-16-5","Rat cerebellar granule cell",20,384,NA,NA,NA,NA
"4256","Cetirizine dihydrochloride","83881-52-1","Rat cerebellar granule cell",20,384,2.26658573705706e-09,3.54480646055987e-05,3.99941713910467e-05,0.886330767026075
"4257","Cyclamate","139-05-9","Rat cerebellar granule cell",20,384,4.16079769763617e-10,3.54932954914738e-05,3.99976431849253e-05,0.887384672326164
"4258","Cyclophosphamide","6055-19-2","Rat cerebellar granule cell",20,384,1.46921318580103e-09,3.54480319812787e-05,3.99917474735023e-05,0.886383672150505
"4259","Cypermethrin","67375-30-8","Rat cerebellar granule cell",20,384,2.50112299187329e-06,2.46186117748222e-09,3.39920177947994e-05,7.24246848876052e-05
"4260","DEET","134-62-3","Rat cerebellar granule cell",20,384,3.39575430279839e-08,2.50514508987312e-05,3.98222066797192e-05,0.629082438856647
"4261","Dexamethasone","50-02-2","Rat cerebellar granule cell",20,384,3.79194865355366e-08,2.83506481532201e-05,3.99033798642017e-05,0.71048237642281
"4262","Digoxin","20830-75-5","Rat cerebellar granule cell",20,384,1.50559402212447e-08,3.43337440083026e-05,3.99807204253681e-05,0.858757512196242
"4263","Fenazaquin","120928-09-8","Rat cerebellar granule cell",20,384,1.66784122855816e-06,5.44284201454523e-08,3.45566487608555e-05,0.00157504914675368
"4264","Fenbuconazole","114369-43-6","Rat cerebellar granule cell",20,384,4.5585462373348e-07,9.53111709417482e-06,3.86439701795591e-05,0.246639179408547
"4265","Fluazinam","79622-59-6","Rat cerebellar granule cell",20,384,1.53370804639015e-06,2.46958680033252e-06,3.67023413797858e-05,0.0672869007123526
"4266","Furosemide","54-31-9","Rat cerebellar granule cell",20,384,4.14725636817326e-08,2.70170642138991e-05,3.98746062685745e-05,0.677550620360394
"4267","Glybenclamide","10238-21-8","Rat cerebellar granule cell",20,384,2.44440755813028e-06,3.30622624215538e-07,3.50518065580345e-05,0.00943239897401959
"4268","HC Red 3","1/4/2871","Rat cerebellar granule cell",20,384,5.72563096384356e-10,3.54839346240778e-05,3.99968727134015e-05,0.88716772629547
"4269","Hydralazine hydrochloride","304-20-1","Rat cerebellar granule cell",20,384,9.5036603969022e-10,3.54467767685116e-05,3.99939574502506e-05,0.886303307508506
"4270","Ketoconazole","65277-42-1","Rat cerebellar granule cell",20,384,2.2043159936578e-06,1.16825181750516e-06,3.58521010197853e-05,0.0325853097663774
"4271","Metformin","1115-70-4","Rat cerebellar granule cell",20,384,2.93663561747332e-10,3.54943033163514e-05,3.99977174510141e-05,0.887408221727198
"4272","Metoclopramide","364-62-5","Rat cerebellar granule cell",20,384,1.37708206709995e-07,1.85508711353375e-05,3.954066616033e-05,0.469159296915161
"4273","Nitrofurantoin","67-20-9","Rat cerebellar granule cell",20,384,5.60820783580133e-10,3.54926627690997e-05,3.99976089083904e-05,0.887369613778445
"4274","Oxytetracycline hydrochloride","2058-46-0","Rat cerebellar granule cell",20,384,1.03215958890082e-09,3.54951143416337e-05,3.9997758236393e-05,0.887427593612923
"4275","Panthenol","16485-10-2 ","Rat cerebellar granule cell",20,384,4.66129873420781e-10,3.54943440978538e-05,3.99977001418612e-05,0.887409625352577
"4276","Paracetamol","103-90-2","Rat cerebellar granule cell",20,384,5.98796922388335e-10,3.54701832631474e-05,3.99960242188084e-05,0.88684272889472
"4277","Topiramate","97240-79-4","Rat cerebellar granule cell",20,384,7.61698237805151e-10,3.54950096687531e-05,3.9997732057098e-05,0.887425557481183
"4278","Trimellitic anhydride","552-30-7","Rat cerebellar granule cell",20,384,6.04939365146912e-09,3.28744981500245e-05,3.99685140079184e-05,0.822509892249472
"4279","Verapamil hydrochloride","152-11-4","Rat cerebellar granule cell",20,384,2.0176833798149e-06,8.60018996257466e-07,3.55616007180174e-05,0.0241839225145379
"4280","Warfarin","129-06-6","Rat cerebellar granule cell",20,384,1.06033045776225e-07,2.07031878885176e-05,3.96561052685996e-05,0.522068109016009
"4281","2,4-Dinitrophenol","51-28-5","Balbc_3T3",20,384,7.27597117788496e-09,3.10299462578787e-05,3.99602916489979e-05,0.776519514182695
"4282","Aldrin","309-00-2","Balbc_3T3",20,384,3.50956356587818e-07,3.95589644144452e-09,3.90382262732914e-05,0.000101333918548216
"4283","Azinphos-methyl","86-50-0","Balbc_3T3",20,384,4.44661894033378e-08,1.67214276151247e-05,3.98597516791068e-05,0.419506567671106
"4284","Chlorpyrifos","2921-88-2","Balbc_3T3",20,384,2.83344423374965e-07,2.75208108004259e-07,3.91917498332216e-05,0.00702209289392265
"4285","DDD-p,p'","50-29-3","Balbc_3T3",20,384,3.50299608465321e-07,1.25185244970226e-09,3.90118201653347e-05,3.20890551734533e-05
"4286","DDT-o,p'","789-02-6","Balbc_3T3",20,384,3.42417126555393e-07,3.34423541711731e-09,3.90340536363559e-05,8.56748173856718e-05
"4287","DDT-p,p'","72-54-8","Balbc_3T3",20,384,2.98455101040017e-07,1.14194537658128e-08,3.90674390460248e-05,0.000292301057982318
"4288","Diazinon","333-41-5","Balbc_3T3",20,384,1.39490117380811e-07,3.9075080790623e-06,3.95416475092404e-05,0.0988200625213999
"4289","Dicofol","115-32-2","Balbc_3T3",20,384,3.024219325968e-07,2.34093937134387e-07,3.91837244146537e-05,0.00597426458641695
"4290","Dieldrin","60-57-1","Balbc_3T3",20,384,3.15866675943161e-07,1.78600276220955e-07,3.91706543733394e-05,0.00455954282812582
"4291","Disulfoton","298-04-4","Balbc_3T3",20,384,1.48467670957426e-07,2.60222362803024e-06,3.94580597339188e-05,0.0659491025554235
"4292","Endosulfan I","115-29-7","Balbc_3T3",20,384,1.89667325050202e-07,3.76455102742145e-06,3.95274687809971e-05,0.0952388590394958
"4293","Endrin","72-20-8","Balbc_3T3",20,384,3.29859279024081e-07,7.67341267561614e-08,3.91339786495791e-05,0.00196080565800039
"4294","Ethion","563-12-2","Balbc_3T3",20,384,3.16363673084951e-07,2.04500644912503e-07,3.91771582885812e-05,0.00521989480212269
"4295","Heptachlor","76-44-8","Balbc_3T3",20,384,3.47514746360971e-07,1.20723413272191e-08,3.90688725659576e-05,0.000309001528181754
"4296","Heptachlor epoxide B","1024-57-3","Balbc_3T3",20,384,3.15702065739468e-07,2.60767930785664e-07,3.9188705928741e-05,0.0066541602894424
"4297","Lindane","58-89-9","Balbc_3T3",20,384,1.23114495509752e-07,4.59767046885686e-06,3.95756454441544e-05,0.116174238404897
"4298","Methoxychlor-o,p'","72-43-5","Balbc_3T3",20,384,2.84860157281619e-07,1.99040522955649e-07,3.91758682292702e-05,0.00508069206764731
"4299","Parathion","56-38-2","Balbc_3T3",20,384,1.35775902818221e-07,3.76514955569344e-06,3.95337532774518e-05,0.0952388590394958
"4300","Trifluralin","1582-09-8","Balbc_3T3",20,384,2.86931202170901e-07,9.81449151242858e-08,3.91434917634958e-05,0.00250731119536487
"4301","Eugenol F","97-53-0","Balbc_3T3",20,384,1.25846229817002e-08,2.38826957407233e-05,3.99229878709588e-05,0.598219146771234
"4302","Methyl-antranilate","134-20-3","Balbc_3T3",20,384,7.40820333940978e-09,2.88397784228444e-05,3.99509686355954e-05,0.72187932878175
"4303","Lilyfore","285977-85-7","Balbc_3T3",20,384,4.52101538626963e-08,9.67379869288217e-06,3.97430043318986e-05,0.243408842776331
"4304","Damascone beta","23726-91-2","Balbc_3T3",20,384,1.23790365266288e-07,1.46502369075619e-06,3.93227224029524e-05,0.0372564156607375
"4305","Veloutone","14595-54-1","Balbc_3T3",20,384,1.88744039549463e-07,1.15599871683973e-07,3.91497315417659e-05,0.00295276281934776
"4306","Verdox","82356-51-2","Balbc_3T3",20,384,NA,NA,NA,NA
"4307","Nirvanol","1506-02-1","Balbc_3T3",20,384,NA,NA,NA,NA
"4308","Cetalox","3738-00-9","Balbc_3T3",20,384,2.03875952549062e-07,8.32837756244814e-08,3.91294053299924e-05,0.00212841914979589
"4309","Tonalide","21145-77-7","Balbc_3T3",20,384,2.31086993594771e-07,3.65406933676433e-08,3.91055766954121e-05,0.000934411315609884
"4310","Caffeine","8/2/1958","Balbc_3T3",20,384,4.44881370975689e-09,3.54669805767474e-05,3.99732035945453e-05,0.887268904851729
"4311","Lamotrigine","84057-84-1","Balbc_3T3",20,384,2.85264458676595e-08,1.94726045295796e-05,3.98886061962389e-05,0.488174603890161
"4312","Diclofenac","15307-79-6","Balbc_3T3",20,384,6.90477146628864e-09,3.54341615077212e-05,3.99766844887212e-05,0.886370692339891
"4313","2,4-Dichlorophenoxyacetic","94-75-7","Balbc_3T3",20,384,3.34346033122285e-08,1.58068568723234e-05,3.98487362808501e-05,0.396671471860942
"4314","(S)-Naproxen","22204-53-1","Balbc_3T3",20,384,5.50480790743338e-08,1.04607725257247e-05,3.97609299882311e-05,0.263091746818322
"4315","Ibuprofen","15687-27-1","Balbc_3T3",20,384,8.81202655693825e-08,4.51702095817348e-06,3.95727863821566e-05,0.114144627435439
"4316","Torasemide","56211-40-6","Balbc_3T3",20,384,1.03567312519631e-07,8.07515417393237e-06,3.97027515179098e-05,0.20339029072808
"4317","Warfarin","81-81-2","Balbc_3T3",20,384,4.05355959951122e-08,1.74865489710444e-05,3.98685241521372e-05,0.438605374613724
"4318","di-n-butylphthalate","84-74-2","Balbc_3T3",20,384,2.10311717481198e-07,7.00222520628338e-07,3.92443176919035e-05,0.0178426473387968
"4319","hexachlorophene","70-30-4","Balbc_3T3",20,384,4.15017878270188e-07,2.11342903590086e-10,3.8980049451288e-05,5.42182235695194e-06
"4320","hexamethylenetetramine","100-97-0","Balbc_3T3",20,384,3.20544304090319e-09,3.54763007115333e-05,3.9976756131185e-05,0.887423196497402
"4321","Malathion","121-75-5","Balbc_3T3",20,384,2.82699667108577e-08,2.25997545435255e-05,3.99144189781066e-05,0.566205274237403
"4322","pentachlorophenol","87-86-5","Balbc_3T3",20,384,2.20860957141508e-07,1.78600736296373e-07,3.91707552771878e-05,0.00455954282812582
"4323","2,2,2-trichloroethanol","115-20-8","Balbc_3T3",20,384,4.69148548791067e-09,3.31755170973619e-05,3.99547729264997e-05,0.830326758667636
"4324","diethylphthalate","84-66-2","Balbc_3T3",20,384,2.10086365399962e-08,2.14267278775592e-05,3.99054332515247e-05,0.536937608032121
"4325","4-chlorophenol","106-48-9","Balbc_3T3",20,384,1.14177079698165e-08,2.2162558214749e-05,3.99101991786632e-05,0.555310639156057
"4326","permethrin","52645-53-1","Balbc_3T3",20,384,3.76327738420021e-07,3.95589765874532e-09,3.90382382860588e-05,0.000101333918548216
"4327","Aniline","62-53-3","Balbc_3T3",20,384,2.2040646469692e-09,3.54022642481162e-05,3.99712675846399e-05,0.885692808544319
"4328","4-fluoroaniline","371-40-4","Balbc_3T3",20,384,2.8171820570957e-09,3.50095156466156e-05,3.9973154261426e-05,0.875825695857074
"4329","2,4,6-trichlorophenol","6/2/1988","Balbc_3T3",20,384,8.13135796538808e-08,4.84620684734205e-06,3.95877179749929e-05,0.122416928664677
"4330","Allyl alcohol","107-18-6","Balbc_3T3",20,384,1.33312808805943e-09,3.54541626173259e-05,3.99645242932099e-05,0.887140864162611
"4331","N-methylaniline","100-61-8","Balbc_3T3",20,384,4.19142426589433e-09,3.11104390368304e-05,3.99413384229626e-05,0.77890326827267
"4332","3,4-dichloroaniline","95-76-1","Balbc_3T3",20,384,2.10301720649942e-08,1.76395870666989e-05,3.98699834414849e-05,0.442427750003647
"4333","4-decylaniline","37529-30-9","Balbc_3T3",20,384,2.21376886870447e-07,6.54166618060845e-09,3.90514628180464e-05,0.000167513985611454
"4334","naphthalene","91-20-3","Balbc_3T3",20,384,3.498198304965e-08,8.85568697160385e-06,3.94513719983989e-05,0.22447095051506
"4335","1,2,4-trichlorobenzene","120-82-1","Balbc_3T3",20,384,9.53735972718999e-08,2.74497389243537e-06,3.9198468882364e-05,0.0700275794106432
"4336","1,2-dichlorobenzene","95-50-1","Balbc_3T3",20,384,4.55015455674606e-08,7.20923794640154e-06,3.87091838029358e-05,0.186241021849052
"4337","dichloromethane","9/2/1975","Balbc_3T3",20,384,1.93881980499268e-09,2.87210115176851e-05,3.33814025973464e-05,0.86038959669023
"4338","tetrachloroethylene","127-18-4","Balbc_3T3",20,384,4.10348643840817e-08,6.22554964767322e-06,3.19739647643735e-05,0.194706840191741
"4339","2,3-dimethyl-1,3-butadiene","513-81-5","Balbc_3T3",20,384,8.83684861078238e-09,6.15110017166196e-06,2.04423634307487e-05,0.300899658324716
"4340","cyclosporine A","59865-13-3","Balbc_3T3",20,384,2.09066905324043e-07,1.41514224081965e-05,3.9826155667847e-05,0.355329862269921
"4341","chlorpromazine","50-53-3","Balbc_3T3",20,384,2.75415827791138e-07,8.10523421938067e-08,3.91362483731388e-05,0.0020710299418847
"4342","PBDE 47","5436-43-1","Balbc_3T3",20,384,4.77137097578857e-07,1.65836614686311e-09,3.90177683818345e-05,4.25028446177152e-05
"4343","PBDE 99","60348-60-9","Balbc_3T3",20,384,5.70310604642897e-07,3.9385985124715e-10,3.89900319412891e-05,1.01015524131968e-05
"4344","PBDE 153","68631-49-2","Balbc_3T3",20,384,6.65513497407979e-07,7.61156251996204e-11,3.89658954838326e-05,1.95339088848097e-06
"4345","amiodarone","1951-25-3","Balbc_3T3",20,384,6.59009965491074e-07,1.94123831117576e-10,3.89787699326527e-05,4.98024518097882e-06
"4346","PFBS","375-73-5","Balbc_3T3",20,384,1.01129348818296e-08,3.25484664954651e-05,3.99663007705929e-05,0.814397776824373
"4347","4:2 FTS","757124-72-4","Balbc_3T3",20,384,1.41870409911161e-08,3.0134392091897e-05,3.99567660738601e-05,0.754174950900521
"4348","PFNA","375-95-1","Balbc_3T3",20,384,4.30826392359147e-07,1.31220246530733e-08,3.9071654902483e-05,0.000335845120607866
"4349","PFHxA","307-24-4","Balbc_3T3",20,384,1.91792180451602e-07,1.78581782243489e-06,3.9389294094002e-05,0.0453376447461348
"4350","PFBA","375-22-4","Balbc_3T3",20,384,8.86353798603644e-09,3.04580019209513e-05,3.98506231356812e-05,0.764304282451232
"4351","PFOA","335-67-1","Balbc_3T3",20,384,2.41794128088487e-07,2.07344805573639e-06,3.94160549189684e-05,0.052604149755702
"4352","6:2 FTS","27619-97-2","Balbc_3T3",20,384,7.9244362073037e-08,1.34129918621029e-05,3.98149229608906e-05,0.336883531716945
"4353","8:2 FTS","39108-34-4","Balbc_3T3",20,384,3.18551477111065e-07,1.86434716798019e-06,3.9396888412337e-05,0.0473221932774868
"4354","PFUnDA","2058-94-8","Balbc_3T3",20,384,5.17761868891368e-07,1.83071852897846e-08,3.90821289703038e-05,0.000468428557300323
"4355","PFOS","1763-23-1","Balbc_3T3",20,384,4.59054837865563e-07,1.83071852899928e-08,3.90821289707484e-05,0.000468428557300323
"4356","PFHpA","375-85-9","Balbc_3T3",20,384,1.28280017793038e-07,6.32937660226366e-06,3.96476403562855e-05,0.159640688459288
"4357","PFPeA","2706-90-3","Balbc_3T3",20,384,2.15099051641794e-08,2.31752723314924e-05,3.99185380311232e-05,0.580564155767013
"4358","PFHxS","355-46-4","Balbc_3T3",20,384,5.32775749372128e-08,1.73334381823327e-05,3.98668424413508e-05,0.43478332169979
"4359","PFDA","335-76-2","Balbc_3T3",20,384,4.9070962167825e-07,5.2321322081473e-09,3.90454605864638e-05,0.000134001036985108
"4360","Azathioprine","446-86-6","Balbc_3T3",20,384,6.36106004107237e-09,3.54669853658422e-05,3.99769345588265e-05,0.887186217683902
"4361","Benzocaine","94-09-7","Balbc_3T3",20,384,7.92490915189392e-09,2.90634968792838e-05,3.99520194244991e-05,0.727460020743324
"4362","Butylated hydroxyanisole","25013-16-5","Balbc_3T3",20,384,NA,NA,NA,NA
"4363","Cetirizine dihydrochloride","83881-52-1","Balbc_3T3",20,384,9.07481927866551e-09,3.54325477581163e-05,3.99766645549312e-05,0.886330767026075
"4364","Cyclamate","139-05-9","Balbc_3T3",20,384,4.10000892367006e-09,3.5475057043767e-05,3.99770901505136e-05,0.887384672326164
"4365","Cyclophosphamide","6055-19-2","Balbc_3T3",20,384,6.08524778263951e-09,3.54323618709002e-05,3.99740687742315e-05,0.886383672150505
"4366","Cypermethrin","67375-30-8","Balbc_3T3",20,384,4.03816387708313e-07,2.82673451382126e-09,3.90299870577004e-05,7.24246848876053e-05
"4367","DEET","134-62-3","Balbc_3T3",20,384,1.3159440191241e-08,2.51198549198125e-05,3.99309428593615e-05,0.629082438856647
"4368","Dexamethasone","50-02-2","Balbc_3T3",20,384,2.00827991225217e-08,2.83829384554672e-05,3.99488282853288e-05,0.71048237642281
"4369","Digoxin","20830-75-5","Balbc_3T3",20,384,2.15147679439183e-08,3.43266415845795e-05,3.99724498441828e-05,0.858757512196242
"4370","Fenazaquin","120928-09-8","Balbc_3T3",20,384,2.68008268636201e-07,6.16242601512265e-08,3.91252935048024e-05,0.00157504914675369
"4371","Fenbuconazole","114369-43-6","Balbc_3T3",20,384,8.53936124107886e-08,9.80237176840937e-06,3.97437738477558e-05,0.246639179408547
"4372","Fluazinam","79622-59-6","Balbc_3T3",20,384,2.49820076801134e-07,2.65533330601381e-06,3.94628564832433e-05,0.0672869007123527
"4373","Furosemide","54-31-9","Balbc_3T3",20,384,1.91228843398665e-08,2.70628495405002e-05,3.99421810374924e-05,0.677550620360394
"4374","Glybenclamide","10238-21-8","Balbc_3T3",20,384,3.91611635407505e-07,3.69818555699446e-07,3.92072638909854e-05,0.00943239897401959
"4375","HC Red 3","1/4/2871","Balbc_3T3",20,384,4.52545702468554e-09,3.54661504549659e-05,3.99768267079115e-05,0.887167726295471
"4376","Hydralazine hydrochloride","304-20-1","Balbc_3T3",20,384,3.74004109138122e-09,3.54313410620588e-05,3.99765416216939e-05,0.886303307508506
"4377","Ketoconazole","65277-42-1","Balbc_3T3",20,384,3.5394588928605e-07,1.28170961406856e-06,3.93339705302132e-05,0.0325853097663775
"4378","Metformin","1115-70-4","Balbc_3T3",20,384,2.95368110702621e-09,3.54760273724528e-05,3.99771227084243e-05,0.887408221727198
"4379","Metoclopramide","364-62-5","Balbc_3T3",20,384,3.55895350260606e-08,1.87106774191757e-05,3.98812888121435e-05,0.469159296915161
"4380","Nitrofurantoin","67-20-9","Balbc_3T3",20,384,5.44878526358867e-09,3.54744505285135e-05,3.99770850586852e-05,0.887369613778445
"4381","Oxytetracycline hydrochloride","2058-46-0","Balbc_3T3",20,384,1.0527478720462e-08,3.54768131705539e-05,3.9977135516059e-05,0.887427593612923
"4382","Panthenol","16485-10-2 ","Balbc_3T3",20,384,4.69366745147218e-09,3.54760661205831e-05,3.99771031404894e-05,0.887409625352577
"4383","Paracetamol","103-90-2","Balbc_3T3",20,384,3.49007707260677e-09,3.54532203771132e-05,3.99768969423686e-05,0.88684272889472
"4384","Topiramate","97240-79-4","Balbc_3T3",20,384,7.75938907160855e-09,3.54767107353146e-05,3.9977111810944e-05,0.887425557481183
"4385","Trimellitic anhydride","552-30-7","Balbc_3T3",20,384,6.24869177022044e-09,3.28736449533621e-05,3.99674766992241e-05,0.822509892249472
"4386","Verapamil hydrochloride","152-11-4","Balbc_3T3",20,384,3.2327011162874e-07,9.50158737574135e-07,3.92888596547131e-05,0.0241839225145379
"4387","Warfarin","129-06-6","Balbc_3T3",20,384,3.06485687817545e-08,2.08308298023822e-05,3.99005981071014e-05,0.522068109016009
"4388","2,4-Dinitrophenol","51-28-5","FishRtgut",20,384,1.40088090346555e-09,3.10547254698049e-05,3.99922022597084e-05,0.776519514182695
"4389","Aldrin","309-00-2","FishRtgut",20,384,5.23959832279555e-08,4.03880533134037e-09,3.98564013827084e-05,0.000101333918548216
"4390","Azinphos-methyl","86-50-0","FishRtgut",20,384,6.31151886858392e-09,1.67718690859888e-05,3.99799916818895e-05,0.419506567671106
"4391","Chlorpyrifos","2921-88-2","FishRtgut",20,384,4.19765471038637e-08,2.80042544756588e-07,3.98802107843025e-05,0.00702209289392265
"4392","DDD-p,p'","50-29-3","FishRtgut",20,384,5.23639061445139e-08,1.27882211036771e-09,3.98522830745624e-05,3.20890551734533e-05
"4393","DDT-o,p'","789-02-6","FishRtgut",20,384,5.11314176389691e-08,3.41463471682985e-09,3.98557571644257e-05,8.56748173856718e-05
"4394","DDT-p,p'","72-54-8","FishRtgut",20,384,4.44943037663077e-08,1.16514028959223e-08,3.98609672381929e-05,0.000292301057982318
"4395","Diazinon","333-41-5","FishRtgut",20,384,2.01286858008709e-08,3.94626377102045e-06,3.99338319601434e-05,0.0988200625213999
"4396","Dicofol","115-32-2","FishRtgut",20,384,4.48209077075169e-08,2.3824783247448e-07,3.98790226024068e-05,0.00597426458641695
"4397","Dieldrin","60-57-1","FishRtgut",20,384,4.68441578255202e-08,1.81820502675282e-07,3.98769151928371e-05,0.00455954282812582
"4398","Disulfoton","298-04-4","FishRtgut",20,384,2.15892823861147e-08,2.63271681242284e-06,3.99204342501902e-05,0.0659491025554235
"4399","Endosulfan I","115-29-7","FishRtgut",20,384,2.73903323722476e-08,3.80252453339238e-06,3.99261873960026e-05,0.0952388590394958
"4400","Endrin","72-20-8","FishRtgut",20,384,4.90111722815043e-08,7.81798434121468e-08,3.98712861181121e-05,0.0019608056580004
"4401","Ethion","563-12-2","FishRtgut",20,384,4.69026493694927e-08,2.08158983351869e-07,3.98780035312627e-05,0.00521989480212269
"4402","Heptachlor","76-44-8","FishRtgut",20,384,5.18039237255925e-08,1.23171032172313e-08,3.98609783249563e-05,0.000309001528181754
"4403","Heptachlor epoxide B","1024-57-3","FishRtgut",20,384,4.67765536493563e-08,2.6536429305613e-07,3.98794560866172e-05,0.0066541602894424
"4404","Lindane","58-89-9","FishRtgut",20,384,1.77031348244191e-08,4.63977673294222e-06,3.99380860735356e-05,0.116174238404897
"4405","Methoxychlor-o,p'","72-43-5","FishRtgut",20,384,4.22348402913597e-08,2.0260686009306e-07,3.98778074709969e-05,0.00508069206764731
"4406","Parathion","56-38-2","FishRtgut",20,384,1.96077688644771e-08,3.80313519850017e-06,3.99325993282112e-05,0.0952388590394958
"4407","Trifluralin","1582-09-8","FishRtgut",20,384,4.26106369442418e-08,9.99719747162943e-08,3.98721845541578e-05,0.00250731119536488
"4408","Eugenol F","97-53-0","FishRtgut",20,384,1.92468523774795e-09,2.39215320363921e-05,3.99879077182729e-05,0.598219146771234
"4409","Methyl-antranilate","134-20-3","FishRtgut",20,384,1.29673151329128e-09,2.88689643365269e-05,3.99913990960878e-05,0.72187932878175
"4410","Lilyfore","285977-85-7","FishRtgut",20,384,6.38722543542289e-09,9.72741417638222e-06,3.996327358296e-05,0.243408842776331
"4411","Damascone beta","23726-91-2","FishRtgut",20,384,1.81516255217172e-08,1.48547281455965e-06,3.9871597635333e-05,0.0372564156607375
"4412","Veloutone","14595-54-1","FishRtgut",20,384,2.80193380335123e-08,1.17733990159041e-07,3.9872484639673e-05,0.00295276281934776
"4413","Verdox","82356-51-2","FishRtgut",20,384,NA,NA,NA,NA
"4414","Nirvanol","1506-02-1","FishRtgut",20,384,NA,NA,NA,NA
"4415","Cetalox","3738-00-9","FishRtgut",20,384,3.02870073904923e-08,8.48464187259668e-08,3.98635854850785e-05,0.0021284191497959
"4416","Tonalide","21145-77-7","FishRtgut",20,384,3.43849831591618e-08,3.72519936863847e-08,3.98668049755696e-05,0.000934411315609884
"4417","Caffeine","8/2/1958","FishRtgut",20,384,1.17353346707031e-09,3.54819441267239e-05,3.99900683239353e-05,0.887268904851729
"4418","Lamotrigine","84057-84-1","FishRtgut",20,384,4.118598799382e-09,1.95191322761525e-05,3.99839158379166e-05,0.488174603890161
"4419","Diclofenac","15307-79-6","FishRtgut",20,384,1.80660873402111e-09,3.54494202009034e-05,3.99938992875792e-05,0.886370692339891
"4420","2,4-Dichlorophenoxyacetic","94-75-7","FishRtgut",20,384,4.72995342741747e-09,1.58583693350151e-05,3.99785980590366e-05,0.396671471860942
"4421","(S)-Naproxen","22204-53-1","FishRtgut",20,384,7.76593396757485e-09,1.05147964202904e-05,3.99662724028793e-05,0.263091746818322
"4422","Ibuprofen","15687-27-1","FishRtgut",20,384,1.26761978581905e-08,4.55876775562305e-06,3.99385223645459e-05,0.114144627435439
"4423","Torasemide","56211-40-6","FishRtgut",20,384,1.46912264364416e-08,8.12703561873311e-06,3.99578347109915e-05,0.20339029072808
"4424","Warfarin","81-81-2","FishRtgut",20,384,5.7744062755103e-09,1.7535997424726e-05,3.99812643430778e-05,0.438605374613724
"4425","di-n-butylphthalate","84-74-2","FishRtgut",20,384,3.10796421668249e-08,7.11711948762455e-07,3.98882483775217e-05,0.0178426473387968
"4426","hexachlorophene","70-30-4","FishRtgut",20,384,6.21300944872097e-08,2.16045029113836e-10,3.98473086888987e-05,5.42182235695194e-06
"4427","hexamethylenetetramine","100-97-0","FishRtgut",20,384,8.46379619104705e-10,3.54912337863729e-05,3.99935835872381e-05,0.887423196497402
"4428","Malathion","121-75-5","FishRtgut",20,384,4.23155474944719e-09,2.26409540621688e-05,3.99871832572789e-05,0.566205274237402
"4429","pentachlorophenol","87-86-5","FishRtgut",20,384,3.27544714334609e-08,1.81820979483812e-07,3.98770197665956e-05,0.00455954282812582
"4430","2,2,2-trichloroethanol","115-20-8","FishRtgut",20,384,1.02232778468915e-09,3.31959022782363e-05,3.99793237201019e-05,0.830326758667636
"4431","diethylphthalate","84-66-2","FishRtgut",20,384,3.09470173482973e-09,2.14700083705557e-05,3.99860394380707e-05,0.536937608032121
"4432","4-chlorophenol","106-48-9","FishRtgut",20,384,1.69823890082977e-09,2.22045400979076e-05,3.9985799896889e-05,0.555310639156057
"4433","permethrin","52645-53-1","FishRtgut",20,384,5.61838007133974e-08,4.03880660019966e-09,3.98564139042738e-05,0.000101333918548216
"4434","Aniline","62-53-3","FishRtgut",20,384,5.72705983362512e-10,3.54177769673066e-05,3.9988782369722e-05,0.885692808544319
"4435","4-fluoroaniline","371-40-4","FishRtgut",20,384,7.02540169787262e-10,3.50261822100121e-05,3.99921838051758e-05,0.875825695857074
"4436","2,4,6-trichlorophenol","6/2/1988","FishRtgut",20,384,1.16784593656205e-08,4.88937938614995e-06,3.99403860191828e-05,0.122416928664677
"4437","Allyl alcohol","107-18-6","FishRtgut",20,384,3.51307116858709e-10,3.54691547087309e-05,3.99814236290545e-05,0.887140864162611
"4438","N-methylaniline","100-61-8","FishRtgut",20,384,8.10877543711127e-10,3.11350011560521e-05,3.99728726586273e-05,0.77890326827267
"4439","3,4-dichloroaniline","95-76-1","FishRtgut",20,384,2.99826072726284e-09,1.76888265100956e-05,3.99812771914731e-05,0.442427750003647
"4440","4-decylaniline","37529-30-9","FishRtgut",20,384,3.30292180290955e-08,6.67685132586585e-09,3.98584709300196e-05,0.000167513985611454
"4441","naphthalene","91-20-3","FishRtgut",20,384,4.95058965967704e-09,8.90791755366446e-06,3.96840550335123e-05,0.22447095051506
"4442","1,2,4-trichlorobenzene","120-82-1","FishRtgut",20,384,1.38531638786038e-08,2.77621542996454e-06,3.9644600789137e-05,0.0700275794106432
"4443","1,2-dichlorobenzene","95-50-1","FishRtgut",20,384,6.46738978255182e-09,7.25746943002055e-06,3.89681572725837e-05,0.186241021849052
"4444","dichloromethane","9/2/1975","FishRtgut",20,384,4.6016390734365e-10,2.87335196844483e-05,3.33959403914008e-05,0.86038959669023
"4445","tetrachloroethylene","127-18-4","FishRtgut",20,384,5.81956682785366e-09,6.25880648805178e-06,3.21447694487175e-05,0.194706840191741
"4446","2,3-dimethyl-1,3-butadiene","513-81-5","FishRtgut",20,384,1.24192318523012e-09,6.16535727376877e-06,2.04897450136531e-05,0.300899658324716
"4447","cyclosporine A","59865-13-3","FishRtgut",20,384,2.94700298678028e-08,1.42044871033045e-05,3.99754949177739e-05,0.355329862269921
"4448","chlorpromazine","50-53-3","FishRtgut",20,384,4.09171910387245e-08,8.25754360234982e-08,3.98716765767047e-05,0.0020710299418847
"4449","PBDE 47","5436-43-1","FishRtgut",20,384,7.13037677088857e-08,1.69387336534754e-09,3.98531764304907e-05,4.25028446177152e-05
"4450","PBDE 99","60348-60-9","FishRtgut",20,384,8.5338724721704e-08,4.02535349354772e-10,3.98488601443967e-05,1.01015524131968e-05
"4451","PBDE 153","68631-49-2","FishRtgut",20,384,9.96948940407113e-08,7.78329940143403e-11,3.98450686308187e-05,1.95339088848097e-06
"4452","amiodarone","1951-25-3","FishRtgut",20,384,9.86626422329143e-08,1.98448368247494e-10,3.98471081314295e-05,4.98024518097882e-06
"4453","PFBS","375-73-5","FishRtgut",20,384,2.11680281400341e-09,3.25701660358486e-05,3.9992945662071e-05,0.814397776824373
"4454","4:2 FTS","757124-72-4","FishRtgut",20,384,2.61854141193867e-09,3.01609795442444e-05,3.99920197670722e-05,0.754174950900521
"4455","PFNA","375-95-1","FishRtgut",20,384,6.42151061514764e-08,1.33873336765767e-08,3.98616292305994e-05,0.000335845120607866
"4456","PFHxA","307-24-4","FishRtgut",20,384,2.80507488126189e-08,1.8094562585638e-06,3.9910680598777e-05,0.0453376447461348
"4457","PFBA","375-22-4","FishRtgut",20,384,1.66659027655201e-09,3.0483631688469e-05,3.98841565962495e-05,0.764304282451232
"4458","PFOA","335-67-1","FishRtgut",20,384,3.5287926650176e-08,2.09968295111456e-06,3.99147778429205e-05,0.052604149755702
"4459","6:2 FTS","27619-97-2","FishRtgut",20,384,1.11621559552053e-08,1.34665588423832e-05,3.99739303781047e-05,0.336883531716945
"4460","8:2 FTS","39108-34-4","FishRtgut",20,384,4.65620489152293e-08,1.88871601251421e-06,3.99118443525895e-05,0.0473221932774868
"4461","PFUnDA","2058-94-8","FishRtgut",20,384,7.71327115604347e-08,1.86730901639631e-08,3.98632616926284e-05,0.000468428557300323
"4462","PFOS","1763-23-1","FishRtgut",20,384,6.83869294493905e-08,1.86730901641502e-08,3.98632616930277e-05,0.000468428557300323
"4463","PFHpA","375-85-9","FishRtgut",20,384,1.83065207827599e-08,6.37760009487189e-06,3.99497155544924e-05,0.159640688459288
"4464","PFPeA","2706-90-3","FishRtgut",20,384,3.24911621612572e-09,2.32154221493099e-05,3.99876945875841e-05,0.580564155767013
"4465","PFHxS","355-46-4","FishRtgut",20,384,7.5835729235351e-09,1.73830920022019e-05,3.99810460397666e-05,0.43478332169979
"4466","PFDA","335-76-2","FishRtgut",20,384,7.32348248909599e-08,5.34095195543427e-09,3.98575419683345e-05,0.000134001036985108
"4467","Azathioprine","446-86-6","FishRtgut",20,384,1.67688776274083e-09,3.54819738975991e-05,3.99938290184768e-05,0.887186217683902
"4468","Benzocaine","94-09-7","FishRtgut",20,384,1.39906575186226e-09,2.90922352378692e-05,3.99915244938719e-05,0.727460020743324
"4469","Butylated hydroxyanisole","25013-16-5","FishRtgut",20,384,NA,NA,NA,NA
"4470","Cetirizine dihydrochloride","83881-52-1","FishRtgut",20,384,2.37345112312984e-09,3.54478210455201e-05,3.99938965951266e-05,0.886330767026075
"4471","Cyclamate","139-05-9","FishRtgut",20,384,1.08237024606874e-09,3.54899968113141e-05,3.99939258791587e-05,0.887384672326164
"4472","Cyclophosphamide","6055-19-2","FishRtgut",20,384,1.59238825122068e-09,3.54476138373435e-05,3.99912757320338e-05,0.886383672150505
"4473","Cypermethrin","67375-30-8","FishRtgut",20,384,6.03116403198996e-08,2.8864948383148e-09,3.98551245724341e-05,7.24246848876053e-05
"4474","DEET","134-62-3","FishRtgut",20,384,2.06411481339538e-09,2.51563469439639e-05,3.99889511932417e-05,0.629082438856647
"4475","Dexamethasone","50-02-2","FishRtgut",20,384,3.45719396423567e-09,2.84130362983633e-05,3.99911908320927e-05,0.71048237642281
"4476","Digoxin","20830-75-5","FishRtgut",20,384,5.08138006789219e-09,3.43447124929413e-05,3.99934929303918e-05,0.858757512196242
"4477","Fenazaquin","120928-09-8","FishRtgut",20,384,3.9838984597612e-08,6.27971641426065e-08,3.98699712145725e-05,0.00157504914675369
"4478","Fenbuconazole","114369-43-6","FishRtgut",20,384,1.2061118611414e-08,9.85606643823646e-06,3.99614792016085e-05,0.246639179408547
"4479","Fluazinam","79622-59-6","FishRtgut",20,384,3.6314857967664e-08,2.68622217587732e-06,3.99219186415014e-05,0.0672869007123526
"4480","Furosemide","54-31-9","FishRtgut",20,384,3.15407300767736e-09,2.70955630855545e-05,3.99904631053872e-05,0.677550620360394
"4481","Glybenclamide","10238-21-8","FishRtgut",20,384,5.79719223364414e-08,3.761890473698e-07,3.98826479250896e-05,0.0094323989740196
"4482","HC Red 3","1/4/2871","FishRtgut",20,384,1.19281344787112e-09,3.54811441021608e-05,3.99937272857284e-05,0.887167726295471
"4483","Hydralazine hydrochloride","304-20-1","FishRtgut",20,384,9.77911657914716e-10,3.54466243543168e-05,3.99937854840699e-05,0.886303307508506
"4484","Ketoconazole","65277-42-1","FishRtgut",20,384,5.19837928027413e-08,1.30022480406234e-06,3.99021771891808e-05,0.0325853097663775
"4485","Metformin","1115-70-4","FishRtgut",20,384,7.79849181674751e-10,3.54909629244318e-05,3.99939532398678e-05,0.887408221727198
"4486","Metoclopramide","364-62-5","FishRtgut",20,384,5.10813594204354e-09,1.87583779917877e-05,3.99829612567174e-05,0.469159296915161
"4487","Nitrofurantoin","67-20-9","FishRtgut",20,384,1.43830673491792e-09,3.54893933130056e-05,3.99939244729045e-05,0.887369613778445
"4488","Oxytetracycline hydrochloride","2058-46-0","FishRtgut",20,384,2.77976989194244e-09,3.54917460172317e-05,3.9993962631629e-05,0.887427593612923
"4489","Panthenol","16485-10-2 ","FishRtgut",20,384,1.23925987940173e-09,3.54910014303043e-05,3.99939333723176e-05,0.887409625352577
"4490","Paracetamol","103-90-2","FishRtgut",20,384,9.17312105022305e-10,3.54683145626194e-05,3.9993917080229e-05,0.88684272889472
"4491","Topiramate","97240-79-4","FishRtgut",20,384,2.04884324415968e-09,3.54916437897286e-05,3.99939391992113e-05,0.887425557481183
"4492","Trimellitic anhydride","552-30-7","FishRtgut",20,384,1.3344905126698e-09,3.28946826837614e-05,3.9993054179322e-05,0.822509892249472
"4493","Verapamil hydrochloride","152-11-4","FishRtgut",20,384,4.76294120228087e-08,9.64822327486294e-07,3.98951959470719e-05,0.0241839225145379
"4494","Warfarin","129-06-6","FishRtgut",20,384,4.48350391336544e-09,2.0875132808636e-05,3.9985458694233e-05,0.522068109016009
"4495","2,4-Dinitrophenol","51-28-5","FishRtgill",20,384,7.35528933841908e-10,3.10575317071017e-05,3.99958161254847e-05,0.776519514182695
"4496","Aldrin","309-00-2","FishRtgill",20,384,2.7554874577869e-08,4.04570359690274e-09,3.992447597867e-05,0.000101333918548216
"4497","Azinphos-methyl","86-50-0","FishRtgill",20,384,3.31433023308077e-09,1.67758314476505e-05,3.99894369730173e-05,0.419506567671106
"4498","Chlorpyrifos","2921-88-2","FishRtgill",20,384,2.20690651920673e-08,2.80441278271005e-07,3.99369935014269e-05,0.00702209289392265
"4499","DDD-p,p'","50-29-3","FishRtgill",20,384,2.75393583282033e-08,1.28106927183778e-09,3.99223119818619e-05,3.20890551734533e-05
"4500","DDT-o,p'","789-02-6","FishRtgill",20,384,2.68900526890778e-08,3.42049348389108e-09,3.99241409350599e-05,8.56748173856718e-05
"4501","DDT-p,p'","72-54-8","FishRtgill",20,384,2.33981386210465e-08,1.16706705829265e-08,3.99268845056062e-05,0.000292301057982318
"4502","Diazinon","333-41-5","FishRtgill",20,384,1.05758660403252e-08,3.94936549426486e-06,3.99652195464824e-05,0.0988200625213999
"4503","Dicofol","115-32-2","FishRtgill",20,384,2.35648299286997e-08,2.38590593214898e-07,3.99363954782578e-05,0.00597426458641695
"4504","Dieldrin","60-57-1","FishRtgill",20,384,2.46291508423917e-08,1.82086418517391e-07,3.99352359175529e-05,0.00455954282812582
"4505","Disulfoton","298-04-4","FishRtgill",20,384,1.13449728942877e-08,2.63517886779762e-06,3.99577669094589e-05,0.0659491025554235
"4506","Endosulfan I","115-29-7","FishRtgill",20,384,1.43914276010237e-08,3.80556633248139e-06,3.9958126030292e-05,0.0952388590394958
"4507","Endrin","72-20-8","FishRtgill",20,384,2.57702408328717e-08,7.82994803301607e-08,3.99323002821246e-05,0.0019608056580004
"4508","Ethion","563-12-2","FishRtgill",20,384,2.46596135556365e-08,2.08460965997616e-07,3.99358557787112e-05,0.00521989480212269
"4509","Heptachlor","76-44-8","FishRtgill",20,384,2.72419503287601e-08,1.23374333321933e-08,3.99267712518769e-05,0.000309001528181754
"4510","Heptachlor epoxide B","1024-57-3","FishRtgill",20,384,2.45927789988431e-08,2.65743448848481e-07,3.99364363479663e-05,0.0066541602894424
"4511","Lindane","58-89-9","FishRtgill",20,384,9.3008688600088e-09,4.64313299373726e-06,3.99669759620437e-05,0.116174238404897
"4512","Methoxychlor-o,p'","72-43-5","FishRtgill",20,384,2.2205511388036e-08,2.02901270183759e-07,3.99357543189417e-05,0.00508069206764731
"4513","Parathion","56-38-2","FishRtgill",20,384,1.03023146429999e-08,3.80617797496244e-06,3.99645482248376e-05,0.0952388590394958
"4514","Trifluralin","1582-09-8","FishRtgill",20,384,2.24043968929719e-08,1.00123079491202e-07,3.99324502185025e-05,0.00250731119536488
"4515","Eugenol F","97-53-0","FishRtgill",20,384,1.01060041922374e-09,2.39248622310923e-05,3.99934745656703e-05,0.598219146771234
"4516","Methyl-antranilate","134-20-3","FishRtgill",20,384,6.80853403093003e-10,2.88719055208885e-05,3.99954734396025e-05,0.72187932878175
"4517","Lilyfore","285977-85-7","FishRtgill",20,384,3.35473704783278e-09,9.73160212246819e-06,3.99804789812446e-05,0.243408842776331
"4518","Damascone beta","23726-91-2","FishRtgill",20,384,9.54029719204132e-09,1.4871397610556e-06,3.99163401707164e-05,0.0372564156607375
"4519","Veloutone","14595-54-1","FishRtgill",20,384,1.47321960804938e-08,1.17910418140324e-07,3.99322347760967e-05,0.00295276281934776
"4520","Verdox","82356-51-2","FishRtgill",20,384,NA,NA,NA,NA
"4521","Nirvanol","1506-02-1","FishRtgill",20,384,NA,NA,NA,NA
"4522","Cetalox","3738-00-9","FishRtgill",20,384,1.59249080097493e-08,8.49757059660196e-08,3.99243288025145e-05,0.00212841914979589
"4523","Tonalide","21145-77-7","FishRtgill",20,384,1.80806871201979e-08,3.73109521637843e-08,3.99299018970374e-05,0.000934411315609884
"4524","Caffeine","8/2/1958","FishRtgill",20,384,6.16149287101212e-10,3.54844906098994e-05,3.99929383480752e-05,0.887268904851729
"4525","Lamotrigine","84057-84-1","FishRtgill",20,384,2.16267740027327e-09,1.95228607743805e-05,3.99915534704324e-05,0.488174603890161
"4526","Diclofenac","15307-79-6","FishRtgill",20,384,9.48538298669215e-10,3.545198838756e-05,3.99967967058701e-05,0.886370692339891
"4527","2,4-Dichlorophenoxyacetic","94-75-7","FishRtgill",20,384,2.48385671911014e-09,1.58624001096144e-05,3.99887595525779e-05,0.396671471860942
"4528","(S)-Naproxen","22204-53-1","FishRtgill",20,384,4.07874889558681e-09,1.05190093445963e-05,3.99822855403372e-05,0.263091746818322
"4529","Ibuprofen","15687-27-1","FishRtgill",20,384,6.65986381488571e-09,4.56209687986582e-06,3.99676882071929e-05,0.114144627435439
"4530","Torasemide","56211-40-6","FishRtgill",20,384,7.71675775762118e-09,8.13110696712728e-06,3.99778521286352e-05,0.20339029072808
"4531","Warfarin","81-81-2","FishRtgill",20,384,3.03223764937224e-09,1.75398982117614e-05,3.99901579573862e-05,0.438605374613724
"4532","di-n-butylphthalate","84-74-2","FishRtgill",20,384,1.63384764819787e-08,7.12656911089562e-07,3.99412092587836e-05,0.0178426473387968
"4533","hexachlorophene","70-30-4","FishRtgill",20,384,3.2677550845513e-08,2.1643747556159e-10,3.99196914454547e-05,5.42182235695194e-06
"4534","hexamethylenetetramine","100-97-0","FishRtgill",20,384,4.44381159417108e-10,3.54937784712798e-05,3.99964510859884e-05,0.887423196497402
"4535","Malathion","121-75-5","FishRtgill",20,384,2.22190420824791e-09,2.26443984092664e-05,3.99932664699481e-05,0.566205274237402
"4536","pentachlorophenol","87-86-5","FishRtgill",20,384,1.7221247180414e-08,1.820868967397e-07,3.99353408013816e-05,0.00455954282812582
"4537","2,2,2-trichloroethanol","115-20-8","FishRtgill",20,384,5.36765704178052e-10,3.3198599973903e-05,3.99825726767789e-05,0.830326758667636
"4538","diethylphthalate","84-66-2","FishRtgill",20,384,1.62498711848406e-09,2.14735592360452e-05,3.99926526188879e-05,0.536937608032121
"4539","4-chlorophenol","106-48-9","FishRtgill",20,384,8.91715302012594e-10,2.22080237634433e-05,3.99920732604626e-05,0.555310639156057
"4540","permethrin","52645-53-1","FishRtgill",20,384,2.95468753026591e-08,4.04570487010078e-09,3.99244885430518e-05,0.000101333918548216
"4541","Aniline","62-53-3","FishRtgill",20,384,3.00692599553247e-10,3.54203635641927e-05,3.99917027918606e-05,0.885692808544319
"4542","4-fluoroaniline","371-40-4","FishRtgill",20,384,3.68861282496232e-10,3.502881210227e-05,3.99951865627682e-05,0.875825695857074
"4543","2,4,6-trichlorophenol","6/2/1988","FishRtgill",20,384,6.13550051955947e-09,4.89281592225507e-06,3.99684584119686e-05,0.122416928664677
"4544","Allyl alcohol","107-18-6","FishRtgill",20,384,1.8444948499406e-10,3.54717025712659e-05,3.99842956222609e-05,0.887140864162611
"4545","N-methylaniline","100-61-8","FishRtgill",20,384,4.25748970920292e-10,3.1137799393938e-05,3.997646519444e-05,0.77890326827267
"4546","3,4-dichloroaniline","95-76-1","FishRtgill",20,384,1.57443286781975e-09,1.76927145333802e-05,3.99900651196367e-05,0.442427750003647
"4547","4-decylaniline","37529-30-9","FishRtgill",20,384,1.73695297092405e-08,6.6880909512211e-09,3.99255675686329e-05,0.000167513985611454
"4548","naphthalene","91-20-3","FishRtgill",20,384,2.60025223954837e-09,8.91200525918356e-06,3.97022654322731e-05,0.22447095051506
"4549","1,2,4-trichlorobenzene","120-82-1","FishRtgill",20,384,7.27951079129057e-09,2.77873468829714e-06,3.96805760199505e-05,0.0700275794106432
"4550","1,2-dichlorobenzene","95-50-1","FishRtgill",20,384,3.39715448159785e-09,7.26126308204602e-06,3.89885268559751e-05,0.186241021849052
"4551","dichloromethane","9/2/1975","FishRtgill",20,384,2.41601596144902e-10,2.87353685350428e-05,3.33980892442015e-05,0.86038959669023
"4552","tetrachloroethylene","127-18-4","FishRtgill",20,384,3.05654635798838e-09,6.2614158463927e-06,3.21581709210969e-05,0.194706840191741
"4553","2,3-dimethyl-1,3-butadiene","513-81-5","FishRtgill",20,384,6.52126758435984e-10,6.1664644324889e-06,2.04934245084265e-05,0.300899658324716
"4554","cyclosporine A","59865-13-3","FishRtgill",20,384,1.54762692375563e-08,1.4208621777916e-05,3.99871310763143e-05,0.355329862269921
"4555","chlorpromazine","50-53-3","FishRtgill",20,384,2.15143096610263e-08,8.27014598162635e-08,3.99325273593112e-05,0.0020710299418847
"4556","PBDE 47","5436-43-1","FishRtgill",20,384,3.74998402897392e-08,1.69683094262847e-09,3.99227618266574e-05,4.25028446177152e-05
"4557","PBDE 99","60348-60-9","FishRtgill",20,384,4.48833785622108e-08,4.03259041374026e-10,3.99205018079402e-05,1.01015524131968e-05
"4558","PBDE 153","68631-49-2","FishRtgill",20,384,5.24362768360629e-08,7.79764330510428e-11,3.99184994211169e-05,1.95339088848097e-06
"4559","amiodarone","1951-25-3","FishRtgill",20,384,5.18921019934308e-08,1.98809324621253e-10,3.99195857626791e-05,4.98024518097882e-06
"4560","PFBS","375-73-5","FishRtgill",20,384,1.11141457187105e-09,3.25728944128406e-05,3.99962958394286e-05,0.814397776824373
"4561","4:2 FTS","757124-72-4","FishRtgill",20,384,1.37486452211159e-09,3.01638378405948e-05,3.99958097316515e-05,0.754174950900521
"4562","PFNA","375-95-1","FishRtgill",20,384,3.3768417401603e-08,1.34093673170118e-08,3.9927235782796e-05,0.000335845120607866
"4563","PFHxA","307-24-4","FishRtgill",20,384,1.47422797843007e-08,1.81137752791563e-06,3.99530575101183e-05,0.0453376447461348
"4564","PFBA","375-22-4","FishRtgill",20,384,8.75040804001758e-10,3.04864505541536e-05,3.98878447421219e-05,0.764304282451232
"4565","PFOA","335-67-1","FishRtgill",20,384,1.85449291969121e-08,2.10181000973027e-06,3.99552130296041e-05,0.052604149755702
"4566","6:2 FTS","27619-97-2","FishRtgill",20,384,5.86194658688427e-09,1.34707290393887e-05,3.9986309128067e-05,0.336883531716945
"4567","8:2 FTS","39108-34-4","FishRtgill",20,384,2.44706927828624e-08,1.89069528359798e-06,3.99536697826189e-05,0.0473221932774868
"4568","PFUnDA","2058-94-8","FishRtgill",20,384,4.0560534442563e-08,1.87034602328551e-08,3.99280956324442e-05,0.000468428557300323
"4569","PFOS","1763-23-1","FishRtgill",20,384,3.59615311226426e-08,1.8703460233051e-08,3.99280956328623e-05,0.000468428557300323
"4570","PFHpA","375-85-9","FishRtgill",20,384,9.61666577858516e-09,6.38141060535204e-06,3.99735848481977e-05,0.159640688459288
"4571","PFPeA","2706-90-3","FishRtgill",20,384,1.70603530108182e-09,2.32188149061928e-05,3.99935384841616e-05,0.580564155767013
"4572","PFHxS","355-46-4","FishRtgill",20,384,3.9822720964422e-09,1.73870053898369e-05,3.99900468165666e-05,0.43478332169979
"4573","PFDA","335-76-2","FishRtgill",20,384,3.85134358283182e-08,5.35000249647727e-09,3.99250827967238e-05,0.000134001036985108
"4574","Azathioprine","446-86-6","FishRtgill",20,384,8.80429308599003e-10,3.54845224253055e-05,3.99967016146191e-05,0.887186217683902
"4575","Benzocaine","94-09-7","FishRtgill",20,384,7.34583400104232e-10,2.90951614699141e-05,3.99955470270167e-05,0.727460020743324
"4576","Butylated hydroxyanisole","25013-16-5","FishRtgill",20,384,NA,NA,NA,NA
"4577","Cetirizine dihydrochloride","83881-52-1","FishRtgill",20,384,1.24615215429412e-09,3.54503903061161e-05,3.99967953556025e-05,0.886330767026075
"4578","Cyclamate","139-05-9","FishRtgill",20,384,5.68285130425394e-10,3.54925419510567e-05,3.99967940149536e-05,0.887384672326164
"4579","Cyclophosphamide","6055-19-2","FishRtgill",20,384,8.36064384389413e-10,3.54501813394336e-05,3.99941723355823e-05,0.886383672150505
"4580","Cypermethrin","67375-30-8","FishRtgill",20,384,3.17181789866016e-08,2.89146930967400e-09,3.99238093222113e-05,7.24246848876053e-05
"4581","DEET","134-62-3","FishRtgill",20,384,1.08379916653578e-09,2.51595711578652e-05,3.99940764577573e-05,0.629082438856647
"4582","Dexamethasone","50-02-2","FishRtgill",20,384,1.81521671613127e-09,2.84160088201342e-05,3.99953746399809e-05,0.71048237642281
"4583","Digoxin","20830-75-5","FishRtgill",20,384,2.66793068034229e-09,3.43473664327768e-05,3.99965833718702e-05,0.858757512196242
"4584","Fenazaquin","120928-09-8","FishRtgill",20,384,2.09478107664843e-08,6.28942742017685e-08,3.99316264710845e-05,0.00157504914675369
"4585","Fenbuconazole","114369-43-6","FishRtgill",20,384,6.33478100650148e-09,9.86025931098268e-06,3.99784792287586e-05,0.246639179408547
"4586","Fluazinam","79622-59-6","FishRtgill",20,384,1.90829944921812e-08,2.68871519581464e-06,3.99589692399228e-05,0.0672869007123526
"4587","Furosemide","54-31-9","FishRtgill",20,384,1.65607587117101e-09,2.70986318673118e-05,3.99949923341489e-05,0.677550620360394
"4588","Glybenclamide","10238-21-8","FishRtgill",20,384,3.04777316473975e-08,3.76714019389535e-07,3.99383041819105e-05,0.0094323989740196
"4589","HC Red 3","1/4/2871","FishRtgill",20,384,6.26272046847783e-10,3.548369298616e-05,3.99966003433517e-05,0.887167726295471
"4590","Hydralazine hydrochloride","304-20-1","FishRtgill",20,384,5.13440843747514e-10,3.54491943436563e-05,3.99966851565835e-05,0.886303307508506
"4591","Ketoconazole","65277-42-1","FishRtgill",20,384,2.73232298059017e-08,1.30173689786583e-06,3.99485813453583e-05,0.0325853097663775
"4592","Metformin","1115-70-4","FishRtgill",20,384,4.09450177757377e-10,3.54935077916369e-05,3.99968209924339e-05,0.887408221727198
"4593","Metoclopramide","364-62-5","FishRtgill",20,384,2.68231408737392e-09,1.87621741788045e-05,3.99910527238199e-05,0.469159296915161
"4594","Nitrofurantoin","67-20-9","FishRtgill",20,384,7.55165193290356e-10,3.54919386543561e-05,3.99967928845686e-05,0.887369613778445
"4595","Oxytetracycline hydrochloride","2058-46-0","FishRtgill",20,384,1.45948382854941e-09,3.54942907217103e-05,3.99968301382255e-05,0.887427593612923
"4596","Panthenol","16485-10-2 ","FishRtgill",20,384,6.50658088192649e-10,3.54935462805777e-05,3.99968011012679e-05,0.887409625352577
"4597","Paracetamol","103-90-2","FishRtgill",20,384,4.81623562497102e-10,3.54708707089316e-05,3.99967993796817e-05,0.88684272889472
"4598","Topiramate","97240-79-4","FishRtgill",20,384,1.07571982564349e-09,3.54941885035616e-05,3.99968067229282e-05,0.887425557481183
"4599","Trimellitic anhydride","552-30-7","FishRtgill",20,384,7.00665310728262e-10,3.28973960939414e-05,3.99963531185877e-05,0.822509892249472
"4600","Verapamil hydrochloride","152-11-4","FishRtgill",20,384,2.50365910658789e-08,9.66024225012822e-07,3.99448941515632e-05,0.0241839225145379
"4601","Warfarin","129-06-6","FishRtgill",20,384,2.35424607950379e-09,2.08787380939138e-05,3.99923644699652e-05,0.522068109016009
"4602","2,4-Dinitrophenol","51-28-5","Default",20,384,8.22532448227439e-09,3.10259421957067e-05,3.9955135227171e-05,0.776519514182695
"4603","Aldrin","309-00-2","Default",20,384,1.58291175212329e-07,4.00939870676342e-09,3.95662061055668e-05,0.000101333918548216
"4604","Azinphos-methyl","86-50-0","Default",20,384,2.97018909148483e-08,1.67409464034374e-05,3.99062796474794e-05,0.419506567671106
"4605","Chlorpyrifos","2921-88-2","Default",20,384,1.29490823996575e-07,2.78289692473701e-07,3.9630591146772e-05,0.00702209289392265
"4606","DDD-p,p'","50-29-3","Default",20,384,1.57697045331869e-07,1.26928717045072e-09,3.95551431349335e-05,3.20890551734533e-05
"4607","DDT-o,p'","789-02-6","Default",20,384,1.54392610462849e-07,3.38967806623092e-09,3.95644621099339e-05,8.56748173856718e-05
"4608","DDT-p,p'","72-54-8","Default",20,384,1.34908680245272e-07,1.15688250484865e-08,3.95784576639691e-05,0.000292301057982318
"4609","Diazinon","333-41-5","Default",20,384,6.89102257206277e-08,3.93042479915496e-06,3.97735510266836e-05,0.0988200625213999
"4610","Dicofol","115-32-2","Default",20,384,1.38099570444115e-07,2.36743685497188e-07,3.96272515340962e-05,0.00597426458641695
"4611","Dieldrin","60-57-1","Default",20,384,1.44058617788006e-07,1.80656835859794e-07,3.96216995145657e-05,0.00455954282812582
"4612","Disulfoton","298-04-4","Default",20,384,7.13523874185095e-08,2.6207570487367e-06,3.97390858584348e-05,0.0659491025554235
"4613","Endosulfan I","115-29-7","Default",20,384,9.34197720741292e-08,3.78707336394368e-06,3.97639514179099e-05,0.0952388590394958
"4614","Endrin","72-20-8","Default",20,384,1.49932149622791e-07,7.76603343460382e-08,3.96063393784957e-05,0.00196080565800039
"4615","Ethion","563-12-2","Default",20,384,1.44374028343836e-07,2.06835662876481e-07,3.96244887526029e-05,0.00521989480212269
"4616","Heptachlor","76-44-8","Default",20,384,1.57105238570131e-07,1.22299445917355e-08,3.95789129707536e-05,0.000309001528181754
"4617","Heptachlor epoxide B","1024-57-3","Default",20,384,1.44239740115691e-07,2.63698493061932e-07,3.96291164612191e-05,0.0066541602894424
"4618","Lindane","58-89-9","Default",20,384,6.17040895666988e-08,4.62220067838038e-06,3.97867956084277e-05,0.116174238404897
"4619","Methoxychlor-o,p'","72-43-5","Default",20,384,1.29981044789262e-07,2.01317083130053e-07,3.96239489521505e-05,0.00508069206764731
"4620","Parathion","56-38-2","Default",20,384,6.68758625444872e-08,3.78767907578317e-06,3.97703113412185e-05,0.0952388590394958
"4621","Trifluralin","1582-09-8","Default",20,384,1.30538935985428e-07,9.93144359521532e-08,3.96099359886998e-05,0.00250731119536488
"4622","Eugenol F","97-53-0","Default",20,384,1.05283097444819e-08,2.38901873030959e-05,3.9935510977939e-05,0.598219146771234
"4623","Methyl-antranilate","134-20-3","Default",20,384,7.54692781689954e-09,2.88391159309373e-05,3.99500509033919e-05,0.72187932878175
"4624","Lilyfore","285977-85-7","Default",20,384,2.52926986254893e-08,9.7013052216043e-06,3.98560097938547e-05,0.243408842776331
"4625","Damascone beta","23726-91-2","Default",20,384,5.8012377120617e-08,1.47775673014868e-06,3.96644901003187e-05,0.0372564156607375
"4626","Veloutone","14595-54-1","Default",20,384,8.59236539608043e-08,1.16965130936185e-07,3.96120982592235e-05,0.00295276281934776
"4627","Verdox","82356-51-2","Default",20,384,NA,NA,NA,NA
"4628","Nirvanol","1506-02-1","Default",20,384,NA,NA,NA,NA
"4629","Cetalox","3738-00-9","Default",20,384,9.26959129190876e-08,8.42846154088128e-08,3.95996321574608e-05,0.00212841914979589
"4630","Tonalide","21145-77-7","Default",20,384,1.04780073494992e-07,3.69974357895142e-08,3.95943790185869e-05,0.000934411315609884
"4631","Caffeine","8/2/1958","Default",20,384,6.80834876931862e-09,3.54562007294767e-05,3.99610541241742e-05,0.887268904851729
"4632","Lamotrigine","84057-84-1","Default",20,384,2.06427536130163e-08,1.94876329110014e-05,3.99193910451477e-05,0.488174603890161
"4633","Diclofenac","15307-79-6","Default",20,384,1.04291539384569e-08,3.54236131055567e-05,3.99647838220412e-05,0.886370692339891
"4634","2,4-Dichlorophenoxyacetic","94-75-7","Default",20,384,2.17793243445818e-08,1.58277730695334e-05,3.99014655510241e-05,0.396671471860942
"4635","(S)-Naproxen","22204-53-1","Default",20,384,3.13598799429268e-08,1.04878383192492e-05,3.98638058627191e-05,0.263091746818322
"4636","Ibuprofen","15687-27-1","Default",20,384,4.40907582252922e-08,4.5413845825811e-06,3.97862315959613e-05,0.114144627435439
"4637","Torasemide","56211-40-6","Default",20,384,5.59035002509132e-08,8.10297794017926e-06,3.98395513924136e-05,0.20339029072808
"4638","Warfarin","81-81-2","Default",20,384,2.76664968098549e-08,1.7504855509436e-05,3.99102622143024e-05,0.438605374613724
"4639","di-n-butylphthalate","84-74-2","Default",20,384,9.66402577471895e-08,7.07509274783913e-07,3.9652707434592e-05,0.0178426473387968
"4640","hexachlorophene","70-30-4","Default",20,384,1.86430602024941e-07,2.14388761552415e-10,3.95418269795436e-05,5.42182235695194e-06
"4641","hexamethylenetetramine","100-97-0","Default",20,384,4.91326074496082e-09,3.54654900782323e-05,3.99645740816919e-05,0.887423196497402
"4642","Malathion","121-75-5","Default",20,384,2.26184682853975e-08,2.26094406665078e-05,3.99315260652765e-05,0.566205274237402
"4643","pentachlorophenol","87-86-5","Default",20,384,1.00728970727288e-07,1.8065730660242e-07,3.96218027579486e-05,0.00455954282812582
"4644","2,2,2-trichloroethanol","115-20-8","Default",20,384,5.968550323844e-09,3.3168421954616e-05,3.99462279257854e-05,0.830326758667636
"4645","diethylphthalate","84-66-2","Default",20,384,1.61662598701285e-08,2.14384271748596e-05,3.99272221840291e-05,0.536937608032121
"4646","4-chlorophenol","106-48-9","Default",20,384,9.001848042241e-09,2.21729931827514e-05,3.99289904051707e-05,0.555310639156057
"4647","permethrin","52645-53-1","Default",20,384,1.69734381809166e-07,4.00939995721493e-09,3.95662184454776e-05,0.000101333918548216
"4648","Aniline","62-53-3","Default",20,384,3.29197221873356e-09,3.53919192485509e-05,3.99595874631965e-05,0.885692808544319
"4649","4-fluoroaniline","371-40-4","Default",20,384,4.0301519324588e-09,3.49999556168777e-05,3.99622388135428e-05,0.875825695857074
"4650","2,4,6-trichlorophenol","6/2/1988","Default",20,384,4.09660884845367e-08,4.87122157597661e-06,3.97920584114621e-05,0.122416928664677
"4651","Allyl alcohol","107-18-6","Default",20,384,2.03689350132507e-09,3.54434163451308e-05,3.99524109156966e-05,0.887140864162611
"4652","N-methylaniline","100-61-8","Default",20,384,4.76141660412971e-09,3.11062976298533e-05,3.99360214508228e-05,0.77890326827267
"4653","3,4-dichloroaniline","95-76-1","Default",20,384,1.44165635619748e-08,1.76576467385541e-05,3.99108029241124e-05,0.442427750003647
"4654","4-decylaniline","37529-30-9","Default",20,384,9.99453778463076e-08,6.62882274743591e-09,3.95717570878611e-05,0.000167513985611454
"4655","naphthalene","91-20-3","Default",20,384,1.92382275674658e-08,8.88306850201351e-06,3.95733545103758e-05,0.22447095051506
"4656","1,2,4-trichlorobenzene","120-82-1","Default",20,384,4.59924176715631e-08,2.76389852183311e-06,3.94687142565011e-05,0.0700275794106432
"4657","1,2-dichlorobenzene","95-50-1","Default",20,384,2.41943131645653e-08,7.23556564353337e-06,3.8850547380468e-05,0.186241021849052
"4658","dichloromethane","9/2/1975","Default",20,384,2.65957543804509e-09,2.87149145402332e-05,3.33743162989121e-05,0.86038959669023
"4659","tetrachloroethylene","127-18-4","Default",20,384,2.1966875999727e-08,6.2435571923469e-06,3.20664501883881e-05,0.194706840191741
"4660","2,3-dimethyl-1,3-butadiene","513-81-5","Default",20,384,5.2127387334862e-09,6.15790330684254e-06,2.04649727458222e-05,0.300899658324716
"4661","cyclosporine A","59865-13-3","Default",20,384,1.30360016280177e-07,1.41746775848759e-05,3.98916023953775e-05,0.355329862269921
"4662","chlorpromazine","50-53-3","Default",20,384,1.25210592964399e-07,8.20279413241175e-08,3.96073179171276e-05,0.0020710299418847
"4663","PBDE 47","5436-43-1","Default",20,384,2.14886584999598e-07,1.68131100023641e-09,3.95576111518813e-05,4.25028446177152e-05
"4664","PBDE 99","60348-60-9","Default",20,384,2.56359744512171e-07,3.99476012112755e-10,3.95460020175586e-05,1.01015524131968e-05
"4665","PBDE 153","68631-49-2","Default",20,384,2.98681576834747e-07,7.7229030974703e-11,3.95358816456644e-05,1.95339088848097e-06
"4666","amiodarone","1951-25-3","Default",20,384,2.96009654852626e-07,1.96925322721773e-10,3.9541290752892e-05,4.98024518097882e-06
"4667","PFBS","375-73-5","Default",20,384,1.23992193634165e-08,3.25422620803814e-05,3.99586823619231e-05,0.814397776824373
"4668","4:2 FTS","757124-72-4","Default",20,384,1.53447437491599e-08,3.0131731386704e-05,3.99532381057277e-05,0.754174950900521
"4669","PFNA","375-95-1","Default",20,384,1.94807599895228e-07,1.32928265833734e-08,3.95802284080054e-05,0.000335845120607866
"4670","PFHxA","307-24-4","Default",20,384,9.05402723667781e-08,1.80043499494185e-06,3.97117010604162e-05,0.0453376447461348
"4671","PFBA","375-22-4","Default",20,384,9.77787300484128e-09,3.04547457914212e-05,3.98463628827887e-05,0.764304282451232
"4672","PFOA","335-67-1","Default",20,384,1.14877954926834e-07,2.08957170016821e-06,3.97225639017522e-05,0.052604149755702
"4673","6:2 FTS","27619-97-2","Default",20,384,4.84898617144415e-08,1.34371894580657e-05,3.98867507401812e-05,0.336883531716945
"4674","8:2 FTS","39108-34-4","Default",20,384,1.5064533483346e-07,1.87939068902726e-06,3.97147840973247e-05,0.0473221932774868
"4675","PFUnDA","2058-94-8","Default",20,384,2.34311696272193e-07,1.85425664442633e-08,3.95846200136237e-05,0.000468428557300323
"4676","PFOS","1763-23-1","Default",20,384,2.07743992373196e-07,1.85425664444507e-08,3.95846200140238e-05,0.000468428557300323
"4677","PFHpA","375-85-9","Default",20,384,6.66796975758595e-08,6.35638840660766e-06,3.98168441138281e-05,0.159640688459288
"4678","PFPeA","2706-90-3","Default",20,384,1.75530207606458e-08,2.3183972294434e-05,3.99335233912339e-05,0.580564155767013
"4679","PFHxS","355-46-4","Default",20,384,3.6205130973716e-08,1.73519901152569e-05,3.99095118171025e-05,0.43478332169979
"4680","PFDA","335-76-2","Default",20,384,2.21441862373123e-07,5.30232003684346e-09,3.95692462994353e-05,0.000134001036985108
"4681","Azathioprine","446-86-6","Default",20,384,9.7248331838381e-09,3.54562218803046e-05,3.99648023983814e-05,0.887186217683902
"4682","Benzocaine","94-09-7","Default",20,384,8.15479902909263e-09,2.90624844955469e-05,3.99506277552554e-05,0.727460020743324
"4683","Butylated hydroxyanisole","25013-16-5","Default",20,384,NA,NA,NA,NA
"4684","Cetirizine dihydrochloride","83881-52-1","Default",20,384,1.36980616538568e-08,3.54220107889639e-05,3.99647762514396e-05,0.886330767026075
"4685","Cyclamate","139-05-9","Default",20,384,6.2824388653104e-09,3.54642522392495e-05,3.99649141406562e-05,0.887384672326164
"4686","Cyclophosphamide","6055-19-2","Default",20,384,9.19323478980699e-09,3.54218111485356e-05,3.99621656642171e-05,0.886383672150505
"4687","Cypermethrin","67375-30-8","Default",20,384,1.82023300773306e-07,2.86532037601458e-09,3.95627593059083e-05,7.24246848876053e-05
"4688","DEET","134-62-3","Default",20,384,1.15182798518155e-08,2.51252526220591e-05,3.99395231374192e-05,0.629082438856647
"4689","Dexamethasone","50-02-2","Default",20,384,2.00508787030254e-08,2.83829962419818e-05,3.99489096195272e-05,0.71048237642281
"4690","Digoxin","20830-75-5","Default",20,384,2.93850535774511e-08,3.43179870568864e-05,3.99623718797165e-05,0.858757512196242
"4691","Fenazaquin","120928-09-8","Default",20,384,1.21725204033526e-07,6.23762281079163e-08,3.96027185795942e-05,0.00157504914675369
"4692","Fenbuconazole","114369-43-6","Default",20,384,4.79143674579644e-08,9.8298143873443e-06,3.98550401072395e-05,0.246639179408547
"4693","Fluazinam","79622-59-6","Default",20,384,1.20198111192159e-07,2.67408636503723e-06,3.97415594525417e-05,0.0672869007123526
"4694","Furosemide","54-31-9","Default",20,384,1.80588479744458e-08,2.7065029314615e-05,3.99453981758866e-05,0.677550620360394
"4695","Glybenclamide","10238-21-8","Default",20,384,1.79248032906888e-07,3.73873410388558e-07,3.96371497238769e-05,0.0094323989740196
"4696","HC Red 3","1/4/2871","Default",20,384,6.91690064932965e-09,3.54553912900064e-05,3.99646991646741e-05,0.887167726295471
"4697","Hydralazine hydrochloride","304-20-1","Default",20,384,5.64293621587245e-09,3.54208120470272e-05,3.99646619243687e-05,0.886303307508506
"4698","Ketoconazole","65277-42-1","Default",20,384,1.6515249347988e-07,1.2932857212395e-06,3.96892259276279e-05,0.0325853097663775
"4699","Metformin","1115-70-4","Default",20,384,4.52685911495332e-09,3.54652186794551e-05,3.99649426398459e-05,0.887408221727198
"4700","Metoclopramide","364-62-5","Default",20,384,2.51711248948784e-08,1.87269812682329e-05,3.99160400132055e-05,0.469159296915161
"4701","Nitrofurantoin","67-20-9","Default",20,384,8.34795612285766e-09,3.54636484047654e-05,3.99649118632316e-05,0.887369613778445
"4702","Oxytetracycline hydrochloride","2058-46-0","Default",20,384,1.61368182425586e-08,3.54660017927774e-05,3.99649526880127e-05,0.887427593612923
"4703","Panthenol","16485-10-2 ","Default",20,384,7.19367149037107e-09,3.54652572238775e-05,3.9964922861623e-05,0.887409625352577
"4704","Paracetamol","103-90-2","Default",20,384,5.31016405848238e-09,3.54425420870445e-05,3.9964856148978e-05,0.88684272889472
"4705","Topiramate","97240-79-4","Default",20,384,1.18936679769603e-08,3.54658996125737e-05,3.99649292423333e-05,0.887425557481183
"4706","Trimellitic anhydride","552-30-7","Default",20,384,7.80504219299507e-09,3.28669822061744e-05,3.99593761921658e-05,0.822509892249472
"4707","Verapamil hydrochloride","152-11-4","Default",20,384,1.49613567776604e-07,9.59396953707433e-07,3.96708579069711e-05,0.0241839225145379
"4708","Warfarin","129-06-6","Default",20,384,2.31361377137074e-08,2.08435499421366e-05,3.99249630118613e-05,0.522068109016009
"4709","2,4-Dinitrophenol","51-28-5","MCF7",20,384,8.5313521345256e-09,3.10246514710111e-05,3.99534730349504e-05,0.776519514182695
"4710","Aldrin","309-00-2","MCF7",20,384,5.2337212422685e-08,4.03882165172304e-09,3.98565624381862e-05,0.000101333918548216
"4711","Azinphos-methyl","86-50-0","MCF7",20,384,1.27600139343438e-08,1.67633440071157e-05,3.99596700003473e-05,0.419506567671106
"4712","Chlorpyrifos","2921-88-2","MCF7",20,384,4.19833459017506e-08,2.80042408580414e-07,3.98801913917687e-05,0.00702209289392265
"4713","DDD-p,p'","50-29-3","MCF7",20,384,5.23165511065462e-08,1.27882639702544e-09,3.98524166608491e-05,3.20890551734533e-05
"4714","DDT-o,p'","789-02-6","MCF7",20,384,5.10757728106846e-08,3.4146481653162e-09,3.98559141357127e-05,8.56748173856718e-05
"4715","DDT-p,p'","72-54-8","MCF7",20,384,4.44350392408256e-08,1.16514570237147e-08,3.98611524164224e-05,0.000292301057982318
"4716","Diazinon","333-41-5","MCF7",20,384,2.14122291773401e-08,3.94584701481461e-06,3.99296146363004e-05,0.0988200625213999
"4717","Dicofol","115-32-2","MCF7",20,384,4.481149794483e-08,2.38247984196403e-07,3.98790479983231e-05,0.00597426458641695
"4718","Dieldrin","60-57-1","MCF7",20,384,4.68123380331166e-08,1.81820883555575e-07,3.98769987275922e-05,0.00455954282812582
"4719","Disulfoton","298-04-4","MCF7",20,384,2.23177699278945e-08,2.63254173208318e-06,3.99177794704756e-05,0.0659491025554235
"4720","Endosulfan I","115-29-7","MCF7",20,384,2.90361561132458e-08,3.80213940372669e-06,3.9922143566944e-05,0.0952388590394958
"4721","Endrin","72-20-8","MCF7",20,384,4.89442784817149e-08,7.81801877609004e-08,3.98714617340647e-05,0.0019608056580004
"4722","Ethion","563-12-2","MCF7",20,384,4.68808097176269e-08,2.08159279856859e-07,3.98780603341297e-05,0.00521989480212269
"4723","Heptachlor","76-44-8","MCF7",20,384,5.17343916832724e-08,1.23171607694784e-08,3.9861164577262e-05,0.000309001528181754
"4724","Heptachlor epoxide B","1024-57-3","MCF7",20,384,4.67779284647474e-08,2.65364269560894e-07,3.98794525557079e-05,0.0066541602894424
"4725","Lindane","58-89-9","MCF7",20,384,1.91737998189072e-08,4.63918927993237e-06,3.99330294188253e-05,0.116174238404897
"4726","Methoxychlor-o,p'","72-43-5","MCF7",20,384,4.22132358737493e-08,2.02607177661731e-07,3.98778699759994e-05,0.00508069206764731
"4727","Parathion","56-38-2","MCF7",20,384,2.07859554523331e-08,3.80274994508596e-06,3.99285541998035e-05,0.0952388590394958
"4728","Trifluralin","1582-09-8","MCF7",20,384,4.25573138212268e-08,9.99723734688371e-08,3.98723435900778e-05,0.00250731119536488
"4729","Eugenol F","97-53-0","MCF7",20,384,6.77027462065409e-09,2.39038785803827e-05,3.99583977032481e-05,0.598219146771234
"4730","Methyl-antranilate","134-20-3","MCF7",20,384,6.7234727205928e-09,2.88430484188983e-05,3.99554984730954e-05,0.72187932878175
"4731","Lilyfore","285977-85-7","MCF7",20,384,8.39135334316554e-09,9.72464642311526e-06,3.99519027829702e-05,0.243408842776331
"4732","Damascone beta","23726-91-2","MCF7",20,384,1.84093353659634e-08,1.4854229281634e-06,3.98702586338387e-05,0.0372564156607375
"4733","Veloutone","14595-54-1","MCF7",20,384,2.79873052226843e-08,1.17734415493779e-07,3.98726286860335e-05,0.00295276281934776
"4734","Verdox","82356-51-2","MCF7",20,384,NA,NA,NA,NA
"4735","Nirvanol","1506-02-1","MCF7",20,384,NA,NA,NA,NA
"4736","Cetalox","3738-00-9","MCF7",20,384,3.02466415550195e-08,8.48467820980835e-08,3.98637562090248e-05,0.0021284191497959
"4737","Tonalide","21145-77-7","MCF7",20,384,3.43343029331872e-08,3.72521769533964e-08,3.98670011065546e-05,0.000934411315609884
"4738","Caffeine","8/2/1958","MCF7",20,384,9.80767663465321e-09,3.54424979043493e-05,3.99456102998133e-05,0.887268904851729
"4739","Lamotrigine","84057-84-1","MCF7",20,384,1.02248086542913e-08,1.95074922415337e-05,3.99600718392202e-05,0.488174603890161
"4740","Diclofenac","15307-79-6","MCF7",20,384,1.4962057640597e-08,3.5410046220691e-05,3.99494777148075e-05,0.886370692339892
"4741","2,4-Dichlorophenoxyacetic","94-75-7","MCF7",20,384,8.96365703459496e-09,1.58507716635605e-05,3.99594444974787e-05,0.396671471860942
"4742","(S)-Naproxen","22204-53-1","MCF7",20,384,1.06126670614268e-08,1.05115437843072e-05,3.99539092785223e-05,0.263091746818322
"4743","Ibuprofen","15687-27-1","MCF7",20,384,1.36989991098622e-08,4.55820179095165e-06,3.99335640525857e-05,0.114144627435439
"4744","Torasemide","56211-40-6","MCF7",20,384,1.79537823854089e-08,8.12513110057223e-06,3.99484708512219e-05,0.20339029072808
"4745","Warfarin","81-81-2","MCF7",20,384,1.23418772949856e-08,1.75266550722578e-05,3.99599642108658e-05,0.438605374613724
"4746","di-n-butylphthalate","84-74-2","MCF7",20,384,3.12234932164588e-08,7.11702727370978e-07,3.9887731560073e-05,0.0178426473387968
"4747","hexachlorophene","70-30-4","MCF7",20,384,6.20905663101967e-08,2.16045555815134e-10,3.9847405833597e-05,5.42182235695194e-06
"4748","hexamethylenetetramine","100-97-0","MCF7",20,384,7.08118707566117e-09,3.54517669176578e-05,3.99491100273054e-05,0.887423196497402
"4749","Malathion","121-75-5","MCF7",20,384,1.34353012480572e-08,2.26251797287239e-05,3.99593235142445e-05,0.566205274237403
"4750","pentachlorophenol","87-86-5","MCF7",20,384,3.27322223322771e-08,1.81821360373877e-07,3.98771033034937e-05,0.00455954282812582
"4751","2,2,2-trichloroethanol","115-20-8","MCF7",20,384,7.22296116317112e-09,3.31614526734052e-05,3.99378345057998e-05,0.830326758667636
"4752","diethylphthalate","84-66-2","MCF7",20,384,8.9511895701736e-09,2.14558589565104e-05,3.9959687374379e-05,0.536937608032121
"4753","4-chlorophenol","106-48-9","MCF7",20,384,5.20762976898649e-09,2.21893817763612e-05,3.99585028842305e-05,0.555310639156057
"4754","permethrin","52645-53-1","MCF7",20,384,5.61207812418416e-08,4.03882292063747e-09,3.98565749602958e-05,0.000101333918548216
"4755","Aniline","62-53-3","MCF7",20,384,4.7059933125976e-09,3.53784732095846e-05,3.9944406083336e-05,0.885692808544319
"4756","4-fluoroaniline","371-40-4","MCF7",20,384,5.57801073332799e-09,3.49877561579588e-05,3.99483097190019e-05,0.875825695857074
"4757","2,4,6-trichlorophenol","6/2/1988","MCF7",20,384,1.27369365902835e-08,4.88872314904236e-06,3.99350253463187e-05,0.122416928664677
"4758","Allyl alcohol","107-18-6","MCF7",20,384,2.93275010132086e-09,3.54297369021092e-05,3.99369912190348e-05,0.887140864162611
"4759","N-methylaniline","100-61-8","MCF7",20,384,4.97195039956159e-09,3.11047679494195e-05,3.99340575607017e-05,0.77890326827267
"4760","3,4-dichloroaniline","95-76-1","MCF7",20,384,6.48103506886315e-09,1.76793161555681e-05,3.99597813550853e-05,0.442427750003647
"4761","4-decylaniline","37529-30-9","MCF7",20,384,3.29888237268367e-08,6.67688031859004e-09,3.9858644006459e-05,0.000167513985611454
"4762","naphthalene","91-20-3","MCF7",20,384,6.27680011423236e-09,8.90561100922881e-06,3.96737795638786e-05,0.22447095051506
"4763","1,2,4-trichlorobenzene","120-82-1","MCF7",20,384,1.4366012102194e-08,2.77601888824647e-06,3.96417941560972e-05,0.0700275794106432
"4764","1,2-dichlorobenzene","95-50-1","MCF7",20,384,7.68729211618773e-09,7.25596209118369e-06,3.89600637880125e-05,0.186241021849052
"4765","dichloromethane","9/2/1975","MCF7",20,384,3.51576590339611e-09,2.87076718997104e-05,3.33658984373403e-05,0.86038959669023
"4766","tetrachloroethylene","127-18-4","MCF7",20,384,7.01126826644073e-09,6.25768106168748e-06,3.21389893417464e-05,0.194706840191741
"4767","2,3-dimethyl-1,3-butadiene","513-81-5","MCF7",20,384,1.84335680379555e-09,6.16422826984881e-06,2.04859929192631e-05,0.300899658324716
"4768","cyclosporine A","59865-13-3","MCF7",20,384,4.99663888636056e-08,1.41984311346909e-05,3.9958451687647e-05,0.355329862269921
"4769","chlorpromazine","50-53-3","MCF7",20,384,4.08621956837604e-08,8.25757932206582e-08,3.9871849049904e-05,0.0020710299418847
"4770","PBDE 47","5436-43-1","MCF7",20,384,7.1235700430391e-08,1.6938793206977e-09,3.98533165469987e-05,4.25028446177152e-05
"4771","PBDE 99","60348-60-9","MCF7",20,384,8.52772486984587e-08,4.02536449078606e-10,3.98489690112113e-05,1.01015524131968e-05
"4772","PBDE 153","68631-49-2","MCF7",20,384,9.96432167955006e-08,7.7833150864766e-11,3.98451489273055e-05,1.95339088848097e-06
"4773","amiodarone","1951-25-3","MCF7",20,384,9.86009302568625e-08,1.98448844515908e-10,3.98472037629491e-05,4.98024518097882e-06
"4774","PFBS","375-73-5","MCF7",20,384,1.43285396244856e-08,3.25370263785991e-05,3.99522534374695e-05,0.814397776824373
"4775","4:2 FTS","757124-72-4","MCF7",20,384,1.49479217158699e-08,3.0132643388025e-05,3.99544473759639e-05,0.754174950900521
"4776","PFNA","375-95-1","MCF7",20,384,6.41279496932229e-08,1.33873967499316e-08,3.98618170354865e-05,0.000335845120607866
"4777","PFHxA","307-24-4","MCF7",20,384,2.85859412369512e-08,1.8093789957809e-06,3.99089764347576e-05,0.0453376447461348
"4778","PFBA","375-22-4","MCF7",20,384,9.79885271702110e-09,3.0454671078477e-05,3.98462651299094e-05,0.764304282451232
"4779","PFOA","335-67-1","MCF7",20,384,3.61308945597229e-08,2.09957585907731e-06,3.9912742033241e-05,0.052604149755702
"4780","6:2 FTS","27619-97-2","MCF7",20,384,1.80573333284723e-08,1.34611337269067e-05,3.99578265470601e-05,0.336883531716945
"4781","8:2 FTS","39108-34-4","MCF7",20,384,4.75097562694638e-08,1.88863110282589e-06,3.99100500636431e-05,0.0473221932774868
"4782","PFUnDA","2058-94-8","MCF7",20,384,7.70238074926893e-08,1.86731805994347e-08,3.98634547540251e-05,0.000468428557300323
"4783","PFOS","1763-23-1","MCF7",20,384,6.8290373595319e-08,1.86731805994661e-08,3.98634547540922e-05,0.000468428557300323
"4784","PFHpA","375-85-9","MCF7",20,384,2.09236976379737e-08,6.37645246014262e-06,3.99425266934298e-05,0.159640688459288
"4785","PFPeA","2706-90-3","MCF7",20,384,1.08009373712293e-08,2.31988180340906e-05,3.99590946214057e-05,0.580564155767013
"4786","PFHxS","355-46-4","MCF7",20,384,1.60276019710161e-08,1.73739162180799e-05,3.99599417708949e-05,0.43478332169979
"4787","PFDA","335-76-2","MCF7",20,384,7.31485608427782e-08,5.34097444120619e-09,3.9857709771304e-05,0.000134001036985108
"4788","Azathioprine","446-86-6","MCF7",20,384,1.4004526935189e-08,3.54425276090673e-05,3.99493667762264e-05,0.887186217683902
"4789","Benzocaine","94-09-7","MCF7",20,384,7.37720259755765e-09,2.90659088567923e-05,3.99553350397078e-05,0.727460020743324
"4790","Butylated hydroxyanisole","25013-16-5","MCF7",20,384,NA,NA,NA,NA
"4791","Cetirizine dihydrochloride","83881-52-1","MCF7",20,384,1.9647777078588e-08,3.54084506156465e-05,3.99494770270169e-05,0.886330767026075
"4792","Cyclamate","139-05-9","MCF7",20,384,9.05360889830992e-09,3.54505326920971e-05,3.99494534869169e-05,0.887384672326164
"4793","Cyclophosphamide","6055-19-2","MCF7",20,384,1.31898268486765e-08,3.5408243867488e-05,3.99468593341551e-05,0.886383672150505
"4794","Cypermethrin","67375-30-8","MCF7",20,384,6.0247993814762e-08,2.88650591103625e-09,3.9855277458449e-05,7.24246848876053e-05
"4795","DEET","134-62-3","MCF7",20,384,8.01325204167204e-09,2.51367805002588e-05,3.99578480460283e-05,0.629082438856647
"4796","Dexamethasone","50-02-2","MCF7",20,384,1.73153363347895e-08,2.83879484782249e-05,3.99558798645431e-05,0.71048237642281
"4797","Digoxin","20830-75-5","MCF7",20,384,3.86556199390073e-08,3.4307792716167e-05,3.99505008444422e-05,0.858757512196242
"4798","Fenazaquin","120928-09-8","MCF7",20,384,3.97821352298829e-08,6.27974563744155e-08,3.98701567527887e-05,0.00157504914675369
"4799","Fenbuconazole","114369-43-6","MCF7",20,384,1.5945634206855e-08,9.85322216327661e-06,3.99499470720958e-05,0.246639179408547
"4800","Fluazinam","79622-59-6","MCF7",20,384,3.75787641795238e-08,2.68603932018937e-06,3.99192010889612e-05,0.0672869007123526
"4801","Furosemide","54-31-9","MCF7",20,384,1.42695239081822e-08,2.70727920854964e-05,3.99568552842534e-05,0.677550620360394
"4802","Glybenclamide","10238-21-8","MCF7",20,384,5.80341513652392e-08,3.76187859180091e-07,3.98825219561063e-05,0.0094323989740196
"4803","HC Red 3","1/4/2871","MCF7",20,384,9.96014491271571e-09,3.54416996575947e-05,3.99492661952299e-05,0.887167726295471
"4804","Hydralazine hydrochloride","304-20-1","MCF7",20,384,8.09279784535332e-09,3.54072565811532e-05,3.99493675372676e-05,0.886303307508506
"4805","Ketoconazole","65277-42-1","MCF7",20,384,5.2587034804743e-08,1.30018781553986e-06,3.99010420604143e-05,0.0325853097663775
"4806","Metformin","1115-70-4","MCF7",20,384,6.52406476405329e-09,3.54514966577859e-05,3.99494796079139e-05,0.887408221727198
"4807","Metoclopramide","364-62-5","MCF7",20,384,1.19637835079936e-08,1.87476495369084e-05,3.99600938533647e-05,0.469159296915161
"4808","Nitrofurantoin","67-20-9","MCF7",20,384,1.20296810008009e-08,3.54499305351854e-05,3.99494528376272e-05,0.887369613778445
"4809","Oxytetracycline hydrochloride","2058-46-0","MCF7",20,384,2.3257220392202e-08,3.54522780099225e-05,3.99494880090308e-05,0.887427593612923
"4810","Panthenol","16485-10-2 ","MCF7",20,384,1.03674847740497e-08,3.54515350780682e-05,3.99494597142587e-05,0.887409625352577
"4811","Paracetamol","103-90-2","MCF7",20,384,7.6356574174764e-09,3.54288986222911e-05,3.99494718375223e-05,0.88684272889472
"4812","Topiramate","97240-79-4","MCF7",20,384,1.71417077429255e-08,3.54521760096537e-05,3.99494647306295e-05,0.887425557481183
"4813","Trimellitic anhydride","552-30-7","MCF7",20,384,9.23347297424717e-09,3.28608670838843e-05,3.99519414824465e-05,0.822509892249472
"4814","Verapamil hydrochloride","152-11-4","MCF7",20,384,4.79809476803201e-08,9.64803626446731e-07,3.9894422663104e-05,0.0241839225145379
"4815","Warfarin","129-06-6","MCF7",20,384,1.23726737535615e-08,2.08617747702541e-05,3.99598719208769e-05,0.522068109016009
"4816","2,4-Dinitrophenol","51-28-5","HCT116",20,384,4.5406206116669e-09,3.10414830731796e-05,3.99751487325486e-05,0.776519514182695
"4817","Aldrin","309-00-2","HCT116",20,384,7.0670568381807e-08,4.0337305601933e-09,3.9806321693501e-05,0.000101333918548216
"4818","Azinphos-methyl","86-50-0","HCT116",20,384,1.56863031794513e-08,1.67594753763132e-05,3.99504481404274e-05,0.419506567671106
"4819","Chlorpyrifos","2921-88-2","HCT116",20,384,5.8378422583584e-08,2.79714026185139e-07,3.98334272147298e-05,0.00702209289392265
"4820","DDD-p,p'","50-29-3","HCT116",20,384,7.03020672904635e-08,1.27719831665881e-09,3.98016803472424e-05,3.20890551734533e-05
"4821","DDT-o,p'","789-02-6","HCT116",20,384,6.89137279152598e-08,3.41033700447457e-09,3.98055940886652e-05,8.56748173856718e-05
"4822","DDT-p,p'","72-54-8","HCT116",20,384,6.03334334837697e-08,1.16369365989207e-08,3.98114761514979e-05,0.000292301057982318
"4823","Diazinon","333-41-5","HCT116",20,384,3.25811654748298e-08,3.94222055147979e-06,3.98929169937135e-05,0.0988200625213999
"4824","Dicofol","115-32-2","HCT116",20,384,6.22249610350395e-08,2.37967186788547e-07,3.98320468312682e-05,0.00597426458641695
"4825","Dieldrin","60-57-1","HCT116",20,384,6.48525922535286e-08,1.81604939905385e-07,3.98296379157014e-05,0.00455954282812582
"4826","Disulfoton","298-04-4","HCT116",20,384,3.32156775109698e-08,2.6299225949255e-06,3.98780649473632e-05,0.0659491025554235
"4827","Endosulfan I","115-29-7","HCT116",20,384,4.40979072588403e-08,3.79861488978622e-06,3.98851364673628e-05,0.0952388590394958
"4828","Endrin","72-20-8","HCT116",20,384,6.73315731668971e-08,7.80855358239132e-08,3.98231897716696e-05,0.0019608056580004
"4829","Ethion","563-12-2","HCT116",20,384,6.50229392826088e-08,2.0791297317632e-07,3.98308741953518e-05,0.00521989480212269
"4830","Heptachlor","76-44-8","HCT116",20,384,7.0267099449932e-08,1.23018211191822e-08,3.98115219415559e-05,0.000309001528181754
"4831","Heptachlor epoxide B","1024-57-3","HCT116",20,384,6.50155164171934e-08,2.65052560339151e-07,3.98326082946465e-05,0.0066541602894424
"4832","Lindane","58-89-9","HCT116",20,384,2.93981785056285e-08,4.63510518128673e-06,3.98978744765444e-05,0.116174238404897
"4833","Methoxychlor-o,p'","72-43-5","HCT116",20,384,5.85354874131028e-08,2.02367257727985e-07,3.98306480758031e-05,0.00508069206764731
"4834","Parathion","56-38-2","HCT116",20,384,3.15681247838049e-08,3.79922429983625e-06,3.98915352215707e-05,0.0952388590394958
"4835","Trifluralin","1582-09-8","HCT116",20,384,5.86616671828631e-08,9.98519431093504e-08,3.98243119138706e-05,0.00250731119536488
"4836","Eugenol F","97-53-0","HCT116",20,384,5.76127827646558e-09,2.39075545568652e-05,3.99645425692262e-05,0.598219146771234
"4837","Methyl-antranilate","134-20-3","HCT116",20,384,4.16969380576859e-09,2.88552442324546e-05,3.99723930052839e-05,0.72187932878175
"4838","Lilyfore","285977-85-7","HCT116",20,384,1.26594136477839e-08,9.71875211976649e-06,3.99276871329488e-05,0.243408842776331
"4839","Damascone beta","23726-91-2","HCT116",20,384,2.65926552801094e-08,1.48383883389524e-06,3.98277399363185e-05,0.0372564156607375
"4840","Veloutone","14595-54-1","HCT116",20,384,3.86303626062328e-08,1.17593095924262e-07,3.98247685705545e-05,0.00295276281934776
"4841","Verdox","82356-51-2","HCT116",20,384,NA,NA,NA,NA
"4842","Nirvanol","1506-02-1","HCT116",20,384,NA,NA,NA,NA
"4843","Cetalox","3738-00-9","HCT116",20,384,4.16369865275807e-08,8.47442465113193e-08,3.98155816815714e-05,0.00212841914979589
"4844","Tonalide","21145-77-7","HCT116",20,384,4.69692066023025e-08,3.72064874806962e-08,3.9818104574656e-05,0.000934411315609884
"4845","Caffeine","8/2/1958","HCT116",20,384,3.71904063285359e-09,3.54703146413461e-05,3.99769612655066e-05,0.887268904851729
"4846","Lamotrigine","84057-84-1","HCT116",20,384,1.10801241546325e-08,1.95058617862677e-05,3.99567319373633e-05,0.488174603890161
"4847","Diclofenac","15307-79-6","HCT116",20,384,5.69102438436128e-09,3.54377942270549e-05,3.9980782908677e-05,0.886370692339892
"4848","2,4-Dichlorophenoxyacetic","94-75-7","HCT116",20,384,1.14331769221877e-08,1.58463399407705e-05,3.99482722224239e-05,0.396671471860942
"4849","(S)-Naproxen","22204-53-1","HCT116",20,384,1.58032704736712e-08,1.05056130758996e-05,3.99313669202792e-05,0.263091746818322
"4850","Ibuprofen","15687-27-1","HCT116",20,384,2.09880542785388e-08,4.55416840943457e-06,3.98982283420255e-05,0.114144627435439
"4851","Torasemide","56211-40-6","HCT116",20,384,2.75790691191144e-08,8.11951233623223e-06,3.99208453223931e-05,0.20339029072808
"4852","Warfarin","81-81-2","HCT116",20,384,1.46816642337006e-08,1.75233266806835e-05,3.99523756317764e-05,0.438605374613724
"4853","di-n-butylphthalate","84-74-2","HCT116",20,384,4.37275022345185e-08,7.1090117487417e-07,3.98428081537203e-05,0.0178426473387968
"4854","hexachlorophene","70-30-4","HCT116",20,384,8.29714001561921e-08,2.15767324869524e-10,3.97960889649701e-05,5.42182235695194e-06
"4855","hexamethylenetetramine","100-97-0","HCT116",20,384,2.6841841620948e-09,3.5479600325175e-05,3.99804743274804e-05,0.887423196497402
"4856","Malathion","121-75-5","HCT116",20,384,1.23193702782278e-08,2.2627092326752e-05,3.99627014376145e-05,0.566205274237402
"4857","pentachlorophenol","87-86-5","HCT116",20,384,4.5346367027267e-08,1.81605415591648e-07,3.98297422433241e-05,0.00455954282812582
"4858","2,2,2-trichloroethanol","115-20-8","HCT116",20,384,3.27958534295419e-09,3.31833613608596e-05,3.99642201271539e-05,0.830326758667636
"4859","diethylphthalate","84-66-2","HCT116",20,384,8.76143345421155e-09,2.14563174117897e-05,3.99605412078085e-05,0.536937608032121
"4860","4-chlorophenol","106-48-9","HCT116",20,384,4.89424261228478e-09,2.21907354081953e-05,3.99609404961519e-05,0.555310639156057
"4861","permethrin","52645-53-1","HCT116",20,384,7.57794946117211e-08,4.03373182586604e-09,3.98063341836204e-05,0.000101333918548216
"4862","Aniline","62-53-3","HCT116",20,384,1.7947745971192e-09,3.54061562197301e-05,3.99756618526935e-05,0.885692808544319
"4863","4-fluoroaniline","371-40-4","HCT116",20,384,2.19814291576674e-09,3.50143946075201e-05,3.99787249599423e-05,0.875825695857074
"4864","2,4,6-trichlorophenol","6/2/1988","HCT116",20,384,1.95701999738598e-08,4.88448664700221e-06,3.99004181879268e-05,0.122416928664677
"4865","Allyl alcohol","107-18-6","HCT116",20,384,1.11250673386759e-09,3.54575314346612e-05,3.99683216803796e-05,0.887140864162611
"4866","N-methylaniline","100-61-8","HCT116",20,384,2.62812340732089e-09,3.11217975492897e-05,3.99559211226662e-05,0.77890326827267
"4867","3,4-dichloroaniline","95-76-1","HCT116",20,384,7.65752943014072e-09,1.76761035217635e-05,3.99525199800822e-05,0.442427750003647
"4868","4-decylaniline","37529-30-9","HCT116",20,384,4.46554006728485e-08,6.66850671939603e-09,3.98086565432425e-05,0.000167513985611454
"4869","naphthalene","91-20-3","HCT116",20,384,9.56429814181147e-09,8.89989339457017e-06,3.96483080512151e-05,0.22447095051506
"4870","1,2,4-trichlorobenzene","120-82-1","HCT116",20,384,2.1453033058599e-08,2.77330288903914e-06,3.96030094482694e-05,0.0700275794106432
"4871","1,2-dichlorobenzene","95-50-1","HCT116",20,384,1.18583393889747e-08,7.25080825106322e-06,3.89323908292341e-05,0.186241021849052
"4872","dichloromethane","9/2/1975","HCT116",20,384,1.45472030343756e-09,2.87251065862525e-05,3.33861621488137e-05,0.86038959669023
"4873","tetrachloroethylene","127-18-4","HCT116",20,384,1.07973937902324e-08,6.25410549710902e-06,3.21206255052477e-05,0.194706840191741
"4874","2,3-dimethyl-1,3-butadiene","513-81-5","HCT116",20,384,2.65797547290139e-09,6.16269907751989e-06,2.0480910851914e-05,0.300899658324716
"4875","cyclosporine A","59865-13-3","HCT116",20,384,6.76411912561257e-08,1.41932088389365e-05,3.99437546517124e-05,0.355329862269921
"4876","chlorpromazine","50-53-3","HCT116",20,384,5.62378044273163e-08,8.24759269884529e-08,3.98236284857366e-05,0.0020710299418847
"4877","PBDE 47","5436-43-1","HCT116",20,384,9.58288027206287e-08,1.69172761803621e-09,3.98026916375168e-05,4.25028446177152e-05
"4878","PBDE 99","60348-60-9","HCT116",20,384,1.14153207255788e-07,4.02019896811938e-10,3.97978330822433e-05,1.01015524131968e-05
"4879","PBDE 153","68631-49-2","HCT116",20,384,1.32832381585732e-07,7.77324153352964e-11,3.97935793566355e-05,1.95339088848097e-06
"4880","amiodarone","1951-25-3","HCT116",20,384,1.31731082170163e-07,1.981931592184e-10,3.97958638613545e-05,4.98024518097882e-06
"4881","PFBS","375-73-5","HCT116",20,384,6.82539327890053e-09,3.2557388076697e-05,3.9977255590812e-05,0.814397776824373
"4882","4:2 FTS","757124-72-4","HCT116",20,384,8.47738214508522e-09,3.01475143884796e-05,3.9974165613008e-05,0.754174950900521
"4883","PFNA","375-95-1","HCT116",20,384,8.71431031911193e-08,1.337074115819e-08,3.98122239620143e-05,0.000335845120607866
"4884","PFHxA","307-24-4","HCT116",20,384,4.16948512046438e-08,1.8074865357062e-06,3.98672349617432e-05,0.0453376447461348
"4885","PFBA","375-22-4","HCT116",20,384,5.40039317238613e-09,3.04703348709793e-05,3.98667593137861e-05,0.764304282451232
"4886","PFOA","335-67-1","HCT116",20,384,5.31114822690991e-08,2.09741861663327e-06,3.98717330547847e-05,0.052604149755702
"4887","6:2 FTS","27619-97-2","HCT116",20,384,2.50226005145662e-08,1.34556534650257e-05,3.99415590202591e-05,0.336883531716945
"4888","8:2 FTS","39108-34-4","HCT116",20,384,6.94497711021714e-08,1.88666539107243e-06,3.98685111657746e-05,0.0473221932774868
"4889","PFUnDA","2058-94-8","HCT116",20,384,1.04880633004532e-07,1.8650047885583e-08,3.98140710999093e-05,0.000468428557300323
"4890","PFOS","1763-23-1","HCT116",20,384,9.29886205837751e-08,1.86500478857768e-08,3.9814071100323e-05,0.000468428557300323
"4891","PFHpA","375-85-9","HCT116",20,384,3.23461469104486e-08,6.37144370427136e-06,3.99111515100752e-05,0.159640688459288
"4892","PFPeA","2706-90-3","HCT116",20,384,9.58149915711539e-09,2.32014992009388e-05,3.99637128308173e-05,0.580564155767013
"4893","PFHxS","355-46-4","HCT116",20,384,1.9194713365591e-08,1.73704746464144e-05,3.99520261690452e-05,0.43478332169979
"4894","PFDA","335-76-2","HCT116",20,384,9.89055166629417e-08,5.33426058576788e-09,3.98076067602426e-05,0.000134001036985108
"4895","Azathioprine","446-86-6","HCT116",20,384,5.31173703172914e-09,3.54703430158846e-05,3.99807191645558e-05,0.887186217683902
"4896","Benzocaine","94-09-7","HCT116",20,384,4.50587098004195e-09,2.90785535606906e-05,3.99727170312094e-05,0.727460020743324
"4897","Butylated hydroxyanisole","25013-16-5","HCT116",20,384,NA,NA,NA,NA
"4898","Cetirizine dihydrochloride","83881-52-1","HCT116",20,384,7.47443596668177e-09,3.54361952393042e-05,3.99807798145201e-05,0.886330767026075
"4899","Cyclamate","139-05-9","HCT116",20,384,3.43210046602977e-09,3.54783637342511e-05,3.99808164831709e-05,0.887384672326164
"4900","Cyclophosphamide","6055-19-2","HCT116",20,384,5.0166852662846e-09,3.54359893334389e-05,3.99781612035629e-05,0.886383672150505
"4901","Cypermethrin","67375-30-8","HCT116",20,384,8.1228223861807e-08,2.88285593134413e-09,3.98048805572021e-05,7.24246848876053e-05
"4902","DEET","134-62-3","HCT116",20,384,6.3265075999801e-09,2.51423281265975e-05,3.99666666459384e-05,0.629082438856647
"4903","Dexamethasone","50-02-2","HCT116",20,384,1.10753345872537e-08,2.83992449447585e-05,3.99717795784678e-05,0.71048237642281
"4904","Digoxin","20830-75-5","HCT116",20,384,1.60785518967709e-08,3.43326194975188e-05,3.99794109628391e-05,0.858757512196242
"4905","Fenazaquin","120928-09-8","HCT116",20,384,5.46333990061669e-08,6.27211134658892e-08,3.98216865773128e-05,0.00157504914675369
"4906","Fenbuconazole","114369-43-6","HCT116",20,384,2.40090462774659e-08,9.84731806510317e-06,3.99260088714109e-05,0.246639179408547
"4907","Fluazinam","79622-59-6","HCT116",20,384,5.59914703750736e-08,2.68337546166663e-06,3.98796115329772e-05,0.0672869007123526
"4908","Furosemide","54-31-9","HCT116",20,384,9.96003458906212e-09,2.708162046164e-05,3.99698851242068e-05,0.677550620360394
"4909","Glybenclamide","10238-21-8","HCT116",20,384,8.08968240162174e-08,3.75751321016501e-07,3.98362412416462e-05,0.0094323989740196
"4910","HC Red 3","1/4/2871","HCT116",20,384,3.77796430827309e-09,3.54695134434801e-05,3.99806174099564e-05,0.887167726295471
"4911","Hydralazine hydrochloride","304-20-1","HCT116",20,384,3.07899661639303e-09,3.54349987240729e-05,3.99806684956242e-05,0.886303307508506
"4912","Ketoconazole","65277-42-1","HCT116",20,384,7.54944377473511e-08,1.29878321897788e-06,3.9857936852207e-05,0.0325853097663775
"4913","Metformin","1115-70-4","HCT116",20,384,2.47306600122679e-09,3.54793294915407e-05,3.99808437907932e-05,0.887408221727198
"4914","Metoclopramide","364-62-5","HCT116",20,384,1.34542131875551e-08,1.87453171521713e-05,3.99551224401315e-05,0.469159296915161
"4915","Nitrofurantoin","67-20-9","HCT116",20,384,4.56044232438281e-09,3.54777604370446e-05,3.99808150810791e-05,0.887369613778445
"4916","Oxytetracycline hydrochloride","2058-46-0","HCT116",20,384,8.8157917929945e-09,3.54801122566469e-05,3.99808530994615e-05,0.887427593612923
"4917","Panthenol","16485-10-2 ","HCT116",20,384,3.92997431800258e-09,3.54793679873265e-05,3.99808239326119e-05,0.887409625352577
"4918","Paracetamol","103-90-2","HCT116",20,384,2.89934204465971e-09,3.54566861675018e-05,3.99808049525217e-05,0.88684272889472
"4919","Topiramate","97240-79-4","HCT116",20,384,6.49768746706121e-09,3.54800100799453e-05,3.99808296942108e-05,0.887425557481183
"4920","Trimellitic anhydride","552-30-7","HCT116",20,384,4.29269963344184e-09,3.28820185695524e-05,3.99776572651592e-05,0.822509892249472
"4921","Verapamil hydrochloride","152-11-4","HCT116",20,384,6.80260156220839e-08,9.63737264847509e-07,3.98503288400866e-05,0.0241839225145379
"4922","Warfarin","129-06-6","HCT116",20,384,1.25041789494786e-08,2.08615521041457e-05,3.99594454131002e-05,0.522068109016009
"4923","2,4-Dinitrophenol","51-28-5","HEK293T",20,384,1.07132785089115e-08,3.10154488182083e-05,3.99416218803629e-05,0.776519514182695
"4924","Aldrin","309-00-2","HEK293T",20,384,8.00803807453792e-08,4.03111749708618e-09,3.97805350354445e-05,0.000101333918548216
"4925","Azinphos-methyl","86-50-0","HEK293T",20,384,2.89062659574394e-08,1.67419982403313e-05,3.99087869667324e-05,0.419506567671106
"4926","Chlorpyrifos","2921-88-2","HEK293T",20,384,6.84099600673523e-08,2.79513101206432e-07,3.98048139534497e-05,0.00702209289392265
"4927","DDD-p,p'","50-29-3","HEK293T",20,384,7.9252582712848e-08,1.27638810035408e-09,3.97764313550127e-05,3.20890551734533e-05
"4928","DDT-o,p'","789-02-6","HEK293T",20,384,7.80249770091676e-08,3.40813495495355e-09,3.97798916758885e-05,8.56748173856718e-05
"4929","DDT-p,p'","72-54-8","HEK293T",20,384,6.87717413581997e-08,1.16292296687324e-08,3.97851097392741e-05,0.000292301057982318
"4930","Diazinon","333-41-5","HEK293T",20,384,4.42445302060525e-08,3.93843355127494e-06,3.98545948139028e-05,0.0988200625213999
"4931","Dicofol","115-32-2","HEK293T",20,384,7.27775275842411e-08,2.37797023404796e-07,3.9803564098157e-05,0.00597426458641695
"4932","Dieldrin","60-57-1","HEK293T",20,384,7.56198752829966e-08,1.81476054448957e-07,3.98013707272384e-05,0.00455954282812582
"4933","Disulfoton","298-04-4","HEK293T",20,384,4.30898578292443e-08,2.62754949415142e-06,3.98420811252622e-05,0.0659491025554235
"4934","Endosulfan I","115-29-7","HEK293T",20,384,5.96037635645545e-08,3.79498645369448e-06,3.98470381939444e-05,0.0952388590394958
"4935","Endrin","72-20-8","HEK293T",20,384,7.78538582030619e-08,7.80313704465255e-08,3.97955657299056e-05,0.0019608056580004
"4936","Ethion","563-12-2","HEK293T",20,384,7.59324187545926e-08,2.0776486059615e-07,3.98024995660183e-05,0.00521989480212269
"4937","Heptachlor","76-44-8","HEK293T",20,384,8.01223746869608e-08,1.22936638397878e-08,3.97851231096718e-05,0.000309001528181754
"4938","Heptachlor epoxide B","1024-57-3","HEK293T",20,384,7.61381652194729e-08,2.64862456687676e-07,3.98040391524549e-05,0.0066541602894424
"4939","Lindane","58-89-9","HEK293T",20,384,4.08079107172826e-08,4.63054759667854e-06,3.98586438805813e-05,0.116174238404897
"4940","Methoxychlor-o,p'","72-43-5","HEK293T",20,384,6.83357401262911e-08,2.02223204306337e-07,3.98022949656895e-05,0.00508069206764731
"4941","Parathion","56-38-2","HEK293T",20,384,4.26682097696224e-08,3.79559469972574e-06,3.98534247260532e-05,0.0952388590394958
"4942","Trifluralin","1582-09-8","HEK293T",20,384,6.79844662213599e-08,9.97822260570365e-08,3.97965064095348e-05,0.00250731119536488
"4943","Eugenol F","97-53-0","HEK293T",20,384,1.20530903094388e-08,2.38846322210577e-05,3.9926224946109e-05,0.598219146771234
"4944","Methyl-antranilate","134-20-3","HEK293T",20,384,9.47706015084718e-09,2.88298984008081e-05,3.99372821070548e-05,0.72187932878175
"4945","Lilyfore","285977-85-7","HEK293T",20,384,2.01204525057864e-08,9.7084482292323e-06,3.98853555133714e-05,0.243408842776331
"4946","Damascone beta","23726-91-2","HEK293T",20,384,3.29067560525003e-08,1.48261657557395e-06,3.97949332827634e-05,0.0372564156607375
"4947","Veloutone","14595-54-1","HEK293T",20,384,4.48409652739965e-08,1.17510630928869e-07,3.97968404908412e-05,0.00295276281934776
"4948","Verdox","82356-51-2","HEK293T",20,384,NA,NA,NA,NA
"4949","Nirvanol","1506-02-1","HEK293T",20,384,NA,NA,NA,NA
"4950","Cetalox","3738-00-9","HEK293T",20,384,4.81799724725802e-08,8.46853467269548e-08,3.97879086621992e-05,0.00212841914979589
"4951","Tonalide","21145-77-7","HEK293T",20,384,5.39721348616319e-08,3.71811639727477e-08,3.97910035458847e-05,0.000934411315609884
"4952","Caffeine","8/2/1958","HEK293T",20,384,9.58518147249244e-09,3.54435144028569e-05,3.99467559485586e-05,0.887268904851729
"4953","Lamotrigine","84057-84-1","HEK293T",20,384,2.14781931166179e-08,1.94860403445441e-05,3.99161287565227e-05,0.488174603890161
"4954","Diclofenac","15307-79-6","HEK293T",20,384,1.46315642711789e-08,3.54110353803525e-05,3.99505936809265e-05,0.886370692339891
"4955","2,4-Dichlorophenoxyacetic","94-75-7","HEK293T",20,384,2.07024599632861e-08,1.58297055766922e-05,3.99063373587942e-05,0.396671471860942
"4956","(S)-Naproxen","22204-53-1","HEK293T",20,384,2.5580139625662e-08,1.04944421669263e-05,3.98889067933141e-05,0.263091746818322
"4957","Ibuprofen","15687-27-1","HEK293T",20,384,2.90608594131791e-08,4.54970134172943e-06,3.98590931868674e-05,0.114144627435439
"4958","Torasemide","56211-40-6","HEK293T",20,384,4.21584901346581e-08,8.11100159436143e-06,3.98790009362116e-05,0.20339029072808
"4959","Warfarin","81-81-2","HEK293T",20,384,2.7446774484931e-08,1.75051680686241e-05,3.99109748348177e-05,0.438605374613724
"4960","di-n-butylphthalate","84-74-2","HEK293T",20,384,5.19059826648481e-08,7.10376904549969e-07,3.98134251639517e-05,0.0178426473387968
"4961","hexachlorophene","70-30-4","HEK293T",20,384,9.29747694638363e-08,2.15634032927103e-10,3.97715046216174e-05,5.42182235695194e-06
"4962","hexamethylenetetramine","100-97-0","HEK293T",20,384,6.92004294263006e-09,3.54527869739124e-05,3.99502594859388e-05,0.887423196497402
"4963","Malathion","121-75-5","HEK293T",20,384,2.52188452456988e-08,2.2604983871228e-05,3.99236547234105e-05,0.566205274237402
"4964","pentachlorophenol","87-86-5","HEK293T",20,384,5.28750893934363e-08,1.81476529462226e-07,3.98014749072598e-05,0.00455954282812582
"4965","2,2,2-trichloroethanol","115-20-8","HEK293T",20,384,8.04147606878491e-09,3.3156905151668e-05,3.99323577200769e-05,0.830326758667636
"4966","diethylphthalate","84-66-2","HEK293T",20,384,1.75775084581199e-08,2.14350175646677e-05,3.99208720790246e-05,0.536937608032121
"4967","4-chlorophenol","106-48-9","HEK293T",20,384,9.94440390470199e-09,2.21689219449747e-05,3.9921658945102e-05,0.555310639156057
"4968","permethrin","52645-53-1","HEK293T",20,384,8.58695623782066e-08,4.03111876111919e-09,3.97805475093825e-05,0.000101333918548216
"4969","Aniline","62-53-3","HEK293T",20,384,4.60449234774056e-09,3.53794383903265e-05,3.99454958299531e-05,0.885692808544319
"4970","4-fluoroaniline","371-40-4","HEK293T",20,384,5.58022260883277e-09,3.49877387250486e-05,3.99482898144589e-05,0.875825695857074
"4971","2,4,6-trichlorophenol","6/2/1988","HEK293T",20,384,2.73730844471381e-08,4.87964899714538e-06,3.98609003703374e-05,0.122416928664677
"4972","Allyl alcohol","107-18-6","HEK293T",20,384,2.86643171389577e-09,3.54307495626199e-05,3.9938132706877e-05,0.887140864162611
"4973","N-methylaniline","100-61-8","HEK293T",20,384,6.21119135098323e-09,3.10957639667857e-05,3.99224977393471e-05,0.77890326827267
"4974","3,4-dichloroaniline","95-76-1","HEK293T",20,384,1.43562687873307e-08,1.76578113845028e-05,3.99111750661147e-05,0.442427750003647
"4975","4-decylaniline","37529-30-9","HEK293T",20,384,5.07355065857528e-08,6.6641427682892e-09,3.978260527898e-05,0.000167513985611454
"4976","naphthalene","91-20-3","HEK293T",20,384,1.49284694004586e-08,8.89056403095558e-06,3.9606746487934e-05,0.22447095051506
"4977","1,2,4-trichlorobenzene","120-82-1","HEK293T",20,384,2.7999524681219e-08,2.77079403997379e-06,3.9567182862709e-05,0.0700275794106432
"4978","1,2-dichlorobenzene","95-50-1","HEK293T",20,384,1.78121789138057e-08,7.24345155258583e-06,3.88928898728693e-05,0.186241021849052
"4979","dichloromethane","9/2/1975","HEK293T",20,384,3.64913359935036e-09,2.87065437228369e-05,3.33645871977835e-05,0.86038959669023
"4980","tetrachloroethylene","127-18-4","HEK293T",20,384,1.63637800981872e-08,6.24884867875297e-06,3.20936268730945e-05,0.194706840191741
"4981","2,3-dimethyl-1,3-butadiene","513-81-5","HEK293T",20,384,4.4519597219157e-09,6.15933143197786e-06,2.04697189297936e-05,0.300899658324716
"4982","cyclosporine A","59865-13-3","HEK293T",20,384,1.18525949782063e-07,1.41781741442088e-05,3.99014427147657e-05,0.355329862269921
"4983","chlorpromazine","50-53-3","HEK293T",20,384,6.5058844761173e-08,8.24186333871702e-08,3.97959641820372e-05,0.0020710299418847
"4984","PBDE 47","5436-43-1","HEK293T",20,384,1.08154272276568e-07,1.69064923657158e-09,3.97773196541983e-05,4.25028446177152e-05
"4985","PBDE 99","60348-60-9","HEK293T",20,384,1.28155126435255e-07,4.01769421210462e-10,3.9773037328954e-05,1.01015524131968e-05
"4986","PBDE 153","68631-49-2","HEK293T",20,384,1.48459410669492e-07,7.76849842818518e-11,3.97692979628171e-05,1.95339088848097e-06
"4987","amiodarone","1951-25-3","HEK293T",20,384,1.47578035393724e-07,1.98070858754389e-10,3.97713067442715e-05,4.98024518097882e-06
"4988","PFBS","375-73-5","HEK293T",20,384,1.65422692160862e-08,3.25310188596811e-05,3.99448767978359e-05,0.814397776824373
"4989","4:2 FTS","757124-72-4","HEK293T",20,384,1.96954149318059e-08,3.01217324009275e-05,3.99399799276822e-05,0.754174950900521
"4990","PFNA","375-95-1","HEK293T",20,384,9.9417423313652e-08,1.33618584858902e-08,3.97857752457614e-05,0.000335845120607866
"4991","PFHxA","307-24-4","HEK293T",20,384,5.23389459515427e-08,1.80594990714617e-06,3.98333419668901e-05,0.0453376447461348
"4992","PFBA","375-22-4","HEK293T",20,384,1.2634429919376e-08,3.04445730219949e-05,3.98330530405441e-05,0.764304282451232
"4993","PFOA","335-67-1","HEK293T",20,384,6.74823069988713e-08,2.09559292287246e-06,3.98370267859962e-05,0.052604149755702
"4994","6:2 FTS","27619-97-2","HEK293T",20,384,4.31877836071193e-08,1.34413611252559e-05,3.98991338542174e-05,0.336883531716945
"4995","8:2 FTS","39108-34-4","HEK293T",20,384,8.74737505762102e-08,1.88505053584347e-06,3.98343864746495e-05,0.0473221932774868
"4996","PFUnDA","2058-94-8","HEK293T",20,384,1.19914740001222e-07,1.86375633440187e-08,3.97874191348024e-05,0.000468428557300323
"4997","PFOS","1763-23-1","HEK293T",20,384,1.06318067891891e-07,1.86375633441199e-08,3.97874191350184e-05,0.000468428557300323
"4998","PFHpA","375-85-9","HEK293T",20,384,4.72230222945634e-08,6.36492017899393e-06,3.98702877093714e-05,0.159640688459288
"4999","PFPeA","2706-90-3","HEK293T",20,384,1.98070752906367e-08,2.31790163268226e-05,3.99249869227625e-05,0.580564155767013
"5000","PFHxS","355-46-4","HEK293T",20,384,3.57813458108575e-08,1.73524506253413e-05,3.99105709885598e-05,0.43478332169979
"5001","PFDA","335-76-2","HEK293T",20,384,1.12236366502415e-07,5.33078574196593e-09,3.97816752907544e-05,0.000134001036985108
"5002","Azathioprine","446-86-6","HEK293T",20,384,1.3687469305282e-08,3.54435421380111e-05,3.99505103117364e-05,0.887186217683902
"5003","Benzocaine","94-09-7","HEK293T",20,384,1.02798189722277e-08,2.9053126381755e-05,3.99377636616626e-05,0.727460020743324
"5004","Butylated hydroxyanisole","25013-16-5","HEK293T",20,384,NA,NA,NA,NA
"5005","Cetirizine dihydrochloride","83881-52-1","HEK293T",20,384,1.92143620756784e-08,3.54094384246656e-05,3.99505915195472e-05,0.886330767026075
"5006","Cyclamate","139-05-9","HEK293T",20,384,8.84770853374019e-09,3.54515520664864e-05,3.99506022270531e-05,0.887384672326164
"5007","Cyclophosphamide","6055-19-2","HEK293T",20,384,1.28983537117477e-08,3.54092333349915e-05,3.99479756312333e-05,0.886383672150505
"5008","Cypermethrin","67375-30-8","HEK293T",20,384,9.18938731245864e-08,2.88100040339027e-09,3.97792604532729e-05,7.24246848876053e-05
"5009","DEET","134-62-3","HEK293T",20,384,1.35130680402986e-08,2.51186918537829e-05,3.99290940300861e-05,0.629082438856647
"5010","Dexamethasone","50-02-2","HEK293T",20,384,2.49800272606384e-08,2.83740728531792e-05,3.99363499993331e-05,0.71048237642281
"5011","Digoxin","20830-75-5","HEK293T",20,384,4.02768794933936e-08,3.43060099046702e-05,3.99484248084582e-05,0.858757512196242
"5012","Fenazaquin","120928-09-8","HEK293T",20,384,6.30487531914274e-08,6.26778543463213e-08,3.97942213266842e-05,0.00157504914675369
"5013","Fenbuconazole","114369-43-6","HEK293T",20,384,3.82751767575305e-08,9.83687228401579e-06,3.98836563907044e-05,0.246639179408547
"5014","Fluazinam","79622-59-6","HEK293T",20,384,7.27816195966126e-08,2.6809463467606e-06,3.9843510674113e-05,0.0672869007123526
"5015","Furosemide","54-31-9","HEK293T",20,384,2.1974419625245e-08,2.70570079142122e-05,3.99335593550491e-05,0.677550620360394
"5016","Glybenclamide","10238-21-8","HEK293T",20,384,9.51510651144174e-08,3.75479151613736e-07,3.98073865034705e-05,0.0094323989740196
"5017","HC Red 3","1/4/2871","HEK293T",20,384,9.7347578351745e-09,3.544271367972e-05,3.99504091832978e-05,0.887167726295471
"5018","Hydralazine hydrochloride","304-20-1","HEK293T",20,384,7.9144419959562e-09,3.54082434518404e-05,3.99504810056241e-05,0.886303307508506
"5019","Ketoconazole","65277-42-1","HEK293T",20,384,9.26017786750825e-08,1.29773426064237e-06,3.98257457101546e-05,0.0325853097663775
"5020","Metformin","1115-70-4","HEK293T",20,384,6.37563151031227e-09,3.54525164848254e-05,3.99506288276468e-05,0.887408221727198
"5021","Metoclopramide","364-62-5","HEK293T",20,384,2.57246256352383e-08,1.87261150907009e-05,3.99141937798734e-05,0.469159296915161
"5022","Nitrofurantoin","67-20-9","HEK293T",20,384,1.17561761795423e-08,3.54509495965199e-05,3.99506012444677e-05,0.887369613778445
"5023","Oxytetracycline hydrochloride","2058-46-0","HEK293T",20,384,2.27279355035074e-08,3.54532981476515e-05,3.99506375537783e-05,0.887427593612923
"5024","Panthenol","16485-10-2 ","HEK293T",20,384,1.01316020979577e-08,3.54525549290127e-05,3.99506089591117e-05,0.887409625352577
"5025","Paracetamol","103-90-2","HEK293T",20,384,7.46444429701478e-09,3.54299031145917e-05,3.99506044986672e-05,0.88684272889472
"5026","Topiramate","97240-79-4","HEK293T",20,384,1.67516082313119e-08,3.54531961183106e-05,3.99506142452544e-05,0.887425557481183
"5027","Trimellitic anhydride","552-30-7","HEK293T",20,384,1.0465424429058e-08,3.28555930909735e-05,3.99455294101292e-05,0.822509892249472
"5028","Verapamil hydrochloride","152-11-4","HEK293T",20,384,8.20269541087473e-08,9.62992440088855e-07,3.98195304963437e-05,0.0241839225145379
"5029","Warfarin","129-06-6","HEK293T",20,384,2.48276032604572e-08,2.08406859320993e-05,3.99194771183777e-05,0.522068109016009
"5030","2,4-Dinitrophenol","51-28-5","HepG2",20,384,4.83105283656728e-09,3.10402581249119e-05,3.99735712470568e-05,0.776519514182695
"5031","Aldrin","309-00-2","HepG2",20,384,1.01141293134649e-07,4.02526897523669e-09,3.97228196926129e-05,0.000101333918548216
"5032","Azinphos-methyl","86-50-0","HepG2",20,384,1.78005849378618e-08,1.67566802406922e-05,3.99437852277667e-05,0.419506567671106
"5033","Chlorpyrifos","2921-88-2","HepG2",20,384,8.24154142071912e-08,2.79232581370803e-07,3.97648657727767e-05,0.00702209289392265
"5034","DDD-p,p'","50-29-3","HepG2",20,384,1.00822585962218e-07,1.27443554594841e-09,3.9715583368211e-05,3.20890551734533e-05
"5035","DDT-o,p'","789-02-6","HepG2",20,384,9.8659846759953e-08,3.40314782260824e-09,3.97216816615868e-05,8.56748173856718e-05
"5036","DDT-p,p'","72-54-8","HepG2",20,384,8.61412306510009e-08,1.16133656533058e-08,3.97308368757539e-05,0.000292301057982318
"5037","Diazinon","333-41-5","HepG2",20,384,4.30971345003372e-08,3.93880610135303e-06,3.98583647981407e-05,0.0988200625213999
"5038","Dicofol","115-32-2","HepG2",20,384,8.79139522743395e-08,2.37552943940668e-07,3.97627089501137e-05,0.00597426458641695
"5039","Dieldrin","60-57-1","HepG2",20,384,9.17397998725324e-08,1.81283097345291e-07,3.97590513301104e-05,0.00455954282812582
"5040","Disulfoton","298-04-4","HepG2",20,384,4.48778709758521e-08,2.6271197738536e-06,3.98355651867404e-05,0.0659491025554235
"5041","Endosulfan I","115-29-7","HepG2",20,384,5.84602048053213e-08,3.79525405122653e-06,3.9849847945497e-05,0.0952388590394958
"5042","Endrin","72-20-8","HepG2",20,384,9.55736390661534e-08,7.7940154656058e-08,3.97490461831594e-05,0.0019608056580004
"5043","Ethion","563-12-2","HepG2",20,384,9.19246842001575e-08,2.07547741562939e-07,3.97609050432471e-05,0.00521989480212269
"5044","Heptachlor","76-44-8","HepG2",20,384,1.00310007793901e-07,1.227695439647e-08,3.9731047508764e-05,0.000309001528181754
"5045","Heptachlor epoxide B","1024-57-3","HepG2",20,384,9.18093132210586e-08,2.64594611980924e-07,3.97637869350298e-05,0.0066541602894424
"5046","Lindane","58-89-9","HepG2",20,384,3.84823812545977e-08,4.63147652278064e-06,3.98666398538268e-05,0.116174238404897
"5047","Methoxychlor-o,p'","72-43-5","HepG2",20,384,8.27634065914399e-08,2.02011132780965e-07,3.97605542889179e-05,0.00508069206764731
"5048","Parathion","56-38-2","HepG2",20,384,4.18495772917877e-08,3.79586238331613e-06,3.98562353812111e-05,0.0952388590394958
"5049","Trifluralin","1582-09-8","HepG2",20,384,8.31892642523896e-08,9.96685226923582e-08,3.97511576850172e-05,0.00250731119536488
"5050","Eugenol F","97-53-0","HepG2",20,384,6.21382275612662e-09,2.39059058463455e-05,3.99617865382156e-05,0.598219146771234
"5051","Methyl-antranilate","134-20-3","HepG2",20,384,4.43285072028304e-09,2.88539875016364e-05,3.99706520899146e-05,0.72187932878175
"5052","Lilyfore","285977-85-7","HepG2",20,384,1.54854424638067e-08,9.71484929982988e-06,3.99116531224663e-05,0.243408842776331
"5053","Damascone beta","23726-91-2","HepG2",20,384,3.6692837841853e-08,1.4818836809976e-06,3.97752616486743e-05,0.0372564156607375
"5054","Veloutone","14595-54-1","HepG2",20,384,5.47468760795025e-08,1.1737909926627e-07,3.97522952054097e-05,0.00295276281934776
"5055","Verdox","82356-51-2","HepG2",20,384,NA,NA,NA,NA
"5056","Nirvanol","1506-02-1","HepG2",20,384,NA,NA,NA,NA
"5057","Cetalox","3738-00-9","HepG2",20,384,5.90834076827839e-08,8.45871942931664e-08,3.97417934814568e-05,0.0021284191497959
"5058","Tonalide","21145-77-7","HepG2",20,384,6.68403681305645e-08,3.71346307501155e-08,3.97412040391206e-05,0.000934411315609884
"5059","Caffeine","8/2/1958","HepG2",20,384,4.01215627415101e-09,3.54689755038608e-05,3.99754519851995e-05,0.887268904851729
"5060","Lamotrigine","84057-84-1","HepG2",20,384,1.22873131280618e-08,1.95035605681041e-05,3.99520180129902e-05,0.488174603890161
"5061","Diclofenac","15307-79-6","HepG2",20,384,6.14862404371318e-09,3.54364246409571e-05,3.99792377469183e-05,0.886370692339892
"5062","2,4-Dichlorophenoxyacetic","94-75-7","HepG2",20,384,1.30849365417457e-08,1.58433757448343e-05,3.9940799550083e-05,0.396671471860942
"5063","(S)-Naproxen","22204-53-1","HepG2",20,384,1.91497865456541e-08,1.05017893952346e-05,3.99168332805462e-05,0.263091746818322
"5064","Ibuprofen","15687-27-1","HepG2",20,384,2.75065200848875e-08,4.55056143163478e-06,3.98666282756813e-05,0.114144627435439
"5065","Torasemide","56211-40-6","HepG2",20,384,3.44158525325006e-08,8.11552136173933e-06,3.99012230755365e-05,0.20339029072808
"5066","Warfarin","81-81-2","HepG2",20,384,1.65476872441047e-08,1.75206722275231e-05,3.99463236011491e-05,0.438605374613724
"5067","di-n-butylphthalate","84-74-2","HepG2",20,384,6.14179813764575e-08,7.09767150798511e-07,3.97792512131988e-05,0.0178426473387968
"5068","hexachlorophene","70-30-4","HepG2",20,384,1.19276869500048e-07,2.1528356521019e-10,3.97068644150891e-05,5.42182235695194e-06
"5069","hexamethylenetetramine","100-97-0","HepG2",20,384,2.89522881915848e-09,3.54782643943012e-05,3.997896892298e-05,0.887423196497402
"5070","Malathion","121-75-5","HepG2",20,384,1.33777559845747e-08,2.26252783557272e-05,3.99594977037263e-05,0.566205274237402
"5071","pentachlorophenol","87-86-5","HepG2",20,384,6.41464970375986e-08,1.81283571353761e-07,3.9759155289759e-05,0.00455954282812582
"5072","2,2,2-trichloroethanol","115-20-8","HepG2",20,384,3.51074072667715e-09,3.31820771030853e-05,3.99626734375394e-05,0.830326758667636
"5073","diethylphthalate","84-66-2","HepG2",20,384,9.58264991773129e-09,2.14543333332954e-05,3.99568460326808e-05,0.536937608032121
"5074","4-chlorophenol","106-48-9","HepG2",20,384,5.32838101561849e-09,2.21888602082809e-05,3.99575636476239e-05,0.555310639156057
"5075","permethrin","52645-53-1","HepG2",20,384,1.08453013023317e-07,4.02527023560624e-09,3.97228321303985e-05,0.000101333918548216
"5076","Aniline","62-53-3","HepG2",20,384,1.94156393023431e-09,3.54047603882949e-05,3.99740858757614e-05,0.885692808544319
"5077","4-fluoroaniline","371-40-4","HepG2",20,384,2.37680408303982e-09,3.50129864884012e-05,3.99771171981176e-05,0.875825695857074
"5078","2,4,6-trichlorophenol","6/2/1988","HepG2",20,384,2.55237800141891e-08,4.88079553315273e-06,3.98702661992293e-05,0.122416928664677
"5079","Allyl alcohol","107-18-6","HepG2",20,384,1.20040535604697e-09,3.54561892508855e-05,3.99668087484092e-05,0.887140864162611
"5080","N-methylaniline","100-61-8","HepG2",20,384,2.79665249408605e-09,3.11205730634828e-05,3.99543490586414e-05,0.77890326827267
"5081","3,4-dichloroaniline","95-76-1","HepG2",20,384,8.61936375774309e-09,1.76734770565735e-05,3.99465834962382e-05,0.442427750003647
"5082","4-decylaniline","37529-30-9","HepG2",20,384,6.38410014531137e-08,6.65473639636479e-09,3.97264525231962e-05,0.000167513985611454
"5083","naphthalene","91-20-3","HepG2",20,384,1.1808855366724e-08,8.89598966192242e-06,3.96309172367743e-05,0.22447095051506
"5084","1,2,4-trichlorobenzene","120-82-1","HepG2",20,384,2.89056865732834e-08,2.77044676647997e-06,3.95622237666393e-05,0.0700275794106432
"5085","1,2-dichlorobenzene","95-50-1","HepG2",20,384,1.4930444481242e-08,7.24701228862904e-06,3.89120088403656e-05,0.186241021849052
"5086","dichloromethane","9/2/1975","HepG2",20,384,1.56675860649702e-09,2.87241588378428e-05,3.33850606147956e-05,0.86038959669023
"5087","tetrachloroethylene","127-18-4","HepG2",20,384,1.35358767169995e-08,6.25151931159695e-06,3.21073430468116e-05,0.194706840191741
"5088","2,3-dimethyl-1,3-butadiene","513-81-5","HepG2",20,384,3.16576382923541e-09,6.16174586338203e-06,2.04777429714878e-05,0.300899658324716
"5089","cyclosporine A","59865-13-3","HepG2",20,384,7.86910457068592e-08,1.41899439872742e-05,3.99345664240711e-05,0.355329862269921
"5090","chlorpromazine","50-53-3","HepG2",20,384,7.98103299231353e-08,8.23228209063789e-08,3.97497009779891e-05,0.0020710299418847
"5091","PBDE 47","5436-43-1","HepG2",20,384,1.37367760243362e-07,1.68809328657101e-09,3.97171836792169e-05,4.25028446177152e-05
"5092","PBDE 99","60348-60-9","HepG2",20,384,1.63981243822271e-07,4.01128539900863e-10,3.97095934855343e-05,1.01015524131968e-05
"5093","PBDE 153","68631-49-2","HepG2",20,384,1.91152313665602e-07,7.75554030701734e-11,3.97029614131574e-05,1.95339088848097e-06
"5094","amiodarone","1951-25-3","HepG2",20,384,1.89389958920911e-07,1.97748171006535e-10,3.97065131977436e-05,4.98024518097882e-06
"5095","PFBS","375-73-5","HepG2",20,384,7.28885611306908e-09,3.2556130352287e-05,3.99757112295112e-05,0.814397776824373
"5096","4:2 FTS","757124-72-4","HepG2",20,384,9.01118492044343e-09,3.0146287569413e-05,3.99725389094624e-05,0.754174950900521
"5097","PFNA","375-95-1","HepG2",20,384,1.24374914885209e-07,1.33437972642817e-08,3.97319968208261e-05,0.000335845120607866
"5098","PFHxA","307-24-4","HepG2",20,384,5.71707968960507e-08,1.80525235981651e-06,3.98179563566856e-05,0.0453376447461348
"5099","PFBA","375-22-4","HepG2",20,384,5.74225693112853e-09,3.04691174258879e-05,3.98651664336737e-05,0.764304282451232
"5100","PFOA","335-67-1","HepG2",20,384,7.24345663397992e-08,2.09496377960031e-06,3.98250668308392e-05,0.052604149755702
"5101","6:2 FTS","27619-97-2","HepG2",20,384,2.93351542105519e-08,1.34522603539167e-05,3.99314869603645e-05,0.336883531716945
"5102","8:2 FTS","39108-34-4","HepG2",20,384,9.50857005898979e-08,1.88436854451823e-06,3.98199748153833e-05,0.0473221932774868
"5103","PFUnDA","2058-94-8","HepG2",20,384,1.4955801411108e-07,1.86129471371677e-08,3.97348685238983e-05,0.000468428557300323
"5104","PFOS","1763-23-1","HepG2",20,384,1.3260020492848e-07,1.86129471373497e-08,3.97348685242869e-05,0.000468428557300323
"5105","PFHpA","375-85-9","HepG2",20,384,4.13098313585436e-08,6.36751311928213e-06,3.98865300615764e-05,0.159640688459288
"5106","PFPeA","2706-90-3","HepG2",20,384,1.03715209705799e-08,2.31997621877404e-05,3.99607208906826e-05,0.580564155767013
"5107","PFHxS","355-46-4","HepG2",20,384,2.16632802341622e-08,1.73677921549771e-05,3.99458564488571e-05,0.43478332169979
"5108","PFDA","335-76-2","HepG2",20,384,1.41468004865943e-07,5.32316616942077e-09,3.97248132491121e-05,0.000134001036985108
"5109","Azathioprine","446-86-6","HepG2",20,384,5.73103663136802e-09,3.54690013305255e-05,3.99792068717223e-05,0.887186217683902
"5110","Benzocaine","94-09-7","HepG2",20,384,4.78955802125863e-09,2.9077304266245e-05,3.99709996936101e-05,0.727460020743324
"5111","Butylated hydroxyanisole","25013-16-5","HepG2",20,384,NA,NA,NA,NA
"5112","Cetirizine dihydrochloride","83881-52-1","HepG2",20,384,8.07602156666585e-09,3.54348241476773e-05,3.997923288455e-05,0.886330767026075
"5113","Cyclamate","139-05-9","HepG2",20,384,3.70208165055592e-09,3.54770271076468e-05,3.99793102292925e-05,0.887384672326164
"5114","Cyclophosphamide","6055-19-2","HepG2",20,384,5.41993561573173e-09,3.54346204144342e-05,3.99766168170317e-05,0.886383672150505
"5115","Cypermethrin","67375-30-8","HepG2",20,384,1.16327314558964e-07,2.87674966042422e-09,3.97205685449456e-05,7.24246848876053e-05
"5116","DEET","134-62-3","HepG2",20,384,6.78635268286987e-09,2.51408157168624e-05,3.99642624940472e-05,0.629082438856647
"5117","Dexamethasone","50-02-2","HepG2",20,384,1.17795275521247e-08,2.83979701226376e-05,3.99699852734108e-05,0.71048237642281
"5118","Digoxin","20830-75-5","HepG2",20,384,1.73101150339401e-08,3.43312652141075e-05,3.9977833936272e-05,0.858757512196242
"5119","Fenazaquin","120928-09-8","HepG2",20,384,7.76108615074862e-08,6.2602997844887e-08,3.97466948722948e-05,0.00157504914675369
"5120","Fenbuconazole","114369-43-6","HepG2",20,384,2.93228112604623e-08,9.84342728138408e-06,3.99102336659938e-05,0.246639179408547
"5121","Fluazinam","79622-59-6","HepG2",20,384,7.55815932444941e-08,2.68054126049426e-06,3.98374903898964e-05,0.0672869007123526
"5122","Furosemide","54-31-9","HepG2",20,384,1.06183158554372e-08,2.70802719133094e-05,3.99678947956763e-05,0.677550620360394
"5123","Glybenclamide","10238-21-8","HepG2",20,384,1.14035240405158e-07,3.75118578586136e-07,3.97691594279838e-05,0.0094323989740196
"5124","HC Red 3","1/4/2871","HepG2",20,384,4.0762991400531e-09,3.54681712275753e-05,3.99791044875799e-05,0.887167726295471
"5125","Hydralazine hydrochloride","304-20-1","HepG2",20,384,3.32697893436339e-09,3.54336265992932e-05,3.99791203520394e-05,0.886303307508506
"5126","Ketoconazole","65277-42-1","HepG2",20,384,1.04566006747566e-07,1.29700065875327e-06,3.98032324397773e-05,0.0325853097663775
"5127","Metformin","1115-70-4","HepG2",20,384,2.66754456305154e-09,3.5477993305134e-05,3.99793380729353e-05,0.887408221727198
"5128","Metoclopramide","364-62-5","HepG2",20,384,1.50095321467676e-08,1.87428832218553e-05,3.99499345853197e-05,0.469159296915161
"5129","Nitrofurantoin","67-20-9","HepG2",20,384,4.9192624638747e-09,3.54764234963336e-05,3.99793084476647e-05,0.887369613778445
"5130","Oxytetracycline hydrochloride","2058-46-0","HepG2",20,384,9.50890687176707e-09,3.54787763544558e-05,3.99793477347414e-05,0.887427593612923
"5131","Panthenol","16485-10-2 ","HepG2",20,384,4.23901683277674e-09,3.54780318260372e-05,3.99793182454398e-05,0.887409625352577
"5132","Paracetamol","103-90-2","HepG2",20,384,3.12989032652132e-09,3.54553335610342e-05,3.99792797593577e-05,0.88684272889472
"5133","Topiramate","97240-79-4","HepG2",20,384,7.0085580258367e-09,3.5478674155485e-05,3.99793243009426e-05,0.887425557481183
"5134","Trimellitic anhydride","552-30-7","HepG2",20,384,4.58951660697569e-09,3.28807478939899e-05,3.99761123894385e-05,0.822509892249472
"5135","Verapamil hydrochloride","152-11-4","HepG2",20,384,9.49141280562175e-08,9.62306865658966e-07,3.97911821409652e-05,0.0241839225145379
"5136","Warfarin","129-06-6","HepG2",20,384,1.37306734936461e-08,2.08594753886113e-05,3.99554675498702e-05,0.522068109016009
"5137","2,4-Dinitrophenol","51-28-5","Me_180",20,384,6.396637216329e-09,3.10336550013309e-05,3.99650677600737e-05,0.776519514182695
"5138","Aldrin","309-00-2","Me_180",20,384,1.14523159657346e-07,4.0215528903272e-09,3.9686148013843e-05,0.000101333918548216
"5139","Azinphos-methyl","86-50-0","Me_180",20,384,2.27421126440593e-08,1.67501474119362e-05,3.99282125782317e-05,0.419506567671106
"5140","Chlorpyrifos","2921-88-2","Me_180",20,384,9.39678849539353e-08,2.79001193136737e-07,3.97319143097924e-05,0.00702209289392265
"5141","DDD-p,p'","50-29-3","Me_180",20,384,1.14042375334538e-07,1.27323886750199e-09,3.96782909505956e-05,3.20890551734533e-05
"5142","DDT-o,p'","789-02-6","Me_180",20,384,1.11694514483626e-07,3.39999754282626e-09,3.96849114661186e-05,8.56748173856718e-05
"5143","DDT-p,p'","72-54-8","Me_180",20,384,9.76565701721897e-08,1.16028483883817e-08,3.96948559422717e-05,0.000292301057982318
"5144","Diazinon","333-41-5","Me_180",20,384,5.07831860436084e-08,3.93631050258265e-06,3.98331108293948e-05,0.0988200625213999
"5145","Dicofol","115-32-2","Me_180",20,384,1.00197743773904e-07,2.37354864036924e-07,3.97295534209469e-05,0.00597426458641695
"5146","Dieldrin","60-57-1","Me_180",20,384,1.04492631106202e-07,1.81130444676555e-07,3.97255715110824e-05,0.00455954282812582
"5147","Disulfoton","298-04-4","Me_180",20,384,5.23141935761106e-08,2.62533257323889e-06,3.98084654909831e-05,0.0659491025554235
"5148","Endosulfan I","115-29-7","Me_180",20,384,6.88084116685136e-08,3.79283252668977e-06,3.98244221417738e-05,0.0952388590394958
"5149","Endrin","72-20-8","Me_180",20,384,1.08670544161048e-07,7.78727359594949e-08,3.97146630221929e-05,0.0019608056580004
"5150","Ethion","563-12-2","Me_180",20,384,1.04735580978006e-07,2.07373814371899e-07,3.97275849864961e-05,0.00521989480212269
"5151","Heptachlor","76-44-8","Me_180",20,384,1.13727494056455e-07,1.22658486504308e-08,3.96951067608184e-05,0.000309001528181754
"5152","Heptachlor epoxide B","1024-57-3","Me_180",20,384,1.04664678906046e-07,2.64374893465537e-07,3.9730767214159e-05,0.0066541602894424
"5153","Lindane","58-89-9","Me_180",20,384,4.55887076180563e-08,4.62863792121013e-06,3.98422058518528e-05,0.116174238404897
"5154","Methoxychlor-o,p'","72-43-5","Me_180",20,384,9.4291666586032e-08,2.01841679462121e-07,3.97272018801145e-05,0.00508069206764731
"5155","Parathion","56-38-2","Me_180",20,384,4.92574847698484e-08,3.79344008253994e-06,3.98308014270393e-05,0.0952388590394958
"5156","Trifluralin","1582-09-8","Me_180",20,384,9.46339290559483e-08,9.95829380605801e-08,3.97170236565263e-05,0.00250731119536488
"5157","Eugenol F","97-53-0","Me_180",20,384,8.16464908032383e-09,2.38987985939145e-05,3.99499058545742e-05,0.598219146771234
"5158","Methyl-antranilate","134-20-3","Me_180",20,384,5.87189197661925e-09,2.88471152235522e-05,3.99611321080974e-05,0.72187932878175
"5159","Lilyfore","285977-85-7","Me_180",20,384,1.90032963831427e-08,9.70999105116776e-06,3.9891693910604e-05,0.243408842776331
"5160","Damascone beta","23726-91-2","Me_180",20,384,4.23211208771064e-08,1.48079418059331e-06,3.97460183523192e-05,0.0372564156607375
"5161","Veloutone","14595-54-1","Me_180",20,384,6.2299123328808e-08,1.17278819784594e-07,3.97183339671353e-05,0.00295276281934776
"5162","Verdox","82356-51-2","Me_180",20,384,NA,NA,NA,NA
"5163","Nirvanol","1506-02-1","Me_180",20,384,NA,NA,NA,NA
"5164","Cetalox","3738-00-9","Me_180",20,384,6.7190338480262e-08,8.45142159141941e-08,3.9707505884026e-05,0.0021284191497959
"5165","Tonalide","21145-77-7","Me_180",20,384,7.59018431224687e-08,3.71018632660948e-08,3.97061365228424e-05,0.000934411315609884
"5166","Caffeine","8/2/1958","Me_180",20,384,5.27167036037288e-09,3.54632212475595e-05,3.99689666274124e-05,0.887268904851729
"5167","Lamotrigine","84057-84-1","Me_180",20,384,1.58978357699602e-08,1.94966779666688e-05,3.99379193659478e-05,0.488174603890161
"5168","Diclofenac","15307-79-6","Me_180",20,384,8.07220998658007e-09,3.54306673889326e-05,3.99727424373663e-05,0.886370692339891
"5169","2,4-Dichlorophenoxyacetic","94-75-7","Me_180",20,384,1.66401894370626e-08,1.5836995599557e-05,3.99247153450674e-05,0.396671471860942
"5170","(S)-Naproxen","22204-53-1","Me_180",20,384,2.36175029616665e-08,1.04966846471492e-05,3.98974303606629e-05,0.263091746818322
"5171","Ibuprofen","15687-27-1","Me_180",20,384,3.25659197110612e-08,4.54776182496665e-06,3.98421014387111e-05,0.114144627435439
"5172","Torasemide","56211-40-6","Me_180",20,384,4.17934598263116e-08,8.11121468088425e-06,3.98800486092448e-05,0.20339029072808
"5173","Warfarin","81-81-2","Me_180",20,384,2.1220059088305e-08,1.75140256897976e-05,3.99311698020619e-05,0.438605374613724
"5174","di-n-butylphthalate","84-74-2","Me_180",20,384,7.02086978218411e-08,7.09203633939087e-07,3.97476686319414e-05,0.0178426473387968
"5175","hexachlorophene","70-30-4","Me_180",20,384,1.34752784437846e-07,2.15077353213197e-10,3.96688307091842e-05,5.42182235695194e-06
"5176","hexamethylenetetramine","100-97-0","Me_180",20,384,3.80448355653272e-09,3.54725087334249e-05,3.99724831100116e-05,0.887423196497402
"5177","Malathion","121-75-5","Me_180",20,384,1.75111409488254e-08,2.26181941327779e-05,3.99469859464686e-05,0.566205274237402
"5178","pentachlorophenol","87-86-5","Me_180",20,384,7.30635585183657e-08,1.81130917873643e-07,3.97256752927785e-05,0.00455954282812582
"5179","2,2,2-trichloroethanol","115-20-8","Me_180",20,384,4.63271533305222e-09,3.31758436137825e-05,3.99551661649654e-05,0.830326758667636
"5180","diethylphthalate","84-66-2","Me_180",20,384,1.24935396647794e-08,2.14473005543063e-05,3.99437480881824e-05,0.536937608032121
"5181","4-chlorophenol","106-48-9","Me_180",20,384,6.96476052223823e-09,2.21817920965605e-05,3.9944835435301e-05,0.555310639156057
"5182","permethrin","52645-53-1","Me_180",20,384,1.22802283194716e-07,4.02155414837125e-09,3.96861604286797e-05,0.000101333918548216
"5183","Aniline","62-53-3","Me_180",20,384,2.54717302635487e-09,3.53990016032667e-05,3.99675838640339e-05,0.885692808544319
"5184","4-fluoroaniline","371-40-4","Me_180",20,384,3.11897758934306e-09,3.50071370432213e-05,3.99704384203567e-05,0.875825695857074
"5185","2,4,6-trichlorophenol","6/2/1988","Me_180",20,384,3.0294048464401e-08,4.87783805134355e-06,3.98461071074972e-05,0.122416928664677
"5186","Allyl alcohol","107-18-6","Me_180",20,384,1.577083914838e-09,3.54504374900765e-05,3.99603252675536e-05,0.887140864162611
"5187","N-methylaniline","100-61-8","Me_180",20,384,3.70264328993001e-09,3.11139903844639e-05,3.9945897843597e-05,0.77890326827267
"5188","3,4-dichloroaniline","95-76-1","Me_180",20,384,1.10611301517969e-08,1.76668093653615e-05,3.99315128068161e-05,0.442427750003647
"5189","4-decylaniline","37529-30-9","Me_180",20,384,7.23269004273023e-08,6.64864570518824e-09,3.96900932236766e-05,0.000167513985611454
"5190","naphthalene","91-20-3","Me_180",20,384,1.44206544697648e-08,8.89144722245987e-06,3.96106810349311e-05,0.22447095051506
"5191","1,2,4-trichlorobenzene","120-82-1","Me_180",20,384,3.37427052483774e-08,2.76859304842459e-06,3.95357525095863e-05,0.0700275794106432
"5192","1,2-dichlorobenzene","95-50-1","Me_180",20,384,1.80472219228437e-08,7.24316112820732e-06,3.88913304721764e-05,0.186241021849052
"5193","dichloromethane","9/2/1975","Me_180",20,384,2.06056189679185e-09,2.87199816835007e-05,3.33802056579734e-05,0.86038959669023
"5194","tetrachloroethylene","127-18-4","Me_180",20,384,1.64008034327772e-08,6.24881371442115e-06,3.20934472988598e-05,0.194706840191741
"5195","2,3-dimethyl-1,3-butadiene","513-81-5","Me_180",20,384,3.94152521845054e-09,6.16028961348092e-06,2.04729033185975e-05,0.300899658324716
"5196","cyclosporine A","59865-13-3","Me_180",20,384,9.91886486418038e-08,1.41838876511191e-05,3.99175221595773e-05,0.355329862269921
"5197","chlorpromazine","50-53-3","Me_180",20,384,9.07564917810948e-08,8.22517244099405e-08,3.97153719250862e-05,0.0020710299418847
"5198","PBDE 47","5436-43-1","Me_180",20,384,1.55415813620522e-07,1.68651422411475e-09,3.96800317551406e-05,4.25028446177152e-05
"5199","PBDE 99","60348-60-9","Me_180",20,384,1.85327152204335e-07,4.0074669015734e-10,3.9671792390425e-05,1.01015524131968e-05
"5200","PBDE 153","68631-49-2","Me_180",20,384,2.1584086200893e-07,7.74804685544864e-11,3.96646001634307e-05,1.95339088848097e-06
"5201","amiodarone","1951-25-3","Me_180",20,384,2.13952669188018e-07,1.97558605806274e-10,3.96684497704681e-05,4.98024518097882e-06
"5202","PFBS","375-73-5","Me_180",20,384,9.63115921614446e-09,3.2549773916412e-05,3.99679061543306e-05,0.814397776824373
"5203","4:2 FTS","757124-72-4","Me_180",20,384,1.19375554913343e-08,3.01395620007624e-05,3.99636211263372e-05,0.754174950900521
"5204","PFNA","375-95-1","Me_180",20,384,1.41026538769809e-07,1.33317468276554e-08,3.96961158867678e-05,0.000335845120607866
"5205","PFHxA","307-24-4","Me_180",20,384,6.6149165254756e-08,1.80395620278047e-06,3.97893673763074e-05,0.0453376447461348
"5206","PFBA","375-22-4","Me_180",20,384,7.60573918584676e-09,3.04624811935726e-05,3.9856483723832e-05,0.764304282451232
"5207","PFOA","335-67-1","Me_180",20,384,8.4037761629391e-08,2.09348968994389e-06,3.97970445234116e-05,0.052604149755702
"5208","6:2 FTS","27619-97-2","Me_180",20,384,3.68234868741724e-08,1.34463685448021e-05,3.99139978029556e-05,0.336883531716945
"5209","8:2 FTS","39108-34-4","Me_180",20,384,1.10101184018564e-07,1.88302323498134e-06,3.97915460921203e-05,0.0473221932774868
"5210","PFUnDA","2058-94-8","Me_180",20,384,1.6965747221343e-07,1.85962562542334e-08,3.96992368727657e-05,0.000468428557300323
"5211","PFOS","1763-23-1","Me_180",20,384,1.50420662622782e-07,1.85962562544048e-08,3.96992368731316e-05,0.000468428557300323
"5212","PFHpA","375-85-9","Me_180",20,384,4.95643785816887e-08,6.36389349173732e-06,3.98638564714049e-05,0.159640688459288
"5213","PFPeA","2706-90-3","Me_180",20,384,1.36002092065388e-08,2.3192663302505e-05,3.99484933269159e-05,0.580564155767013
"5214","PFHxS","355-46-4","Me_180",20,384,2.77597722512394e-08,1.73611673443237e-05,3.99306194093418e-05,0.43478332169979
"5215","PFDA","335-76-2","Me_180",20,384,1.60232613638389e-07,5.31827495203508e-09,3.96883119093036e-05,0.000134001036985108
"5216","Azathioprine","446-86-6","Me_180",20,384,7.52967034195038e-09,3.54632460173371e-05,3.99727197182096e-05,0.887186217683902
"5217","Benzocaine","94-09-7","Me_180",20,384,6.34492093649959e-09,2.90704547949291e-05,3.99615840953359e-05,0.727460020743324
"5218","Butylated hydroxyanisole","25013-16-5","Me_180",20,384,NA,NA,NA,NA
"5219","Cetirizine dihydrochloride","83881-52-1","Me_180",20,384,1.0602162543826e-08,3.54290667446708e-05,3.99727371120679e-05,0.886330767026075
"5220","Cyclamate","139-05-9","Me_180",20,384,4.86463481244884e-09,3.54712715232792e-05,3.99728242209727e-05,0.887384672326164
"5221","Cyclophosphamide","6055-19-2","Me_180",20,384,7.11564578935411e-09,3.54288639658997e-05,3.99701225090752e-05,0.886383672150505
"5222","Cypermethrin","67375-30-8","Me_180",20,384,1.31674623895997e-07,2.87407965311648e-09,3.96837025604836e-05,7.24246848876053e-05
"5223","DEET","134-62-3","Me_180",20,384,8.94415935547250e-09,2.51337187881357e-05,3.99529810970658e-05,0.629082438856647
"5224","Dexamethasone","50-02-2","Me_180",20,384,1.55995948453211e-08,2.83910545376624e-05,3.99602516259556e-05,0.71048237642281
"5225","Digoxin","20830-75-5","Me_180",20,384,2.27700276894129e-08,3.43252612432888e-05,3.99708424739169e-05,0.858757512196242
"5226","Fenazaquin","120928-09-8","Me_180",20,384,8.82107567662709e-08,6.2548509089021e-08,3.97120999163353e-05,0.00157504914675369
"5227","Fenbuconazole","114369-43-6","Me_180",20,384,3.60138548488142e-08,9.83852804300978e-06,3.98903696752602e-05,0.246639179408547
"5228","Fluazinam","79622-59-6","Me_180",20,384,8.81461856578414e-08,2.67872347800321e-06,3.98104749905867e-05,0.0672869007123527
"5229","Furosemide","54-31-9","Me_180",20,384,1.40430868946736e-08,2.70732559620655e-05,3.99575399217626e-05,0.677550620360394
"5230","Glybenclamide","10238-21-8","Me_180",20,384,1.30118468471175e-07,3.74811486629508e-07,3.97366022855777e-05,0.0094323989740196
"5231","HC Red 3","1/4/2871","Me_180",20,384,5.35552920033789e-09,3.54624159393895e-05,3.9972617227037e-05,0.887167726295471
"5232","Hydralazine hydrochloride","304-20-1","Me_180",20,384,4.36752032653187e-09,3.54278691217433e-05,3.99726242941989e-05,0.886303307508506
"5233","Ketoconazole","65277-42-1","Me_180",20,384,1.20373912726056e-07,1.29603137693761e-06,3.97734864645937e-05,0.0325853097663775
"5234","Metformin","1115-70-4","Me_180",20,384,3.50527022863492e-09,3.54722376185621e-05,3.99728521215648e-05,0.887408221727198
"5235","Metoclopramide","364-62-5","Me_180",20,384,1.93561460946544e-08,1.87360811725362e-05,3.9935436206275e-05,0.469159296915161
"5236","Nitrofurantoin","67-20-9","Me_180",20,384,6.46398500667182e-09,3.54706679597082e-05,3.99728223830801e-05,0.887369613778445
"5237","Oxytetracycline hydrochloride","2058-46-0","Me_180",20,384,1.24952267534642e-08,3.54730205551722e-05,3.99728617979449e-05,0.887427593612923
"5238","Panthenol","16485-10-2 ","Me_180",20,384,5.57025742694969e-09,3.54722761385068e-05,3.99728323032481e-05,0.887409625352577
"5239","Paracetamol","103-90-2","Me_180",20,384,4.11095198371006e-09,3.54495777586842e-05,3.99727895416872e-05,0.88684272889472
"5240","Topiramate","97240-79-4","Me_180",20,384,9.20962391620607e-09,3.54729183770179e-05,3.99728383727219e-05,0.887425557481183
"5241","Trimellitic anhydride","552-30-7","Me_180",20,384,6.06046125861782e-09,3.28744507695112e-05,3.9968456403124e-05,0.822509892249472
"5242","Verapamil hydrochloride","152-11-4","Me_180",20,384,1.08861424675503e-07,9.61564894462203e-07,3.97605017913934e-05,0.0241839225145379
"5243","Warfarin","129-06-6","Me_180",20,384,1.7862203404344e-08,2.08524798318561e-05,3.9942067848501e-05,0.522068109016009
"5244","2,4-Dinitrophenol","51-28-5","H4lle",20,384,4.32216358845719e-09,3.10424044535537e-05,3.99763352840225e-05,0.776519514182695
"5245","Aldrin","309-00-2","H4lle",20,384,2.32369788987219e-08,4.04690265736641e-09,3.99363087438571e-05,0.000101333918548216
"5246","Azinphos-methyl","86-50-0","H4lle",20,384,9.82188581061502e-09,1.67672282892099e-05,3.9968929169079e-05,0.419506567671106
"5247","Chlorpyrifos","2921-88-2","H4lle",20,384,1.99777429689349e-08,2.80483166055889e-07,3.99429586439445e-05,0.00702209289392265
"5248","DDD-p,p'","50-29-3","H4lle",20,384,2.29764763391618e-08,1.28148231189309e-09,3.99351836620367e-05,3.20890551734533e-05
"5249","DDT-o,p'","789-02-6","H4lle",20,384,2.26373493117486e-08,3.42152129723152e-09,3.99361376147354e-05,8.56748173856718e-05
"5250","DDT-p,p'","72-54-8","H4lle",20,384,1.99758527106803e-08,1.16737962474349e-08,3.99375778110973e-05,0.000292301057982318
"5251","Diazinon","333-41-5","H4lle",20,384,1.34052575636588e-08,3.94844681377674e-06,3.99559230487401e-05,0.0988200625213999
"5252","Dicofol","115-32-2","H4lle",20,384,2.12438792179086e-08,2.38628019256939e-07,3.99426600220355e-05,0.00597426458641695
"5253","Dieldrin","60-57-1","H4lle",20,384,2.20588509467773e-08,1.82117185272158e-07,3.99419836894078e-05,0.00455954282812582
"5254","Disulfoton","298-04-4","H4lle",20,384,1.28961935723293e-08,2.63480605676108e-06,3.99521138979381e-05,0.0659491025554235
"5255","Endosulfan I","115-29-7","H4lle",20,384,1.80352947877597e-08,3.8047136520348e-06,3.99491729574057e-05,0.0952388590394958
"5256","Endrin","72-20-8","H4lle",20,384,2.26722330366345e-08,7.83154278889024e-08,3.99404334485486e-05,0.00196080565800039
"5257","Ethion","563-12-2","H4lle",20,384,2.21572019201508e-08,2.08494939995604e-07,3.99423643386106e-05,0.00521989480212269
"5258","Heptachlor","76-44-8","H4lle",20,384,2.32742185320364e-08,1.23407174512758e-08,3.99373994164099e-05,0.000309001528181754
"5259","Heptachlor epoxide B","1024-57-3","H4lle",20,384,2.22312773214374e-08,2.65783810644418e-07,3.99425019962497e-05,0.0066541602894424
"5260","Lindane","58-89-9","H4lle",20,384,1.24413491901455e-08,4.64187853792031e-06,3.99561779070345e-05,0.116174238404897
"5261","Methoxychlor-o,p'","72-43-5","H4lle",20,384,1.99391579230329e-08,2.02934583194253e-07,3.99423111049171e-05,0.00508069206764731
"5262","Parathion","56-38-2","H4lle",20,384,1.29108299777595e-08,3.80532502048453e-06,3.99555922746455e-05,0.0952388590394958
"5263","Trifluralin","1582-09-8","H4lle",20,384,1.98068598462024e-08,1.00142504194257e-07,3.99401974431353e-05,0.00250731119536488
"5264","Eugenol F","97-53-0","H4lle",20,384,4.41821405991633e-09,2.39124476097194e-05,3.9972721934398e-05,0.598219146771234
"5265","Methyl-antranilate","134-20-3","H4lle",20,384,3.7018974420703e-09,2.88574782383831e-05,3.99754877135535e-05,0.72187932878175
"5266","Lilyfore","285977-85-7","H4lle",20,384,6.4118738074083e-09,9.7273801363282e-06,3.99631337357234e-05,0.243408842776331
"5267","Damascone beta","23726-91-2","H4lle",20,384,9.73397828322453e-09,1.48710226902116e-06,3.99153338464692e-05,0.0372564156607375
"5268","Veloutone","14595-54-1","H4lle",20,384,1.30682470804386e-08,1.17932512223063e-07,3.99397172879309e-05,0.00295276281934776
"5269","Verdox","82356-51-2","H4lle",20,384,NA,NA,NA,NA
"5270","Nirvanol","1506-02-1","H4lle",20,384,NA,NA,NA,NA
"5271","Cetalox","3738-00-9","H4lle",20,384,1.403274739509e-08,8.49927391451667e-08,3.99323315397332e-05,0.0021284191497959
"5272","Tonalide","21145-77-7","H4lle",20,384,1.56994061494171e-08,3.7319563188991e-08,3.99391173517978e-05,0.000934411315609884
"5273","Caffeine","8/2/1958","H4lle",20,384,4.17515626071279e-09,3.54682308169137e-05,3.99746126827703e-05,0.887268904851729
"5274","Lamotrigine","84057-84-1","H4lle",20,384,7.5009814347501e-09,1.95126845693337e-05,3.99707080496223e-05,0.488174603890161
"5275","Diclofenac","15307-79-6","H4lle",20,384,6.36929267105943e-09,3.54357641844247e-05,3.99784926224032e-05,0.886370692339891
"5276","2,4-Dichlorophenoxyacetic","94-75-7","H4lle",20,384,6.97305056079969e-09,1.58543439433896e-05,3.99684501358533e-05,0.396671471860942
"5277","(S)-Naproxen","22204-53-1","H4lle",20,384,8.20796608359343e-09,1.05142913608252e-05,3.99643526943694e-05,0.263091746818322
"5278","Ibuprofen","15687-27-1","H4lle",20,384,8.85355105341924e-09,4.56088300822084e-06,3.99570537018968e-05,0.114144627435439
"5279","Torasemide","56211-40-6","H4lle",20,384,1.32497212582868e-08,8.12787709782405e-06,3.9961971973827e-05,0.20339029072808
"5280","Warfarin","81-81-2","H4lle",20,384,9.39576282476905e-09,1.75308459761537e-05,3.99695192782191e-05,0.438605374613724
"5281","di-n-butylphthalate","84-74-2","H4lle",20,384,1.52099605338532e-08,7.12729253078087e-07,3.99452637013308e-05,0.0178426473387968
"5282","hexachlorophene","70-30-4","H4lle",20,384,2.69270745141195e-08,2.16514098960781e-10,3.99338238522631e-05,5.42182235695194e-06
"5283","hexamethylenetetramine","100-97-0","H4lle",20,384,3.01448764743827e-09,3.54775094756366e-05,3.99781182367825e-05,0.887423196497402
"5284","Malathion","121-75-5","H4lle",20,384,9.10896180498857e-09,2.26325946571032e-05,3.99724193448852e-05,0.566205274237402
"5285","pentachlorophenol","87-86-5","H4lle",20,384,1.54240366323493e-08,1.8211766364543e-07,3.99420886063458e-05,0.00455954282812582
"5286","2,2,2-trichloroethanol","115-20-8","H4lle",20,384,3.36014165083328e-09,3.31829138044907e-05,3.99636811148142e-05,0.830326758667636
"5287","diethylphthalate","84-66-2","H4lle",20,384,6.26704512705751e-09,2.14623439133726e-05,3.99717650473995e-05,0.536937608032121
"5288","4-chlorophenol","106-48-9","H4lle",20,384,3.57437861422949e-09,2.21964363756043e-05,3.99712067633671e-05,0.555310639156057
"5289","permethrin","52645-53-1","H4lle",20,384,2.49168297264257e-08,4.04690393128792e-09,3.99363213153784e-05,0.000101333918548216
"5290","Aniline","62-53-3","H4lle",20,384,2.00329684566732e-09,3.54041733650953e-05,3.99734230915614e-05,0.885692808544319
"5291","4-fluoroaniline","371-40-4","H4lle",20,384,2.40936487378083e-09,3.50127298603225e-05,3.9976824185387e-05,0.875825695857074
"5292","2,4,6-trichlorophenol","6/2/1988","H4lle",20,384,8.36391200976982e-09,4.89143434667577e-06,3.99571725906826e-05,0.122416928664677
"5293","Allyl alcohol","107-18-6","H4lle",20,384,1.24847760755259e-09,3.54554552030196e-05,3.99659813173939e-05,0.887140864162611
"5294","N-methylaniline","100-61-8","H4lle",20,384,2.50955514296321e-09,3.11226590335706e-05,3.99570271448335e-05,0.77890326827267
"5295","3,4-dichloroaniline","95-76-1","H4lle",20,384,4.92194815260182e-09,1.76835735285252e-05,3.99694041080819e-05,0.442427750003647
"5296","4-decylaniline","37529-30-9","H4lle",20,384,1.47286547829972e-08,6.68998641968585e-09,3.993688285349e-05,0.000167513985611454
"5297","naphthalene","91-20-3","H4lle",20,384,4.72606425790888e-09,8.90830804813793e-06,3.96857946549313e-05,0.22447095051506
"5298","1,2,4-trichlorobenzene","120-82-1","H4lle",20,384,8.39286687060404e-09,2.77830801053302e-06,3.96744830239093e-05,0.0700275794106432
"5299","1,2-dichlorobenzene","95-50-1","H4lle",20,384,5.56469496088676e-09,7.2585848201245e-06,3.89741462329796e-05,0.186241021849052
"5300","dichloromethane","9/2/1975","H4lle",20,384,1.55742616451467e-09,2.87242377823401e-05,3.33851523691562e-05,0.86038959669023
"5301","tetrachloroethylene","127-18-4","H4lle",20,384,5.12534163951034e-09,6.25946210473287e-06,3.21481366477354e-05,0.194706840191741
"5302","2,3-dimethyl-1,3-butadiene","513-81-5","H4lle",20,384,1.44645804966121e-09,6.16497332339412e-06,2.04884690056417e-05,0.300899658324716
"5303","cyclosporine A","59865-13-3","H4lle",20,384,3.93099370356758e-08,1.42015797494187e-05,3.99673127912641e-05,0.355329862269921
"5304","chlorpromazine","50-53-3","H4lle",20,384,1.8947934982544e-08,8.27181286971973e-08,3.99405759541657e-05,0.0020710299418847
"5305","PBDE 47","5436-43-1","H4lle",20,384,3.13616938743506e-08,1.69736798207096e-09,3.99353972031204e-05,4.25028446177152e-05
"5306","PBDE 99","60348-60-9","H4lle",20,384,3.71277652817446e-08,4.03397778919692e-10,3.99342360875826e-05,1.01015524131968e-05
"5307","PBDE 153","68631-49-2","H4lle",20,384,4.29771600585909e-08,7.8005143298586e-11,3.99331970669965e-05,1.95339088848097e-06
"5308","amiodarone","1951-25-3","H4lle",20,384,4.27393701334796e-08,1.98879961754913e-10,3.99337692277681e-05,4.98024518097882e-06
"5309","PFBS","375-73-5","H4lle",20,384,6.83816332497582e-09,3.25573534219254e-05,3.99772130381767e-05,0.814397776824373
"5310","4:2 FTS","757124-72-4","H4lle",20,384,7.83874254110132e-09,3.01489821501299e-05,3.99761117949232e-05,0.754174950900521
"5311","PFNA","375-95-1","H4lle",20,384,2.88817418958154e-08,1.34129037032502e-08,3.99377655955622e-05,0.000335845120607866
"5312","PFHxA","307-24-4","H4lle",20,384,1.55355784064089e-08,1.81126300378511e-06,3.99505314827703e-05,0.0453376447461348
"5313","PFBA","375-22-4","H4lle",20,384,5.05918301849652e-09,3.04715499884529e-05,3.98683491484914e-05,0.764304282451232
"5314","PFOA","335-67-1","H4lle",20,384,2.00903529532916e-08,2.10161367648847e-06,3.99514807529166e-05,0.052604149755702
"5315","6:2 FTS","27619-97-2","H4lle",20,384,1.42271507187554e-08,1.34641473089635e-05,3.99667720186343e-05,0.336883531716945
"5316","8:2 FTS","39108-34-4","H4lle",20,384,2.59859187174386e-08,1.89055952721369e-06,3.99508010148192e-05,0.0473221932774868
"5317","PFUnDA","2058-94-8","H4lle",20,384,3.48496951044799e-08,1.87082025973206e-08,3.99382196191045e-05,0.000468428557300323
"5318","PFOS","1763-23-1","H4lle",20,384,3.08982219370829e-08,1.87082025971978e-08,3.99382196188423e-05,0.000468428557300323
"5319","PFHpA","375-85-9","H4lle",20,384,1.46184097843422e-08,6.37921733542476e-06,3.99598460579905e-05,0.159640688459288
"5320","PFPeA","2706-90-3","H4lle",20,384,7.20119402233205e-09,2.32067327545217e-05,3.99727274307215e-05,0.580564155767013
"5321","PFHxS","355-46-4","H4lle",20,384,1.22305225930521e-08,1.73780423503558e-05,3.99694318595665e-05,0.43478332169979
"5322","PFDA","335-76-2","H4lle",20,384,3.25757516671344e-08,5.35155022410846e-09,3.99366329135439e-05,0.000134001036985108
"5323","Azathioprine","446-86-6","H4lle",20,384,5.96176073513001e-09,3.54682630537606e-05,3.99783747163639e-05,0.887186217683902
"5324","Benzocaine","94-09-7","H4lle",20,384,4.02818855081299e-09,2.9080657167551e-05,3.99756087459435e-05,0.727460020743324
"5325","Butylated hydroxyanisole","25013-16-5","H4lle",20,384,NA,NA,NA,NA
"5326","Cetirizine dihydrochloride","83881-52-1","H4lle",20,384,8.36397973509853e-09,3.54341678536542e-05,3.99784924228088e-05,0.886330767026075
"5327","Cyclamate","139-05-9","H4lle",20,384,3.85415348219801e-09,3.5476274228307e-05,3.99784618042934e-05,0.887384672326164
"5328","Cyclophosphamide","6055-19-2","H4lle",20,384,5.61486169202427e-09,3.54339586964451e-05,3.99758702802781e-05,0.886383672150505
"5329","Cypermethrin","67375-30-8","H4lle",20,384,2.66574655482633e-08,2.89234973382512e-09,3.99359657320389e-05,7.24246848876053e-05
"5330","DEET","134-62-3","H4lle",20,384,5.02731731772815e-09,2.51466011047198e-05,3.99734590436567e-05,0.629082438856647
"5331","Dexamethasone","50-02-2","H4lle",20,384,9.69565686040021e-09,2.84017426176596e-05,3.99752950392082e-05,0.71048237642281
"5332","Digoxin","20830-75-5","H4lle",20,384,1.71715417360186e-08,3.43314175956728e-05,3.99780113805019e-05,0.858757512196242
"5333","Fenazaquin","120928-09-8","H4lle",20,384,1.8354038344999e-08,6.29076074856869e-08,3.99400917840215e-05,0.00157504914675369
"5334","Fenbuconazole","114369-43-6","H4lle",20,384,1.22110516967123e-08,9.85595665605133e-06,3.99610340890948e-05,0.246639179408547
"5335","Fluazinam","79622-59-6","H4lle",20,384,2.17937794475024e-08,2.68832301302858e-06,3.9953140723794e-05,0.0672869007123526
"5336","Furosemide","54-31-9","H4lle",20,384,8.37884787141871e-09,2.70848596647261e-05,3.99746658785722e-05,0.677550620360394
"5337","Glybenclamide","10238-21-8","H4lle",20,384,2.78118462543297e-08,3.76764921606535e-07,3.99437007111646e-05,0.0094323989740196
"5338","HC Red 3","1/4/2871","H4lle",20,384,4.24005639715457e-09,3.54674344795607e-05,3.99782740380575e-05,0.887167726295471
"5339","Hydralazine hydrochloride","304-20-1","H4lle",20,384,3.44506969073238e-09,3.54329731847498e-05,3.9978383116222e-05,0.886303307508506
"5340","Ketoconazole","65277-42-1","H4lle",20,384,2.73354621267726e-08,1.30173614784384e-06,3.99485583281769e-05,0.0325853097663775
"5341","Metformin","1115-70-4","H4lle",20,384,2.77731824978943e-09,3.54772390929132e-05,3.9978488168458e-05,0.887408221727198
"5342","Metoclopramide","364-62-5","H4lle",20,384,8.91435303982172e-09,1.87524216137542e-05,3.99702654025105e-05,0.469159296915161
"5343","Nitrofurantoin","67-20-9","H4lle",20,384,5.12107706195692e-09,3.54756715481495e-05,3.99784610576117e-05,0.887369613778445
"5344","Oxytetracycline hydrochloride","2058-46-0","H4lle",20,384,9.90068553316795e-09,3.54780212446792e-05,3.99784968374039e-05,0.887427593612923
"5345","Panthenol","16485-10-2 ","H4lle",20,384,4.41347627496366e-09,3.54772775416198e-05,3.99784682609503e-05,0.887409625352577
"5346","Paracetamol","103-90-2","H4lle",20,384,3.25049932147513e-09,3.54546259586817e-05,3.99784818700258e-05,0.88684272889472
"5347","Topiramate","97240-79-4","H4lle",20,384,7.29728885752345e-09,3.54779191255192e-05,3.99784734915881e-05,0.887425557481183
"5348","Trimellitic anhydride","552-30-7","H4lle",20,384,4.34975699652881e-09,3.28817743065832e-05,3.99773602924765e-05,0.822509892249472
"5349","Verapamil hydrochloride","152-11-4","H4lle",20,384,2.41189188479078e-08,9.66073043514245e-07,3.99469127861083e-05,0.0241839225145379
"5350","Warfarin","129-06-6","H4lle",20,384,8.79526460264225e-09,2.08678320829736e-05,3.9971474454368e-05,0.522068109016009
"5351","2,4-Dinitrophenol","51-28-5","SH-SY5Y",20,384,2.32476217675987e-09,3.10508288403408e-05,3.99871841894695e-05,0.776519514182695
"5352","Aldrin","309-00-2","SH-SY5Y",20,384,2.10701330704379e-08,4.0475043807946e-09,3.99422467697107e-05,0.000101333918548216
"5353","Azinphos-methyl","86-50-0","SH-SY5Y",20,384,5.64326151710651e-09,1.67727525396794e-05,3.99820976171923e-05,0.419506567671106
"5354","Chlorpyrifos","2921-88-2","SH-SY5Y",20,384,1.74392942315109e-08,2.80534009482856e-07,3.99501991387279e-05,0.00702209289392265
"5355","DDD-p,p'","50-29-3","SH-SY5Y",20,384,2.09569319486681e-08,1.28166512458699e-09,3.99408807040006e-05,3.20890551734533e-05
"5356","DDT-o,p'","789-02-6","SH-SY5Y",20,384,2.05457984210766e-08,3.42202679307027e-09,3.99420377830017e-05,8.56748173856718e-05
"5357","DDT-p,p'","72-54-8","SH-SY5Y",20,384,1.79917483158995e-08,1.1675608382483e-08,3.99437773611796e-05,0.000292301057982318
"5358","Diazinon","333-41-5","SH-SY5Y",20,384,9.97723191457534e-09,3.94955986598809e-06,3.99671864722084e-05,0.0988200625213999
"5359","Dicofol","115-32-2","SH-SY5Y",20,384,1.85845618863971e-08,2.3867090155993e-07,3.99498378599721e-05,0.00597426458641695
"5360","Dieldrin","60-57-1","SH-SY5Y",20,384,1.93637664002199e-08,1.8214944570452e-07,3.99490590549824e-05,0.00455954282812582
"5361","Disulfoton","298-04-4","SH-SY5Y",20,384,1.00701633623536e-08,2.63548524776226e-06,3.99624126127783e-05,0.0659491025554235
"5362","Endosulfan I","115-29-7","SH-SY5Y",20,384,1.34885015898417e-08,3.80577762097772e-06,3.99603445417112e-05,0.0952388590394958
"5363","Endrin","72-20-8","SH-SY5Y",20,384,2.00917211033283e-08,7.83287115423604e-08,3.99472080380669e-05,0.00196080565800039
"5364","Ethion","563-12-2","SH-SY5Y",20,384,1.9417282526458e-08,2.0853213852111e-07,3.99494906365372e-05,0.00521989480212269
"5365","Heptachlor","76-44-8","SH-SY5Y",20,384,2.09542806048194e-08,1.23426376799556e-08,3.99436137179738e-05,0.000309001528181754
"5366","Heptachlor epoxide B","1024-57-3","SH-SY5Y",20,384,1.94206001237779e-08,2.6583184956288e-07,3.99497213772642e-05,0.0066541602894424
"5367","Lindane","58-89-9","SH-SY5Y",20,384,9.05437074782079e-09,4.64323145669764e-06,3.99678235076075e-05,0.116174238404897
"5368","Methoxychlor-o,p'","72-43-5","SH-SY5Y",20,384,1.74794888482582e-08,2.02970737744921e-07,3.99494271730012e-05,0.00508069206764731
"5369","Parathion","56-38-2","SH-SY5Y",20,384,9.65594189369988e-09,3.80638933143021e-06,3.99667674499511e-05,0.0952388590394958
"5370","Trifluralin","1582-09-8","SH-SY5Y",20,384,1.75071251932137e-08,1.00159701896161e-07,3.99470564648378e-05,0.00250731119536488
"5371","Eugenol F","97-53-0","SH-SY5Y",20,384,2.40293894634815e-09,2.39197896620064e-05,3.99849951161018e-05,0.598219146771234
"5372","Methyl-antranilate","134-20-3","SH-SY5Y",20,384,1.98968682594547e-09,2.88656550626642e-05,3.99868148480968e-05,0.72187932878175
"5373","Lilyfore","285977-85-7","SH-SY5Y",20,384,4.10749902083448e-09,9.73056253840853e-06,3.99762080433124e-05,0.243408842776331
"5374","Damascone beta","23726-91-2","SH-SY5Y",20,384,7.999142513121e-09,1.48743809157847e-06,3.99243476646626e-05,0.0372564156607375
"5375","Veloutone","14595-54-1","SH-SY5Y",20,384,1.15301864407108e-08,1.17952934744677e-07,3.99466336990559e-05,0.00295276281934776
"5376","Verdox","82356-51-2","SH-SY5Y",20,384,NA,NA,NA,NA
"5377","Nirvanol","1506-02-1","SH-SY5Y",20,384,NA,NA,NA,NA
"5378","Cetalox","3738-00-9","SH-SY5Y",20,384,1.24250185026581e-08,8.50072118787565e-08,3.99391312970043e-05,0.0021284191497959
"5379","Tonalide","21145-77-7","SH-SY5Y",20,384,1.40110397449553e-08,3.73256685438095e-08,3.99456512568529e-05,0.000934411315609884
"5380","Caffeine","8/2/1958","SH-SY5Y",20,384,2.26453635842965e-09,3.5476959736052e-05,3.99844506463128e-05,0.887268904851729
"5381","Lamotrigine","84057-84-1","SH-SY5Y",20,384,4.19538907027128e-09,1.95189858937748e-05,3.99836159813151e-05,0.488174603890161
"5382","Diclofenac","15307-79-6","SH-SY5Y",20,384,3.45764567559969e-09,3.54444786822727e-05,3.99883242852992e-05,0.886370692339891
"5383","2,4-Dichlorophenoxyacetic","94-75-7","SH-SY5Y",20,384,4.0495535294914e-09,1.58595903593062e-05,3.99816762342464e-05,0.396671471860942
"5384","(S)-Naproxen","22204-53-1","SH-SY5Y",20,384,5.17744955243425e-09,1.05177539851277e-05,3.99775139749659e-05,0.263091746818322
"5385","Ibuprofen","15687-27-1","SH-SY5Y",20,384,6.45968251106977e-09,4.56220764974954e-06,3.99686586416864e-05,0.114144627435439
"5386","Torasemide","56211-40-6","SH-SY5Y",20,384,8.78591459324359e-09,8.13048284644211e-06,3.99747835422098e-05,0.20339029072808
"5387","Warfarin","81-81-2","SH-SY5Y",20,384,5.35401096036325e-09,1.75365954450632e-05,3.99826278018311e-05,0.438605374613724
"5388","di-n-butylphthalate","84-74-2","SH-SY5Y",20,384,1.30882131476121e-08,7.12865264805705e-07,3.99528865459141e-05,0.0178426473387968
"5389","hexachlorophene","70-30-4","SH-SY5Y",20,384,2.4729325704059e-08,2.16543383314751e-10,3.99392250535645e-05,5.42182235695194e-06
"5390","hexamethylenetetramine","100-97-0","SH-SY5Y",20,384,1.63483774684496e-09,3.54862427784497e-05,3.99879594296289e-05,0.887423196497402
"5391","Malathion","121-75-5","SH-SY5Y",20,384,4.98562798639217e-09,2.26396616533855e-05,3.99849006773698e-05,0.566205274237402
"5392","pentachlorophenol","87-86-5","SH-SY5Y",20,384,1.35395738950665e-08,1.82149924246025e-07,3.99491640088172e-05,0.00455954282812582
"5393","2,2,2-trichloroethanol","115-20-8","SH-SY5Y",20,384,1.81460566359878e-09,3.31915005247152e-05,3.99740224896223e-05,0.830326758667636
"5394","diethylphthalate","84-66-2","SH-SY5Y",20,384,3.45447994129222e-09,2.1469139137832e-05,3.99844205670682e-05,0.536937608032121
"5395","4-chlorophenol","106-48-9","SH-SY5Y",20,384,1.96124311967662e-09,2.22034040880755e-05,3.99837541773366e-05,0.555310639156057
"5396","permethrin","52645-53-1","SH-SY5Y",20,384,2.25933379873422e-08,4.04750565517018e-09,3.99422593457129e-05,0.000101333918548216
"5397","Aniline","62-53-3","SH-SY5Y",20,384,1.0883481552423e-09,3.54128736849118e-05,3.99832462714862e-05,0.885692808544319
"5398","4-fluoroaniline","371-40-4","SH-SY5Y",20,384,1.30877923905008e-09,3.50214041329573e-05,3.99867282937911e-05,0.875825695857074
"5399","2,4,6-trichlorophenol","6/2/1988","SH-SY5Y",20,384,6.04038104447575e-09,4.89287489463769e-06,3.99689401458536e-05,0.122416928664677
"5400","Allyl alcohol","107-18-6","SH-SY5Y",20,384,6.77226539712211e-10,3.54641780236514e-05,3.99758138265074e-05,0.887140864162611
"5401","N-methylaniline","100-61-8","SH-SY5Y",20,384,1.34996281716958e-09,3.11310843112723e-05,3.99678439921172e-05,0.77890326827267
"5402","3,4-dichloroaniline","95-76-1","SH-SY5Y",20,384,2.80025914181323e-09,1.76893671897645e-05,3.99824992659676e-05,0.442427750003647
"5403","4-decylaniline","37529-30-9","SH-SY5Y",20,384,1.33149730629752e-08,6.69100107930519e-09,3.99429400171091e-05,0.000167513985611454
"5404","naphthalene","91-20-3","SH-SY5Y",20,384,3.0757403583648e-09,8.91117829051534e-06,3.9698581353481e-05,0.22447095051506
"5405","1,2,4-trichlorobenzene","120-82-1","SH-SY5Y",20,384,6.51162391221681e-09,2.77902896993357e-06,3.96847783876305e-05,0.0700275794106432
"5406","1,2-dichlorobenzene","95-50-1","SH-SY5Y",20,384,3.75012490846462e-09,7.26082694382405e-06,3.89861850613606e-05,0.186241021849052
"5407","dichloromethane","9/2/1975","SH-SY5Y",20,384,8.44083503718632e-10,2.87302720523699e-05,3.33921657850005e-05,0.86038959669023
"5408","tetrachloroethylene","127-18-4","SH-SY5Y",20,384,3.42598839529855e-09,6.2610669504496e-06,3.21563790172133e-05,0.194706840191741
"5409","2,3-dimethyl-1,3-butadiene","513-81-5","SH-SY5Y",20,384,8.87823142541615e-10,6.16602198608845e-06,2.04919540966523e-05,0.300899658324716
"5410","cyclosporine A","59865-13-3","SH-SY5Y",20,384,2.33315832538945e-08,1.42063008029985e-05,3.9980599188162e-05,0.355329862269921
"5411","chlorpromazine","50-53-3","SH-SY5Y",20,384,1.67818459601688e-08,8.27321976781711e-08,3.99473691833168e-05,0.0020710299418847
"5412","PBDE 47","5436-43-1","SH-SY5Y",20,384,2.85674024629533e-08,1.69761246055445e-09,3.99411492530288e-05,4.25028446177152e-05
"5413","PBDE 99","60348-60-9","SH-SY5Y",20,384,3.40247647367994e-08,4.03453287448055e-10,3.99397311368674e-05,1.01015524131968e-05
"5414","PBDE 153","68631-49-2","SH-SY5Y",20,384,3.95873052682962e-08,7.80154321630176e-11,3.99384642485382e-05,1.95339088848097e-06
"5415","amiodarone","1951-25-3","SH-SY5Y",20,384,3.92617080816113e-08,1.98906800963449e-10,3.99391583617487e-05,4.98024518097882e-06
"5416","PFBS","375-73-5","SH-SY5Y",20,384,3.68725029302092e-09,3.2565904226739e-05,3.99877125815901e-05,0.814397776824373
"5417","4:2 FTS","757124-72-4","SH-SY5Y",20,384,4.21320319678106e-09,3.01573145923702e-05,3.99871602157575e-05,0.754174950900521
"5418","PFNA","375-95-1","SH-SY5Y",20,384,2.59873547194735e-08,1.34149983115118e-08,3.99440024235911e-05,0.000335845120607866
"5419","PFHxA","307-24-4","SH-SY5Y",20,384,1.25687206442246e-08,1.81169131246942e-06,3.99599785699912e-05,0.0453376447461348
"5420","PFBA","375-22-4","SH-SY5Y",20,384,2.71992211803884e-09,3.04798805635054e-05,3.98792487015147e-05,0.764304282451232
"5421","PFOA","335-67-1","SH-SY5Y",20,384,1.60417749236571e-08,2.10212801465804e-06,3.99612582737388e-05,0.052604149755702
"5422","6:2 FTS","27619-97-2","SH-SY5Y",20,384,8.53559194784716e-09,1.34686254191103e-05,3.99800647733259e-05,0.336883531716945
"5423","8:2 FTS","39108-34-4","SH-SY5Y",20,384,2.09464722355687e-08,1.89101103552257e-06,3.99603421682951e-05,0.0473221932774868
"5424","PFUnDA","2058-94-8","SH-SY5Y",20,384,3.12795314352806e-08,1.87111673129211e-08,3.99445486858411e-05,0.000468428557300323
"5425","PFOS","1763-23-1","SH-SY5Y",20,384,2.77328654237286e-08,1.87111673130935e-08,3.99445486862092e-05,0.000468428557300323
"5426","PFHpA","375-85-9","SH-SY5Y",20,384,1.0120949800018e-08,6.38118947629617e-06,3.99721996809323e-05,0.159640688459288
"5427","PFPeA","2706-90-3","SH-SY5Y",20,384,3.92955529749183e-09,2.32139260745433e-05,3.99851176548683e-05,0.580564155767013
"5428","PFHxS","355-46-4","SH-SY5Y",20,384,6.980536567835e-09,1.73837472973486e-05,3.99825532161321e-05,0.43478332169979
"5429","PFDA","335-76-2","SH-SY5Y",20,384,2.94896377787332e-08,5.35235465625823e-09,3.99426360920854e-05,0.000134001036985108
"5430","Azathioprine","446-86-6","SH-SY5Y",20,384,3.23378182690761e-09,3.5476992108985e-05,3.99882137502109e-05,0.887186217683902
"5431","Benzocaine","94-09-7","SH-SY5Y",20,384,2.16487576503285e-09,2.90888627813995e-05,3.99868885601112e-05,0.727460020743324
"5432","Butylated hydroxyanisole","25013-16-5","SH-SY5Y",20,384,NA,NA,NA,NA
"5433","Cetirizine dihydrochloride","83881-52-1","SH-SY5Y",20,384,4.54068287320796e-09,3.54428816432039e-05,3.99883237294427e-05,0.886330767026075
"5434","Cyclamate","139-05-9","SH-SY5Y",20,384,2.09025526112487e-09,3.54850069601596e-05,3.99883027809577e-05,0.887384672326164
"5435","Cyclophosphamide","6055-19-2","SH-SY5Y",20,384,3.04805086366111e-09,3.54426722812672e-05,3.99857007691463e-05,0.886383672150505
"5436","Cypermethrin","67375-30-8","SH-SY5Y",20,384,2.42166082067533e-08,2.89277437546475e-09,3.99418289489833e-05,7.24246848876053e-05
"5437","DEET","134-62-3","SH-SY5Y",20,384,2.72113733031344e-09,2.51541860265689e-05,3.99855161626931e-05,0.629082438856647
"5438","Dexamethasone","50-02-2","SH-SY5Y",20,384,5.21271111660771e-09,2.84098582318236e-05,3.99867177210837e-05,0.71048237642281
"5439","Digoxin","20830-75-5","SH-SY5Y",20,384,9.30484746595065e-09,3.43400681741377e-05,3.99880847461982e-05,0.858757512196242
"5440","Fenazaquin","120928-09-8","SH-SY5Y",20,384,1.63007894192537e-08,6.29181622102181e-08,3.99467929873159e-05,0.00157504914675369
"5441","Fenbuconazole","114369-43-6","SH-SY5Y",20,384,7.80217273138668e-09,9.85918487438372e-06,3.99741229192642e-05,0.246639179408547
"5442","Fluazinam","79622-59-6","SH-SY5Y",20,384,1.69817684174677e-08,2.68901919076327e-06,3.9963487131896e-05,0.0672869007123526
"5443","Furosemide","54-31-9","SH-SY5Y",20,384,4.51253120767763e-09,2.70927801618576e-05,3.9986355775819e-05,0.677550620360394
"5444","Glybenclamide","10238-21-8","SH-SY5Y",20,384,2.41771367120709e-08,3.76834322476949e-07,3.99510584226657e-05,0.0094323989740196
"5445","HC Red 3","1/4/2871","SH-SY5Y",20,384,2.29993045674648e-09,3.54761631549182e-05,3.99881128488018e-05,0.88716772629547
"5446","Hydralazine hydrochloride","304-20-1","SH-SY5Y",20,384,1.87033448995959e-09,3.54416864398242e-05,3.99882141244114e-05,0.886303307508506
"5447","Ketoconazole","65277-42-1","SH-SY5Y",20,384,2.26816045575234e-08,1.30202150502647e-06,3.9957315562178e-05,0.0325853097663775
"5448","Metformin","1115-70-4","SH-SY5Y",20,384,1.50622553009872e-09,3.54859722756233e-05,3.99883293920306e-05,0.887408221727198
"5449","Metoclopramide","364-62-5","SH-SY5Y",20,384,5.01932508974277e-09,1.87585169725509e-05,3.99832574903509e-05,0.469159296915161
"5450","Nitrofurantoin","67-20-9","SH-SY5Y",20,384,2.77738324573439e-09,3.548440400024e-05,3.99883018860048e-05,0.887369613778445
"5451","Oxytetracycline hydrochloride","2058-46-0","SH-SY5Y",20,384,5.36939846342978e-09,3.54867547963086e-05,3.99883382618675e-05,0.887427593612923
"5452","Panthenol","16485-10-2 ","SH-SY5Y",20,384,2.39356280330501e-09,3.54860107419386e-05,3.99883094887996e-05,0.887409625352577
"5453","Paracetamol","103-90-2","SH-SY5Y",20,384,1.76370220171733e-09,3.54633488664555e-05,3.9988317782854e-05,0.88684272889472
"5454","Topiramate","97240-79-4","SH-SY5Y",20,384,3.95751211990484e-09,3.54866526282809e-05,3.99883148835651e-05,0.887425557481183
"5455","Trimellitic anhydride","552-30-7","SH-SY5Y",20,384,2.34720001655468e-09,3.28903472672006e-05,3.99877832195419e-05,0.822509892249472
"5456","Verapamil hydrochloride","152-11-4","SH-SY5Y",20,384,2.03943828292001e-08,9.66271182126671e-07,3.99551057751615e-05,0.0241839225145379
"5457","Warfarin","129-06-6","SH-SY5Y",20,384,4.86783148016717e-09,2.08744820605128e-05,3.99842122129561e-05,0.522068109016009
"5458","2,4-Dinitrophenol","51-28-5","HEK293H",20,384,4.36664354403016e-09,3.10422168516282e-05,3.99760936907051e-05,0.776519514182695
"5459","Aldrin","309-00-2","HEK293H",20,384,1.03761523988517e-07,4.02454134876293e-09,3.97156392096691e-05,0.000101333918548216
"5460","Azinphos-methyl","86-50-0","HEK293H",20,384,1.64398220096479e-08,1.6758479204716e-05,3.99480735134871e-05,0.419506567671106
"5461","Chlorpyrifos","2921-88-2","HEK293H",20,384,8.40816260184167e-08,2.79199208248959e-07,3.97601131837198e-05,0.00702209289392265
"5462","DDD-p,p'","50-29-3","HEK293H",20,384,1.03521285387763e-07,1.27419125495838e-09,3.9707970461296e-05,3.20890551734533e-05
"5463","DDT-o,p'","789-02-6","HEK293H",20,384,1.01229453416658e-07,3.40252678799116e-09,3.97144329199376e-05,8.56748173856718e-05
"5464","DDT-p,p'","72-54-8","HEK293H",20,384,8.82873611526235e-08,1.16114055354078e-08,3.97241310570632e-05,0.000292301057982318
"5465","Diazinon","333-41-5","HEK293H",20,384,4.27773387859372e-08,3.93890993634749e-06,3.98594155462561e-05,0.0988200625213999
"5466","Dicofol","115-32-2","HEK293H",20,384,8.97197300261194e-08,2.37523825212901e-07,3.97578349229683e-05,0.00597426458641695
"5467","Dieldrin","60-57-1","HEK293H",20,384,9.3671427823279e-08,1.81259975564319e-07,3.9753980255697e-05,0.00455954282812582
"5468","Disulfoton","298-04-4","HEK293H",20,384,4.49548025365252e-08,2.62710128456035e-06,3.98352848297296e-05,0.0659491025554235
"5469","Endosulfan I","115-29-7","HEK293H",20,384,5.80824716132542e-08,3.79534244237459e-06,3.98507760451083e-05,0.0952388590394958
"5470","Endrin","72-20-8","HEK293H",20,384,9.77225439213312e-08,7.79290927769132e-08,3.97434046862065e-05,0.0019608056580004
"5471","Ethion","563-12-2","HEK293H",20,384,9.38368502087397e-08,2.0752178103435e-07,3.97559316616803e-05,0.00521989480212269
"5472","Heptachlor","76-44-8","HEK293H",20,384,1.02803298580621e-07,1.22748906824758e-08,3.97243688557284e-05,0.000309001528181754
"5473","Heptachlor epoxide B","1024-57-3","HEK293H",20,384,9.36754396768481e-08,2.64562716924882e-07,3.9758993684694e-05,0.0066541602894424
"5474","Lindane","58-89-9","HEK293H",20,384,3.80216591333402e-08,4.63166055692347e-06,3.98682239756197e-05,0.116174238404897
"5475","Methoxychlor-o,p'","72-43-5","HEK293H",20,384,8.44892566470704e-08,2.01985764583607e-07,3.97555612295039e-05,0.00508069206764731
"5476","Parathion","56-38-2","HEK293H",20,384,4.15791717136028e-08,3.79595080258695e-06,3.98571637761091e-05,0.0952388590394958
"5477","Trifluralin","1582-09-8","HEK293H",20,384,8.50272609733075e-08,9.96547779200212e-08,3.97456758077128e-05,0.00250731119536488
"5478","Eugenol F","97-53-0","HEK293H",20,384,5.60579579143615e-09,2.39081210107999e-05,3.99654894696017e-05,0.598219146771234
"5479","Methyl-antranilate","134-20-3","HEK293H",20,384,3.99008407451488e-09,2.88561019757719e-05,3.99735812140095e-05,0.72187932878175
"5480","Lilyfore","285977-85-7","HEK293H",20,384,1.48322366344986e-08,9.71575139409285e-06,3.99153592091174e-05,0.243408842776331
"5481","Damascone beta","23726-91-2","HEK293H",20,384,3.70834019748422e-08,1.4818080772155e-06,3.97732323664484e-05,0.0372564156607375
"5482","Veloutone","14595-54-1","HEK293H",20,384,5.59416277405033e-08,1.17363235234736e-07,3.97469225993101e-05,0.00295276281934776
"5483","Verdox","82356-51-2","HEK293H",20,384,NA,NA,NA,NA
"5484","Nirvanol","1506-02-1","HEK293H",20,384,NA,NA,NA,NA
"5485","Cetalox","3738-00-9","HEK293H",20,384,6.0404299925001e-08,8.45753036535115e-08,3.97362068752397e-05,0.0021284191497959
"5486","Tonalide","21145-77-7","HEK293H",20,384,6.84141752619188e-08,3.7128939656803e-08,3.97351134736304e-05,0.000934411315609884
"5487","Caffeine","8/2/1958","HEK293H",20,384,3.69254642241642e-09,3.54704356836425e-05,3.99770976867153e-05,0.887268904851729
"5488","Lamotrigine","84057-84-1","HEK293H",20,384,1.12220902889082e-08,1.95055911616703e-05,3.99561775771093e-05,0.488174603890161
"5489","Diclofenac","15307-79-6","HEK293H",20,384,5.66272568082194e-09,3.54378789244758e-05,3.99808784639809e-05,0.886370692339892
"5490","2,4-Dichlorophenoxyacetic","94-75-7","HEK293H",20,384,1.21351414592657e-08,1.5845080217153e-05,3.99450964870688e-05,0.396671471860942
"5491","(S)-Naproxen","22204-53-1","HEK293H",20,384,1.82599883798331e-08,1.05028060657117e-05,3.99206975997024e-05,0.263091746818322
"5492","Ibuprofen","15687-27-1","HEK293H",20,384,2.71916419297207e-08,4.55073566870924e-06,3.98681547345114e-05,0.114144627435439
"5493","Torasemide","56211-40-6","HEK293H",20,384,3.32743549270335e-08,8.11618771140495e-06,3.99044992873126e-05,0.20339029072808
"5494","Warfarin","81-81-2","HEK293H",20,384,1.52320084029339e-08,1.75225438057815e-05,3.99505907131518e-05,0.438605374613724
"5495","di-n-butylphthalate","84-74-2","HEK293H",20,384,6.25297106707807e-08,7.09695884965269e-07,3.9775257084307e-05,0.0178426473387968
"5496","hexachlorophene","70-30-4","HEK293H",20,384,1.22587719232204e-07,2.15239449115112e-10,3.96987276499623e-05,5.42182235695194e-06
"5497","hexamethylenetetramine","100-97-0","HEK293H",20,384,2.66437464536473e-09,3.54797257211237e-05,3.99806156309185e-05,0.887423196497402
"5498","Malathion","121-75-5","HEK293H",20,384,1.21017985644852e-08,2.26274652236766e-05,3.99633600272491e-05,0.566205274237402
"5499","pentachlorophenol","87-86-5","HEK293H",20,384,6.54971340005068e-08,1.81260449453728e-07,3.97540841892332e-05,0.00455954282812582
"5500","2,2,2-trichloroethanol","115-20-8","HEK293H",20,384,3.19841927039203e-09,3.31838123049722e-05,3.99647632195063e-05,0.830326758667636
"5501","diethylphthalate","84-66-2","HEK293H",20,384,8.69590492848911e-09,2.1456475730242e-05,3.99608360622757e-05,0.536937608032121
"5502","4-chlorophenol","106-48-9","HEK293H",20,384,4.82547117584917e-09,2.21910324568007e-05,3.99614754194624e-05,0.555310639156057
"5503","permethrin","52645-53-1","HEK293H",20,384,1.11262665950214e-07,4.02454260867835e-09,3.97156516429732e-05,0.000101333918548216
"5504","Aniline","62-53-3","HEK293H",20,384,1.7891958357654e-09,3.54062092686152e-05,3.99757217480484e-05,0.885692808544319
"5505","4-fluoroaniline","371-40-4","HEK293H",20,384,2.18724509128638e-09,3.50144804987926e-05,3.99788230288536e-05,0.875825695857074
"5506","2,4,6-trichlorophenol","6/2/1988","HEK293H",20,384,2.51772822345055e-08,4.8810103555749e-06,3.98720210416724e-05,0.122416928664677
"5507","Allyl alcohol","107-18-6","HEK293H",20,384,1.10487388390499e-09,3.54576479858326e-05,3.99684530588068e-05,0.887140864162611
"5508","N-methylaniline","100-61-8","HEK293H",20,384,2.52848268942083e-09,3.1122521511238e-05,3.99568505858971e-05,0.77890326827267
"5509","3,4-dichloroaniline","95-76-1","HEK293H",20,384,7.9289296493245e-09,1.76753624136341e-05,3.99508448859467e-05,0.442427750003647
"5510","4-decylaniline","37529-30-9","HEK293H",20,384,6.54665491143334e-08,6.65356967156492e-09,3.97194875835488e-05,0.000167513985611454
"5511","naphthalene","91-20-3","HEK293H",20,384,1.13605006909516e-08,8.89676944010721e-06,3.96343910857646e-05,0.22447095051506
"5512","1,2,4-trichlorobenzene","120-82-1","HEK293H",20,384,2.89211049020685e-08,2.7704408575311e-06,3.95621393863291e-05,0.0700275794106432
"5513","1,2-dichlorobenzene","95-50-1","HEK293H",20,384,1.44947693048699e-08,7.24755061872325e-06,3.89148993426237e-05,0.186241021849052
"5514","dichloromethane","9/2/1975","HEK293H",20,384,1.43634526536613e-09,2.8725262023397e-05,3.33863428078375e-05,0.86038959669023
"5515","tetrachloroethylene","127-18-4","HEK293H",20,384,1.31139293792916e-08,6.25191779289796e-06,3.21093896174437e-05,0.194706840191741
"5516","2,3-dimethyl-1,3-butadiene","513-81-5","HEK293H",20,384,2.99338332442467e-09,6.16206945398094e-06,2.04788183818113e-05,0.300899658324716
"5517","cyclosporine A","59865-13-3","HEK293H",20,384,7.35676193570059e-08,1.41914577834166e-05,3.99388266799718e-05,0.355329862269921
"5518","chlorpromazine","50-53-3","HEK293H",20,384,8.1598020739756e-08,8.23112096599137e-08,3.97440944697343e-05,0.0020710299418847
"5519","PBDE 47","5436-43-1","HEK293H",20,384,1.41018279101082e-07,1.68777389493559e-09,3.97096690848811e-05,4.25028446177152e-05
"5520","PBDE 99","60348-60-9","HEK293H",20,384,1.68482649800928e-07,4.01048015769932e-10,3.97016220245512e-05,1.01015524131968e-05
"5521","PBDE 153","68631-49-2","HEK293H",20,384,1.96539863249116e-07,7.7539050815955e-11,3.96945901986121e-05,1.95339088848097e-06
"5522","amiodarone","1951-25-3","HEK293H",20,384,1.94654368890929e-07,1.97707542390247e-10,3.96983552427009e-05,4.98024518097882e-06
"5523","PFBS","375-73-5","HEK293H",20,384,6.62209311968759e-09,3.25579397834443e-05,3.9977933032184e-05,0.814397776824373
"5524","4:2 FTS","757124-72-4","HEK293H",20,384,8.12752506467953e-09,3.01483184519963e-05,3.99752317628659e-05,0.754174950900521
"5525","PFNA","375-95-1","HEK293H",20,384,1.2745534308604e-07,1.33415680219491e-08,3.97253591113707e-05,0.000335845120607866
"5526","PFHxA","307-24-4","HEK293H",20,384,5.76275819174891e-08,1.80518641618634e-06,3.98165018561146e-05,0.0453376447461348
"5527","PFBA","375-22-4","HEK293H",20,384,5.18377825555975e-09,3.04711062799407e-05,3.98677686094019e-05,0.764304282451232
"5528","PFOA","335-67-1","HEK293H",20,384,7.28480980093391e-08,2.09491124373582e-06,3.98240681289358e-05,0.052604149755702
"5529","6:2 FTS","27619-97-2","HEK293H",20,384,2.75286029442271e-08,1.34536817458084e-05,3.99357061986406e-05,0.336883531716945
"5530","8:2 FTS","39108-34-4","HEK293H",20,384,9.5785350158967e-08,1.88430585954008e-06,3.98186501731003e-05,0.0473221932774868
"5531","PFUnDA","2058-94-8","HEK293H",20,384,1.53206927753947e-07,1.86099170260949e-08,3.97283998510867e-05,0.000468428557300323
"5532","PFOS","1763-23-1","HEK293H",20,384,1.3583538225875e-07,1.86099170262787e-08,3.9728399851479e-05,0.000468428557300323
"5533","PFHpA","375-85-9","HEK293H",20,384,4.03666747420712e-08,6.36792669445664e-06,3.98891207242608e-05,0.159640688459288
"5534","PFPeA","2706-90-3","HEK293H",20,384,9.36990585285258e-09,2.3201964429084e-05,3.99645141688616e-05,0.580564155767013
"5535","PFHxS","355-46-4","HEK293H",20,384,1.99538815383768e-08,1.73696496891452e-05,3.99501287704376e-05,0.43478332169979
"5536","PFDA","335-76-2","HEK293H",20,384,1.45098829915176e-07,5.32221975189596e-09,3.97177504864194e-05,0.000134001036985108
"5537","Azathioprine","446-86-6","HEK293H",20,384,5.27478262993057e-09,3.54704612635048e-05,3.99808524484346e-05,0.887186217683902
"5538","Benzocaine","94-09-7","HEK293H",20,384,4.31229377671869e-09,2.9079406031513e-05,3.99738888768065e-05,0.727460020743324
"5539","Butylated hydroxyanisole","25013-16-5","HEK293H",20,384,NA,NA,NA,NA
"5540","Cetirizine dihydrochloride","83881-52-1","HEK293H",20,384,7.43806189581576e-09,3.54362781405305e-05,3.99808733475773e-05,0.886330767026075
"5541","Cyclamate","139-05-9","HEK293H",20,384,3.40694881261854e-09,3.54784882554068e-05,3.9980956806933e-05,0.887384672326164
"5542","Cyclophosphamide","6055-19-2","HEK293H",20,384,4.99156737615025e-09,3.54360746014547e-05,3.99782574012011e-05,0.886383672150505
"5543","Cypermethrin","67375-30-8","HEK293H",20,384,1.19372651979482e-07,2.87621985595015e-09,3.97132532977356e-05,7.24246848876053e-05
"5544","DEET","134-62-3","HEK293H",20,384,6.110817080521e-09,2.51430375229339e-05,3.99677943142574e-05,0.629082438856647
"5545","Dexamethasone","50-02-2","HEK293H",20,384,1.0598418479425e-08,2.84001083206147e-05,3.99729947751916e-05,0.71048237642281
"5546","Digoxin","20830-75-5","HEK293H",20,384,1.58633965644585e-08,3.43328560922079e-05,3.9979686470984e-05,0.858757512196242
"5547","Fenazaquin","120928-09-8","HEK293H",20,384,7.93815767810698e-08,6.25938954831989e-08,3.97409157753651e-05,0.00157504914675369
"5548","Fenbuconazole","114369-43-6","HEK293H",20,384,2.8065104650131e-08,9.8443481848463e-06,3.99139674744845e-05,0.246639179408547
"5549","Fluazinam","79622-59-6","HEK293H",20,384,7.56817449604795e-08,2.68052677110711e-06,3.9837275052483e-05,0.0672869007123526
"5550","Furosemide","54-31-9","HEK293H",20,384,9.5492828679502e-09,2.70824619234528e-05,3.9971127041471e-05,0.677550620360394
"5551","Glybenclamide","10238-21-8","HEK293H",20,384,1.16269912890515e-07,3.75075909904649e-07,3.9764635798141e-05,0.0094323989740196
"5552","HC Red 3","1/4/2871","HEK293H",20,384,3.75182737406620e-09,3.54696310342038e-05,3.99807499561709e-05,0.887167726295471
"5553","Hydralazine hydrochloride","304-20-1","HEK293H",20,384,3.06423836239792e-09,3.54350803837903e-05,3.99807606308072e-05,0.886303307508506
"5554","Ketoconazole","65277-42-1","HEK293H",20,384,1.05847024087429e-07,1.29692211152512e-06,3.98008219293753e-05,0.0325853097663775
"5555","Metformin","1115-70-4","HEK293H",20,384,2.45485930671747e-09,3.54794545826432e-05,3.99809847530915e-05,0.887408221727198
"5556","Metoclopramide","364-62-5","HEK293H",20,384,1.37476099962043e-08,1.8744858013288e-05,3.99541437983646e-05,0.469159296915161
"5557","Nitrofurantoin","67-20-9","HEK293H",20,384,4.5271293034074e-09,3.54778845592135e-05,3.99809549575939e-05,0.887369613778445
"5558","Oxytetracycline hydrochloride","2058-46-0","HEK293H",20,384,8.75069159840327e-09,3.54802377300282e-05,3.99809944894546e-05,0.887427593612923
"5559","Panthenol","16485-10-2 ","HEK293H",20,384,3.90103465416208e-09,3.54794931094592e-05,3.99809649296544e-05,0.887409625352577
"5560","Paracetamol","103-90-2","HEK293H",20,384,2.8814395001043e-09,3.54567912001542e-05,3.99809233868832e-05,0.88684272889472
"5561","Topiramate","97240-79-4","HEK293H",20,384,6.44971807676242e-09,3.54801355197085e-05,3.99809710466456e-05,0.887425557481183
"5562","Trimellitic anhydride","552-30-7","HEK293H",20,384,4.17536155310327e-09,3.28825208947104e-05,3.99782679874894e-05,0.822509892249472
"5563","Verapamil hydrochloride","152-11-4","HEK293H",20,384,9.63686174941859e-08,9.62229489368445e-07,3.97879826479766e-05,0.0241839225145379
"5564","Warfarin","129-06-6","HEK293H",20,384,1.2482627270226e-08,2.0861588595551e-05,3.9959515310887e-05,0.522068109016009
