,Chemical,CAS,Cell.type,FBS,Well,Q_cells,Q_media_free,Q_media,F_free_media,IOC,pKa
1,Caffeine,58-08-2,Rat cerebellar granule cell,2,96,6.18E-08,0.000149848,0.000149938,0.999396318,N,
2,Lamotrigine,84057-84-1,Rat cerebellar granule cell,2,96,1.53E-05,0.000121088,0.000134712,0.898869215,B,6.6
3,Diclofenac,15307-79-6,Rat cerebellar granule cell,2,96,4.37E-06,1.1134E-05,0.000145631,0.076453185,B,17.6
4,"2,4-Dichlorophenoxyacetic",94-75-7,Rat cerebellar granule cell,2,96,1.90E-09,0.000149989,0.000149998,0.999941899,A,2.7
5,(S)-Naproxen,22204-53-1,Rat cerebellar granule cell,2,96,1.04E-07,0.000149631,0.000149896,0.998232857,A,4.4
6,Ibuprofen,15687-27-1,Rat cerebellar granule cell,2,96,3.47E-06,1.43E-04,0.000146526,0.976571415,A,5.4
7,Torasemide,56211-40-6,Rat cerebellar granule cell,2,96,6.48E-08,1.50E-04,0.000149935,0.99875245,A,4
8,Warfarin,81-81-2,Rat cerebellar granule cell,2,96,4.42E-08,0.000149815,0.000149956,0.99905937,A,4.5
9,di-n-butylphthalate,84-74-2,Rat cerebellar granule cell,2,96,9.05E-05,2.11E-05,5.95E-05,0.354330737,N,
10,hexachlorophene,70-30-4,Rat cerebellar granule cell,2,96,1.30E-04,1.27E-07,2.01E-05,6.30E-03,A,6.2
11,hexamethylenetetramine,100-97-0,Rat cerebellar granule cell,2,96,4.44E-09,0.000149973,0.000149996,0.999849609,B,6.4
12,Malathion,121-75-5,Rat cerebellar granule cell,2,96,1.23E-05,0.000123261,0.000137659,0.895410824,N,
13,pentachlorophenol,87-86-5,Rat cerebellar granule cell,2,96,2.63E-05,1.09E-04,1.24E-04,0.880747494,A,5
14,"2,2,2-trichloroethanol",115-20-8,Rat cerebellar granule cell,2,96,1.57E-06,0.000146102,0.000148425,0.984344932,N,
15,diethylphthalate,84-66-2,Rat cerebellar granule cell,2,96,1.28E-05,0.000128439,0.00013725,0.935804512,N,
16,4-chlorophenol,106-48-9,Rat cerebellar granule cell,2,96,1.33E-05,0.000123194,0.000136728,0.901014896,N,
17,permethrin,52645-53-1,Rat cerebellar granule cell,2,96,1.28E-04,3.31E-08,2.24E-05,0.00147847,N,
18,Aniline,62-53-3,Rat cerebellar granule cell,2,96,1.22E-06,0.000147358,0.000148784,0.990416248,N,
19,4-fluoroaniline,371-40-4,Rat cerebellar granule cell,2,96,1.16E-06,0.000147329,0.000148837,0.989867198,N,
20,"2,4,6-trichlorophenol",88-06-2,Rat cerebellar granule cell,2,96,4.09E-05,8.94E-05,0.000109138,0.818887929,A,6.8
21,Allyl alcohol,107-18-6,Rat cerebellar granule cell,2,96,7.82E-08,0.000149772,0.000149922,0.99899872,N,
22,N-methylaniline,100-61-8,Rat cerebellar granule cell,2,96,3.77E-06,0.000142954,0.000146231,0.977589057,N,
23,"3,4-dichloroaniline",95-76-1,Rat cerebellar granule cell,2,96,2.99E-05,9.82754E-05,0.000120069,0.818491891,N,
24,4-decylaniline,37529-30-9,Rat cerebellar granule cell,2,96,1.18E-04,3.32E-07,3.19E-05,0.010419834,N,
25,naphthalene,91-20-3,Rat cerebellar granule cell,2,96,5.17E-05,7.33E-05,9.82905E-05,0.74560973,N,
26,"1,2,4-trichlorobenzene",120-82-1,Rat cerebellar granule cell,2,96,9.74E-05,1.78E-05,5.25709E-05,0.337853814,N,
27,"1,2-dichlorobenzene",95-50-1,Rat cerebellar granule cell,2,96,6.39E-05,5.71E-05,8.61448E-05,0.662854229,N,
28,dichloromethane,75-09-2,Rat cerebellar granule cell,2,96,2.11E-06,0.000145789,0.000147887,0.985811083,N,
29,tetrachloroethylene,127-18-4,Rat cerebellar granule cell,2,96,5.19E-05,7.46E-05,9.81E-05,0.759754206,N,
30,"2,3-dimethyl-1,3-butadiene",513-81-5,Rat cerebellar granule cell,2,96,1.66E-05,1.23E-04,1.33E-04,0.923148558,N,
31,Eugenol F,97-53-0,Rat cerebellar granule cell,2,96,9.85E-06,0.000132386,0.00014015,0.944598641,N,
32,Methyl-antranilate,134-20-3,Rat cerebellar granule cell,2,96,3.40E-06,0.000144188,0.000146605,0.983510579,N,
33,Lilyfore,285977-85-7,Rat cerebellar granule cell,2,96,5.64E-05,6.95E-05,9.35748E-05,0.742878677,N,
34,Damascone beta,23726-91-2,Rat cerebellar granule cell,2,96,1.09E-04,1.17E-05,4.09E-05,0.287132152,N,
35,Veloutone,14595-54-1,Rat cerebellar granule cell,2,96,1.25E-04,1.34E-06,2.53E-05,0.052998348,N,
36,Verdox,82356-51-2,Rat cerebellar granule cell,2,96,0.000130318,9.24717E-08,1.9682E-05,0.004698297,N,
37,Nirvanol,1506-02-1,Rat cerebellar granule cell,2,96,0.000127399,5.16968E-07,2.26007E-05,0.022873913,N,
38,Cetalox,3738-00-9,Rat cerebellar granule cell,2,96,1.26E-04,1.02E-06,2.44E-05,0.041883862,N,
39,Tonalide,21145-77-7,Rat cerebellar granule cell,2,96,1.27E-04,5.17E-07,2.26E-05,0.022873913,N,
40,"2,4-Dinitrophenol",51-28-5,Rat cerebellar granule cell,2,96,2.66E-09,0.000149984,0.000149997,0.999910972,A,4.1
41,Aldrin,309-00-2,Rat cerebellar granule cell,2,96,1.21E-04,5.40E-07,2.88E-05,0.018745173,N,
42,Azinphos-methyl,86-50-0,Rat cerebellar granule cell,2,96,2.78E-05,0.000106864,0.000122173,0.874693198,N,
43,Chlorpyrifos,2921-88-2,Rat cerebellar granule cell,2,96,1.04E-04,1.61E-05,4.56E-05,0.353354931,N,
44,"DDD-p,p'",50-29-3,Rat cerebellar granule cell,2,96,1.22E-04,3.40E-08,2.78E-05,0.001225605,N,
45,"DDT-o,p'",789-02-6,Rat cerebellar granule cell,2,96,1.19E-04,1.07E-07,3.12E-05,0.003418191,N,
46,"DDT-p,p'",72-54-8,Rat cerebellar granule cell,2,96,1.21E-04,1.00E-07,2.88E-05,0.003470824,N,
47,Diazinon,333-41-5,Rat cerebellar granule cell,2,96,4.62E-05,7.87E-05,0.00010385,0.757909574,N,
48,Dicofol,115-32-2,Rat cerebellar granule cell,2,96,1.22E-04,2.41E-06,2.78E-05,0.086789173,N,
49,Dieldrin,60-57-1,Rat cerebellar granule cell,2,96,1.17E-04,2.76E-06,3.32E-05,0.0830581,N,
50,Disulfoton,298-04-4,Rat cerebellar granule cell,2,96,6.89E-05,5.52E-05,8.11322E-05,0.680904958,N,
51,Endosulfan I,115-29-7,Rat cerebellar granule cell,2,96,9.25E-05,3.09E-05,5.75456E-05,0.537247487,N,
52,Endrin,72-20-8,Rat cerebellar granule cell,2,96,7.18E-05,3.83E-05,7.82E-05,0.48983608,N,
53,Ethion,563-12-2,Rat cerebellar granule cell,2,96,7.35E-05,3.36E-05,7.65E-05,0.438672621,N,
54,Heptachlor,76-44-8,Rat cerebellar granule cell,2,96,1.24E-04,8.69E-07,2.62E-05,0.033122055,N,
55,Heptachlor epoxide B,1024-57-3,Rat cerebellar granule cell,2,96,1.18E-04,1.78E-06,3.16E-05,0.056219672,N,
56,Lindane,58-89-9,Rat cerebellar granule cell,2,96,6.58E-05,5.98E-05,8.41555E-05,0.710174209,N,
57,"Methoxychlor-o,p'",72-43-5,Rat cerebellar granule cell,2,96,1.10E-04,1.81E-06,4.01E-05,0.045133402,N,
58,Parathion,56-38-2,Rat cerebellar granule cell,2,96,5.97E-05,6.73E-05,9.02946E-05,0.745240963,N,
59,Trifluralin,1582-09-8,Rat cerebellar granule cell,2,96,8.08E-05,1.34E-05,6.92E-05,0.193495379,N,
60,Cisapride,81098-60-4,Rat cerebellar granule cell,2,96,3.81E-05,9.31E-05,0.000111949,0.831389931,B,7.8
61,Citalopram hydrobromide,59729-33-8,Rat cerebellar granule cell,2,96,9.53E-07,1.43E-04,0.000149047,0.960105784,N,
62,Dofetilide,115256-11-6,Rat cerebellar granule cell,2,96,1.02E-06,0.000147578,0.00014898,0.990589188,B,8.4
63,Moxifloxacin hydrochloride,186826-86-8,Rat cerebellar granule cell,2,96,3.65E-08,0.000149841,0.000149964,0.999184765,A,6
64,N-acetylpro-cainamide,32795-44-1,Rat cerebellar granule cell,2,96,1.74E-08,0.000149913,0.000149983,0.999534833,B,9.2
65,Quinidine sulfate,50-54-4,Rat cerebellar granule cell,2,96,1.40E-06,1.47E-04,0.000148599,0.988100699,B,9.3
66,Sematilide,101526-83-4,Rat cerebellar granule cell,2,96,1.81E-08,0.00014991,0.000149982,0.999520996,B,9.1
67,Sotalol hydrochloride,959-24-0,Rat cerebellar granule cell,2,96,3.96E-09,0.000149976,0.000149996,0.999865169,B,9
68,Mifepristone,84371-65-3,Rat cerebellar granule cell,2,96,1.21E-04,3.31E-06,2.95E-05,0.112485212,N,
69,Perfluorobutanesulfonic_acid,375-73-5,Rat cerebellar granule cell,2,96,9.26E-10,0.000149999,0.000149999,0.999999999,A,-2.9
70,4_2_Fluorotelomer_sulfonic_acid,757124-72-4,Rat cerebellar granule cell,2,96,,,,,A,1.4
71,Perfluorononanoic_acid,375-95-1,Rat cerebellar granule cell,2,96,3.77E-05,6.13E-06,1.12E-04,0.054561056,A,0.1
72,Perfluorohexanoic_acid,307-24-4,Rat cerebellar granule cell,2,96,7.99E-06,1.07E-04,1.42E-04,0.750395014,A,0.1
73,Perfluorobutanoic_acid,375-22-4,Rat cerebellar granule cell,2,96,,,,,A,0.1
74,Perfluorooctanoic_acid,335-67-1,Rat cerebellar granule cell,2,96,1.86E-05,1.50E-05,1.31E-04,0.114451504,A,0.1
75,6_2_Fluorotelomer_sulfonic_acid,27619-97-2,Rat cerebellar granule cell,2,96,1.75E-06,6.38269E-05,0.000148252,0.430530653,A,1.4
76,8_2_Fluorotelomer_sulfonic_acid,39108-34-4,Rat cerebellar granule cell,2,96,2.85E-06,9.29E-06,1.47E-04,0.063126903,A,1.4
77,Perfluoroundecanoic_acid,2058-94-8,Rat cerebellar granule cell,2,96,2.23E-05,1.74E-06,1.28E-04,0.013632841,A,0.1
78,Perfluorooctanesulfonic_acid,1763-23-1,Rat cerebellar granule cell,2,96,6.76E-05,2.61E-06,8.24E-05,0.031658894,A,-2.9
79,Perfluoroheptanoic_acid,375-85-9,Rat cerebellar granule cell,2,96,9.61E-06,2.74E-05,0.000140394,0.195370366,A,0.1
80,Perfluoropentanoic_acid,2706-90-3,Rat cerebellar granule cell,2,96,,,,,A,0.1
81,Perfluorohexanesulfonic_acid,355-46-4,Rat cerebellar granule cell,2,96,2.79E-05,5.79379E-06,0.000122117,0.047444499,A,-2.9
82,Perfluorodecanoic_acid,335-76-2,Rat cerebellar granule cell,2,96,5.88E-05,2.64E-06,9.12E-05,0.028969216,A,0.1
83,cyclosporine A,59865-13-3,Rat cerebellar granule cell,2,96,2.00E-06,8.48232E-05,0.000147997,0.573140695,N,
84,chlorpromazine,50-53-3,Rat cerebellar granule cell,2,96,6.72E-05,5.64E-05,8.28E-05,0.680871579,B,9.4
85,PBDE 47,5436-43-1,Rat cerebellar granule cell,2,96,1.26E-04,7.13E-08,2.37E-05,0.003004713,N,
86,PBDE 99,60348-60-9,Rat cerebellar granule cell,2,96,1.28E-04,2.97E-08,2.19E-05,1.36E-03,N,
87,PBDE 153,68631-49-2,Rat cerebellar granule cell,2,96,1.30E-04,1.10E-08,2.05E-05,5.39E-04,N,
88,amiodarone,1951-25-3,Rat cerebellar granule cell,2,96,1.29E-04,2.86E-07,2.14E-05,1.34E-02,B,9
89,Azathioprine,446-86-6,Rat cerebellar granule cell,2,96,1.30E-08,0.000149931,0.000149987,0.999629327,A,8.2
90,Benzocaine,94-09-7,Rat cerebellar granule cell,2,96,5.56E-06,0.00013933,0.000144442,0.964611039,N,
91,Butylated hydroxyanisole,25013-16-5,Rat cerebellar granule cell,2,96,6.81332E-05,5.52701E-05,8.18668E-05,0.6751223,N,
92,Cetirizine dihydrochloride,83881-52-1,Rat cerebellar granule cell,2,96,1.72E-09,0.000149991,0.000149998,0.99995036,A,4.7
93,Cyclamate,139-05-9,Rat cerebellar granule cell,2,96,9.26E-10,0.000149999,0.000149999,1,B,17.6
94,Cyclophosphamide,6055-19-2,Rat cerebellar granule cell,2,96,3.20E-07,0.000149077,0.00014968,0.99597563,B,6.1
95,Cypermethrin,67375-30-8,Rat cerebellar granule cell,2,96,1.31E-04,6.25E-08,1.92E-05,0.003250177,N,
96,DEET,134-62-3,Rat cerebellar granule cell,2,96,4.40E-06,0.000142101,0.000145605,0.975935279,N,
97,Dexamethasone,50-02-2,Rat cerebellar granule cell,2,96,2.59E-06,0.000140551,0.000147414,0.953442665,N,
98,Digoxin,20830-75-5,Rat cerebellar granule cell,2,96,7.33E-08,0.000149648,0.000149927,0.998138575,N,
99,Fenazaquin,120928-09-8,Rat cerebellar granule cell,2,96,1.26E-04,7.97E-07,2.37E-05,0.033636478,N,
100,Fenbuconazole,114369-43-6,Rat cerebellar granule cell,2,96,5.58E-05,7.03E-05,9.42265E-05,0.746342805,N,
101,Fluazinam,79622-59-6,Rat cerebellar granule cell,2,96,9.70E-05,1.44E-05,5.29526E-05,0.271137719,N,
102,Furosemide,54-31-9,Rat cerebellar granule cell,2,96,1.27E-09,0.000149995,0.000149999,0.999973571,A,3
103,Glybenclamide,10238-21-8,Rat cerebellar granule cell,2,96,1.60E-05,1.24E-04,1.34E-04,0.922485861,A,5
104,HC Red 3,2871-01-4,Rat cerebellar granule cell,2,96,9.30E-08,0.000149663,0.000149907,0.998372534,N,
105,Hydralazine hydrochloride,304-20-1,Rat cerebellar granule cell,2,96,3.46E-07,0.000149016,0.000149654,0.995738579,B,6
106,Ketoconazole,65277-42-1,Rat cerebellar granule cell,2,96,7.23E-05,5.03E-05,7.77E-05,0.647853083,B,6.6
107,Metformin,1115-70-4,Rat cerebellar granule cell,2,96,1.00E-09,0.000149998,0.000149999,0.999991646,B,9.6
108,Metoclopramide,364-62-5,Rat cerebellar granule cell,2,96,6.89E-07,0.000148259,0.000149311,0.992949243,B,9
109,Nitrofurantoin,67-20-9,Rat cerebellar granule cell,2,96,1.15E-08,0.000149938,0.000149989,0.999664266,A,7.3
110,Oxytetracycline hydrochloride,2058-46-0,Rat cerebellar granule cell,2,96,9.31E-10,0.000149999,0.000149999,0.999999095,A,4.5
111,Panthenol,16485-10-2 ,Rat cerebellar granule cell,2,96,9.89E-09,0.000149945,0.00014999,0.99970141,N,
112,Paracetamol,103-90-2,Rat cerebellar granule cell,2,96,3.11E-07,0.000148887,0.000149689,0.994641318,N,
113,Topiramate,97240-79-4,Rat cerebellar granule cell,2,96,9.85E-10,0.000149998,0.000149999,0.999993183,A,9.2
114,Trimellitic anhydride,552-30-7,Rat cerebellar granule cell,2,96,1.12E-09,0.000149996,0.000149999,0.999983025,A,3.3
115,Verapamil hydrochloride,152-11-4,Rat cerebellar granule cell,2,96,2.43E-05,1.12E-04,1.26E-04,0.88890492,B,9.2
116,Warfarin,129-06-6,Rat cerebellar granule cell,2,96,9.72E-06,5.84231E-05,0.000140278,0.416479603,N,
117,Caffeine,58-08-2,Balbc_3T3,2,96,5.13E-08,0.000149858,0.000149949,0.999396318,N,
118,Lamotrigine,84057-84-1,Balbc_3T3,2,96,4.34E-06,0.000130927,0.000145657,0.898869215,B,6.6
119,Diclofenac,15307-79-6,Balbc_3T3,2,96,1.95E-05,9.97999E-06,0.000130537,0.076453185,B,17.6
120,"2,4-Dichlorophenoxyacetic",94-75-7,Balbc_3T3,2,96,3.12E-08,0.00014996,0.000149969,0.999941899,A,2.7
121,(S)-Naproxen,22204-53-1,Balbc_3T3,2,96,8.38E-08,0.000149651,0.000149916,0.998232857,A,4.4
122,Ibuprofen,15687-27-1,Balbc_3T3,2,96,1.01E-06,1.46E-04,0.000148995,0.976571415,A,5.4
123,Torasemide,56211-40-6,Balbc_3T3,2,96,6.68E-08,1.50E-04,0.000149933,0.99875245,A,4
124,Warfarin,81-81-2,Balbc_3T3,2,96,5.71E-08,0.000149802,0.000149943,0.99905937,A,4.5
125,di-n-butylphthalate,84-74-2,Balbc_3T3,2,96,3.33E-05,4.13E-05,0.000116671,0.354330737,N,
126,hexachlorophene,70-30-4,Balbc_3T3,2,96,7.26E-05,4.88E-07,7.74097E-05,6.30E-03,A,6.2
127,hexamethylenetetramine,100-97-0,Balbc_3T3,2,96,3.36E-08,0.000149944,0.000149966,0.999849609,B,6.4
128,Malathion,121-75-5,Balbc_3T3,2,96,4.01E-06,0.000130719,0.000145988,0.895410824,N,
129,pentachlorophenol,87-86-5,Balbc_3T3,2,96,6.42E-06,1.26E-04,0.000143582,0.880747494,A,5
130,"2,2,2-trichloroethanol",115-20-8,Balbc_3T3,2,96,5.89E-07,0.000147072,0.000149411,0.984344932,N,
131,diethylphthalate,84-66-2,Balbc_3T3,2,96,3.16E-06,0.000137414,0.00014684,0.935804512,N,
132,4-chlorophenol,106-48-9,Balbc_3T3,2,96,4.01E-06,0.000131536,0.000145986,0.901014896,N,
133,permethrin,52645-53-1,Balbc_3T3,2,96,6.87E-05,1.20E-07,8.12966E-05,0.00147847,N,
134,Aniline,62-53-3,Balbc_3T3,2,96,4.03E-07,0.000148164,0.000149597,0.990416248,N,
135,4-fluoroaniline,371-40-4,Balbc_3T3,2,96,4.09E-07,0.000148075,0.000149591,0.989867198,N,
136,"2,4,6-trichlorophenol",88-06-2,Balbc_3T3,2,96,1.03E-05,1.14E-04,0.000139675,0.818887929,A,6.8
137,Allyl alcohol,107-18-6,Balbc_3T3,2,96,6.26E-08,0.000149787,0.000149937,0.99899872,N,
138,N-methylaniline,100-61-8,Balbc_3T3,2,96,1.02E-06,0.000145643,0.000148981,0.977589057,N,
139,"3,4-dichloroaniline",95-76-1,Balbc_3T3,2,96,8.34E-06,0.000115948,0.000141661,0.818491891,N,
140,4-decylaniline,37529-30-9,Balbc_3T3,2,96,5.64E-05,9.75E-07,9.35504E-05,0.010419834,N,
141,naphthalene,91-20-3,Balbc_3T3,2,96,1.41E-05,1.01E-04,0.000135897,0.74560973,N,
142,"1,2,4-trichlorobenzene",120-82-1,Balbc_3T3,2,96,3.71E-05,3.82E-05,0.000112929,0.337853814,N,
143,"1,2-dichlorobenzene",95-50-1,Balbc_3T3,2,96,1.87E-05,8.70E-05,0.000131258,0.662854229,N,
144,dichloromethane,75-09-2,Balbc_3T3,2,96,6.21E-07,0.00014726,0.000149379,0.985811083,N,
145,tetrachloroethylene,127-18-4,Balbc_3T3,2,96,1.39E-05,1.03E-04,1.36E-04,0.759754206,N,
146,"2,3-dimethyl-1,3-butadiene",513-81-5,Balbc_3T3,2,96,3.99E-06,1.35E-04,1.46E-04,0.923148558,N,
147,Eugenol F,97-53-0,Balbc_3T3,2,96,2.57E-06,0.000139266,0.000147434,0.944598641,N,
148,Methyl-antranilate,134-20-3,Balbc_3T3,2,96,8.34E-07,0.000146707,0.000149166,0.983510579,N,
149,Lilyfore,285977-85-7,Balbc_3T3,2,96,1.53E-05,0.000100074,0.000134711,0.742878677,N,
150,Damascone beta,23726-91-2,Balbc_3T3,2,96,4.55E-05,3.00E-05,0.000104534,0.287132152,N,
151,Veloutone,14595-54-1,Balbc_3T3,2,96,6.40E-05,4.56E-06,8.60309E-05,0.052998348,N,
152,Verdox,82356-51-2,Balbc_3T3,2,96,7.33415E-05,3.60164E-07,7.66585E-05,0.004698297,N,
153,Nirvanol,1506-02-1,Balbc_3T3,2,96,6.82541E-05,1.86985E-06,8.17459E-05,0.022873913,N,
154,Cetalox,3738-00-9,Balbc_3T3,2,96,6.53E-05,3.55E-06,8.46602E-05,0.041883862,N,
155,Tonalide,21145-77-7,Balbc_3T3,2,96,6.83E-05,1.87E-06,8.17459E-05,0.022873913,N,
156,"2,4-Dinitrophenol",51-28-5,Balbc_3T3,2,96,3.20E-08,0.000149955,0.000149968,0.999910972,A,4.1
157,Aldrin,309-00-2,Balbc_3T3,2,96,5.98E-05,1.69E-06,9.02234E-05,0.018745173,N,
158,Azinphos-methyl,86-50-0,Balbc_3T3,2,96,6.79E-06,0.000125263,0.000143208,0.874693198,N,
159,Chlorpyrifos,2921-88-2,Balbc_3T3,2,96,4.12E-05,3.84E-05,0.000108792,0.353354931,N,
160,"DDD-p,p'",50-29-3,Balbc_3T3,2,96,6.12E-05,1.09E-07,8.88001E-05,0.001225605,N,
161,"DDT-o,p'",789-02-6,Balbc_3T3,2,96,5.72E-05,3.17E-07,9.28108E-05,0.003418191,N,
162,"DDT-p,p'",72-54-8,Balbc_3T3,2,96,5.99E-05,3.13E-07,9.01006E-05,0.003470824,N,
163,Diazinon,333-41-5,Balbc_3T3,2,96,1.26E-05,1.04E-04,0.000137366,0.757909574,N,
164,Dicofol,115-32-2,Balbc_3T3,2,96,6.05E-05,7.77E-06,8.95133E-05,0.086789173,N,
165,Dieldrin,60-57-1,Balbc_3T3,2,96,5.44E-05,7.94E-06,9.56074E-05,0.0830581,N,
166,Disulfoton,298-04-4,Balbc_3T3,2,96,1.99E-05,8.86E-05,0.000130101,0.680904958,N,
167,Endosulfan I,115-29-7,Balbc_3T3,2,96,3.16E-05,6.36E-05,0.00011838,0.537247487,N,
168,Endrin,72-20-8,Balbc_3T3,2,96,2.41E-05,6.17E-05,0.00012591,0.48983608,N,
169,Ethion,563-12-2,Balbc_3T3,2,96,2.55E-05,5.46E-05,0.00012454,0.438672621,N,
170,Heptachlor,76-44-8,Balbc_3T3,2,96,6.29E-05,2.88E-06,8.70797E-05,0.033122055,N,
171,Heptachlor epoxide B,1024-57-3,Balbc_3T3,2,96,5.63E-05,5.27E-06,9.36652E-05,0.056219672,N,
172,Lindane,58-89-9,Balbc_3T3,2,96,1.85E-05,9.34E-05,0.000131542,0.710174209,N,
173,"Methoxychlor-o,p'",72-43-5,Balbc_3T3,2,96,4.87E-05,4.57E-06,0.000101271,0.045133402,N,
174,Parathion,56-38-2,Balbc_3T3,2,96,1.61E-05,9.98E-05,0.000133909,0.745240963,N,
175,Trifluralin,1582-09-8,Balbc_3T3,2,96,3.17E-05,2.29E-05,0.000118279,0.193495379,N,
176,Cisapride,81098-60-4,Balbc_3T3,2,96,9.52E-06,1.17E-04,0.000140478,0.831389931,B,7.8
177,Citalopram hydrobromide,59729-33-8,Balbc_3T3,2,96,1.08E-06,0.00014298,0.000148921,0.960105784,N,
178,Dofetilide,115256-11-6,Balbc_3T3,2,96,3.75E-07,0.000148217,0.000149625,0.990589188,B,8.4
179,Moxifloxacin hydrochloride,186826-86-8,Balbc_3T3,2,96,5.32E-08,0.000149825,0.000149947,0.999184765,A,6
180,N-acetylpro-cainamide,32795-44-1,Balbc_3T3,2,96,4.26E-08,0.000149888,0.000149957,0.999534833,B,9.2
181,Quinidine sulfate,50-54-4,Balbc_3T3,2,96,4.80E-07,0.000147741,0.00014952,0.988100699,B,9.3
182,Sematilide,101526-83-4,Balbc_3T3,2,96,4.30E-08,0.000149885,0.000149957,0.999520996,B,9.1
183,Sotalol hydrochloride,959-24-0,Balbc_3T3,2,96,3.32E-08,0.000149947,0.000149967,0.999865169,B,9
184,Mifepristone,84371-65-3,Balbc_3T3,2,96,5.82E-05,1.03E-05,9.17864E-05,0.112485212,N,
185,Perfluorobutanesulfonic_acid,375-73-5,Balbc_3T3,2,96,2.97E-08,0.00014997,0.00014997,0.999999999,A,-2.9
186,4_2_Fluorotelomer_sulfonic_acid,757124-72-4,Balbc_3T3,2,96,,,,,A,1.4
187,Perfluorononanoic_acid,375-95-1,Balbc_3T3,2,96,2.39E-05,6.88E-06,0.000126104,0.054561056,A,0.1
188,Perfluorohexanoic_acid,307-24-4,Balbc_3T3,2,96,6.63E-06,1.08E-04,0.000143368,0.750395014,A,0.1
189,Perfluorobutanoic_acid,375-22-4,Balbc_3T3,2,96,,,,,A,0.1
190,Perfluorooctanoic_acid,335-67-1,Balbc_3T3,2,96,2.03E-05,1.48E-05,0.000129687,0.114451504,A,0.1
191,6_2_Fluorotelomer_sulfonic_acid,27619-97-2,Balbc_3T3,2,96,1.25E-05,5.91822E-05,0.000137463,0.430530653,A,1.4
192,8_2_Fluorotelomer_sulfonic_acid,39108-34-4,Balbc_3T3,2,96,1.96E-05,8.23E-06,0.000130445,0.063126903,A,1.4
193,Perfluoroundecanoic_acid,2058-94-8,Balbc_3T3,2,96,2.25E-05,1.74E-06,0.000127504,0.013632841,A,0.1
194,Perfluorooctanesulfonic_acid,1763-23-1,Balbc_3T3,2,96,3.02E-05,3.79E-06,0.000119835,0.031658894,A,-2.9
195,Perfluoroheptanoic_acid,375-85-9,Balbc_3T3,2,96,1.78E-05,2.58E-05,0.000132155,0.195370366,A,0.1
196,Perfluoropentanoic_acid,2706-90-3,Balbc_3T3,2,96,,,,,A,0.1
197,Perfluorohexanesulfonic_acid,355-46-4,Balbc_3T3,2,96,2.26E-05,6.04326E-06,0.000127375,0.047444499,A,-2.9
198,Perfluorodecanoic_acid,335-76-2,Balbc_3T3,2,96,2.81E-05,3.53E-06,0.000121878,0.028969216,A,0.1
199,cyclosporine A,59865-13-3,Balbc_3T3,2,96,9.68E-06,8.04237E-05,0.000140321,0.573140695,N,
200,chlorpromazine,50-53-3,Balbc_3T3,2,96,1.94E-05,8.89E-05,0.000130606,0.680871579,B,9.4
201,PBDE 47,5436-43-1,Balbc_3T3,2,96,6.67E-05,2.50E-07,8.33405E-05,0.003004713,N,
202,PBDE 99,60348-60-9,Balbc_3T3,2,96,6.95E-05,1.09E-07,8.04766E-05,1.36E-03,N,
203,PBDE 153,68631-49-2,Balbc_3T3,2,96,7.20E-05,4.21E-08,7.80134E-05,5.39E-04,N,
204,amiodarone,1951-25-3,Balbc_3T3,2,96,7.03E-05,1.06E-06,7.96935E-05,1.34E-02,B,9
205,Azathioprine,446-86-6,Balbc_3T3,2,96,3.99E-08,0.000149905,0.00014996,0.999629327,A,8.2
206,Benzocaine,94-09-7,Balbc_3T3,2,96,1.55E-06,0.0001432,0.000148454,0.964611039,N,
207,Butylated hydroxyanisole,25013-16-5,Balbc_3T3,2,96,1.9775E-05,8.79178E-05,0.000130225,0.6751223,N,
208,Cetirizine dihydrochloride,83881-52-1,Balbc_3T3,2,96,3.09E-08,0.000149962,0.000149969,0.99995036,A,4.7
209,Cyclamate,139-05-9,Balbc_3T3,2,96,2.97E-08,0.00014997,0.00014997,1,B,17.6
210,Cyclophosphamide,6055-19-2,Balbc_3T3,2,96,1.63E-07,0.000149234,0.000149837,0.99597563,B,6.1
211,Cypermethrin,67375-30-8,Balbc_3T3,2,96,7.42E-05,2.46E-07,7.58083E-05,0.003250177,N,
212,DEET,134-62-3,Balbc_3T3,2,96,1.14E-06,0.000145282,0.000148864,0.975935279,N,
213,Dexamethasone,50-02-2,Balbc_3T3,2,96,1.43E-06,0.000141651,0.000148568,0.953442665,N,
214,Digoxin,20830-75-5,Balbc_3T3,2,96,8.23E-08,0.000149639,0.000149918,0.998138575,N,
215,Fenazaquin,120928-09-8,Balbc_3T3,2,96,6.65E-05,2.81E-06,8.35135E-05,0.033636478,N,
216,Fenbuconazole,114369-43-6,Balbc_3T3,2,96,1.51E-05,0.000100711,0.000134939,0.746342805,N,
217,Fluazinam,79622-59-6,Balbc_3T3,2,96,3.77E-05,3.04E-05,0.000112252,0.271137719,N,
218,Furosemide,54-31-9,Balbc_3T3,2,96,3.03E-08,0.000149966,0.00014997,0.999973571,A,3
219,Glybenclamide,10238-21-8,Balbc_3T3,2,96,3.92E-06,1.35E-04,0.000146084,0.922485861,A,5
220,HC Red 3,2871-01-4,Balbc_3T3,2,96,7.92E-08,0.000149677,0.000149921,0.998372534,N,
221,Hydralazine hydrochloride,304-20-1,Balbc_3T3,2,96,1.72E-07,0.00014919,0.000149828,0.995738579,B,6
222,Ketoconazole,65277-42-1,Balbc_3T3,2,96,2.16E-05,8.32E-05,0.000128415,0.647853083,B,6.6
223,Metformin,1115-70-4,Balbc_3T3,2,96,2.99E-08,0.000149969,0.00014997,0.999991646,B,9.6
224,Metoclopramide,364-62-5,Balbc_3T3,2,96,2.79E-07,0.000148665,0.000149721,0.992949243,B,9
225,Nitrofurantoin,67-20-9,Balbc_3T3,2,96,3.89E-08,0.000149911,0.000149961,0.999664266,A,7.3
226,Oxytetracycline hydrochloride,2058-46-0,Balbc_3T3,2,96,2.97E-08,0.00014997,0.00014997,0.999999095,A,4.5
227,Panthenol,16485-10-2 ,Balbc_3T3,2,96,3.78E-08,0.000149917,0.000149962,0.99970141,N,
228,Paracetamol,103-90-2,Balbc_3T3,2,96,1.93E-07,0.000149004,0.000149807,0.994641318,N,
229,Topiramate,97240-79-4,Balbc_3T3,2,96,2.98E-08,0.000149969,0.00014997,0.999993183,A,9.2
230,Trimellitic anhydride,552-30-7,Balbc_3T3,2,96,3.01E-08,0.000149967,0.00014997,0.999983025,A,3.3
231,Verapamil hydrochloride,152-11-4,Balbc_3T3,2,96,5.92E-06,1.28E-04,0.000144082,0.88890492,B,9.2
232,Warfarin,129-06-6,Balbc_3T3,2,96,1.37E-05,5.67742E-05,0.000136319,0.416479603,N,
233,Caffeine,58-08-2,FishRtgut,2,96,2.04E-08,0.000149889,0.00014998,0.999396318,N,
234,Lamotrigine,84057-84-1,FishRtgut,2,96,5.76E-07,0.000134313,0.000149424,0.898869215,B,6.6
235,Diclofenac,15307-79-6,FishRtgut,2,96,2.30E-06,1.12918E-05,0.000147696,0.076453185,B,17.6
236,"2,4-Dichlorophenoxyacetic",94-75-7,FishRtgut,2,96,1.80E-08,0.000149973,0.000149982,0.999941899,A,2.7
237,(S)-Naproxen,22204-53-1,FishRtgut,2,96,2.40E-08,0.000149711,0.000149976,0.998232857,A,4.4
238,Ibuprofen,15687-27-1,FishRtgut,2,96,1.40E-07,1.46E-04,0.00014986,0.976571415,A,5.4
239,Torasemide,56211-40-6,FishRtgut,2,96,2.20E-08,1.50E-04,0.000149978,0.99875245,A,4
240,Warfarin,81-81-2,FishRtgut,2,96,2.09E-08,0.000149838,0.000149979,0.99905937,A,4.5
241,di-n-butylphthalate,84-74-2,FishRtgut,2,96,5.60E-06,5.12E-05,0.000144405,0.354330737,N,
242,hexachlorophene,70-30-4,FishRtgut,2,96,1.80E-05,8.32E-07,0.00013205,6.30E-03,A,6.2
243,hexamethylenetetramine,100-97-0,FishRtgut,2,96,1.82E-08,0.000149959,0.000149982,0.999849609,B,6.4
244,Malathion,121-75-5,FishRtgut,2,96,5.19E-07,0.000133847,0.000149481,0.895410824,N,
245,pentachlorophenol,87-86-5,FishRtgut,2,96,8.93E-07,1.31E-04,0.000149107,0.880747494,A,5
246,"2,2,2-trichloroethanol",115-20-8,FishRtgut,2,96,8.52E-08,0.000147568,0.000149915,0.984344932,N,
247,diethylphthalate,84-66-2,FishRtgut,2,96,4.30E-07,0.000139968,0.00014957,0.935804512,N,
248,4-chlorophenol,106-48-9,FishRtgut,2,96,5.26E-07,0.000134679,0.000149474,0.901014896,N,
249,permethrin,52645-53-1,FishRtgut,2,96,1.63E-05,1.98E-07,0.000133726,0.00147847,N,
250,Aniline,62-53-3,FishRtgut,2,96,6.37E-08,0.000148499,0.000149936,0.990416248,N,
251,4-fluoroaniline,371-40-4,FishRtgut,2,96,6.40E-08,0.000148417,0.000149936,0.989867198,N,
252,"2,4,6-trichlorophenol",88-06-2,FishRtgut,2,96,1.48E-06,1.22E-04,0.000148518,0.818887929,A,6.8
253,Allyl alcohol,107-18-6,FishRtgut,2,96,2.17E-08,0.000149828,0.000149978,0.99899872,N,
254,N-methylaniline,100-61-8,FishRtgut,2,96,1.44E-07,0.000146498,0.000149856,0.977589057,N,
255,"3,4-dichloroaniline",95-76-1,FishRtgut,2,96,1.14E-06,0.000121839,0.000148858,0.818491891,N,
256,4-decylaniline,37529-30-9,FishRtgut,2,96,1.17E-05,1.44E-06,0.000138285,0.010419834,N,
257,naphthalene,91-20-3,FishRtgut,2,96,2.07E-06,0.0001103,0.000147933,0.74560973,N,
258,"1,2,4-trichlorobenzene",120-82-1,FishRtgut,2,96,6.48E-06,4.85E-05,0.000143521,0.337853814,N,
259,"1,2-dichlorobenzene",95-50-1,FishRtgut,2,96,2.84E-06,9.75E-05,0.00014716,0.662854229,N,
260,dichloromethane,75-09-2,FishRtgut,2,96,9.18E-08,0.000147781,0.000149908,0.985811083,N,
261,tetrachloroethylene,127-18-4,FishRtgut,2,96,2.04E-06,1.12E-04,1.48E-04,0.759754206,N,
262,"2,3-dimethyl-1,3-butadiene",513-81-5,FishRtgut,2,96,5.48E-07,1.38E-04,1.49E-04,0.923148558,N,
263,Eugenol F,97-53-0,FishRtgut,2,96,3.47E-07,0.000141362,0.000149653,0.944598641,N,
264,Methyl-antranilate,134-20-3,FishRtgut,2,96,1.22E-07,0.000147407,0.000149878,0.983510579,N,
265,Lilyfore,285977-85-7,FishRtgut,2,96,2.28E-06,0.000109737,0.000147719,0.742878677,N,
266,Damascone beta,23726-91-2,FishRtgut,2,96,8.64E-06,4.06E-05,0.000141364,0.287132152,N,
267,Veloutone,14595-54-1,FishRtgut,2,96,1.44E-05,7.18E-06,0.000135558,0.052998348,N,
268,Verdox,82356-51-2,FishRtgut,2,96,1.82861E-05,6.18831E-07,0.000131714,0.004698297,N,
269,Nirvanol,1506-02-1,FishRtgut,2,96,1.61084E-05,3.06262E-06,0.000133892,0.022873913,N,
270,Cetalox,3738-00-9,FishRtgut,2,96,1.50E-05,5.66E-06,0.00013504,0.041883862,N,
271,Tonalide,21145-77-7,FishRtgut,2,96,1.61E-05,3.06E-06,0.000133892,0.022873913,N,
272,"2,4-Dinitrophenol",51-28-5,FishRtgut,2,96,1.81E-08,0.000149969,0.000149982,0.999910972,A,4.1
273,Aldrin,309-00-2,FishRtgut,2,96,1.29E-05,2.57E-06,0.000137131,0.018745173,N,
274,Azinphos-methyl,86-50-0,FishRtgut,2,96,9.48E-07,0.000130374,0.000149052,0.874693198,N,
275,Chlorpyrifos,2921-88-2,FishRtgut,2,96,7.55E-06,5.03E-05,0.000142449,0.353354931,N,
276,"DDD-p,p'",50-29-3,FishRtgut,2,96,1.34E-05,1.67E-07,0.000136638,0.001225605,N,
277,"DDT-o,p'",789-02-6,FishRtgut,2,96,1.20E-05,4.72E-07,0.000138043,0.003418191,N,
278,"DDT-p,p'",72-54-8,FishRtgut,2,96,1.29E-05,4.76E-07,0.000137102,0.003470824,N,
279,Diazinon,333-41-5,FishRtgut,2,96,1.82E-06,1.12E-04,0.000148183,0.757909574,N,
280,Dicofol,115-32-2,FishRtgut,2,96,1.32E-05,1.19E-05,0.00013681,0.086789173,N,
281,Dieldrin,60-57-1,FishRtgut,2,96,1.11E-05,1.15E-05,0.000138888,0.0830581,N,
282,Disulfoton,298-04-4,FishRtgut,2,96,3.08E-06,1.00E-04,0.000146915,0.680904958,N,
283,Endosulfan I,115-29-7,FishRtgut,2,96,5.40E-06,7.77E-05,0.000144599,0.537247487,N,
284,Endrin,72-20-8,FishRtgut,2,96,3.71E-06,7.17E-05,0.00014629,0.48983608,N,
285,Ethion,563-12-2,FishRtgut,2,96,3.94E-06,6.41E-05,0.000146062,0.438672621,N,
286,Heptachlor,76-44-8,FishRtgut,2,96,1.40E-05,4.50E-06,0.000135973,0.033122055,N,
287,Heptachlor epoxide B,1024-57-3,FishRtgut,2,96,1.17E-05,7.77E-06,0.000138277,0.056219672,N,
288,Lindane,58-89-9,FishRtgut,2,96,2.84E-06,1.05E-04,0.000147161,0.710174209,N,
289,"Methoxychlor-o,p'",72-43-5,FishRtgut,2,96,9.32E-06,6.35E-06,0.000140679,0.045133402,N,
290,Parathion,56-38-2,FishRtgut,2,96,2.43E-06,1.10E-04,0.000147568,0.745240963,N,
291,Trifluralin,1582-09-8,FishRtgut,2,96,5.04E-06,2.80E-05,0.000144957,0.193495379,N,
292,Cisapride,81098-60-4,FishRtgut,2,96,1.36E-06,1.24E-04,0.000148642,0.831389931,B,7.8
293,Citalopram hydrobromide,59729-33-8,FishRtgut,2,96,1.32E-07,0.000143889,0.000149868,0.960105784,N,
294,Dofetilide,115256-11-6,FishRtgut,2,96,5.96E-08,0.000148529,0.00014994,0.990589188,B,8.4
295,Moxifloxacin hydrochloride,186826-86-8,FishRtgut,2,96,2.04E-08,0.000149857,0.00014998,0.999184765,A,6
296,N-acetylpro-cainamide,32795-44-1,FishRtgut,2,96,1.92E-08,0.000149911,0.000149981,0.999534833,B,9.2
297,Quinidine sulfate,50-54-4,FishRtgut,2,96,7.28E-08,0.000148143,0.000149927,0.988100699,B,9.3
298,Sematilide,101526-83-4,FishRtgut,2,96,1.93E-08,0.000149909,0.000149981,0.999520996,B,9.1
299,Sotalol hydrochloride,959-24-0,FishRtgut,2,96,1.82E-08,0.000149962,0.000149982,0.999865169,B,9
300,Mifepristone,84371-65-3,FishRtgut,2,96,1.24E-05,1.55E-05,0.000137583,0.112485212,N,
301,Perfluorobutanesulfonic_acid,375-73-5,FishRtgut,2,96,1.78E-08,0.000149982,0.000149982,0.999999999,A,-2.9
302,4_2_Fluorotelomer_sulfonic_acid,757124-72-4,FishRtgut,2,96,,,,,A,1.4
303,Perfluorononanoic_acid,375-95-1,FishRtgut,2,96,3.17E-06,8.01E-06,0.000146826,0.054561056,A,0.1
304,Perfluorohexanoic_acid,307-24-4,FishRtgut,2,96,7.75E-07,1.12E-04,0.000149225,0.750395014,A,0.1
305,Perfluorobutanoic_acid,375-22-4,FishRtgut,2,96,,,,,A,0.1
306,Perfluorooctanoic_acid,335-67-1,FishRtgut,2,96,2.52E-06,1.69E-05,0.000147484,0.114451504,A,0.1
307,6_2_Fluorotelomer_sulfonic_acid,27619-97-2,FishRtgut,2,96,1.42E-06,6.39692E-05,0.000148582,0.430530653,A,1.4
308,8_2_Fluorotelomer_sulfonic_acid,39108-34-4,FishRtgut,2,96,2.31E-06,9.32E-06,0.000147693,0.063126903,A,1.4
309,Perfluoroundecanoic_acid,2058-94-8,FishRtgut,2,96,2.84E-06,2.01E-06,0.000147161,0.013632841,A,0.1
310,Perfluorooctanesulfonic_acid,1763-23-1,FishRtgut,2,96,4.51E-06,4.61E-06,0.000145493,0.031658894,A,-2.9
311,Perfluoroheptanoic_acid,375-85-9,FishRtgut,2,96,2.13E-06,2.89E-05,0.000147872,0.195370366,A,0.1
312,Perfluoropentanoic_acid,2706-90-3,FishRtgut,2,96,,,,,A,0.1
313,Perfluorohexanesulfonic_acid,355-46-4,FishRtgut,2,96,2.90E-06,6.97888E-06,0.000147096,0.047444499,A,-2.9
314,Perfluorodecanoic_acid,335-76-2,FishRtgut,2,96,4.05E-06,4.23E-06,0.000145951,0.028969216,A,0.1
315,cyclosporine A,59865-13-3,FishRtgut,2,96,1.08E-06,8.53507E-05,0.000148917,0.573140695,N,
316,chlorpromazine,50-53-3,FishRtgut,2,96,2.99E-06,1.00E-04,0.000147014,0.680871579,B,9.4
317,PBDE 47,5436-43-1,FishRtgut,2,96,1.54E-05,4.04E-07,0.000134557,0.003004713,N,
318,PBDE 99,60348-60-9,FishRtgut,2,96,1.66E-05,1.81E-07,0.000133384,1.36E-03,N,
319,PBDE 153,68631-49-2,FishRtgut,2,96,1.77E-05,7.14E-08,0.000132323,5.39E-04,N,
320,amiodarone,1951-25-3,FishRtgut,2,96,1.70E-05,1.78E-06,0.00013304,1.34E-02,B,9
321,Azathioprine,446-86-6,FishRtgut,2,96,1.89E-08,0.000149925,0.000149981,0.999629327,A,8.2
322,Benzocaine,94-09-7,FishRtgut,2,96,2.10E-07,0.000144489,0.00014979,0.964611039,N,
323,Butylated hydroxyanisole,25013-16-5,FishRtgut,2,96,3.05402E-06,9.92065E-05,0.000146946,0.6751223,N,
324,Cetirizine dihydrochloride,83881-52-1,FishRtgut,2,96,1.79E-08,0.000149975,0.000149982,0.99995036,A,4.7
325,Cyclamate,139-05-9,FishRtgut,2,96,1.78E-08,0.000149982,0.000149982,1,B,17.6
326,Cyclophosphamide,6055-19-2,FishRtgut,2,96,3.35E-08,0.000149363,0.000149967,0.99597563,B,6.1
327,Cypermethrin,67375-30-8,FishRtgut,2,96,1.87E-05,4.27E-07,0.000131327,0.003250177,N,
328,DEET,134-62-3,FishRtgut,2,96,1.60E-07,0.000146234,0.00014984,0.975935279,N,
329,Dexamethasone,50-02-2,FishRtgut,2,96,1.79E-07,0.000142846,0.000149821,0.953442665,N,
330,Digoxin,20830-75-5,FishRtgut,2,96,2.37E-08,0.000149697,0.000149976,0.998138575,N,
331,Fenazaquin,120928-09-8,FishRtgut,2,96,1.54E-05,4.53E-06,0.000134597,0.033636478,N,
332,Fenbuconazole,114369-43-6,FishRtgut,2,96,2.24E-06,0.000110277,0.000147757,0.746342805,N,
333,Fluazinam,79622-59-6,FishRtgut,2,96,6.57E-06,3.89E-05,0.000143425,0.271137719,N,
334,Furosemide,54-31-9,FishRtgut,2,96,1.79E-08,0.000149978,0.000149982,0.999973571,A,3
335,Glybenclamide,10238-21-8,FishRtgut,2,96,5.35E-07,1.38E-04,0.000149465,0.922485861,A,5
336,HC Red 3,2871-01-4,FishRtgut,2,96,2.35E-08,0.000149732,0.000149977,0.998372534,N,
337,Hydralazine hydrochloride,304-20-1,FishRtgut,2,96,3.45E-08,0.000149326,0.000149965,0.995738579,B,6
338,Ketoconazole,65277-42-1,FishRtgut,2,96,3.38E-06,9.50E-05,0.00014662,0.647853083,B,6.6
339,Metformin,1115-70-4,FishRtgut,2,96,1.78E-08,0.000149981,0.000149982,0.999991646,B,9.6
340,Metoclopramide,364-62-5,FishRtgut,2,96,4.77E-08,0.000148895,0.000149952,0.992949243,B,9
341,Nitrofurantoin,67-20-9,FishRtgut,2,96,1.88E-08,0.000149931,0.000149981,0.999664266,A,7.3
342,Oxytetracycline hydrochloride,2058-46-0,FishRtgut,2,96,1.78E-08,0.000149982,0.000149982,0.999999095,A,4.5
343,Panthenol,16485-10-2 ,FishRtgut,2,96,1.87E-08,0.000149937,0.000149981,0.99970141,N,
344,Paracetamol,103-90-2,FishRtgut,2,96,3.65E-08,0.00014916,0.000149963,0.994641318,N,
345,Topiramate,97240-79-4,FishRtgut,2,96,1.78E-08,0.000149981,0.000149982,0.999993183,A,9.2
346,Trimellitic anhydride,552-30-7,FishRtgut,2,96,1.79E-08,0.00014998,0.000149982,0.999983025,A,3.3
347,Verapamil hydrochloride,152-11-4,FishRtgut,2,96,8.21E-07,1.33E-04,0.000149179,0.88890492,B,9.2
348,Warfarin,129-06-6,FishRtgut,2,96,1.61E-06,6.18023E-05,0.000148392,0.416479603,N,
349,Caffeine,58-08-2,FishRtgill,2,96,1.07E-08,0.000149899,0.000149989,0.999396318,N,
350,Lamotrigine,84057-84-1,FishRtgill,2,96,3.03E-07,0.000134558,0.000149697,0.898869215,B,6.6
351,Diclofenac,15307-79-6,FishRtgill,2,96,1.22E-06,1.13748E-05,0.000148781,0.076453185,B,17.6
352,"2,4-Dichlorophenoxyacetic",94-75-7,FishRtgill,2,96,9.43E-09,0.000149982,0.000149991,0.999941899,A,2.7
353,(S)-Naproxen,22204-53-1,FishRtgill,2,96,1.26E-08,0.000149722,0.000149987,0.998232857,A,4.4
354,Ibuprofen,15687-27-1,FishRtgill,2,96,7.37E-08,1.46E-04,0.000149926,0.976571415,A,5.4
355,Torasemide,56211-40-6,FishRtgill,2,96,1.16E-08,1.50E-04,0.000149988,0.99875245,A,4
356,Warfarin,81-81-2,FishRtgill,2,96,1.10E-08,0.000149848,0.000149989,0.99905937,A,4.5
357,di-n-butylphthalate,84-74-2,FishRtgill,2,96,2.99E-06,5.21E-05,0.00014701,0.354330737,N,
358,hexachlorophene,70-30-4,FishRtgill,2,96,9.99E-06,8.82E-07,0.000140008,6.30E-03,A,6.2
359,hexamethylenetetramine,100-97-0,FishRtgill,2,96,9.57E-09,0.000149968,0.00014999,0.999849609,B,6.4
360,Malathion,121-75-5,FishRtgill,2,96,2.73E-07,0.000134067,0.000149727,0.895410824,N,
361,pentachlorophenol,87-86-5,FishRtgill,2,96,4.70E-07,1.32E-04,0.00014953,0.880747494,A,5
362,"2,2,2-trichloroethanol",115-20-8,FishRtgill,2,96,4.47E-08,0.000147608,0.000149955,0.984344932,N,
363,diethylphthalate,84-66-2,FishRtgill,2,96,2.26E-07,0.000140159,0.000149774,0.935804512,N,
364,4-chlorophenol,106-48-9,FishRtgill,2,96,2.76E-07,0.000134903,0.000149724,0.901014896,N,
365,permethrin,52645-53-1,FishRtgill,2,96,9.01E-06,2.08E-07,0.000140992,0.00147847,N,
366,Aniline,62-53-3,FishRtgill,2,96,3.35E-08,0.000148529,0.000149967,0.990416248,N,
367,4-fluoroaniline,371-40-4,FishRtgill,2,96,3.36E-08,0.000148447,0.000149966,0.989867198,N,
368,"2,4,6-trichlorophenol",88-06-2,FishRtgill,2,96,7.82E-07,1.22E-04,0.000149218,0.818887929,A,6.8
369,Allyl alcohol,107-18-6,FishRtgill,2,96,1.14E-08,0.000149838,0.000149989,0.99899872,N,
370,N-methylaniline,100-61-8,FishRtgill,2,96,7.54E-08,0.000146565,0.000149925,0.977589057,N,
371,"3,4-dichloroaniline",95-76-1,FishRtgill,2,96,6.02E-07,0.000122281,0.000149398,0.818491891,N,
372,4-decylaniline,37529-30-9,FishRtgill,2,96,6.39E-06,1.50E-06,0.000143613,0.010419834,N,
373,naphthalene,91-20-3,FishRtgill,2,96,1.09E-06,0.000111027,0.000148908,0.74560973,N,
374,"1,2,4-trichlorobenzene",120-82-1,FishRtgill,2,96,3.47E-06,4.95E-05,0.000146527,0.337853814,N,
375,"1,2-dichlorobenzene",95-50-1,FishRtgill,2,96,1.50E-06,9.84E-05,0.000148496,0.662854229,N,
376,dichloromethane,75-09-2,FishRtgill,2,96,4.82E-08,0.000147824,0.000149952,0.985811083,N,
377,tetrachloroethylene,127-18-4,FishRtgill,2,96,1.08E-06,1.13E-04,1.49E-04,0.759754206,N,
378,"2,3-dimethyl-1,3-butadiene",513-81-5,FishRtgill,2,96,2.88E-07,1.38E-04,1.50E-04,0.923148558,N,
379,Eugenol F,97-53-0,FishRtgill,2,96,1.82E-07,0.000141518,0.000149818,0.944598641,N,
380,Methyl-antranilate,134-20-3,FishRtgill,2,96,6.41E-08,0.000147464,0.000149936,0.983510579,N,
381,Lilyfore,285977-85-7,FishRtgill,2,96,1.21E-06,0.000110536,0.000148794,0.742878677,N,
382,Damascone beta,23726-91-2,FishRtgill,2,96,4.66E-06,4.17E-05,0.000145338,0.287132152,N,
383,Veloutone,14595-54-1,FishRtgill,2,96,7.95E-06,7.53E-06,0.000142054,0.052998348,N,
384,Verdox,82356-51-2,FishRtgill,2,96,1.01903E-05,6.56868E-07,0.00013981,0.004698297,N,
385,Nirvanol,1506-02-1,FishRtgill,2,96,8.91151E-06,3.22725E-06,0.000141088,0.022873913,N,
386,Cetalox,3738-00-9,FishRtgill,2,96,8.24E-06,5.94E-06,0.000141756,0.041883862,N,
387,Tonalide,21145-77-7,FishRtgill,2,96,8.91E-06,3.23E-06,0.000141088,0.022873913,N,
388,"2,4-Dinitrophenol",51-28-5,FishRtgill,2,96,9.48E-09,0.000149977,0.000149991,0.999910972,A,4.1
389,Aldrin,309-00-2,FishRtgill,2,96,7.04E-06,2.68E-06,0.000142957,0.018745173,N,
390,Azinphos-methyl,86-50-0,FishRtgill,2,96,4.99E-07,0.000130767,0.000149501,0.874693198,N,
391,Chlorpyrifos,2921-88-2,FishRtgill,2,96,4.06E-06,5.16E-05,0.000145939,0.353354931,N,
392,"DDD-p,p'",50-29-3,FishRtgill,2,96,7.33E-06,1.75E-07,0.000142675,0.001225605,N,
393,"DDT-o,p'",789-02-6,FishRtgill,2,96,6.52E-06,4.90E-07,0.000143475,0.003418191,N,
394,"DDT-p,p'",72-54-8,FishRtgill,2,96,7.06E-06,4.96E-07,0.00014294,0.003470824,N,
395,Diazinon,333-41-5,FishRtgill,2,96,9.59E-07,1.13E-04,0.000149041,0.757909574,N,
396,Dicofol,115-32-2,FishRtgill,2,96,7.23E-06,1.24E-05,0.000142773,0.086789173,N,
397,Dieldrin,60-57-1,FishRtgill,2,96,6.05E-06,1.20E-05,0.000143953,0.0830581,N,
398,Disulfoton,298-04-4,FishRtgill,2,96,1.64E-06,1.01E-04,0.000148365,0.680904958,N,
399,Endosulfan I,115-29-7,FishRtgill,2,96,2.89E-06,7.90E-05,0.000147115,0.537247487,N,
400,Endrin,72-20-8,FishRtgill,2,96,1.97E-06,7.25E-05,0.000148029,0.48983608,N,
401,Ethion,563-12-2,FishRtgill,2,96,2.09E-06,6.49E-05,0.000147906,0.438672621,N,
402,Heptachlor,76-44-8,FishRtgill,2,96,7.71E-06,4.71E-06,0.000142293,0.033122055,N,
403,Heptachlor epoxide B,1024-57-3,FishRtgill,2,96,6.39E-06,8.07E-06,0.000143608,0.056219672,N,
404,Lindane,58-89-9,FishRtgill,2,96,1.50E-06,1.05E-04,0.000148496,0.710174209,N,
405,"Methoxychlor-o,p'",72-43-5,FishRtgill,2,96,5.04E-06,6.54E-06,0.000144958,0.045133402,N,
406,Parathion,56-38-2,FishRtgill,2,96,1.29E-06,1.11E-04,0.000148713,0.745240963,N,
407,Trifluralin,1582-09-8,FishRtgill,2,96,2.69E-06,2.85E-05,0.00014731,0.193495379,N,
408,Cisapride,81098-60-4,FishRtgill,2,96,7.16E-07,1.24E-04,0.000149284,0.831389931,B,7.8
409,Citalopram hydrobromide,59729-33-8,FishRtgill,2,96,6.94E-08,0.000143949,0.000149931,0.960105784,N,
410,Dofetilide,115256-11-6,FishRtgill,2,96,3.13E-08,0.000148557,0.000149969,0.990589188,B,8.4
411,Moxifloxacin hydrochloride,186826-86-8,FishRtgill,2,96,1.07E-08,0.000149867,0.000149989,0.999184765,A,6
412,N-acetylpro-cainamide,32795-44-1,FishRtgill,2,96,1.01E-08,0.00014992,0.00014999,0.999534833,B,9.2
413,Quinidine sulfate,50-54-4,FishRtgill,2,96,3.82E-08,0.000148177,0.000149962,0.988100699,B,9.3
414,Sematilide,101526-83-4,FishRtgill,2,96,1.01E-08,0.000149918,0.00014999,0.999520996,B,9.1
415,Sotalol hydrochloride,959-24-0,FishRtgill,2,96,9.55E-09,0.00014997,0.00014999,0.999865169,B,9
416,Mifepristone,84371-65-3,FishRtgill,2,96,6.79E-06,1.61E-05,0.000143214,0.112485212,N,
417,Perfluorobutanesulfonic_acid,375-73-5,FishRtgill,2,96,9.35E-09,0.000149991,0.000149991,0.999999999,A,-2.9
418,4_2_Fluorotelomer_sulfonic_acid,757124-72-4,FishRtgill,2,96,,,,,A,1.4
419,Perfluorononanoic_acid,375-95-1,FishRtgill,2,96,1.68E-06,8.09E-06,0.000148316,0.054561056,A,0.1
420,Perfluorohexanoic_acid,307-24-4,FishRtgill,2,96,4.08E-07,1.12E-04,0.000149592,0.750395014,A,0.1
421,Perfluorobutanoic_acid,375-22-4,FishRtgill,2,96,,,,,A,0.1
422,Perfluorooctanoic_acid,335-67-1,FishRtgill,2,96,1.33E-06,1.70E-05,0.000148668,0.114451504,A,0.1
423,6_2_Fluorotelomer_sulfonic_acid,27619-97-2,FishRtgill,2,96,7.48E-07,6.42577E-05,0.000149252,0.430530653,A,1.4
424,8_2_Fluorotelomer_sulfonic_acid,39108-34-4,FishRtgill,2,96,1.22E-06,9.39E-06,0.00014878,0.063126903,A,1.4
425,Perfluoroundecanoic_acid,2058-94-8,FishRtgill,2,96,1.50E-06,2.02E-06,0.000148496,0.013632841,A,0.1
426,Perfluorooctanesulfonic_acid,1763-23-1,FishRtgill,2,96,2.40E-06,4.67E-06,0.0001476,0.031658894,A,-2.9
427,Perfluoroheptanoic_acid,375-85-9,FishRtgill,2,96,1.12E-06,2.91E-05,0.000148875,0.195370366,A,0.1
428,Perfluoropentanoic_acid,2706-90-3,FishRtgill,2,96,,,,,A,0.1
429,Perfluorohexanesulfonic_acid,355-46-4,FishRtgill,2,96,1.54E-06,7.04366E-06,0.000148461,0.047444499,A,-2.9
430,Perfluorodecanoic_acid,335-76-2,FishRtgill,2,96,2.15E-06,4.28E-06,0.000147847,0.028969216,A,0.1
431,cyclosporine A,59865-13-3,FishRtgill,2,96,5.70E-07,8.56443E-05,0.00014943,0.573140695,N,
432,chlorpromazine,50-53-3,FishRtgill,2,96,1.58E-06,1.01E-04,0.000148417,0.680871579,B,9.4
433,PBDE 47,5436-43-1,FishRtgill,2,96,8.52E-06,4.25E-07,0.000141476,0.003004713,N,
434,PBDE 99,60348-60-9,FishRtgill,2,96,9.21E-06,1.91E-07,0.000140792,1.36E-03,N,
435,PBDE 153,68631-49-2,FishRtgill,2,96,9.83E-06,7.56E-08,0.000140169,5.39E-04,N,
436,amiodarone,1951-25-3,FishRtgill,2,96,9.41E-06,1.88E-06,0.000140591,1.34E-02,B,9
437,Azathioprine,446-86-6,FishRtgill,2,96,9.94E-09,0.000149934,0.00014999,0.999629327,A,8.2
438,Benzocaine,94-09-7,FishRtgill,2,96,1.10E-07,0.000144585,0.00014989,0.964611039,N,
439,Butylated hydroxyanisole,25013-16-5,FishRtgill,2,96,1.61902E-06,0.000100175,0.000148381,0.6751223,N,
440,Cetirizine dihydrochloride,83881-52-1,FishRtgill,2,96,9.42E-09,0.000149983,0.000149991,0.99995036,A,4.7
441,Cyclamate,139-05-9,FishRtgill,2,96,9.35E-09,0.000149991,0.000149991,1,B,17.6
442,Cyclophosphamide,6055-19-2,FishRtgill,2,96,1.76E-08,0.000149379,0.000149982,0.99597563,B,6.1
443,Cypermethrin,67375-30-8,FishRtgill,2,96,1.04E-05,4.54E-07,0.000139581,0.003250177,N,
444,DEET,134-62-3,FishRtgill,2,96,8.40E-08,0.000146308,0.000149916,0.975935279,N,
445,Dexamethasone,50-02-2,FishRtgill,2,96,9.41E-08,0.000142927,0.000149906,0.953442665,N,
446,Digoxin,20830-75-5,FishRtgill,2,96,1.24E-08,0.000149708,0.000149988,0.998138575,N,
447,Fenazaquin,120928-09-8,FishRtgill,2,96,8.50E-06,4.76E-06,0.000141499,0.033636478,N,
448,Fenbuconazole,114369-43-6,FishRtgill,2,96,1.19E-06,0.000111066,0.000148814,0.746342805,N,
449,Fluazinam,79622-59-6,FishRtgill,2,96,3.53E-06,3.97E-05,0.000146475,0.271137719,N,
450,Furosemide,54-31-9,FishRtgill,2,96,9.39E-09,0.000149987,0.000149991,0.999973571,A,3
451,Glybenclamide,10238-21-8,FishRtgill,2,96,2.82E-07,1.38E-04,0.000149718,0.922485861,A,5
452,HC Red 3,2871-01-4,FishRtgill,2,96,1.23E-08,0.000149744,0.000149988,0.998372534,N,
453,Hydralazine hydrochloride,304-20-1,FishRtgill,2,96,1.81E-08,0.000149343,0.000149982,0.995738579,B,6
454,Ketoconazole,65277-42-1,FishRtgill,2,96,1.79E-06,9.60E-05,0.000148206,0.647853083,B,6.6
455,Metformin,1115-70-4,FishRtgill,2,96,9.36E-09,0.000149989,0.000149991,0.999991646,B,9.6
456,Metoclopramide,364-62-5,FishRtgill,2,96,2.50E-08,0.000148918,0.000149975,0.992949243,B,9
457,Nitrofurantoin,67-20-9,FishRtgill,2,96,9.88E-09,0.00014994,0.00014999,0.999664266,A,7.3
458,Oxytetracycline hydrochloride,2058-46-0,FishRtgill,2,96,9.35E-09,0.000149991,0.000149991,0.999999095,A,4.5
459,Panthenol,16485-10-2 ,FishRtgill,2,96,9.82E-09,0.000149945,0.00014999,0.99970141,N,
460,Paracetamol,103-90-2,FishRtgill,2,96,1.92E-08,0.000149177,0.000149981,0.994641318,N,
461,Topiramate,97240-79-4,FishRtgill,2,96,9.36E-09,0.00014999,0.000149991,0.999993183,A,9.2
462,Trimellitic anhydride,552-30-7,FishRtgill,2,96,9.37E-09,0.000149988,0.000149991,0.999983025,A,3.3
463,Verapamil hydrochloride,152-11-4,FishRtgill,2,96,4.32E-07,1.33E-04,0.000149568,0.88890492,B,9.2
464,Warfarin,129-06-6,FishRtgill,2,96,8.48E-07,6.21186E-05,0.000149152,0.416479603,N,
465,Caffeine,58-08-2,Default,2,96,1.02E-07,0.000149807,0.000149898,0.999396318,N,
466,Lamotrigine,84057-84-1,Default,2,96,2.88E-06,0.000132238,0.000147116,0.898869215,B,6.6
467,Diclofenac,15307-79-6,Default,2,96,1.71E-05,1.01594E-05,0.000132884,0.076453185,B,17.6
468,"2,4-Dichlorophenoxyacetic",94-75-7,Default,2,96,8.82E-08,0.000149903,0.000149912,0.999941899,A,2.7
469,(S)-Naproxen,22204-53-1,Default,2,96,1.28E-07,0.000149607,0.000149872,0.998232857,A,4.4
470,Ibuprofen,15687-27-1,Default,2,96,7.27E-07,1.46E-04,0.000149273,0.976571415,A,5.4
471,Torasemide,56211-40-6,Default,2,96,1.16E-07,1.50E-04,0.000149884,0.99875245,A,4
472,Warfarin,81-81-2,Default,2,96,1.08E-07,0.000149751,0.000149892,0.99905937,A,4.5
473,di-n-butylphthalate,84-74-2,Default,2,96,2.05E-05,4.59E-05,0.000129526,0.354330737,N,
474,hexachlorophene,70-30-4,Default,2,96,4.51E-05,6.61E-07,0.000104946,6.30E-03,A,6.2
475,hexamethylenetetramine,100-97-0,Default,2,96,9.02E-08,0.000149887,0.00014991,0.999849609,B,6.4
476,Malathion,121-75-5,Default,2,96,2.80E-06,0.000131807,0.000147203,0.895410824,N,
477,pentachlorophenol,87-86-5,Default,2,96,3.89E-06,1.29E-04,0.000146115,0.880747494,A,5
478,"2,2,2-trichloroethanol",115-20-8,Default,2,96,4.80E-07,0.000147179,0.00014952,0.984344932,N,
479,diethylphthalate,84-66-2,Default,2,96,2.01E-06,0.000138488,0.000147988,0.935804512,N,
480,4-chlorophenol,106-48-9,Default,2,96,2.73E-06,0.000132689,0.000147266,0.901014896,N,
481,permethrin,52645-53-1,Default,2,96,4.25E-05,1.59E-07,0.000107525,0.00147847,N,
482,Aniline,62-53-3,Default,2,96,3.39E-07,0.000148227,0.000149661,0.990416248,N,
483,4-fluoroaniline,371-40-4,Default,2,96,3.48E-07,0.000148136,0.000149652,0.989867198,N,
484,"2,4,6-trichlorophenol",88-06-2,Default,2,96,6.10E-06,1.18E-04,0.000143901,0.818887929,A,6.8
485,Allyl alcohol,107-18-6,Default,2,96,1.11E-07,0.000149739,0.000149889,0.99899872,N,
486,N-methylaniline,100-61-8,Default,2,96,7.20E-07,0.000145934,0.00014928,0.977589057,N,
487,"3,4-dichloroaniline",95-76-1,Default,2,96,5.32E-06,0.000118418,0.000144679,0.818491891,N,
488,4-decylaniline,37529-30-9,Default,2,96,3.50E-05,1.20E-06,0.000115037,0.010419834,N,
489,naphthalene,91-20-3,Default,2,96,8.40E-06,1.06E-04,0.000141603,0.74560973,N,
490,"1,2,4-trichlorobenzene",120-82-1,Default,2,96,2.24E-05,4.31E-05,0.000127628,0.337853814,N,
491,"1,2-dichlorobenzene",95-50-1,Default,2,96,1.12E-05,9.20E-05,0.000138838,0.662854229,N,
492,dichloromethane,75-09-2,Default,2,96,4.75E-07,0.000147404,0.000149525,0.985811083,N,
493,tetrachloroethylene,127-18-4,Default,2,96,8.15E-06,1.08E-04,1.42E-04,0.759754206,N,
494,"2,3-dimethyl-1,3-butadiene",513-81-5,Default,2,96,2.47E-06,1.36E-04,1.48E-04,0.923148558,N,
495,Eugenol F,97-53-0,Default,2,96,1.69E-06,0.000140097,0.000148314,0.944598641,N,
496,Methyl-antranilate,134-20-3,Default,2,96,5.82E-07,0.000146955,0.000149418,0.983510579,N,
497,Lilyfore,285977-85-7,Default,2,96,8.91E-06,0.000104813,0.00014109,0.742878677,N,
498,Damascone beta,23726-91-2,Default,2,96,2.70E-05,3.53E-05,0.000123034,0.287132152,N,
499,Veloutone,14595-54-1,Default,2,96,3.91E-05,5.88E-06,0.000110865,0.052998348,N,
500,Verdox,82356-51-2,Default,2,96,4.55817E-05,4.90588E-07,0.000104418,0.004698297,N,
501,Nirvanol,1506-02-1,Default,2,96,4.20516E-05,2.4692E-06,0.000107948,0.022873913,N,
502,Cetalox,3738-00-9,Default,2,96,4.01E-05,4.60E-06,0.000109936,0.041883862,N,
503,Tonalide,21145-77-7,Default,2,96,4.21E-05,2.47E-06,0.000107948,0.022873913,N,
504,"2,4-Dinitrophenol",51-28-5,Default,2,96,8.89E-08,0.000149898,0.000149911,0.999910972,A,4.1
505,Aldrin,309-00-2,Default,2,96,3.68E-05,2.12E-06,0.000113175,0.018745173,N,
506,Azinphos-methyl,86-50-0,Default,2,96,4.10E-06,0.00012762,0.000145902,0.874693198,N,
507,Chlorpyrifos,2921-88-2,Default,2,96,2.43E-05,4.44E-05,0.000125737,0.353354931,N,
508,"DDD-p,p'",50-29-3,Default,2,96,3.78E-05,1.38E-07,0.000112214,0.001225605,N,
509,"DDT-o,p'",789-02-6,Default,2,96,3.54E-05,3.92E-07,0.000114569,0.003418191,N,
510,"DDT-p,p'",72-54-8,Default,2,96,3.70E-05,3.92E-07,0.000113,0.003470824,N,
511,Diazinon,333-41-5,Default,2,96,7.67E-06,1.08E-04,0.000142326,0.757909574,N,
512,Dicofol,115-32-2,Default,2,96,3.68E-05,9.83E-06,0.00011321,0.086789173,N,
513,Dieldrin,60-57-1,Default,2,96,3.33E-05,9.69E-06,0.000116703,0.0830581,N,
514,Disulfoton,298-04-4,Default,2,96,1.15E-05,9.43E-05,0.000138533,0.680904958,N,
515,Endosulfan I,115-29-7,Default,2,96,1.80E-05,7.09E-05,0.000131954,0.537247487,N,
516,Endrin,72-20-8,Default,2,96,1.51E-05,6.61E-05,0.000134876,0.48983608,N,
517,Ethion,563-12-2,Default,2,96,1.62E-05,5.87E-05,0.000133802,0.438672621,N,
518,Heptachlor,76-44-8,Default,2,96,3.86E-05,3.69E-06,0.000111383,0.033122055,N,
519,Heptachlor epoxide B,1024-57-3,Default,2,96,3.46E-05,6.49E-06,0.000115421,0.056219672,N,
520,Lindane,58-89-9,Default,2,96,1.06E-05,9.90E-05,0.000139437,0.710174209,N,
521,"Methoxychlor-o,p'",72-43-5,Default,2,96,3.05E-05,5.39E-06,0.000119476,0.045133402,N,
522,Parathion,56-38-2,Default,2,96,9.22E-06,1.05E-04,0.000140784,0.745240963,N,
523,Trifluralin,1582-09-8,Default,2,96,2.12E-05,2.49E-05,0.000128848,0.193495379,N,
524,Cisapride,81098-60-4,Default,2,96,5.64E-06,1.20E-04,0.000144355,0.831389931,B,7.8
525,Citalopram hydrobromide,59729-33-8,Default,2,96,9.46E-07,0.000143107,0.000149054,0.960105784,N,
526,Dofetilide,115256-11-6,Default,2,96,3.27E-07,0.000148265,0.000149673,0.990589188,B,8.4
527,Moxifloxacin hydrochloride,186826-86-8,Default,2,96,1.05E-07,0.000149772,0.000149895,0.999184765,A,6
528,N-acetylpro-cainamide,32795-44-1,Default,2,96,9.73E-08,0.000149833,0.000149903,0.999534833,B,9.2
529,Quinidine sulfate,50-54-4,Default,2,96,3.95E-07,0.000147825,0.000149605,0.988100699,B,9.3
530,Sematilide,101526-83-4,Default,2,96,9.76E-08,0.000149831,0.000149902,0.999520996,B,9.1
531,Sotalol hydrochloride,959-24-0,Default,2,96,8.99E-08,0.00014989,0.00014991,0.999865169,B,9
532,Mifepristone,84371-65-3,Default,2,96,3.53E-05,1.29E-05,0.000114728,0.112485212,N,
533,Perfluorobutanesulfonic_acid,375-73-5,Default,2,96,8.70E-08,0.000149913,0.000149913,0.999999999,A,-2.9
534,4_2_Fluorotelomer_sulfonic_acid,757124-72-4,Default,2,96,,,,,A,1.4
535,Perfluorononanoic_acid,375-95-1,Default,2,96,1.91E-05,7.14E-06,0.000130932,0.054561056,A,0.1
536,Perfluorohexanoic_acid,307-24-4,Default,2,96,5.41E-06,1.09E-04,0.000144591,0.750395014,A,0.1
537,Perfluorobutanoic_acid,375-22-4,Default,2,96,,,,,A,0.1
538,Perfluorooctanoic_acid,335-67-1,Default,2,96,1.71E-05,1.52E-05,0.000132903,0.114451504,A,0.1
539,6_2_Fluorotelomer_sulfonic_acid,27619-97-2,Default,2,96,1.10E-05,5.98323E-05,0.000138973,0.430530653,A,1.4
540,8_2_Fluorotelomer_sulfonic_acid,39108-34-4,Default,2,96,1.73E-05,8.38E-06,0.000132725,0.063126903,A,1.4
541,Perfluoroundecanoic_acid,2058-94-8,Default,2,96,1.89E-05,1.79E-06,0.000131123,0.013632841,A,0.1
542,Perfluorooctanesulfonic_acid,1763-23-1,Default,2,96,2.19E-05,4.06E-06,0.000128127,0.031658894,A,-2.9
543,Perfluoroheptanoic_acid,375-85-9,Default,2,96,1.54E-05,2.63E-05,0.000134625,0.195370366,A,0.1
544,Perfluoropentanoic_acid,2706-90-3,Default,2,96,,,,,A,0.1
545,Perfluorohexanesulfonic_acid,355-46-4,Default,2,96,1.86E-05,6.23311E-06,0.000131377,0.047444499,A,-2.9
546,Perfluorodecanoic_acid,335-76-2,Default,2,96,2.10E-05,3.74E-06,0.000128968,0.028969216,A,0.1
547,cyclosporine A,59865-13-3,Default,2,96,8.47E-06,8.11178E-05,0.000141532,0.573140695,N,
548,chlorpromazine,50-53-3,Default,2,96,1.13E-05,9.45E-05,0.000138746,0.680871579,B,9.4
549,PBDE 47,5436-43-1,Default,2,96,4.11E-05,3.27E-07,0.000108855,0.003004713,N,
550,PBDE 99,60348-60-9,Default,2,96,4.30E-05,1.45E-07,0.000106985,1.36E-03,N,
551,PBDE 153,68631-49-2,Default,2,96,4.47E-05,5.68E-08,0.000105326,5.39E-04,N,
552,amiodarone,1951-25-3,Default,2,96,4.35E-05,1.42E-06,0.000106536,1.34E-02,B,9
553,Azathioprine,446-86-6,Default,2,96,9.52E-08,0.000149849,0.000149905,0.999629327,A,8.2
554,Benzocaine,94-09-7,Default,2,96,1.07E-06,0.00014366,0.000148931,0.964611039,N,
555,Butylated hydroxyanisole,25013-16-5,Default,2,96,1.14728E-05,9.35228E-05,0.000138527,0.6751223,N,
556,Cetirizine dihydrochloride,83881-52-1,Default,2,96,8.81E-08,0.000149905,0.000149912,0.99995036,A,4.7
557,Cyclamate,139-05-9,Default,2,96,8.70E-08,0.000149913,0.000149913,1,B,17.6
558,Cyclophosphamide,6055-19-2,Default,2,96,1.84E-07,0.000149213,0.000149816,0.99597563,B,6.1
559,Cypermethrin,67375-30-8,Default,2,96,4.62E-05,3.37E-07,0.000103817,0.003250177,N,
560,DEET,134-62-3,Default,2,96,7.83E-07,0.000145626,0.000149217,0.975935279,N,
561,Dexamethasone,50-02-2,Default,2,96,1.16E-06,0.000141914,0.000148844,0.953442665,N,
562,Digoxin,20830-75-5,Default,2,96,1.29E-07,0.000149592,0.000149871,0.998138575,N,
563,Fenazaquin,120928-09-8,Default,2,96,4.08E-05,3.67E-06,0.000109156,0.033636478,N,
564,Fenbuconazole,114369-43-6,Default,2,96,8.78E-06,0.000105398,0.00014122,0.746342805,N,
565,Fluazinam,79622-59-6,Default,2,96,2.33E-05,3.44E-05,0.00012674,0.271137719,N,
566,Furosemide,54-31-9,Default,2,96,8.76E-08,0.000149908,0.000149912,0.999973571,A,3
567,Glybenclamide,10238-21-8,Default,2,96,2.45E-06,1.36E-04,0.000147548,0.922485861,A,5
568,HC Red 3,2871-01-4,Default,2,96,1.25E-07,0.000149631,0.000149875,0.998372534,N,
569,Hydralazine hydrochloride,304-20-1,Default,2,96,1.90E-07,0.000149171,0.00014981,0.995738579,B,6
570,Ketoconazole,65277-42-1,Default,2,96,1.25E-05,8.91E-05,0.000137484,0.647853083,B,6.6
571,Metformin,1115-70-4,Default,2,96,8.72E-08,0.000149912,0.000149913,0.999991646,B,9.6
572,Metoclopramide,364-62-5,Default,2,96,2.63E-07,0.000148681,0.000149737,0.992949243,B,9
573,Nitrofurantoin,67-20-9,Default,2,96,9.44E-08,0.000149855,0.000149906,0.999664266,A,7.3
574,Oxytetracycline hydrochloride,2058-46-0,Default,2,96,8.70E-08,0.000149913,0.000149913,0.999999095,A,4.5
575,Panthenol,16485-10-2 ,Default,2,96,9.35E-08,0.000149862,0.000149906,0.99970141,N,
576,Paracetamol,103-90-2,Default,2,96,2.11E-07,0.000148986,0.000149789,0.994641318,N,
577,Topiramate,97240-79-4,Default,2,96,8.71E-08,0.000149912,0.000149913,0.999993183,A,9.2
578,Trimellitic anhydride,552-30-7,Default,2,96,8.74E-08,0.00014991,0.000149913,0.999983025,A,3.3
579,Verapamil hydrochloride,152-11-4,Default,2,96,3.60E-06,1.30E-04,0.000146399,0.88890492,B,9.2
580,Warfarin,129-06-6,Default,2,96,1.16E-05,5.76377E-05,0.000138393,0.416479603,N,
581,Caffeine,58-08-2,MCF7,2,96,2.00E-07,0.000149709,0.0001498,0.999396318,N,
582,Lamotrigine,84057-84-1,MCF7,2,96,7.05E-07,0.000134196,0.000149295,0.898869215,B,6.6
583,Diclofenac,15307-79-6,MCF7,2,96,2.00E-06,1.13153E-05,0.000148003,0.076453185,B,17.6
584,"2,4-Dichlorophenoxyacetic",94-75-7,MCF7,2,96,1.98E-07,0.000149793,0.000149802,0.999941899,A,2.7
585,(S)-Naproxen,22204-53-1,MCF7,2,96,2.03E-07,0.000149532,0.000149797,0.998232857,A,4.4
586,Ibuprofen,15687-27-1,MCF7,2,96,3.08E-07,1.46E-04,0.000149692,0.976571415,A,5.4
587,Torasemide,56211-40-6,MCF7,2,96,2.01E-07,1.50E-04,0.000149799,0.99875245,A,4
588,Warfarin,81-81-2,MCF7,2,96,2.00E-07,0.000149659,0.0001498,0.99905937,A,4.5
589,di-n-butylphthalate,84-74-2,MCF7,2,96,5.50E-06,5.12E-05,0.000144502,0.354330737,N,
590,hexachlorophene,70-30-4,MCF7,2,96,1.79E-05,8.33E-07,0.000132116,6.30E-03,A,6.2
591,hexamethylenetetramine,100-97-0,MCF7,2,96,1.98E-07,0.000149779,0.000149802,0.999849609,B,6.4
592,Malathion,121-75-5,MCF7,2,96,6.45E-07,0.000133734,0.000149355,0.895410824,N,
593,pentachlorophenol,87-86-5,MCF7,2,96,1.02E-06,1.31E-04,0.000148983,0.880747494,A,5
594,"2,2,2-trichloroethanol",115-20-8,MCF7,2,96,2.57E-07,0.000147399,0.000149743,0.984344932,N,
595,diethylphthalate,84-66-2,MCF7,2,96,5.79E-07,0.000139829,0.000149421,0.935804512,N,
596,4-chlorophenol,106-48-9,MCF7,2,96,6.56E-07,0.000134562,0.000149344,0.901014896,N,
597,permethrin,52645-53-1,MCF7,2,96,1.62E-05,1.98E-07,0.000133822,0.00147847,N,
598,Aniline,62-53-3,MCF7,2,96,2.39E-07,0.000148326,0.000149761,0.990416248,N,
599,4-fluoroaniline,371-40-4,MCF7,2,96,2.39E-07,0.000148244,0.000149761,0.989867198,N,
600,"2,4,6-trichlorophenol",88-06-2,MCF7,2,96,1.58E-06,1.22E-04,0.000148422,0.818887929,A,6.8
601,Allyl alcohol,107-18-6,MCF7,2,96,2.01E-07,0.000149649,0.000149799,0.99899872,N,
602,N-methylaniline,100-61-8,MCF7,2,96,3.12E-07,0.000146333,0.000149688,0.977589057,N,
603,"3,4-dichloroaniline",95-76-1,MCF7,2,96,1.23E-06,0.000121765,0.000148767,0.818491891,N,
604,4-decylaniline,37529-30-9,MCF7,2,96,1.15E-05,1.44E-06,0.000138454,0.010419834,N,
605,naphthalene,91-20-3,MCF7,2,96,2.13E-06,0.000110253,0.00014787,0.74560973,N,
606,"1,2,4-trichlorobenzene",120-82-1,MCF7,2,96,6.39E-06,4.85E-05,0.000143612,0.337853814,N,
607,"1,2-dichlorobenzene",95-50-1,MCF7,2,96,2.87E-06,9.75E-05,0.000147132,0.662854229,N,
608,dichloromethane,75-09-2,MCF7,2,96,2.65E-07,0.000147611,0.000149735,0.985811083,N,
609,tetrachloroethylene,127-18-4,MCF7,2,96,2.11E-06,1.12E-04,1.48E-04,0.759754206,N,
610,"2,3-dimethyl-1,3-butadiene",513-81-5,MCF7,2,96,6.91E-07,1.38E-04,1.49E-04,0.923148558,N,
611,Eugenol F,97-53-0,MCF7,2,96,4.99E-07,0.000141218,0.000149501,0.944598641,N,
612,Methyl-antranilate,134-20-3,MCF7,2,96,2.94E-07,0.000147238,0.000149706,0.983510579,N,
613,Lilyfore,285977-85-7,MCF7,2,96,2.35E-06,0.000109689,0.000147654,0.742878677,N,
614,Damascone beta,23726-91-2,MCF7,2,96,8.55E-06,4.06E-05,0.000141446,0.287132152,N,
615,Veloutone,14595-54-1,MCF7,2,96,1.43E-05,7.19E-06,0.00013566,0.052998348,N,
616,Verdox,82356-51-2,MCF7,2,96,1.82244E-05,6.19121E-07,0.000131776,0.004698297,N,
617,Nirvanol,1506-02-1,MCF7,2,96,1.60197E-05,3.06465E-06,0.00013398,0.022873913,N,
618,Cetalox,3738-00-9,MCF7,2,96,1.49E-05,5.66E-06,0.000135139,0.041883862,N,
619,Tonalide,21145-77-7,MCF7,2,96,1.60E-05,3.06E-06,0.00013398,0.022873913,N,
620,"2,4-Dinitrophenol",51-28-5,MCF7,2,96,1.98E-07,0.000149789,0.000149802,0.999910972,A,4.1
621,Aldrin,309-00-2,MCF7,2,96,1.27E-05,2.57E-06,0.000137276,0.018745173,N,
622,Azinphos-methyl,86-50-0,MCF7,2,96,1.07E-06,0.000130269,0.000148931,0.874693198,N,
623,Chlorpyrifos,2921-88-2,MCF7,2,96,7.49E-06,5.04E-05,0.000142515,0.353354931,N,
624,"DDD-p,p'",50-29-3,MCF7,2,96,1.32E-05,1.68E-07,0.000136783,0.001225605,N,
625,"DDT-o,p'",789-02-6,MCF7,2,96,1.18E-05,4.72E-07,0.000138211,0.003418191,N,
626,"DDT-p,p'",72-54-8,MCF7,2,96,1.27E-05,4.76E-07,0.000137254,0.003470824,N,
627,Diazinon,333-41-5,MCF7,2,96,1.88E-06,1.12E-04,0.000148116,0.757909574,N,
628,Dicofol,115-32-2,MCF7,2,96,1.31E-05,1.19E-05,0.000136917,0.086789173,N,
629,Dieldrin,60-57-1,MCF7,2,96,1.10E-05,1.15E-05,0.000139032,0.0830581,N,
630,Disulfoton,298-04-4,MCF7,2,96,3.13E-06,1.00E-04,0.000146873,0.680904958,N,
631,Endosulfan I,115-29-7,MCF7,2,96,5.40E-06,7.77E-05,0.000144601,0.537247487,N,
632,Endrin,72-20-8,MCF7,2,96,3.66E-06,7.17E-05,0.000146344,0.48983608,N,
633,Ethion,563-12-2,MCF7,2,96,3.86E-06,6.41E-05,0.00014614,0.438672621,N,
634,Heptachlor,76-44-8,MCF7,2,96,1.39E-05,4.51E-06,0.000136091,0.033122055,N,
635,Heptachlor epoxide B,1024-57-3,MCF7,2,96,1.16E-05,7.78E-06,0.000138423,0.056219672,N,
636,Lindane,58-89-9,MCF7,2,96,2.89E-06,1.04E-04,0.000147106,0.710174209,N,
637,"Methoxychlor-o,p'",72-43-5,MCF7,2,96,9.13E-06,6.36E-06,0.000140873,0.045133402,N,
638,Parathion,56-38-2,MCF7,2,96,2.50E-06,1.10E-04,0.0001475,0.745240963,N,
639,Trifluralin,1582-09-8,MCF7,2,96,4.85E-06,2.81E-05,0.00014515,0.193495379,N,
640,Cisapride,81098-60-4,MCF7,2,96,1.46E-06,1.23E-04,0.00014854,0.831389931,B,7.8
641,Citalopram hydrobromide,59729-33-8,MCF7,2,96,2.91E-07,0.000143737,0.000149709,0.960105784,N,
642,Dofetilide,115256-11-6,MCF7,2,96,2.35E-07,0.000148356,0.000149765,0.990589188,B,8.4
643,Moxifloxacin hydrochloride,186826-86-8,MCF7,2,96,2.00E-07,0.000149678,0.0001498,0.999184765,A,6
644,N-acetylpro-cainamide,32795-44-1,MCF7,2,96,1.99E-07,0.000149731,0.000149801,0.999534833,B,9.2
645,Quinidine sulfate,50-54-4,MCF7,2,96,2.47E-07,0.000147971,0.000149753,0.988100699,B,9.3
646,Sematilide,101526-83-4,MCF7,2,96,1.99E-07,0.000149729,0.000149801,0.999520996,B,9.1
647,Sotalol hydrochloride,959-24-0,MCF7,2,96,1.98E-07,0.000149782,0.000149802,0.999865169,B,9
648,Mifepristone,84371-65-3,MCF7,2,96,1.23E-05,1.55E-05,0.00013769,0.112485212,N,
649,Perfluorobutanesulfonic_acid,375-73-5,MCF7,2,96,1.98E-07,0.000149802,0.000149802,0.999999999,A,-2.9
650,4_2_Fluorotelomer_sulfonic_acid,757124-72-4,MCF7,2,96,,,,,A,1.4
651,Perfluorononanoic_acid,375-95-1,MCF7,2,96,2.87E-06,8.03E-06,0.000147129,0.054561056,A,0.1
652,Perfluorohexanoic_acid,307-24-4,MCF7,2,96,8.23E-07,1.12E-04,0.000149177,0.750395014,A,0.1
653,Perfluorobutanoic_acid,375-22-4,MCF7,2,96,,,,,A,0.1
654,Perfluorooctanoic_acid,335-67-1,MCF7,2,96,2.23E-06,1.69E-05,0.000147766,0.114451504,A,0.1
655,6_2_Fluorotelomer_sulfonic_acid,27619-97-2,MCF7,2,96,1.29E-06,6.40226E-05,0.000148706,0.430530653,A,1.4
656,8_2_Fluorotelomer_sulfonic_acid,39108-34-4,MCF7,2,96,1.99E-06,9.34E-06,0.000148008,0.063126903,A,1.4
657,Perfluoroundecanoic_acid,2058-94-8,MCF7,2,96,2.51E-06,2.01E-06,0.000147493,0.013632841,A,0.1
658,Perfluorooctanesulfonic_acid,1763-23-1,MCF7,2,96,4.22E-06,4.62E-06,0.000145783,0.031658894,A,-2.9
659,Perfluoroheptanoic_acid,375-85-9,MCF7,2,96,1.88E-06,2.89E-05,0.000148116,0.195370366,A,0.1
660,Perfluoropentanoic_acid,2706-90-3,MCF7,2,96,,,,,A,0.1
661,Perfluorohexanesulfonic_acid,355-46-4,MCF7,2,96,2.59E-06,6.99369E-06,0.000147408,0.047444499,A,-2.9
662,Perfluorodecanoic_acid,335-76-2,MCF7,2,96,3.75E-06,4.24E-06,0.000146252,0.028969216,A,0.1
663,cyclosporine A,59865-13-3,MCF7,2,96,1.03E-06,8.53786E-05,0.000148966,0.573140695,N,
664,chlorpromazine,50-53-3,MCF7,2,96,3.03E-06,1.00E-04,0.000146973,0.680871579,B,9.4
665,PBDE 47,5436-43-1,MCF7,2,96,1.53E-05,4.05E-07,0.000134666,0.003004713,N,
666,PBDE 99,60348-60-9,MCF7,2,96,1.65E-05,1.81E-07,0.000133474,1.36E-03,N,
667,PBDE 153,68631-49-2,MCF7,2,96,1.76E-05,7.14E-08,0.000132396,5.39E-04,N,
668,amiodarone,1951-25-3,MCF7,2,96,1.69E-05,1.78E-06,0.000133119,1.34E-02,B,9
669,Azathioprine,446-86-6,MCF7,2,96,1.99E-07,0.000149746,0.000149801,0.999629327,A,8.2
670,Benzocaine,94-09-7,MCF7,2,96,3.72E-07,0.000144332,0.000149628,0.964611039,N,
671,Butylated hydroxyanisole,25013-16-5,MCF7,2,96,3.0922E-06,9.91807E-05,0.000146908,0.6751223,N,
672,Cetirizine dihydrochloride,83881-52-1,MCF7,2,96,1.98E-07,0.000149795,0.000149802,0.99995036,A,4.7
673,Cyclamate,139-05-9,MCF7,2,96,1.98E-07,0.000149802,0.000149802,1,B,17.6
674,Cyclophosphamide,6055-19-2,MCF7,2,96,2.11E-07,0.000149186,0.000149789,0.99597563,B,6.1
675,Cypermethrin,67375-30-8,MCF7,2,96,1.86E-05,4.27E-07,0.000131383,0.003250177,N,
676,DEET,134-62-3,MCF7,2,96,3.28E-07,0.00014607,0.000149672,0.975935279,N,
677,Dexamethasone,50-02-2,MCF7,2,96,3.35E-07,0.000142697,0.000149665,0.953442665,N,
678,Digoxin,20830-75-5,MCF7,2,96,2.03E-07,0.000149518,0.000149797,0.998138575,N,
679,Fenazaquin,120928-09-8,MCF7,2,96,1.53E-05,4.53E-06,0.000134692,0.033636478,N,
680,Fenbuconazole,114369-43-6,MCF7,2,96,2.31E-06,0.000110228,0.000147691,0.746342805,N,
681,Fluazinam,79622-59-6,MCF7,2,96,6.45E-06,3.89E-05,0.00014355,0.271137719,N,
682,Furosemide,54-31-9,MCF7,2,96,1.98E-07,0.000149798,0.000149802,0.999973571,A,3
683,Glybenclamide,10238-21-8,MCF7,2,96,6.78E-07,1.38E-04,0.000149322,0.922485861,A,5
684,HC Red 3,2871-01-4,MCF7,2,96,2.03E-07,0.000149554,0.000149797,0.998372534,N,
685,Hydralazine hydrochloride,304-20-1,MCF7,2,96,2.12E-07,0.000149149,0.000149788,0.995738579,B,6
686,Ketoconazole,65277-42-1,MCF7,2,96,3.41E-06,9.50E-05,0.000146592,0.647853083,B,6.6
687,Metformin,1115-70-4,MCF7,2,96,1.98E-07,0.000149801,0.000149802,0.999991646,B,9.6
688,Metoclopramide,364-62-5,MCF7,2,96,2.24E-07,0.00014872,0.000149776,0.992949243,B,9
689,Nitrofurantoin,67-20-9,MCF7,2,96,1.99E-07,0.000149751,0.000149801,0.999664266,A,7.3
690,Oxytetracycline hydrochloride,2058-46-0,MCF7,2,96,1.98E-07,0.000149802,0.000149802,0.999999095,A,4.5
691,Panthenol,16485-10-2 ,MCF7,2,96,1.99E-07,0.000149757,0.000149801,0.99970141,N,
692,Paracetamol,103-90-2,MCF7,2,96,2.14E-07,0.000148984,0.000149786,0.994641318,N,
693,Topiramate,97240-79-4,MCF7,2,96,1.98E-07,0.000149801,0.000149802,0.999993183,A,9.2
694,Trimellitic anhydride,552-30-7,MCF7,2,96,1.98E-07,0.0001498,0.000149802,0.999983025,A,3.3
695,Verapamil hydrochloride,152-11-4,MCF7,2,96,9.48E-07,1.32E-04,0.000149052,0.88890492,B,9.2
696,Warfarin,129-06-6,MCF7,2,96,1.48E-06,6.1856E-05,0.000148521,0.416479603,N,
697,Caffeine,58-08-2,HCT116,2,96,5.32E-08,0.000149856,0.000149947,0.999396318,N,
698,Lamotrigine,84057-84-1,HCT116,2,96,1.57E-06,0.000133416,0.000148427,0.898869215,B,6.6
699,Diclofenac,15307-79-6,HCT116,2,96,1.07E-05,1.06489E-05,0.000139286,0.076453185,B,17.6
700,"2,4-Dichlorophenoxyacetic",94-75-7,HCT116,2,96,4.54E-08,0.000149946,0.000149955,0.999941899,A,2.7
701,(S)-Naproxen,22204-53-1,HCT116,2,96,6.83E-08,0.000149667,0.000149932,0.998232857,A,4.4
702,Ibuprofen,15687-27-1,HCT116,2,96,3.95E-07,1.46E-04,0.000149605,0.976571415,A,5.4
703,Torasemide,56211-40-6,HCT116,2,96,6.12E-08,1.50E-04,0.000149939,0.99875245,A,4
704,Warfarin,81-81-2,HCT116,2,96,5.71E-08,0.000149802,0.000149943,0.99905937,A,4.5
705,di-n-butylphthalate,84-74-2,HCT116,2,96,1.11E-05,4.92E-05,0.000138902,0.354330737,N,
706,hexachlorophene,70-30-4,HCT116,2,96,2.44E-05,7.92E-07,0.000125596,6.30E-03,A,6.2
707,hexamethylenetetramine,100-97-0,HCT116,2,96,4.66E-08,0.000149931,0.000149953,0.999849609,B,6.4
708,Malathion,121-75-5,HCT116,2,96,1.55E-06,0.00013292,0.000148446,0.895410824,N,
709,pentachlorophenol,87-86-5,HCT116,2,96,2.04E-06,1.30E-04,0.000147955,0.880747494,A,5
710,"2,2,2-trichloroethanol",115-20-8,HCT116,2,96,2.65E-07,0.000147391,0.000149735,0.984344932,N,
711,diethylphthalate,84-66-2,HCT116,2,96,1.07E-06,0.000139367,0.000148928,0.935804512,N,
712,4-chlorophenol,106-48-9,HCT116,2,96,1.51E-06,0.000133796,0.000148495,0.901014896,N,
713,permethrin,52645-53-1,HCT116,2,96,2.30E-05,1.88E-07,0.000126979,0.00147847,N,
714,Aniline,62-53-3,HCT116,2,96,1.84E-07,0.00014838,0.000149816,0.990416248,N,
715,4-fluoroaniline,371-40-4,HCT116,2,96,1.90E-07,0.000148292,0.00014981,0.989867198,N,
716,"2,4,6-trichlorophenol",88-06-2,HCT116,2,96,3.19E-06,1.20E-04,0.000146812,0.818887929,A,6.8
717,Allyl alcohol,107-18-6,HCT116,2,96,5.84E-08,0.000149791,0.000149942,0.99899872,N,
718,N-methylaniline,100-61-8,HCT116,2,96,3.88E-07,0.000146259,0.000149612,0.977589057,N,
719,"3,4-dichloroaniline",95-76-1,HCT116,2,96,2.88E-06,0.000120416,0.00014712,0.818491891,N,
720,4-decylaniline,37529-30-9,HCT116,2,96,1.91E-05,1.36E-06,0.000130882,0.010419834,N,
721,naphthalene,91-20-3,HCT116,2,96,4.42E-06,1.09E-04,0.000145577,0.74560973,N,
722,"1,2,4-trichlorobenzene",120-82-1,HCT116,2,96,1.20E-05,4.66E-05,0.000137995,0.337853814,N,
723,"1,2-dichlorobenzene",95-50-1,HCT116,2,96,5.90E-06,9.55E-05,0.000144102,0.662854229,N,
724,dichloromethane,75-09-2,HCT116,2,96,2.57E-07,0.000147619,0.000149743,0.985811083,N,
725,tetrachloroethylene,127-18-4,HCT116,2,96,4.26E-06,1.11E-04,1.46E-04,0.759754206,N,
726,"2,3-dimethyl-1,3-butadiene",513-81-5,HCT116,2,96,1.31E-06,1.37E-04,1.49E-04,0.923148558,N,
727,Eugenol F,97-53-0,HCT116,2,96,9.07E-07,0.000140833,0.000149093,0.944598641,N,
728,Methyl-antranilate,134-20-3,HCT116,2,96,3.08E-07,0.000147224,0.000149692,0.983510579,N,
729,Lilyfore,285977-85-7,HCT116,2,96,4.64E-06,0.000107983,0.000145357,0.742878677,N,
730,Damascone beta,23726-91-2,HCT116,2,96,1.43E-05,3.90E-05,0.000135705,0.287132152,N,
731,Veloutone,14595-54-1,HCT116,2,96,2.11E-05,6.83E-06,0.000128906,0.052998348,N,
732,Verdox,82356-51-2,HCT116,2,96,2.47E-05,5.88697E-07,0.0001253,0.004698297,N,
733,Nirvanol,1506-02-1,HCT116,2,96,2.27262E-05,2.91125E-06,0.000127274,0.022873913,N,
734,Cetalox,3738-00-9,HCT116,2,96,2.16E-05,5.38E-06,0.000128385,0.041883862,N,
735,Tonalide,21145-77-7,HCT116,2,96,2.27E-05,2.91E-06,0.000127274,0.022873913,N,
736,"2,4-Dinitrophenol",51-28-5,HCT116,2,96,4.58E-08,0.000149941,0.000149954,0.999910972,A,4.1
737,Aldrin,309-00-2,HCT116,2,96,2.00E-05,2.44E-06,0.000129976,0.018745173,N,
738,Azinphos-methyl,86-50-0,HCT116,2,96,2.15E-06,0.000129319,0.000147845,0.874693198,N,
739,Chlorpyrifos,2921-88-2,HCT116,2,96,1.28E-05,4.85E-05,0.000137197,0.353354931,N,
740,"DDD-p,p'",50-29-3,HCT116,2,96,2.06E-05,1.59E-07,0.000129429,0.001225605,N,
741,"DDT-o,p'",789-02-6,HCT116,2,96,1.94E-05,4.47E-07,0.000130625,0.003418191,N,
742,"DDT-p,p'",72-54-8,HCT116,2,96,2.02E-05,4.51E-07,0.000129836,0.003470824,N,
743,Diazinon,333-41-5,HCT116,2,96,4.08E-06,1.11E-04,0.000145921,0.757909574,N,
744,Dicofol,115-32-2,HCT116,2,96,1.98E-05,1.13E-05,0.000130221,0.086789173,N,
745,Dieldrin,60-57-1,HCT116,2,96,1.80E-05,1.10E-05,0.000131952,0.0830581,N,
746,Disulfoton,298-04-4,HCT116,2,96,5.95E-06,9.81E-05,0.000144049,0.680904958,N,
747,Endosulfan I,115-29-7,HCT116,2,96,9.33E-06,7.56E-05,0.000140675,0.537247487,N,
748,Endrin,72-20-8,HCT116,2,96,8.26E-06,6.94E-05,0.000141744,0.48983608,N,
749,Ethion,563-12-2,HCT116,2,96,8.92E-06,6.19E-05,0.000141085,0.438672621,N,
750,Heptachlor,76-44-8,HCT116,2,96,2.09E-05,4.28E-06,0.000129108,0.033122055,N,
751,Heptachlor epoxide B,1024-57-3,HCT116,2,96,1.88E-05,7.38E-06,0.000131228,0.056219672,N,
752,Lindane,58-89-9,HCT116,2,96,5.46E-06,1.03E-04,0.000144544,0.710174209,N,
753,"Methoxychlor-o,p'",72-43-5,HCT116,2,96,1.68E-05,6.01E-06,0.000133161,0.045133402,N,
754,Parathion,56-38-2,HCT116,2,96,4.76E-06,1.08E-04,0.000145242,0.745240963,N,
755,Trifluralin,1582-09-8,HCT116,2,96,1.20E-05,2.67E-05,0.000137993,0.193495379,N,
756,Cisapride,81098-60-4,HCT116,2,96,2.95E-06,1.22E-04,0.000147047,0.831389931,B,7.8
757,Citalopram hydrobromide,59729-33-8,HCT116,2,96,5.52E-07,0.000143486,0.000149448,0.960105784,N,
758,Dofetilide,115256-11-6,HCT116,2,96,1.79E-07,0.000148411,0.000149821,0.990589188,B,8.4
759,Moxifloxacin hydrochloride,186826-86-8,HCT116,2,96,5.54E-08,0.000149822,0.000149945,0.999184765,A,6
760,N-acetylpro-cainamide,32795-44-1,HCT116,2,96,5.07E-08,0.00014988,0.000149949,0.999534833,B,9.2
761,Quinidine sulfate,50-54-4,HCT116,2,96,2.16E-07,0.000148002,0.000149784,0.988100699,B,9.3
762,Sematilide,101526-83-4,HCT116,2,96,5.09E-08,0.000149877,0.000149949,0.999520996,B,9.1
763,Sotalol hydrochloride,959-24-0,HCT116,2,96,4.64E-08,0.000149933,0.000149954,0.999865169,B,9
764,Mifepristone,84371-65-3,HCT116,2,96,1.89E-05,1.47E-05,0.000131074,0.112485212,N,
765,Perfluorobutanesulfonic_acid,375-73-5,HCT116,2,96,4.47E-08,0.000149955,0.000149955,0.999999999,A,-2.9
766,4_2_Fluorotelomer_sulfonic_acid,757124-72-4,HCT116,2,96,,,,,A,1.4
767,Perfluorononanoic_acid,375-95-1,HCT116,2,96,1.16E-05,7.55E-06,0.000138373,0.054561056,A,0.1
768,Perfluorohexanoic_acid,307-24-4,HCT116,2,96,3.21E-06,1.10E-04,0.000146794,0.750395014,A,0.1
769,Perfluorobutanoic_acid,375-22-4,HCT116,2,96,,,,,A,0.1
770,Perfluorooctanoic_acid,335-67-1,HCT116,2,96,1.06E-05,1.60E-05,0.000139441,0.114451504,A,0.1
771,6_2_Fluorotelomer_sulfonic_acid,27619-97-2,HCT116,2,96,6.79E-06,6.16555E-05,0.000143208,0.430530653,A,1.4
772,8_2_Fluorotelomer_sulfonic_acid,39108-34-4,HCT116,2,96,1.08E-05,8.79E-06,0.000139168,0.063126903,A,1.4
773,Perfluoroundecanoic_acid,2058-94-8,HCT116,2,96,1.17E-05,1.89E-06,0.0001383,0.013632841,A,0.1
774,Perfluorooctanesulfonic_acid,1763-23-1,HCT116,2,96,1.29E-05,4.34E-06,0.000137071,0.031658894,A,-2.9
775,Perfluoroheptanoic_acid,375-85-9,HCT116,2,96,9.52E-06,2.74E-05,0.000140478,0.195370366,A,0.1
776,Perfluoropentanoic_acid,2706-90-3,HCT116,2,96,,,,,A,0.1
777,Perfluorohexanesulfonic_acid,355-46-4,HCT116,2,96,1.15E-05,6.5728E-06,0.000138537,0.047444499,A,-2.9
778,Perfluorodecanoic_acid,335-76-2,HCT116,2,96,1.26E-05,3.98E-06,0.000137429,0.028969216,A,0.1
779,cyclosporine A,59865-13-3,HCT116,2,96,5.17E-06,8.30073E-05,0.000144829,0.573140695,N,
780,chlorpromazine,50-53-3,HCT116,2,96,5.86E-06,9.81E-05,0.000144138,0.680871579,B,9.4
781,PBDE 47,5436-43-1,HCT116,2,96,2.23E-05,3.84E-07,0.000127691,0.003004713,N,
782,PBDE 99,60348-60-9,HCT116,2,96,2.33E-05,1.72E-07,0.000126689,1.36E-03,N,
783,PBDE 153,68631-49-2,HCT116,2,96,2.42E-05,6.79E-08,0.000125786,5.39E-04,N,
784,amiodarone,1951-25-3,HCT116,2,96,2.35E-05,1.69E-06,0.000126485,1.34E-02,B,9
785,Azathioprine,446-86-6,HCT116,2,96,4.95E-08,0.000149895,0.000149951,0.999629327,A,8.2
786,Benzocaine,94-09-7,HCT116,2,96,5.80E-07,0.000144132,0.00014942,0.964611039,N,
787,Butylated hydroxyanisole,25013-16-5,HCT116,2,96,5.97687E-06,9.72332E-05,0.000144023,0.6751223,N,
788,Cetirizine dihydrochloride,83881-52-1,HCT116,2,96,4.53E-08,0.000149947,0.000149955,0.99995036,A,4.7
789,Cyclamate,139-05-9,HCT116,2,96,4.47E-08,0.000149955,0.000149955,1,B,17.6
790,Cyclophosphamide,6055-19-2,HCT116,2,96,9.99E-08,0.000149297,0.0001499,0.99597563,B,6.1
791,Cypermethrin,67375-30-8,HCT116,2,96,2.50E-05,4.06E-07,0.000124962,0.003250177,N,
792,DEET,134-62-3,HCT116,2,96,4.19E-07,0.000145981,0.000149581,0.975935279,N,
793,Dexamethasone,50-02-2,HCT116,2,96,6.63E-07,0.000142384,0.000149337,0.953442665,N,
794,Digoxin,20830-75-5,HCT116,2,96,6.90E-08,0.000149652,0.000149931,0.998138575,N,
795,Fenazaquin,120928-09-8,HCT116,2,96,2.21E-05,4.30E-06,0.000127949,0.033636478,N,
796,Fenbuconazole,114369-43-6,HCT116,2,96,4.58E-06,0.000108537,0.000145424,0.746342805,N,
797,Fluazinam,79622-59-6,HCT116,2,96,1.27E-05,3.72E-05,0.000137346,0.271137719,N,
798,Furosemide,54-31-9,HCT116,2,96,4.50E-08,0.000149951,0.000149955,0.999973571,A,3
799,Glybenclamide,10238-21-8,HCT116,2,96,1.30E-06,1.37E-04,0.000148698,0.922485861,A,5
800,HC Red 3,2871-01-4,HCT116,2,96,6.64E-08,0.00014969,0.000149934,0.998372534,N,
801,Hydralazine hydrochloride,304-20-1,HCT116,2,96,1.03E-07,0.000149258,0.000149897,0.995738579,B,6
802,Ketoconazole,65277-42-1,HCT116,2,96,6.52E-06,9.30E-05,0.000143477,0.647853083,B,6.6
803,Metformin,1115-70-4,HCT116,2,96,4.48E-08,0.000149954,0.000149955,0.999991646,B,9.6
804,Metoclopramide,364-62-5,HCT116,2,96,1.44E-07,0.0001488,0.000149856,0.992949243,B,9
805,Nitrofurantoin,67-20-9,HCT116,2,96,4.90E-08,0.000149901,0.000149951,0.999664266,A,7.3
806,Oxytetracycline hydrochloride,2058-46-0,HCT116,2,96,4.47E-08,0.000149955,0.000149955,0.999999095,A,4.5
807,Panthenol,16485-10-2 ,HCT116,2,96,4.86E-08,0.000149907,0.000149951,0.99970141,N,
808,Paracetamol,103-90-2,HCT116,2,96,1.16E-07,0.000149081,0.000149884,0.994641318,N,
809,Topiramate,97240-79-4,HCT116,2,96,4.48E-08,0.000149954,0.000149955,0.999993183,A,9.2
810,Trimellitic anhydride,552-30-7,HCT116,2,96,4.49E-08,0.000149953,0.000149955,0.999983025,A,3.3
811,Verapamil hydrochloride,152-11-4,HCT116,2,96,1.90E-06,1.32E-04,0.000148103,0.88890492,B,9.2
812,Warfarin,129-06-6,HCT116,2,96,7.09E-06,5.95208E-05,0.000142914,0.416479603,N,
813,Caffeine,58-08-2,HEK293T,2,96,1.48E-07,0.000149761,0.000149852,0.999396318,N,
814,Lamotrigine,84057-84-1,HEK293T,2,96,2.82E-06,0.000132292,0.000147176,0.898869215,B,6.6
815,Diclofenac,15307-79-6,HEK293T,2,96,2.05E-05,9.90285E-06,0.000129528,0.076453185,B,17.6
816,"2,4-Dichlorophenoxyacetic",94-75-7,HEK293T,2,96,1.34E-07,0.000149858,0.000149866,0.999941899,A,2.7
817,(S)-Naproxen,22204-53-1,HEK293T,2,96,1.78E-07,0.000149557,0.000149822,0.998232857,A,4.4
818,Ibuprofen,15687-27-1,HEK293T,2,96,7.61E-07,1.46E-04,0.000149239,0.976571415,A,5.4
819,Torasemide,56211-40-6,HEK293T,2,96,1.65E-07,1.50E-04,0.000149835,0.99875245,A,4
820,Warfarin,81-81-2,HEK293T,2,96,1.57E-07,0.000149703,0.000149843,0.99905937,A,4.5
821,di-n-butylphthalate,84-74-2,HEK293T,2,96,1.67E-05,4.72E-05,0.000133253,0.354330737,N,
822,hexachlorophene,70-30-4,HEK293T,2,96,2.84E-05,7.66E-07,0.000121563,6.30E-03,A,6.2
823,hexamethylenetetramine,100-97-0,HEK293T,2,96,1.36E-07,0.000149841,0.000149864,0.999849609,B,6.4
824,Malathion,121-75-5,HEK293T,2,96,2.87E-06,0.000131738,0.000147125,0.895410824,N,
825,pentachlorophenol,87-86-5,HEK293T,2,96,3.41E-06,1.29E-04,0.000146591,0.880747494,A,5
826,"2,2,2-trichloroethanol",115-20-8,HEK293T,2,96,5.45E-07,0.000147115,0.000149455,0.984344932,N,
827,diethylphthalate,84-66-2,HEK293T,2,96,1.88E-06,0.000138609,0.000148118,0.935804512,N,
828,4-chlorophenol,106-48-9,HEK293T,2,96,2.75E-06,0.000132677,0.000147252,0.901014896,N,
829,permethrin,52645-53-1,HEK293T,2,96,2.78E-05,1.81E-07,0.000122243,0.00147847,N,
830,Aniline,62-53-3,HEK293T,2,96,3.88E-07,0.000148179,0.000149612,0.990416248,N,
831,4-fluoroaniline,371-40-4,HEK293T,2,96,4.01E-07,0.000148083,0.000149599,0.989867198,N,
832,"2,4,6-trichlorophenol",88-06-2,HEK293T,2,96,5.12E-06,1.19E-04,0.000144876,0.818887929,A,6.8
833,Allyl alcohol,107-18-6,HEK293T,2,96,1.58E-07,0.000149692,0.000149842,0.99899872,N,
834,N-methylaniline,100-61-8,HEK293T,2,96,7.38E-07,0.000145917,0.000149262,0.977589057,N,
835,"3,4-dichloroaniline",95-76-1,HEK293T,2,96,4.96E-06,0.000118715,0.000145041,0.818491891,N,
836,4-decylaniline,37529-30-9,HEK293T,2,96,2.56E-05,1.30E-06,0.000124401,0.010419834,N,
837,naphthalene,91-20-3,HEK293T,2,96,7.05E-06,1.07E-04,0.00014295,0.74560973,N,
838,"1,2,4-trichlorobenzene",120-82-1,HEK293T,2,96,1.75E-05,4.48E-05,0.000132536,0.337853814,N,
839,"1,2-dichlorobenzene",95-50-1,HEK293T,2,96,9.22E-06,9.33E-05,0.000140777,0.662854229,N,
840,dichloromethane,75-09-2,HEK293T,2,96,5.13E-07,0.000147366,0.000149487,0.985811083,N,
841,tetrachloroethylene,127-18-4,HEK293T,2,96,6.73E-06,1.09E-04,1.43E-04,0.759754206,N,
842,"2,3-dimethyl-1,3-butadiene",513-81-5,HEK293T,2,96,2.24E-06,1.36E-04,1.48E-04,0.923148558,N,
843,Eugenol F,97-53-0,HEK293T,2,96,1.63E-06,0.000140149,0.000148369,0.944598641,N,
844,Methyl-antranilate,134-20-3,HEK293T,2,96,5.85E-07,0.000146952,0.000149415,0.983510579,N,
845,Lilyfore,285977-85-7,HEK293T,2,96,7.22E-06,0.00010607,0.000142783,0.742878677,N,
846,Damascone beta,23726-91-2,HEK293T,2,96,1.94E-05,3.75E-05,0.000130605,0.287132152,N,
847,Veloutone,14595-54-1,HEK293T,2,96,2.61E-05,6.57E-06,0.000123903,0.052998348,N,
848,Verdox,82356-51-2,HEK293T,2,96,2.86152E-05,5.70302E-07,0.000121385,0.004698297,N,
849,Nirvanol,1506-02-1,HEK293T,2,96,2.73378E-05,2.80576E-06,0.000122662,0.022873913,N,
850,Cetalox,3738-00-9,HEK293T,2,96,2.65E-05,5.17E-06,0.000123488,0.041883862,N,
851,Tonalide,21145-77-7,HEK293T,2,96,2.73E-05,2.81E-06,0.000122662,0.022873913,N,
852,"2,4-Dinitrophenol",51-28-5,HEK293T,2,96,1.34E-07,0.000149852,0.000149866,0.999910972,A,4.1
853,Aldrin,309-00-2,HEK293T,2,96,2.60E-05,2.33E-06,0.000124035,0.018745173,N,
854,Azinphos-methyl,86-50-0,HEK293T,2,96,3.58E-06,0.000128075,0.000146423,0.874693198,N,
855,Chlorpyrifos,2921-88-2,HEK293T,2,96,1.77E-05,4.68E-05,0.000132335,0.353354931,N,
856,"DDD-p,p'",50-29-3,HEK293T,2,96,2.65E-05,1.51E-07,0.00012353,0.001225605,N,
857,"DDT-o,p'",789-02-6,HEK293T,2,96,2.58E-05,4.24E-07,0.000124179,0.003418191,N,
858,"DDT-p,p'",72-54-8,HEK293T,2,96,2.62E-05,4.30E-07,0.000123771,0.003470824,N,
859,Diazinon,333-41-5,HEK293T,2,96,6.65E-06,1.09E-04,0.000143346,0.757909574,N,
860,Dicofol,115-32-2,HEK293T,2,96,2.50E-05,1.09E-05,0.000125027,0.086789173,N,
861,Dieldrin,60-57-1,HEK293T,2,96,2.41E-05,1.05E-05,0.000125887,0.0830581,N,
862,Disulfoton,298-04-4,HEK293T,2,96,8.96E-06,9.60E-05,0.000141041,0.680904958,N,
863,Endosulfan I,115-29-7,HEK293T,2,96,1.31E-05,7.36E-05,0.00013693,0.537247487,N,
864,Endrin,72-20-8,HEK293T,2,96,1.32E-05,6.70E-05,0.00013678,0.48983608,N,
865,Ethion,563-12-2,HEK293T,2,96,1.43E-05,5.95E-05,0.000135653,0.438672621,N,
866,Heptachlor,76-44-8,HEK293T,2,96,2.62E-05,4.10E-06,0.000123761,0.033122055,N,
867,Heptachlor epoxide B,1024-57-3,HEK293T,2,96,2.48E-05,7.04E-06,0.000125164,0.056219672,N,
868,Lindane,58-89-9,HEK293T,2,96,8.21E-06,1.01E-04,0.000141792,0.710174209,N,
869,"Methoxychlor-o,p'",72-43-5,HEK293T,2,96,2.40E-05,5.69E-06,0.000126021,0.045133402,N,
870,Parathion,56-38-2,HEK293T,2,96,7.24E-06,1.06E-04,0.000142759,0.745240963,N,
871,Trifluralin,1582-09-8,HEK293T,2,96,1.95E-05,2.52E-05,0.000130494,0.193495379,N,
872,Cisapride,81098-60-4,HEK293T,2,96,4.78E-06,1.21E-04,0.000145222,0.831389931,B,7.8
873,Citalopram hydrobromide,59729-33-8,HEK293T,2,96,1.15E-06,0.000142912,0.000148851,0.960105784,N,
874,Dofetilide,115256-11-6,HEK293T,2,96,3.81E-07,0.000148211,0.000149619,0.990589188,B,8.4
875,Moxifloxacin hydrochloride,186826-86-8,HEK293T,2,96,1.53E-07,0.000149725,0.000149847,0.999184765,A,6
876,N-acetylpro-cainamide,32795-44-1,HEK293T,2,96,1.44E-07,0.000149786,0.000149856,0.999534833,B,9.2
877,Quinidine sulfate,50-54-4,HEK293T,2,96,4.48E-07,0.000147772,0.000149552,0.988100699,B,9.3
878,Sematilide,101526-83-4,HEK293T,2,96,1.45E-07,0.000149784,0.000149855,0.999520996,B,9.1
879,Sotalol hydrochloride,959-24-0,HEK293T,2,96,1.36E-07,0.000149844,0.000149864,0.999865169,B,9
880,Mifepristone,84371-65-3,HEK293T,2,96,2.42E-05,1.42E-05,0.000125807,0.112485212,N,
881,Perfluorobutanesulfonic_acid,375-73-5,HEK293T,2,96,1.32E-07,0.000149868,0.000149868,0.999999999,A,-2.9
882,4_2_Fluorotelomer_sulfonic_acid,757124-72-4,HEK293T,2,96,,,,,A,1.4
883,Perfluorononanoic_acid,375-95-1,HEK293T,2,96,2.12E-05,7.03E-06,0.000128777,0.054561056,A,0.1
884,Perfluorohexanoic_acid,307-24-4,HEK293T,2,96,6.30E-06,1.08E-04,0.000143701,0.750395014,A,0.1
885,Perfluorobutanoic_acid,375-22-4,HEK293T,2,96,,,,,A,0.1
886,Perfluorooctanoic_acid,335-67-1,HEK293T,2,96,1.99E-05,1.49E-05,0.000130129,0.114451504,A,0.1
887,6_2_Fluorotelomer_sulfonic_acid,27619-97-2,HEK293T,2,96,1.34E-05,5.88304E-05,0.000136646,0.430530653,A,1.4
888,8_2_Fluorotelomer_sulfonic_acid,39108-34-4,HEK293T,2,96,2.07E-05,8.16E-06,0.000129287,0.063126903,A,1.4
889,Perfluoroundecanoic_acid,2058-94-8,HEK293T,2,96,2.18E-05,1.75E-06,0.000128188,0.013632841,A,0.1
890,Perfluorooctanesulfonic_acid,1763-23-1,HEK293T,2,96,2.22E-05,4.05E-06,0.000127821,0.031658894,A,-2.9
891,Perfluoroheptanoic_acid,375-85-9,HEK293T,2,96,1.82E-05,2.57E-05,0.000131783,0.195370366,A,0.1
892,Perfluoropentanoic_acid,2706-90-3,HEK293T,2,96,,,,,A,0.1
893,Perfluorohexanesulfonic_acid,355-46-4,HEK293T,2,96,2.12E-05,6.10901E-06,0.000128761,0.047444499,A,-2.9
894,Perfluorodecanoic_acid,335-76-2,HEK293T,2,96,2.20E-05,3.71E-06,0.000127963,0.028969216,A,0.1
895,cyclosporine A,59865-13-3,HEK293T,2,96,1.03E-05,8.00834E-05,0.000139727,0.573140695,N,
896,chlorpromazine,50-53-3,HEK293T,2,96,8.91E-06,9.61E-05,0.000141089,0.680871579,B,9.4
897,PBDE 47,5436-43-1,HEK293T,2,96,2.74E-05,3.68E-07,0.000122639,0.003004713,N,
898,PBDE 99,60348-60-9,HEK293T,2,96,2.79E-05,1.66E-07,0.000122087,1.36E-03,N,
899,PBDE 153,68631-49-2,HEK293T,2,96,2.84E-05,6.56E-08,0.000121596,5.39E-04,N,
900,amiodarone,1951-25-3,HEK293T,2,96,2.79E-05,1.63E-06,0.000122125,1.34E-02,B,9
901,Azathioprine,446-86-6,HEK293T,2,96,1.42E-07,0.000149803,0.000149858,0.999629327,A,8.2
902,Benzocaine,94-09-7,HEK293T,2,96,1.08E-06,0.000143647,0.000148917,0.964611039,N,
903,Butylated hydroxyanisole,25013-16-5,HEK293T,2,96,9.06687E-06,9.51471E-05,0.000140933,0.6751223,N,
904,Cetirizine dihydrochloride,83881-52-1,HEK293T,2,96,1.33E-07,0.000149859,0.000149867,0.99995036,A,4.7
905,Cyclamate,139-05-9,HEK293T,2,96,1.32E-07,0.000149868,0.000149868,1,B,17.6
906,Cyclophosphamide,6055-19-2,HEK293T,2,96,2.38E-07,0.00014916,0.000149762,0.99597563,B,6.1
907,Cypermethrin,67375-30-8,HEK293T,2,96,2.88E-05,3.94E-07,0.000121186,0.003250177,N,
908,DEET,134-62-3,HEK293T,2,96,7.86E-07,0.000145623,0.000149214,0.975935279,N,
909,Dexamethasone,50-02-2,HEK293T,2,96,1.33E-06,0.000141746,0.000148667,0.953442665,N,
910,Digoxin,20830-75-5,HEK293T,2,96,1.80E-07,0.000149541,0.00014982,0.998138575,N,
911,Fenazaquin,120928-09-8,HEK293T,2,96,2.68E-05,4.14E-06,0.000123154,0.033636478,N,
912,Fenbuconazole,114369-43-6,HEK293T,2,96,7.12E-06,0.000106636,0.000142878,0.746342805,N,
913,Fluazinam,79622-59-6,HEK293T,2,96,1.88E-05,3.56E-05,0.000131246,0.271137719,N,
914,Furosemide,54-31-9,HEK293T,2,96,1.33E-07,0.000149863,0.000149867,0.999973571,A,3
915,Glybenclamide,10238-21-8,HEK293T,2,96,2.25E-06,1.36E-04,0.000147749,0.922485861,A,5
916,HC Red 3,2871-01-4,HEK293T,2,96,1.74E-07,0.000149582,0.000149826,0.998372534,N,
917,Hydralazine hydrochloride,304-20-1,HEK293T,2,96,2.44E-07,0.000149118,0.000149756,0.995738579,B,6
918,Ketoconazole,65277-42-1,HEK293T,2,96,9.81E-06,9.08E-05,0.000140194,0.647853083,B,6.6
919,Metformin,1115-70-4,HEK293T,2,96,1.32E-07,0.000149866,0.000149868,0.999991646,B,9.6
920,Metoclopramide,364-62-5,HEK293T,2,96,3.18E-07,0.000148626,0.000149682,0.992949243,B,9
921,Nitrofurantoin,67-20-9,HEK293T,2,96,1.41E-07,0.000149809,0.000149859,0.999664266,A,7.3
922,Oxytetracycline hydrochloride,2058-46-0,HEK293T,2,96,1.32E-07,0.000149868,0.000149868,0.999999095,A,4.5
923,Panthenol,16485-10-2 ,HEK293T,2,96,1.40E-07,0.000149815,0.00014986,0.99970141,N,
924,Paracetamol,103-90-2,HEK293T,2,96,2.71E-07,0.000148926,0.000149729,0.994641318,N,
925,Topiramate,97240-79-4,HEK293T,2,96,1.32E-07,0.000149867,0.000149868,0.999993183,A,9.2
926,Trimellitic anhydride,552-30-7,HEK293T,2,96,1.33E-07,0.000149865,0.000149867,0.999983025,A,3.3
927,Verapamil hydrochloride,152-11-4,HEK293T,2,96,3.18E-06,1.31E-04,0.000146817,0.88890492,B,9.2
928,Warfarin,129-06-6,HEK293T,2,96,1.37E-05,5.67574E-05,0.000136279,0.416479603,N,
929,Caffeine,58-08-2,HepG2,2,96,6.13E-08,0.000149848,0.000149939,0.999396318,N,
930,Lamotrigine,84057-84-1,HepG2,2,96,1.72E-06,0.000133281,0.000148276,0.898869215,B,6.6
931,Diclofenac,15307-79-6,HepG2,2,96,1.02E-05,1.06862E-05,0.000139774,0.076453185,B,17.6
932,"2,4-Dichlorophenoxyacetic",94-75-7,HepG2,2,96,5.31E-08,0.000149938,0.000149947,0.999941899,A,2.7
933,(S)-Naproxen,22204-53-1,HepG2,2,96,7.61E-08,0.000149659,0.000149924,0.998232857,A,4.4
934,Ibuprofen,15687-27-1,HepG2,2,96,4.31E-07,1.46E-04,0.000149569,0.976571415,A,5.4
935,Torasemide,56211-40-6,HepG2,2,96,6.89E-08,1.50E-04,0.000149931,0.99875245,A,4
936,Warfarin,81-81-2,HepG2,2,96,6.47E-08,0.000149794,0.000149935,0.99905937,A,4.5
937,di-n-butylphthalate,84-74-2,HepG2,2,96,1.32E-05,4.85E-05,0.000136831,0.354330737,N,
938,hexachlorophene,70-30-4,HepG2,2,96,3.20E-05,7.44E-07,0.000117968,6.30E-03,A,6.2
939,hexamethylenetetramine,100-97-0,HepG2,2,96,5.43E-08,0.000149923,0.000149946,0.999849609,B,6.4
940,Malathion,121-75-5,HepG2,2,96,1.66E-06,0.000132827,0.000148342,0.895410824,N,
941,pentachlorophenol,87-86-5,HepG2,2,96,2.37E-06,1.30E-04,0.000147635,0.880747494,A,5
942,"2,2,2-trichloroethanol",115-20-8,HepG2,2,96,2.82E-07,0.000147374,0.000149718,0.984344932,N,
943,diethylphthalate,84-66-2,HepG2,2,96,1.21E-06,0.000139238,0.00014879,0.935804512,N,
944,4-chlorophenol,106-48-9,HepG2,2,96,1.63E-06,0.000133686,0.000148373,0.901014896,N,
945,permethrin,52645-53-1,HepG2,2,96,2.99E-05,1.78E-07,0.000120122,0.00147847,N,
946,Aniline,62-53-3,HepG2,2,96,2.01E-07,0.000148364,0.000149799,0.990416248,N,
947,4-fluoroaniline,371-40-4,HepG2,2,96,2.06E-07,0.000148277,0.000149794,0.989867198,N,
948,"2,4,6-trichlorophenol",88-06-2,HepG2,2,96,3.75E-06,1.20E-04,0.000146245,0.818887929,A,6.8
949,Allyl alcohol,107-18-6,HepG2,2,96,6.64E-08,0.000149783,0.000149934,0.99899872,N,
950,N-methylaniline,100-61-8,HepG2,2,96,4.29E-07,0.000146219,0.000149571,0.977589057,N,
951,"3,4-dichloroaniline",95-76-1,HepG2,2,96,3.22E-06,0.000120136,0.000146778,0.818491891,N,
952,4-decylaniline,37529-30-9,HepG2,2,96,2.38E-05,1.32E-06,0.000126217,0.010419834,N,
953,naphthalene,91-20-3,HepG2,2,96,5.20E-06,1.08E-04,0.000144798,0.74560973,N,
954,"1,2,4-trichlorobenzene",120-82-1,HepG2,2,96,1.46E-05,4.58E-05,0.000135446,0.337853814,N,
955,"1,2-dichlorobenzene",95-50-1,HepG2,2,96,6.98E-06,9.48E-05,0.000143018,0.662854229,N,
956,dichloromethane,75-09-2,HepG2,2,96,2.82E-07,0.000147594,0.000149718,0.985811083,N,
957,tetrachloroethylene,127-18-4,HepG2,2,96,5.06E-06,1.10E-04,1.45E-04,0.759754206,N,
958,"2,3-dimethyl-1,3-butadiene",513-81-5,HepG2,2,96,1.49E-06,1.37E-04,1.49E-04,0.923148558,N,
959,Eugenol F,97-53-0,HepG2,2,96,1.01E-06,0.000140737,0.000148991,0.944598641,N,
960,Methyl-antranilate,134-20-3,HepG2,2,96,3.48E-07,0.000147184,0.000149652,0.983510579,N,
961,Lilyfore,285977-85-7,HepG2,2,96,5.55E-06,0.000107307,0.000144447,0.742878677,N,
962,Damascone beta,23726-91-2,HepG2,2,96,1.79E-05,3.79E-05,0.000132055,0.287132152,N,
963,Veloutone,14595-54-1,HepG2,2,96,2.72E-05,6.51E-06,0.000122796,0.052998348,N,
964,Verdox,82356-51-2,HepG2,2,96,3.24729E-05,5.52177E-07,0.000117527,0.004698297,N,
965,Nirvanol,1506-02-1,HepG2,2,96,2.95554E-05,2.75504E-06,0.000120445,0.022873913,N,
966,Cetalox,3738-00-9,HepG2,2,96,2.79E-05,5.11E-06,0.000122053,0.041883862,N,
967,Tonalide,21145-77-7,HepG2,2,96,2.96E-05,2.76E-06,0.000120445,0.022873913,N,
968,"2,4-Dinitrophenol",51-28-5,HepG2,2,96,5.35E-08,0.000149933,0.000149946,0.999910972,A,4.1
969,Aldrin,309-00-2,HepG2,2,96,2.53E-05,2.34E-06,0.000124712,0.018745173,N,
970,Azinphos-methyl,86-50-0,HepG2,2,96,2.50E-06,0.000129019,0.000147502,0.874693198,N,
971,Chlorpyrifos,2921-88-2,HepG2,2,96,1.60E-05,4.74E-05,0.000134003,0.353354931,N,
972,"DDD-p,p'",50-29-3,HepG2,2,96,2.60E-05,1.52E-07,0.00012396,0.001225605,N,
973,"DDT-o,p'",789-02-6,HepG2,2,96,2.41E-05,4.30E-07,0.000125853,0.003418191,N,
974,"DDT-p,p'",72-54-8,HepG2,2,96,2.54E-05,4.32E-07,0.000124592,0.003470824,N,
975,Diazinon,333-41-5,HepG2,2,96,4.72E-06,1.10E-04,0.000145276,0.757909574,N,
976,Dicofol,115-32-2,HepG2,2,96,2.54E-05,1.08E-05,0.000124647,0.086789173,N,
977,Dieldrin,60-57-1,HepG2,2,96,2.26E-05,1.06E-05,0.000127437,0.0830581,N,
978,Disulfoton,298-04-4,HepG2,2,96,7.23E-06,9.72E-05,0.000142771,0.680904958,N,
979,Endosulfan I,115-29-7,HepG2,2,96,1.17E-05,7.43E-05,0.000138308,0.537247487,N,
980,Endrin,72-20-8,HepG2,2,96,9.50E-06,6.88E-05,0.000140505,0.48983608,N,
981,Ethion,563-12-2,HepG2,2,96,1.02E-05,6.13E-05,0.000139819,0.438672621,N,
982,Heptachlor,76-44-8,HepG2,2,96,2.68E-05,4.08E-06,0.000123243,0.033122055,N,
983,Heptachlor epoxide B,1024-57-3,HepG2,2,96,2.35E-05,7.11E-06,0.000126458,0.056219672,N,
984,Lindane,58-89-9,HepG2,2,96,6.65E-06,1.02E-04,0.000143353,0.710174209,N,
985,"Methoxychlor-o,p'",72-43-5,HepG2,2,96,2.03E-05,5.85E-06,0.000129673,0.045133402,N,
986,Parathion,56-38-2,HepG2,2,96,5.77E-06,1.07E-04,0.00014423,0.745240963,N,
987,Trifluralin,1582-09-8,HepG2,2,96,1.34E-05,2.64E-05,0.000136592,0.193495379,N,
988,Cisapride,81098-60-4,HepG2,2,96,3.47E-06,1.22E-04,0.000146532,0.831389931,B,7.8
989,Citalopram hydrobromide,59729-33-8,HepG2,2,96,5.45E-07,0.000143492,0.000149455,0.960105784,N,
990,Dofetilide,115256-11-6,HepG2,2,96,1.93E-07,0.000148397,0.000149807,0.990589188,B,8.4
991,Moxifloxacin hydrochloride,186826-86-8,HepG2,2,96,6.30E-08,0.000149815,0.000149937,0.999184765,A,6
992,N-acetylpro-cainamide,32795-44-1,HepG2,2,96,5.83E-08,0.000149872,0.000149942,0.999534833,B,9.2
993,Quinidine sulfate,50-54-4,HepG2,2,96,2.33E-07,0.000147984,0.000149767,0.988100699,B,9.3
994,Sematilide,101526-83-4,HepG2,2,96,5.85E-08,0.00014987,0.000149941,0.999520996,B,9.1
995,Sotalol hydrochloride,959-24-0,HepG2,2,96,5.41E-08,0.000149926,0.000149946,0.999865169,B,9
996,Mifepristone,84371-65-3,HepG2,2,96,2.42E-05,1.42E-05,0.000125827,0.112485212,N,
997,Perfluorobutanesulfonic_acid,375-73-5,HepG2,2,96,5.24E-08,0.000149948,0.000149948,0.999999999,A,-2.9
998,4_2_Fluorotelomer_sulfonic_acid,757124-72-4,HepG2,2,96,,,,,A,1.4
999,Perfluorononanoic_acid,375-95-1,HepG2,2,96,1.16E-05,7.55E-06,0.000138373,0.054561056,A,0.1
1000,Perfluorohexanoic_acid,307-24-4,HepG2,2,96,3.15E-06,1.10E-04,0.000146847,0.750395014,A,0.1
1001,Perfluorobutanoic_acid,375-22-4,HepG2,2,96,,,,,A,0.1
1002,Perfluorooctanoic_acid,335-67-1,HepG2,2,96,1.03E-05,1.60E-05,0.000139723,0.114451504,A,0.1
1003,6_2_Fluorotelomer_sulfonic_acid,27619-97-2,HepG2,2,96,6.47E-06,6.17961E-05,0.000143535,0.430530653,A,1.4
1004,8_2_Fluorotelomer_sulfonic_acid,39108-34-4,HepG2,2,96,1.03E-05,8.82E-06,0.000139681,0.063126903,A,1.4
1005,Perfluoroundecanoic_acid,2058-94-8,HepG2,2,96,1.14E-05,1.89E-06,0.000138583,0.013632841,A,0.1
1006,Perfluorooctanesulfonic_acid,1763-23-1,HepG2,2,96,1.37E-05,4.32E-06,0.000136319,0.031658894,A,-2.9
1007,Perfluoroheptanoic_acid,375-85-9,HepG2,2,96,9.16E-06,2.75E-05,0.000140838,0.195370366,A,0.1
1008,Perfluoropentanoic_acid,2706-90-3,HepG2,2,96,,,,,A,0.1
1009,Perfluorohexanesulfonic_acid,355-46-4,HepG2,2,96,1.13E-05,6.58121E-06,0.000138714,0.047444499,A,-2.9
1010,Perfluorodecanoic_acid,335-76-2,HepG2,2,96,1.30E-05,3.97E-06,0.000136954,0.028969216,A,0.1
1011,cyclosporine A,59865-13-3,HepG2,2,96,4.93E-06,8.31449E-05,0.000145069,0.573140695,N,
1012,chlorpromazine,50-53-3,HepG2,2,96,7.08E-06,9.73E-05,0.000142921,0.680871579,B,9.4
1013,PBDE 47,5436-43-1,HepG2,2,96,2.88E-05,3.64E-07,0.000121217,0.003004713,N,
1014,PBDE 99,60348-60-9,HepG2,2,96,3.03E-05,1.62E-07,0.000119674,1.36E-03,N,
1015,PBDE 153,68631-49-2,HepG2,2,96,3.17E-05,6.38E-08,0.000118294,5.39E-04,N,
1016,amiodarone,1951-25-3,HepG2,2,96,3.07E-05,1.59E-06,0.000119286,1.34E-02,B,9
1017,Azathioprine,446-86-6,HepG2,2,96,5.71E-08,0.000149887,0.000149943,0.999629327,A,8.2
1018,Benzocaine,94-09-7,HepG2,2,96,6.36E-07,0.000144078,0.000149364,0.964611039,N,
1019,Butylated hydroxyanisole,25013-16-5,HepG2,2,96,7.22309E-06,9.63919E-05,0.000142777,0.6751223,N,
1020,Cetirizine dihydrochloride,83881-52-1,HepG2,2,96,5.30E-08,0.00014994,0.000149947,0.99995036,A,4.7
1021,Cyclamate,139-05-9,HepG2,2,96,5.24E-08,0.000149948,0.000149948,1,B,17.6
1022,Cyclophosphamide,6055-19-2,HepG2,2,96,1.09E-07,0.000149288,0.000149891,0.99597563,B,6.1
1023,Cypermethrin,67375-30-8,HepG2,2,96,3.30E-05,3.80E-07,0.000117023,0.003250177,N,
1024,DEET,134-62-3,HepG2,2,96,4.68E-07,0.000145934,0.000149532,0.975935279,N,
1025,Dexamethasone,50-02-2,HepG2,2,96,6.72E-07,0.000142376,0.000149328,0.953442665,N,
1026,Digoxin,20830-75-5,HepG2,2,96,7.63E-08,0.000149645,0.000149924,0.998138575,N,
1027,Fenazaquin,120928-09-8,HepG2,2,96,2.86E-05,4.08E-06,0.000121425,0.033636478,N,
1028,Fenbuconazole,114369-43-6,HepG2,2,96,5.47E-06,0.00010787,0.000144531,0.746342805,N,
1029,Fluazinam,79622-59-6,HepG2,2,96,1.51E-05,3.66E-05,0.000134888,0.271137719,N,
1030,Furosemide,54-31-9,HepG2,2,96,5.27E-08,0.000149943,0.000149947,0.999973571,A,3
1031,Glybenclamide,10238-21-8,HepG2,2,96,1.48E-06,1.37E-04,0.00014852,0.922485861,A,5
1032,HC Red 3,2871-01-4,HepG2,2,96,7.42E-08,0.000149682,0.000149926,0.998372534,N,
1033,Hydralazine hydrochloride,304-20-1,HepG2,2,96,1.13E-07,0.000149249,0.000149887,0.995738579,B,6
1034,Ketoconazole,65277-42-1,HepG2,2,96,7.91E-06,9.21E-05,0.000142089,0.647853083,B,6.6
1035,Metformin,1115-70-4,HepG2,2,96,5.25E-08,0.000149946,0.000149947,0.999991646,B,9.6
1036,Metoclopramide,364-62-5,HepG2,2,96,1.55E-07,0.000148788,0.000149845,0.992949243,B,9
1037,Nitrofurantoin,67-20-9,HepG2,2,96,5.67E-08,0.000149893,0.000149943,0.999664266,A,7.3
1038,Oxytetracycline hydrochloride,2058-46-0,HepG2,2,96,5.24E-08,0.000149947,0.000149948,0.999999095,A,4.5
1039,Panthenol,16485-10-2 ,HepG2,2,96,5.62E-08,0.000149899,0.000149944,0.99970141,N,
1040,Paracetamol,103-90-2,HepG2,2,96,1.24E-07,0.000149073,0.000149876,0.994641318,N,
1041,Topiramate,97240-79-4,HepG2,2,96,5.25E-08,0.000149946,0.000149947,0.999993183,A,9.2
1042,Trimellitic anhydride,552-30-7,HepG2,2,96,5.26E-08,0.000149945,0.000149947,0.999983025,A,3.3
1043,Verapamil hydrochloride,152-11-4,HepG2,2,96,2.19E-06,1.31E-04,0.000147812,0.88890492,B,9.2
1044,Warfarin,129-06-6,HepG2,2,96,6.85E-06,5.96185E-05,0.000143149,0.416479603,N,
1045,Caffeine,58-08-2,Me_180,2,96,7.77E-08,0.000149832,0.000149922,0.999396318,N,
1046,Lamotrigine,84057-84-1,Me_180,2,96,2.24E-06,0.00013282,0.000147763,0.898869215,B,6.6
1047,Diclofenac,15307-79-6,Me_180,2,96,1.40E-05,1.03941E-05,0.000135954,0.076453185,B,17.6
1048,"2,4-Dichlorophenoxyacetic",94-75-7,Me_180,2,96,6.68E-08,0.000149924,0.000149933,0.999941899,A,2.7
1049,(S)-Naproxen,22204-53-1,Me_180,2,96,9.83E-08,0.000149637,0.000149902,0.998232857,A,4.4
1050,Ibuprofen,15687-27-1,Me_180,2,96,5.62E-07,1.46E-04,0.000149438,0.976571415,A,5.4
1051,Torasemide,56211-40-6,Me_180,2,96,8.84E-08,1.50E-04,0.000149912,0.99875245,A,4
1052,Warfarin,81-81-2,Me_180,2,96,8.27E-08,0.000149776,0.000149917,0.99905937,A,4.5
1053,di-n-butylphthalate,84-74-2,Me_180,2,96,1.60E-05,4.75E-05,0.00013403,0.354330737,N,
1054,hexachlorophene,70-30-4,Me_180,2,96,3.56E-05,7.21E-07,0.000114359,6.30E-03,A,6.2
1055,hexamethylenetetramine,100-97-0,Me_180,2,96,6.84E-08,0.000149909,0.000149932,0.999849609,B,6.4
1056,Malathion,121-75-5,Me_180,2,96,2.18E-06,0.000132356,0.000147816,0.895410824,N,
1057,pentachlorophenol,87-86-5,Me_180,2,96,2.98E-06,1.29E-04,0.000147024,0.880747494,A,5
1058,"2,2,2-trichloroethanol",115-20-8,Me_180,2,96,3.74E-07,0.000147284,0.000149626,0.984344932,N,
1059,diethylphthalate,84-66-2,Me_180,2,96,1.55E-06,0.000138923,0.000148453,0.935804512,N,
1060,4-chlorophenol,106-48-9,Me_180,2,96,2.13E-06,0.000133235,0.000147872,0.901014896,N,
1061,permethrin,52645-53-1,Me_180,2,96,3.35E-05,1.72E-07,0.000116451,0.00147847,N,
1062,Aniline,62-53-3,Me_180,2,96,2.62E-07,0.000148303,0.000149738,0.990416248,N,
1063,4-fluoroaniline,371-40-4,Me_180,2,96,2.70E-07,0.000148213,0.00014973,0.989867198,N,
1064,"2,4,6-trichlorophenol",88-06-2,Me_180,2,96,4.67E-06,1.19E-04,0.000145335,0.818887929,A,6.8
1065,Allyl alcohol,107-18-6,Me_180,2,96,8.48E-08,0.000149765,0.000149915,0.99899872,N,
1066,N-methylaniline,100-61-8,Me_180,2,96,5.55E-07,0.000146095,0.000149445,0.977589057,N,
1067,"3,4-dichloroaniline",95-76-1,Me_180,2,96,4.12E-06,0.000119401,0.00014588,0.818491891,N,
1068,4-decylaniline,37529-30-9,Me_180,2,96,2.76E-05,1.28E-06,0.000122436,0.010419834,N,
1069,naphthalene,91-20-3,Me_180,2,96,6.45E-06,1.07E-04,0.000143552,0.74560973,N,
1070,"1,2,4-trichlorobenzene",120-82-1,Me_180,2,96,1.74E-05,4.48E-05,0.000132592,0.337853814,N,
1071,"1,2-dichlorobenzene",95-50-1,Me_180,2,96,8.59E-06,9.37E-05,0.000141408,0.662854229,N,
1072,dichloromethane,75-09-2,Me_180,2,96,3.67E-07,0.00014751,0.000149633,0.985811083,N,
1073,tetrachloroethylene,127-18-4,Me_180,2,96,6.24E-06,1.09E-04,1.44E-04,0.759754206,N,
1074,"2,3-dimethyl-1,3-butadiene",513-81-5,Me_180,2,96,1.90E-06,1.37E-04,1.48E-04,0.923148558,N,
1075,Eugenol F,97-53-0,Me_180,2,96,1.30E-06,0.000140462,0.0001487,0.944598641,N,
1076,Methyl-antranilate,134-20-3,Me_180,2,96,4.46E-07,0.000147088,0.000149554,0.983510579,N,
1077,Lilyfore,285977-85-7,Me_180,2,96,6.82E-06,0.000106367,0.000143182,0.742878677,N,
1078,Damascone beta,23726-91-2,Me_180,2,96,2.10E-05,3.71E-05,0.000129049,0.287132152,N,
1079,Veloutone,14595-54-1,Me_180,2,96,3.08E-05,6.32E-06,0.000119208,0.052998348,N,
1080,Verdox,82356-51-2,Me_180,2,96,3.60762E-05,5.35248E-07,0.000113924,0.004698297,N,
1081,Nirvanol,1506-02-1,Me_180,2,96,3.31763E-05,2.67221E-06,0.000116824,0.022873913,N,
1082,Cetalox,3738-00-9,Me_180,2,96,3.16E-05,4.96E-06,0.000118449,0.041883862,N,
1083,Tonalide,21145-77-7,Me_180,2,96,3.32E-05,2.67E-06,0.000116824,0.022873913,N,
1084,"2,4-Dinitrophenol",51-28-5,Me_180,2,96,6.73E-08,0.000149919,0.000149933,0.999910972,A,4.1
1085,Aldrin,309-00-2,Me_180,2,96,2.90E-05,2.27E-06,0.000120988,0.018745173,N,
1086,Azinphos-methyl,86-50-0,Me_180,2,96,3.14E-06,0.000128459,0.000146862,0.874693198,N,
1087,Chlorpyrifos,2921-88-2,Me_180,2,96,1.88E-05,4.64E-05,0.000131206,0.353354931,N,
1088,"DDD-p,p'",50-29-3,Me_180,2,96,2.98E-05,1.47E-07,0.000120202,0.001225605,N,
1089,"DDT-o,p'",789-02-6,Me_180,2,96,2.79E-05,4.17E-07,0.000122059,0.003418191,N,
1090,"DDT-p,p'",72-54-8,Me_180,2,96,2.92E-05,4.19E-07,0.000120827,0.003470824,N,
1091,Diazinon,333-41-5,Me_180,2,96,5.91E-06,1.09E-04,0.000144091,0.757909574,N,
1092,Dicofol,115-32-2,Me_180,2,96,2.89E-05,1.05E-05,0.000121119,0.086789173,N,
1093,Dieldrin,60-57-1,Me_180,2,96,2.62E-05,1.03E-05,0.000123849,0.0830581,N,
1094,Disulfoton,298-04-4,Me_180,2,96,8.77E-06,9.62E-05,0.000141227,0.680904958,N,
1095,Endosulfan I,115-29-7,Me_180,2,96,1.38E-05,7.32E-05,0.000136166,0.537247487,N,
1096,Endrin,72-20-8,Me_180,2,96,1.18E-05,6.77E-05,0.000138204,0.48983608,N,
1097,Ethion,563-12-2,Me_180,2,96,1.27E-05,6.02E-05,0.000137324,0.438672621,N,
1098,Heptachlor,76-44-8,Me_180,2,96,3.04E-05,3.96E-06,0.000119591,0.033122055,N,
1099,Heptachlor epoxide B,1024-57-3,Me_180,2,96,2.72E-05,6.90E-06,0.000122808,0.056219672,N,
1100,Lindane,58-89-9,Me_180,2,96,8.06E-06,1.01E-04,0.000141936,0.710174209,N,
1101,"Methoxychlor-o,p'",72-43-5,Me_180,2,96,2.41E-05,5.68E-06,0.000125927,0.045133402,N,
1102,Parathion,56-38-2,Me_180,2,96,7.03E-06,1.07E-04,0.00014297,0.745240963,N,
1103,Trifluralin,1582-09-8,Me_180,2,96,1.68E-05,2.58E-05,0.00013323,0.193495379,N,
1104,Cisapride,81098-60-4,Me_180,2,96,4.32E-06,1.21E-04,0.000145681,0.831389931,B,7.8
1105,Citalopram hydrobromide,59729-33-8,Me_180,2,96,7.52E-07,0.000143293,0.000149248,0.960105784,N,
1106,Dofetilide,115256-11-6,Me_180,2,96,2.53E-07,0.000148338,0.000149747,0.990589188,B,8.4
1107,Moxifloxacin hydrochloride,186826-86-8,Me_180,2,96,8.04E-08,0.000149797,0.00014992,0.999184765,A,6
1108,N-acetylpro-cainamide,32795-44-1,Me_180,2,96,7.40E-08,0.000149856,0.000149926,0.999534833,B,9.2
1109,Quinidine sulfate,50-54-4,Me_180,2,96,3.06E-07,0.000147912,0.000149694,0.988100699,B,9.3
1110,Sematilide,101526-83-4,Me_180,2,96,7.43E-08,0.000149854,0.000149926,0.999520996,B,9.1
1111,Sotalol hydrochloride,959-24-0,Me_180,2,96,6.81E-08,0.000149912,0.000149932,0.999865169,B,9
1112,Mifepristone,84371-65-3,Me_180,2,96,2.76E-05,1.38E-05,0.000122354,0.112485212,N,
1113,Perfluorobutanesulfonic_acid,375-73-5,Me_180,2,96,6.58E-08,0.000149934,0.000149934,0.999999999,A,-2.9
1114,4_2_Fluorotelomer_sulfonic_acid,757124-72-4,Me_180,2,96,,,,,A,1.4
1115,Perfluorononanoic_acid,375-95-1,Me_180,2,96,1.55E-05,7.34E-06,0.000134497,0.054561056,A,0.1
1116,Perfluorohexanoic_acid,307-24-4,Me_180,2,96,4.33E-06,1.09E-04,0.000145667,0.750395014,A,0.1
1117,Perfluorobutanoic_acid,375-22-4,Me_180,2,96,,,,,A,0.1
1118,Perfluorooctanoic_acid,335-67-1,Me_180,2,96,1.40E-05,1.56E-05,0.000136041,0.114451504,A,0.1
1119,6_2_Fluorotelomer_sulfonic_acid,27619-97-2,Me_180,2,96,8.98E-06,6.07142E-05,0.000141022,0.430530653,A,1.4
1120,8_2_Fluorotelomer_sulfonic_acid,39108-34-4,Me_180,2,96,1.42E-05,8.57E-06,0.000135813,0.063126903,A,1.4
1121,Perfluoroundecanoic_acid,2058-94-8,Me_180,2,96,1.54E-05,1.83E-06,0.000134559,0.013632841,A,0.1
1122,Perfluorooctanesulfonic_acid,1763-23-1,Me_180,2,96,1.76E-05,4.19E-06,0.000132402,0.031658894,A,-2.9
1123,Perfluoroheptanoic_acid,375-85-9,Me_180,2,96,1.26E-05,2.69E-05,0.00013744,0.195370366,A,0.1
1124,Perfluoropentanoic_acid,2706-90-3,Me_180,2,96,,,,,A,0.1
1125,Perfluorohexanesulfonic_acid,355-46-4,Me_180,2,96,1.52E-05,6.39586E-06,0.000134807,0.047444499,A,-2.9
1126,Perfluorodecanoic_acid,335-76-2,Me_180,2,96,1.70E-05,3.85E-06,0.000133015,0.028969216,A,0.1
1127,cyclosporine A,59865-13-3,Me_180,2,96,6.87E-06,8.20352E-05,0.000143133,0.573140695,N,
1128,chlorpromazine,50-53-3,Me_180,2,96,8.62E-06,9.63E-05,0.00014138,0.680871579,B,9.4
1129,PBDE 47,5436-43-1,Me_180,2,96,3.25E-05,3.53E-07,0.000117526,0.003004713,N,
1130,PBDE 99,60348-60-9,Me_180,2,96,3.40E-05,1.57E-07,0.000116013,1.36E-03,N,
1131,PBDE 153,68631-49-2,Me_180,2,96,3.53E-05,6.19E-08,0.000114662,5.39E-04,N,
1132,amiodarone,1951-25-3,Me_180,2,96,3.43E-05,1.55E-06,0.000115666,1.34E-02,B,9
1133,Azathioprine,446-86-6,Me_180,2,96,7.23E-08,0.000149872,0.000149928,0.999629327,A,8.2
1134,Benzocaine,94-09-7,Me_180,2,96,8.27E-07,0.000143894,0.000149173,0.964611039,N,
1135,Butylated hydroxyanisole,25013-16-5,Me_180,2,96,8.7888E-06,9.53348E-05,0.000141211,0.6751223,N,
1136,Cetirizine dihydrochloride,83881-52-1,Me_180,2,96,6.67E-08,0.000149926,0.000149933,0.99995036,A,4.7
1137,Cyclamate,139-05-9,Me_180,2,96,6.58E-08,0.000149934,0.000149934,1,B,17.6
1138,Cyclophosphamide,6055-19-2,Me_180,2,96,1.42E-07,0.000149255,0.000149858,0.99597563,B,6.1
1139,Cypermethrin,67375-30-8,Me_180,2,96,3.66E-05,3.69E-07,0.000113427,0.003250177,N,
1140,DEET,134-62-3,Me_180,2,96,6.03E-07,0.000145802,0.000149397,0.975935279,N,
1141,Dexamethasone,50-02-2,Me_180,2,96,9.13E-07,0.000142146,0.000149087,0.953442665,N,
1142,Digoxin,20830-75-5,Me_180,2,96,9.89E-08,0.000149622,0.000149901,0.998138575,N,
1143,Fenazaquin,120928-09-8,Me_180,2,96,3.22E-05,3.96E-06,0.000117812,0.033636478,N,
1144,Fenbuconazole,114369-43-6,Me_180,2,96,6.72E-06,0.000106937,0.000143282,0.746342805,N,
1145,Fluazinam,79622-59-6,Me_180,2,96,1.82E-05,3.57E-05,0.000131809,0.271137719,N,
1146,Furosemide,54-31-9,Me_180,2,96,6.63E-08,0.00014993,0.000149934,0.999973571,A,3
1147,Glybenclamide,10238-21-8,Me_180,2,96,1.88E-06,1.37E-04,0.000148117,0.922485861,A,5
1148,HC Red 3,2871-01-4,Me_180,2,96,9.56E-08,0.00014966,0.000149904,0.998372534,N,
1149,Hydralazine hydrochloride,304-20-1,Me_180,2,96,1.47E-07,0.000149214,0.000149853,0.995738579,B,6
1150,Ketoconazole,65277-42-1,Me_180,2,96,9.59E-06,9.10E-05,0.000140406,0.647853083,B,6.6
1151,Metformin,1115-70-4,Me_180,2,96,6.60E-08,0.000149933,0.000149934,0.999991646,B,9.6
1152,Metoclopramide,364-62-5,Me_180,2,96,2.04E-07,0.00014874,0.000149796,0.992949243,B,9
1153,Nitrofurantoin,67-20-9,Me_180,2,96,7.17E-08,0.000149878,0.000149928,0.999664266,A,7.3
1154,Oxytetracycline hydrochloride,2058-46-0,Me_180,2,96,6.58E-08,0.000149934,0.000149934,0.999999095,A,4.5
1155,Panthenol,16485-10-2 ,Me_180,2,96,7.10E-08,0.000149884,0.000149929,0.99970141,N,
1156,Paracetamol,103-90-2,Me_180,2,96,1.64E-07,0.000149033,0.000149836,0.994641318,N,
1157,Topiramate,97240-79-4,Me_180,2,96,6.59E-08,0.000149933,0.000149934,0.999993183,A,9.2
1158,Trimellitic anhydride,552-30-7,Me_180,2,96,6.61E-08,0.000149931,0.000149934,0.999983025,A,3.3
1159,Verapamil hydrochloride,152-11-4,Me_180,2,96,2.76E-06,1.31E-04,0.000147241,0.88890492,B,9.2
1160,Warfarin,129-06-6,Me_180,2,96,9.42E-06,5.85486E-05,0.00014058,0.416479603,N,
1161,Caffeine,58-08-2,H4lle,2,96,7.07E-08,0.000149839,0.000149929,0.999396318,N,
1162,Lamotrigine,84057-84-1,H4lle,2,96,9.04E-07,0.000134018,0.000149096,0.898869215,B,6.6
1163,Diclofenac,15307-79-6,H4lle,2,96,7.07E-06,1.09277E-05,0.000142933,0.076453185,B,17.6
1164,"2,4-Dichlorophenoxyacetic",94-75-7,H4lle,2,96,6.62E-08,0.000149925,0.000149934,0.999941899,A,2.7
1165,(S)-Naproxen,22204-53-1,H4lle,2,96,8.00E-08,0.000149655,0.00014992,0.998232857,A,4.4
1166,Ibuprofen,15687-27-1,H4lle,2,96,2.60E-07,1.46E-04,0.00014974,0.976571415,A,5.4
1167,Torasemide,56211-40-6,H4lle,2,96,7.58E-08,1.50E-04,0.000149924,0.99875245,A,4
1168,Warfarin,81-81-2,H4lle,2,96,7.33E-08,0.000149786,0.000149927,0.99905937,A,4.5
1169,di-n-butylphthalate,84-74-2,H4lle,2,96,5.52E-06,5.12E-05,0.000144476,0.354330737,N,
1170,hexachlorophene,70-30-4,H4lle,2,96,9.59E-06,8.85E-07,0.000140406,6.30E-03,A,6.2
1171,hexamethylenetetramine,100-97-0,H4lle,2,96,6.69E-08,0.000149911,0.000149933,0.999849609,B,6.4
1172,Malathion,121-75-5,H4lle,2,96,9.23E-07,0.000133485,0.000149077,0.895410824,N,
1173,pentachlorophenol,87-86-5,H4lle,2,96,1.08E-06,1.31E-04,0.000148919,0.880747494,A,5
1174,"2,2,2-trichloroethanol",115-20-8,H4lle,2,96,1.94E-07,0.000147461,0.000149806,0.984344932,N,
1175,diethylphthalate,84-66-2,H4lle,2,96,6.06E-07,0.000139803,0.000149394,0.935804512,N,
1176,4-chlorophenol,106-48-9,H4lle,2,96,8.82E-07,0.000134358,0.000149118,0.901014896,N,
1177,permethrin,52645-53-1,H4lle,2,96,9.39E-06,2.08E-07,0.000140612,0.00147847,N,
1178,Aniline,62-53-3,H4lle,2,96,1.45E-07,0.000148419,0.000149855,0.990416248,N,
1179,4-fluoroaniline,371-40-4,H4lle,2,96,1.49E-07,0.000148333,0.000149851,0.989867198,N,
1180,"2,4,6-trichlorophenol",88-06-2,H4lle,2,96,1.62E-06,1.22E-04,0.00014838,0.818887929,A,6.8
1181,Allyl alcohol,107-18-6,H4lle,2,96,7.39E-08,0.000149776,0.000149926,0.99899872,N,
1182,N-methylaniline,100-61-8,H4lle,2,96,2.53E-07,0.000146391,0.000149747,0.977589057,N,
1183,"3,4-dichloroaniline",95-76-1,H4lle,2,96,1.58E-06,0.000121481,0.00014842,0.818491891,N,
1184,4-decylaniline,37529-30-9,H4lle,2,96,8.70E-06,1.47E-06,0.000141296,0.010419834,N,
1185,naphthalene,91-20-3,H4lle,2,96,2.24E-06,0.000110172,0.00014776,0.74560973,N,
1186,"1,2,4-trichlorobenzene",120-82-1,H4lle,2,96,5.75E-06,4.87E-05,0.000144246,0.337853814,N,
1187,"1,2-dichlorobenzene",95-50-1,H4lle,2,96,2.95E-06,9.75E-05,0.000147052,0.662854229,N,
1188,dichloromethane,75-09-2,H4lle,2,96,1.83E-07,0.000147691,0.000149817,0.985811083,N,
1189,tetrachloroethylene,127-18-4,H4lle,2,96,2.13E-06,1.12E-04,1.48E-04,0.759754206,N,
1190,"2,3-dimethyl-1,3-butadiene",513-81-5,H4lle,2,96,7.17E-07,1.38E-04,1.49E-04,0.923148558,N,
1191,Eugenol F,97-53-0,H4lle,2,96,5.29E-07,0.00014119,0.000149471,0.944598641,N,
1192,Methyl-antranilate,134-20-3,H4lle,2,96,2.05E-07,0.000147325,0.000149795,0.983510579,N,
1193,Lilyfore,285977-85-7,H4lle,2,96,2.29E-06,0.000109733,0.000147713,0.742878677,N,
1194,Damascone beta,23726-91-2,H4lle,2,96,6.39E-06,4.12E-05,0.000143609,0.287132152,N,
1195,Veloutone,14595-54-1,H4lle,2,96,8.79E-06,7.48E-06,0.000141214,0.052998348,N,
1196,Verdox,82356-51-2,H4lle,2,96,9.65369E-06,6.59389E-07,0.000140346,0.004698297,N,
1197,Nirvanol,1506-02-1,H4lle,2,96,9.22119E-06,3.22016E-06,0.000140779,0.022873913,N,
1198,Cetalox,3738-00-9,H4lle,2,96,8.93E-06,5.91E-06,0.000141068,0.041883862,N,
1199,Tonalide,21145-77-7,H4lle,2,96,9.22E-06,3.22E-06,0.000140779,0.022873913,N,
1200,"2,4-Dinitrophenol",51-28-5,H4lle,2,96,6.64E-08,0.00014992,0.000149934,0.999910972,A,4.1
1201,Aldrin,309-00-2,H4lle,2,96,8.80E-06,2.65E-06,0.000141197,0.018745173,N,
1202,Azinphos-methyl,86-50-0,H4lle,2,96,1.13E-06,0.000130212,0.000148866,0.874693198,N,
1203,Chlorpyrifos,2921-88-2,H4lle,2,96,5.78E-06,5.10E-05,0.000144216,0.353354931,N,
1204,"DDD-p,p'",50-29-3,H4lle,2,96,8.99E-06,1.73E-07,0.000141012,0.001225605,N,
1205,"DDT-o,p'",789-02-6,H4lle,2,96,8.78E-06,4.83E-07,0.000141216,0.003418191,N,
1206,"DDT-p,p'",72-54-8,H4lle,2,96,8.91E-06,4.90E-07,0.00014109,0.003470824,N,
1207,Diazinon,333-41-5,H4lle,2,96,2.12E-06,1.12E-04,0.000147883,0.757909574,N,
1208,Dicofol,115-32-2,H4lle,2,96,8.38E-06,1.23E-05,0.000141616,0.086789173,N,
1209,Dieldrin,60-57-1,H4lle,2,96,8.13E-06,1.18E-05,0.00014187,0.0830581,N,
1210,Disulfoton,298-04-4,H4lle,2,96,2.85E-06,1.00E-04,0.000147153,0.680904958,N,
1211,Endosulfan I,115-29-7,H4lle,2,96,4.19E-06,7.83E-05,0.000145809,0.537247487,N,
1212,Endrin,72-20-8,H4lle,2,96,4.32E-06,7.14E-05,0.000145683,0.48983608,N,
1213,Ethion,563-12-2,H4lle,2,96,4.71E-06,6.37E-05,0.000145287,0.438672621,N,
1214,Heptachlor,76-44-8,H4lle,2,96,8.86E-06,4.67E-06,0.000141137,0.033122055,N,
1215,Heptachlor epoxide B,1024-57-3,H4lle,2,96,8.39E-06,7.96E-06,0.000141606,0.056219672,N,
1216,Lindane,58-89-9,H4lle,2,96,2.60E-06,1.05E-04,0.0001474,0.710174209,N,
1217,"Methoxychlor-o,p'",72-43-5,H4lle,2,96,8.15E-06,6.40E-06,0.000141846,0.045133402,N,
1218,Parathion,56-38-2,H4lle,2,96,2.29E-06,1.10E-04,0.000147711,0.745240963,N,
1219,Trifluralin,1582-09-8,H4lle,2,96,6.59E-06,2.77E-05,0.000143414,0.193495379,N,
1220,Cisapride,81098-60-4,H4lle,2,96,1.51E-06,1.23E-04,0.000148489,0.831389931,B,7.8
1221,Citalopram hydrobromide,59729-33-8,H4lle,2,96,3.84E-07,0.000143647,0.000149616,0.960105784,N,
1222,Dofetilide,115256-11-6,H4lle,2,96,1.43E-07,0.000148447,0.000149857,0.990589188,B,8.4
1223,Moxifloxacin hydrochloride,186826-86-8,H4lle,2,96,7.23E-08,0.000149805,0.000149928,0.999184765,A,6
1224,N-acetylpro-cainamide,32795-44-1,H4lle,2,96,6.95E-08,0.000149861,0.000149931,0.999534833,B,9.2
1225,Quinidine sulfate,50-54-4,H4lle,2,96,1.63E-07,0.000148054,0.000149837,0.988100699,B,9.3
1226,Sematilide,101526-83-4,H4lle,2,96,6.96E-08,0.000149859,0.00014993,0.999520996,B,9.1
1227,Sotalol hydrochloride,959-24-0,H4lle,2,96,6.68E-08,0.000149913,0.000149933,0.999865169,B,9
1228,Mifepristone,84371-65-3,H4lle,2,96,8.10E-06,1.60E-05,0.000141896,0.112485212,N,
1229,Perfluorobutanesulfonic_acid,375-73-5,H4lle,2,96,6.57E-08,0.000149934,0.000149934,0.999999999,A,-2.9
1230,4_2_Fluorotelomer_sulfonic_acid,757124-72-4,H4lle,2,96,,,,,A,1.4
1231,Perfluorononanoic_acid,375-95-1,H4lle,2,96,7.32E-06,7.78E-06,0.000142677,0.054561056,A,0.1
1232,Perfluorohexanoic_acid,307-24-4,H4lle,2,96,2.04E-06,1.11E-04,0.000147959,0.750395014,A,0.1
1233,Perfluorobutanoic_acid,375-22-4,H4lle,2,96,,,,,A,0.1
1234,Perfluorooctanoic_acid,335-67-1,H4lle,2,96,6.83E-06,1.64E-05,0.000143172,0.114451504,A,0.1
1235,6_2_Fluorotelomer_sulfonic_acid,27619-97-2,H4lle,2,96,4.46E-06,6.26597E-05,0.000145541,0.430530653,A,1.4
1236,8_2_Fluorotelomer_sulfonic_acid,39108-34-4,H4lle,2,96,7.16E-06,9.02E-06,0.00014284,0.063126903,A,1.4
1237,Perfluoroundecanoic_acid,2058-94-8,H4lle,2,96,7.57E-06,1.94E-06,0.000142435,0.013632841,A,0.1
1238,Perfluorooctanesulfonic_acid,1763-23-1,H4lle,2,96,7.64E-06,4.51E-06,0.000142358,0.031658894,A,-2.9
1239,Perfluoroheptanoic_acid,375-85-9,H4lle,2,96,6.22E-06,2.81E-05,0.000143784,0.195370366,A,0.1
1240,Perfluoropentanoic_acid,2706-90-3,H4lle,2,96,,,,,A,0.1
1241,Perfluorohexanesulfonic_acid,355-46-4,H4lle,2,96,7.34E-06,6.76845E-06,0.00014266,0.047444499,A,-2.9
1242,Perfluorodecanoic_acid,335-76-2,H4lle,2,96,7.60E-06,4.13E-06,0.000142395,0.028969216,A,0.1
1243,cyclosporine A,59865-13-3,H4lle,2,96,3.38E-06,8.4031E-05,0.000146615,0.573140695,N,
1244,chlorpromazine,50-53-3,H4lle,2,96,2.83E-06,1.00E-04,0.000147165,0.680871579,B,9.4
1245,PBDE 47,5436-43-1,H4lle,2,96,9.26E-06,4.23E-07,0.000140738,0.003004713,N,
1246,PBDE 99,60348-60-9,H4lle,2,96,9.44E-06,1.91E-07,0.000140563,1.36E-03,N,
1247,PBDE 153,68631-49-2,H4lle,2,96,9.59E-06,7.57E-08,0.000140406,5.39E-04,N,
1248,amiodarone,1951-25-3,H4lle,2,96,9.41E-06,1.88E-06,0.000140594,1.34E-02,B,9
1249,Azathioprine,446-86-6,H4lle,2,96,6.87E-08,0.000149876,0.000149931,0.999629327,A,8.2
1250,Benzocaine,94-09-7,H4lle,2,96,3.60E-07,0.000144345,0.00014964,0.964611039,N,
1251,Butylated hydroxyanisole,25013-16-5,H4lle,2,96,2.88553E-06,9.93203E-05,0.000147114,0.6751223,N,
1252,Cetirizine dihydrochloride,83881-52-1,H4lle,2,96,6.61E-08,0.000149926,0.000149934,0.99995036,A,4.7
1253,Cyclamate,139-05-9,H4lle,2,96,6.57E-08,0.000149934,0.000149934,1,B,17.6
1254,Cyclophosphamide,6055-19-2,H4lle,2,96,9.84E-08,0.000149298,0.000149902,0.99597563,B,6.1
1255,Cypermethrin,67375-30-8,H4lle,2,96,9.72E-06,4.56E-07,0.000140281,0.003250177,N,
1256,DEET,134-62-3,H4lle,2,96,2.67E-07,0.00014613,0.000149733,0.975935279,N,
1257,Dexamethasone,50-02-2,H4lle,2,96,4.41E-07,0.000142596,0.000149559,0.953442665,N,
1258,Digoxin,20830-75-5,H4lle,2,96,8.07E-08,0.00014964,0.000149919,0.998138575,N,
1259,Fenazaquin,120928-09-8,H4lle,2,96,9.05E-06,4.74E-06,0.00014095,0.033636478,N,
1260,Fenbuconazole,114369-43-6,H4lle,2,96,2.26E-06,0.000110267,0.000147743,0.746342805,N,
1261,Fluazinam,79622-59-6,H4lle,2,96,6.24E-06,3.90E-05,0.000143764,0.271137719,N,
1262,Furosemide,54-31-9,H4lle,2,96,6.59E-08,0.00014993,0.000149934,0.999973571,A,3
1263,Glybenclamide,10238-21-8,H4lle,2,96,7.21E-07,1.38E-04,0.000149279,0.922485861,A,5
1264,HC Red 3,2871-01-4,H4lle,2,96,7.89E-08,0.000149677,0.000149921,0.998372534,N,
1265,Hydralazine hydrochloride,304-20-1,H4lle,2,96,1.00E-07,0.000149261,0.0001499,0.995738579,B,6
1266,Ketoconazole,65277-42-1,H4lle,2,96,3.13E-06,9.52E-05,0.000146873,0.647853083,B,6.6
1267,Metformin,1115-70-4,H4lle,2,96,6.58E-08,0.000149933,0.000149934,0.999991646,B,9.6
1268,Metoclopramide,364-62-5,H4lle,2,96,1.23E-07,0.00014882,0.000149877,0.992949243,B,9
1269,Nitrofurantoin,67-20-9,H4lle,2,96,6.84E-08,0.000149881,0.000149932,0.999664266,A,7.3
1270,Oxytetracycline hydrochloride,2058-46-0,H4lle,2,96,6.57E-08,0.000149934,0.000149934,0.999999095,A,4.5
1271,Panthenol,16485-10-2 ,H4lle,2,96,6.81E-08,0.000149887,0.000149932,0.99970141,N,
1272,Paracetamol,103-90-2,H4lle,2,96,1.09E-07,0.000149088,0.000149891,0.994641318,N,
1273,Topiramate,97240-79-4,H4lle,2,96,6.58E-08,0.000149933,0.000149934,0.999993183,A,9.2
1274,Trimellitic anhydride,552-30-7,H4lle,2,96,6.59E-08,0.000149932,0.000149934,0.999983025,A,3.3
1275,Verapamil hydrochloride,152-11-4,H4lle,2,96,1.01E-06,1.32E-04,0.00014899,0.88890492,B,9.2
1276,Warfarin,129-06-6,H4lle,2,96,4.58E-06,6.0563E-05,0.000145417,0.416479603,N,
1277,Caffeine,58-08-2,SH-SY5Y,2,96,3.96E-08,0.00014987,0.00014996,0.999396318,N,
1278,Lamotrigine,84057-84-1,SH-SY5Y,2,96,5.04E-07,0.000134377,0.000149496,0.898869215,B,6.6
1279,Diclofenac,15307-79-6,SH-SY5Y,2,96,3.47E-06,1.12024E-05,0.000146526,0.076453185,B,17.6
1280,"2,4-Dichlorophenoxyacetic",94-75-7,SH-SY5Y,2,96,3.72E-08,0.000149954,0.000149963,0.999941899,A,2.7
1281,(S)-Naproxen,22204-53-1,SH-SY5Y,2,96,4.42E-08,0.000149691,0.000149956,0.998232857,A,4.4
1282,Ibuprofen,15687-27-1,SH-SY5Y,2,96,1.43E-07,1.46E-04,0.000149857,0.976571415,A,5.4
1283,Torasemide,56211-40-6,SH-SY5Y,2,96,4.20E-08,1.50E-04,0.000149958,0.99875245,A,4
1284,Warfarin,81-81-2,SH-SY5Y,2,96,4.08E-08,0.000149818,0.000149959,0.99905937,A,4.5
1285,di-n-butylphthalate,84-74-2,SH-SY5Y,2,96,3.55E-06,5.19E-05,0.000146454,0.354330737,N,
1286,hexachlorophene,70-30-4,SH-SY5Y,2,96,8.21E-06,8.94E-07,0.000141791,6.30E-03,A,6.2
1287,hexamethylenetetramine,100-97-0,SH-SY5Y,2,96,3.76E-08,0.00014994,0.000149962,0.999849609,B,6.4
1288,Malathion,121-75-5,SH-SY5Y,2,96,4.99E-07,0.000133865,0.000149501,0.895410824,N,
1289,pentachlorophenol,87-86-5,SH-SY5Y,2,96,6.47E-07,1.32E-04,0.000149353,0.880747494,A,5
1290,"2,2,2-trichloroethanol",115-20-8,SH-SY5Y,2,96,1.04E-07,0.000147549,0.000149896,0.984344932,N,
1291,diethylphthalate,84-66-2,SH-SY5Y,2,96,3.49E-07,0.000140044,0.000149651,0.935804512,N,
1292,4-chlorophenol,106-48-9,SH-SY5Y,2,96,4.83E-07,0.000134717,0.000149517,0.901014896,N,
1293,permethrin,52645-53-1,SH-SY5Y,2,96,7.70E-06,2.10E-07,0.000142298,0.00147847,N,
1294,Aniline,62-53-3,SH-SY5Y,2,96,7.94E-08,0.000148484,0.000149921,0.990416248,N,
1295,4-fluoroaniline,371-40-4,SH-SY5Y,2,96,8.12E-08,0.0001484,0.000149919,0.989867198,N,
1296,"2,4,6-trichlorophenol",88-06-2,SH-SY5Y,2,96,9.99E-07,1.22E-04,0.000149001,0.818887929,A,6.8
1297,Allyl alcohol,107-18-6,SH-SY5Y,2,96,4.12E-08,0.000149809,0.000149959,0.99899872,N,
1298,N-methylaniline,100-61-8,SH-SY5Y,2,96,1.41E-07,0.0001465,0.000149859,0.977589057,N,
1299,"3,4-dichloroaniline",95-76-1,SH-SY5Y,2,96,9.07E-07,0.000122031,0.000149093,0.818491891,N,
1300,4-decylaniline,37529-30-9,SH-SY5Y,2,96,6.31E-06,1.50E-06,0.000143695,0.010419834,N,
1301,naphthalene,91-20-3,SH-SY5Y,2,96,1.38E-06,0.000110809,0.000148615,0.74560973,N,
1302,"1,2,4-trichlorobenzene",120-82-1,SH-SY5Y,2,96,3.84E-06,4.94E-05,0.000146157,0.337853814,N,
1303,"1,2-dichlorobenzene",95-50-1,SH-SY5Y,2,96,1.85E-06,9.82E-05,0.00014815,0.662854229,N,
1304,dichloromethane,75-09-2,SH-SY5Y,2,96,1.01E-07,0.000147772,0.000149899,0.985811083,N,
1305,tetrachloroethylene,127-18-4,SH-SY5Y,2,96,1.33E-06,1.13E-04,1.49E-04,0.759754206,N,
1306,"2,3-dimethyl-1,3-butadiene",513-81-5,SH-SY5Y,2,96,4.21E-07,1.38E-04,1.50E-04,0.923148558,N,
1307,Eugenol F,97-53-0,SH-SY5Y,2,96,2.99E-07,0.000141407,0.000149701,0.944598641,N,
1308,Methyl-antranilate,134-20-3,SH-SY5Y,2,96,1.17E-07,0.000147412,0.000149883,0.983510579,N,
1309,Lilyfore,285977-85-7,SH-SY5Y,2,96,1.45E-06,0.000110353,0.000148548,0.742878677,N,
1310,Damascone beta,23726-91-2,SH-SY5Y,2,96,4.61E-06,4.17E-05,0.000145393,0.287132152,N,
1311,Veloutone,14595-54-1,SH-SY5Y,2,96,7.00E-06,7.58E-06,0.000143003,0.052998348,N,
1312,Verdox,82356-51-2,SH-SY5Y,2,96,8.31916E-06,6.65659E-07,0.000141681,0.004698297,N,
1313,Nirvanol,1506-02-1,SH-SY5Y,2,96,7.59058E-06,3.25746E-06,0.000142409,0.022873913,N,
1314,Cetalox,3738-00-9,SH-SY5Y,2,96,7.19E-06,5.98E-06,0.000142815,0.041883862,N,
1315,Tonalide,21145-77-7,SH-SY5Y,2,96,7.59E-06,3.26E-06,0.000142409,0.022873913,N,
1316,"2,4-Dinitrophenol",51-28-5,SH-SY5Y,2,96,3.73E-08,0.000149949,0.000149963,0.999910972,A,4.1
1317,Aldrin,309-00-2,SH-SY5Y,2,96,6.62E-06,2.69E-06,0.000143377,0.018745173,N,
1318,Azinphos-methyl,86-50-0,SH-SY5Y,2,96,6.80E-07,0.000130609,0.00014932,0.874693198,N,
1319,Chlorpyrifos,2921-88-2,SH-SY5Y,2,96,4.10E-06,5.16E-05,0.000145899,0.353354931,N,
1320,"DDD-p,p'",50-29-3,SH-SY5Y,2,96,6.82E-06,1.75E-07,0.000143181,0.001225605,N,
1321,"DDT-o,p'",789-02-6,SH-SY5Y,2,96,6.40E-06,4.91E-07,0.000143603,0.003418191,N,
1322,"DDT-p,p'",72-54-8,SH-SY5Y,2,96,6.67E-06,4.97E-07,0.000143325,0.003470824,N,
1323,Diazinon,333-41-5,SH-SY5Y,2,96,1.28E-06,1.13E-04,0.000148722,0.757909574,N,
1324,Dicofol,115-32-2,SH-SY5Y,2,96,6.52E-06,1.25E-05,0.000143476,0.086789173,N,
1325,Dieldrin,60-57-1,SH-SY5Y,2,96,5.92E-06,1.20E-05,0.00014408,0.0830581,N,
1326,Disulfoton,298-04-4,SH-SY5Y,2,96,1.86E-06,1.01E-04,0.000148137,0.680904958,N,
1327,Endosulfan I,115-29-7,SH-SY5Y,2,96,2.94E-06,7.90E-05,0.000147056,0.537247487,N,
1328,Endrin,72-20-8,SH-SY5Y,2,96,2.62E-06,7.22E-05,0.000147385,0.48983608,N,
1329,Ethion,563-12-2,SH-SY5Y,2,96,2.83E-06,6.46E-05,0.000147167,0.438672621,N,
1330,Heptachlor,76-44-8,SH-SY5Y,2,96,6.93E-06,4.74E-06,0.000143072,0.033122055,N,
1331,Heptachlor epoxide B,1024-57-3,SH-SY5Y,2,96,6.18E-06,8.09E-06,0.000143824,0.056219672,N,
1332,Lindane,58-89-9,SH-SY5Y,2,96,1.71E-06,1.05E-04,0.000148294,0.710174209,N,
1333,"Methoxychlor-o,p'",72-43-5,SH-SY5Y,2,96,5.51E-06,6.52E-06,0.00014449,0.045133402,N,
1334,Parathion,56-38-2,SH-SY5Y,2,96,1.49E-06,1.11E-04,0.000148514,0.745240963,N,
1335,Trifluralin,1582-09-8,SH-SY5Y,2,96,3.87E-06,2.83E-05,0.00014613,0.193495379,N,
1336,Cisapride,81098-60-4,SH-SY5Y,2,96,9.26E-07,1.24E-04,0.000149074,0.831389931,B,7.8
1337,Citalopram hydrobromide,59729-33-8,SH-SY5Y,2,96,1.93E-07,0.000143831,0.000149807,0.960105784,N,
1338,Dofetilide,115256-11-6,SH-SY5Y,2,96,7.77E-08,0.000148511,0.000149922,0.990589188,B,8.4
1339,Moxifloxacin hydrochloride,186826-86-8,SH-SY5Y,2,96,4.02E-08,0.000149838,0.00014996,0.999184765,A,6
1340,N-acetylpro-cainamide,32795-44-1,SH-SY5Y,2,96,3.88E-08,0.000149891,0.000149961,0.999534833,B,9.2
1341,Quinidine sulfate,50-54-4,SH-SY5Y,2,96,8.91E-08,0.000148127,0.000149911,0.988100699,B,9.3
1342,Sematilide,101526-83-4,SH-SY5Y,2,96,3.89E-08,0.000149889,0.000149961,0.999520996,B,9.1
1343,Sotalol hydrochloride,959-24-0,SH-SY5Y,2,96,3.75E-08,0.000149942,0.000149962,0.999865169,B,9
1344,Mifepristone,84371-65-3,SH-SY5Y,2,96,6.22E-06,1.62E-05,0.00014378,0.112485212,N,
1345,Perfluorobutanesulfonic_acid,375-73-5,SH-SY5Y,2,96,3.70E-08,0.000149963,0.000149963,0.999999999,A,-2.9
1346,4_2_Fluorotelomer_sulfonic_acid,757124-72-4,SH-SY5Y,2,96,,,,,A,1.4
1347,Perfluorononanoic_acid,375-95-1,SH-SY5Y,2,96,3.77E-06,7.98E-06,0.000146227,0.054561056,A,0.1
1348,Perfluorohexanoic_acid,307-24-4,SH-SY5Y,2,96,1.02E-06,1.12E-04,0.000148983,0.750395014,A,0.1
1349,Perfluorobutanoic_acid,375-22-4,SH-SY5Y,2,96,,,,,A,0.1
1350,Perfluorooctanoic_acid,335-67-1,SH-SY5Y,2,96,3.42E-06,1.68E-05,0.000146583,0.114451504,A,0.1
1351,6_2_Fluorotelomer_sulfonic_acid,27619-97-2,SH-SY5Y,2,96,2.17E-06,6.36454E-05,0.00014783,0.430530653,A,1.4
1352,8_2_Fluorotelomer_sulfonic_acid,39108-34-4,SH-SY5Y,2,96,3.51E-06,9.25E-06,0.000146486,0.063126903,A,1.4
1353,Perfluoroundecanoic_acid,2058-94-8,SH-SY5Y,2,96,3.80E-06,1.99E-06,0.000146196,0.013632841,A,0.1
1354,Perfluorooctanesulfonic_acid,1763-23-1,SH-SY5Y,2,96,4.20E-06,4.62E-06,0.000145798,0.031658894,A,-2.9
1355,Perfluoroheptanoic_acid,375-85-9,SH-SY5Y,2,96,3.07E-06,2.87E-05,0.000146929,0.195370366,A,0.1
1356,Perfluoropentanoic_acid,2706-90-3,SH-SY5Y,2,96,,,,,A,0.1
1357,Perfluorohexanesulfonic_acid,355-46-4,SH-SY5Y,2,96,3.72E-06,6.94014E-06,0.000146279,0.047444499,A,-2.9
1358,Perfluorodecanoic_acid,335-76-2,SH-SY5Y,2,96,4.09E-06,4.23E-06,0.000145915,0.028969216,A,0.1
1359,cyclosporine A,59865-13-3,SH-SY5Y,2,96,1.64E-06,8.50283E-05,0.000148355,0.573140695,N,
1360,chlorpromazine,50-53-3,SH-SY5Y,2,96,1.84E-06,1.01E-04,0.000148164,0.680871579,B,9.4
1361,PBDE 47,5436-43-1,SH-SY5Y,2,96,7.44E-06,4.28E-07,0.000142557,0.003004713,N,
1362,PBDE 99,60348-60-9,SH-SY5Y,2,96,7.81E-06,1.93E-07,0.000142192,1.36E-03,N,
1363,PBDE 153,68631-49-2,SH-SY5Y,2,96,8.14E-06,7.65E-08,0.00014186,5.39E-04,N,
1364,amiodarone,1951-25-3,SH-SY5Y,2,96,7.88E-06,1.90E-06,0.00014212,1.34E-02,B,9
1365,Azathioprine,446-86-6,SH-SY5Y,2,96,3.84E-08,0.000149906,0.000149962,0.999629327,A,8.2
1366,Benzocaine,94-09-7,SH-SY5Y,2,96,2.00E-07,0.000144499,0.0001498,0.964611039,N,
1367,Butylated hydroxyanisole,25013-16-5,SH-SY5Y,2,96,1.87203E-06,0.000100004,0.000148128,0.6751223,N,
1368,Cetirizine dihydrochloride,83881-52-1,SH-SY5Y,2,96,3.72E-08,0.000149955,0.000149963,0.99995036,A,4.7
1369,Cyclamate,139-05-9,SH-SY5Y,2,96,3.70E-08,0.000149963,0.000149963,1,B,17.6
1370,Cyclophosphamide,6055-19-2,SH-SY5Y,2,96,5.38E-08,0.000149343,0.000149946,0.99597563,B,6.1
1371,Cypermethrin,67375-30-8,SH-SY5Y,2,96,8.45E-06,4.60E-07,0.000141555,0.003250177,N,
1372,DEET,134-62-3,SH-SY5Y,2,96,1.51E-07,0.000146243,0.000149849,0.975935279,N,
1373,Dexamethasone,50-02-2,SH-SY5Y,2,96,2.26E-07,0.000142801,0.000149774,0.953442665,N,
1374,Digoxin,20830-75-5,SH-SY5Y,2,96,4.44E-08,0.000149676,0.000149956,0.998138575,N,
1375,Fenazaquin,120928-09-8,SH-SY5Y,2,96,7.34E-06,4.80E-06,0.000142656,0.033636478,N,
1376,Fenbuconazole,114369-43-6,SH-SY5Y,2,96,1.43E-06,0.000110884,0.000148569,0.746342805,N,
1377,Fluazinam,79622-59-6,SH-SY5Y,2,96,4.07E-06,3.96E-05,0.000145932,0.271137719,N,
1378,Furosemide,54-31-9,SH-SY5Y,2,96,3.71E-08,0.000149959,0.000149963,0.999973571,A,3
1379,Glybenclamide,10238-21-8,SH-SY5Y,2,96,4.19E-07,1.38E-04,0.000149581,0.922485861,A,5
1380,HC Red 3,2871-01-4,SH-SY5Y,2,96,4.36E-08,0.000149712,0.000149956,0.998372534,N,
1381,Hydralazine hydrochloride,304-20-1,SH-SY5Y,2,96,5.48E-08,0.000149306,0.000149945,0.995738579,B,6
1382,Ketoconazole,65277-42-1,SH-SY5Y,2,96,2.05E-06,9.59E-05,0.000147955,0.647853083,B,6.6
1383,Metformin,1115-70-4,SH-SY5Y,2,96,3.70E-08,0.000149962,0.000149963,0.999991646,B,9.6
1384,Metoclopramide,364-62-5,SH-SY5Y,2,96,6.71E-08,0.000148876,0.000149933,0.992949243,B,9
1385,Nitrofurantoin,67-20-9,SH-SY5Y,2,96,3.83E-08,0.000149911,0.000149962,0.999664266,A,7.3
1386,Oxytetracycline hydrochloride,2058-46-0,SH-SY5Y,2,96,3.70E-08,0.000149963,0.000149963,0.999999095,A,4.5
1387,Panthenol,16485-10-2 ,SH-SY5Y,2,96,3.82E-08,0.000149917,0.000149962,0.99970141,N,
1388,Paracetamol,103-90-2,SH-SY5Y,2,96,5.88E-08,0.000149138,0.000149941,0.994641318,N,
1389,Topiramate,97240-79-4,SH-SY5Y,2,96,3.70E-08,0.000149962,0.000149963,0.999993183,A,9.2
1390,Trimellitic anhydride,552-30-7,SH-SY5Y,2,96,3.70E-08,0.00014996,0.000149963,0.999983025,A,3.3
1391,Verapamil hydrochloride,152-11-4,SH-SY5Y,2,96,6.01E-07,1.33E-04,0.000149399,0.88890492,B,9.2
1392,Warfarin,129-06-6,SH-SY5Y,2,96,2.26E-06,6.15292E-05,0.000147736,0.416479603,N,
1393,Caffeine,58-08-2,HEK293H,2,96,5.91E-08,0.00014985,0.000149941,0.999396318,N,
1394,Lamotrigine,84057-84-1,HEK293H,2,96,1.56E-06,0.000133432,0.000148444,0.898869215,B,6.6
1395,Diclofenac,15307-79-6,HEK293H,2,96,8.48E-06,1.08199E-05,0.000141523,0.076453185,B,17.6
1396,"2,4-Dichlorophenoxyacetic",94-75-7,HEK293H,2,96,5.20E-08,0.000149939,0.000149948,0.999941899,A,2.7
1397,(S)-Naproxen,22204-53-1,HEK293H,2,96,7.16E-08,0.000149663,0.000149928,0.998232857,A,4.4
1398,Ibuprofen,15687-27-1,HEK293H,2,96,3.90E-07,1.46E-04,0.00014961,0.976571415,A,5.4
1399,Torasemide,56211-40-6,HEK293H,2,96,6.54E-08,1.50E-04,0.000149935,0.99875245,A,4
1400,Warfarin,81-81-2,HEK293H,2,96,6.18E-08,0.000149797,0.000149938,0.99905937,A,4.5
1401,di-n-butylphthalate,84-74-2,HEK293H,2,96,1.25E-05,4.87E-05,0.000137454,0.354330737,N,
1402,hexachlorophene,70-30-4,HEK293H,2,96,3.24E-05,7.41E-07,0.000117583,6.30E-03,A,6.2
1403,hexamethylenetetramine,100-97-0,HEK293H,2,96,5.29E-08,0.000149925,0.000149947,0.999849609,B,6.4
1404,Malathion,121-75-5,HEK293H,2,96,1.47E-06,0.000132992,0.000148527,0.895410824,N,
1405,pentachlorophenol,87-86-5,HEK293H,2,96,2.20E-06,1.30E-04,0.000147797,0.880747494,A,5
1406,"2,2,2-trichloroethanol",115-20-8,HEK293H,2,96,2.52E-07,0.000147404,0.000149748,0.984344932,N,
1407,diethylphthalate,84-66-2,HEK293H,2,96,1.11E-06,0.000139331,0.000148889,0.935804512,N,
1408,4-chlorophenol,106-48-9,HEK293H,2,96,1.46E-06,0.00013384,0.000148543,0.901014896,N,
1409,permethrin,52645-53-1,HEK293H,2,96,3.01E-05,1.77E-07,0.000119941,0.00147847,N,
1410,Aniline,62-53-3,HEK293H,2,96,1.83E-07,0.000148382,0.000149817,0.990416248,N,
1411,4-fluoroaniline,371-40-4,HEK293H,2,96,1.86E-07,0.000148296,0.000149814,0.989867198,N,
1412,"2,4,6-trichlorophenol",88-06-2,HEK293H,2,96,3.53E-06,1.20E-04,0.000146467,0.818887929,A,6.8
1413,Allyl alcohol,107-18-6,HEK293H,2,96,6.35E-08,0.000149786,0.000149937,0.99899872,N,
1414,N-methylaniline,100-61-8,HEK293H,2,96,3.91E-07,0.000146257,0.000149609,0.977589057,N,
1415,"3,4-dichloroaniline",95-76-1,HEK293H,2,96,2.95E-06,0.000120362,0.000147053,0.818491891,N,
1416,4-decylaniline,37529-30-9,HEK293H,2,96,2.34E-05,1.32E-06,0.000126609,0.010419834,N,
1417,naphthalene,91-20-3,HEK293H,2,96,4.90E-06,1.08E-04,0.000145102,0.74560973,N,
1418,"1,2,4-trichlorobenzene",120-82-1,HEK293H,2,96,1.40E-05,4.59E-05,0.000135969,0.337853814,N,
1419,"1,2-dichlorobenzene",95-50-1,HEK293H,2,96,6.61E-06,9.50E-05,0.000143394,0.662854229,N,
1420,dichloromethane,75-09-2,HEK293H,2,96,2.56E-07,0.000147619,0.000149744,0.985811083,N,
1421,tetrachloroethylene,127-18-4,HEK293H,2,96,4.78E-06,1.10E-04,1.45E-04,0.759754206,N,
1422,"2,3-dimethyl-1,3-butadiene",513-81-5,HEK293H,2,96,1.38E-06,1.37E-04,1.49E-04,0.923148558,N,
1423,Eugenol F,97-53-0,HEK293H,2,96,9.19E-07,0.000140822,0.000149081,0.944598641,N,
1424,Methyl-antranilate,134-20-3,HEK293H,2,96,3.22E-07,0.00014721,0.000149678,0.983510579,N,
1425,Lilyfore,285977-85-7,HEK293H,2,96,5.28E-06,0.000107513,0.000144725,0.742878677,N,
1426,Damascone beta,23726-91-2,HEK293H,2,96,1.76E-05,3.80E-05,0.000132364,0.287132152,N,
1427,Veloutone,14595-54-1,HEK293H,2,96,2.72E-05,6.51E-06,0.000122754,0.052998348,N,
1428,Verdox,82356-51-2,HEK293H,2,96,3.28942E-05,5.50198E-07,0.000117106,0.004698297,N,
1429,Nirvanol,1506-02-1,HEK293H,2,96,2.97518E-05,2.75055E-06,0.000120248,0.022873913,N,
1430,Cetalox,3738-00-9,HEK293H,2,96,2.80E-05,5.11E-06,0.000121965,0.041883862,N,
1431,Tonalide,21145-77-7,HEK293H,2,96,2.98E-05,2.75E-06,0.000120248,0.022873913,N,
1432,"2,4-Dinitrophenol",51-28-5,HEK293H,2,96,5.23E-08,0.000149934,0.000149948,0.999910972,A,4.1
1433,Aldrin,309-00-2,HEK293H,2,96,2.51E-05,2.34E-06,0.000124933,0.018745173,N,
1434,Azinphos-methyl,86-50-0,HEK293H,2,96,2.33E-06,0.000129167,0.000147671,0.874693198,N,
1435,Chlorpyrifos,2921-88-2,HEK293H,2,96,1.57E-05,4.75E-05,0.000134336,0.353354931,N,
1436,"DDD-p,p'",50-29-3,HEK293H,2,96,2.59E-05,1.52E-07,0.000124147,0.001225605,N,
1437,"DDT-o,p'",789-02-6,HEK293H,2,96,2.38E-05,4.31E-07,0.000126224,0.003418191,N,
1438,"DDT-p,p'",72-54-8,HEK293H,2,96,2.52E-05,4.33E-07,0.000124836,0.003470824,N,
1439,Diazinon,333-41-5,HEK293H,2,96,4.41E-06,1.10E-04,0.00014559,0.757909574,N,
1440,Dicofol,115-32-2,HEK293H,2,96,2.53E-05,1.08E-05,0.000124707,0.086789173,N,
1441,Dieldrin,60-57-1,HEK293H,2,96,2.22E-05,1.06E-05,0.000127783,0.0830581,N,
1442,Disulfoton,298-04-4,HEK293H,2,96,6.93E-06,9.74E-05,0.000143068,0.680904958,N,
1443,Endosulfan I,115-29-7,HEK293H,2,96,1.14E-05,7.44E-05,0.000138575,0.537247487,N,
1444,Endrin,72-20-8,HEK293H,2,96,8.87E-06,6.91E-05,0.000141132,0.48983608,N,
1445,Ethion,563-12-2,HEK293H,2,96,9.48E-06,6.16E-05,0.000140521,0.438672621,N,
1446,Heptachlor,76-44-8,HEK293H,2,96,2.67E-05,4.08E-06,0.000123288,0.033122055,N,
1447,Heptachlor epoxide B,1024-57-3,HEK293H,2,96,2.32E-05,7.13E-06,0.000126768,0.056219672,N,
1448,Lindane,58-89-9,HEK293H,2,96,6.38E-06,1.02E-04,0.000143621,0.710174209,N,
1449,"Methoxychlor-o,p'",72-43-5,HEK293H,2,96,1.97E-05,5.88E-06,0.000130343,0.045133402,N,
1450,Parathion,56-38-2,HEK293H,2,96,5.52E-06,1.08E-04,0.000144479,0.745240963,N,
1451,Trifluralin,1582-09-8,HEK293H,2,96,1.24E-05,2.66E-05,0.000137633,0.193495379,N,
1452,Cisapride,81098-60-4,HEK293H,2,96,3.26E-06,1.22E-04,0.000146743,0.831389931,B,7.8
1453,Citalopram hydrobromide,59729-33-8,HEK293H,2,96,4.61E-07,0.000143573,0.000149539,0.960105784,N,
1454,Dofetilide,115256-11-6,HEK293H,2,96,1.74E-07,0.000148416,0.000149826,0.990589188,B,8.4
1455,Moxifloxacin hydrochloride,186826-86-8,HEK293H,2,96,6.03E-08,0.000149817,0.00014994,0.999184765,A,6
1456,N-acetylpro-cainamide,32795-44-1,HEK293H,2,96,5.64E-08,0.000149874,0.000149944,0.999534833,B,9.2
1457,Quinidine sulfate,50-54-4,HEK293H,2,96,2.11E-07,0.000148007,0.000149789,0.988100699,B,9.3
1458,Sematilide,101526-83-4,HEK293H,2,96,5.65E-08,0.000149872,0.000149943,0.999520996,B,9.1
1459,Sotalol hydrochloride,959-24-0,HEK293H,2,96,5.28E-08,0.000149927,0.000149947,0.999865169,B,9
1460,Mifepristone,84371-65-3,HEK293H,2,96,2.41E-05,1.42E-05,0.000125943,0.112485212,N,
1461,Perfluorobutanesulfonic_acid,375-73-5,HEK293H,2,96,5.14E-08,0.000149949,0.000149949,0.999999999,A,-2.9
1462,4_2_Fluorotelomer_sulfonic_acid,757124-72-4,HEK293H,2,96,,,,,A,1.4
1463,Perfluorononanoic_acid,375-95-1,HEK293H,2,96,9.99E-06,7.64E-06,0.000140013,0.054561056,A,0.1
1464,Perfluorohexanoic_acid,307-24-4,HEK293H,2,96,2.66E-06,1.11E-04,0.000147345,0.750395014,A,0.1
1465,Perfluorobutanoic_acid,375-22-4,HEK293H,2,96,,,,,A,0.1
1466,Perfluorooctanoic_acid,335-67-1,HEK293H,2,96,8.65E-06,1.62E-05,0.000141354,0.114451504,A,0.1
1467,6_2_Fluorotelomer_sulfonic_acid,27619-97-2,HEK293H,2,96,5.33E-06,6.22846E-05,0.000144669,0.430530653,A,1.4
1468,8_2_Fluorotelomer_sulfonic_acid,39108-34-4,HEK293H,2,96,8.54E-06,8.93E-06,0.000141456,0.063126903,A,1.4
1469,Perfluoroundecanoic_acid,2058-94-8,HEK293H,2,96,9.63E-06,1.91E-06,0.000140367,0.013632841,A,0.1
1470,Perfluorooctanesulfonic_acid,1763-23-1,HEK293H,2,96,1.22E-05,4.36E-06,0.000137777,0.031658894,A,-2.9
1471,Perfluoroheptanoic_acid,375-85-9,HEK293H,2,96,7.63E-06,2.78E-05,0.000142366,0.195370366,A,0.1
1472,Perfluoropentanoic_acid,2706-90-3,HEK293H,2,96,,,,,A,0.1
1473,Perfluorohexanesulfonic_acid,355-46-4,HEK293H,2,96,9.58E-06,6.66197E-06,0.000140416,0.047444499,A,-2.9
1474,Perfluorodecanoic_acid,335-76-2,HEK293H,2,96,1.15E-05,4.01E-06,0.000138495,0.028969216,A,0.1
1475,cyclosporine A,59865-13-3,HEK293H,2,96,4.07E-06,8.36409E-05,0.000145934,0.573140695,N,
1476,chlorpromazine,50-53-3,HEK293H,2,96,6.77E-06,9.75E-05,0.000143233,0.680871579,B,9.4
1477,PBDE 47,5436-43-1,HEK293H,2,96,2.89E-05,3.64E-07,0.000121135,0.003004713,N,
1478,PBDE 99,60348-60-9,HEK293H,2,96,3.05E-05,1.62E-07,0.000119452,1.36E-03,N,
1479,PBDE 153,68631-49-2,HEK293H,2,96,3.21E-05,6.36E-08,0.000117948,5.39E-04,N,
1480,amiodarone,1951-25-3,HEK293H,2,96,3.10E-05,1.59E-06,0.000119004,1.34E-02,B,9
1481,Azathioprine,446-86-6,HEK293H,2,96,5.53E-08,0.000149889,0.000149945,0.999629327,A,8.2
1482,Benzocaine,94-09-7,HEK293H,2,96,5.75E-07,0.000144137,0.000149425,0.964611039,N,
1483,Butylated hydroxyanisole,25013-16-5,HEK293H,2,96,6.90794E-06,9.66046E-05,0.000143092,0.6751223,N,
1484,Cetirizine dihydrochloride,83881-52-1,HEK293H,2,96,5.19E-08,0.000149941,0.000149948,0.99995036,A,4.7
1485,Cyclamate,139-05-9,HEK293H,2,96,5.14E-08,0.000149949,0.000149949,1,B,17.6
1486,Cyclophosphamide,6055-19-2,HEK293H,2,96,1.00E-07,0.000149297,0.0001499,0.99597563,B,6.1
1487,Cypermethrin,67375-30-8,HEK293H,2,96,3.34E-05,3.79E-07,0.00011656,0.003250177,N,
1488,DEET,134-62-3,HEK293H,2,96,4.28E-07,0.000145973,0.000149572,0.975935279,N,
1489,Dexamethasone,50-02-2,HEK293H,2,96,5.78E-07,0.000142465,0.000149422,0.953442665,N,
1490,Digoxin,20830-75-5,HEK293H,2,96,7.15E-08,0.000149649,0.000149929,0.998138575,N,
1491,Fenazaquin,120928-09-8,HEK293H,2,96,2.87E-05,4.08E-06,0.000121296,0.033636478,N,
1492,Fenbuconazole,114369-43-6,HEK293H,2,96,5.19E-06,0.000108075,0.000144806,0.746342805,N,
1493,Fluazinam,79622-59-6,HEK293H,2,96,1.45E-05,3.67E-05,0.000135532,0.271137719,N,
1494,Furosemide,54-31-9,HEK293H,2,96,5.17E-08,0.000149944,0.000149948,0.999973571,A,3
1495,Glybenclamide,10238-21-8,HEK293H,2,96,1.36E-06,1.37E-04,0.000148636,0.922485861,A,5
1496,HC Red 3,2871-01-4,HEK293H,2,96,6.99E-08,0.000149686,0.00014993,0.998372534,N,
1497,Hydralazine hydrochloride,304-20-1,HEK293H,2,96,1.03E-07,0.000149258,0.000149897,0.995738579,B,6
1498,Ketoconazole,65277-42-1,HEK293H,2,96,7.58E-06,9.23E-05,0.000142416,0.647853083,B,6.6
1499,Metformin,1115-70-4,HEK293H,2,96,5.15E-08,0.000149947,0.000149949,0.999991646,B,9.6
1500,Metoclopramide,364-62-5,HEK293H,2,96,1.41E-07,0.000148802,0.000149859,0.992949243,B,9
1501,Nitrofurantoin,67-20-9,HEK293H,2,96,5.49E-08,0.000149895,0.000149945,0.999664266,A,7.3
1502,Oxytetracycline hydrochloride,2058-46-0,HEK293H,2,96,5.14E-08,0.000149948,0.000149949,0.999999095,A,4.5
1503,Panthenol,16485-10-2 ,HEK293H,2,96,5.45E-08,0.000149901,0.000149945,0.99970141,N,
1504,Paracetamol,103-90-2,HEK293H,2,96,1.12E-07,0.000149084,0.000149888,0.994641318,N,
1505,Topiramate,97240-79-4,HEK293H,2,96,5.15E-08,0.000149948,0.000149949,0.999993183,A,9.2
1506,Trimellitic anhydride,552-30-7,HEK293H,2,96,5.16E-08,0.000149946,0.000149948,0.999983025,A,3.3
1507,Verapamil hydrochloride,152-11-4,HEK293H,2,96,2.03E-06,1.32E-04,0.000147966,0.88890492,B,9.2
1508,Warfarin,129-06-6,HEK293H,2,96,5.72E-06,6.00908E-05,0.000144283,0.416479603,N,
1509,Caffeine,58-08-2,Rat cerebellar granule cell,20,96,6.18E-08,0.000149034,0.000149938,0.993967836,N,
1510,Lamotrigine,84057-84-1,Rat cerebellar granule cell,20,96,8.43E-06,6.65E-05,0.000141571,0.469403911,B,6.6
1511,Diclofenac,15307-79-6,Rat cerebellar granule cell,20,96,4.82E-07,1.2219E-06,0.000149518,0.008172265,B,17.6
1512,"2,4-Dichlorophenoxyacetic",94-75-7,Rat cerebellar granule cell,20,96,1.91E-09,1.50E-04,0.000149998,0.999416579,A,2.7
1513,(S)-Naproxen,22204-53-1,Rat cerebellar granule cell,20,96,1.03E-07,1.47E-04,0.000149897,0.982525126,A,4.4
1514,Ibuprofen,15687-27-1,Rat cerebellar granule cell,20,96,2.89E-06,1.19E-04,0.000147109,0.805781782,A,5.4
1515,Torasemide,56211-40-6,Rat cerebellar granule cell,20,96,6.44E-08,1.48E-04,0.000149936,0.987605921,A,4
1516,Warfarin,81-81-2,Rat cerebellar granule cell,20,96,4.41E-08,1.49E-04,0.000149956,0.990629362,A,4.5
1517,di-n-butylphthalate,84-74-2,Rat cerebellar granule cell,20,96,2.74E-05,6.35E-06,0.000122596,0.051793038,N,
1518,hexachlorophene,70-30-4,Rat cerebellar granule cell,20,96,5.91E-05,5.73E-08,9.08924E-05,6.31E-04,A,6.2
1519,hexamethylenetetramine,100-97-0,Rat cerebellar granule cell,20,96,4.46E-09,0.000149769,0.000149996,0.998491096,B,6.4
1520,Malathion,121-75-5,Rat cerebellar granule cell,20,96,6.63E-06,6.60E-05,0.000143365,0.46008068,N,
1521,pentachlorophenol,87-86-5,Rat cerebellar granule cell,20,96,1.40E-05,5.76E-05,0.000135996,0.423668282,A,5
1522,"2,2,2-trichloroethanol",115-20-8,Rat cerebellar granule cell,20,96,1.39E-06,0.000128138,0.000148612,0.862228195,N,
1523,diethylphthalate,84-66-2,Rat cerebellar granule cell,20,96,8.36E-06,8.38E-05,0.000141637,0.591993671,N,
1524,4-chlorophenol,106-48-9,Rat cerebellar granule cell,20,96,7.34E-06,6.78E-05,0.00014266,0.475343014,N,
1525,permethrin,52645-53-1,Rat cerebellar granule cell,20,96,5.45E-05,1.41E-08,9.55377E-05,0.000147354,N,
1526,Aniline,62-53-3,Rat cerebellar granule cell,20,96,1.13E-06,0.000135684,0.000148875,0.911395617,N,
1527,4-fluoroaniline,371-40-4,Rat cerebellar granule cell,20,96,1.07E-06,0.000135041,0.000148929,0.906745756,N,
1528,"2,4,6-trichlorophenol",88-06-2,Rat cerebellar granule cell,20,96,1.87E-05,4.07E-05,0.000131283,0.310361628,A,6.8
1529,Allyl alcohol,107-18-6,Rat cerebellar granule cell,20,96,7.78E-08,0.000148428,0.000149922,0.990030583,N,
1530,N-methylaniline,100-61-8,Rat cerebellar granule cell,20,96,3.16E-06,0.00011935,0.000146839,0.812795753,N,
1531,"3,4-dichloroaniline",95-76-1,Rat cerebellar granule cell,20,96,1.30E-05,4.24E-05,0.000137012,0.309790853,N,
1532,4-decylaniline,37529-30-9,Rat cerebellar granule cell,20,96,4.08E-05,1.14E-07,0.000109175,0.001046946,N,
1533,naphthalene,91-20-3,Rat cerebellar granule cell,20,96,2.07E-05,2.92E-05,0.000129299,0.225844213,N,
1534,"1,2,4-trichlorobenzene",120-82-1,Rat cerebellar granule cell,20,96,3.16E-05,5.72E-06,0.000118449,0.048331489,N,
1535,"1,2-dichlorobenzene",95-50-1,Rat cerebellar granule cell,20,96,2.33E-05,2.07E-05,0.000126702,0.163663205,N,
1536,dichloromethane,75-09-2,Rat cerebellar granule cell,20,96,1.88E-06,0.000129403,0.000148116,0.873663154,N,
1537,tetrachloroethylene,127-18-4,Rat cerebellar granule cell,20,96,2.15E-05,3.08E-05,0.000128506,0.239407977,N,
1538,"2,3-dimethyl-1,3-butadiene",513-81-5,Rat cerebellar granule cell,20,96,1.03E-05,7.61E-05,1.40E-04,0.544545459,N,
1539,Eugenol F,97-53-0,Rat cerebellar granule cell,20,96,6.74E-06,9.01E-05,0.000143262,0.629225484,N,
1540,Methyl-antranilate,134-20-3,Rat cerebellar granule cell,20,96,2.98E-06,0.000125828,0.000147023,0.855838679,N,
1541,Lilyfore,285977-85-7,Rat cerebellar granule cell,20,96,2.31E-05,2.83E-05,0.000126889,0.223345495,N,
1542,Damascone beta,23726-91-2,Rat cerebellar granule cell,20,96,3.97E-05,4.25E-06,0.000110284,0.038545277,N,
1543,Veloutone,14595-54-1,Rat cerebellar granule cell,20,96,5.11E-05,5.48E-07,9.89038E-05,0.005539476,N,
1544,Verdox,82356-51-2,Rat cerebellar granule cell,20,96,5.99063E-05,4.23103E-08,9.00937E-05,0.000469625,N,
1545,Nirvanol,1506-02-1,Rat cerebellar granule cell,20,96,5.47951E-05,2.21313E-07,9.52049E-05,0.002324602,N,
1546,Cetalox,3738-00-9,Rat cerebellar granule cell,20,96,5.22E-05,4.24E-07,9.77817E-05,0.00433224,N,
1547,Tonalide,21145-77-7,Rat cerebellar granule cell,20,96,5.48E-05,2.21E-07,9.52049E-05,0.002324602,N,
1548,"2,4-Dinitrophenol",51-28-5,Rat cerebellar granule cell,20,96,2.67E-09,0.000149863,0.000149997,0.99910627,A,4.1
1549,Aldrin,309-00-2,Rat cerebellar granule cell,20,96,4.49E-05,1.99E-07,0.000105066,0.001897808,N,
1550,Azinphos-methyl,86-50-0,Rat cerebellar granule cell,20,96,1.45E-05,5.55E-05,0.000135471,0.409954765,N,
1551,Chlorpyrifos,2921-88-2,Rat cerebellar granule cell,20,96,3.77E-05,5.79E-06,0.000112268,0.051583839,N,
1552,"DDD-p,p'",50-29-3,Rat cerebellar granule cell,20,96,4.59E-05,1.27E-08,0.000104115,1.22E-04,N,
1553,"DDT-o,p'",789-02-6,Rat cerebellar granule cell,20,96,4.14E-05,3.71E-08,0.000108596,3.41E-04,N,
1554,"DDT-p,p'",72-54-8,Rat cerebellar granule cell,20,96,4.45E-05,3.66E-08,0.000105511,0.000346547,N,
1555,Diazinon,333-41-5,Rat cerebellar granule cell,20,96,1.84E-05,3.13E-05,0.000131584,0.237577377,N,
1556,Dicofol,115-32-2,Rat cerebellar granule cell,20,96,4.85E-05,9.51E-07,0.00010152,0.009370768,N,
1557,Dieldrin,60-57-1,Rat cerebellar granule cell,20,96,4.13E-05,9.71E-07,0.000108716,0.008935353,N,
1558,Disulfoton,298-04-4,Rat cerebellar granule cell,20,96,2.70E-05,2.15E-05,0.00012301,0.175183537,N,
1559,Endosulfan I,115-29-7,Rat cerebellar granule cell,20,96,3.56E-05,1.18E-05,0.000114397,0.103586578,N,
1560,Endrin,72-20-8,Rat cerebellar granule cell,20,96,2.12E-05,1.12E-05,0.000128844,0.087231109,N,
1561,Ethion,563-12-2,Rat cerebellar granule cell,20,96,2.05E-05,9.34E-06,0.000129465,0.072170854,N,
1562,Heptachlor,76-44-8,Rat cerebellar granule cell,20,96,4.91E-05,3.43E-07,0.000100907,0.003398105,N,
1563,Heptachlor epoxide B,1024-57-3,Rat cerebellar granule cell,20,96,4.25E-05,6.34E-07,0.000107546,0.005894128,N,
1564,Lindane,58-89-9,Rat cerebellar granule cell,20,96,2.67E-05,2.42E-05,0.000123251,0.196071627,N,
1565,"Methoxychlor-o,p'",72-43-5,Rat cerebellar granule cell,20,96,3.33E-05,5.46E-07,0.000116697,0.004682594,N,
1566,Parathion,56-38-2,Rat cerebellar granule cell,20,96,2.51E-05,2.82E-05,0.000124894,0.225504635,N,
1567,Trifluralin,1582-09-8,Rat cerebellar granule cell,20,96,1.86E-05,3.06E-06,0.000131411,0.02332299,N,
1568,Cisapride,81098-60-4,Rat cerebellar granule cell,20,96,1.79E-05,4.35E-05,0.000132133,0.329212211,B,7.8
1569,Citalopram hydrobromide,59729-33-8,Rat cerebellar granule cell,20,96,7.05E-07,1.05E-04,0.000149295,0.705484197,N,
1570,Dofetilide,115256-11-6,Rat cerebellar granule cell,20,96,9.45E-07,1.36E-04,0.000149055,0.912869047,B,8.4
1571,Moxifloxacin hydrochloride,186826-86-8,Rat cerebellar granule cell,20,96,3.64E-08,0.000148744,0.000149964,0.991869415,A,6
1572,N-acetylpro-cainamide,32795-44-1,Rat cerebellar granule cell,20,96,1.74E-08,0.000149285,0.000149983,0.995346118,B,9.2
1573,Quinidine sulfate,50-54-4,Rat cerebellar granule cell,20,96,1.27E-06,1.33E-04,0.000148728,0.892068347,B,9.3
1574,Sematilide,101526-83-4,Rat cerebellar granule cell,20,96,1.81E-08,0.000149263,0.000149982,0.995208279,B,9.1
1575,Sotalol hydrochloride,959-24-0,Rat cerebellar granule cell,20,96,3.97E-09,0.000149793,0.000149996,0.99864702,B,9
1576,Mifepristone,84371-65-3,Rat cerebellar granule cell,20,96,4.69E-05,1.28E-06,0.000103068,0.012457904,N,
1577,Perfluorobutanesulfonic_acid,375-73-5,Rat cerebellar granule cell,20,96,9.30E-10,0.000149999,0.000149999,0.999999993,A,-2.9
1578,4_2_Fluorotelomer_sulfonic_acid,757124-72-4,Rat cerebellar granule cell,20,96,,,,,A,1.4
1579,Perfluorononanoic_acid,375-95-1,Rat cerebellar granule cell,20,96,5.12E-06,8.27E-07,0.000144883,0.005711252,A,0.1
1580,Perfluorohexanoic_acid,307-24-4,Rat cerebellar granule cell,20,96,2.56E-06,3.40E-05,0.000147442,0.23031378,A,0.1
1581,Perfluorobutanoic_acid,375-22-4,Rat cerebellar granule cell,20,96,,,,,A,0.1
1582,Perfluorooctanoic_acid,335-67-1,Rat cerebellar granule cell,20,96,2.34E-06,1.88E-06,0.000147665,0.012700696,A,0.1
1583,6_2_Fluorotelomer_sulfonic_acid,27619-97-2,Rat cerebellar granule cell,20,96,2.88E-07,1.05E-05,0.000149712,0.069983238,A,1.4
1584,8_2_Fluorotelomer_sulfonic_acid,39108-34-4,Rat cerebellar granule cell,20,96,3.08E-07,9.97E-07,0.000149692,0.006661934,A,1.4
1585,Perfluoroundecanoic_acid,2058-94-8,Rat cerebellar granule cell,20,96,2.60E-06,2.02E-07,0.000147396,0.00137379,A,0.1
1586,Perfluorooctanesulfonic_acid,1763-23-1,Rat cerebellar granule cell,20,96,1.17E-05,4.49E-07,0.000138311,0.00324359,A,-2.9
1587,Perfluoroheptanoic_acid,375-85-9,Rat cerebellar granule cell,20,96,1.24E-06,3.51E-06,0.000148765,0.023597239,A,0.1
1588,Perfluoropentanoic_acid,2706-90-3,Rat cerebellar granule cell,20,96,,,,,A,0.1
1589,Perfluorohexanesulfonic_acid,355-46-4,Rat cerebellar granule cell,20,96,3.49E-06,7.23E-07,0.000146506,0.004933071,A,-2.9
1590,Perfluorodecanoic_acid,335-76-2,Rat cerebellar granule cell,20,96,9.30E-06,4.17E-07,0.000140697,0.00296064,A,0.1
1591,cyclosporine A,59865-13-3,Rat cerebellar granule cell,20,96,4.18E-07,1.76E-05,0.000149582,0.117888037,N,
1592,chlorpromazine,50-53-3,Rat cerebellar granule cell,20,96,2.60E-05,2.17E-05,0.000123983,0.175161341,B,9.4
1593,PBDE 47,5436-43-1,Rat cerebellar granule cell,20,96,5.22E-05,2.93E-08,9.7816E-05,3.00E-04,N,
1594,PBDE 99,60348-60-9,Rat cerebellar granule cell,20,96,5.54E-05,1.28E-08,9.46036E-05,1.35E-04,N,
1595,PBDE 153,68631-49-2,Rat cerebellar granule cell,20,96,5.82E-05,4.93E-09,9.18129E-05,5.37E-05,N,
1596,amiodarone,1951-25-3,Rat cerebellar granule cell,20,96,5.68E-05,1.25E-07,9.32316E-05,1.35E-03,B,9
1597,Azathioprine,446-86-6,Rat cerebellar granule cell,20,96,1.30E-08,0.00014943,0.000149987,0.996288346,A,8.2
1598,Benzocaine,94-09-7,Rat cerebellar granule cell,20,96,4.27E-06,0.000106483,0.000145732,0.730677885,N,
1599,Butylated hydroxyanisole,25013-16-5,Rat cerebellar granule cell,20,96,2.62648E-05,2.12068E-05,0.000123735,0.171388945,N,
1600,Cetirizine dihydrochloride,83881-52-1,Rat cerebellar granule cell,20,96,1.72E-09,0.000149924,0.000149998,0.999501501,A,4.7
1601,Cyclamate,139-05-9,Rat cerebellar granule cell,20,96,9.30E-10,0.000149999,0.000149999,1,B,17.6
1602,Cyclophosphamide,6055-19-2,Rat cerebellar granule cell,20,96,3.11E-07,0.00014385,0.000149689,0.960988049,B,6.1
1603,Cypermethrin,67375-30-8,Rat cerebellar granule cell,20,96,6.08E-05,2.89E-08,8.91748E-05,3.24E-04,N,
1604,DEET,134-62-3,Rat cerebellar granule cell,20,96,3.65E-06,1.17E-04,0.000146355,0.801451163,N,
1605,Dexamethasone,50-02-2,Rat cerebellar granule cell,20,96,1.84E-06,9.93981E-05,0.000148162,0.670872591,N,
1606,Digoxin,20830-75-5,Rat cerebellar granule cell,20,96,7.25E-08,0.00014717,0.000149928,0.981608233,N,
1607,Fenazaquin,120928-09-8,Rat cerebellar granule cell,20,96,5.32E-05,3.34E-07,9.67994E-05,0.00345253,N,
1608,Fenbuconazole,114369-43-6,Rat cerebellar granule cell,20,96,2.29E-05,2.88E-05,0.000127066,0.226521303,N,
1609,Fluazinam,79622-59-6,Rat cerebellar granule cell,20,96,2.93E-05,4.31E-06,0.000120727,0.035704593,N,
1610,Furosemide,54-31-9,Rat cerebellar granule cell,20,96,1.27E-09,0.000149959,0.000149999,0.999734534,A,3
1611,Glybenclamide,10238-21-8,Rat cerebellar granule cell,20,96,9.87E-06,7.60E-05,0.000140125,0.542236918,A,5
1612,HC Red 3,2871-01-4,Rat cerebellar granule cell,20,96,9.21E-08,0.000147492,0.000149908,0.983886323,N,
1613,Hydralazine hydrochloride,304-20-1,Rat cerebellar granule cell,20,96,3.35E-07,0.000143495,0.000149665,0.958775398,B,6
1614,Ketoconazole,65277-42-1,Rat cerebellar granule cell,20,96,2.74E-05,1.90E-05,0.0001226,0.1547731,B,6.6
1615,Metformin,1115-70-4,Rat cerebellar granule cell,20,96,1.01E-09,0.000149986,0.000149999,0.999916077,B,9.6
1616,Metoclopramide,364-62-5,Rat cerebellar granule cell,20,96,6.51E-07,1.39E-04,0.000149349,0.933409624,B,9
1617,Nitrofurantoin,67-20-9,Rat cerebellar granule cell,20,96,1.15E-08,0.000149484,0.000149989,0.996637139,A,7.3
1618,Oxytetracycline hydrochloride,2058-46-0,Rat cerebellar granule cell,20,96,9.35E-10,0.000149998,0.000149999,0.999990909,A,4.5
1619,Panthenol,16485-10-2 ,Rat cerebellar granule cell,20,96,9.91E-09,0.000149541,0.00014999,0.997008193,N,
1620,Paracetamol,103-90-2,Rat cerebellar granule cell,20,96,2.98E-07,0.000142015,0.000149702,0.9486514,N,
1621,Topiramate,97240-79-4,Rat cerebellar granule cell,20,96,9.89E-10,0.000149989,0.000149999,0.999931513,A,9.2
1622,Trimellitic anhydride,552-30-7,Rat cerebellar granule cell,20,96,1.12E-09,0.000149973,0.000149999,0.999829482,A,3.3
1623,Verapamil hydrochloride,152-11-4,Rat cerebellar granule cell,20,96,1.33E-05,6.06E-05,0.00013673,0.443330403,B,9.2
1624,Warfarin,129-06-6,Rat cerebellar granule cell,20,96,1.65E-06,9.84E-06,0.000148355,0.066328664,N,
1625,Caffeine,58-08-2,Balbc_3T3,20,96,5.12E-08,0.000149044,0.000149949,0.993967836,N,
1626,Lamotrigine,84057-84-1,Balbc_3T3,20,96,2.31E-06,6.93E-05,0.00014769,0.469403911,B,6.6
1627,Diclofenac,15307-79-6,Balbc_3T3,20,96,2.36E-06,1.20652E-06,0.000147636,0.008172265,B,17.6
1628,"2,4-Dichlorophenoxyacetic",94-75-7,Balbc_3T3,20,96,3.13E-08,1.50E-04,0.000149969,0.999416579,A,2.7
1629,(S)-Naproxen,22204-53-1,Balbc_3T3,20,96,8.29E-08,1.47E-04,0.000149917,0.982525126,A,4.4
1630,Ibuprofen,15687-27-1,Balbc_3T3,20,96,8.34E-07,1.20E-04,0.000149166,0.805781782,A,5.4
1631,Torasemide,56211-40-6,Balbc_3T3,20,96,6.64E-08,1.48E-04,0.000149934,0.987605921,A,4
1632,Warfarin,81-81-2,Balbc_3T3,20,96,5.69E-08,1.49E-04,0.000149943,0.990629362,A,4.5
1633,di-n-butylphthalate,84-74-2,Balbc_3T3,20,96,6.04E-06,7.46E-06,0.000143961,0.051793038,N,
1634,hexachlorophene,70-30-4,Balbc_3T3,20,96,1.29E-05,8.65E-08,0.000137073,6.31E-04,A,6.2
1635,hexamethylenetetramine,100-97-0,Balbc_3T3,20,96,3.38E-08,0.00014974,0.000149966,0.998491096,B,6.4
1636,Malathion,121-75-5,Balbc_3T3,20,96,2.10E-06,6.80E-05,0.000147902,0.46008068,N,
1637,pentachlorophenol,87-86-5,Balbc_3T3,20,96,3.17E-06,6.22E-05,0.000146828,0.423668282,A,5
1638,"2,2,2-trichloroethanol",115-20-8,Balbc_3T3,20,96,5.19E-07,0.000128887,0.000149481,0.862228195,N,
1639,diethylphthalate,84-66-2,Balbc_3T3,20,96,2.02E-06,8.76E-05,0.000147976,0.591993671,N,
1640,4-chlorophenol,106-48-9,Balbc_3T3,20,96,2.15E-06,7.03E-05,0.000147845,0.475343014,N,
1641,permethrin,52645-53-1,Balbc_3T3,20,96,1.17E-05,2.04E-08,0.000138297,0.000147354,N,
1642,Aniline,62-53-3,Balbc_3T3,20,96,3.72E-07,0.00013637,0.000149628,0.911395617,N,
1643,4-fluoroaniline,371-40-4,Balbc_3T3,20,96,3.77E-07,0.00013567,0.000149623,0.906745756,N,
1644,"2,4,6-trichlorophenol",88-06-2,Balbc_3T3,20,96,4.11E-06,4.53E-05,0.000145893,0.310361628,A,6.8
1645,Allyl alcohol,107-18-6,Balbc_3T3,20,96,6.23E-08,0.000148443,0.000149938,0.990030583,N,
1646,N-methylaniline,100-61-8,Balbc_3T3,20,96,8.52E-07,0.000121227,0.000149148,0.812795753,N,
1647,"3,4-dichloroaniline",95-76-1,Balbc_3T3,20,96,3.28E-06,4.55E-05,0.000146716,0.309790853,N,
1648,4-decylaniline,37529-30-9,Balbc_3T3,20,96,8.61E-06,1.48E-07,0.000141388,0.001046946,N,
1649,naphthalene,91-20-3,Balbc_3T3,20,96,4.59E-06,3.28E-05,0.000145408,0.225844213,N,
1650,"1,2,4-trichlorobenzene",120-82-1,Balbc_3T3,20,96,6.76E-06,6.92E-06,0.000143242,0.048331489,N,
1651,"1,2-dichlorobenzene",95-50-1,Balbc_3T3,20,96,5.13E-06,2.37E-05,0.000144869,0.163663205,N,
1652,dichloromethane,75-09-2,Balbc_3T3,20,96,5.53E-07,0.000130566,0.000149447,0.873663154,N,
1653,tetrachloroethylene,127-18-4,Balbc_3T3,20,96,4.68E-06,3.48E-05,0.000145316,0.239407977,N,
1654,"2,3-dimethyl-1,3-butadiene",513-81-5,Balbc_3T3,20,96,2.39E-06,8.04E-05,1.48E-04,0.544545459,N,
1655,Eugenol F,97-53-0,Balbc_3T3,20,96,1.73E-06,9.33E-05,0.000148273,0.629225484,N,
1656,Methyl-antranilate,134-20-3,Balbc_3T3,20,96,7.29E-07,0.000127752,0.000149271,0.855838679,N,
1657,Lilyfore,285977-85-7,Balbc_3T3,20,96,4.97E-06,3.24E-05,0.000145028,0.223345495,N,
1658,Damascone beta,23726-91-2,Balbc_3T3,20,96,8.31E-06,5.46E-06,0.000141688,0.038545277,N,
1659,Veloutone,14595-54-1,Balbc_3T3,20,96,1.09E-05,7.71E-07,0.000139136,0.005539476,N,
1660,Verdox,82356-51-2,Balbc_3T3,20,96,1.31486E-05,6.42688E-08,0.000136851,0.000469625,N,
1661,Nirvanol,1506-02-1,Balbc_3T3,20,96,1.17832E-05,3.21299E-07,0.000138217,0.002324602,N,
1662,Cetalox,3738-00-9,Balbc_3T3,20,96,1.11E-05,6.02E-07,0.000138863,0.00433224,N,
1663,Tonalide,21145-77-7,Balbc_3T3,20,96,1.18E-05,3.21E-07,0.000138217,0.002324602,N,
1664,"2,4-Dinitrophenol",51-28-5,Balbc_3T3,20,96,3.21E-08,0.000149834,0.000149968,0.99910627,A,4.1
1665,Aldrin,309-00-2,Balbc_3T3,20,96,9.47E-06,2.67E-07,0.00014053,0.001897808,N,
1666,Azinphos-methyl,86-50-0,Balbc_3T3,20,96,3.28E-06,6.01E-05,0.000146723,0.409954765,N,
1667,Chlorpyrifos,2921-88-2,Balbc_3T3,20,96,7.89E-06,7.33E-06,0.000142106,0.051583839,N,
1668,"DDD-p,p'",50-29-3,Balbc_3T3,20,96,9.68E-06,1.71E-08,0.000140319,1.22E-04,N,
1669,"DDT-o,p'",789-02-6,Balbc_3T3,20,96,8.73E-06,4.82E-08,0.000141268,3.41E-04,N,
1670,"DDT-p,p'",72-54-8,Balbc_3T3,20,96,9.38E-06,4.87E-08,0.000140622,0.000346547,N,
1671,Diazinon,333-41-5,Balbc_3T3,20,96,4.22E-06,3.46E-05,0.000145778,0.237577377,N,
1672,Dicofol,115-32-2,Balbc_3T3,20,96,1.02E-05,1.31E-06,0.000139756,0.009370768,N,
1673,Dieldrin,60-57-1,Balbc_3T3,20,96,8.69E-06,1.26E-06,0.000141311,0.008935353,N,
1674,Disulfoton,298-04-4,Balbc_3T3,20,96,5.70E-06,2.53E-05,0.000144295,0.175183537,N,
1675,Endosulfan I,115-29-7,Balbc_3T3,20,96,7.38E-06,1.48E-05,0.000142621,0.103586578,N,
1676,Endrin,72-20-8,Balbc_3T3,20,96,4.96E-06,1.27E-05,0.000145035,0.087231109,N,
1677,Ethion,563-12-2,Balbc_3T3,20,96,4.90E-06,1.05E-05,0.000145097,0.072170854,N,
1678,Heptachlor,76-44-8,Balbc_3T3,20,96,1.04E-05,4.74E-07,0.000139603,0.003398105,N,
1679,Heptachlor epoxide B,1024-57-3,Balbc_3T3,20,96,8.94E-06,8.31E-07,0.000141063,0.005894128,N,
1680,Lindane,58-89-9,Balbc_3T3,20,96,5.62E-06,2.83E-05,0.00014438,0.196071627,N,
1681,"Methoxychlor-o,p'",72-43-5,Balbc_3T3,20,96,7.16E-06,6.69E-07,0.000142836,0.004682594,N,
1682,Parathion,56-38-2,Balbc_3T3,20,96,5.29E-06,3.26E-05,0.000144714,0.225504635,N,
1683,Trifluralin,1582-09-8,Balbc_3T3,20,96,4.72E-06,3.39E-06,0.000145282,0.02332299,N,
1684,Cisapride,81098-60-4,Balbc_3T3,20,96,3.94E-06,4.81E-05,0.000146061,0.329212211,B,7.8
1685,Citalopram hydrobromide,59729-33-8,Balbc_3T3,20,96,7.98E-07,1.05E-04,0.000149202,0.705484197,N,
1686,Dofetilide,115256-11-6,Balbc_3T3,20,96,3.47E-07,1.37E-04,0.000149653,0.912869047,B,8.4
1687,Moxifloxacin hydrochloride,186826-86-8,Balbc_3T3,20,96,5.31E-08,0.000148728,0.000149947,0.991869415,A,6
1688,N-acetylpro-cainamide,32795-44-1,Balbc_3T3,20,96,4.27E-08,0.000149259,0.000149957,0.995346118,B,9.2
1689,Quinidine sulfate,50-54-4,Balbc_3T3,20,96,4.35E-07,1.33E-04,0.000149565,0.892068347,B,9.3
1690,Sematilide,101526-83-4,Balbc_3T3,20,96,4.31E-08,0.000149238,0.000149957,0.995208279,B,9.1
1691,Sotalol hydrochloride,959-24-0,Balbc_3T3,20,96,3.33E-08,0.000149764,0.000149967,0.99864702,B,9
1692,Mifepristone,84371-65-3,Balbc_3T3,20,96,9.89E-06,1.75E-06,0.000140112,0.012457904,N,
1693,Perfluorobutanesulfonic_acid,375-73-5,Balbc_3T3,20,96,2.98E-08,0.00014997,0.00014997,0.999999993,A,-2.9
1694,4_2_Fluorotelomer_sulfonic_acid,757124-72-4,Balbc_3T3,20,96,,,,,A,1.4
1695,Perfluorononanoic_acid,375-95-1,Balbc_3T3,20,96,2.93E-06,8.40E-07,0.000147069,0.005711252,A,0.1
1696,Perfluorohexanoic_acid,307-24-4,Balbc_3T3,20,96,2.11E-06,3.41E-05,0.00014789,0.23031378,A,0.1
1697,Perfluorobutanoic_acid,375-22-4,Balbc_3T3,20,96,,,,,A,0.1
1698,Perfluorooctanoic_acid,335-67-1,Balbc_3T3,20,96,2.57E-06,1.87E-06,0.000147425,0.012700696,A,0.1
1699,6_2_Fluorotelomer_sulfonic_acid,27619-97-2,Balbc_3T3,20,96,2.20E-06,1.03E-05,0.000147799,0.069983238,A,1.4
1700,8_2_Fluorotelomer_sulfonic_acid,39108-34-4,Balbc_3T3,20,96,2.35E-06,9.84E-07,0.000147653,0.006661934,A,1.4
1701,Perfluoroundecanoic_acid,2058-94-8,Balbc_3T3,20,96,2.63E-06,2.02E-07,0.000147368,0.00137379,A,0.1
1702,Perfluorooctanesulfonic_acid,1763-23-1,Balbc_3T3,20,96,3.79E-06,4.74E-07,0.000146212,0.00324359,A,-2.9
1703,Perfluoroheptanoic_acid,375-85-9,Balbc_3T3,20,96,2.42E-06,3.48E-06,0.000147582,0.023597239,A,0.1
1704,Perfluoropentanoic_acid,2706-90-3,Balbc_3T3,20,96,,,,,A,0.1
1705,Perfluorohexanesulfonic_acid,355-46-4,Balbc_3T3,20,96,2.73E-06,7.26E-07,0.000147267,0.004933071,A,-2.9
1706,Perfluorodecanoic_acid,335-76-2,Balbc_3T3,20,96,3.47E-06,4.34E-07,0.000146528,0.00296064,A,0.1
1707,cyclosporine A,59865-13-3,Balbc_3T3,20,96,2.11E-06,1.74E-05,0.000147892,0.117888037,N,
1708,chlorpromazine,50-53-3,Balbc_3T3,20,96,5.54E-06,2.53E-05,0.000144456,0.175161341,B,9.4
1709,PBDE 47,5436-43-1,Balbc_3T3,20,96,1.11E-05,4.16E-08,0.000138863,3.00E-04,N,
1710,PBDE 99,60348-60-9,Balbc_3T3,20,96,1.19E-05,1.87E-08,0.000138059,1.35E-04,N,
1711,PBDE 153,68631-49-2,Balbc_3T3,20,96,1.27E-05,7.38E-09,0.000137322,5.37E-05,N,
1712,amiodarone,1951-25-3,Balbc_3T3,20,96,1.23E-05,1.85E-07,0.000137704,1.35E-03,B,9
1713,Azathioprine,446-86-6,Balbc_3T3,20,96,3.99E-08,0.000149403,0.00014996,0.996288346,A,8.2
1714,Benzocaine,94-09-7,Balbc_3T3,20,96,1.18E-06,0.00010874,0.000148821,0.730677885,N,
1715,Butylated hydroxyanisole,25013-16-5,Balbc_3T3,20,96,5.59295E-06,2.47498E-05,0.000144407,0.171388945,N,
1716,Cetirizine dihydrochloride,83881-52-1,Balbc_3T3,20,96,3.11E-08,0.000149894,0.000149969,0.999501501,A,4.7
1717,Cyclamate,139-05-9,Balbc_3T3,20,96,2.98E-08,0.00014997,0.00014997,1,B,17.6
1718,Cyclophosphamide,6055-19-2,Balbc_3T3,20,96,1.58E-07,0.000143996,0.000149842,0.960988049,B,6.1
1719,Cypermethrin,67375-30-8,Balbc_3T3,20,96,1.34E-05,4.43E-08,0.000136593,3.24E-04,N,
1720,DEET,134-62-3,Balbc_3T3,20,96,9.38E-07,1.19E-04,0.000149062,0.801451163,N,
1721,Dexamethasone,50-02-2,Balbc_3T3,20,96,1.02E-06,9.99497E-05,0.000148985,0.670872591,N,
1722,Digoxin,20830-75-5,Balbc_3T3,20,96,8.13E-08,0.000147161,0.000149919,0.981608233,N,
1723,Fenazaquin,120928-09-8,Balbc_3T3,20,96,1.14E-05,4.79E-07,0.00013862,0.00345253,N,
1724,Fenbuconazole,114369-43-6,Balbc_3T3,20,96,4.94E-06,3.29E-05,0.000145063,0.226521303,N,
1725,Fluazinam,79622-59-6,Balbc_3T3,20,96,6.39E-06,5.13E-06,0.000143611,0.035704593,N,
1726,Furosemide,54-31-9,Balbc_3T3,20,96,3.05E-08,0.00014993,0.00014997,0.999734534,A,3
1727,Glybenclamide,10238-21-8,Balbc_3T3,20,96,2.34E-06,8.01E-05,0.000147662,0.542236918,A,5
1728,HC Red 3,2871-01-4,Balbc_3T3,20,96,7.84E-08,0.000147506,0.000149922,0.983886323,N,
1729,Hydralazine hydrochloride,304-20-1,Balbc_3T3,20,96,1.66E-07,0.000143657,0.000149834,0.958775398,B,6
1730,Ketoconazole,65277-42-1,Balbc_3T3,20,96,5.82E-06,2.23E-05,0.000144183,0.1547731,B,6.6
1731,Metformin,1115-70-4,Balbc_3T3,20,96,3.00E-08,0.000149957,0.00014997,0.999916077,B,9.6
1732,Metoclopramide,364-62-5,Balbc_3T3,20,96,2.64E-07,1.40E-04,0.000149736,0.933409624,B,9
1733,Nitrofurantoin,67-20-9,Balbc_3T3,20,96,3.89E-08,0.000149457,0.000149961,0.996637139,A,7.3
1734,Oxytetracycline hydrochloride,2058-46-0,Balbc_3T3,20,96,2.98E-08,0.000149969,0.00014997,0.999990909,A,4.5
1735,Panthenol,16485-10-2 ,Balbc_3T3,20,96,3.79E-08,0.000149513,0.000149962,0.997008193,N,
1736,Paracetamol,103-90-2,Balbc_3T3,20,96,1.85E-07,0.000142122,0.000149815,0.9486514,N,
1737,Topiramate,97240-79-4,Balbc_3T3,20,96,3.00E-08,0.00014996,0.00014997,0.999931513,A,9.2
1738,Trimellitic anhydride,552-30-7,Balbc_3T3,20,96,3.02E-08,0.000149944,0.00014997,0.999829482,A,3.3
1739,Verapamil hydrochloride,152-11-4,Balbc_3T3,20,96,3.02E-06,6.52E-05,0.000146975,0.443330403,B,9.2
1740,Warfarin,129-06-6,Balbc_3T3,20,96,2.37E-06,9.79E-06,0.000147629,0.066328664,N,
1741,Caffeine,58-08-2,FishRtgut,20,96,2.04E-08,0.000149075,0.00014998,0.993967836,N,
1742,Lamotrigine,84057-84-1,FishRtgut,20,96,3.03E-07,7.03E-05,0.000149697,0.469403911,B,6.6
1743,Diclofenac,15307-79-6,FishRtgut,20,96,2.51E-07,1.22379E-06,0.000149749,0.008172265,B,17.6
1744,"2,4-Dichlorophenoxyacetic",94-75-7,FishRtgut,20,96,1.80E-08,1.50E-04,0.000149982,0.999416579,A,2.7
1745,(S)-Naproxen,22204-53-1,FishRtgut,20,96,2.37E-08,1.47E-04,0.000149976,0.982525126,A,4.4
1746,Ibuprofen,15687-27-1,FishRtgut,20,96,1.16E-07,1.21E-04,0.000149884,0.805781782,A,5.4
1747,Torasemide,56211-40-6,FishRtgut,20,96,2.19E-08,1.48E-04,0.000149978,0.987605921,A,4
1748,Warfarin,81-81-2,FishRtgut,20,96,2.08E-08,1.49E-04,0.000149979,0.990629362,A,4.5
1749,di-n-butylphthalate,84-74-2,FishRtgut,20,96,8.49E-07,7.73E-06,0.000149151,0.051793038,N,
1750,hexachlorophene,70-30-4,FishRtgut,20,96,2.02E-06,9.34E-08,0.000147977,6.31E-04,A,6.2
1751,hexamethylenetetramine,100-97-0,FishRtgut,20,96,1.83E-08,0.000149755,0.000149982,0.998491096,B,6.4
1752,Malathion,121-75-5,FishRtgut,20,96,2.68E-07,6.89E-05,0.000149732,0.46008068,N,
1753,pentachlorophenol,87-86-5,FishRtgut,20,96,4.33E-07,6.34E-05,0.000149567,0.423668282,A,5
1754,"2,2,2-trichloroethanol",115-20-8,FishRtgut,20,96,7.50E-08,0.00012927,0.000149925,0.862228195,N,
1755,diethylphthalate,84-66-2,FishRtgut,20,96,2.74E-07,8.86E-05,0.000149726,0.591993671,N,
1756,4-chlorophenol,106-48-9,FishRtgut,20,96,2.79E-07,7.12E-05,0.000149721,0.475343014,N,
1757,permethrin,52645-53-1,FishRtgut,20,96,1.81E-06,2.18E-08,0.000148194,0.000147354,N,
1758,Aniline,62-53-3,FishRtgut,20,96,5.89E-08,0.000136656,0.000149941,0.911395617,N,
1759,4-fluoroaniline,371-40-4,FishRtgut,20,96,5.89E-08,0.000135958,0.000149941,0.906745756,N,
1760,"2,4,6-trichlorophenol",88-06-2,FishRtgut,20,96,5.68E-07,4.64E-05,0.000149432,0.310361628,A,6.8
1761,Allyl alcohol,107-18-6,FishRtgut,20,96,2.16E-08,0.000148483,0.000149978,0.990030583,N,
1762,N-methylaniline,100-61-8,FishRtgut,20,96,1.20E-07,0.000121822,0.00014988,0.812795753,N,
1763,"3,4-dichloroaniline",95-76-1,FishRtgut,20,96,4.36E-07,4.63E-05,0.000149564,0.309790853,N,
1764,4-decylaniline,37529-30-9,FishRtgut,20,96,1.27E-06,1.56E-07,0.000148728,0.001046946,N,
1765,naphthalene,91-20-3,FishRtgut,20,96,6.35E-07,3.37E-05,0.000149365,0.225844213,N,
1766,"1,2,4-trichlorobenzene",120-82-1,FishRtgut,20,96,9.67E-07,7.20E-06,0.000149033,0.048331489,N,
1767,"1,2-dichlorobenzene",95-50-1,FishRtgut,20,96,7.15E-07,2.44E-05,0.000149285,0.163663205,N,
1768,dichloromethane,75-09-2,FishRtgut,20,96,8.18E-08,0.000130978,0.000149918,0.873663154,N,
1769,tetrachloroethylene,127-18-4,FishRtgut,20,96,6.52E-07,3.58E-05,0.000149348,0.239407977,N,
1770,"2,3-dimethyl-1,3-butadiene",513-81-5,FishRtgut,20,96,3.25E-07,8.15E-05,1.50E-04,0.544545459,N,
1771,Eugenol F,97-53-0,FishRtgut,20,96,2.32E-07,9.42E-05,0.000149768,0.629225484,N,
1772,Methyl-antranilate,134-20-3,FishRtgut,20,96,1.07E-07,0.000128285,0.000149893,0.855838679,N,
1773,Lilyfore,285977-85-7,FishRtgut,20,96,6.96E-07,3.33E-05,0.000149304,0.223345495,N,
1774,Damascone beta,23726-91-2,FishRtgut,20,96,1.23E-06,5.73E-06,0.000148774,0.038545277,N,
1775,Veloutone,14595-54-1,FishRtgut,20,96,1.66E-06,8.22E-07,0.00014834,0.005539476,N,
1776,Verdox,82356-51-2,FishRtgut,20,96,2.06256E-06,6.94751E-08,0.000147937,0.000469625,N,
1777,Nirvanol,1506-02-1,FishRtgut,20,96,1.82024E-06,3.44459E-07,0.00014818,0.002324602,N,
1778,Cetalox,3738-00-9,FishRtgut,20,96,1.71E-06,6.42E-07,0.000148293,0.00433224,N,
1779,Tonalide,21145-77-7,FishRtgut,20,96,1.82E-06,3.44E-07,0.00014818,0.002324602,N,
1780,"2,4-Dinitrophenol",51-28-5,FishRtgut,20,96,1.81E-08,0.000149848,0.000149982,0.99910627,A,4.1
1781,Aldrin,309-00-2,FishRtgut,20,96,1.42E-06,2.82E-07,0.000148582,0.001897808,N,
1782,Azinphos-methyl,86-50-0,FishRtgut,20,96,4.48E-07,6.13E-05,0.000149552,0.409954765,N,
1783,Chlorpyrifos,2921-88-2,FishRtgut,20,96,1.16E-06,7.68E-06,0.000148843,0.051583839,N,
1784,"DDD-p,p'",50-29-3,FishRtgut,20,96,1.45E-06,1.81E-08,0.000148546,1.22E-04,N,
1785,"DDT-o,p'",789-02-6,FishRtgut,20,96,1.29E-06,5.08E-08,0.000148708,3.41E-04,N,
1786,"DDT-p,p'",72-54-8,FishRtgut,20,96,1.40E-06,5.15E-08,0.000148598,0.000346547,N,
1787,Diazinon,333-41-5,FishRtgut,20,96,5.77E-07,3.55E-05,0.000149423,0.237577377,N,
1788,Dicofol,115-32-2,FishRtgut,20,96,1.55E-06,1.39E-06,0.000148447,0.009370768,N,
1789,Dieldrin,60-57-1,FishRtgut,20,96,1.29E-06,1.33E-06,0.000148714,0.008935353,N,
1790,Disulfoton,298-04-4,FishRtgut,20,96,8.10E-07,2.61E-05,0.00014919,0.175183537,N,
1791,Endosulfan I,115-29-7,FishRtgut,20,96,1.08E-06,1.54E-05,0.000148922,0.103586578,N,
1792,Endrin,72-20-8,FishRtgut,20,96,6.78E-07,1.30E-05,0.000149322,0.087231109,N,
1793,Ethion,563-12-2,FishRtgut,20,96,6.66E-07,1.08E-05,0.000149334,0.072170854,N,
1794,Heptachlor,76-44-8,FishRtgut,20,96,1.58E-06,5.04E-07,0.000148422,0.003398105,N,
1795,Heptachlor epoxide B,1024-57-3,FishRtgut,20,96,1.33E-06,8.76E-07,0.000148672,0.005894128,N,
1796,Lindane,58-89-9,FishRtgut,20,96,7.98E-07,2.93E-05,0.000149202,0.196071627,N,
1797,"Methoxychlor-o,p'",72-43-5,FishRtgut,20,96,1.03E-06,6.98E-07,0.000148971,0.004682594,N,
1798,Parathion,56-38-2,FishRtgut,20,96,7.48E-07,3.37E-05,0.000149252,0.225504635,N,
1799,Trifluralin,1582-09-8,FishRtgut,20,96,6.29E-07,3.48E-06,0.000149371,0.02332299,N,
1800,Cisapride,81098-60-4,FishRtgut,20,96,5.43E-07,4.92E-05,0.000149457,0.329212211,B,7.8
1801,Citalopram hydrobromide,59729-33-8,FishRtgut,20,96,9.76E-08,1.06E-04,0.000149902,0.705484197,N,
1802,Dofetilide,115256-11-6,FishRtgut,20,96,5.52E-08,1.37E-04,0.000149945,0.912869047,B,8.4
1803,Moxifloxacin hydrochloride,186826-86-8,FishRtgut,20,96,2.04E-08,0.00014876,0.00014998,0.991869415,A,6
1804,N-acetylpro-cainamide,32795-44-1,FishRtgut,20,96,1.92E-08,0.000149283,0.000149981,0.995346118,B,9.2
1805,Quinidine sulfate,50-54-4,FishRtgut,20,96,6.60E-08,1.34E-04,0.000149934,0.892068347,B,9.3
1806,Sematilide,101526-83-4,FishRtgut,20,96,1.93E-08,0.000149262,0.000149981,0.995208279,B,9.1
1807,Sotalol hydrochloride,959-24-0,FishRtgut,20,96,1.83E-08,0.000149779,0.000149982,0.99864702,B,9
1808,Mifepristone,84371-65-3,FishRtgut,20,96,1.49E-06,1.85E-06,0.000148509,0.012457904,N,
1809,Perfluorobutanesulfonic_acid,375-73-5,FishRtgut,20,96,1.79E-08,0.000149982,0.000149982,0.999999993,A,-2.9
1810,4_2_Fluorotelomer_sulfonic_acid,757124-72-4,FishRtgut,20,96,,,,,A,1.4
1811,Perfluorononanoic_acid,375-95-1,FishRtgut,20,96,3.40E-07,8.55E-07,0.00014966,0.005711252,A,0.1
1812,Perfluorohexanoic_acid,307-24-4,FishRtgut,20,96,2.40E-07,3.45E-05,0.00014976,0.23031378,A,0.1
1813,Perfluorobutanoic_acid,375-22-4,FishRtgut,20,96,,,,,A,0.1
1814,Perfluorooctanoic_acid,335-67-1,FishRtgut,20,96,2.85E-07,1.90E-06,0.000149715,0.012700696,A,0.1
1815,6_2_Fluorotelomer_sulfonic_acid,27619-97-2,FishRtgut,20,96,2.33E-07,1.05E-05,0.000149767,0.069983238,A,1.4
1816,8_2_Fluorotelomer_sulfonic_acid,39108-34-4,FishRtgut,20,96,2.48E-07,9.98E-07,0.000149752,0.006661934,A,1.4
1817,Perfluoroundecanoic_acid,2058-94-8,FishRtgut,20,96,2.92E-07,2.06E-07,0.000149708,0.00137379,A,0.1
1818,Perfluorooctanesulfonic_acid,1763-23-1,FishRtgut,20,96,4.77E-07,4.85E-07,0.000149523,0.00324359,A,-2.9
1819,Perfluoroheptanoic_acid,375-85-9,FishRtgut,20,96,2.62E-07,3.53E-06,0.000149738,0.023597239,A,0.1
1820,Perfluoropentanoic_acid,2706-90-3,FishRtgut,20,96,,,,,A,0.1
1821,Perfluorohexanesulfonic_acid,355-46-4,FishRtgut,20,96,3.09E-07,7.38E-07,0.000149691,0.004933071,A,-2.9
1822,Perfluorodecanoic_acid,335-76-2,FishRtgut,20,96,4.26E-07,4.43E-07,0.000149574,0.00296064,A,0.1
1823,cyclosporine A,59865-13-3,FishRtgut,20,96,2.25E-07,1.77E-05,0.000149775,0.117888037,N,
1824,chlorpromazine,50-53-3,FishRtgut,20,96,7.83E-07,2.61E-05,0.000149217,0.175161341,B,9.4
1825,PBDE 47,5436-43-1,FishRtgut,20,96,1.71E-06,4.45E-08,0.000148293,3.00E-04,N,
1826,PBDE 99,60348-60-9,FishRtgut,20,96,1.85E-06,2.00E-08,0.000148152,1.35E-04,N,
1827,PBDE 153,68631-49-2,FishRtgut,20,96,1.98E-06,7.95E-09,0.000148022,5.37E-05,N,
1828,amiodarone,1951-25-3,FishRtgut,20,96,1.91E-06,1.99E-07,0.000148089,1.35E-03,B,9
1829,Azathioprine,446-86-6,FishRtgut,20,96,1.90E-08,0.000149424,0.000149981,0.996288346,A,8.2
1830,Benzocaine,94-09-7,FishRtgut,20,96,1.60E-07,0.000109485,0.00014984,0.730677885,N,
1831,Butylated hydroxyanisole,25013-16-5,FishRtgut,20,96,7.90934E-07,2.55728E-05,0.000149209,0.171388945,N,
1832,Cetirizine dihydrochloride,83881-52-1,FishRtgut,20,96,1.80E-08,0.000149907,0.000149982,0.999501501,A,4.7
1833,Cyclamate,139-05-9,FishRtgut,20,96,1.79E-08,0.000149982,0.000149982,1,B,17.6
1834,Cyclophosphamide,6055-19-2,FishRtgut,20,96,3.25E-08,0.000144117,0.000149968,0.960988049,B,6.1
1835,Cypermethrin,67375-30-8,FishRtgut,20,96,2.11E-06,4.80E-08,0.000147891,3.24E-04,N,
1836,DEET,134-62-3,FishRtgut,20,96,1.32E-07,1.20E-04,0.000149868,0.801451163,N,
1837,Dexamethasone,50-02-2,FishRtgut,20,96,1.27E-07,0.000100546,0.000149873,0.670872591,N,
1838,Digoxin,20830-75-5,FishRtgut,20,96,2.34E-08,0.000147218,0.000149977,0.981608233,N,
1839,Fenazaquin,120928-09-8,FishRtgut,20,96,1.75E-06,5.12E-07,0.00014825,0.00345253,N,
1840,Fenbuconazole,114369-43-6,FishRtgut,20,96,6.91E-07,3.38E-05,0.000149309,0.226521303,N,
1841,Fluazinam,79622-59-6,FishRtgut,20,96,9.04E-07,5.32E-06,0.000149096,0.035704593,N,
1842,Furosemide,54-31-9,FishRtgut,20,96,1.80E-08,0.000149942,0.000149982,0.999734534,A,3
1843,Glybenclamide,10238-21-8,FishRtgut,20,96,3.17E-07,8.12E-05,0.000149683,0.542236918,A,5
1844,HC Red 3,2871-01-4,FishRtgut,20,96,2.32E-08,0.00014756,0.000149977,0.983886323,N,
1845,Hydralazine hydrochloride,304-20-1,FishRtgut,20,96,3.34E-08,0.000143784,0.000149967,0.958775398,B,6
1846,Ketoconazole,65277-42-1,FishRtgut,20,96,8.25E-07,2.31E-05,0.000149175,0.1547731,B,6.6
1847,Metformin,1115-70-4,FishRtgut,20,96,1.79E-08,0.00014997,0.000149982,0.999916077,B,9.6
1848,Metoclopramide,364-62-5,FishRtgut,20,96,4.50E-08,1.40E-04,0.000149955,0.933409624,B,9
1849,Nitrofurantoin,67-20-9,FishRtgut,20,96,1.88E-08,0.000149477,0.000149981,0.996637139,A,7.3
1850,Oxytetracycline hydrochloride,2058-46-0,FishRtgut,20,96,1.79E-08,0.000149981,0.000149982,0.999990909,A,4.5
1851,Panthenol,16485-10-2 ,FishRtgut,20,96,1.87E-08,0.000149533,0.000149981,0.997008193,N,
1852,Paracetamol,103-90-2,FishRtgut,20,96,3.50E-08,0.000142264,0.000149965,0.9486514,N,
1853,Topiramate,97240-79-4,FishRtgut,20,96,1.79E-08,0.000149972,0.000149982,0.999931513,A,9.2
1854,Trimellitic anhydride,552-30-7,FishRtgut,20,96,1.79E-08,0.000149956,0.000149982,0.999829482,A,3.3
1855,Verapamil hydrochloride,152-11-4,FishRtgut,20,96,4.12E-07,6.63E-05,0.000149588,0.443330403,B,9.2
1856,Warfarin,129-06-6,FishRtgut,20,96,2.60E-07,9.93E-06,0.00014974,0.066328664,N,
1857,Caffeine,58-08-2,FishRtgill,20,96,1.07E-08,0.000149085,0.000149989,0.993967836,N,
1858,Lamotrigine,84057-84-1,FishRtgill,20,96,1.59E-07,7.03E-05,0.000149841,0.469403911,B,6.6
1859,Diclofenac,15307-79-6,FishRtgill,20,96,1.32E-07,1.22476E-06,0.000149868,0.008172265,B,17.6
1860,"2,4-Dichlorophenoxyacetic",94-75-7,FishRtgill,20,96,9.47E-09,1.50E-04,0.000149991,0.999416579,A,2.7
1861,(S)-Naproxen,22204-53-1,FishRtgill,20,96,1.25E-08,1.47E-04,0.000149988,0.982525126,A,4.4
1862,Ibuprofen,15687-27-1,FishRtgill,20,96,6.11E-08,1.21E-04,0.000149939,0.805781782,A,5.4
1863,Torasemide,56211-40-6,FishRtgill,20,96,1.15E-08,1.48E-04,0.000149989,0.987605921,A,4
1864,Warfarin,81-81-2,FishRtgill,20,96,1.09E-08,1.49E-04,0.000149989,0.990629362,A,4.5
1865,di-n-butylphthalate,84-74-2,FishRtgill,20,96,4.47E-07,7.75E-06,0.000149553,0.051793038,N,
1866,hexachlorophene,70-30-4,FishRtgill,20,96,1.07E-06,9.40E-08,0.000148931,6.31E-04,A,6.2
1867,hexamethylenetetramine,100-97-0,FishRtgill,20,96,9.61E-09,0.000149764,0.00014999,0.998491096,B,6.4
1868,Malathion,121-75-5,FishRtgill,20,96,1.41E-07,6.89E-05,0.000149859,0.46008068,N,
1869,pentachlorophenol,87-86-5,FishRtgill,20,96,2.28E-07,6.35E-05,0.000149772,0.423668282,A,5
1870,"2,2,2-trichloroethanol",115-20-8,FishRtgill,20,96,3.94E-08,0.0001293,0.000149961,0.862228195,N,
1871,diethylphthalate,84-66-2,FishRtgill,20,96,1.44E-07,8.87E-05,0.000149856,0.591993671,N,
1872,4-chlorophenol,106-48-9,FishRtgill,20,96,1.47E-07,7.12E-05,0.000149853,0.475343014,N,
1873,permethrin,52645-53-1,FishRtgill,20,96,9.54E-07,2.20E-08,0.000149046,0.000147354,N,
1874,Aniline,62-53-3,FishRtgill,20,96,3.09E-08,0.000136681,0.000149969,0.911395617,N,
1875,4-fluoroaniline,371-40-4,FishRtgill,20,96,3.09E-08,0.000135984,0.000149969,0.906745756,N,
1876,"2,4,6-trichlorophenol",88-06-2,FishRtgill,20,96,2.99E-07,4.65E-05,0.000149701,0.310361628,A,6.8
1877,Allyl alcohol,107-18-6,FishRtgill,20,96,1.13E-08,0.000148493,0.000149989,0.990030583,N,
1878,N-methylaniline,100-61-8,FishRtgill,20,96,6.30E-08,0.000121868,0.000149937,0.812795753,N,
1879,"3,4-dichloroaniline",95-76-1,FishRtgill,20,96,2.29E-07,4.64E-05,0.000149771,0.309790853,N,
1880,4-decylaniline,37529-30-9,FishRtgill,20,96,6.70E-07,1.56E-07,0.00014933,0.001046946,N,
1881,naphthalene,91-20-3,FishRtgill,20,96,3.34E-07,3.38E-05,0.000149666,0.225844213,N,
1882,"1,2,4-trichlorobenzene",120-82-1,FishRtgill,20,96,5.09E-07,7.23E-06,0.000149491,0.048331489,N,
1883,"1,2-dichlorobenzene",95-50-1,FishRtgill,20,96,3.76E-07,2.45E-05,0.000149624,0.163663205,N,
1884,dichloromethane,75-09-2,FishRtgill,20,96,4.29E-08,0.000131012,0.000149957,0.873663154,N,
1885,tetrachloroethylene,127-18-4,FishRtgill,20,96,3.43E-07,3.58E-05,0.000149657,0.239407977,N,
1886,"2,3-dimethyl-1,3-butadiene",513-81-5,FishRtgill,20,96,1.71E-07,8.16E-05,1.50E-04,0.544545459,N,
1887,Eugenol F,97-53-0,FishRtgill,20,96,1.22E-07,9.43E-05,0.000149878,0.629225484,N,
1888,Methyl-antranilate,134-20-3,FishRtgill,20,96,5.60E-08,0.000128328,0.000149944,0.855838679,N,
1889,Lilyfore,285977-85-7,FishRtgill,20,96,3.66E-07,3.34E-05,0.000149634,0.223345495,N,
1890,Damascone beta,23726-91-2,FishRtgill,20,96,6.46E-07,5.76E-06,0.000149354,0.038545277,N,
1891,Veloutone,14595-54-1,FishRtgill,20,96,8.76E-07,8.26E-07,0.000149124,0.005539476,N,
1892,Verdox,82356-51-2,FishRtgill,20,96,1.08997E-06,6.99319E-08,0.00014891,0.000469625,N,
1893,Nirvanol,1506-02-1,FishRtgill,20,96,9.61164E-07,3.46456E-07,0.000149039,0.002324602,N,
1894,Cetalox,3738-00-9,FishRtgill,20,96,9.01E-07,6.46E-07,0.000149099,0.00433224,N,
1895,Tonalide,21145-77-7,FishRtgill,20,96,9.61E-07,3.46E-07,0.000149039,0.002324602,N,
1896,"2,4-Dinitrophenol",51-28-5,FishRtgill,20,96,9.52E-09,0.000149856,0.00014999,0.99910627,A,4.1
1897,Aldrin,309-00-2,FishRtgill,20,96,7.48E-07,2.83E-07,0.000149252,0.001897808,N,
1898,Azinphos-methyl,86-50-0,FishRtgill,20,96,2.36E-07,6.14E-05,0.000149764,0.409954765,N,
1899,Chlorpyrifos,2921-88-2,FishRtgill,20,96,6.10E-07,7.71E-06,0.00014939,0.051583839,N,
1900,"DDD-p,p'",50-29-3,FishRtgill,20,96,7.67E-07,1.82E-08,0.000149233,1.22E-04,N,
1901,"DDT-o,p'",789-02-6,FishRtgill,20,96,6.81E-07,5.10E-08,0.000149319,3.41E-04,N,
1902,"DDT-p,p'",72-54-8,FishRtgill,20,96,7.39E-07,5.17E-08,0.000149261,0.000346547,N,
1903,Diazinon,333-41-5,FishRtgill,20,96,3.03E-07,3.56E-05,0.000149697,0.237577377,N,
1904,Dicofol,115-32-2,FishRtgill,20,96,8.19E-07,1.40E-06,0.000149181,0.009370768,N,
1905,Dieldrin,60-57-1,FishRtgill,20,96,6.78E-07,1.33E-06,0.000149322,0.008935353,N,
1906,Disulfoton,298-04-4,FishRtgill,20,96,4.26E-07,2.62E-05,0.000149574,0.175183537,N,
1907,Endosulfan I,115-29-7,FishRtgill,20,96,5.68E-07,1.55E-05,0.000149432,0.103586578,N,
1908,Endrin,72-20-8,FishRtgill,20,96,3.56E-07,1.31E-05,0.000149644,0.087231109,N,
1909,Ethion,563-12-2,FishRtgill,20,96,3.50E-07,1.08E-05,0.00014965,0.072170854,N,
1910,Heptachlor,76-44-8,FishRtgill,20,96,8.33E-07,5.07E-07,0.000149167,0.003398105,N,
1911,Heptachlor epoxide B,1024-57-3,FishRtgill,20,96,7.00E-07,8.80E-07,0.0001493,0.005894128,N,
1912,Lindane,58-89-9,FishRtgill,20,96,4.20E-07,2.93E-05,0.00014958,0.196071627,N,
1913,"Methoxychlor-o,p'",72-43-5,FishRtgill,20,96,5.42E-07,7.00E-07,0.000149458,0.004682594,N,
1914,Parathion,56-38-2,FishRtgill,20,96,3.94E-07,3.37E-05,0.000149606,0.225504635,N,
1915,Trifluralin,1582-09-8,FishRtgill,20,96,3.31E-07,3.49E-06,0.000149669,0.02332299,N,
1916,Cisapride,81098-60-4,FishRtgill,20,96,2.86E-07,4.93E-05,0.000149714,0.329212211,B,7.8
1917,Citalopram hydrobromide,59729-33-8,FishRtgill,20,96,5.13E-08,1.06E-04,0.000149949,0.705484197,N,
1918,Dofetilide,115256-11-6,FishRtgill,20,96,2.90E-08,1.37E-04,0.000149971,0.912869047,B,8.4
1919,Moxifloxacin hydrochloride,186826-86-8,FishRtgill,20,96,1.07E-08,0.00014877,0.000149989,0.991869415,A,6
1920,N-acetylpro-cainamide,32795-44-1,FishRtgill,20,96,1.01E-08,0.000149292,0.00014999,0.995346118,B,9.2
1921,Quinidine sulfate,50-54-4,FishRtgill,20,96,3.47E-08,1.34E-04,0.000149965,0.892068347,B,9.3
1922,Sematilide,101526-83-4,FishRtgill,20,96,1.01E-08,0.000149271,0.00014999,0.995208279,B,9.1
1923,Sotalol hydrochloride,959-24-0,FishRtgill,20,96,9.58E-09,0.000149787,0.00014999,0.99864702,B,9
1924,Mifepristone,84371-65-3,FishRtgill,20,96,7.87E-07,1.86E-06,0.000149213,0.012457904,N,
1925,Perfluorobutanesulfonic_acid,375-73-5,FishRtgill,20,96,9.39E-09,0.000149991,0.000149991,0.999999993,A,-2.9
1926,4_2_Fluorotelomer_sulfonic_acid,757124-72-4,FishRtgill,20,96,,,,,A,1.4
1927,Perfluorononanoic_acid,375-95-1,FishRtgill,20,96,1.79E-07,8.56E-07,0.000149821,0.005711252,A,0.1
1928,Perfluorohexanoic_acid,307-24-4,FishRtgill,20,96,1.26E-07,3.45E-05,0.000149874,0.23031378,A,0.1
1929,Perfluorobutanoic_acid,375-22-4,FishRtgill,20,96,,,,,A,0.1
1930,Perfluorooctanoic_acid,335-67-1,FishRtgill,20,96,1.50E-07,1.90E-06,0.00014985,0.012700696,A,0.1
1931,6_2_Fluorotelomer_sulfonic_acid,27619-97-2,FishRtgill,20,96,1.23E-07,1.05E-05,0.000149877,0.069983238,A,1.4
1932,8_2_Fluorotelomer_sulfonic_acid,39108-34-4,FishRtgill,20,96,1.30E-07,9.98E-07,0.00014987,0.006661934,A,1.4
1933,Perfluoroundecanoic_acid,2058-94-8,FishRtgill,20,96,1.54E-07,2.06E-07,0.000149846,0.00137379,A,0.1
1934,Perfluorooctanesulfonic_acid,1763-23-1,FishRtgill,20,96,2.51E-07,4.86E-07,0.000149749,0.00324359,A,-2.9
1935,Perfluoroheptanoic_acid,375-85-9,FishRtgill,20,96,1.37E-07,3.54E-06,0.000149863,0.023597239,A,0.1
1936,Perfluoropentanoic_acid,2706-90-3,FishRtgill,20,96,,,,,A,0.1
1937,Perfluorohexanesulfonic_acid,355-46-4,FishRtgill,20,96,1.62E-07,7.39E-07,0.000149838,0.004933071,A,-2.9
1938,Perfluorodecanoic_acid,335-76-2,FishRtgill,20,96,2.24E-07,4.43E-07,0.000149776,0.00296064,A,0.1
1939,cyclosporine A,59865-13-3,FishRtgill,20,96,1.18E-07,1.77E-05,0.000149882,0.117888037,N,
1940,chlorpromazine,50-53-3,FishRtgill,20,96,4.12E-07,2.62E-05,0.000149588,0.175161341,B,9.4
1941,PBDE 47,5436-43-1,FishRtgill,20,96,9.01E-07,4.47E-08,0.000149099,3.00E-04,N,
1942,PBDE 99,60348-60-9,FishRtgill,20,96,9.76E-07,2.02E-08,0.000149024,1.35E-04,N,
1943,PBDE 153,68631-49-2,FishRtgill,20,96,1.05E-06,8.00E-09,0.000148955,5.37E-05,N,
1944,amiodarone,1951-25-3,FishRtgill,20,96,1.01E-06,2.01E-07,0.000148991,1.35E-03,B,9
1945,Azathioprine,446-86-6,FishRtgill,20,96,9.95E-09,0.000149433,0.00014999,0.996288346,A,8.2
1946,Benzocaine,94-09-7,FishRtgill,20,96,8.41E-08,0.00010954,0.000149916,0.730677885,N,
1947,Butylated hydroxyanisole,25013-16-5,FishRtgill,20,96,4.16283E-07,2.5637E-05,0.000149584,0.171388945,N,
1948,Cetirizine dihydrochloride,83881-52-1,FishRtgill,20,96,9.46E-09,0.000149916,0.000149991,0.999501501,A,4.7
1949,Cyclamate,139-05-9,FishRtgill,20,96,9.39E-09,0.000149991,0.000149991,1,B,17.6
1950,Cyclophosphamide,6055-19-2,FishRtgill,20,96,1.70E-08,0.000144132,0.000149983,0.960988049,B,6.1
1951,Cypermethrin,67375-30-8,FishRtgill,20,96,1.11E-06,4.83E-08,0.000148885,3.24E-04,N,
1952,DEET,134-62-3,FishRtgill,20,96,6.93E-08,1.20E-04,0.000149931,0.801451163,N,
1953,Dexamethasone,50-02-2,FishRtgill,20,96,6.66E-08,0.000100586,0.000149933,0.670872591,N,
1954,Digoxin,20830-75-5,FishRtgill,20,96,1.23E-08,0.000147229,0.000149988,0.981608233,N,
1955,Fenazaquin,120928-09-8,FishRtgill,20,96,9.24E-07,5.15E-07,0.000149076,0.00345253,N,
1956,Fenbuconazole,114369-43-6,FishRtgill,20,96,3.64E-07,3.39E-05,0.000149636,0.226521303,N,
1957,Fluazinam,79622-59-6,FishRtgill,20,96,4.76E-07,5.34E-06,0.000149524,0.035704593,N,
1958,Furosemide,54-31-9,FishRtgill,20,96,9.43E-09,0.000149951,0.000149991,0.999734534,A,3
1959,Glybenclamide,10238-21-8,FishRtgill,20,96,1.66E-07,8.12E-05,0.000149834,0.542236918,A,5
1960,HC Red 3,2871-01-4,FishRtgill,20,96,1.22E-08,0.000147571,0.000149988,0.983886323,N,
1961,Hydralazine hydrochloride,304-20-1,FishRtgill,20,96,1.75E-08,0.000143799,0.000149982,0.958775398,B,6
1962,Ketoconazole,65277-42-1,FishRtgill,20,96,4.35E-07,2.31E-05,0.000149565,0.1547731,B,6.6
1963,Metformin,1115-70-4,FishRtgill,20,96,9.40E-09,0.000149978,0.000149991,0.999916077,B,9.6
1964,Metoclopramide,364-62-5,FishRtgill,20,96,2.36E-08,1.40E-04,0.000149976,0.933409624,B,9
1965,Nitrofurantoin,67-20-9,FishRtgill,20,96,9.90E-09,0.000149486,0.00014999,0.996637139,A,7.3
1966,Oxytetracycline hydrochloride,2058-46-0,FishRtgill,20,96,9.39E-09,0.000149989,0.000149991,0.999990909,A,4.5
1967,Panthenol,16485-10-2 ,FishRtgill,20,96,9.84E-09,0.000149541,0.00014999,0.997008193,N,
1968,Paracetamol,103-90-2,FishRtgill,20,96,1.84E-08,0.00014228,0.000149982,0.9486514,N,
1969,Topiramate,97240-79-4,FishRtgill,20,96,9.40E-09,0.00014998,0.000149991,0.999931513,A,9.2
1970,Trimellitic anhydride,552-30-7,FishRtgill,20,96,9.42E-09,0.000149965,0.000149991,0.999829482,A,3.3
1971,Verapamil hydrochloride,152-11-4,FishRtgill,20,96,2.17E-07,6.64E-05,0.000149783,0.443330403,B,9.2
1972,Warfarin,129-06-6,FishRtgill,20,96,1.36E-07,9.94E-06,0.000149864,0.066328664,N,
1973,Caffeine,58-08-2,Default,20,96,1.02E-07,0.000148994,0.000149898,0.993967836,N,
1974,Lamotrigine,84057-84-1,Default,20,96,1.53E-06,6.97E-05,0.000148473,0.469403911,B,6.6
1975,Diclofenac,15307-79-6,Default,20,96,2.05E-06,1.20911E-06,0.000147953,0.008172265,B,17.6
1976,"2,4-Dichlorophenoxyacetic",94-75-7,Default,20,96,8.86E-08,1.50E-04,0.000149911,0.999416579,A,2.7
1977,(S)-Naproxen,22204-53-1,Default,20,96,1.27E-07,1.47E-04,0.000149873,0.982525126,A,4.4
1978,Ibuprofen,15687-27-1,Default,20,96,6.03E-07,1.20E-04,0.000149397,0.805781782,A,5.4
1979,Torasemide,56211-40-6,Default,20,96,1.15E-07,1.48E-04,0.000149885,0.987605921,A,4
1980,Warfarin,81-81-2,Default,20,96,1.08E-07,1.48E-04,0.000149892,0.990629362,A,4.5
1981,di-n-butylphthalate,84-74-2,Default,20,96,3.40E-06,7.59E-06,0.000146597,0.051793038,N,
1982,hexachlorophene,70-30-4,Default,20,96,6.21E-06,9.07E-08,0.000143792,6.31E-04,A,6.2
1983,hexamethylenetetramine,100-97-0,Default,20,96,9.05E-08,0.000149683,0.000149909,0.998491096,B,6.4
1984,Malathion,121-75-5,Default,20,96,1.46E-06,6.83E-05,0.000148543,0.46008068,N,
1985,pentachlorophenol,87-86-5,Default,20,96,1.90E-06,6.27E-05,0.000148097,0.423668282,A,5
1986,"2,2,2-trichloroethanol",115-20-8,Default,20,96,4.23E-07,0.00012897,0.000149577,0.862228195,N,
1987,diethylphthalate,84-66-2,Default,20,96,1.29E-06,8.80E-05,0.000148715,0.591993671,N,
1988,4-chlorophenol,106-48-9,Default,20,96,1.46E-06,7.06E-05,0.000148538,0.475343014,N,
1989,permethrin,52645-53-1,Default,20,96,5.71E-06,2.13E-08,0.000144292,0.000147354,N,
1990,Aniline,62-53-3,Default,20,96,3.14E-07,0.000136424,0.000149686,0.911395617,N,
1991,4-fluoroaniline,371-40-4,Default,20,96,3.20E-07,0.000135721,0.00014968,0.906745756,N,
1992,"2,4,6-trichlorophenol",88-06-2,Default,20,96,2.38E-06,4.58E-05,0.000147618,0.310361628,A,6.8
1993,Allyl alcohol,107-18-6,Default,20,96,1.11E-07,0.000148395,0.000149889,0.990030583,N,
1994,N-methylaniline,100-61-8,Default,20,96,6.02E-07,0.00012143,0.000149398,0.812795753,N,
1995,"3,4-dichloroaniline",95-76-1,Default,20,96,2.07E-06,4.58E-05,0.000147931,0.309790853,N,
1996,4-decylaniline,37529-30-9,Default,20,96,4.47E-06,1.52E-07,0.000145535,0.001046946,N,
1997,naphthalene,91-20-3,Default,20,96,2.66E-06,3.33E-05,0.000147341,0.225844213,N,
1998,"1,2,4-trichlorobenzene",120-82-1,Default,20,96,3.69E-06,7.07E-06,0.000146314,0.048331489,N,
1999,"1,2-dichlorobenzene",95-50-1,Default,20,96,2.93E-06,2.41E-05,0.000147067,0.163663205,N,
2000,dichloromethane,75-09-2,Default,20,96,4.23E-07,0.00013068,0.000149577,0.873663154,N,
2001,tetrachloroethylene,127-18-4,Default,20,96,2.68E-06,3.53E-05,0.00014732,0.239407977,N,
2002,"2,3-dimethyl-1,3-butadiene",513-81-5,Default,20,96,1.48E-06,8.09E-05,1.49E-04,0.544545459,N,
2003,Eugenol F,97-53-0,Default,20,96,1.13E-06,9.37E-05,0.000148868,0.629225484,N,
2004,Methyl-antranilate,134-20-3,Default,20,96,5.09E-07,0.00012794,0.000149491,0.855838679,N,
2005,Lilyfore,285977-85-7,Default,20,96,2.81E-06,3.29E-05,0.000147192,0.223345495,N,
2006,Damascone beta,23726-91-2,Default,20,96,4.31E-06,5.62E-06,0.000145693,0.038545277,N,
2007,Veloutone,14595-54-1,Default,20,96,5.36E-06,8.01E-07,0.000144638,0.005539476,N,
2008,Verdox,82356-51-2,Default,20,96,6.29959E-06,6.74853E-08,0.0001437,0.000469625,N,
2009,Nirvanol,1506-02-1,Default,20,96,5.73795E-06,3.35352E-07,0.000144262,0.002324602,N,
2010,Cetalox,3738-00-9,Default,20,96,5.47E-06,6.26E-07,0.000144527,0.00433224,N,
2011,Tonalide,21145-77-7,Default,20,96,5.74E-06,3.35E-07,0.000144262,0.002324602,N,
2012,"2,4-Dinitrophenol",51-28-5,Default,20,96,8.92E-08,0.000149777,0.000149911,0.99910627,A,4.1
2013,Aldrin,309-00-2,Default,20,96,4.81E-06,2.76E-07,0.000145194,0.001897808,N,
2014,Azinphos-methyl,86-50-0,Default,20,96,1.96E-06,6.07E-05,0.000148042,0.409954765,N,
2015,Chlorpyrifos,2921-88-2,Default,20,96,4.13E-06,7.52E-06,0.000145872,0.051583839,N,
2016,"DDD-p,p'",50-29-3,Default,20,96,4.89E-06,1.77E-08,0.000145108,1.22E-04,N,
2017,"DDT-o,p'",789-02-6,Default,20,96,4.51E-06,4.97E-08,0.000145487,3.41E-04,N,
2018,"DDT-p,p'",72-54-8,Default,20,96,4.77E-06,5.03E-08,0.00014523,0.000346547,N,
2019,Diazinon,333-41-5,Default,20,96,2.50E-06,3.50E-05,0.000147495,0.237577377,N,
2020,Dicofol,115-32-2,Default,20,96,5.11E-06,1.36E-06,0.000144892,0.009370768,N,
2021,Dieldrin,60-57-1,Default,20,96,4.49E-06,1.30E-06,0.000145513,0.008935353,N,
2022,Disulfoton,298-04-4,Default,20,96,3.14E-06,2.57E-05,0.000146858,0.175183537,N,
2023,Endosulfan I,115-29-7,Default,20,96,3.87E-06,1.51E-05,0.000146129,0.103586578,N,
2024,Endrin,72-20-8,Default,20,96,2.95E-06,1.28E-05,0.00014705,0.087231109,N,
2025,Ethion,563-12-2,Default,20,96,2.94E-06,1.06E-05,0.000147057,0.072170854,N,
2026,Heptachlor,76-44-8,Default,20,96,5.18E-06,4.92E-07,0.000144824,0.003398105,N,
2027,Heptachlor epoxide B,1024-57-3,Default,20,96,4.59E-06,8.57E-07,0.000145411,0.005894128,N,
2028,Lindane,58-89-9,Default,20,96,3.09E-06,2.88E-05,0.000146913,0.196071627,N,
2029,"Methoxychlor-o,p'",72-43-5,Default,20,96,3.89E-06,6.84E-07,0.000146109,0.004682594,N,
2030,Parathion,56-38-2,Default,20,96,2.93E-06,3.32E-05,0.000147073,0.225504635,N,
2031,Trifluralin,1582-09-8,Default,20,96,2.92E-06,3.43E-06,0.000147076,0.02332299,N,
2032,Cisapride,81098-60-4,Default,20,96,2.30E-06,4.86E-05,0.000147702,0.329212211,B,7.8
2033,Citalopram hydrobromide,59729-33-8,Default,20,96,7.00E-07,1.05E-04,0.0001493,0.705484197,N,
2034,Dofetilide,115256-11-6,Default,20,96,3.02E-07,1.37E-04,0.000149698,0.912869047,B,8.4
2035,Moxifloxacin hydrochloride,186826-86-8,Default,20,96,1.05E-07,0.000148676,0.000149895,0.991869415,A,6
2036,N-acetylpro-cainamide,32795-44-1,Default,20,96,9.74E-08,0.000149205,0.000149903,0.995346118,B,9.2
2037,Quinidine sulfate,50-54-4,Default,20,96,3.58E-07,1.33E-04,0.000149642,0.892068347,B,9.3
2038,Sematilide,101526-83-4,Default,20,96,9.77E-08,0.000149184,0.000149902,0.995208279,B,9.1
2039,Sotalol hydrochloride,959-24-0,Default,20,96,9.02E-08,0.000149707,0.00014991,0.99864702,B,9
2040,Mifepristone,84371-65-3,Default,20,96,4.96E-06,1.81E-06,0.000145038,0.012457904,N,
2041,Perfluorobutanesulfonic_acid,375-73-5,Default,20,96,8.74E-08,0.000149913,0.000149913,0.999999993,A,-2.9
2042,4_2_Fluorotelomer_sulfonic_acid,757124-72-4,Default,20,96,,,,,A,1.4
2043,Perfluorononanoic_acid,375-95-1,Default,20,96,2.26E-06,8.44E-07,0.000147737,0.005711252,A,0.1
2044,Perfluorohexanoic_acid,307-24-4,Default,20,96,1.71E-06,3.42E-05,0.000148289,0.23031378,A,0.1
2045,Perfluorobutanoic_acid,375-22-4,Default,20,96,,,,,A,0.1
2046,Perfluorooctanoic_acid,335-67-1,Default,20,96,2.12E-06,1.88E-06,0.000147879,0.012700696,A,0.1
2047,6_2_Fluorotelomer_sulfonic_acid,27619-97-2,Default,20,96,1.92E-06,1.04E-05,0.000148081,0.069983238,A,1.4
2048,8_2_Fluorotelomer_sulfonic_acid,39108-34-4,Default,20,96,2.04E-06,9.86E-07,0.000147958,0.006661934,A,1.4
2049,Perfluoroundecanoic_acid,2058-94-8,Default,20,96,2.15E-06,2.03E-07,0.000147845,0.00137379,A,0.1
2050,Perfluorooctanesulfonic_acid,1763-23-1,Default,20,96,2.59E-06,4.78E-07,0.00014741,0.00324359,A,-2.9
2051,Perfluoroheptanoic_acid,375-85-9,Default,20,96,2.05E-06,3.49E-06,0.00014795,0.023597239,A,0.1
2052,Perfluoropentanoic_acid,2706-90-3,Default,20,96,,,,,A,0.1
2053,Perfluorohexanesulfonic_acid,355-46-4,Default,20,96,2.19E-06,7.29E-07,0.000147811,0.004933071,A,-2.9
2054,Perfluorodecanoic_acid,335-76-2,Default,20,96,2.47E-06,4.37E-07,0.00014753,0.00296064,A,0.1
2055,cyclosporine A,59865-13-3,Default,20,96,1.83E-06,1.75E-05,0.000148168,0.117888037,N,
2056,chlorpromazine,50-53-3,Default,20,96,3.08E-06,2.57E-05,0.00014692,0.175161341,B,9.4
2057,PBDE 47,5436-43-1,Default,20,96,5.48E-06,4.33E-08,0.000144523,3.00E-04,N,
2058,PBDE 99,60348-60-9,Default,20,96,5.80E-06,1.95E-08,0.000144195,1.35E-04,N,
2059,PBDE 153,68631-49-2,Default,20,96,6.11E-06,7.73E-09,0.000143894,5.37E-05,N,
2060,amiodarone,1951-25-3,Default,20,96,5.95E-06,1.94E-07,0.000144051,1.35E-03,B,9
2061,Azathioprine,446-86-6,Default,20,96,9.53E-08,0.000149348,0.000149905,0.996288346,A,8.2
2062,Benzocaine,94-09-7,Default,20,96,8.15E-07,0.000109006,0.000149185,0.730677885,N,
2063,Butylated hydroxyanisole,25013-16-5,Default,20,96,3.10298E-06,2.51765E-05,0.000146897,0.171388945,N,
2064,Cetirizine dihydrochloride,83881-52-1,Default,20,96,8.84E-08,0.000149837,0.000149912,0.999501501,A,4.7
2065,Cyclamate,139-05-9,Default,20,96,8.74E-08,0.000149913,0.000149913,1,B,17.6
2066,Cyclophosphamide,6055-19-2,Default,20,96,1.79E-07,0.000143977,0.000149821,0.960988049,B,6.1
2067,Cypermethrin,67375-30-8,Default,20,96,6.41E-06,4.66E-08,0.000143593,3.24E-04,N,
2068,DEET,134-62-3,Default,20,96,6.47E-07,1.20E-04,0.000149353,0.801451163,N,
2069,Dexamethasone,50-02-2,Default,20,96,8.19E-07,0.000100081,0.000149181,0.670872591,N,
2070,Digoxin,20830-75-5,Default,20,96,1.27E-07,0.000147117,0.000149873,0.981608233,N,
2071,Fenazaquin,120928-09-8,Default,20,96,5.57E-06,4.99E-07,0.000144427,0.00345253,N,
2072,Fenbuconazole,114369-43-6,Default,20,96,2.79E-06,3.33E-05,0.000147209,0.226521303,N,
2073,Fluazinam,79622-59-6,Default,20,96,3.56E-06,5.23E-06,0.000146444,0.035704593,N,
2074,Furosemide,54-31-9,Default,20,96,8.79E-08,0.000149872,0.000149912,0.999734534,A,3
2075,Glybenclamide,10238-21-8,Default,20,96,1.46E-06,8.05E-05,0.000148542,0.542236918,A,5
2076,HC Red 3,2871-01-4,Default,20,96,1.23E-07,0.000147462,0.000149877,0.983886323,N,
2077,Hydralazine hydrochloride,304-20-1,Default,20,96,1.84E-07,0.00014364,0.000149816,0.958775398,B,6
2078,Ketoconazole,65277-42-1,Default,20,96,3.21E-06,2.27E-05,0.000146793,0.1547731,B,6.6
2079,Metformin,1115-70-4,Default,20,96,8.76E-08,0.0001499,0.000149912,0.999916077,B,9.6
2080,Metoclopramide,364-62-5,Default,20,96,2.49E-07,1.40E-04,0.000149751,0.933409624,B,9
2081,Nitrofurantoin,67-20-9,Default,20,96,9.45E-08,0.000149401,0.000149905,0.996637139,A,7.3
2082,Oxytetracycline hydrochloride,2058-46-0,Default,20,96,8.74E-08,0.000149911,0.000149913,0.999990909,A,4.5
2083,Panthenol,16485-10-2 ,Default,20,96,9.37E-08,0.000149458,0.000149906,0.997008193,N,
2084,Paracetamol,103-90-2,Default,20,96,2.02E-07,0.000142106,0.000149798,0.9486514,N,
2085,Topiramate,97240-79-4,Default,20,96,8.75E-08,0.000149902,0.000149912,0.999931513,A,9.2
2086,Trimellitic anhydride,552-30-7,Default,20,96,8.77E-08,0.000149887,0.000149912,0.999829482,A,3.3
2087,Verapamil hydrochloride,152-11-4,Default,20,96,1.83E-06,6.57E-05,0.000148174,0.443330403,B,9.2
2088,Warfarin,129-06-6,Default,20,96,1.99E-06,9.82E-06,0.000148014,0.066328664,N,
2089,Caffeine,58-08-2,MCF7,20,96,2.00E-07,0.000148896,0.0001498,0.993967836,N,
2090,Lamotrigine,84057-84-1,MCF7,20,96,3.71E-07,7.02E-05,0.000149629,0.469403911,B,6.6
2091,Diclofenac,15307-79-6,MCF7,20,96,2.17E-07,1.22407E-06,0.000149783,0.008172265,B,17.6
2092,"2,4-Dichlorophenoxyacetic",94-75-7,MCF7,20,96,1.99E-07,1.50E-04,0.000149801,0.999416579,A,2.7
2093,(S)-Naproxen,22204-53-1,MCF7,20,96,2.01E-07,1.47E-04,0.000149799,0.982525126,A,4.4
2094,Ibuprofen,15687-27-1,MCF7,20,96,2.56E-07,1.21E-04,0.000149744,0.805781782,A,5.4
2095,Torasemide,56211-40-6,MCF7,20,96,2.00E-07,1.48E-04,0.0001498,0.987605921,A,4
2096,Warfarin,81-81-2,MCF7,20,96,2.00E-07,1.48E-04,0.0001498,0.990629362,A,4.5
2097,di-n-butylphthalate,84-74-2,MCF7,20,96,8.34E-07,7.73E-06,0.000149166,0.051793038,N,
2098,hexachlorophene,70-30-4,MCF7,20,96,2.01E-06,9.34E-08,0.000147985,6.31E-04,A,6.2
2099,hexamethylenetetramine,100-97-0,MCF7,20,96,1.99E-07,0.000149575,0.000149801,0.998491096,B,6.4
2100,Malathion,121-75-5,MCF7,20,96,3.34E-07,6.89E-05,0.000149666,0.46008068,N,
2101,pentachlorophenol,87-86-5,MCF7,20,96,4.93E-07,6.33E-05,0.000149507,0.423668282,A,5
2102,"2,2,2-trichloroethanol",115-20-8,MCF7,20,96,2.26E-07,0.000129139,0.000149774,0.862228195,N,
2103,diethylphthalate,84-66-2,MCF7,20,96,3.68E-07,8.86E-05,0.000149632,0.591993671,N,
2104,4-chlorophenol,106-48-9,MCF7,20,96,3.48E-07,7.11E-05,0.000149652,0.475343014,N,
2105,permethrin,52645-53-1,MCF7,20,96,1.79E-06,2.18E-08,0.000148206,0.000147354,N,
2106,Aniline,62-53-3,MCF7,20,96,2.21E-07,0.000136508,0.000149779,0.911395617,N,
2107,4-fluoroaniline,371-40-4,MCF7,20,96,2.20E-07,0.000135813,0.00014978,0.906745756,N,
2108,"2,4,6-trichlorophenol",88-06-2,MCF7,20,96,6.05E-07,4.64E-05,0.000149395,0.310361628,A,6.8
2109,Allyl alcohol,107-18-6,MCF7,20,96,2.00E-07,0.000148306,0.0001498,0.990030583,N,
2110,N-methylaniline,100-61-8,MCF7,20,96,2.61E-07,0.000121707,0.000149739,0.812795753,N,
2111,"3,4-dichloroaniline",95-76-1,MCF7,20,96,4.71E-07,4.63E-05,0.000149529,0.309790853,N,
2112,4-decylaniline,37529-30-9,MCF7,20,96,1.25E-06,1.56E-07,0.000148748,0.001046946,N,
2113,naphthalene,91-20-3,MCF7,20,96,6.55E-07,3.37E-05,0.000149345,0.225844213,N,
2114,"1,2,4-trichlorobenzene",120-82-1,MCF7,20,96,9.53E-07,7.20E-06,0.000149047,0.048331489,N,
2115,"1,2-dichlorobenzene",95-50-1,MCF7,20,96,7.22E-07,2.44E-05,0.000149278,0.163663205,N,
2116,dichloromethane,75-09-2,MCF7,20,96,2.36E-07,0.000130844,0.000149764,0.873663154,N,
2117,tetrachloroethylene,127-18-4,MCF7,20,96,6.75E-07,3.57E-05,0.000149325,0.239407977,N,
2118,"2,3-dimethyl-1,3-butadiene",513-81-5,MCF7,20,96,4.10E-07,8.15E-05,1.50E-04,0.544545459,N,
2119,Eugenol F,97-53-0,MCF7,20,96,3.34E-07,9.42E-05,0.000149666,0.629225484,N,
2120,Methyl-antranilate,134-20-3,MCF7,20,96,2.57E-07,0.000128156,0.000149743,0.855838679,N,
2121,Lilyfore,285977-85-7,MCF7,20,96,7.16E-07,3.33E-05,0.000149284,0.223345495,N,
2122,Damascone beta,23726-91-2,MCF7,20,96,1.21E-06,5.74E-06,0.000148786,0.038545277,N,
2123,Veloutone,14595-54-1,MCF7,20,96,1.65E-06,8.22E-07,0.000148353,0.005539476,N,
2124,Verdox,82356-51-2,MCF7,20,96,2.05476E-06,6.94788E-08,0.000147945,0.000469625,N,
2125,Nirvanol,1506-02-1,MCF7,20,96,1.80915E-06,3.44485E-07,0.000148191,0.002324602,N,
2126,Cetalox,3738-00-9,MCF7,20,96,1.69E-06,6.42E-07,0.000148305,0.00433224,N,
2127,Tonalide,21145-77-7,MCF7,20,96,1.81E-06,3.44E-07,0.000148191,0.002324602,N,
2128,"2,4-Dinitrophenol",51-28-5,MCF7,20,96,1.99E-07,0.000149667,0.000149801,0.99910627,A,4.1
2129,Aldrin,309-00-2,MCF7,20,96,1.40E-06,2.82E-07,0.000148599,0.001897808,N,
2130,Azinphos-methyl,86-50-0,MCF7,20,96,5.05E-07,6.13E-05,0.000149495,0.409954765,N,
2131,Chlorpyrifos,2921-88-2,MCF7,20,96,1.15E-06,7.68E-06,0.000148853,0.051583839,N,
2132,"DDD-p,p'",50-29-3,MCF7,20,96,1.44E-06,1.81E-08,0.000148563,1.22E-04,N,
2133,"DDT-o,p'",789-02-6,MCF7,20,96,1.27E-06,5.08E-08,0.000148727,3.41E-04,N,
2134,"DDT-p,p'",72-54-8,MCF7,20,96,1.38E-06,5.15E-08,0.000148616,0.000346547,N,
2135,Diazinon,333-41-5,MCF7,20,96,5.98E-07,3.55E-05,0.000149402,0.237577377,N,
2136,Dicofol,115-32-2,MCF7,20,96,1.54E-06,1.39E-06,0.000148461,0.009370768,N,
2137,Dieldrin,60-57-1,MCF7,20,96,1.27E-06,1.33E-06,0.000148732,0.008935353,N,
2138,Disulfoton,298-04-4,MCF7,20,96,8.21E-07,2.61E-05,0.000149179,0.175183537,N,
2139,Endosulfan I,115-29-7,MCF7,20,96,1.08E-06,1.54E-05,0.000148923,0.103586578,N,
2140,Endrin,72-20-8,MCF7,20,96,6.68E-07,1.30E-05,0.000149332,0.087231109,N,
2141,Ethion,563-12-2,MCF7,20,96,6.52E-07,1.08E-05,0.000149348,0.072170854,N,
2142,Heptachlor,76-44-8,MCF7,20,96,1.56E-06,5.04E-07,0.000148436,0.003398105,N,
2143,Heptachlor epoxide B,1024-57-3,MCF7,20,96,1.31E-06,8.76E-07,0.00014869,0.005894128,N,
2144,Lindane,58-89-9,MCF7,20,96,8.14E-07,2.93E-05,0.000149186,0.196071627,N,
2145,"Methoxychlor-o,p'",72-43-5,MCF7,20,96,1.01E-06,6.98E-07,0.000148994,0.004682594,N,
2146,Parathion,56-38-2,MCF7,20,96,7.69E-07,3.37E-05,0.000149231,0.225504635,N,
2147,Trifluralin,1582-09-8,MCF7,20,96,6.05E-07,3.48E-06,0.000149395,0.02332299,N,
2148,Cisapride,81098-60-4,MCF7,20,96,5.84E-07,4.92E-05,0.000149416,0.329212211,B,7.8
2149,Citalopram hydrobromide,59729-33-8,MCF7,20,96,2.15E-07,1.06E-04,0.000149785,0.705484197,N,
2150,Dofetilide,115256-11-6,MCF7,20,96,2.17E-07,1.37E-04,0.000149783,0.912869047,B,8.4
2151,Moxifloxacin hydrochloride,186826-86-8,MCF7,20,96,1.99E-07,0.000148583,0.000149801,0.991869415,A,6
2152,N-acetylpro-cainamide,32795-44-1,MCF7,20,96,1.99E-07,0.000149104,0.000149801,0.995346118,B,9.2
2153,Quinidine sulfate,50-54-4,MCF7,20,96,2.24E-07,1.34E-04,0.000149776,0.892068347,B,9.3
2154,Sematilide,101526-83-4,MCF7,20,96,1.99E-07,0.000149083,0.000149801,0.995208279,B,9.1
2155,Sotalol hydrochloride,959-24-0,MCF7,20,96,1.99E-07,0.000149599,0.000149801,0.99864702,B,9
2156,Mifepristone,84371-65-3,MCF7,20,96,1.48E-06,1.85E-06,0.000148523,0.012457904,N,
2157,Perfluorobutanesulfonic_acid,375-73-5,MCF7,20,96,1.99E-07,0.000149801,0.000149801,0.999999993,A,-2.9
2158,4_2_Fluorotelomer_sulfonic_acid,757124-72-4,MCF7,20,96,,,,,A,1.4
2159,Perfluorononanoic_acid,375-95-1,MCF7,20,96,3.07E-07,8.55E-07,0.000149693,0.005711252,A,0.1
2160,Perfluorohexanoic_acid,307-24-4,MCF7,20,96,2.55E-07,3.45E-05,0.000149745,0.23031378,A,0.1
2161,Perfluorobutanoic_acid,375-22-4,MCF7,20,96,,,,,A,0.1
2162,Perfluorooctanoic_acid,335-67-1,MCF7,20,96,2.52E-07,1.90E-06,0.000149748,0.012700696,A,0.1
2163,6_2_Fluorotelomer_sulfonic_acid,27619-97-2,MCF7,20,96,2.13E-07,1.05E-05,0.000149787,0.069983238,A,1.4
2164,8_2_Fluorotelomer_sulfonic_acid,39108-34-4,MCF7,20,96,2.14E-07,9.98E-07,0.000149786,0.006661934,A,1.4
2165,Perfluoroundecanoic_acid,2058-94-8,MCF7,20,96,2.58E-07,2.06E-07,0.000149742,0.00137379,A,0.1
2166,Perfluorooctanesulfonic_acid,1763-23-1,MCF7,20,96,4.45E-07,4.85E-07,0.000149555,0.00324359,A,-2.9
2167,Perfluoroheptanoic_acid,375-85-9,MCF7,20,96,2.31E-07,3.53E-06,0.000149769,0.023597239,A,0.1
2168,Perfluoropentanoic_acid,2706-90-3,MCF7,20,96,,,,,A,0.1
2169,Perfluorohexanesulfonic_acid,355-46-4,MCF7,20,96,2.75E-07,7.39E-07,0.000149725,0.004933071,A,-2.9
2170,Perfluorodecanoic_acid,335-76-2,MCF7,20,96,3.94E-07,4.43E-07,0.000149606,0.00296064,A,0.1
2171,cyclosporine A,59865-13-3,MCF7,20,96,2.15E-07,1.77E-05,0.000149785,0.117888037,N,
2172,chlorpromazine,50-53-3,MCF7,20,96,7.94E-07,2.61E-05,0.000149206,0.175161341,B,9.4
2173,PBDE 47,5436-43-1,MCF7,20,96,1.69E-06,4.45E-08,0.000148307,3.00E-04,N,
2174,PBDE 99,60348-60-9,MCF7,20,96,1.84E-06,2.00E-08,0.000148163,1.35E-04,N,
2175,PBDE 153,68631-49-2,MCF7,20,96,1.97E-06,7.95E-09,0.000148031,5.37E-05,N,
2176,amiodarone,1951-25-3,MCF7,20,96,1.90E-06,1.99E-07,0.000148099,1.35E-03,B,9
2177,Azathioprine,446-86-6,MCF7,20,96,1.99E-07,0.000149245,0.000149801,0.996288346,A,8.2
2178,Benzocaine,94-09-7,MCF7,20,96,2.84E-07,0.000109395,0.000149716,0.730677885,N,
2179,Butylated hydroxyanisole,25013-16-5,MCF7,20,96,8.00975E-07,2.55711E-05,0.000149199,0.171388945,N,
2180,Cetirizine dihydrochloride,83881-52-1,MCF7,20,96,1.99E-07,0.000149727,0.000149801,0.999501501,A,4.7
2181,Cyclamate,139-05-9,MCF7,20,96,1.99E-07,0.000149801,0.000149801,1,B,17.6
2182,Cyclophosphamide,6055-19-2,MCF7,20,96,2.05E-07,0.000143951,0.000149795,0.960988049,B,6.1
2183,Cypermethrin,67375-30-8,MCF7,20,96,2.10E-06,4.80E-08,0.000147898,3.24E-04,N,
2184,DEET,134-62-3,MCF7,20,96,2.71E-07,1.20E-04,0.000149729,0.801451163,N,
2185,Dexamethasone,50-02-2,MCF7,20,96,2.37E-07,0.000100472,0.000149763,0.670872591,N,
2186,Digoxin,20830-75-5,MCF7,20,96,2.00E-07,0.000147045,0.0001498,0.981608233,N,
2187,Fenazaquin,120928-09-8,MCF7,20,96,1.74E-06,5.12E-07,0.000148262,0.00345253,N,
2188,Fenbuconazole,114369-43-6,MCF7,20,96,7.12E-07,3.38E-05,0.000149288,0.226521303,N,
2189,Fluazinam,79622-59-6,MCF7,20,96,8.86E-07,5.32E-06,0.000149114,0.035704593,N,
2190,Furosemide,54-31-9,MCF7,20,96,1.99E-07,0.000149761,0.000149801,0.999734534,A,3
2191,Glybenclamide,10238-21-8,MCF7,20,96,4.01E-07,8.11E-05,0.000149599,0.542236918,A,5
2192,HC Red 3,2871-01-4,MCF7,20,96,2.01E-07,0.000147386,0.000149799,0.983886323,N,
2193,Hydralazine hydrochloride,304-20-1,MCF7,20,96,2.05E-07,0.000143619,0.000149795,0.958775398,B,6
2194,Ketoconazole,65277-42-1,MCF7,20,96,8.32E-07,2.31E-05,0.000149168,0.1547731,B,6.6
2195,Metformin,1115-70-4,MCF7,20,96,1.99E-07,0.000149789,0.000149801,0.999916077,B,9.6
2196,Metoclopramide,364-62-5,MCF7,20,96,2.12E-07,1.40E-04,0.000149788,0.933409624,B,9
2197,Nitrofurantoin,67-20-9,MCF7,20,96,1.99E-07,0.000149297,0.000149801,0.996637139,A,7.3
2198,Oxytetracycline hydrochloride,2058-46-0,MCF7,20,96,1.99E-07,0.0001498,0.000149801,0.999990909,A,4.5
2199,Panthenol,16485-10-2 ,MCF7,20,96,1.99E-07,0.000149353,0.000149801,0.997008193,N,
2200,Paracetamol,103-90-2,MCF7,20,96,2.05E-07,0.000142103,0.000149795,0.9486514,N,
2201,Topiramate,97240-79-4,MCF7,20,96,1.99E-07,0.000149791,0.000149801,0.999931513,A,9.2
2202,Trimellitic anhydride,552-30-7,MCF7,20,96,1.99E-07,0.000149776,0.000149801,0.999829482,A,3.3
2203,Verapamil hydrochloride,152-11-4,MCF7,20,96,4.76E-07,6.63E-05,0.000149524,0.443330403,B,9.2
2204,Warfarin,129-06-6,MCF7,20,96,2.39E-07,9.93E-06,0.000149761,0.066328664,N,
2205,Caffeine,58-08-2,HCT116,20,96,5.32E-08,0.000149042,0.000149947,0.993967836,N,
2206,Lamotrigine,84057-84-1,HCT116,20,96,8.30E-07,7.00E-05,0.00014917,0.469403911,B,6.6
2207,Diclofenac,15307-79-6,HCT116,20,96,1.23E-06,1.2158E-06,0.000148771,0.008172265,B,17.6
2208,"2,4-Dichlorophenoxyacetic",94-75-7,HCT116,20,96,4.56E-08,1.50E-04,0.000149954,0.999416579,A,2.7
2209,(S)-Naproxen,22204-53-1,HCT116,20,96,6.76E-08,1.47E-04,0.000149932,0.982525126,A,4.4
2210,Ibuprofen,15687-27-1,HCT116,20,96,3.28E-07,1.21E-04,0.000149672,0.805781782,A,5.4
2211,Torasemide,56211-40-6,HCT116,20,96,6.08E-08,1.48E-04,0.000149939,0.987605921,A,4
2212,Warfarin,81-81-2,HCT116,20,96,5.69E-08,1.49E-04,0.000149943,0.990629362,A,4.5
2213,di-n-butylphthalate,84-74-2,HCT116,20,96,1.74E-06,7.68E-06,0.00014826,0.051793038,N,
2214,hexachlorophene,70-30-4,HCT116,20,96,2.88E-06,9.28E-08,0.000147125,6.31E-04,A,6.2
2215,hexamethylenetetramine,100-97-0,HCT116,20,96,4.68E-08,0.000149727,0.000149953,0.998491096,B,6.4
2216,Malathion,121-75-5,HCT116,20,96,8.06E-07,6.86E-05,0.000149194,0.46008068,N,
2217,pentachlorophenol,87-86-5,HCT116,20,96,9.95E-07,6.31E-05,0.000149005,0.423668282,A,5
2218,"2,2,2-trichloroethanol",115-20-8,HCT116,20,96,2.34E-07,0.000129133,0.000149766,0.862228195,N,
2219,diethylphthalate,84-66-2,HCT116,20,96,6.83E-07,8.84E-05,0.000149317,0.591993671,N,
2220,4-chlorophenol,106-48-9,HCT116,20,96,8.02E-07,7.09E-05,0.000149198,0.475343014,N,
2221,permethrin,52645-53-1,HCT116,20,96,2.67E-06,2.17E-08,0.000147325,0.000147354,N,
2222,Aniline,62-53-3,HCT116,20,96,1.70E-07,0.000136554,0.00014983,0.911395617,N,
2223,4-fluoroaniline,371-40-4,HCT116,20,96,1.75E-07,0.000135853,0.000149825,0.906745756,N,
2224,"2,4,6-trichlorophenol",88-06-2,HCT116,20,96,1.23E-06,4.62E-05,0.00014877,0.310361628,A,6.8
2225,Allyl alcohol,107-18-6,HCT116,20,96,5.82E-08,0.000148447,0.000149942,0.990030583,N,
2226,N-methylaniline,100-61-8,HCT116,20,96,3.24E-07,0.000121656,0.000149676,0.812795753,N,
2227,"3,4-dichloroaniline",95-76-1,HCT116,20,96,1.11E-06,4.61E-05,0.000148892,0.309790853,N,
2228,4-decylaniline,37529-30-9,HCT116,20,96,2.18E-06,1.55E-07,0.00014782,0.001046946,N,
2229,naphthalene,91-20-3,HCT116,20,96,1.37E-06,3.36E-05,0.000148626,0.225844213,N,
2230,"1,2,4-trichlorobenzene",120-82-1,HCT116,20,96,1.85E-06,7.16E-06,0.000148148,0.048331489,N,
2231,"1,2-dichlorobenzene",95-50-1,HCT116,20,96,1.51E-06,2.43E-05,0.000148492,0.163663205,N,
2232,dichloromethane,75-09-2,HCT116,20,96,2.29E-07,0.00013085,0.000149771,0.873663154,N,
2233,tetrachloroethylene,127-18-4,HCT116,20,96,1.38E-06,3.56E-05,0.000148623,0.239407977,N,
2234,"2,3-dimethyl-1,3-butadiene",513-81-5,HCT116,20,96,7.77E-07,8.13E-05,1.49E-04,0.544545459,N,
2235,Eugenol F,97-53-0,HCT116,20,96,6.08E-07,9.40E-05,0.000149392,0.629225484,N,
2236,Methyl-antranilate,134-20-3,HCT116,20,96,2.69E-07,0.000128145,0.000149731,0.855838679,N,
2237,Lilyfore,285977-85-7,HCT116,20,96,1.43E-06,3.32E-05,0.000148567,0.223345495,N,
2238,Damascone beta,23726-91-2,HCT116,20,96,2.10E-06,5.70E-06,0.000147899,0.038545277,N,
2239,Veloutone,14595-54-1,HCT116,20,96,2.53E-06,8.17E-07,0.000147466,0.005539476,N,
2240,Verdox,82356-51-2,HCT116,20,96,2.91182E-06,6.90763E-08,0.000147088,0.000469625,N,
2241,Nirvanol,1506-02-1,HCT116,20,96,2.68578E-06,3.42447E-07,0.000147314,0.002324602,N,
2242,Cetalox,3738-00-9,HCT116,20,96,2.58E-06,6.39E-07,0.000147421,0.00433224,N,
2243,Tonalide,21145-77-7,HCT116,20,96,2.69E-06,3.42E-07,0.000147314,0.002324602,N,
2244,"2,4-Dinitrophenol",51-28-5,HCT116,20,96,4.60E-08,0.00014982,0.000149954,0.99910627,A,4.1
2245,Aldrin,309-00-2,HCT116,20,96,2.31E-06,2.80E-07,0.000147686,0.001897808,N,
2246,Azinphos-methyl,86-50-0,HCT116,20,96,1.02E-06,6.11E-05,0.000148978,0.409954765,N,
2247,Chlorpyrifos,2921-88-2,HCT116,20,96,2.03E-06,7.63E-06,0.000147975,0.051583839,N,
2248,"DDD-p,p'",50-29-3,HCT116,20,96,2.35E-06,1.80E-08,0.000147651,1.22E-04,N,
2249,"DDT-o,p'",789-02-6,HCT116,20,96,2.20E-06,5.04E-08,0.000147801,3.41E-04,N,
2250,"DDT-p,p'",72-54-8,HCT116,20,96,2.30E-06,5.12E-08,0.000147699,0.000346547,N,
2251,Diazinon,333-41-5,HCT116,20,96,1.31E-06,3.53E-05,0.000148691,0.237577377,N,
2252,Dicofol,115-32-2,HCT116,20,96,2.43E-06,1.38E-06,0.000147569,0.009370768,N,
2253,Dieldrin,60-57-1,HCT116,20,96,2.19E-06,1.32E-06,0.000147815,0.008935353,N,
2254,Disulfoton,298-04-4,HCT116,20,96,1.58E-06,2.60E-05,0.000148415,0.175183537,N,
2255,Endosulfan I,115-29-7,HCT116,20,96,1.90E-06,1.53E-05,0.000148098,0.103586578,N,
2256,Endrin,72-20-8,HCT116,20,96,1.55E-06,1.29E-05,0.000148453,0.087231109,N,
2257,Ethion,563-12-2,HCT116,20,96,1.55E-06,1.07E-05,0.000148449,0.072170854,N,
2258,Heptachlor,76-44-8,HCT116,20,96,2.46E-06,5.01E-07,0.000147539,0.003398105,N,
2259,Heptachlor epoxide B,1024-57-3,HCT116,20,96,2.23E-06,8.71E-07,0.000147773,0.005894128,N,
2260,Lindane,58-89-9,HCT116,20,96,1.55E-06,2.91E-05,0.000148446,0.196071627,N,
2261,"Methoxychlor-o,p'",72-43-5,HCT116,20,96,1.95E-06,6.93E-07,0.000148049,0.004682594,N,
2262,Parathion,56-38-2,HCT116,20,96,1.48E-06,3.35E-05,0.000148521,0.225504635,N,
2263,Trifluralin,1582-09-8,HCT116,20,96,1.56E-06,3.46E-06,0.000148436,0.02332299,N,
2264,Cisapride,81098-60-4,HCT116,20,96,1.19E-06,4.90E-05,0.000148811,0.329212211,B,7.8
2265,Citalopram hydrobromide,59729-33-8,HCT116,20,96,4.08E-07,1.06E-04,0.000149592,0.705484197,N,
2266,Dofetilide,115256-11-6,HCT116,20,96,1.65E-07,1.37E-04,0.000149835,0.912869047,B,8.4
2267,Moxifloxacin hydrochloride,186826-86-8,HCT116,20,96,5.52E-08,0.000148726,0.000149945,0.991869415,A,6
2268,N-acetylpro-cainamide,32795-44-1,HCT116,20,96,5.08E-08,0.000149251,0.000149949,0.995346118,B,9.2
2269,Quinidine sulfate,50-54-4,HCT116,20,96,1.96E-07,1.34E-04,0.000149804,0.892068347,B,9.3
2270,Sematilide,101526-83-4,HCT116,20,96,5.09E-08,0.000149231,0.000149949,0.995208279,B,9.1
2271,Sotalol hydrochloride,959-24-0,HCT116,20,96,4.66E-08,0.000149751,0.000149953,0.99864702,B,9
2272,Mifepristone,84371-65-3,HCT116,20,96,2.37E-06,1.84E-06,0.000147628,0.012457904,N,
2273,Perfluorobutanesulfonic_acid,375-73-5,HCT116,20,96,4.49E-08,0.000149955,0.000149955,0.999999993,A,-2.9
2274,4_2_Fluorotelomer_sulfonic_acid,757124-72-4,HCT116,20,96,,,,,A,1.4
2275,Perfluorononanoic_acid,375-95-1,HCT116,20,96,1.31E-06,8.49E-07,0.000148686,0.005711252,A,0.1
2276,Perfluorohexanoic_acid,307-24-4,HCT116,20,96,1.00E-06,3.43E-05,0.000148997,0.23031378,A,0.1
2277,Perfluorobutanoic_acid,375-22-4,HCT116,20,96,,,,,A,0.1
2278,Perfluorooctanoic_acid,335-67-1,HCT116,20,96,1.26E-06,1.89E-06,0.000148744,0.012700696,A,0.1
2279,6_2_Fluorotelomer_sulfonic_acid,27619-97-2,HCT116,20,96,1.15E-06,1.04E-05,0.000148847,0.069983238,A,1.4
2280,8_2_Fluorotelomer_sulfonic_acid,39108-34-4,HCT116,20,96,1.23E-06,9.91E-07,0.000148772,0.006661934,A,1.4
2281,Perfluoroundecanoic_acid,2058-94-8,HCT116,20,96,1.27E-06,2.04E-07,0.000148726,0.00137379,A,0.1
2282,Perfluorooctanesulfonic_acid,1763-23-1,HCT116,20,96,1.44E-06,4.82E-07,0.000148558,0.00324359,A,-2.9
2283,Perfluoroheptanoic_acid,375-85-9,HCT116,20,96,1.22E-06,3.51E-06,0.000148776,0.023597239,A,0.1
2284,Perfluoropentanoic_acid,2706-90-3,HCT116,20,96,,,,,A,0.1
2285,Perfluorohexanesulfonic_acid,355-46-4,HCT116,20,96,1.29E-06,7.34E-07,0.000148715,0.004933071,A,-2.9
2286,Perfluorodecanoic_acid,335-76-2,HCT116,20,96,1.40E-06,4.40E-07,0.000148604,0.00296064,A,0.1
2287,cyclosporine A,59865-13-3,HCT116,20,96,1.10E-06,1.76E-05,0.000148901,0.117888037,N,
2288,chlorpromazine,50-53-3,HCT116,20,96,1.56E-06,2.60E-05,0.00014844,0.175161341,B,9.4
2289,PBDE 47,5436-43-1,HCT116,20,96,2.58E-06,4.42E-08,0.000147417,3.00E-04,N,
2290,PBDE 99,60348-60-9,HCT116,20,96,2.71E-06,1.99E-08,0.000147287,1.35E-04,N,
2291,PBDE 153,68631-49-2,HCT116,20,96,2.83E-06,7.91E-09,0.000147166,5.37E-05,N,
2292,amiodarone,1951-25-3,HCT116,20,96,2.77E-06,1.98E-07,0.000147229,1.35E-03,B,9
2293,Azathioprine,446-86-6,HCT116,20,96,4.96E-08,0.000149394,0.00014995,0.996288346,A,8.2
2294,Benzocaine,94-09-7,HCT116,20,96,4.42E-07,0.000109279,0.000149558,0.730677885,N,
2295,Butylated hydroxyanisole,25013-16-5,HCT116,20,96,1.57105E-06,2.54391E-05,0.000148429,0.171388945,N,
2296,Cetirizine dihydrochloride,83881-52-1,HCT116,20,96,4.55E-08,0.00014988,0.000149954,0.999501501,A,4.7
2297,Cyclamate,139-05-9,HCT116,20,96,4.49E-08,0.000149955,0.000149955,1,B,17.6
2298,Cyclophosphamide,6055-19-2,HCT116,20,96,9.69E-08,0.000144055,0.000149903,0.960988049,B,6.1
2299,Cypermethrin,67375-30-8,HCT116,20,96,2.95E-06,4.77E-08,0.000147045,3.24E-04,N,
2300,DEET,134-62-3,HCT116,20,96,3.46E-07,1.20E-04,0.000149654,0.801451163,N,
2301,Dexamethasone,50-02-2,HCT116,20,96,4.69E-07,0.000100316,0.000149531,0.670872591,N,
2302,Digoxin,20830-75-5,HCT116,20,96,6.81E-08,0.000147174,0.000149932,0.981608233,N,
2303,Fenazaquin,120928-09-8,HCT116,20,96,2.62E-06,5.09E-07,0.000147381,0.00345253,N,
2304,Fenbuconazole,114369-43-6,HCT116,20,96,1.43E-06,3.37E-05,0.000148575,0.226521303,N,
2305,Fluazinam,79622-59-6,HCT116,20,96,1.81E-06,5.29E-06,0.000148194,0.035704593,N,
2306,Furosemide,54-31-9,HCT116,20,96,4.52E-08,0.000149915,0.000149955,0.999734534,A,3
2307,Glybenclamide,10238-21-8,HCT116,20,96,7.72E-07,8.09E-05,0.000149228,0.542236918,A,5
2308,HC Red 3,2871-01-4,HCT116,20,96,6.57E-08,0.000147518,0.000149934,0.983886323,N,
2309,Hydralazine hydrochloride,304-20-1,HCT116,20,96,1.00E-07,0.00014372,0.0001499,0.958775398,B,6
2310,Ketoconazole,65277-42-1,HCT116,20,96,1.62E-06,2.30E-05,0.000148381,0.1547731,B,6.6
2311,Metformin,1115-70-4,HCT116,20,96,4.50E-08,0.000149942,0.000149955,0.999916077,B,9.6
2312,Metoclopramide,364-62-5,HCT116,20,96,1.36E-07,1.40E-04,0.000149864,0.933409624,B,9
2313,Nitrofurantoin,67-20-9,HCT116,20,96,4.91E-08,0.000149447,0.000149951,0.996637139,A,7.3
2314,Oxytetracycline hydrochloride,2058-46-0,HCT116,20,96,4.49E-08,0.000149954,0.000149955,0.999990909,A,4.5
2315,Panthenol,16485-10-2 ,HCT116,20,96,4.86E-08,0.000149503,0.000149951,0.997008193,N,
2316,Paracetamol,103-90-2,HCT116,20,96,1.11E-07,0.000142192,0.000149889,0.9486514,N,
2317,Topiramate,97240-79-4,HCT116,20,96,4.50E-08,0.000149945,0.000149955,0.999931513,A,9.2
2318,Trimellitic anhydride,552-30-7,HCT116,20,96,4.51E-08,0.000149929,0.000149955,0.999829482,A,3.3
2319,Verapamil hydrochloride,152-11-4,HCT116,20,96,9.57E-07,6.61E-05,0.000149043,0.443330403,B,9.2
2320,Warfarin,129-06-6,HCT116,20,96,1.18E-06,9.87E-06,0.000148819,0.066328664,N,
2321,Caffeine,58-08-2,HEK293T,20,96,1.48E-07,0.000148948,0.000149852,0.993967836,N,
2322,Lamotrigine,84057-84-1,HEK293T,20,96,1.49E-06,6.97E-05,0.000148505,0.469403911,B,6.6
2323,Diclofenac,15307-79-6,HEK293T,20,96,2.50E-06,1.20538E-06,0.000147496,0.008172265,B,17.6
2324,"2,4-Dichlorophenoxyacetic",94-75-7,HEK293T,20,96,1.34E-07,1.50E-04,0.000149866,0.999416579,A,2.7
2325,(S)-Naproxen,22204-53-1,HEK293T,20,96,1.76E-07,1.47E-04,0.000149824,0.982525126,A,4.4
2326,Ibuprofen,15687-27-1,HEK293T,20,96,6.31E-07,1.20E-04,0.000149369,0.805781782,A,5.4
2327,Torasemide,56211-40-6,HEK293T,20,96,1.63E-07,1.48E-04,0.000149837,0.987605921,A,4
2328,Warfarin,81-81-2,HEK293T,20,96,1.56E-07,1.48E-04,0.000149844,0.990629362,A,4.5
2329,di-n-butylphthalate,84-74-2,HEK293T,20,96,2.72E-06,7.63E-06,0.000147282,0.051793038,N,
2330,hexachlorophene,70-30-4,HEK293T,20,96,3.45E-06,9.25E-08,0.000146552,6.31E-04,A,6.2
2331,hexamethylenetetramine,100-97-0,HEK293T,20,96,1.36E-07,0.000149637,0.000149864,0.998491096,B,6.4
2332,Malathion,121-75-5,HEK293T,20,96,1.50E-06,6.83E-05,0.000148502,0.46008068,N,
2333,pentachlorophenol,87-86-5,HEK293T,20,96,1.67E-06,6.28E-05,0.000148333,0.423668282,A,5
2334,"2,2,2-trichloroethanol",115-20-8,HEK293T,20,96,4.80E-07,0.000128921,0.00014952,0.862228195,N,
2335,diethylphthalate,84-66-2,HEK293T,20,96,1.20E-06,8.81E-05,0.000148798,0.591993671,N,
2336,4-chlorophenol,106-48-9,HEK293T,20,96,1.47E-06,7.06E-05,0.000148531,0.475343014,N,
2337,permethrin,52645-53-1,HEK293T,20,96,3.33E-06,2.16E-08,0.000146665,0.000147354,N,
2338,Aniline,62-53-3,HEK293T,20,96,3.58E-07,0.000136383,0.000149642,0.911395617,N,
2339,4-fluoroaniline,371-40-4,HEK293T,20,96,3.69E-07,0.000135677,0.000149631,0.906745756,N,
2340,"2,4,6-trichlorophenol",88-06-2,HEK293T,20,96,1.99E-06,4.59E-05,0.000148007,0.310361628,A,6.8
2341,Allyl alcohol,107-18-6,HEK293T,20,96,1.58E-07,0.000148348,0.000149842,0.990030583,N,
2342,N-methylaniline,100-61-8,HEK293T,20,96,6.17E-07,0.000121418,0.000149383,0.812795753,N,
2343,"3,4-dichloroaniline",95-76-1,HEK293T,20,96,1.93E-06,4.59E-05,0.000148075,0.309790853,N,
2344,4-decylaniline,37529-30-9,HEK293T,20,96,3.05E-06,1.54E-07,0.000146947,0.001046946,N,
2345,naphthalene,91-20-3,HEK293T,20,96,2.22E-06,3.34E-05,0.000147782,0.225844213,N,
2346,"1,2,4-trichlorobenzene",120-82-1,HEK293T,20,96,2.79E-06,7.11E-06,0.000147212,0.048331489,N,
2347,"1,2-dichlorobenzene",95-50-1,HEK293T,20,96,2.40E-06,2.42E-05,0.000147601,0.163663205,N,
2348,dichloromethane,75-09-2,HEK293T,20,96,4.57E-07,0.00013065,0.000149543,0.873663154,N,
2349,tetrachloroethylene,127-18-4,HEK293T,20,96,2.20E-06,3.54E-05,0.000147804,0.239407977,N,
2350,"2,3-dimethyl-1,3-butadiene",513-81-5,HEK293T,20,96,1.34E-06,8.10E-05,1.49E-04,0.544545459,N,
2351,Eugenol F,97-53-0,HEK293T,20,96,1.10E-06,9.37E-05,0.000148905,0.629225484,N,
2352,Methyl-antranilate,134-20-3,HEK293T,20,96,5.11E-07,0.000127938,0.000149489,0.855838679,N,
2353,Lilyfore,285977-85-7,HEK293T,20,96,2.26E-06,3.30E-05,0.000147744,0.223345495,N,
2354,Damascone beta,23726-91-2,HEK293T,20,96,2.95E-06,5.67E-06,0.000147055,0.038545277,N,
2355,Veloutone,14595-54-1,HEK293T,20,96,3.25E-06,8.13E-07,0.000146754,0.005539476,N,
2356,Verdox,82356-51-2,HEK293T,20,96,3.46899E-06,6.88146E-08,0.000146531,0.000469625,N,
2357,Nirvanol,1506-02-1,HEK293T,20,96,3.33742E-06,3.40932E-07,0.000146663,0.002324602,N,
2358,Cetalox,3738-00-9,HEK293T,20,96,3.27E-06,6.36E-07,0.000146726,0.00433224,N,
2359,Tonalide,21145-77-7,HEK293T,20,96,3.34E-06,3.41E-07,0.000146663,0.002324602,N,
2360,"2,4-Dinitrophenol",51-28-5,HEK293T,20,96,1.35E-07,0.000149731,0.000149865,0.99910627,A,4.1
2361,Aldrin,309-00-2,HEK293T,20,96,3.13E-06,2.79E-07,0.000146873,0.001897808,N,
2362,Azinphos-methyl,86-50-0,HEK293T,20,96,1.71E-06,6.08E-05,0.000148294,0.409954765,N,
2363,Chlorpyrifos,2921-88-2,HEK293T,20,96,2.88E-06,7.59E-06,0.00014712,0.051583839,N,
2364,"DDD-p,p'",50-29-3,HEK293T,20,96,3.15E-06,1.79E-08,0.00014685,1.22E-04,N,
2365,"DDT-o,p'",789-02-6,HEK293T,20,96,3.06E-06,5.01E-08,0.000146935,3.41E-04,N,
2366,"DDT-p,p'",72-54-8,HEK293T,20,96,3.12E-06,5.09E-08,0.000146878,0.000346547,N,
2367,Diazinon,333-41-5,HEK293T,20,96,2.16E-06,3.51E-05,0.000147839,0.237577377,N,
2368,Dicofol,115-32-2,HEK293T,20,96,3.18E-06,1.38E-06,0.000146819,0.009370768,N,
2369,Dieldrin,60-57-1,HEK293T,20,96,3.04E-06,1.31E-06,0.000146958,0.008935353,N,
2370,Disulfoton,298-04-4,HEK293T,20,96,2.42E-06,2.59E-05,0.000147577,0.175183537,N,
2371,Endosulfan I,115-29-7,HEK293T,20,96,2.72E-06,1.53E-05,0.000147277,0.103586578,N,
2372,Endrin,72-20-8,HEK293T,20,96,2.55E-06,1.29E-05,0.00014745,0.087231109,N,
2373,Ethion,563-12-2,HEK293T,20,96,2.58E-06,1.06E-05,0.000147423,0.072170854,N,
2374,Heptachlor,76-44-8,HEK293T,20,96,3.21E-06,4.99E-07,0.000146792,0.003398105,N,
2375,Heptachlor epoxide B,1024-57-3,HEK293T,20,96,3.07E-06,8.66E-07,0.000146929,0.005894128,N,
2376,Lindane,58-89-9,HEK293T,20,96,2.37E-06,2.89E-05,0.00014763,0.196071627,N,
2377,"Methoxychlor-o,p'",72-43-5,HEK293T,20,96,2.92E-06,6.89E-07,0.000147083,0.004682594,N,
2378,Parathion,56-38-2,HEK293T,20,96,2.28E-06,3.33E-05,0.000147722,0.225504635,N,
2379,Trifluralin,1582-09-8,HEK293T,20,96,2.67E-06,3.44E-06,0.000147333,0.02332299,N,
2380,Cisapride,81098-60-4,HEK293T,20,96,1.94E-06,4.87E-05,0.000148062,0.329212211,B,7.8
2381,Citalopram hydrobromide,59729-33-8,HEK293T,20,96,8.50E-07,1.05E-04,0.00014915,0.705484197,N,
2382,Dofetilide,115256-11-6,HEK293T,20,96,3.53E-07,1.37E-04,0.000149647,0.912869047,B,8.4
2383,Moxifloxacin hydrochloride,186826-86-8,HEK293T,20,96,1.53E-07,0.000148629,0.000149847,0.991869415,A,6
2384,N-acetylpro-cainamide,32795-44-1,HEK293T,20,96,1.44E-07,0.000149158,0.000149856,0.995346118,B,9.2
2385,Quinidine sulfate,50-54-4,HEK293T,20,96,4.07E-07,1.33E-04,0.000149593,0.892068347,B,9.3
2386,Sematilide,101526-83-4,HEK293T,20,96,1.45E-07,0.000149137,0.000149855,0.995208279,B,9.1
2387,Sotalol hydrochloride,959-24-0,HEK293T,20,96,1.36E-07,0.000149661,0.000149864,0.99864702,B,9
2388,Mifepristone,84371-65-3,HEK293T,20,96,3.14E-06,1.83E-06,0.000146858,0.012457904,N,
2389,Perfluorobutanesulfonic_acid,375-73-5,HEK293T,20,96,1.33E-07,0.000149867,0.000149867,0.999999993,A,-2.9
2390,4_2_Fluorotelomer_sulfonic_acid,757124-72-4,HEK293T,20,96,,,,,A,1.4
2391,Perfluorononanoic_acid,375-95-1,HEK293T,20,96,2.56E-06,8.42E-07,0.000147444,0.005711252,A,0.1
2392,Perfluorohexanoic_acid,307-24-4,HEK293T,20,96,2.00E-06,3.41E-05,0.000147999,0.23031378,A,0.1
2393,Perfluorobutanoic_acid,375-22-4,HEK293T,20,96,,,,,A,0.1
2394,Perfluorooctanoic_acid,335-67-1,HEK293T,20,96,2.51E-06,1.87E-06,0.000147489,0.012700696,A,0.1
2395,6_2_Fluorotelomer_sulfonic_acid,27619-97-2,HEK293T,20,96,2.36E-06,1.03E-05,0.000147644,0.069983238,A,1.4
2396,8_2_Fluorotelomer_sulfonic_acid,39108-34-4,HEK293T,20,96,2.51E-06,9.83E-07,0.000147495,0.006661934,A,1.4
2397,Perfluoroundecanoic_acid,2058-94-8,HEK293T,20,96,2.54E-06,2.03E-07,0.00014746,0.00137379,A,0.1
2398,Perfluorooctanesulfonic_acid,1763-23-1,HEK293T,20,96,2.63E-06,4.78E-07,0.000147368,0.00324359,A,-2.9
2399,Perfluoroheptanoic_acid,375-85-9,HEK293T,20,96,2.47E-06,3.48E-06,0.000147525,0.023597239,A,0.1
2400,Perfluoropentanoic_acid,2706-90-3,HEK293T,20,96,,,,,A,0.1
2401,Perfluorohexanesulfonic_acid,355-46-4,HEK293T,20,96,2.54E-06,7.27E-07,0.000147459,0.004933071,A,-2.9
2402,Perfluorodecanoic_acid,335-76-2,HEK293T,20,96,2.61E-06,4.36E-07,0.000147394,0.00296064,A,0.1
2403,cyclosporine A,59865-13-3,HEK293T,20,96,2.24E-06,1.74E-05,0.000147755,0.117888037,N,
2404,chlorpromazine,50-53-3,HEK293T,20,96,2.41E-06,2.59E-05,0.000147591,0.175161341,B,9.4
2405,PBDE 47,5436-43-1,HEK293T,20,96,3.28E-06,4.40E-08,0.000146718,3.00E-04,N,
2406,PBDE 99,60348-60-9,HEK293T,20,96,3.36E-06,1.98E-08,0.000146643,1.35E-04,N,
2407,PBDE 153,68631-49-2,HEK293T,20,96,3.43E-06,7.87E-09,0.000146574,5.37E-05,N,
2408,amiodarone,1951-25-3,HEK293T,20,96,3.39E-06,1.97E-07,0.000146613,1.35E-03,B,9
2409,Azathioprine,446-86-6,HEK293T,20,96,1.42E-07,0.000149302,0.000149858,0.996288346,A,8.2
2410,Benzocaine,94-09-7,HEK293T,20,96,8.26E-07,0.000108998,0.000149174,0.730677885,N,
2411,Butylated hydroxyanisole,25013-16-5,HEK293T,20,96,2.42158E-06,2.52933E-05,0.000147578,0.171388945,N,
2412,Cetirizine dihydrochloride,83881-52-1,HEK293T,20,96,1.34E-07,0.000149791,0.000149866,0.999501501,A,4.7
2413,Cyclamate,139-05-9,HEK293T,20,96,1.33E-07,0.000149867,0.000149867,1,B,17.6
2414,Cyclophosphamide,6055-19-2,HEK293T,20,96,2.30E-07,0.000143927,0.00014977,0.960988049,B,6.1
2415,Cypermethrin,67375-30-8,HEK293T,20,96,3.49E-06,4.75E-08,0.000146506,3.24E-04,N,
2416,DEET,134-62-3,HEK293T,20,96,6.49E-07,1.20E-04,0.000149351,0.801451163,N,
2417,Dexamethasone,50-02-2,HEK293T,20,96,9.45E-07,9.99972E-05,0.000149055,0.670872591,N,
2418,Digoxin,20830-75-5,HEK293T,20,96,1.78E-07,0.000147066,0.000149822,0.981608233,N,
2419,Fenazaquin,120928-09-8,HEK293T,20,96,3.30E-06,5.06E-07,0.000146702,0.00345253,N,
2420,Fenbuconazole,114369-43-6,HEK293T,20,96,2.25E-06,3.35E-05,0.000147754,0.226521303,N,
2421,Fluazinam,79622-59-6,HEK293T,20,96,2.78E-06,5.26E-06,0.000147217,0.035704593,N,
2422,Furosemide,54-31-9,HEK293T,20,96,1.33E-07,0.000149827,0.000149867,0.999734534,A,3
2423,Glybenclamide,10238-21-8,HEK293T,20,96,1.34E-06,8.06E-05,0.000148663,0.542236918,A,5
2424,HC Red 3,2871-01-4,HEK293T,20,96,1.73E-07,0.000147413,0.000149827,0.983886323,N,
2425,Hydralazine hydrochloride,304-20-1,HEK293T,20,96,2.36E-07,0.00014359,0.000149764,0.958775398,B,6
2426,Ketoconazole,65277-42-1,HEK293T,20,96,2.48E-06,2.28E-05,0.000147523,0.1547731,B,6.6
2427,Metformin,1115-70-4,HEK293T,20,96,1.33E-07,0.000149854,0.000149867,0.999916077,B,9.6
2428,Metoclopramide,364-62-5,HEK293T,20,96,3.00E-07,1.40E-04,0.0001497,0.933409624,B,9
2429,Nitrofurantoin,67-20-9,HEK293T,20,96,1.41E-07,0.000149355,0.000149859,0.996637139,A,7.3
2430,Oxytetracycline hydrochloride,2058-46-0,HEK293T,20,96,1.33E-07,0.000149866,0.000149867,0.999990909,A,4.5
2431,Panthenol,16485-10-2 ,HEK293T,20,96,1.40E-07,0.000149412,0.00014986,0.997008193,N,
2432,Paracetamol,103-90-2,HEK293T,20,96,2.60E-07,0.000142051,0.00014974,0.9486514,N,
2433,Topiramate,97240-79-4,HEK293T,20,96,1.33E-07,0.000149857,0.000149867,0.999931513,A,9.2
2434,Trimellitic anhydride,552-30-7,HEK293T,20,96,1.33E-07,0.000149841,0.000149867,0.999829482,A,3.3
2435,Verapamil hydrochloride,152-11-4,HEK293T,20,96,1.61E-06,6.58E-05,0.000148388,0.443330403,B,9.2
2436,Warfarin,129-06-6,HEK293T,20,96,2.38E-06,9.79E-06,0.000147622,0.066328664,N,
2437,Caffeine,58-08-2,HepG2,20,96,6.12E-08,0.000149034,0.000149939,0.993967836,N,
2438,Lamotrigine,84057-84-1,HepG2,20,96,9.09E-07,7.00E-05,0.000149091,0.469403911,B,6.6
2439,Diclofenac,15307-79-6,HepG2,20,96,1.17E-06,1.21628E-06,0.000148831,0.008172265,B,17.6
2440,"2,4-Dichlorophenoxyacetic",94-75-7,HepG2,20,96,5.33E-08,1.50E-04,0.000149947,0.999416579,A,2.7
2441,(S)-Naproxen,22204-53-1,HepG2,20,96,7.53E-08,1.47E-04,0.000149925,0.982525126,A,4.4
2442,Ibuprofen,15687-27-1,HepG2,20,96,3.58E-07,1.21E-04,0.000149642,0.805781782,A,5.4
2443,Torasemide,56211-40-6,HepG2,20,96,6.84E-08,1.48E-04,0.000149932,0.987605921,A,4
2444,Warfarin,81-81-2,HepG2,20,96,6.44E-08,1.49E-04,0.000149936,0.990629362,A,4.5
2445,di-n-butylphthalate,84-74-2,HepG2,20,96,2.09E-06,7.66E-06,0.000147909,0.051793038,N,
2446,hexachlorophene,70-30-4,HepG2,20,96,3.99E-06,9.21E-08,0.000146013,6.31E-04,A,6.2
2447,hexamethylenetetramine,100-97-0,HepG2,20,96,5.45E-08,0.000149719,0.000149946,0.998491096,B,6.4
2448,Malathion,121-75-5,HepG2,20,96,8.61E-07,6.86E-05,0.000149139,0.46008068,N,
2449,pentachlorophenol,87-86-5,HepG2,20,96,1.15E-06,6.31E-05,0.000148848,0.423668282,A,5
2450,"2,2,2-trichloroethanol",115-20-8,HepG2,20,96,2.49E-07,0.00012912,0.000149751,0.862228195,N,
2451,diethylphthalate,84-66-2,HepG2,20,96,7.71E-07,8.83E-05,0.000149229,0.591993671,N,
2452,4-chlorophenol,106-48-9,HepG2,20,96,8.67E-07,7.09E-05,0.000149133,0.475343014,N,
2453,permethrin,52645-53-1,HepG2,20,96,3.65E-06,2.16E-08,0.000146355,0.000147354,N,
2454,Aniline,62-53-3,HepG2,20,96,1.86E-07,0.00013654,0.000149814,0.911395617,N,
2455,4-fluoroaniline,371-40-4,HepG2,20,96,1.89E-07,0.00013584,0.000149811,0.906745756,N,
2456,"2,4,6-trichlorophenol",88-06-2,HepG2,20,96,1.45E-06,4.61E-05,0.000148548,0.310361628,A,6.8
2457,Allyl alcohol,107-18-6,HepG2,20,96,6.61E-08,0.000148439,0.000149934,0.990030583,N,
2458,N-methylaniline,100-61-8,HepG2,20,96,3.58E-07,0.000121628,0.000149642,0.812795753,N,
2459,"3,4-dichloroaniline",95-76-1,HepG2,20,96,1.24E-06,4.61E-05,0.000148758,0.309790853,N,
2460,4-decylaniline,37529-30-9,HepG2,20,96,2.80E-06,1.54E-07,0.0001472,0.001046946,N,
2461,naphthalene,91-20-3,HepG2,20,96,1.62E-06,3.35E-05,0.000148378,0.225844213,N,
2462,"1,2,4-trichlorobenzene",120-82-1,HepG2,20,96,2.28E-06,7.14E-06,0.000147719,0.048331489,N,
2463,"1,2-dichlorobenzene",95-50-1,HepG2,20,96,1.79E-06,2.43E-05,0.000148205,0.163663205,N,
2464,dichloromethane,75-09-2,HepG2,20,96,2.51E-07,0.00013083,0.000149749,0.873663154,N,
2465,tetrachloroethylene,127-18-4,HepG2,20,96,1.64E-06,3.55E-05,0.000148361,0.239407977,N,
2466,"2,3-dimethyl-1,3-butadiene",513-81-5,HepG2,20,96,8.89E-07,8.12E-05,1.49E-04,0.544545459,N,
2467,Eugenol F,97-53-0,HepG2,20,96,6.77E-07,9.40E-05,0.000149323,0.629225484,N,
2468,Methyl-antranilate,134-20-3,HepG2,20,96,3.05E-07,0.000128115,0.000149695,0.855838679,N,
2469,Lilyfore,285977-85-7,HepG2,20,96,1.72E-06,3.31E-05,0.000148278,0.223345495,N,
2470,Damascone beta,23726-91-2,HepG2,20,96,2.70E-06,5.68E-06,0.0001473,0.038545277,N,
2471,Veloutone,14595-54-1,HepG2,20,96,3.41E-06,8.12E-07,0.00014659,0.005539476,N,
2472,Verdox,82356-51-2,HepG2,20,96,4.04977E-06,6.85419E-08,0.00014595,0.000469625,N,
2473,Nirvanol,1506-02-1,HepG2,20,96,3.66634E-06,3.40168E-07,0.000146334,0.002324602,N,
2474,Cetalox,3738-00-9,HepG2,20,96,3.49E-06,6.35E-07,0.000146514,0.00433224,N,
2475,Tonalide,21145-77-7,HepG2,20,96,3.67E-06,3.40E-07,0.000146334,0.002324602,N,
2476,"2,4-Dinitrophenol",51-28-5,HepG2,20,96,5.37E-08,0.000149812,0.000149946,0.99910627,A,4.1
2477,Aldrin,309-00-2,HepG2,20,96,3.03E-06,2.79E-07,0.000146969,0.001897808,N,
2478,Azinphos-methyl,86-50-0,HepG2,20,96,1.19E-06,6.10E-05,0.000148813,0.409954765,N,
2479,Chlorpyrifos,2921-88-2,HepG2,20,96,2.58E-06,7.60E-06,0.000147419,0.051583839,N,
2480,"DDD-p,p'",50-29-3,HepG2,20,96,3.09E-06,1.79E-08,0.000146911,1.22E-04,N,
2481,"DDT-o,p'",789-02-6,HepG2,20,96,2.83E-06,5.02E-08,0.000147168,3.41E-04,N,
2482,"DDT-p,p'",72-54-8,HepG2,20,96,3.01E-06,5.09E-08,0.000146993,0.000346547,N,
2483,Diazinon,333-41-5,HepG2,20,96,1.52E-06,3.53E-05,0.000148479,0.237577377,N,
2484,Dicofol,115-32-2,HepG2,20,96,3.24E-06,1.38E-06,0.000146762,0.009370768,N,
2485,Dieldrin,60-57-1,HepG2,20,96,2.82E-06,1.32E-06,0.000147183,0.008935353,N,
2486,Disulfoton,298-04-4,HepG2,20,96,1.94E-06,2.59E-05,0.000148062,0.175183537,N,
2487,Endosulfan I,115-29-7,HepG2,20,96,2.42E-06,1.53E-05,0.000147583,0.103586578,N,
2488,Endrin,72-20-8,HepG2,20,96,1.79E-06,1.29E-05,0.000148208,0.087231109,N,
2489,Ethion,563-12-2,HepG2,20,96,1.78E-06,1.07E-05,0.000148216,0.072170854,N,
2490,Heptachlor,76-44-8,HepG2,20,96,3.28E-06,4.99E-07,0.000146717,0.003398105,N,
2491,Heptachlor epoxide B,1024-57-3,HepG2,20,96,2.88E-06,8.67E-07,0.000147115,0.005894128,N,
2492,Lindane,58-89-9,HepG2,20,96,1.90E-06,2.90E-05,0.000148095,0.196071627,N,
2493,"Methoxychlor-o,p'",72-43-5,HepG2,20,96,2.41E-06,6.91E-07,0.000147588,0.004682594,N,
2494,Parathion,56-38-2,HepG2,20,96,1.80E-06,3.34E-05,0.000148198,0.225504635,N,
2495,Trifluralin,1582-09-8,HepG2,20,96,1.76E-06,3.46E-06,0.000148238,0.02332299,N,
2496,Cisapride,81098-60-4,HepG2,20,96,1.40E-06,4.89E-05,0.000148601,0.329212211,B,7.8
2497,Citalopram hydrobromide,59729-33-8,HepG2,20,96,4.03E-07,1.06E-04,0.000149597,0.705484197,N,
2498,Dofetilide,115256-11-6,HepG2,20,96,1.79E-07,1.37E-04,0.000149821,0.912869047,B,8.4
2499,Moxifloxacin hydrochloride,186826-86-8,HepG2,20,96,6.28E-08,0.000148718,0.000149937,0.991869415,A,6
2500,N-acetylpro-cainamide,32795-44-1,HepG2,20,96,5.84E-08,0.000149244,0.000149942,0.995346118,B,9.2
2501,Quinidine sulfate,50-54-4,HepG2,20,96,2.12E-07,1.34E-04,0.000149788,0.892068347,B,9.3
2502,Sematilide,101526-83-4,HepG2,20,96,5.85E-08,0.000149223,0.000149941,0.995208279,B,9.1
2503,Sotalol hydrochloride,959-24-0,HepG2,20,96,5.43E-08,0.000149743,0.000149946,0.99864702,B,9
2504,Mifepristone,84371-65-3,HepG2,20,96,3.14E-06,1.83E-06,0.000146861,0.012457904,N,
2505,Perfluorobutanesulfonic_acid,375-73-5,HepG2,20,96,5.27E-08,0.000149947,0.000149947,0.999999993,A,-2.9
2506,4_2_Fluorotelomer_sulfonic_acid,757124-72-4,HepG2,20,96,,,,,A,1.4
2507,Perfluorononanoic_acid,375-95-1,HepG2,20,96,1.31E-06,8.49E-07,0.000148686,0.005711252,A,0.1
2508,Perfluorohexanoic_acid,307-24-4,HepG2,20,96,9.87E-07,3.43E-05,0.000149013,0.23031378,A,0.1
2509,Perfluorobutanoic_acid,375-22-4,HepG2,20,96,,,,,A,0.1
2510,Perfluorooctanoic_acid,335-67-1,HepG2,20,96,1.22E-06,1.89E-06,0.00014878,0.012700696,A,0.1
2511,6_2_Fluorotelomer_sulfonic_acid,27619-97-2,HepG2,20,96,1.10E-06,1.04E-05,0.000148905,0.069983238,A,1.4
2512,8_2_Fluorotelomer_sulfonic_acid,39108-34-4,HepG2,20,96,1.17E-06,9.92E-07,0.000148834,0.006661934,A,1.4
2513,Perfluoroundecanoic_acid,2058-94-8,HepG2,20,96,1.24E-06,2.04E-07,0.000148759,0.00137379,A,0.1
2514,Perfluorooctanesulfonic_acid,1763-23-1,HepG2,20,96,1.53E-06,4.82E-07,0.000148466,0.00324359,A,-2.9
2515,Perfluoroheptanoic_acid,375-85-9,HepG2,20,96,1.17E-06,3.51E-06,0.000148825,0.023597239,A,0.1
2516,Perfluoropentanoic_acid,2706-90-3,HepG2,20,96,,,,,A,0.1
2517,Perfluorohexanesulfonic_acid,355-46-4,HepG2,20,96,1.26E-06,7.34E-07,0.000148736,0.004933071,A,-2.9
2518,Perfluorodecanoic_acid,335-76-2,HepG2,20,96,1.45E-06,4.40E-07,0.000148547,0.00296064,A,0.1
2519,cyclosporine A,59865-13-3,HepG2,20,96,1.05E-06,1.76E-05,0.000148954,0.117888037,N,
2520,chlorpromazine,50-53-3,HepG2,20,96,1.90E-06,2.59E-05,0.000148104,0.175161341,B,9.4
2521,PBDE 47,5436-43-1,HepG2,20,96,3.49E-06,4.39E-08,0.000146512,3.00E-04,N,
2522,PBDE 99,60348-60-9,HepG2,20,96,3.71E-06,1.98E-08,0.000146288,1.35E-04,N,
2523,PBDE 153,68631-49-2,HepG2,20,96,3.92E-06,7.85E-09,0.000146083,5.37E-05,N,
2524,amiodarone,1951-25-3,HepG2,20,96,3.81E-06,1.97E-07,0.00014619,1.35E-03,B,9
2525,Azathioprine,446-86-6,HepG2,20,96,5.72E-08,0.000149386,0.000149943,0.996288346,A,8.2
2526,Benzocaine,94-09-7,HepG2,20,96,4.85E-07,0.000109248,0.000149515,0.730677885,N,
2527,Butylated hydroxyanisole,25013-16-5,HepG2,20,96,1.91082E-06,2.53808E-05,0.000148089,0.171388945,N,
2528,Cetirizine dihydrochloride,83881-52-1,HepG2,20,96,5.32E-08,0.000149872,0.000149947,0.999501501,A,4.7
2529,Cyclamate,139-05-9,HepG2,20,96,5.27E-08,0.000149947,0.000149947,1,B,17.6
2530,Cyclophosphamide,6055-19-2,HepG2,20,96,1.06E-07,0.000144047,0.000149894,0.960988049,B,6.1
2531,Cypermethrin,67375-30-8,HepG2,20,96,4.12E-06,4.73E-08,0.000145877,3.24E-04,N,
2532,DEET,134-62-3,HepG2,20,96,3.86E-07,1.20E-04,0.000149614,0.801451163,N,
2533,Dexamethasone,50-02-2,HepG2,20,96,4.76E-07,0.000100312,0.000149524,0.670872591,N,
2534,Digoxin,20830-75-5,HepG2,20,96,7.54E-08,0.000147167,0.000149925,0.981608233,N,
2535,Fenazaquin,120928-09-8,HepG2,20,96,3.55E-06,5.06E-07,0.000146446,0.00345253,N,
2536,Fenbuconazole,114369-43-6,HepG2,20,96,1.71E-06,3.36E-05,0.000148289,0.226521303,N,
2537,Fluazinam,79622-59-6,HepG2,20,96,2.19E-06,5.28E-06,0.000147809,0.035704593,N,
2538,Furosemide,54-31-9,HepG2,20,96,5.30E-08,0.000149907,0.000149947,0.999734534,A,3
2539,Glybenclamide,10238-21-8,HepG2,20,96,8.77E-07,8.09E-05,0.000149123,0.542236918,A,5
2540,HC Red 3,2871-01-4,HepG2,20,96,7.34E-08,0.000147511,0.000149927,0.983886323,N,
2541,Hydralazine hydrochloride,304-20-1,HepG2,20,96,1.09E-07,0.000143712,0.000149891,0.958775398,B,6
2542,Ketoconazole,65277-42-1,HepG2,20,96,1.98E-06,2.29E-05,0.000148022,0.1547731,B,6.6
2543,Metformin,1115-70-4,HepG2,20,96,5.28E-08,0.000149935,0.000149947,0.999916077,B,9.6
2544,Metoclopramide,364-62-5,HepG2,20,96,1.47E-07,1.40E-04,0.000149853,0.933409624,B,9
2545,Nitrofurantoin,67-20-9,HepG2,20,96,5.67E-08,0.000149439,0.000149943,0.996637139,A,7.3
2546,Oxytetracycline hydrochloride,2058-46-0,HepG2,20,96,5.27E-08,0.000149946,0.000149947,0.999990909,A,4.5
2547,Panthenol,16485-10-2 ,HepG2,20,96,5.63E-08,0.000149495,0.000149944,0.997008193,N,
2548,Paracetamol,103-90-2,HepG2,20,96,1.19E-07,0.000142185,0.000149881,0.9486514,N,
2549,Topiramate,97240-79-4,HepG2,20,96,5.27E-08,0.000149937,0.000149947,0.999931513,A,9.2
2550,Trimellitic anhydride,552-30-7,HepG2,20,96,5.29E-08,0.000149922,0.000149947,0.999829482,A,3.3
2551,Verapamil hydrochloride,152-11-4,HepG2,20,96,1.10E-06,6.60E-05,0.000148895,0.443330403,B,9.2
2552,Warfarin,129-06-6,HepG2,20,96,1.14E-06,9.87E-06,0.00014886,0.066328664,N,
2553,Caffeine,58-08-2,Me_180,20,96,7.76E-08,0.000149018,0.000149922,0.993967836,N,
2554,Lamotrigine,84057-84-1,Me_180,20,96,1.18E-06,6.99E-05,0.000148818,0.469403911,B,6.6
2555,Diclofenac,15307-79-6,Me_180,20,96,1.65E-06,1.21239E-06,0.000148354,0.008172265,B,17.6
2556,"2,4-Dichlorophenoxyacetic",94-75-7,Me_180,20,96,6.71E-08,1.50E-04,0.000149933,0.999416579,A,2.7
2557,(S)-Naproxen,22204-53-1,Me_180,20,96,9.72E-08,1.47E-04,0.000149903,0.982525126,A,4.4
2558,Ibuprofen,15687-27-1,Me_180,20,96,4.67E-07,1.20E-04,0.000149533,0.805781782,A,5.4
2559,Torasemide,56211-40-6,Me_180,20,96,8.79E-08,1.48E-04,0.000149912,0.987605921,A,4
2560,Warfarin,81-81-2,Me_180,20,96,8.24E-08,1.49E-04,0.000149918,0.990629362,A,4.5
2561,di-n-butylphthalate,84-74-2,Me_180,20,96,2.58E-06,7.64E-06,0.00014742,0.051793038,N,
2562,hexachlorophene,70-30-4,Me_180,20,96,4.56E-06,9.18E-08,0.000145441,6.31E-04,A,6.2
2563,hexamethylenetetramine,100-97-0,Me_180,20,96,6.86E-08,0.000149705,0.000149931,0.998491096,B,6.4
2564,Malathion,121-75-5,Me_180,20,96,1.14E-06,6.85E-05,0.000148864,0.46008068,N,
2565,pentachlorophenol,87-86-5,Me_180,20,96,1.45E-06,6.29E-05,0.000148547,0.423668282,A,5
2566,"2,2,2-trichloroethanol",115-20-8,Me_180,20,96,3.29E-07,0.000129051,0.000149671,0.862228195,N,
2567,diethylphthalate,84-66-2,Me_180,20,96,9.87E-07,8.82E-05,0.000149013,0.591993671,N,
2568,4-chlorophenol,106-48-9,Me_180,20,96,1.14E-06,7.08E-05,0.000148865,0.475343014,N,
2569,permethrin,52645-53-1,Me_180,20,96,4.21E-06,2.15E-08,0.000145794,0.000147354,N,
2570,Aniline,62-53-3,Me_180,20,96,2.43E-07,0.000136488,0.000149757,0.911395617,N,
2571,4-fluoroaniline,371-40-4,Me_180,20,96,2.48E-07,0.000135787,0.000149752,0.906745756,N,
2572,"2,4,6-trichlorophenol",88-06-2,Me_180,20,96,1.81E-06,4.60E-05,0.000148189,0.310361628,A,6.8
2573,Allyl alcohol,107-18-6,Me_180,20,96,8.44E-08,0.000148421,0.000149916,0.990030583,N,
2574,N-methylaniline,100-61-8,Me_180,20,96,4.64E-07,0.000121542,0.000149536,0.812795753,N,
2575,"3,4-dichloroaniline",95-76-1,Me_180,20,96,1.59E-06,4.60E-05,0.000148406,0.309790853,N,
2576,4-decylaniline,37529-30-9,Me_180,20,96,3.33E-06,1.54E-07,0.000146667,0.001046946,N,
2577,naphthalene,91-20-3,Me_180,20,96,2.02E-06,3.34E-05,0.000147977,0.225844213,N,
2578,"1,2,4-trichlorobenzene",120-82-1,Me_180,20,96,2.78E-06,7.12E-06,0.000147222,0.048331489,N,
2579,"1,2-dichlorobenzene",95-50-1,Me_180,20,96,2.23E-06,2.42E-05,0.000147773,0.163663205,N,
2580,dichloromethane,75-09-2,Me_180,20,96,3.27E-07,0.000130764,0.000149673,0.873663154,N,
2581,tetrachloroethylene,127-18-4,Me_180,20,96,2.03E-06,3.54E-05,0.000147966,0.239407977,N,
2582,"2,3-dimethyl-1,3-butadiene",513-81-5,Me_180,20,96,1.13E-06,8.11E-05,1.49E-04,0.544545459,N,
2583,Eugenol F,97-53-0,Me_180,20,96,8.73E-07,9.38E-05,0.000149127,0.629225484,N,
2584,Methyl-antranilate,134-20-3,Me_180,20,96,3.90E-07,0.000128042,0.00014961,0.855838679,N,
2585,Lilyfore,285977-85-7,Me_180,20,96,2.13E-06,3.30E-05,0.000147873,0.223345495,N,
2586,Damascone beta,23726-91-2,Me_180,20,96,3.21E-06,5.66E-06,0.000146786,0.038545277,N,
2587,Veloutone,14595-54-1,Me_180,20,96,3.96E-06,8.09E-07,0.000146039,0.005539476,N,
2588,Verdox,82356-51-2,Me_180,20,96,4.6232E-06,6.82726E-08,0.000145377,0.000469625,N,
2589,Nirvanol,1506-02-1,Me_180,20,96,4.22682E-06,3.38865E-07,0.000145773,0.002324602,N,
2590,Cetalox,3738-00-9,Me_180,20,96,4.04E-06,6.32E-07,0.00014596,0.00433224,N,
2591,Tonalide,21145-77-7,Me_180,20,96,4.23E-06,3.39E-07,0.000145773,0.002324602,N,
2592,"2,4-Dinitrophenol",51-28-5,Me_180,20,96,6.76E-08,0.000149798,0.000149932,0.99910627,A,4.1
2593,Aldrin,309-00-2,Me_180,20,96,3.57E-06,2.78E-07,0.000146428,0.001897808,N,
2594,Azinphos-methyl,86-50-0,Me_180,20,96,1.49E-06,6.09E-05,0.000148506,0.409954765,N,
2595,Chlorpyrifos,2921-88-2,Me_180,20,96,3.09E-06,7.58E-06,0.000146914,0.051583839,N,
2596,"DDD-p,p'",50-29-3,Me_180,20,96,3.63E-06,1.79E-08,0.000146368,1.22E-04,N,
2597,"DDT-o,p'",789-02-6,Me_180,20,96,3.37E-06,5.00E-08,0.000146633,3.41E-04,N,
2598,"DDT-p,p'",72-54-8,Me_180,20,96,3.55E-06,5.08E-08,0.000146453,0.000346547,N,
2599,Diazinon,333-41-5,Me_180,20,96,1.91E-06,3.52E-05,0.000148087,0.237577377,N,
2600,Dicofol,115-32-2,Me_180,20,96,3.78E-06,1.37E-06,0.000146218,0.009370768,N,
2601,Dieldrin,60-57-1,Me_180,20,96,3.35E-06,1.31E-06,0.000146653,0.008935353,N,
2602,Disulfoton,298-04-4,Me_180,20,96,2.37E-06,2.59E-05,0.00014763,0.175183537,N,
2603,Endosulfan I,115-29-7,Me_180,20,96,2.90E-06,1.52E-05,0.000147105,0.103586578,N,
2604,Endrin,72-20-8,Me_180,20,96,2.26E-06,1.29E-05,0.000147744,0.087231109,N,
2605,Ethion,563-12-2,Me_180,20,96,2.25E-06,1.07E-05,0.000147746,0.072170854,N,
2606,Heptachlor,76-44-8,Me_180,20,96,3.83E-06,4.97E-07,0.000146169,0.003398105,N,
2607,Heptachlor epoxide B,1024-57-3,Me_180,20,96,3.42E-06,8.64E-07,0.000146581,0.005894128,N,
2608,Lindane,58-89-9,Me_180,20,96,2.33E-06,2.90E-05,0.000147673,0.196071627,N,
2609,"Methoxychlor-o,p'",72-43-5,Me_180,20,96,2.93E-06,6.89E-07,0.000147069,0.004682594,N,
2610,Parathion,56-38-2,Me_180,20,96,2.21E-06,3.33E-05,0.000147791,0.225504635,N,
2611,Trifluralin,1582-09-8,Me_180,20,96,2.25E-06,3.45E-06,0.000147748,0.02332299,N,
2612,Cisapride,81098-60-4,Me_180,20,96,1.75E-06,4.88E-05,0.000148252,0.329212211,B,7.8
2613,Citalopram hydrobromide,59729-33-8,Me_180,20,96,5.56E-07,1.05E-04,0.000149444,0.705484197,N,
2614,Dofetilide,115256-11-6,Me_180,20,96,2.34E-07,1.37E-04,0.000149766,0.912869047,B,8.4
2615,Moxifloxacin hydrochloride,186826-86-8,Me_180,20,96,8.02E-08,0.000148701,0.00014992,0.991869415,A,6
2616,N-acetylpro-cainamide,32795-44-1,Me_180,20,96,7.41E-08,0.000149228,0.000149926,0.995346118,B,9.2
2617,Quinidine sulfate,50-54-4,Me_180,20,96,2.78E-07,1.34E-04,0.000149722,0.892068347,B,9.3
2618,Sematilide,101526-83-4,Me_180,20,96,7.43E-08,0.000149207,0.000149926,0.995208279,B,9.1
2619,Sotalol hydrochloride,959-24-0,Me_180,20,96,6.84E-08,0.000149729,0.000149932,0.99864702,B,9
2620,Mifepristone,84371-65-3,Me_180,20,96,3.68E-06,1.82E-06,0.000146321,0.012457904,N,
2621,Perfluorobutanesulfonic_acid,375-73-5,Me_180,20,96,6.61E-08,0.000149934,0.000149934,0.999999993,A,-2.9
2622,4_2_Fluorotelomer_sulfonic_acid,757124-72-4,Me_180,20,96,,,,,A,1.4
2623,Perfluorononanoic_acid,375-95-1,Me_180,20,96,1.80E-06,8.46E-07,0.000148203,0.005711252,A,0.1
2624,Perfluorohexanoic_acid,307-24-4,Me_180,20,96,1.36E-06,3.42E-05,0.000148637,0.23031378,A,0.1
2625,Perfluorobutanoic_acid,375-22-4,Me_180,20,96,,,,,A,0.1
2626,Perfluorooctanoic_acid,335-67-1,Me_180,20,96,1.70E-06,1.88E-06,0.000148303,0.012700696,A,0.1
2627,6_2_Fluorotelomer_sulfonic_acid,27619-97-2,Me_180,20,96,1.54E-06,1.04E-05,0.000148456,0.069983238,A,1.4
2628,8_2_Fluorotelomer_sulfonic_acid,39108-34-4,Me_180,20,96,1.64E-06,9.88E-07,0.000148357,0.006661934,A,1.4
2629,Perfluoroundecanoic_acid,2058-94-8,Me_180,20,96,1.72E-06,2.04E-07,0.000148277,0.00137379,A,0.1
2630,Perfluorooctanesulfonic_acid,1763-23-1,Me_180,20,96,2.02E-06,4.80E-07,0.000147975,0.00324359,A,-2.9
2631,Perfluoroheptanoic_acid,375-85-9,Me_180,20,96,1.65E-06,3.50E-06,0.000148355,0.023597239,A,0.1
2632,Perfluoropentanoic_acid,2706-90-3,Me_180,20,96,,,,,A,0.1
2633,Perfluorohexanesulfonic_acid,355-46-4,Me_180,20,96,1.75E-06,7.31E-07,0.000148255,0.004933071,A,-2.9
2634,Perfluorodecanoic_acid,335-76-2,Me_180,20,96,1.94E-06,4.38E-07,0.000148059,0.00296064,A,0.1
2635,cyclosporine A,59865-13-3,Me_180,20,96,1.47E-06,1.75E-05,0.000148527,0.117888037,N,
2636,chlorpromazine,50-53-3,Me_180,20,96,2.33E-06,2.59E-05,0.000147673,0.175161341,B,9.4
2637,PBDE 47,5436-43-1,Me_180,20,96,4.04E-06,4.38E-08,0.000145956,3.00E-04,N,
2638,PBDE 99,60348-60-9,Me_180,20,96,4.27E-06,1.97E-08,0.000145726,1.35E-04,N,
2639,PBDE 153,68631-49-2,Me_180,20,96,4.49E-06,7.82E-09,0.000145513,5.37E-05,N,
2640,amiodarone,1951-25-3,Me_180,20,96,4.38E-06,1.96E-07,0.000145625,1.35E-03,B,9
2641,Azathioprine,446-86-6,Me_180,20,96,7.24E-08,0.000149371,0.000149928,0.996288346,A,8.2
2642,Benzocaine,94-09-7,Me_180,20,96,6.30E-07,0.000109141,0.00014937,0.730677885,N,
2643,Butylated hydroxyanisole,25013-16-5,Me_180,20,96,2.34392E-06,2.53066E-05,0.000147656,0.171388945,N,
2644,Cetirizine dihydrochloride,83881-52-1,Me_180,20,96,6.69E-08,0.000149858,0.000149933,0.999501501,A,4.7
2645,Cyclamate,139-05-9,Me_180,20,96,6.61E-08,0.000149934,0.000149934,1,B,17.6
2646,Cyclophosphamide,6055-19-2,Me_180,20,96,1.38E-07,0.000144016,0.000149862,0.960988049,B,6.1
2647,Cypermethrin,67375-30-8,Me_180,20,96,4.70E-06,4.71E-08,0.000145301,3.24E-04,N,
2648,DEET,134-62-3,Me_180,20,96,4.98E-07,1.20E-04,0.000149502,0.801451163,N,
2649,Dexamethasone,50-02-2,Me_180,20,96,6.47E-07,0.000100197,0.000149353,0.670872591,N,
2650,Digoxin,20830-75-5,Me_180,20,96,9.77E-08,0.000147145,0.000149902,0.981608233,N,
2651,Fenazaquin,120928-09-8,Me_180,20,96,4.11E-06,5.04E-07,0.00014589,0.00345253,N,
2652,Fenbuconazole,114369-43-6,Me_180,20,96,2.11E-06,3.35E-05,0.000147886,0.226521303,N,
2653,Fluazinam,79622-59-6,Me_180,20,96,2.69E-06,5.26E-06,0.00014731,0.035704593,N,
2654,Furosemide,54-31-9,Me_180,20,96,6.66E-08,0.000149894,0.000149933,0.999734534,A,3
2655,Glybenclamide,10238-21-8,Me_180,20,96,1.12E-06,8.07E-05,0.000148882,0.542236918,A,5
2656,HC Red 3,2871-01-4,Me_180,20,96,9.47E-08,0.00014749,0.000149905,0.983886323,N,
2657,Hydralazine hydrochloride,304-20-1,Me_180,20,96,1.42E-07,0.00014368,0.000149858,0.958775398,B,6
2658,Ketoconazole,65277-42-1,Me_180,20,96,2.42E-06,2.28E-05,0.00014758,0.1547731,B,6.6
2659,Metformin,1115-70-4,Me_180,20,96,6.63E-08,0.000149921,0.000149934,0.999916077,B,9.6
2660,Metoclopramide,364-62-5,Me_180,20,96,1.93E-07,1.40E-04,0.000149807,0.933409624,B,9
2661,Nitrofurantoin,67-20-9,Me_180,20,96,7.18E-08,0.000149424,0.000149928,0.996637139,A,7.3
2662,Oxytetracycline hydrochloride,2058-46-0,Me_180,20,96,6.61E-08,0.000149932,0.000149934,0.999990909,A,4.5
2663,Panthenol,16485-10-2 ,Me_180,20,96,7.12E-08,0.00014948,0.000149929,0.997008193,N,
2664,Paracetamol,103-90-2,Me_180,20,96,1.57E-07,0.000142149,0.000149843,0.9486514,N,
2665,Topiramate,97240-79-4,Me_180,20,96,6.62E-08,0.000149923,0.000149934,0.999931513,A,9.2
2666,Trimellitic anhydride,552-30-7,Me_180,20,96,6.64E-08,0.000149908,0.000149934,0.999829482,A,3.3
2667,Verapamil hydrochloride,152-11-4,Me_180,20,96,1.40E-06,6.59E-05,0.000148605,0.443330403,B,9.2
2668,Warfarin,129-06-6,Me_180,20,96,1.59E-06,9.84E-06,0.000148409,0.066328664,N,
2669,Caffeine,58-08-2,H4lle,20,96,7.06E-08,0.000149025,0.000149929,0.993967836,N,
2670,Lamotrigine,84057-84-1,H4lle,20,96,4.76E-07,7.02E-05,0.000149524,0.469403911,B,6.6
2671,Diclofenac,15307-79-6,H4lle,20,96,7.92E-07,1.21937E-06,0.000149208,0.008172265,B,17.6
2672,"2,4-Dichlorophenoxyacetic",94-75-7,H4lle,20,96,6.65E-08,1.50E-04,0.000149934,0.999416579,A,2.7
2673,(S)-Naproxen,22204-53-1,H4lle,20,96,7.91E-08,1.47E-04,0.000149921,0.982525126,A,4.4
2674,Ibuprofen,15687-27-1,H4lle,20,96,2.16E-07,1.21E-04,0.000149784,0.805781782,A,5.4
2675,Torasemide,56211-40-6,H4lle,20,96,7.53E-08,1.48E-04,0.000149925,0.987605921,A,4
2676,Warfarin,81-81-2,H4lle,20,96,7.30E-08,1.49E-04,0.000149927,0.990629362,A,4.5
2677,di-n-butylphthalate,84-74-2,H4lle,20,96,8.38E-07,7.73E-06,0.000149162,0.051793038,N,
2678,hexachlorophene,70-30-4,H4lle,20,96,1.02E-06,9.40E-08,0.000148976,6.31E-04,A,6.2
2679,hexamethylenetetramine,100-97-0,H4lle,20,96,6.72E-08,0.000149707,0.000149933,0.998491096,B,6.4
2680,Malathion,121-75-5,H4lle,20,96,4.78E-07,6.88E-05,0.000149522,0.46008068,N,
2681,pentachlorophenol,87-86-5,H4lle,20,96,5.24E-07,6.33E-05,0.000149476,0.423668282,A,5
2682,"2,2,2-trichloroethanol",115-20-8,H4lle,20,96,1.70E-07,0.000129187,0.00014983,0.862228195,N,
2683,diethylphthalate,84-66-2,H4lle,20,96,3.86E-07,8.86E-05,0.000149614,0.591993671,N,
2684,4-chlorophenol,106-48-9,H4lle,20,96,4.69E-07,7.11E-05,0.000149531,0.475343014,N,
2685,permethrin,52645-53-1,H4lle,20,96,9.96E-07,2.20E-08,0.000149004,0.000147354,N,
2686,Aniline,62-53-3,H4lle,20,96,1.34E-07,0.000136587,0.000149866,0.911395617,N,
2687,4-fluoroaniline,371-40-4,H4lle,20,96,1.37E-07,0.000135888,0.000149863,0.906745756,N,
2688,"2,4,6-trichlorophenol",88-06-2,H4lle,20,96,6.21E-07,4.64E-05,0.000149379,0.310361628,A,6.8
2689,Allyl alcohol,107-18-6,H4lle,20,96,7.35E-08,0.000148432,0.000149926,0.990030583,N,
2690,N-methylaniline,100-61-8,H4lle,20,96,2.11E-07,0.000121748,0.000149789,0.812795753,N,
2691,"3,4-dichloroaniline",95-76-1,H4lle,20,96,6.05E-07,4.63E-05,0.000149395,0.309790853,N,
2692,4-decylaniline,37529-30-9,H4lle,20,96,9.27E-07,1.56E-07,0.000149073,0.001046946,N,
2693,naphthalene,91-20-3,H4lle,20,96,6.89E-07,3.37E-05,0.000149311,0.225844213,N,
2694,"1,2,4-trichlorobenzene",120-82-1,H4lle,20,96,8.55E-07,7.21E-06,0.000149145,0.048331489,N,
2695,"1,2-dichlorobenzene",95-50-1,H4lle,20,96,7.42E-07,2.44E-05,0.000149258,0.163663205,N,
2696,dichloromethane,75-09-2,H4lle,20,96,1.63E-07,0.000130907,0.000149837,0.873663154,N,
2697,tetrachloroethylene,127-18-4,H4lle,20,96,6.81E-07,3.57E-05,0.000149319,0.239407977,N,
2698,"2,3-dimethyl-1,3-butadiene",513-81-5,H4lle,20,96,4.26E-07,8.14E-05,1.50E-04,0.544545459,N,
2699,Eugenol F,97-53-0,H4lle,20,96,3.54E-07,9.42E-05,0.000149646,0.629225484,N,
2700,Methyl-antranilate,134-20-3,H4lle,20,96,1.79E-07,0.000128223,0.000149821,0.855838679,N,
2701,Lilyfore,285977-85-7,H4lle,20,96,6.98E-07,3.33E-05,0.000149302,0.223345495,N,
2702,Damascone beta,23726-91-2,H4lle,20,96,8.95E-07,5.75E-06,0.000149105,0.038545277,N,
2703,Veloutone,14595-54-1,H4lle,20,96,9.74E-07,8.26E-07,0.000149026,0.005539476,N,
2704,Verdox,82356-51-2,H4lle,20,96,1.02905E-06,6.99605E-08,0.000148971,0.000469625,N,
2705,Nirvanol,1506-02-1,H4lle,20,96,9.96517E-07,3.46374E-07,0.000149003,0.002324602,N,
2706,Cetalox,3738-00-9,H4lle,20,96,9.81E-07,6.46E-07,0.000149019,0.00433224,N,
2707,Tonalide,21145-77-7,H4lle,20,96,9.97E-07,3.46E-07,0.000149003,0.002324602,N,
2708,"2,4-Dinitrophenol",51-28-5,H4lle,20,96,6.67E-08,0.000149799,0.000149933,0.99910627,A,4.1
2709,Aldrin,309-00-2,H4lle,20,96,9.45E-07,2.83E-07,0.000149055,0.001897808,N,
2710,Azinphos-methyl,86-50-0,H4lle,20,96,5.36E-07,6.13E-05,0.000149464,0.409954765,N,
2711,Chlorpyrifos,2921-88-2,H4lle,20,96,8.77E-07,7.69E-06,0.000149123,0.051583839,N,
2712,"DDD-p,p'",50-29-3,H4lle,20,96,9.51E-07,1.82E-08,0.000149049,1.22E-04,N,
2713,"DDT-o,p'",789-02-6,H4lle,20,96,9.30E-07,5.09E-08,0.00014907,3.41E-04,N,
2714,"DDT-p,p'",72-54-8,H4lle,20,96,9.44E-07,5.17E-08,0.000149056,0.000346547,N,
2715,Diazinon,333-41-5,H4lle,20,96,6.73E-07,3.55E-05,0.000149327,0.237577377,N,
2716,Dicofol,115-32-2,H4lle,20,96,9.57E-07,1.40E-06,0.000149043,0.009370768,N,
2717,Dieldrin,60-57-1,H4lle,20,96,9.23E-07,1.33E-06,0.000149077,0.008935353,N,
2718,Disulfoton,298-04-4,H4lle,20,96,7.46E-07,2.61E-05,0.000149254,0.175183537,N,
2719,Endosulfan I,115-29-7,H4lle,20,96,8.31E-07,1.55E-05,0.000149169,0.103586578,N,
2720,Endrin,72-20-8,H4lle,20,96,7.91E-07,1.30E-05,0.000149209,0.087231109,N,
2721,Ethion,563-12-2,H4lle,20,96,8.00E-07,1.08E-05,0.0001492,0.072170854,N,
2722,Heptachlor,76-44-8,H4lle,20,96,9.65E-07,5.06E-07,0.000149035,0.003398105,N,
2723,Heptachlor epoxide B,1024-57-3,H4lle,20,96,9.31E-07,8.79E-07,0.000149069,0.005894128,N,
2724,Lindane,58-89-9,H4lle,20,96,7.30E-07,2.93E-05,0.00014927,0.196071627,N,
2725,"Methoxychlor-o,p'",72-43-5,H4lle,20,96,8.93E-07,6.98E-07,0.000149107,0.004682594,N,
2726,Parathion,56-38-2,H4lle,20,96,7.03E-07,3.37E-05,0.000149297,0.225504635,N,
2727,Trifluralin,1582-09-8,H4lle,20,96,8.30E-07,3.48E-06,0.00014917,0.02332299,N,
2728,Cisapride,81098-60-4,H4lle,20,96,6.05E-07,4.92E-05,0.000149395,0.329212211,B,7.8
2729,Citalopram hydrobromide,59729-33-8,H4lle,20,96,2.84E-07,1.06E-04,0.000149716,0.705484197,N,
2730,Dofetilide,115256-11-6,H4lle,20,96,1.32E-07,1.37E-04,0.000149868,0.912869047,B,8.4
2731,Moxifloxacin hydrochloride,186826-86-8,H4lle,20,96,7.21E-08,0.000148709,0.000149928,0.991869415,A,6
2732,N-acetylpro-cainamide,32795-44-1,H4lle,20,96,6.95E-08,0.000149233,0.00014993,0.995346118,B,9.2
2733,Quinidine sulfate,50-54-4,H4lle,20,96,1.48E-07,1.34E-04,0.000149852,0.892068347,B,9.3
2734,Sematilide,101526-83-4,H4lle,20,96,6.96E-08,0.000149212,0.00014993,0.995208279,B,9.1
2735,Sotalol hydrochloride,959-24-0,H4lle,20,96,6.70E-08,0.00014973,0.000149933,0.99864702,B,9
2736,Mifepristone,84371-65-3,H4lle,20,96,9.47E-07,1.86E-06,0.000149053,0.012457904,N,
2737,Perfluorobutanesulfonic_acid,375-73-5,H4lle,20,96,6.60E-08,0.000149934,0.000149934,0.999999993,A,-2.9
2738,4_2_Fluorotelomer_sulfonic_acid,757124-72-4,H4lle,20,96,,,,,A,1.4
2739,Perfluorononanoic_acid,375-95-1,H4lle,20,96,8.05E-07,8.52E-07,0.000149195,0.005711252,A,0.1
2740,Perfluorohexanoic_acid,307-24-4,H4lle,20,96,6.35E-07,3.44E-05,0.000149365,0.23031378,A,0.1
2741,Perfluorobutanoic_acid,375-22-4,H4lle,20,96,,,,,A,0.1
2742,Perfluorooctanoic_acid,335-67-1,H4lle,20,96,7.93E-07,1.90E-06,0.000149207,0.012700696,A,0.1
2743,6_2_Fluorotelomer_sulfonic_acid,27619-97-2,H4lle,20,96,7.47E-07,1.04E-05,0.000149253,0.069983238,A,1.4
2744,8_2_Fluorotelomer_sulfonic_acid,39108-34-4,H4lle,20,96,7.93E-07,9.94E-07,0.000149207,0.006661934,A,1.4
2745,Perfluoroundecanoic_acid,2058-94-8,H4lle,20,96,8.02E-07,2.05E-07,0.000149198,0.00137379,A,0.1
2746,Perfluorooctanesulfonic_acid,1763-23-1,H4lle,20,96,8.24E-07,4.84E-07,0.000149176,0.00324359,A,-2.9
2747,Perfluoroheptanoic_acid,375-85-9,H4lle,20,96,7.83E-07,3.52E-06,0.000149217,0.023597239,A,0.1
2748,Perfluoropentanoic_acid,2706-90-3,H4lle,20,96,,,,,A,0.1
2749,Perfluorohexanesulfonic_acid,355-46-4,H4lle,20,96,8.02E-07,7.36E-07,0.000149198,0.004933071,A,-2.9
2750,Perfluorodecanoic_acid,335-76-2,H4lle,20,96,8.18E-07,4.42E-07,0.000149182,0.00296064,A,0.1
2751,cyclosporine A,59865-13-3,H4lle,20,96,7.12E-07,1.76E-05,0.000149288,0.117888037,N,
2752,chlorpromazine,50-53-3,H4lle,20,96,7.43E-07,2.61E-05,0.000149257,0.175161341,B,9.4
2753,PBDE 47,5436-43-1,H4lle,20,96,9.83E-07,4.47E-08,0.000149017,3.00E-04,N,
2754,PBDE 99,60348-60-9,H4lle,20,96,1.00E-06,2.02E-08,0.000148998,1.35E-04,N,
2755,PBDE 153,68631-49-2,H4lle,20,96,1.02E-06,8.00E-09,0.000148982,5.37E-05,N,
2756,amiodarone,1951-25-3,H4lle,20,96,1.01E-06,2.01E-07,0.000148991,1.35E-03,B,9
2757,Azathioprine,446-86-6,H4lle,20,96,6.88E-08,0.000149375,0.000149931,0.996288346,A,8.2
2758,Benzocaine,94-09-7,H4lle,20,96,2.74E-07,0.000109402,0.000149726,0.730677885,N,
2759,Butylated hydroxyanisole,25013-16-5,H4lle,20,96,7.46664E-07,2.55804E-05,0.000149253,0.171388945,N,
2760,Cetirizine dihydrochloride,83881-52-1,H4lle,20,96,6.64E-08,0.000149859,0.000149934,0.999501501,A,4.7
2761,Cyclamate,139-05-9,H4lle,20,96,6.60E-08,0.000149934,0.000149934,1,B,17.6
2762,Cyclophosphamide,6055-19-2,H4lle,20,96,9.54E-08,0.000144057,0.000149905,0.960988049,B,6.1
2763,Cypermethrin,67375-30-8,H4lle,20,96,1.04E-06,4.83E-08,0.000148965,3.24E-04,N,
2764,DEET,134-62-3,H4lle,20,96,2.21E-07,1.20E-04,0.000149779,0.801451163,N,
2765,Dexamethasone,50-02-2,H4lle,20,96,3.12E-07,0.000100422,0.000149688,0.670872591,N,
2766,Digoxin,20830-75-5,H4lle,20,96,7.97E-08,0.000147163,0.00014992,0.981608233,N,
2767,Fenazaquin,120928-09-8,H4lle,20,96,9.87E-07,5.14E-07,0.000149013,0.00345253,N,
2768,Fenbuconazole,114369-43-6,H4lle,20,96,6.95E-07,3.38E-05,0.000149305,0.226521303,N,
2769,Fluazinam,79622-59-6,H4lle,20,96,8.56E-07,5.33E-06,0.000149144,0.035704593,N,
2770,Furosemide,54-31-9,H4lle,20,96,6.62E-08,0.000149894,0.000149934,0.999734534,A,3
2771,Glybenclamide,10238-21-8,H4lle,20,96,4.26E-07,8.11E-05,0.000149574,0.542236918,A,5
2772,HC Red 3,2871-01-4,H4lle,20,96,7.81E-08,0.000147506,0.000149922,0.983886323,N,
2773,Hydralazine hydrochloride,304-20-1,H4lle,20,96,9.71E-08,0.000143723,0.000149903,0.958775398,B,6
2774,Ketoconazole,65277-42-1,H4lle,20,96,7.63E-07,2.31E-05,0.000149237,0.1547731,B,6.6
2775,Metformin,1115-70-4,H4lle,20,96,6.61E-08,0.000149921,0.000149934,0.999916077,B,9.6
2776,Metoclopramide,364-62-5,H4lle,20,96,1.16E-07,1.40E-04,0.000149884,0.933409624,B,9
2777,Nitrofurantoin,67-20-9,H4lle,20,96,6.85E-08,0.000149427,0.000149931,0.996637139,A,7.3
2778,Oxytetracycline hydrochloride,2058-46-0,H4lle,20,96,6.60E-08,0.000149933,0.000149934,0.999990909,A,4.5
2779,Panthenol,16485-10-2 ,H4lle,20,96,6.83E-08,0.000149483,0.000149932,0.997008193,N,
2780,Paracetamol,103-90-2,H4lle,20,96,1.04E-07,0.000142199,0.000149896,0.9486514,N,
2781,Topiramate,97240-79-4,H4lle,20,96,6.61E-08,0.000149924,0.000149934,0.999931513,A,9.2
2782,Trimellitic anhydride,552-30-7,H4lle,20,96,6.62E-08,0.000149908,0.000149934,0.999829482,A,3.3
2783,Verapamil hydrochloride,152-11-4,H4lle,20,96,5.08E-07,6.63E-05,0.000149492,0.443330403,B,9.2
2784,Warfarin,129-06-6,H4lle,20,96,7.53E-07,9.90E-06,0.000149247,0.066328664,N,
2785,Caffeine,58-08-2,SH-SY5Y,20,96,3.95E-08,0.000149056,0.00014996,0.993967836,N,
2786,Lamotrigine,84057-84-1,SH-SY5Y,20,96,2.65E-07,7.03E-05,0.000149735,0.469403911,B,6.6
2787,Diclofenac,15307-79-6,SH-SY5Y,20,96,3.81E-07,1.22273E-06,0.000149619,0.008172265,B,17.6
2788,"2,4-Dichlorophenoxyacetic",94-75-7,SH-SY5Y,20,96,3.74E-08,1.50E-04,0.000149963,0.999416579,A,2.7
2789,(S)-Naproxen,22204-53-1,SH-SY5Y,20,96,4.37E-08,1.47E-04,0.000149956,0.982525126,A,4.4
2790,Ibuprofen,15687-27-1,SH-SY5Y,20,96,1.19E-07,1.21E-04,0.000149881,0.805781782,A,5.4
2791,Torasemide,56211-40-6,SH-SY5Y,20,96,4.17E-08,1.48E-04,0.000149958,0.987605921,A,4
2792,Warfarin,81-81-2,SH-SY5Y,20,96,4.06E-08,1.49E-04,0.000149959,0.990629362,A,4.5
2793,di-n-butylphthalate,84-74-2,SH-SY5Y,20,96,5.31E-07,7.74E-06,0.000149469,0.051793038,N,
2794,hexachlorophene,70-30-4,SH-SY5Y,20,96,8.68E-07,9.41E-08,0.000149132,6.31E-04,A,6.2
2795,hexamethylenetetramine,100-97-0,SH-SY5Y,20,96,3.77E-08,0.000149736,0.000149962,0.998491096,B,6.4
2796,Malathion,121-75-5,SH-SY5Y,20,96,2.58E-07,6.89E-05,0.000149742,0.46008068,N,
2797,pentachlorophenol,87-86-5,SH-SY5Y,20,96,3.13E-07,6.34E-05,0.000149687,0.423668282,A,5
2798,"2,2,2-trichloroethanol",115-20-8,SH-SY5Y,20,96,9.17E-08,0.000129255,0.000149908,0.862228195,N,
2799,diethylphthalate,84-66-2,SH-SY5Y,20,96,2.22E-07,8.87E-05,0.000149778,0.591993671,N,
2800,4-chlorophenol,106-48-9,SH-SY5Y,20,96,2.57E-07,7.12E-05,0.000149743,0.475343014,N,
2801,permethrin,52645-53-1,SH-SY5Y,20,96,8.09E-07,2.20E-08,0.000149191,0.000147354,N,
2802,Aniline,62-53-3,SH-SY5Y,20,96,7.34E-08,0.000136642,0.000149927,0.911395617,N,
2803,4-fluoroaniline,371-40-4,SH-SY5Y,20,96,7.47E-08,0.000135944,0.000149925,0.906745756,N,
2804,"2,4,6-trichlorophenol",88-06-2,SH-SY5Y,20,96,3.82E-07,4.64E-05,0.000149618,0.310361628,A,6.8
2805,Allyl alcohol,107-18-6,SH-SY5Y,20,96,4.10E-08,0.000148464,0.000149959,0.990030583,N,
2806,N-methylaniline,100-61-8,SH-SY5Y,20,96,1.18E-07,0.000121824,0.000149882,0.812795753,N,
2807,"3,4-dichloroaniline",95-76-1,SH-SY5Y,20,96,3.46E-07,4.64E-05,0.000149654,0.309790853,N,
2808,4-decylaniline,37529-30-9,SH-SY5Y,20,96,6.62E-07,1.56E-07,0.000149338,0.001046946,N,
2809,naphthalene,91-20-3,SH-SY5Y,20,96,4.24E-07,3.38E-05,0.000149576,0.225844213,N,
2810,"1,2,4-trichlorobenzene",120-82-1,SH-SY5Y,20,96,5.65E-07,7.22E-06,0.000149435,0.048331489,N,
2811,"1,2-dichlorobenzene",95-50-1,SH-SY5Y,20,96,4.63E-07,2.45E-05,0.000149537,0.163663205,N,
2812,dichloromethane,75-09-2,SH-SY5Y,20,96,9.03E-08,0.000130971,0.00014991,0.873663154,N,
2813,tetrachloroethylene,127-18-4,SH-SY5Y,20,96,4.25E-07,3.58E-05,0.000149575,0.239407977,N,
2814,"2,3-dimethyl-1,3-butadiene",513-81-5,SH-SY5Y,20,96,2.50E-07,8.15E-05,1.50E-04,0.544545459,N,
2815,Eugenol F,97-53-0,SH-SY5Y,20,96,2.00E-07,9.43E-05,0.0001498,0.629225484,N,
2816,Methyl-antranilate,134-20-3,SH-SY5Y,20,96,1.02E-07,0.000128288,0.000149898,0.855838679,N,
2817,Lilyfore,285977-85-7,SH-SY5Y,20,96,4.42E-07,3.34E-05,0.000149558,0.223345495,N,
2818,Damascone beta,23726-91-2,SH-SY5Y,20,96,6.38E-07,5.76E-06,0.000149362,0.038545277,N,
2819,Veloutone,14595-54-1,SH-SY5Y,20,96,7.67E-07,8.27E-07,0.000149233,0.005539476,N,
2820,Verdox,82356-51-2,SH-SY5Y,20,96,8.79321E-07,7.00308E-08,0.000149121,0.000469625,N,
2821,Nirvanol,1506-02-1,SH-SY5Y,20,96,8.11912E-07,3.46803E-07,0.000149188,0.002324602,N,
2822,Cetalox,3738-00-9,SH-SY5Y,20,96,7.80E-07,6.46E-07,0.00014922,0.00433224,N,
2823,Tonalide,21145-77-7,SH-SY5Y,20,96,8.12E-07,3.47E-07,0.000149188,0.002324602,N,
2824,"2,4-Dinitrophenol",51-28-5,SH-SY5Y,20,96,3.75E-08,0.000149829,0.000149963,0.99910627,A,4.1
2825,Aldrin,309-00-2,SH-SY5Y,20,96,7.01E-07,2.83E-07,0.000149299,0.001897808,N,
2826,Azinphos-methyl,86-50-0,SH-SY5Y,20,96,3.21E-07,6.14E-05,0.000149679,0.409954765,N,
2827,Chlorpyrifos,2921-88-2,SH-SY5Y,20,96,6.16E-07,7.71E-06,0.000149384,0.051583839,N,
2828,"DDD-p,p'",50-29-3,SH-SY5Y,20,96,7.12E-07,1.82E-08,0.000149288,1.22E-04,N,
2829,"DDT-o,p'",789-02-6,SH-SY5Y,20,96,6.67E-07,5.10E-08,0.000149333,3.41E-04,N,
2830,"DDT-p,p'",72-54-8,SH-SY5Y,20,96,6.97E-07,5.17E-08,0.000149303,0.000346547,N,
2831,Diazinon,333-41-5,SH-SY5Y,20,96,4.05E-07,3.55E-05,0.000149595,0.237577377,N,
2832,Dicofol,115-32-2,SH-SY5Y,20,96,7.36E-07,1.40E-06,0.000149264,0.009370768,N,
2833,Dieldrin,60-57-1,SH-SY5Y,20,96,6.63E-07,1.33E-06,0.000149337,0.008935353,N,
2834,Disulfoton,298-04-4,SH-SY5Y,20,96,4.86E-07,2.62E-05,0.000149514,0.175183537,N,
2835,Endosulfan I,115-29-7,SH-SY5Y,20,96,5.79E-07,1.55E-05,0.000149421,0.103586578,N,
2836,Endrin,72-20-8,SH-SY5Y,20,96,4.75E-07,1.30E-05,0.000149525,0.087231109,N,
2837,Ethion,563-12-2,SH-SY5Y,20,96,4.76E-07,1.08E-05,0.000149524,0.072170854,N,
2838,Heptachlor,76-44-8,SH-SY5Y,20,96,7.45E-07,5.07E-07,0.000149255,0.003398105,N,
2839,Heptachlor epoxide B,1024-57-3,SH-SY5Y,20,96,6.75E-07,8.80E-07,0.000149325,0.005894128,N,
2840,Lindane,58-89-9,SH-SY5Y,20,96,4.77E-07,2.93E-05,0.000149523,0.196071627,N,
2841,"Methoxychlor-o,p'",72-43-5,SH-SY5Y,20,96,5.94E-07,7.00E-07,0.000149406,0.004682594,N,
2842,Parathion,56-38-2,SH-SY5Y,20,96,4.55E-07,3.37E-05,0.000149545,0.225504635,N,
2843,Trifluralin,1582-09-8,SH-SY5Y,20,96,4.80E-07,3.49E-06,0.00014952,0.02332299,N,
2844,Cisapride,81098-60-4,SH-SY5Y,20,96,3.70E-07,4.93E-05,0.00014963,0.329212211,B,7.8
2845,Citalopram hydrobromide,59729-33-8,SH-SY5Y,20,96,1.42E-07,1.06E-04,0.000149858,0.705484197,N,
2846,Dofetilide,115256-11-6,SH-SY5Y,20,96,7.20E-08,1.37E-04,0.000149928,0.912869047,B,8.4
2847,Moxifloxacin hydrochloride,186826-86-8,SH-SY5Y,20,96,4.01E-08,0.000148741,0.00014996,0.991869415,A,6
2848,N-acetylpro-cainamide,32795-44-1,SH-SY5Y,20,96,3.88E-08,0.000149263,0.000149961,0.995346118,B,9.2
2849,Quinidine sulfate,50-54-4,SH-SY5Y,20,96,8.08E-08,1.34E-04,0.000149919,0.892068347,B,9.3
2850,Sematilide,101526-83-4,SH-SY5Y,20,96,3.89E-08,0.000149243,0.000149961,0.995208279,B,9.1
2851,Sotalol hydrochloride,959-24-0,SH-SY5Y,20,96,3.76E-08,0.000149759,0.000149962,0.99864702,B,9
2852,Mifepristone,84371-65-3,SH-SY5Y,20,96,7.19E-07,1.86E-06,0.000149281,0.012457904,N,
2853,Perfluorobutanesulfonic_acid,375-73-5,SH-SY5Y,20,96,3.71E-08,0.000149963,0.000149963,0.999999993,A,-2.9
2854,4_2_Fluorotelomer_sulfonic_acid,757124-72-4,SH-SY5Y,20,96,,,,,A,1.4
2855,Perfluorononanoic_acid,375-95-1,SH-SY5Y,20,96,4.06E-07,8.54E-07,0.000149594,0.005711252,A,0.1
2856,Perfluorohexanoic_acid,307-24-4,SH-SY5Y,20,96,3.15E-07,3.45E-05,0.000149685,0.23031378,A,0.1
2857,Perfluorobutanoic_acid,375-22-4,SH-SY5Y,20,96,,,,,A,0.1
2858,Perfluorooctanoic_acid,335-67-1,SH-SY5Y,20,96,3.89E-07,1.90E-06,0.000149611,0.012700696,A,0.1
2859,6_2_Fluorotelomer_sulfonic_acid,27619-97-2,SH-SY5Y,20,96,3.59E-07,1.05E-05,0.000149641,0.069983238,A,1.4
2860,8_2_Fluorotelomer_sulfonic_acid,39108-34-4,SH-SY5Y,20,96,3.81E-07,9.97E-07,0.000149619,0.006661934,A,1.4
2861,Perfluoroundecanoic_acid,2058-94-8,SH-SY5Y,20,96,3.94E-07,2.06E-07,0.000149606,0.00137379,A,0.1
2862,Perfluorooctanesulfonic_acid,1763-23-1,SH-SY5Y,20,96,4.44E-07,4.85E-07,0.000149556,0.00324359,A,-2.9
2863,Perfluoroheptanoic_acid,375-85-9,SH-SY5Y,20,96,3.79E-07,3.53E-06,0.000149621,0.023597239,A,0.1
2864,Perfluoropentanoic_acid,2706-90-3,SH-SY5Y,20,96,,,,,A,0.1
2865,Perfluorohexanesulfonic_acid,355-46-4,SH-SY5Y,20,96,3.98E-07,7.38E-07,0.000149602,0.004933071,A,-2.9
2866,Perfluorodecanoic_acid,335-76-2,SH-SY5Y,20,96,4.30E-07,4.43E-07,0.00014957,0.00296064,A,0.1
2867,cyclosporine A,59865-13-3,SH-SY5Y,20,96,3.43E-07,1.76E-05,0.000149657,0.117888037,N,
2868,chlorpromazine,50-53-3,SH-SY5Y,20,96,4.79E-07,2.62E-05,0.000149521,0.175161341,B,9.4
2869,PBDE 47,5436-43-1,SH-SY5Y,20,96,7.81E-07,4.47E-08,0.000149219,3.00E-04,N,
2870,PBDE 99,60348-60-9,SH-SY5Y,20,96,8.20E-07,2.02E-08,0.00014918,1.35E-04,N,
2871,PBDE 153,68631-49-2,SH-SY5Y,20,96,8.56E-07,8.01E-09,0.000149144,5.37E-05,N,
2872,amiodarone,1951-25-3,SH-SY5Y,20,96,8.37E-07,2.01E-07,0.000149163,1.35E-03,B,9
2873,Azathioprine,446-86-6,SH-SY5Y,20,96,3.85E-08,0.000149405,0.000149962,0.996288346,A,8.2
2874,Benzocaine,94-09-7,SH-SY5Y,20,96,1.52E-07,0.000109491,0.000149848,0.730677885,N,
2875,Butylated hydroxyanisole,25013-16-5,SH-SY5Y,20,96,4.81947E-07,2.56257E-05,0.000149518,0.171388945,N,
2876,Cetirizine dihydrochloride,83881-52-1,SH-SY5Y,20,96,3.73E-08,0.000149888,0.000149963,0.999501501,A,4.7
2877,Cyclamate,139-05-9,SH-SY5Y,20,96,3.71E-08,0.000149963,0.000149963,1,B,17.6
2878,Cyclophosphamide,6055-19-2,SH-SY5Y,20,96,5.22E-08,0.000144098,0.000149948,0.960988049,B,6.1
2879,Cypermethrin,67375-30-8,SH-SY5Y,20,96,8.92E-07,4.84E-08,0.000149108,3.24E-04,N,
2880,DEET,134-62-3,SH-SY5Y,20,96,1.24E-07,1.20E-04,0.000149876,0.801451163,N,
2881,Dexamethasone,50-02-2,SH-SY5Y,20,96,1.60E-07,0.000100524,0.00014984,0.670872591,N,
2882,Digoxin,20830-75-5,SH-SY5Y,20,96,4.39E-08,0.000147198,0.000149956,0.981608233,N,
2883,Fenazaquin,120928-09-8,SH-SY5Y,20,96,7.92E-07,5.15E-07,0.000149208,0.00345253,N,
2884,Fenbuconazole,114369-43-6,SH-SY5Y,20,96,4.39E-07,3.39E-05,0.000149561,0.226521303,N,
2885,Fluazinam,79622-59-6,SH-SY5Y,20,96,5.51E-07,5.34E-06,0.000149449,0.035704593,N,
2886,Furosemide,54-31-9,SH-SY5Y,20,96,3.72E-08,0.000149923,0.000149963,0.999734534,A,3
2887,Glybenclamide,10238-21-8,SH-SY5Y,20,96,2.48E-07,8.12E-05,0.000149752,0.542236918,A,5
2888,HC Red 3,2871-01-4,SH-SY5Y,20,96,4.32E-08,0.00014754,0.000149957,0.983886323,N,
2889,Hydralazine hydrochloride,304-20-1,SH-SY5Y,20,96,5.31E-08,0.000143765,0.000149947,0.958775398,B,6
2890,Ketoconazole,65277-42-1,SH-SY5Y,20,96,4.96E-07,2.31E-05,0.000149504,0.1547731,B,6.6
2891,Metformin,1115-70-4,SH-SY5Y,20,96,3.72E-08,0.00014995,0.000149963,0.999916077,B,9.6
2892,Metoclopramide,364-62-5,SH-SY5Y,20,96,6.34E-08,1.40E-04,0.000149937,0.933409624,B,9
2893,Nitrofurantoin,67-20-9,SH-SY5Y,20,96,3.84E-08,0.000149457,0.000149962,0.996637139,A,7.3
2894,Oxytetracycline hydrochloride,2058-46-0,SH-SY5Y,20,96,3.72E-08,0.000149961,0.000149963,0.999990909,A,4.5
2895,Panthenol,16485-10-2 ,SH-SY5Y,20,96,3.82E-08,0.000149513,0.000149962,0.997008193,N,
2896,Paracetamol,103-90-2,SH-SY5Y,20,96,5.64E-08,0.000142244,0.000149944,0.9486514,N,
2897,Topiramate,97240-79-4,SH-SY5Y,20,96,3.72E-08,0.000149953,0.000149963,0.999931513,A,9.2
2898,Trimellitic anhydride,552-30-7,SH-SY5Y,20,96,3.72E-08,0.000149937,0.000149963,0.999829482,A,3.3
2899,Verapamil hydrochloride,152-11-4,SH-SY5Y,20,96,3.02E-07,6.64E-05,0.000149698,0.443330403,B,9.2
2900,Warfarin,129-06-6,SH-SY5Y,20,96,3.67E-07,9.92E-06,0.000149633,0.066328664,N,
2901,Caffeine,58-08-2,HEK293H,20,96,5.91E-08,0.000149036,0.000149941,0.993967836,N,
2902,Lamotrigine,84057-84-1,HEK293H,20,96,8.21E-07,7.00E-05,0.000149179,0.469403911,B,6.6
2903,Diclofenac,15307-79-6,HEK293H,20,96,9.59E-07,1.218E-06,0.000149041,0.008172265,B,17.6
2904,"2,4-Dichlorophenoxyacetic",94-75-7,HEK293H,20,96,5.22E-08,1.50E-04,0.000149948,0.999416579,A,2.7
2905,(S)-Naproxen,22204-53-1,HEK293H,20,96,7.08E-08,1.47E-04,0.000149929,0.982525126,A,4.4
2906,Ibuprofen,15687-27-1,HEK293H,20,96,3.23E-07,1.21E-04,0.000149677,0.805781782,A,5.4
2907,Torasemide,56211-40-6,HEK293H,20,96,6.49E-08,1.48E-04,0.000149935,0.987605921,A,4
2908,Warfarin,81-81-2,HEK293H,20,96,6.15E-08,1.49E-04,0.000149938,0.990629362,A,4.5
2909,di-n-butylphthalate,84-74-2,HEK293H,20,96,1.98E-06,7.67E-06,0.000148016,0.051793038,N,
2910,hexachlorophene,70-30-4,HEK293H,20,96,4.05E-06,9.21E-08,0.000145953,6.31E-04,A,6.2
2911,hexamethylenetetramine,100-97-0,HEK293H,20,96,5.31E-08,0.000149721,0.000149947,0.998491096,B,6.4
2912,Malathion,121-75-5,HEK293H,20,96,7.64E-07,6.87E-05,0.000149236,0.46008068,N,
2913,pentachlorophenol,87-86-5,HEK293H,20,96,1.07E-06,6.31E-05,0.000148927,0.423668282,A,5
2914,"2,2,2-trichloroethanol",115-20-8,HEK293H,20,96,2.22E-07,0.000129143,0.000149778,0.862228195,N,
2915,diethylphthalate,84-66-2,HEK293H,20,96,7.08E-07,8.84E-05,0.000149292,0.591993671,N,
2916,4-chlorophenol,106-48-9,HEK293H,20,96,7.76E-07,7.09E-05,0.000149224,0.475343014,N,
2917,permethrin,52645-53-1,HEK293H,20,96,3.67E-06,2.16E-08,0.000146328,0.000147354,N,
2918,Aniline,62-53-3,HEK293H,20,96,1.69E-07,0.000136555,0.000149831,0.911395617,N,
2919,4-fluoroaniline,371-40-4,HEK293H,20,96,1.71E-07,0.000135857,0.000149829,0.906745756,N,
2920,"2,4,6-trichlorophenol",88-06-2,HEK293H,20,96,1.37E-06,4.61E-05,0.000148635,0.310361628,A,6.8
2921,Allyl alcohol,107-18-6,HEK293H,20,96,6.32E-08,0.000148442,0.000149937,0.990030583,N,
2922,N-methylaniline,100-61-8,HEK293H,20,96,3.26E-07,0.000121654,0.000149674,0.812795753,N,
2923,"3,4-dichloroaniline",95-76-1,HEK293H,20,96,1.13E-06,4.61E-05,0.000148866,0.309790853,N,
2924,4-decylaniline,37529-30-9,HEK293H,20,96,2.75E-06,1.54E-07,0.000147254,0.001046946,N,
2925,naphthalene,91-20-3,HEK293H,20,96,1.53E-06,3.35E-05,0.000148475,0.225844213,N,
2926,"1,2,4-trichlorobenzene",120-82-1,HEK293H,20,96,2.19E-06,7.14E-06,0.000147808,0.048331489,N,
2927,"1,2-dichlorobenzene",95-50-1,HEK293H,20,96,1.69E-06,2.43E-05,0.000148305,0.163663205,N,
2928,dichloromethane,75-09-2,HEK293H,20,96,2.28E-07,0.00013085,0.000149772,0.873663154,N,
2929,tetrachloroethylene,127-18-4,HEK293H,20,96,1.55E-06,3.55E-05,0.000148452,0.239407977,N,
2930,"2,3-dimethyl-1,3-butadiene",513-81-5,HEK293H,20,96,8.22E-07,8.12E-05,1.49E-04,0.544545459,N,
2931,Eugenol F,97-53-0,HEK293H,20,96,6.16E-07,9.40E-05,0.000149384,0.629225484,N,
2932,Methyl-antranilate,134-20-3,HEK293H,20,96,2.81E-07,0.000128135,0.000149719,0.855838679,N,
2933,Lilyfore,285977-85-7,HEK293H,20,96,1.63E-06,3.31E-05,0.000148366,0.223345495,N,
2934,Damascone beta,23726-91-2,HEK293H,20,96,2.65E-06,5.68E-06,0.000147352,0.038545277,N,
2935,Veloutone,14595-54-1,HEK293H,20,96,3.42E-06,8.12E-07,0.000146583,0.005539476,N,
2936,Verdox,82356-51-2,HEK293H,20,96,4.11522E-06,6.85112E-08,0.000145885,0.000469625,N,
2937,Nirvanol,1506-02-1,HEK293H,20,96,3.69598E-06,3.40099E-07,0.000146304,0.002324602,N,
2938,Cetalox,3738-00-9,HEK293H,20,96,3.50E-06,6.35E-07,0.000146501,0.00433224,N,
2939,Tonalide,21145-77-7,HEK293H,20,96,3.70E-06,3.40E-07,0.000146304,0.002324602,N,
2940,"2,4-Dinitrophenol",51-28-5,HEK293H,20,96,5.25E-08,0.000149813,0.000149947,0.99910627,A,4.1
2941,Aldrin,309-00-2,HEK293H,20,96,3.00E-06,2.79E-07,0.000147,0.001897808,N,
2942,Azinphos-methyl,86-50-0,HEK293H,20,96,1.11E-06,6.10E-05,0.000148894,0.409954765,N,
2943,Chlorpyrifos,2921-88-2,HEK293H,20,96,2.52E-06,7.61E-06,0.000147478,0.051583839,N,
2944,"DDD-p,p'",50-29-3,HEK293H,20,96,3.06E-06,1.79E-08,0.000146937,1.22E-04,N,
2945,"DDT-o,p'",789-02-6,HEK293H,20,96,2.78E-06,5.02E-08,0.000147218,3.41E-04,N,
2946,"DDT-p,p'",72-54-8,HEK293H,20,96,2.97E-06,5.10E-08,0.000147027,0.000346547,N,
2947,Diazinon,333-41-5,HEK293H,20,96,1.42E-06,3.53E-05,0.000148583,0.237577377,N,
2948,Dicofol,115-32-2,HEK293H,20,96,3.23E-06,1.38E-06,0.000146771,0.009370768,N,
2949,Dieldrin,60-57-1,HEK293H,20,96,2.77E-06,1.32E-06,0.000147233,0.008935353,N,
2950,Disulfoton,298-04-4,HEK293H,20,96,1.86E-06,2.60E-05,0.000148145,0.175183537,N,
2951,Endosulfan I,115-29-7,HEK293H,20,96,2.36E-06,1.53E-05,0.000147642,0.103586578,N,
2952,Endrin,72-20-8,HEK293H,20,96,1.67E-06,1.29E-05,0.000148332,0.087231109,N,
2953,Ethion,563-12-2,HEK293H,20,96,1.65E-06,1.07E-05,0.000148346,0.072170854,N,
2954,Heptachlor,76-44-8,HEK293H,20,96,3.28E-06,4.99E-07,0.000146723,0.003398105,N,
2955,Heptachlor epoxide B,1024-57-3,HEK293H,20,96,2.84E-06,8.67E-07,0.000147159,0.005894128,N,
2956,Lindane,58-89-9,HEK293H,20,96,1.83E-06,2.91E-05,0.000148174,0.196071627,N,
2957,"Methoxychlor-o,p'",72-43-5,HEK293H,20,96,2.32E-06,6.92E-07,0.000147679,0.004682594,N,
2958,Parathion,56-38-2,HEK293H,20,96,1.72E-06,3.34E-05,0.000148277,0.225504635,N,
2959,Trifluralin,1582-09-8,HEK293H,20,96,1.61E-06,3.46E-06,0.000148385,0.02332299,N,
2960,Cisapride,81098-60-4,HEK293H,20,96,1.31E-06,4.89E-05,0.000148687,0.329212211,B,7.8
2961,Citalopram hydrobromide,59729-33-8,HEK293H,20,96,3.41E-07,1.06E-04,0.000149659,0.705484197,N,
2962,Dofetilide,115256-11-6,HEK293H,20,96,1.62E-07,1.37E-04,0.000149838,0.912869047,B,8.4
2963,Moxifloxacin hydrochloride,186826-86-8,HEK293H,20,96,6.02E-08,0.000148721,0.00014994,0.991869415,A,6
2964,N-acetylpro-cainamide,32795-44-1,HEK293H,20,96,5.64E-08,0.000149246,0.000149944,0.995346118,B,9.2
2965,Quinidine sulfate,50-54-4,HEK293H,20,96,1.91E-07,1.34E-04,0.000149809,0.892068347,B,9.3
2966,Sematilide,101526-83-4,HEK293H,20,96,5.65E-08,0.000149225,0.000149943,0.995208279,B,9.1
2967,Sotalol hydrochloride,959-24-0,HEK293H,20,96,5.30E-08,0.000149744,0.000149947,0.99864702,B,9
2968,Mifepristone,84371-65-3,HEK293H,20,96,3.12E-06,1.83E-06,0.000146878,0.012457904,N,
2969,Perfluorobutanesulfonic_acid,375-73-5,HEK293H,20,96,5.16E-08,0.000149948,0.000149948,0.999999993,A,-2.9
2970,4_2_Fluorotelomer_sulfonic_acid,757124-72-4,HEK293H,20,96,,,,,A,1.4
2971,Perfluorononanoic_acid,375-95-1,HEK293H,20,96,1.12E-06,8.50E-07,0.000148883,0.005711252,A,0.1
2972,Perfluorohexanoic_acid,307-24-4,HEK293H,20,96,8.29E-07,3.44E-05,0.000149171,0.23031378,A,0.1
2973,Perfluorobutanoic_acid,375-22-4,HEK293H,20,96,,,,,A,0.1
2974,Perfluorooctanoic_acid,335-67-1,HEK293H,20,96,1.02E-06,1.89E-06,0.000148984,0.012700696,A,0.1
2975,6_2_Fluorotelomer_sulfonic_acid,27619-97-2,HEK293H,20,96,8.97E-07,1.04E-05,0.000149103,0.069983238,A,1.4
2976,8_2_Fluorotelomer_sulfonic_acid,39108-34-4,HEK293H,20,96,9.54E-07,9.93E-07,0.000149046,0.006661934,A,1.4
2977,Perfluoroundecanoic_acid,2058-94-8,HEK293H,20,96,1.04E-06,2.05E-07,0.000148965,0.00137379,A,0.1
2978,Perfluorooctanesulfonic_acid,1763-23-1,HEK293H,20,96,1.36E-06,4.82E-07,0.000148643,0.00324359,A,-2.9
2979,Perfluoroheptanoic_acid,375-85-9,HEK293H,20,96,9.70E-07,3.52E-06,0.00014903,0.023597239,A,0.1
2980,Perfluoropentanoic_acid,2706-90-3,HEK293H,20,96,,,,,A,0.1
2981,Perfluorohexanesulfonic_acid,355-46-4,HEK293H,20,96,1.06E-06,7.35E-07,0.000148938,0.004933071,A,-2.9
2982,Perfluorodecanoic_acid,335-76-2,HEK293H,20,96,1.27E-06,4.40E-07,0.000148731,0.00296064,A,0.1
2983,cyclosporine A,59865-13-3,HEK293H,20,96,8.59E-07,1.76E-05,0.000149141,0.117888037,N,
2984,chlorpromazine,50-53-3,HEK293H,20,96,1.81E-06,2.60E-05,0.00014819,0.175161341,B,9.4
2985,PBDE 47,5436-43-1,HEK293H,20,96,3.50E-06,4.39E-08,0.0001465,3.00E-04,N,
2986,PBDE 99,60348-60-9,HEK293H,20,96,3.74E-06,1.98E-08,0.000146255,1.35E-04,N,
2987,PBDE 153,68631-49-2,HEK293H,20,96,3.97E-06,7.84E-09,0.00014603,5.37E-05,N,
2988,amiodarone,1951-25-3,HEK293H,20,96,3.85E-06,1.97E-07,0.000146147,1.35E-03,B,9
2989,Azathioprine,446-86-6,HEK293H,20,96,5.54E-08,0.000149388,0.000149945,0.996288346,A,8.2
2990,Benzocaine,94-09-7,HEK293H,20,96,4.38E-07,0.000109281,0.000149562,0.730677885,N,
2991,Butylated hydroxyanisole,25013-16-5,HEK293H,20,96,1.82448E-06,2.53956E-05,0.000148176,0.171388945,N,
2992,Cetirizine dihydrochloride,83881-52-1,HEK293H,20,96,5.21E-08,0.000149873,0.000149948,0.999501501,A,4.7
2993,Cyclamate,139-05-9,HEK293H,20,96,5.16E-08,0.000149948,0.000149948,1,B,17.6
2994,Cyclophosphamide,6055-19-2,HEK293H,20,96,9.71E-08,0.000144055,0.000149903,0.960988049,B,6.1
2995,Cypermethrin,67375-30-8,HEK293H,20,96,4.20E-06,4.73E-08,0.000145805,3.24E-04,N,
2996,DEET,134-62-3,HEK293H,20,96,3.53E-07,1.20E-04,0.000149647,0.801451163,N,
2997,Dexamethasone,50-02-2,HEK293H,20,96,4.09E-07,0.000100356,0.000149591,0.670872591,N,
2998,Digoxin,20830-75-5,HEK293H,20,96,7.06E-08,0.000147172,0.000149929,0.981608233,N,
2999,Fenazaquin,120928-09-8,HEK293H,20,96,3.57E-06,5.06E-07,0.000146427,0.00345253,N,
3000,Fenbuconazole,114369-43-6,HEK293H,20,96,1.62E-06,3.36E-05,0.000148377,0.226521303,N,
3001,Fluazinam,79622-59-6,HEK293H,20,96,2.09E-06,5.28E-06,0.000147911,0.035704593,N,
3002,Furosemide,54-31-9,HEK293H,20,96,5.19E-08,0.000149908,0.000149948,0.999734534,A,3
3003,Glybenclamide,10238-21-8,HEK293H,20,96,8.09E-07,8.09E-05,0.000149191,0.542236918,A,5
3004,HC Red 3,2871-01-4,HEK293H,20,96,6.92E-08,0.000147515,0.000149931,0.983886323,N,
3005,Hydralazine hydrochloride,304-20-1,HEK293H,20,96,9.99E-08,0.000143721,0.0001499,0.958775398,B,6
3006,Ketoconazole,65277-42-1,HEK293H,20,96,1.89E-06,2.29E-05,0.000148107,0.1547731,B,6.6
3007,Metformin,1115-70-4,HEK293H,20,96,5.17E-08,0.000149936,0.000149948,0.999916077,B,9.6
3008,Metoclopramide,364-62-5,HEK293H,20,96,1.33E-07,1.40E-04,0.000149867,0.933409624,B,9
3009,Nitrofurantoin,67-20-9,HEK293H,20,96,5.50E-08,0.000149441,0.000149945,0.996637139,A,7.3
3010,Oxytetracycline hydrochloride,2058-46-0,HEK293H,20,96,5.16E-08,0.000149947,0.000149948,0.999990909,A,4.5
3011,Panthenol,16485-10-2 ,HEK293H,20,96,5.46E-08,0.000149497,0.000149945,0.997008193,N,
3012,Paracetamol,103-90-2,HEK293H,20,96,1.08E-07,0.000142195,0.000149892,0.9486514,N,
3013,Topiramate,97240-79-4,HEK293H,20,96,5.17E-08,0.000149938,0.000149948,0.999931513,A,9.2
3014,Trimellitic anhydride,552-30-7,HEK293H,20,96,5.18E-08,0.000149923,0.000149948,0.999829482,A,3.3
3015,Verapamil hydrochloride,152-11-4,HEK293H,20,96,1.03E-06,6.60E-05,0.000148974,0.443330403,B,9.2
3016,Warfarin,129-06-6,HEK293H,20,96,9.45E-07,9.89E-06,0.000149055,0.066328664,N,
3017,Caffeine,58-08-2,Rat cerebellar granule cell,2,384,1.73E-08,4.00E-05,4.00E-05,0.999396318,N,
3018,Lamotrigine,84057-84-1,Rat cerebellar granule cell,2,384,4.26E-06,3.21E-05,3.57E-05,0.898869215,B,6.6
3019,Diclofenac,15307-79-6,Rat cerebellar granule cell,2,384,1.22E-06,2.96E-06,3.88E-05,0.076453185,B,17.6
3020,"2,4-Dichlorophenoxyacetic",94-75-7,Rat cerebellar granule cell,2,384,5.32E-10,4.00E-05,4.00E-05,0.999941899,A,2.7
3021,(S)-Naproxen,22204-53-1,Rat cerebellar granule cell,2,384,2.91E-08,3.99E-05,4.00E-05,0.998232857,A,4.4
3022,Ibuprofen,15687-27-1,Rat cerebellar granule cell,2,384,9.72E-07,3.81E-05,3.90E-05,0.976571415,A,5.4
3023,Torasemide,56211-40-6,Rat cerebellar granule cell,2,384,1.81E-08,3.99E-05,4.00E-05,0.99875245,A,4
3024,Warfarin,81-81-2,Rat cerebellar granule cell,2,384,1.24E-08,4.00E-05,4.00E-05,0.99905937,A,4.5
3025,di-n-butylphthalate,84-74-2,Rat cerebellar granule cell,2,384,2.46E-05,5.45E-06,1.54E-05,0.354330737,N,
3026,hexachlorophene,70-30-4,Rat cerebellar granule cell,2,384,3.49E-05,3.24E-08,5.14E-06,6.30E-03,A,6.2
3027,hexamethylenetetramine,100-97-0,Rat cerebellar granule cell,2,384,1.24E-09,4.00E-05,4.00E-05,0.999849609,B,6.4
3028,Malathion,121-75-5,Rat cerebellar granule cell,2,384,3.44E-06,3.27E-05,3.66E-05,0.895410824,N,
3029,pentachlorophenol,87-86-5,Rat cerebellar granule cell,2,384,7.31E-06,2.88E-05,3.27E-05,0.880747494,A,5
3030,"2,2,2-trichloroethanol",115-20-8,Rat cerebellar granule cell,2,384,4.41E-07,3.89E-05,3.96E-05,0.984344932,N,
3031,diethylphthalate,84-66-2,Rat cerebellar granule cell,2,384,3.55E-06,3.41E-05,3.64E-05,0.935804512,N,
3032,4-chlorophenol,106-48-9,Rat cerebellar granule cell,2,384,3.70E-06,3.27E-05,3.63E-05,0.901014896,N,
3033,permethrin,52645-53-1,Rat cerebellar granule cell,2,384,3.43E-05,8.48E-09,5.73E-06,0.00147847,N,
3034,Aniline,62-53-3,Rat cerebellar granule cell,2,384,3.40E-07,3.93E-05,3.97E-05,0.990416248,N,
3035,4-fluoroaniline,371-40-4,Rat cerebellar granule cell,2,384,3.26E-07,3.93E-05,3.97E-05,0.989867198,N,
3036,"2,4,6-trichlorophenol",88-06-2,Rat cerebellar granule cell,2,384,1.13E-05,2.35E-05,2.87E-05,0.818887929,A,6.8
3037,Allyl alcohol,107-18-6,Rat cerebellar granule cell,2,384,2.19E-08,3.99E-05,4.00E-05,0.99899872,N,
3038,N-methylaniline,100-61-8,Rat cerebellar granule cell,2,384,1.05E-06,3.81E-05,3.89E-05,0.977589057,N,
3039,"3,4-dichloroaniline",95-76-1,Rat cerebellar granule cell,2,384,8.30E-06,2.59E-05,3.17E-05,0.818491891,N,
3040,4-decylaniline,37529-30-9,Rat cerebellar granule cell,2,384,3.18E-05,8.52E-08,8.18E-06,0.010419834,N,
3041,naphthalene,91-20-3,Rat cerebellar granule cell,2,384,1.42E-05,1.92E-05,2.58E-05,0.74560973,N,
3042,"1,2,4-trichlorobenzene",120-82-1,Rat cerebellar granule cell,2,384,2.64E-05,4.59E-06,1.36E-05,0.337853814,N,
3043,"1,2-dichlorobenzene",95-50-1,Rat cerebellar granule cell,2,384,1.75E-05,1.49E-05,2.25E-05,0.662854229,N,
3044,dichloromethane,75-09-2,Rat cerebellar granule cell,2,384,5.91E-07,3.88E-05,3.94E-05,0.985811083,N,
3045,tetrachloroethylene,127-18-4,Rat cerebellar granule cell,2,384,1.43E-05,1.95E-05,2.57E-05,0.759754206,N,
3046,"2,3-dimethyl-1,3-butadiene",513-81-5,Rat cerebellar granule cell,2,384,4.62E-06,3.27E-05,3.54E-05,0.923148558,N,
3047,Eugenol F,97-53-0,Rat cerebellar granule cell,2,384,2.75E-06,3.52E-05,3.73E-05,0.944598641,N,
3048,Methyl-antranilate,134-20-3,Rat cerebellar granule cell,2,384,9.50E-07,3.84E-05,3.91E-05,0.983510579,N,
3049,Lilyfore,285977-85-7,Rat cerebellar granule cell,2,384,1.55E-05,1.82E-05,2.45E-05,0.742878677,N,
3050,Damascone beta,23726-91-2,Rat cerebellar granule cell,2,384,2.95E-05,3.02E-06,1.05E-05,0.287132152,N,
3051,Veloutone,14595-54-1,Rat cerebellar granule cell,2,384,3.35E-05,3.44E-07,6.49E-06,0.052998348,N,
3052,Verdox,82356-51-2,Rat cerebellar granule cell,2,384,3.497E-05,2.36325E-08,5.03002E-06,0.004698297,N,
3053,Nirvanol,1506-02-1,Rat cerebellar granule cell,2,384,3.42186E-05,1.32242E-07,5.78135E-06,0.022873913,N,
3054,Cetalox,3738-00-9,Rat cerebellar granule cell,2,384,3.37E-05,2.62E-07,6.25E-06,0.041883862,N,
3055,Tonalide,21145-77-7,Rat cerebellar granule cell,2,384,3.42E-05,1.32E-07,5.78E-06,0.022873913,N,
3056,"2,4-Dinitrophenol",51-28-5,Rat cerebellar granule cell,2,384,7.44E-10,4.00E-05,4.00E-05,0.999910972,A,4.1
3057,Aldrin,309-00-2,Rat cerebellar granule cell,2,384,3.26E-05,1.38E-07,7.39E-06,0.018745173,N,
3058,Azinphos-methyl,86-50-0,Rat cerebellar granule cell,2,384,7.72E-06,2.82E-05,3.23E-05,0.874693198,N,
3059,Chlorpyrifos,2921-88-2,Rat cerebellar granule cell,2,384,2.83E-05,4.15E-06,1.17E-05,0.353354931,N,
3060,"DDD-p,p'",50-29-3,Rat cerebellar granule cell,2,384,3.29E-05,8.72E-09,7.11E-06,0.001225605,N,
3061,"DDT-o,p'",789-02-6,Rat cerebellar granule cell,2,384,3.20E-05,2.74E-08,8.01E-06,0.003418191,N,
3062,"DDT-p,p'",72-54-8,Rat cerebellar granule cell,2,384,3.26E-05,2.56E-08,7.39E-06,0.003470824,N,
3063,Diazinon,333-41-5,Rat cerebellar granule cell,2,384,1.27E-05,2.07E-05,2.73E-05,0.757909574,N,
3064,Dicofol,115-32-2,Rat cerebellar granule cell,2,384,3.29E-05,6.17E-07,7.11E-06,0.086789173,N,
3065,Dieldrin,60-57-1,Rat cerebellar granule cell,2,384,3.15E-05,7.09E-07,8.53E-06,0.0830581,N,
3066,Disulfoton,298-04-4,Rat cerebellar granule cell,2,384,1.89E-05,1.44E-05,2.11E-05,0.680904958,N,
3067,Endosulfan I,115-29-7,Rat cerebellar granule cell,2,384,2.51E-05,8.00E-06,1.49E-05,0.537247487,N,
3068,Endrin,72-20-8,Rat cerebellar granule cell,2,384,1.96E-05,9.98E-06,2.04E-05,0.48983608,N,
3069,Ethion,563-12-2,Rat cerebellar granule cell,2,384,2.01E-05,8.74E-06,1.99E-05,0.438672621,N,
3070,Heptachlor,76-44-8,Rat cerebellar granule cell,2,384,3.33E-05,2.22E-07,6.72E-06,0.033122055,N,
3071,Heptachlor epoxide B,1024-57-3,Rat cerebellar granule cell,2,384,3.19E-05,4.56E-07,8.11E-06,0.056219672,N,
3072,Lindane,58-89-9,Rat cerebellar granule cell,2,384,1.80E-05,1.56E-05,2.20E-05,0.710174209,N,
3073,"Methoxychlor-o,p'",72-43-5,Rat cerebellar granule cell,2,384,2.97E-05,4.66E-07,1.03E-05,0.045133402,N,
3074,Parathion,56-38-2,Rat cerebellar granule cell,2,384,1.64E-05,1.76E-05,2.36E-05,0.745240963,N,
3075,Trifluralin,1582-09-8,Rat cerebellar granule cell,2,384,2.20E-05,3.48E-06,1.80E-05,0.193495379,N,
3076,Cisapride,81098-60-4,Rat cerebellar granule cell,2,384,1.05E-05,2.45E-05,2.95E-05,0.831389931,B,7.8
3077,Citalopram hydrobromide,59729-33-8,Rat cerebellar granule cell,2,384,2.67E-07,3.81E-05,3.97E-05,0.960105784,N,
3078,Dofetilide,115256-11-6,Rat cerebellar granule cell,2,384,2.85E-07,3.93E-05,3.97E-05,0.990589188,B,8.4
3079,Moxifloxacin hydrochloride,186826-86-8,Rat cerebellar granule cell,2,384,1.02E-08,4.00E-05,4.00E-05,0.999184765,A,6
3080,N-acetylpro-cainamide,32795-44-1,Rat cerebellar granule cell,2,384,4.87E-09,4.00E-05,4.00E-05,0.999534833,B,9.2
3081,Quinidine sulfate,50-54-4,Rat cerebellar granule cell,2,384,3.92E-07,3.91E-05,3.96E-05,0.988100699,B,9.3
3082,Sematilide,101526-83-4,Rat cerebellar granule cell,2,384,5.06E-09,4.00E-05,4.00E-05,0.999520996,B,9.1
3083,Sotalol hydrochloride,959-24-0,Rat cerebellar granule cell,2,384,1.11E-09,4.00E-05,4.00E-05,0.999865169,B,9
3084,Mifepristone,84371-65-3,Rat cerebellar granule cell,2,384,3.24E-05,8.49E-07,7.55E-06,0.112485212,N,
3085,Perfluorobutanesulfonic_acid,375-73-5,Rat cerebellar granule cell,2,384,2.59E-10,4.00E-05,4.00E-05,0.999999999,A,-2.9
3086,4_2_Fluorotelomer_sulfonic_acid,757124-72-4,Rat cerebellar granule cell,2,384,,,,,A,1.4
3087,Perfluorononanoic_acid,375-95-1,Rat cerebellar granule cell,2,384,1.04E-05,1.61E-06,2.96E-05,0.054561056,A,0.1
3088,Perfluorohexanoic_acid,307-24-4,Rat cerebellar granule cell,2,384,2.23E-06,2.83E-05,3.78E-05,0.750395014,A,0.1
3089,Perfluorobutanoic_acid,375-22-4,Rat cerebellar granule cell,2,384,,,,,A,0.1
3090,Perfluorooctanoic_acid,335-67-1,Rat cerebellar granule cell,2,384,5.19E-06,3.98E-06,3.48E-05,0.114451504,A,0.1
3091,6_2_Fluorotelomer_sulfonic_acid,27619-97-2,Rat cerebellar granule cell,2,384,4.89E-07,1.70E-05,3.95E-05,0.430530653,A,1.4
3092,8_2_Fluorotelomer_sulfonic_acid,39108-34-4,Rat cerebellar granule cell,2,384,7.98E-07,2.47E-06,3.92E-05,0.063126903,A,1.4
3093,Perfluoroundecanoic_acid,2058-94-8,Rat cerebellar granule cell,2,384,6.19E-06,4.61E-07,3.38E-05,0.013632841,A,0.1
3094,Perfluorooctanesulfonic_acid,1763-23-1,Rat cerebellar granule cell,2,384,1.85E-05,6.80E-07,2.15E-05,0.031658894,A,-2.9
3095,Perfluoroheptanoic_acid,375-85-9,Rat cerebellar granule cell,2,384,2.68E-06,7.29E-06,3.73E-05,0.195370366,A,0.1
3096,Perfluoropentanoic_acid,2706-90-3,Rat cerebellar granule cell,2,384,,,,,A,0.1
3097,Perfluorohexanesulfonic_acid,355-46-4,Rat cerebellar granule cell,2,384,7.74E-06,1.53E-06,3.23E-05,0.047444499,A,-2.9
3098,Perfluorodecanoic_acid,335-76-2,Rat cerebellar granule cell,2,384,1.61E-05,6.91E-07,2.39E-05,0.028969216,A,0.1
3099,cyclosporine A,59865-13-3,Rat cerebellar granule cell,2,384,5.60E-07,2.26E-05,3.94E-05,0.573140695,N,
3100,chlorpromazine,50-53-3,Rat cerebellar granule cell,2,384,1.84E-05,1.47E-05,2.16E-05,0.680871579,B,9.4
3101,PBDE 47,5436-43-1,Rat cerebellar granule cell,2,384,3.39E-05,1.82E-08,6.07E-06,0.003004713,N,
3102,PBDE 99,60348-60-9,Rat cerebellar granule cell,2,384,3.44E-05,7.60E-09,5.60E-06,1.36E-03,N,
3103,PBDE 153,68631-49-2,Rat cerebellar granule cell,2,384,3.48E-05,2.82E-09,5.23E-06,5.39E-04,N,
3104,amiodarone,1951-25-3,Rat cerebellar granule cell,2,384,3.45E-05,7.30E-08,5.47E-06,1.34E-02,B,9
3105,Azathioprine,446-86-6,Rat cerebellar granule cell,2,384,3.63E-09,4.00E-05,4.00E-05,0.999629327,A,8.2
3106,Benzocaine,94-09-7,Rat cerebellar granule cell,2,384,1.55E-06,3.71E-05,3.84E-05,0.964611039,N,
3107,Butylated hydroxyanisole,25013-16-5,Rat cerebellar granule cell,2,384,1.86537E-05,1.44114E-05,2.13463E-05,0.6751223,N,
3108,Cetirizine dihydrochloride,83881-52-1,Rat cerebellar granule cell,2,384,4.80E-10,4.00E-05,4.00E-05,0.99995036,A,4.7
3109,Cyclamate,139-05-9,Rat cerebellar granule cell,2,384,2.59E-10,4.00E-05,4.00E-05,1,B,17.6
3110,Cyclophosphamide,6055-19-2,Rat cerebellar granule cell,2,384,8.97E-08,3.97E-05,3.99E-05,0.99597563,B,6.1
3111,Cypermethrin,67375-30-8,Rat cerebellar granule cell,2,384,3.51E-05,1.60E-08,4.91E-06,0.003250177,N,
3112,DEET,134-62-3,Rat cerebellar granule cell,2,384,1.23E-06,3.78E-05,3.88E-05,0.975935279,N,
3113,Dexamethasone,50-02-2,Rat cerebellar granule cell,2,384,7.24E-07,3.74E-05,3.93E-05,0.953442665,N,
3114,Digoxin,20830-75-5,Rat cerebellar granule cell,2,384,2.05E-08,3.99E-05,4.00E-05,0.998138575,N,
3115,Fenazaquin,120928-09-8,Rat cerebellar granule cell,2,384,3.39E-05,2.04E-07,6.06E-06,0.033636478,N,
3116,Fenbuconazole,114369-43-6,Rat cerebellar granule cell,2,384,1.53E-05,1.84E-05,2.47E-05,0.746342805,N,
3117,Fluazinam,79622-59-6,Rat cerebellar granule cell,2,384,2.63E-05,3.71E-06,1.37E-05,0.271137719,N,
3118,Furosemide,54-31-9,Rat cerebellar granule cell,2,384,3.55E-10,4.00E-05,4.00E-05,0.999973571,A,3
3119,Glybenclamide,10238-21-8,Rat cerebellar granule cell,2,384,4.45E-06,3.28E-05,3.55E-05,0.922485861,A,5
3120,HC Red 3,2871-01-4,Rat cerebellar granule cell,2,384,2.60E-08,3.99E-05,4.00E-05,0.998372534,N,
3121,Hydralazine hydrochloride,304-20-1,Rat cerebellar granule cell,2,384,9.70E-08,3.97E-05,3.99E-05,0.995738579,B,6
3122,Ketoconazole,65277-42-1,Rat cerebellar granule cell,2,384,1.98E-05,1.31E-05,2.02E-05,0.647853083,B,6.6
3123,Metformin,1115-70-4,Rat cerebellar granule cell,2,384,2.81E-10,4.00E-05,4.00E-05,0.999991646,B,9.6
3124,Metoclopramide,364-62-5,Rat cerebellar granule cell,2,384,1.93E-07,3.95E-05,3.98E-05,0.992949243,B,9
3125,Nitrofurantoin,67-20-9,Rat cerebellar granule cell,2,384,3.21E-09,4.00E-05,4.00E-05,0.999664266,A,7.3
3126,Oxytetracycline hydrochloride,2058-46-0,Rat cerebellar granule cell,2,384,2.61E-10,4.00E-05,4.00E-05,0.999999095,A,4.5
3127,Panthenol,16485-10-2 ,Rat cerebellar granule cell,2,384,2.77E-09,4.00E-05,4.00E-05,0.99970141,N,
3128,Paracetamol,103-90-2,Rat cerebellar granule cell,2,384,8.69E-08,3.97E-05,3.99E-05,0.994641318,N,
3129,Topiramate,97240-79-4,Rat cerebellar granule cell,2,384,2.76E-10,4.00E-05,4.00E-05,0.999993183,A,9.2
3130,Trimellitic anhydride,552-30-7,Rat cerebellar granule cell,2,384,3.13E-10,4.00E-05,4.00E-05,0.999983025,A,3.3
3131,Verapamil hydrochloride,152-11-4,Rat cerebellar granule cell,2,384,6.76E-06,2.95E-05,3.32E-05,0.88890492,B,9.2
3132,Warfarin,129-06-6,Rat cerebellar granule cell,2,384,2.71E-06,1.55E-05,3.73E-05,0.416479603,N,
3133,Caffeine,58-08-2,Balbc_3T3,2,384,1.44E-08,4.00E-05,4.00E-05,0.999396318,N,
3134,Lamotrigine,84057-84-1,Balbc_3T3,2,384,1.21E-06,3.49E-05,3.88E-05,0.898869215,B,6.6
3135,Diclofenac,15307-79-6,Balbc_3T3,2,384,5.41E-06,2.64E-06,3.46E-05,0.076453185,B,17.6
3136,"2,4-Dichlorophenoxyacetic",94-75-7,Balbc_3T3,2,384,8.73E-09,4.00E-05,4.00E-05,0.999941899,A,2.7
3137,(S)-Naproxen,22204-53-1,Balbc_3T3,2,384,2.35E-08,3.99E-05,4.00E-05,0.998232857,A,4.4
3138,Ibuprofen,15687-27-1,Balbc_3T3,2,384,2.81E-07,3.88E-05,3.97E-05,0.976571415,A,5.4
3139,Torasemide,56211-40-6,Balbc_3T3,2,384,1.87E-08,3.99E-05,4.00E-05,0.99875245,A,4
3140,Warfarin,81-81-2,Balbc_3T3,2,384,1.60E-08,3.99E-05,4.00E-05,0.99905937,A,4.5
3141,di-n-butylphthalate,84-74-2,Balbc_3T3,2,384,9.23E-06,1.09E-05,3.08E-05,0.354330737,N,
3142,hexachlorophene,70-30-4,Balbc_3T3,2,384,1.98E-05,1.27E-07,2.02E-05,6.30E-03,A,6.2
3143,hexamethylenetetramine,100-97-0,Balbc_3T3,2,384,9.42E-09,4.00E-05,4.00E-05,0.999849609,B,6.4
3144,Malathion,121-75-5,Balbc_3T3,2,384,1.12E-06,3.48E-05,3.89E-05,0.895410824,N,
3145,pentachlorophenol,87-86-5,Balbc_3T3,2,384,1.79E-06,3.37E-05,3.82E-05,0.880747494,A,5
3146,"2,2,2-trichloroethanol",115-20-8,Balbc_3T3,2,384,1.65E-07,3.92E-05,3.98E-05,0.984344932,N,
3147,diethylphthalate,84-66-2,Balbc_3T3,2,384,8.84E-07,3.66E-05,3.91E-05,0.935804512,N,
3148,4-chlorophenol,106-48-9,Balbc_3T3,2,384,1.12E-06,3.50E-05,3.89E-05,0.901014896,N,
3149,permethrin,52645-53-1,Balbc_3T3,2,384,1.88E-05,3.13E-08,2.12E-05,0.00147847,N,
3150,Aniline,62-53-3,Balbc_3T3,2,384,1.13E-07,3.95E-05,3.99E-05,0.990416248,N,
3151,4-fluoroaniline,371-40-4,Balbc_3T3,2,384,1.15E-07,3.95E-05,3.99E-05,0.989867198,N,
3152,"2,4,6-trichlorophenol",88-06-2,Balbc_3T3,2,384,2.88E-06,3.04E-05,3.71E-05,0.818887929,A,6.8
3153,Allyl alcohol,107-18-6,Balbc_3T3,2,384,1.75E-08,3.99E-05,4.00E-05,0.99899872,N,
3154,N-methylaniline,100-61-8,Balbc_3T3,2,384,2.85E-07,3.88E-05,3.97E-05,0.977589057,N,
3155,"3,4-dichloroaniline",95-76-1,Balbc_3T3,2,384,2.33E-06,3.08E-05,3.77E-05,0.818491891,N,
3156,4-decylaniline,37529-30-9,Balbc_3T3,2,384,1.55E-05,2.55E-07,2.45E-05,0.010419834,N,
3157,naphthalene,91-20-3,Balbc_3T3,2,384,3.93E-06,2.69E-05,3.61E-05,0.74560973,N,
3158,"1,2,4-trichlorobenzene",120-82-1,Balbc_3T3,2,384,1.03E-05,1.01E-05,2.97E-05,0.337853814,N,
3159,"1,2-dichlorobenzene",95-50-1,Balbc_3T3,2,384,5.22E-06,2.31E-05,3.48E-05,0.662854229,N,
3160,dichloromethane,75-09-2,Balbc_3T3,2,384,1.74E-07,3.93E-05,3.98E-05,0.985811083,N,
3161,tetrachloroethylene,127-18-4,Balbc_3T3,2,384,3.86E-06,2.75E-05,3.61E-05,0.759754206,N,
3162,"2,3-dimethyl-1,3-butadiene",513-81-5,Balbc_3T3,2,384,1.12E-06,3.59E-05,3.89E-05,0.923148558,N,
3163,Eugenol F,97-53-0,Balbc_3T3,2,384,7.18E-07,3.71E-05,3.93E-05,0.944598641,N,
3164,Methyl-antranilate,134-20-3,Balbc_3T3,2,384,2.33E-07,3.91E-05,3.98E-05,0.983510579,N,
3165,Lilyfore,285977-85-7,Balbc_3T3,2,384,4.26E-06,2.66E-05,3.57E-05,0.742878677,N,
3166,Damascone beta,23726-91-2,Balbc_3T3,2,384,1.25E-05,7.88E-06,2.75E-05,0.287132152,N,
3167,Veloutone,14595-54-1,Balbc_3T3,2,384,1.75E-05,1.19E-06,2.25E-05,0.052998348,N,
3168,Verdox,82356-51-2,Balbc_3T3,2,384,2.00456E-05,9.37519E-08,1.99544E-05,0.004698297,N,
3169,Nirvanol,1506-02-1,Balbc_3T3,2,384,1.8686E-05,4.87534E-07,2.1314E-05,0.022873913,N,
3170,Cetalox,3738-00-9,Balbc_3T3,2,384,1.79E-05,9.25E-07,2.21E-05,0.041883862,N,
3171,Tonalide,21145-77-7,Balbc_3T3,2,384,1.87E-05,4.88E-07,2.13E-05,0.022873913,N,
3172,"2,4-Dinitrophenol",51-28-5,Balbc_3T3,2,384,8.95E-09,4.00E-05,4.00E-05,0.999910972,A,4.1
3173,Aldrin,309-00-2,Balbc_3T3,2,384,1.64E-05,4.42E-07,2.36E-05,0.018745173,N,
3174,Azinphos-methyl,86-50-0,Balbc_3T3,2,384,1.90E-06,3.33E-05,3.81E-05,0.874693198,N,
3175,Chlorpyrifos,2921-88-2,Balbc_3T3,2,384,1.14E-05,1.01E-05,2.86E-05,0.353354931,N,
3176,"DDD-p,p'",50-29-3,Balbc_3T3,2,384,1.68E-05,2.84E-08,2.32E-05,0.001225605,N,
3177,"DDT-o,p'",789-02-6,Balbc_3T3,2,384,1.57E-05,8.30E-08,2.43E-05,0.003418191,N,
3178,"DDT-p,p'",72-54-8,Balbc_3T3,2,384,1.64E-05,8.18E-08,2.36E-05,0.003470824,N,
3179,Diazinon,333-41-5,Balbc_3T3,2,384,3.52E-06,2.76E-05,3.65E-05,0.757909574,N,
3180,Dicofol,115-32-2,Balbc_3T3,2,384,1.66E-05,2.03E-06,2.34E-05,0.086789173,N,
3181,Dieldrin,60-57-1,Balbc_3T3,2,384,1.50E-05,2.08E-06,2.50E-05,0.0830581,N,
3182,Disulfoton,298-04-4,Balbc_3T3,2,384,5.53E-06,2.35E-05,3.45E-05,0.680904958,N,
3183,Endosulfan I,115-29-7,Balbc_3T3,2,384,8.76E-06,1.68E-05,3.12E-05,0.537247487,N,
3184,Endrin,72-20-8,Balbc_3T3,2,384,6.69E-06,1.63E-05,3.33E-05,0.48983608,N,
3185,Ethion,563-12-2,Balbc_3T3,2,384,7.07E-06,1.44E-05,3.29E-05,0.438672621,N,
3186,Heptachlor,76-44-8,Balbc_3T3,2,384,1.73E-05,7.53E-07,2.27E-05,0.033122055,N,
3187,Heptachlor epoxide B,1024-57-3,Balbc_3T3,2,384,1.55E-05,1.38E-06,2.45E-05,0.056219672,N,
3188,Lindane,58-89-9,Balbc_3T3,2,384,5.14E-06,2.48E-05,3.49E-05,0.710174209,N,
3189,"Methoxychlor-o,p'",72-43-5,Balbc_3T3,2,384,1.34E-05,1.20E-06,2.66E-05,0.045133402,N,
3190,Parathion,56-38-2,Balbc_3T3,2,384,4.48E-06,2.65E-05,3.55E-05,0.745240963,N,
3191,Trifluralin,1582-09-8,Balbc_3T3,2,384,8.79E-06,6.04E-06,3.12E-05,0.193495379,N,
3192,Cisapride,81098-60-4,Balbc_3T3,2,384,2.66E-06,3.10E-05,3.73E-05,0.831389931,B,7.8
3193,Citalopram hydrobromide,59729-33-8,Balbc_3T3,2,384,3.02E-07,3.81E-05,3.97E-05,0.960105784,N,
3194,Dofetilide,115256-11-6,Balbc_3T3,2,384,1.05E-07,3.95E-05,3.99E-05,0.990589188,B,8.4
3195,Moxifloxacin hydrochloride,186826-86-8,Balbc_3T3,2,384,1.49E-08,4.00E-05,4.00E-05,0.999184765,A,6
3196,N-acetylpro-cainamide,32795-44-1,Balbc_3T3,2,384,1.19E-08,4.00E-05,4.00E-05,0.999534833,B,9.2
3197,Quinidine sulfate,50-54-4,Balbc_3T3,2,384,1.34E-07,3.94E-05,3.99E-05,0.988100699,B,9.3
3198,Sematilide,101526-83-4,Balbc_3T3,2,384,1.21E-08,4.00E-05,4.00E-05,0.999520996,B,9.1
3199,Sotalol hydrochloride,959-24-0,Balbc_3T3,2,384,9.30E-09,4.00E-05,4.00E-05,0.999865169,B,9
3200,Mifepristone,84371-65-3,Balbc_3T3,2,384,1.60E-05,2.70E-06,2.40E-05,0.112485212,N,
3201,Perfluorobutanesulfonic_acid,375-73-5,Balbc_3T3,2,384,8.31E-09,4.00E-05,4.00E-05,0.999999999,A,-2.9
3202,4_2_Fluorotelomer_sulfonic_acid,757124-72-4,Balbc_3T3,2,384,,,,,A,1.4
3203,Perfluorononanoic_acid,375-95-1,Balbc_3T3,2,384,6.64E-06,1.82E-06,3.34E-05,0.054561056,A,0.1
3204,Perfluorohexanoic_acid,307-24-4,Balbc_3T3,2,384,1.85E-06,2.86E-05,3.81E-05,0.750395014,A,0.1
3205,Perfluorobutanoic_acid,375-22-4,Balbc_3T3,2,384,,,,,A,0.1
3206,Perfluorooctanoic_acid,335-67-1,Balbc_3T3,2,384,5.65E-06,3.93E-06,3.44E-05,0.114451504,A,0.1
3207,6_2_Fluorotelomer_sulfonic_acid,27619-97-2,Balbc_3T3,2,384,3.50E-06,1.57E-05,3.65E-05,0.430530653,A,1.4
3208,8_2_Fluorotelomer_sulfonic_acid,39108-34-4,Balbc_3T3,2,384,5.44E-06,2.18E-06,3.46E-05,0.063126903,A,1.4
3209,Perfluoroundecanoic_acid,2058-94-8,Balbc_3T3,2,384,6.25E-06,4.60E-07,3.37E-05,0.013632841,A,0.1
3210,Perfluorooctanesulfonic_acid,1763-23-1,Balbc_3T3,2,384,8.36E-06,1.00E-06,3.16E-05,0.031658894,A,-2.9
3211,Perfluoroheptanoic_acid,375-85-9,Balbc_3T3,2,384,4.97E-06,6.84E-06,3.50E-05,0.195370366,A,0.1
3212,Perfluoropentanoic_acid,2706-90-3,Balbc_3T3,2,384,,,,,A,0.1
3213,Perfluorohexanesulfonic_acid,355-46-4,Balbc_3T3,2,384,6.29E-06,1.60E-06,3.37E-05,0.047444499,A,-2.9
3214,Perfluorodecanoic_acid,335-76-2,Balbc_3T3,2,384,7.80E-06,9.33E-07,3.22E-05,0.028969216,A,0.1
3215,cyclosporine A,59865-13-3,Balbc_3T3,2,384,2.70E-06,2.14E-05,3.73E-05,0.573140695,N,
3216,chlorpromazine,50-53-3,Balbc_3T3,2,384,5.40E-06,2.36E-05,3.46E-05,0.680871579,B,9.4
3217,PBDE 47,5436-43-1,Balbc_3T3,2,384,1.83E-05,6.53E-08,2.17E-05,0.003004713,N,
3218,PBDE 99,60348-60-9,Balbc_3T3,2,384,1.90E-05,2.85E-08,2.10E-05,1.36E-03,N,
3219,PBDE 153,68631-49-2,Balbc_3T3,2,384,1.97E-05,1.10E-08,2.03E-05,5.39E-04,N,
3220,amiodarone,1951-25-3,Balbc_3T3,2,384,1.92E-05,2.77E-07,2.08E-05,1.34E-02,B,9
3221,Azathioprine,446-86-6,Balbc_3T3,2,384,1.12E-08,4.00E-05,4.00E-05,0.999629327,A,8.2
3222,Benzocaine,94-09-7,Balbc_3T3,2,384,4.33E-07,3.82E-05,3.96E-05,0.964611039,N,
3223,Butylated hydroxyanisole,25013-16-5,Balbc_3T3,2,384,5.50074E-06,2.32912E-05,3.44993E-05,0.6751223,N,
3224,Cetirizine dihydrochloride,83881-52-1,Balbc_3T3,2,384,8.66E-09,4.00E-05,4.00E-05,0.99995036,A,4.7
3225,Cyclamate,139-05-9,Balbc_3T3,2,384,8.31E-09,4.00E-05,4.00E-05,1,B,17.6
3226,Cyclophosphamide,6055-19-2,Balbc_3T3,2,384,4.57E-08,3.98E-05,4.00E-05,0.99597563,B,6.1
3227,Cypermethrin,67375-30-8,Balbc_3T3,2,384,2.03E-05,6.41E-08,1.97E-05,0.003250177,N,
3228,DEET,134-62-3,Balbc_3T3,2,384,3.18E-07,3.87E-05,3.97E-05,0.975935279,N,
3229,Dexamethasone,50-02-2,Balbc_3T3,2,384,4.01E-07,3.78E-05,3.96E-05,0.953442665,N,
3230,Digoxin,20830-75-5,Balbc_3T3,2,384,2.30E-08,3.99E-05,4.00E-05,0.998138575,N,
3231,Fenazaquin,120928-09-8,Balbc_3T3,2,384,1.82E-05,7.33E-07,2.18E-05,0.033636478,N,
3232,Fenbuconazole,114369-43-6,Balbc_3T3,2,384,4.20E-06,2.67E-05,3.58E-05,0.746342805,N,
3233,Fluazinam,79622-59-6,Balbc_3T3,2,384,1.04E-05,8.02E-06,2.96E-05,0.271137719,N,
3234,Furosemide,54-31-9,Balbc_3T3,2,384,8.49E-09,4.00E-05,4.00E-05,0.999973571,A,3
3235,Glybenclamide,10238-21-8,Balbc_3T3,2,384,1.10E-06,3.59E-05,3.89E-05,0.922485861,A,5
3236,HC Red 3,2871-01-4,Balbc_3T3,2,384,2.22E-08,3.99E-05,4.00E-05,0.998372534,N,
3237,Hydralazine hydrochloride,304-20-1,Balbc_3T3,2,384,4.81E-08,3.98E-05,4.00E-05,0.995738579,B,6
3238,Ketoconazole,65277-42-1,Balbc_3T3,2,384,6.00E-06,2.20E-05,3.40E-05,0.647853083,B,6.6
3239,Metformin,1115-70-4,Balbc_3T3,2,384,8.37E-09,4.00E-05,4.00E-05,0.999991646,B,9.6
3240,Metoclopramide,364-62-5,Balbc_3T3,2,384,7.81E-08,3.96E-05,3.99E-05,0.992949243,B,9
3241,Nitrofurantoin,67-20-9,Balbc_3T3,2,384,1.09E-08,4.00E-05,4.00E-05,0.999664266,A,7.3
3242,Oxytetracycline hydrochloride,2058-46-0,Balbc_3T3,2,384,8.31E-09,4.00E-05,4.00E-05,0.999999095,A,4.5
3243,Panthenol,16485-10-2 ,Balbc_3T3,2,384,1.06E-08,4.00E-05,4.00E-05,0.99970141,N,
3244,Paracetamol,103-90-2,Balbc_3T3,2,384,5.41E-08,3.97E-05,3.99E-05,0.994641318,N,
3245,Topiramate,97240-79-4,Balbc_3T3,2,384,8.36E-09,4.00E-05,4.00E-05,0.999993183,A,9.2
3246,Trimellitic anhydride,552-30-7,Balbc_3T3,2,384,8.43E-09,4.00E-05,4.00E-05,0.999983025,A,3.3
3247,Verapamil hydrochloride,152-11-4,Balbc_3T3,2,384,1.65E-06,3.41E-05,3.83E-05,0.88890492,B,9.2
3248,Warfarin,129-06-6,Balbc_3T3,2,384,3.81E-06,1.51E-05,3.62E-05,0.416479603,N,
3249,Caffeine,58-08-2,FishRtgut,2,384,5.71E-09,4.00E-05,4.00E-05,0.999396318,N,
3250,Lamotrigine,84057-84-1,FishRtgut,2,384,1.61E-07,3.58E-05,3.98E-05,0.898869215,B,6.6
3251,Diclofenac,15307-79-6,FishRtgut,2,384,6.45E-07,3.01E-06,3.94E-05,0.076453185,B,17.6
3252,"2,4-Dichlorophenoxyacetic",94-75-7,FishRtgut,2,384,5.03E-09,4.00E-05,4.00E-05,0.999941899,A,2.7
3253,(S)-Naproxen,22204-53-1,FishRtgut,2,384,6.72E-09,3.99E-05,4.00E-05,0.998232857,A,4.4
3254,Ibuprofen,15687-27-1,FishRtgut,2,384,3.93E-08,3.90E-05,4.00E-05,0.976571415,A,5.4
3255,Torasemide,56211-40-6,FishRtgut,2,384,6.16E-09,3.99E-05,4.00E-05,0.99875245,A,4
3256,Warfarin,81-81-2,FishRtgut,2,384,5.85E-09,4.00E-05,4.00E-05,0.99905937,A,4.5
3257,di-n-butylphthalate,84-74-2,FishRtgut,2,384,1.56E-06,1.36E-05,3.84E-05,0.354330737,N,
3258,hexachlorophene,70-30-4,FishRtgut,2,384,5.00E-06,2.21E-07,3.50E-05,6.30E-03,A,6.2
3259,hexamethylenetetramine,100-97-0,FishRtgut,2,384,5.11E-09,4.00E-05,4.00E-05,0.999849609,B,6.4
3260,Malathion,121-75-5,FishRtgut,2,384,1.45E-07,3.57E-05,3.99E-05,0.895410824,N,
3261,pentachlorophenol,87-86-5,FishRtgut,2,384,2.50E-07,3.50E-05,3.97E-05,0.880747494,A,5
3262,"2,2,2-trichloroethanol",115-20-8,FishRtgut,2,384,2.38E-08,3.94E-05,4.00E-05,0.984344932,N,
3263,diethylphthalate,84-66-2,FishRtgut,2,384,1.20E-07,3.73E-05,3.99E-05,0.935804512,N,
3264,4-chlorophenol,106-48-9,FishRtgut,2,384,1.47E-07,3.59E-05,3.99E-05,0.901014896,N,
3265,permethrin,52645-53-1,FishRtgut,2,384,4.53E-06,5.24E-08,3.55E-05,0.00147847,N,
3266,Aniline,62-53-3,FishRtgut,2,384,1.78E-08,3.96E-05,4.00E-05,0.990416248,N,
3267,4-fluoroaniline,371-40-4,FishRtgut,2,384,1.79E-08,3.96E-05,4.00E-05,0.989867198,N,
3268,"2,4,6-trichlorophenol",88-06-2,FishRtgut,2,384,4.15E-07,3.24E-05,3.96E-05,0.818887929,A,6.8
3269,Allyl alcohol,107-18-6,FishRtgut,2,384,6.07E-09,4.00E-05,4.00E-05,0.99899872,N,
3270,N-methylaniline,100-61-8,FishRtgut,2,384,4.02E-08,3.91E-05,4.00E-05,0.977589057,N,
3271,"3,4-dichloroaniline",95-76-1,FishRtgut,2,384,3.20E-07,3.25E-05,3.97E-05,0.818491891,N,
3272,4-decylaniline,37529-30-9,FishRtgut,2,384,3.27E-06,3.83E-07,3.67E-05,0.010419834,N,
3273,naphthalene,91-20-3,FishRtgut,2,384,5.78E-07,2.94E-05,3.94E-05,0.74560973,N,
3274,"1,2,4-trichlorobenzene",120-82-1,FishRtgut,2,384,1.81E-06,1.29E-05,3.82E-05,0.337853814,N,
3275,"1,2-dichlorobenzene",95-50-1,FishRtgut,2,384,7.94E-07,2.60E-05,3.92E-05,0.662854229,N,
3276,dichloromethane,75-09-2,FishRtgut,2,384,2.57E-08,3.94E-05,4.00E-05,0.985811083,N,
3277,tetrachloroethylene,127-18-4,FishRtgut,2,384,5.71E-07,3.00E-05,3.94E-05,0.759754206,N,
3278,"2,3-dimethyl-1,3-butadiene",513-81-5,FishRtgut,2,384,1.53E-07,3.68E-05,3.98E-05,0.923148558,N,
3279,Eugenol F,97-53-0,FishRtgut,2,384,9.70E-08,3.77E-05,3.99E-05,0.944598641,N,
3280,Methyl-antranilate,134-20-3,FishRtgut,2,384,3.42E-08,3.93E-05,4.00E-05,0.983510579,N,
3281,Lilyfore,285977-85-7,FishRtgut,2,384,6.38E-07,2.92E-05,3.94E-05,0.742878677,N,
3282,Damascone beta,23726-91-2,FishRtgut,2,384,2.41E-06,1.08E-05,3.76E-05,0.287132152,N,
3283,Veloutone,14595-54-1,FishRtgut,2,384,4.02E-06,1.91E-06,3.60E-05,0.052998348,N,
3284,Verdox,82356-51-2,FishRtgut,2,384,5.08908E-06,1.64022E-07,3.49109E-05,0.004698297,N,
3285,Nirvanol,1506-02-1,FishRtgut,2,384,4.48627E-06,8.12338E-07,3.55137E-05,0.022873913,N,
3286,Cetalox,3738-00-9,FishRtgut,2,384,4.17E-06,1.50E-06,3.58E-05,0.041883862,N,
3287,Tonalide,21145-77-7,FishRtgut,2,384,4.49E-06,8.12E-07,3.55E-05,0.022873913,N,
3288,"2,4-Dinitrophenol",51-28-5,FishRtgut,2,384,5.06E-09,4.00E-05,4.00E-05,0.999910972,A,4.1
3289,Aldrin,309-00-2,FishRtgut,2,384,3.59E-06,6.83E-07,3.64E-05,0.018745173,N,
3290,Azinphos-methyl,86-50-0,FishRtgut,2,384,2.65E-07,3.48E-05,3.97E-05,0.874693198,N,
3291,Chlorpyrifos,2921-88-2,FishRtgut,2,384,2.11E-06,1.34E-05,3.79E-05,0.353354931,N,
3292,"DDD-p,p'",50-29-3,FishRtgut,2,384,3.72E-06,4.45E-08,3.63E-05,0.001225605,N,
3293,"DDT-o,p'",789-02-6,FishRtgut,2,384,3.33E-06,1.25E-07,3.67E-05,0.003418191,N,
3294,"DDT-p,p'",72-54-8,FishRtgut,2,384,3.60E-06,1.26E-07,3.64E-05,0.003470824,N,
3295,Diazinon,333-41-5,FishRtgut,2,384,5.08E-07,2.99E-05,3.95E-05,0.757909574,N,
3296,Dicofol,115-32-2,FishRtgut,2,384,3.68E-06,3.15E-06,3.63E-05,0.086789173,N,
3297,Dieldrin,60-57-1,FishRtgut,2,384,3.10E-06,3.06E-06,3.69E-05,0.0830581,N,
3298,Disulfoton,298-04-4,FishRtgut,2,384,8.63E-07,2.66E-05,3.91E-05,0.680904958,N,
3299,Endosulfan I,115-29-7,FishRtgut,2,384,1.51E-06,2.07E-05,3.85E-05,0.537247487,N,
3300,Endrin,72-20-8,FishRtgut,2,384,1.04E-06,1.91E-05,3.90E-05,0.48983608,N,
3301,Ethion,563-12-2,FishRtgut,2,384,1.10E-06,1.71E-05,3.89E-05,0.438672621,N,
3302,Heptachlor,76-44-8,FishRtgut,2,384,3.91E-06,1.20E-06,3.61E-05,0.033122055,N,
3303,Heptachlor epoxide B,1024-57-3,FishRtgut,2,384,3.27E-06,2.06E-06,3.67E-05,0.056219672,N,
3304,Lindane,58-89-9,FishRtgut,2,384,7.94E-07,2.78E-05,3.92E-05,0.710174209,N,
3305,"Methoxychlor-o,p'",72-43-5,FishRtgut,2,384,2.60E-06,1.69E-06,3.74E-05,0.045133402,N,
3306,Parathion,56-38-2,FishRtgut,2,384,6.80E-07,2.93E-05,3.93E-05,0.745240963,N,
3307,Trifluralin,1582-09-8,FishRtgut,2,384,1.41E-06,7.47E-06,3.86E-05,0.193495379,N,
3308,Cisapride,81098-60-4,FishRtgut,2,384,3.80E-07,3.29E-05,3.96E-05,0.831389931,B,7.8
3309,Citalopram hydrobromide,59729-33-8,FishRtgut,2,384,3.70E-08,3.84E-05,4.00E-05,0.960105784,N,
3310,Dofetilide,115256-11-6,FishRtgut,2,384,1.67E-08,3.96E-05,4.00E-05,0.990589188,B,8.4
3311,Moxifloxacin hydrochloride,186826-86-8,FishRtgut,2,384,5.72E-09,4.00E-05,4.00E-05,0.999184765,A,6
3312,N-acetylpro-cainamide,32795-44-1,FishRtgut,2,384,5.39E-09,4.00E-05,4.00E-05,0.999534833,B,9.2
3313,Quinidine sulfate,50-54-4,FishRtgut,2,384,2.04E-08,3.95E-05,4.00E-05,0.988100699,B,9.3
3314,Sematilide,101526-83-4,FishRtgut,2,384,5.40E-09,4.00E-05,4.00E-05,0.999520996,B,9.1
3315,Sotalol hydrochloride,959-24-0,FishRtgut,2,384,5.09E-09,4.00E-05,4.00E-05,0.999865169,B,9
3316,Mifepristone,84371-65-3,FishRtgut,2,384,3.46E-06,4.11E-06,3.65E-05,0.112485212,N,
3317,Perfluorobutanesulfonic_acid,375-73-5,FishRtgut,2,384,4.99E-09,4.00E-05,4.00E-05,0.999999999,A,-2.9
3318,4_2_Fluorotelomer_sulfonic_acid,757124-72-4,FishRtgut,2,384,,,,,A,1.4
3319,Perfluorononanoic_acid,375-95-1,FishRtgut,2,384,8.88E-07,2.13E-06,3.91E-05,0.054561056,A,0.1
3320,Perfluorohexanoic_acid,307-24-4,FishRtgut,2,384,2.17E-07,2.99E-05,3.98E-05,0.750395014,A,0.1
3321,Perfluorobutanoic_acid,375-22-4,FishRtgut,2,384,,,,,A,0.1
3322,Perfluorooctanoic_acid,335-67-1,FishRtgut,2,384,7.04E-07,4.50E-06,3.93E-05,0.114451504,A,0.1
3323,6_2_Fluorotelomer_sulfonic_acid,27619-97-2,FishRtgut,2,384,3.97E-07,1.71E-05,3.96E-05,0.430530653,A,1.4
3324,8_2_Fluorotelomer_sulfonic_acid,39108-34-4,FishRtgut,2,384,6.46E-07,2.48E-06,3.94E-05,0.063126903,A,1.4
3325,Perfluoroundecanoic_acid,2058-94-8,FishRtgut,2,384,7.94E-07,5.34E-07,3.92E-05,0.013632841,A,0.1
3326,Perfluorooctanesulfonic_acid,1763-23-1,FishRtgut,2,384,1.26E-06,1.23E-06,3.87E-05,0.031658894,A,-2.9
3327,Perfluoroheptanoic_acid,375-85-9,FishRtgut,2,384,5.95E-07,7.70E-06,3.94E-05,0.195370366,A,0.1
3328,Perfluoropentanoic_acid,2706-90-3,FishRtgut,2,384,,,,,A,0.1
3329,Perfluorohexanesulfonic_acid,355-46-4,FishRtgut,2,384,8.12E-07,1.86E-06,3.92E-05,0.047444499,A,-2.9
3330,Perfluorodecanoic_acid,335-76-2,FishRtgut,2,384,1.13E-06,1.13E-06,3.89E-05,0.028969216,A,0.1
3331,cyclosporine A,59865-13-3,FishRtgut,2,384,3.03E-07,2.28E-05,3.97E-05,0.573140695,N,
3332,chlorpromazine,50-53-3,FishRtgut,2,384,8.35E-07,2.67E-05,3.92E-05,0.680871579,B,9.4
3333,PBDE 47,5436-43-1,FishRtgut,2,384,4.30E-06,1.07E-07,3.57E-05,0.003004713,N,
3334,PBDE 99,60348-60-9,FishRtgut,2,384,4.63E-06,4.80E-08,3.54E-05,1.36E-03,N,
3335,PBDE 153,68631-49-2,FishRtgut,2,384,4.92E-06,1.89E-08,3.51E-05,5.39E-04,N,
3336,amiodarone,1951-25-3,FishRtgut,2,384,4.72E-06,4.71E-07,3.53E-05,1.34E-02,B,9
3337,Azathioprine,446-86-6,FishRtgut,2,384,5.30E-09,4.00E-05,4.00E-05,0.999629327,A,8.2
3338,Benzocaine,94-09-7,FishRtgut,2,384,5.89E-08,3.85E-05,3.99E-05,0.964611039,N,
3339,Butylated hydroxyanisole,25013-16-5,FishRtgut,2,384,8.54256E-07,2.64282E-05,3.91457E-05,0.6751223,N,
3340,Cetirizine dihydrochloride,83881-52-1,FishRtgut,2,384,5.02E-09,4.00E-05,4.00E-05,0.99995036,A,4.7
3341,Cyclamate,139-05-9,FishRtgut,2,384,4.99E-09,4.00E-05,4.00E-05,1,B,17.6
3342,Cyclophosphamide,6055-19-2,FishRtgut,2,384,9.38E-09,3.98E-05,4.00E-05,0.99597563,B,6.1
3343,Cypermethrin,67375-30-8,FishRtgut,2,384,5.20E-06,1.13E-07,3.48E-05,0.003250177,N,
3344,DEET,134-62-3,FishRtgut,2,384,4.47E-08,3.90E-05,4.00E-05,0.975935279,N,
3345,Dexamethasone,50-02-2,FishRtgut,2,384,5.02E-08,3.81E-05,3.99E-05,0.953442665,N,
3346,Digoxin,20830-75-5,FishRtgut,2,384,6.62E-09,3.99E-05,4.00E-05,0.998138575,N,
3347,Fenazaquin,120928-09-8,FishRtgut,2,384,4.29E-06,1.20E-06,3.57E-05,0.033636478,N,
3348,Fenbuconazole,114369-43-6,FishRtgut,2,384,6.28E-07,2.94E-05,3.94E-05,0.746342805,N,
3349,Fluazinam,79622-59-6,FishRtgut,2,384,1.84E-06,1.03E-05,3.82E-05,0.271137719,N,
3350,Furosemide,54-31-9,FishRtgut,2,384,5.01E-09,4.00E-05,4.00E-05,0.999973571,A,3
3351,Glybenclamide,10238-21-8,FishRtgut,2,384,1.50E-07,3.68E-05,3.99E-05,0.922485861,A,5
3352,HC Red 3,2871-01-4,FishRtgut,2,384,6.57E-09,3.99E-05,4.00E-05,0.998372534,N,
3353,Hydralazine hydrochloride,304-20-1,FishRtgut,2,384,9.67E-09,3.98E-05,4.00E-05,0.995738579,B,6
3354,Ketoconazole,65277-42-1,FishRtgut,2,384,9.45E-07,2.53E-05,3.91E-05,0.647853083,B,6.6
3355,Metformin,1115-70-4,FishRtgut,2,384,4.99E-09,4.00E-05,4.00E-05,0.999991646,B,9.6
3356,Metoclopramide,364-62-5,FishRtgut,2,384,1.34E-08,3.97E-05,4.00E-05,0.992949243,B,9
3357,Nitrofurantoin,67-20-9,FishRtgut,2,384,5.27E-09,4.00E-05,4.00E-05,0.999664266,A,7.3
3358,Oxytetracycline hydrochloride,2058-46-0,FishRtgut,2,384,4.99E-09,4.00E-05,4.00E-05,0.999999095,A,4.5
3359,Panthenol,16485-10-2 ,FishRtgut,2,384,5.24E-09,4.00E-05,4.00E-05,0.99970141,N,
3360,Paracetamol,103-90-2,FishRtgut,2,384,1.02E-08,3.98E-05,4.00E-05,0.994641318,N,
3361,Topiramate,97240-79-4,FishRtgut,2,384,4.99E-09,4.00E-05,4.00E-05,0.999993183,A,9.2
3362,Trimellitic anhydride,552-30-7,FishRtgut,2,384,5.00E-09,4.00E-05,4.00E-05,0.999983025,A,3.3
3363,Verapamil hydrochloride,152-11-4,FishRtgut,2,384,2.30E-07,3.54E-05,3.98E-05,0.88890492,B,9.2
3364,Warfarin,129-06-6,FishRtgut,2,384,4.50E-07,1.65E-05,3.96E-05,0.416479603,N,
3365,Caffeine,58-08-2,FishRtgill,2,384,3.00E-09,4.00E-05,4.00E-05,0.999396318,N,
3366,Lamotrigine,84057-84-1,FishRtgill,2,384,8.48E-08,3.59E-05,3.99E-05,0.898869215,B,6.6
3367,Diclofenac,15307-79-6,FishRtgill,2,384,3.41E-07,3.03E-06,3.97E-05,0.076453185,B,17.6
3368,"2,4-Dichlorophenoxyacetic",94-75-7,FishRtgill,2,384,2.64E-09,4.00E-05,4.00E-05,0.999941899,A,2.7
3369,(S)-Naproxen,22204-53-1,FishRtgill,2,384,3.53E-09,3.99E-05,4.00E-05,0.998232857,A,4.4
3370,Ibuprofen,15687-27-1,FishRtgill,2,384,2.06E-08,3.90E-05,4.00E-05,0.976571415,A,5.4
3371,Torasemide,56211-40-6,FishRtgill,2,384,3.24E-09,3.99E-05,4.00E-05,0.99875245,A,4
3372,Warfarin,81-81-2,FishRtgill,2,384,3.07E-09,4.00E-05,4.00E-05,0.99905937,A,4.5
3373,di-n-butylphthalate,84-74-2,FishRtgill,2,384,8.36E-07,1.39E-05,3.92E-05,0.354330737,N,
3374,hexachlorophene,70-30-4,FishRtgill,2,384,2.79E-06,2.35E-07,3.72E-05,6.30E-03,A,6.2
3375,hexamethylenetetramine,100-97-0,FishRtgill,2,384,2.68E-09,4.00E-05,4.00E-05,0.999849609,B,6.4
3376,Malathion,121-75-5,FishRtgill,2,384,7.64E-08,3.57E-05,3.99E-05,0.895410824,N,
3377,pentachlorophenol,87-86-5,FishRtgill,2,384,1.32E-07,3.51E-05,3.99E-05,0.880747494,A,5
3378,"2,2,2-trichloroethanol",115-20-8,FishRtgill,2,384,1.25E-08,3.94E-05,4.00E-05,0.984344932,N,
3379,diethylphthalate,84-66-2,FishRtgill,2,384,6.33E-08,3.74E-05,3.99E-05,0.935804512,N,
3380,4-chlorophenol,106-48-9,FishRtgill,2,384,7.74E-08,3.60E-05,3.99E-05,0.901014896,N,
3381,permethrin,52645-53-1,FishRtgill,2,384,2.51E-06,5.54E-08,3.75E-05,0.00147847,N,
3382,Aniline,62-53-3,FishRtgill,2,384,9.37E-09,3.96E-05,4.00E-05,0.990416248,N,
3383,4-fluoroaniline,371-40-4,FishRtgill,2,384,9.42E-09,3.96E-05,4.00E-05,0.989867198,N,
3384,"2,4,6-trichlorophenol",88-06-2,FishRtgill,2,384,2.19E-07,3.26E-05,3.98E-05,0.818887929,A,6.8
3385,Allyl alcohol,107-18-6,FishRtgill,2,384,3.18E-09,4.00E-05,4.00E-05,0.99899872,N,
3386,N-methylaniline,100-61-8,FishRtgill,2,384,2.11E-08,3.91E-05,4.00E-05,0.977589057,N,
3387,"3,4-dichloroaniline",95-76-1,FishRtgill,2,384,1.68E-07,3.26E-05,3.98E-05,0.818491891,N,
3388,4-decylaniline,37529-30-9,FishRtgill,2,384,1.78E-06,3.98E-07,3.82E-05,0.010419834,N,
3389,naphthalene,91-20-3,FishRtgill,2,384,3.06E-07,2.96E-05,3.97E-05,0.74560973,N,
3390,"1,2,4-trichlorobenzene",120-82-1,FishRtgill,2,384,9.71E-07,1.32E-05,3.90E-05,0.337853814,N,
3391,"1,2-dichlorobenzene",95-50-1,FishRtgill,2,384,4.21E-07,2.62E-05,3.96E-05,0.662854229,N,
3392,dichloromethane,75-09-2,FishRtgill,2,384,1.35E-08,3.94E-05,4.00E-05,0.985811083,N,
3393,tetrachloroethylene,127-18-4,FishRtgill,2,384,3.02E-07,3.02E-05,3.97E-05,0.759754206,N,
3394,"2,3-dimethyl-1,3-butadiene",513-81-5,FishRtgill,2,384,8.07E-08,3.69E-05,3.99E-05,0.923148558,N,
3395,Eugenol F,97-53-0,FishRtgill,2,384,5.10E-08,3.77E-05,3.99E-05,0.944598641,N,
3396,Methyl-antranilate,134-20-3,FishRtgill,2,384,1.79E-08,3.93E-05,4.00E-05,0.983510579,N,
3397,Lilyfore,285977-85-7,FishRtgill,2,384,3.38E-07,2.95E-05,3.97E-05,0.742878677,N,
3398,Damascone beta,23726-91-2,FishRtgill,2,384,1.30E-06,1.11E-05,3.87E-05,0.287132152,N,
3399,Veloutone,14595-54-1,FishRtgill,2,384,2.22E-06,2.00E-06,3.78E-05,0.052998348,N,
3400,Verdox,82356-51-2,FishRtgill,2,384,2.84361E-06,1.74572E-07,3.71564E-05,0.004698297,N,
3401,Nirvanol,1506-02-1,FishRtgill,2,384,2.48783E-06,8.5805E-07,3.75122E-05,0.022873913,N,
3402,Cetalox,3738-00-9,FishRtgill,2,384,2.30E-06,1.58E-06,3.77E-05,0.041883862,N,
3403,Tonalide,21145-77-7,FishRtgill,2,384,2.49E-06,8.58E-07,3.75E-05,0.022873913,N,
3404,"2,4-Dinitrophenol",51-28-5,FishRtgill,2,384,2.65E-09,4.00E-05,4.00E-05,0.999910972,A,4.1
3405,Aldrin,309-00-2,FishRtgill,2,384,1.97E-06,7.13E-07,3.80E-05,0.018745173,N,
3406,Azinphos-methyl,86-50-0,FishRtgill,2,384,1.40E-07,3.49E-05,3.99E-05,0.874693198,N,
3407,Chlorpyrifos,2921-88-2,FishRtgill,2,384,1.14E-06,1.37E-05,3.89E-05,0.353354931,N,
3408,"DDD-p,p'",50-29-3,FishRtgill,2,384,2.05E-06,4.65E-08,3.80E-05,0.001225605,N,
3409,"DDT-o,p'",789-02-6,FishRtgill,2,384,1.82E-06,1.30E-07,3.82E-05,0.003418191,N,
3410,"DDT-p,p'",72-54-8,FishRtgill,2,384,1.97E-06,1.32E-07,3.80E-05,0.003470824,N,
3411,Diazinon,333-41-5,FishRtgill,2,384,2.69E-07,3.01E-05,3.97E-05,0.757909574,N,
3412,Dicofol,115-32-2,FishRtgill,2,384,2.02E-06,3.30E-06,3.80E-05,0.086789173,N,
3413,Dieldrin,60-57-1,FishRtgill,2,384,1.69E-06,3.18E-06,3.83E-05,0.0830581,N,
3414,Disulfoton,298-04-4,FishRtgill,2,384,4.58E-07,2.69E-05,3.95E-05,0.680904958,N,
3415,Endosulfan I,115-29-7,FishRtgill,2,384,8.07E-07,2.11E-05,3.92E-05,0.537247487,N,
3416,Endrin,72-20-8,FishRtgill,2,384,5.52E-07,1.93E-05,3.94E-05,0.48983608,N,
3417,Ethion,563-12-2,FishRtgill,2,384,5.86E-07,1.73E-05,3.94E-05,0.438672621,N,
3418,Heptachlor,76-44-8,FishRtgill,2,384,2.15E-06,1.25E-06,3.78E-05,0.033122055,N,
3419,Heptachlor epoxide B,1024-57-3,FishRtgill,2,384,1.79E-06,2.15E-06,3.82E-05,0.056219672,N,
3420,Lindane,58-89-9,FishRtgill,2,384,4.21E-07,2.81E-05,3.96E-05,0.710174209,N,
3421,"Methoxychlor-o,p'",72-43-5,FishRtgill,2,384,1.41E-06,1.74E-06,3.86E-05,0.045133402,N,
3422,Parathion,56-38-2,FishRtgill,2,384,3.60E-07,2.95E-05,3.96E-05,0.745240963,N,
3423,Trifluralin,1582-09-8,FishRtgill,2,384,7.53E-07,7.59E-06,3.92E-05,0.193495379,N,
3424,Cisapride,81098-60-4,FishRtgill,2,384,2.01E-07,3.31E-05,3.98E-05,0.831389931,B,7.8
3425,Citalopram hydrobromide,59729-33-8,FishRtgill,2,384,1.94E-08,3.84E-05,4.00E-05,0.960105784,N,
3426,Dofetilide,115256-11-6,FishRtgill,2,384,8.76E-09,3.96E-05,4.00E-05,0.990589188,B,8.4
3427,Moxifloxacin hydrochloride,186826-86-8,FishRtgill,2,384,3.01E-09,4.00E-05,4.00E-05,0.999184765,A,6
3428,N-acetylpro-cainamide,32795-44-1,FishRtgill,2,384,2.83E-09,4.00E-05,4.00E-05,0.999534833,B,9.2
3429,Quinidine sulfate,50-54-4,FishRtgill,2,384,1.07E-08,3.95E-05,4.00E-05,0.988100699,B,9.3
3430,Sematilide,101526-83-4,FishRtgill,2,384,2.84E-09,4.00E-05,4.00E-05,0.999520996,B,9.1
3431,Sotalol hydrochloride,959-24-0,FishRtgill,2,384,2.67E-09,4.00E-05,4.00E-05,0.999865169,B,9
3432,Mifepristone,84371-65-3,FishRtgill,2,384,1.90E-06,4.29E-06,3.81E-05,0.112485212,N,
3433,Perfluorobutanesulfonic_acid,375-73-5,FishRtgill,2,384,2.62E-09,4.00E-05,4.00E-05,0.999999999,A,-2.9
3434,4_2_Fluorotelomer_sulfonic_acid,757124-72-4,FishRtgill,2,384,,,,,A,1.4
3435,Perfluorononanoic_acid,375-95-1,FishRtgill,2,384,4.71E-07,2.16E-06,3.95E-05,0.054561056,A,0.1
3436,Perfluorohexanoic_acid,307-24-4,FishRtgill,2,384,1.14E-07,2.99E-05,3.99E-05,0.750395014,A,0.1
3437,Perfluorobutanoic_acid,375-22-4,FishRtgill,2,384,,,,,A,0.1
3438,Perfluorooctanoic_acid,335-67-1,FishRtgill,2,384,3.73E-07,4.54E-06,3.96E-05,0.114451504,A,0.1
3439,6_2_Fluorotelomer_sulfonic_acid,27619-97-2,FishRtgill,2,384,2.09E-07,1.71E-05,3.98E-05,0.430530653,A,1.4
3440,8_2_Fluorotelomer_sulfonic_acid,39108-34-4,FishRtgill,2,384,3.42E-07,2.50E-06,3.97E-05,0.063126903,A,1.4
3441,Perfluoroundecanoic_acid,2058-94-8,FishRtgill,2,384,4.21E-07,5.40E-07,3.96E-05,0.013632841,A,0.1
3442,Perfluorooctanesulfonic_acid,1763-23-1,FishRtgill,2,384,6.72E-07,1.25E-06,3.93E-05,0.031658894,A,-2.9
3443,Perfluoroheptanoic_acid,375-85-9,FishRtgill,2,384,3.15E-07,7.75E-06,3.97E-05,0.195370366,A,0.1
3444,Perfluoropentanoic_acid,2706-90-3,FishRtgill,2,384,,,,,A,0.1
3445,Perfluorohexanesulfonic_acid,355-46-4,FishRtgill,2,384,4.31E-07,1.88E-06,3.96E-05,0.047444499,A,-2.9
3446,Perfluorodecanoic_acid,335-76-2,FishRtgill,2,384,6.02E-07,1.14E-06,3.94E-05,0.028969216,A,0.1
3447,cyclosporine A,59865-13-3,FishRtgill,2,384,1.60E-07,2.28E-05,3.98E-05,0.573140695,N,
3448,chlorpromazine,50-53-3,FishRtgill,2,384,4.43E-07,2.69E-05,3.96E-05,0.680871579,B,9.4
3449,PBDE 47,5436-43-1,FishRtgill,2,384,2.38E-06,1.13E-07,3.76E-05,0.003004713,N,
3450,PBDE 99,60348-60-9,FishRtgill,2,384,2.57E-06,5.08E-08,3.74E-05,1.36E-03,N,
3451,PBDE 153,68631-49-2,FishRtgill,2,384,2.74E-06,2.01E-08,3.73E-05,5.39E-04,N,
3452,amiodarone,1951-25-3,FishRtgill,2,384,2.63E-06,4.99E-07,3.74E-05,1.34E-02,B,9
3453,Azathioprine,446-86-6,FishRtgill,2,384,2.78E-09,4.00E-05,4.00E-05,0.999629327,A,8.2
3454,Benzocaine,94-09-7,FishRtgill,2,384,3.09E-08,3.86E-05,4.00E-05,0.964611039,N,
3455,Butylated hydroxyanisole,25013-16-5,FishRtgill,2,384,4.5308E-07,2.6699E-05,3.95469E-05,0.6751223,N,
3456,Cetirizine dihydrochloride,83881-52-1,FishRtgill,2,384,2.64E-09,4.00E-05,4.00E-05,0.99995036,A,4.7
3457,Cyclamate,139-05-9,FishRtgill,2,384,2.62E-09,4.00E-05,4.00E-05,1,B,17.6
3458,Cyclophosphamide,6055-19-2,FishRtgill,2,384,4.92E-09,3.98E-05,4.00E-05,0.99597563,B,6.1
3459,Cypermethrin,67375-30-8,FishRtgill,2,384,2.91E-06,1.21E-07,3.71E-05,0.003250177,N,
3460,DEET,134-62-3,FishRtgill,2,384,2.35E-08,3.90E-05,4.00E-05,0.975935279,N,
3461,Dexamethasone,50-02-2,FishRtgill,2,384,2.64E-08,3.81E-05,4.00E-05,0.953442665,N,
3462,Digoxin,20830-75-5,FishRtgill,2,384,3.48E-09,3.99E-05,4.00E-05,0.998138575,N,
3463,Fenazaquin,120928-09-8,FishRtgill,2,384,2.37E-06,1.27E-06,3.76E-05,0.033636478,N,
3464,Fenbuconazole,114369-43-6,FishRtgill,2,384,3.32E-07,2.96E-05,3.97E-05,0.746342805,N,
3465,Fluazinam,79622-59-6,FishRtgill,2,384,9.86E-07,1.06E-05,3.90E-05,0.271137719,N,
3466,Furosemide,54-31-9,FishRtgill,2,384,2.63E-09,4.00E-05,4.00E-05,0.999973571,A,3
3467,Glybenclamide,10238-21-8,FishRtgill,2,384,7.88E-08,3.68E-05,3.99E-05,0.922485861,A,5
3468,HC Red 3,2871-01-4,FishRtgill,2,384,3.45E-09,3.99E-05,4.00E-05,0.998372534,N,
3469,Hydralazine hydrochloride,304-20-1,FishRtgill,2,384,5.08E-09,3.98E-05,4.00E-05,0.995738579,B,6
3470,Ketoconazole,65277-42-1,FishRtgill,2,384,5.02E-07,2.56E-05,3.95E-05,0.647853083,B,6.6
3471,Metformin,1115-70-4,FishRtgill,2,384,2.62E-09,4.00E-05,4.00E-05,0.999991646,B,9.6
3472,Metoclopramide,364-62-5,FishRtgill,2,384,7.01E-09,3.97E-05,4.00E-05,0.992949243,B,9
3473,Nitrofurantoin,67-20-9,FishRtgill,2,384,2.77E-09,4.00E-05,4.00E-05,0.999664266,A,7.3
3474,Oxytetracycline hydrochloride,2058-46-0,FishRtgill,2,384,2.62E-09,4.00E-05,4.00E-05,0.999999095,A,4.5
3475,Panthenol,16485-10-2 ,FishRtgill,2,384,2.75E-09,4.00E-05,4.00E-05,0.99970141,N,
3476,Paracetamol,103-90-2,FishRtgill,2,384,5.37E-09,3.98E-05,4.00E-05,0.994641318,N,
3477,Topiramate,97240-79-4,FishRtgill,2,384,2.62E-09,4.00E-05,4.00E-05,0.999993183,A,9.2
3478,Trimellitic anhydride,552-30-7,FishRtgill,2,384,2.62E-09,4.00E-05,4.00E-05,0.999983025,A,3.3
3479,Verapamil hydrochloride,152-11-4,FishRtgill,2,384,1.21E-07,3.54E-05,3.99E-05,0.88890492,B,9.2
3480,Warfarin,129-06-6,FishRtgill,2,384,2.37E-07,1.66E-05,3.98E-05,0.416479603,N,
3481,Caffeine,58-08-2,Default,2,384,2.86E-08,3.99E-05,4.00E-05,0.999396318,N,
3482,Lamotrigine,84057-84-1,Default,2,384,8.07E-07,3.52E-05,3.92E-05,0.898869215,B,6.6
3483,Diclofenac,15307-79-6,Default,2,384,4.77E-06,2.69E-06,3.52E-05,0.076453185,B,17.6
3484,"2,4-Dichlorophenoxyacetic",94-75-7,Default,2,384,2.47E-08,4.00E-05,4.00E-05,0.999941899,A,2.7
3485,(S)-Naproxen,22204-53-1,Default,2,384,3.58E-08,3.99E-05,4.00E-05,0.998232857,A,4.4
3486,Ibuprofen,15687-27-1,Default,2,384,2.03E-07,3.89E-05,3.98E-05,0.976571415,A,5.4
3487,Torasemide,56211-40-6,Default,2,384,3.24E-08,3.99E-05,4.00E-05,0.99875245,A,4
3488,Warfarin,81-81-2,Default,2,384,3.03E-08,3.99E-05,4.00E-05,0.99905937,A,4.5
3489,di-n-butylphthalate,84-74-2,Default,2,384,5.69E-06,1.22E-05,3.43E-05,0.354330737,N,
3490,hexachlorophene,70-30-4,Default,2,384,1.24E-05,1.74E-07,2.76E-05,6.30E-03,A,6.2
3491,hexamethylenetetramine,100-97-0,Default,2,384,2.53E-08,4.00E-05,4.00E-05,0.999849609,B,6.4
3492,Malathion,121-75-5,Default,2,384,7.82E-07,3.51E-05,3.92E-05,0.895410824,N,
3493,pentachlorophenol,87-86-5,Default,2,384,1.09E-06,3.43E-05,3.89E-05,0.880747494,A,5
3494,"2,2,2-trichloroethanol",115-20-8,Default,2,384,1.34E-07,3.92E-05,3.99E-05,0.984344932,N,
3495,diethylphthalate,84-66-2,Default,2,384,5.63E-07,3.69E-05,3.94E-05,0.935804512,N,
3496,4-chlorophenol,106-48-9,Default,2,384,7.65E-07,3.54E-05,3.92E-05,0.901014896,N,
3497,permethrin,52645-53-1,Default,2,384,1.17E-05,4.18E-08,2.83E-05,0.00147847,N,
3498,Aniline,62-53-3,Default,2,384,9.49E-08,3.95E-05,3.99E-05,0.990416248,N,
3499,4-fluoroaniline,371-40-4,Default,2,384,9.74E-08,3.95E-05,3.99E-05,0.989867198,N,
3500,"2,4,6-trichlorophenol",88-06-2,Default,2,384,1.70E-06,3.14E-05,3.83E-05,0.818887929,A,6.8
3501,Allyl alcohol,107-18-6,Default,2,384,3.11E-08,3.99E-05,4.00E-05,0.99899872,N,
3502,N-methylaniline,100-61-8,Default,2,384,2.02E-07,3.89E-05,3.98E-05,0.977589057,N,
3503,"3,4-dichloroaniline",95-76-1,Default,2,384,1.49E-06,3.15E-05,3.85E-05,0.818491891,N,
3504,4-decylaniline,37529-30-9,Default,2,384,9.68E-06,3.16E-07,3.03E-05,0.010419834,N,
3505,naphthalene,91-20-3,Default,2,384,2.34E-06,2.81E-05,3.77E-05,0.74560973,N,
3506,"1,2,4-trichlorobenzene",120-82-1,Default,2,384,6.22E-06,1.14E-05,3.38E-05,0.337853814,N,
3507,"1,2-dichlorobenzene",95-50-1,Default,2,384,3.11E-06,2.45E-05,3.69E-05,0.662854229,N,
3508,dichloromethane,75-09-2,Default,2,384,1.33E-07,3.93E-05,3.99E-05,0.985811083,N,
3509,tetrachloroethylene,127-18-4,Default,2,384,2.28E-06,2.87E-05,3.77E-05,0.759754206,N,
3510,"2,3-dimethyl-1,3-butadiene",513-81-5,Default,2,384,6.92E-07,3.63E-05,3.93E-05,0.923148558,N,
3511,Eugenol F,97-53-0,Default,2,384,4.72E-07,3.73E-05,3.95E-05,0.944598641,N,
3512,Methyl-antranilate,134-20-3,Default,2,384,1.63E-07,3.92E-05,3.98E-05,0.983510579,N,
3513,Lilyfore,285977-85-7,Default,2,384,2.49E-06,2.79E-05,3.75E-05,0.742878677,N,
3514,Damascone beta,23726-91-2,Default,2,384,7.48E-06,9.34E-06,3.25E-05,0.287132152,N,
3515,Veloutone,14595-54-1,Default,2,384,1.08E-05,1.55E-06,2.92E-05,0.052998348,N,
3516,Verdox,82356-51-2,Default,2,384,1.25718E-05,1.28866E-07,2.74282E-05,0.004698297,N,
3517,Nirvanol,1506-02-1,Default,2,384,1.16117E-05,6.49352E-07,2.83883E-05,0.022873913,N,
3518,Cetalox,3738-00-9,Default,2,384,1.11E-05,1.21E-06,2.89E-05,0.041883862,N,
3519,Tonalide,21145-77-7,Default,2,384,1.16E-05,6.49E-07,2.84E-05,0.022873913,N,
3520,"2,4-Dinitrophenol",51-28-5,Default,2,384,2.49E-08,4.00E-05,4.00E-05,0.999910972,A,4.1
3521,Aldrin,309-00-2,Default,2,384,1.02E-05,5.59E-07,2.98E-05,0.018745173,N,
3522,Azinphos-methyl,86-50-0,Default,2,384,1.15E-06,3.40E-05,3.89E-05,0.874693198,N,
3523,Chlorpyrifos,2921-88-2,Default,2,384,6.74E-06,1.18E-05,3.33E-05,0.353354931,N,
3524,"DDD-p,p'",50-29-3,Default,2,384,1.04E-05,3.62E-08,2.96E-05,0.001225605,N,
3525,"DDT-o,p'",789-02-6,Default,2,384,9.80E-06,1.03E-07,3.02E-05,0.003418191,N,
3526,"DDT-p,p'",72-54-8,Default,2,384,1.02E-05,1.03E-07,2.98E-05,0.003470824,N,
3527,Diazinon,333-41-5,Default,2,384,2.14E-06,2.87E-05,3.79E-05,0.757909574,N,
3528,Dicofol,115-32-2,Default,2,384,1.02E-05,2.59E-06,2.98E-05,0.086789173,N,
3529,Dieldrin,60-57-1,Default,2,384,9.22E-06,2.56E-06,3.08E-05,0.0830581,N,
3530,Disulfoton,298-04-4,Default,2,384,3.20E-06,2.51E-05,3.68E-05,0.680904958,N,
3531,Endosulfan I,115-29-7,Default,2,384,5.02E-06,1.88E-05,3.50E-05,0.537247487,N,
3532,Endrin,72-20-8,Default,2,384,4.21E-06,1.75E-05,3.58E-05,0.48983608,N,
3533,Ethion,563-12-2,Default,2,384,4.51E-06,1.56E-05,3.55E-05,0.438672621,N,
3534,Heptachlor,76-44-8,Default,2,384,1.07E-05,9.71E-07,2.93E-05,0.033122055,N,
3535,Heptachlor epoxide B,1024-57-3,Default,2,384,9.57E-06,1.71E-06,3.04E-05,0.056219672,N,
3536,Lindane,58-89-9,Default,2,384,2.95E-06,2.63E-05,3.71E-05,0.710174209,N,
3537,"Methoxychlor-o,p'",72-43-5,Default,2,384,8.46E-06,1.42E-06,3.15E-05,0.045133402,N,
3538,Parathion,56-38-2,Default,2,384,2.57E-06,2.79E-05,3.74E-05,0.745240963,N,
3539,Trifluralin,1582-09-8,Default,2,384,5.88E-06,6.60E-06,3.41E-05,0.193495379,N,
3540,Cisapride,81098-60-4,Default,2,384,1.58E-06,3.19E-05,3.84E-05,0.831389931,B,7.8
3541,Citalopram hydrobromide,59729-33-8,Default,2,384,2.65E-07,3.81E-05,3.97E-05,0.960105784,N,
3542,Dofetilide,115256-11-6,Default,2,384,9.14E-08,3.95E-05,3.99E-05,0.990589188,B,8.4
3543,Moxifloxacin hydrochloride,186826-86-8,Default,2,384,2.95E-08,3.99E-05,4.00E-05,0.999184765,A,6
3544,N-acetylpro-cainamide,32795-44-1,Default,2,384,2.72E-08,4.00E-05,4.00E-05,0.999534833,B,9.2
3545,Quinidine sulfate,50-54-4,Default,2,384,1.11E-07,3.94E-05,3.99E-05,0.988100699,B,9.3
3546,Sematilide,101526-83-4,Default,2,384,2.73E-08,4.00E-05,4.00E-05,0.999520996,B,9.1
3547,Sotalol hydrochloride,959-24-0,Default,2,384,2.52E-08,4.00E-05,4.00E-05,0.999865169,B,9
3548,Mifepristone,84371-65-3,Default,2,384,9.76E-06,3.40E-06,3.02E-05,0.112485212,N,
3549,Perfluorobutanesulfonic_acid,375-73-5,Default,2,384,2.44E-08,4.00E-05,4.00E-05,0.999999999,A,-2.9
3550,4_2_Fluorotelomer_sulfonic_acid,757124-72-4,Default,2,384,,,,,A,1.4
3551,Perfluorononanoic_acid,375-95-1,Default,2,384,5.31E-06,1.89E-06,3.47E-05,0.054561056,A,0.1
3552,Perfluorohexanoic_acid,307-24-4,Default,2,384,1.51E-06,2.89E-05,3.85E-05,0.750395014,A,0.1
3553,Perfluorobutanoic_acid,375-22-4,Default,2,384,,,,,A,0.1
3554,Perfluorooctanoic_acid,335-67-1,Default,2,384,4.76E-06,4.03E-06,3.52E-05,0.114451504,A,0.1
3555,6_2_Fluorotelomer_sulfonic_acid,27619-97-2,Default,2,384,3.08E-06,1.59E-05,3.69E-05,0.430530653,A,1.4
3556,8_2_Fluorotelomer_sulfonic_acid,39108-34-4,Default,2,384,4.81E-06,2.22E-06,3.52E-05,0.063126903,A,1.4
3557,Perfluoroundecanoic_acid,2058-94-8,Default,2,384,5.25E-06,4.74E-07,3.47E-05,0.013632841,A,0.1
3558,Perfluorooctanesulfonic_acid,1763-23-1,Default,2,384,6.08E-06,1.07E-06,3.39E-05,0.031658894,A,-2.9
3559,Perfluoroheptanoic_acid,375-85-9,Default,2,384,4.28E-06,6.98E-06,3.57E-05,0.195370366,A,0.1
3560,Perfluoropentanoic_acid,2706-90-3,Default,2,384,,,,,A,0.1
3561,Perfluorohexanesulfonic_acid,355-46-4,Default,2,384,5.18E-06,1.65E-06,3.48E-05,0.047444499,A,-2.9
3562,Perfluorodecanoic_acid,335-76-2,Default,2,384,5.85E-06,9.89E-07,3.42E-05,0.028969216,A,0.1
3563,cyclosporine A,59865-13-3,Default,2,384,2.36E-06,2.16E-05,3.76E-05,0.573140695,N,
3564,chlorpromazine,50-53-3,Default,2,384,3.14E-06,2.51E-05,3.69E-05,0.680871579,B,9.4
3565,PBDE 47,5436-43-1,Default,2,384,1.14E-05,8.60E-08,2.86E-05,0.003004713,N,
3566,PBDE 99,60348-60-9,Default,2,384,1.19E-05,3.82E-08,2.81E-05,1.36E-03,N,
3567,PBDE 153,68631-49-2,Default,2,384,1.23E-05,1.49E-08,2.77E-05,5.39E-04,N,
3568,amiodarone,1951-25-3,Default,2,384,1.20E-05,3.74E-07,2.80E-05,1.34E-02,B,9
3569,Azathioprine,446-86-6,Default,2,384,2.66E-08,4.00E-05,4.00E-05,0.999629327,A,8.2
3570,Benzocaine,94-09-7,Default,2,384,2.99E-07,3.83E-05,3.97E-05,0.964611039,N,
3571,Butylated hydroxyanisole,25013-16-5,Default,2,384,3.20015E-06,2.48444E-05,3.67999E-05,0.6751223,N,
3572,Cetirizine dihydrochloride,83881-52-1,Default,2,384,2.47E-08,4.00E-05,4.00E-05,0.99995036,A,4.7
3573,Cyclamate,139-05-9,Default,2,384,2.44E-08,4.00E-05,4.00E-05,1,B,17.6
3574,Cyclophosphamide,6055-19-2,Default,2,384,5.16E-08,3.98E-05,3.99E-05,0.99597563,B,6.1
3575,Cypermethrin,67375-30-8,Default,2,384,1.27E-05,8.86E-08,2.73E-05,0.003250177,N,
3576,DEET,134-62-3,Default,2,384,2.19E-07,3.88E-05,3.98E-05,0.975935279,N,
3577,Dexamethasone,50-02-2,Default,2,384,3.24E-07,3.78E-05,3.97E-05,0.953442665,N,
3578,Digoxin,20830-75-5,Default,2,384,3.60E-08,3.99E-05,4.00E-05,0.998138575,N,
3579,Fenazaquin,120928-09-8,Default,2,384,1.13E-05,9.66E-07,2.87E-05,0.033636478,N,
3580,Fenbuconazole,114369-43-6,Default,2,384,2.45E-06,2.80E-05,3.75E-05,0.746342805,N,
3581,Fluazinam,79622-59-6,Default,2,384,6.46E-06,9.09E-06,3.35E-05,0.271137719,N,
3582,Furosemide,54-31-9,Default,2,384,2.45E-08,4.00E-05,4.00E-05,0.999973571,A,3
3583,Glybenclamide,10238-21-8,Default,2,384,6.86E-07,3.63E-05,3.93E-05,0.922485861,A,5
3584,HC Red 3,2871-01-4,Default,2,384,3.49E-08,3.99E-05,4.00E-05,0.998372534,N,
3585,Hydralazine hydrochloride,304-20-1,Default,2,384,5.33E-08,3.98E-05,3.99E-05,0.995738579,B,6
3586,Ketoconazole,65277-42-1,Default,2,384,3.49E-06,2.37E-05,3.65E-05,0.647853083,B,6.6
3587,Metformin,1115-70-4,Default,2,384,2.44E-08,4.00E-05,4.00E-05,0.999991646,B,9.6
3588,Metoclopramide,364-62-5,Default,2,384,7.37E-08,3.96E-05,3.99E-05,0.992949243,B,9
3589,Nitrofurantoin,67-20-9,Default,2,384,2.64E-08,4.00E-05,4.00E-05,0.999664266,A,7.3
3590,Oxytetracycline hydrochloride,2058-46-0,Default,2,384,2.44E-08,4.00E-05,4.00E-05,0.999999095,A,4.5
3591,Panthenol,16485-10-2 ,Default,2,384,2.62E-08,4.00E-05,4.00E-05,0.99970141,N,
3592,Paracetamol,103-90-2,Default,2,384,5.91E-08,3.97E-05,3.99E-05,0.994641318,N,
3593,Topiramate,97240-79-4,Default,2,384,2.44E-08,4.00E-05,4.00E-05,0.999993183,A,9.2
3594,Trimellitic anhydride,552-30-7,Default,2,384,2.45E-08,4.00E-05,4.00E-05,0.999983025,A,3.3
3595,Verapamil hydrochloride,152-11-4,Default,2,384,1.01E-06,3.47E-05,3.90E-05,0.88890492,B,9.2
3596,Warfarin,129-06-6,Default,2,384,3.24E-06,1.53E-05,3.68E-05,0.416479603,N,
3597,Caffeine,58-08-2,MCF7,2,384,5.60E-08,3.99E-05,3.99E-05,0.999396318,N,
3598,Lamotrigine,84057-84-1,MCF7,2,384,1.97E-07,3.58E-05,3.98E-05,0.898869215,B,6.6
3599,Diclofenac,15307-79-6,MCF7,2,384,5.59E-07,3.02E-06,3.94E-05,0.076453185,B,17.6
3600,"2,4-Dichlorophenoxyacetic",94-75-7,MCF7,2,384,5.54E-08,3.99E-05,3.99E-05,0.999941899,A,2.7
3601,(S)-Naproxen,22204-53-1,MCF7,2,384,5.69E-08,3.99E-05,3.99E-05,0.998232857,A,4.4
3602,Ibuprofen,15687-27-1,MCF7,2,384,8.64E-08,3.90E-05,3.99E-05,0.976571415,A,5.4
3603,Torasemide,56211-40-6,MCF7,2,384,5.64E-08,3.99E-05,3.99E-05,0.99875245,A,4
3604,Warfarin,81-81-2,MCF7,2,384,5.61E-08,3.99E-05,3.99E-05,0.99905937,A,4.5
3605,di-n-butylphthalate,84-74-2,MCF7,2,384,1.54E-06,1.36E-05,3.85E-05,0.354330737,N,
3606,hexachlorophene,70-30-4,MCF7,2,384,4.98E-06,2.21E-07,3.50E-05,6.30E-03,A,6.2
3607,hexamethylenetetramine,100-97-0,MCF7,2,384,5.55E-08,3.99E-05,3.99E-05,0.999849609,B,6.4
3608,Malathion,121-75-5,MCF7,2,384,1.81E-07,3.57E-05,3.98E-05,0.895410824,N,
3609,pentachlorophenol,87-86-5,MCF7,2,384,2.85E-07,3.50E-05,3.97E-05,0.880747494,A,5
3610,"2,2,2-trichloroethanol",115-20-8,MCF7,2,384,7.20E-08,3.93E-05,3.99E-05,0.984344932,N,
3611,diethylphthalate,84-66-2,MCF7,2,384,1.62E-07,3.73E-05,3.98E-05,0.935804512,N,
3612,4-chlorophenol,106-48-9,MCF7,2,384,1.84E-07,3.59E-05,3.98E-05,0.901014896,N,
3613,permethrin,52645-53-1,MCF7,2,384,4.51E-06,5.25E-08,3.55E-05,0.00147847,N,
3614,Aniline,62-53-3,MCF7,2,384,6.69E-08,3.96E-05,3.99E-05,0.990416248,N,
3615,4-fluoroaniline,371-40-4,MCF7,2,384,6.69E-08,3.95E-05,3.99E-05,0.989867198,N,
3616,"2,4,6-trichlorophenol",88-06-2,MCF7,2,384,4.42E-07,3.24E-05,3.96E-05,0.818887929,A,6.8
3617,Allyl alcohol,107-18-6,MCF7,2,384,5.63E-08,3.99E-05,3.99E-05,0.99899872,N,
3618,N-methylaniline,100-61-8,MCF7,2,384,8.74E-08,3.90E-05,3.99E-05,0.977589057,N,
3619,"3,4-dichloroaniline",95-76-1,MCF7,2,384,3.45E-07,3.25E-05,3.97E-05,0.818491891,N,
3620,4-decylaniline,37529-30-9,MCF7,2,384,3.22E-06,3.83E-07,3.68E-05,0.010419834,N,
3621,naphthalene,91-20-3,MCF7,2,384,5.96E-07,2.94E-05,3.94E-05,0.74560973,N,
3622,"1,2,4-trichlorobenzene",120-82-1,MCF7,2,384,1.78E-06,1.29E-05,3.82E-05,0.337853814,N,
3623,"1,2-dichlorobenzene",95-50-1,MCF7,2,384,8.02E-07,2.60E-05,3.92E-05,0.662854229,N,
3624,dichloromethane,75-09-2,MCF7,2,384,7.41E-08,3.94E-05,3.99E-05,0.985811083,N,
3625,tetrachloroethylene,127-18-4,MCF7,2,384,5.91E-07,2.99E-05,3.94E-05,0.759754206,N,
3626,"2,3-dimethyl-1,3-butadiene",513-81-5,MCF7,2,384,1.93E-07,3.67E-05,3.98E-05,0.923148558,N,
3627,Eugenol F,97-53-0,MCF7,2,384,1.40E-07,3.77E-05,3.99E-05,0.944598641,N,
3628,Methyl-antranilate,134-20-3,MCF7,2,384,8.23E-08,3.93E-05,3.99E-05,0.983510579,N,
3629,Lilyfore,285977-85-7,MCF7,2,384,6.56E-07,2.92E-05,3.93E-05,0.742878677,N,
3630,Damascone beta,23726-91-2,MCF7,2,384,2.39E-06,1.08E-05,3.76E-05,0.287132152,N,
3631,Veloutone,14595-54-1,MCF7,2,384,4.00E-06,1.91E-06,3.60E-05,0.052998348,N,
3632,Verdox,82356-51-2,MCF7,2,384,5.07202E-06,1.64102E-07,3.4928E-05,0.004698297,N,
3633,Nirvanol,1506-02-1,MCF7,2,384,4.4617E-06,8.129E-07,3.55383E-05,0.022873913,N,
3634,Cetalox,3738-00-9,MCF7,2,384,4.14E-06,1.50E-06,3.59E-05,0.041883862,N,
3635,Tonalide,21145-77-7,MCF7,2,384,4.46E-06,8.13E-07,3.55E-05,0.022873913,N,
3636,"2,4-Dinitrophenol",51-28-5,MCF7,2,384,5.54E-08,3.99E-05,3.99E-05,0.999910972,A,4.1
3637,Aldrin,309-00-2,MCF7,2,384,3.55E-06,6.83E-07,3.65E-05,0.018745173,N,
3638,Azinphos-methyl,86-50-0,MCF7,2,384,2.99E-07,3.47E-05,3.97E-05,0.874693198,N,
3639,Chlorpyrifos,2921-88-2,MCF7,2,384,2.09E-06,1.34E-05,3.79E-05,0.353354931,N,
3640,"DDD-p,p'",50-29-3,MCF7,2,384,3.68E-06,4.45E-08,3.63E-05,0.001225605,N,
3641,"DDT-o,p'",789-02-6,MCF7,2,384,3.29E-06,1.25E-07,3.67E-05,0.003418191,N,
3642,"DDT-p,p'",72-54-8,MCF7,2,384,3.55E-06,1.26E-07,3.64E-05,0.003470824,N,
3643,Diazinon,333-41-5,MCF7,2,384,5.27E-07,2.99E-05,3.95E-05,0.757909574,N,
3644,Dicofol,115-32-2,MCF7,2,384,3.65E-06,3.16E-06,3.64E-05,0.086789173,N,
3645,Dieldrin,60-57-1,MCF7,2,384,3.06E-06,3.07E-06,3.69E-05,0.0830581,N,
3646,Disulfoton,298-04-4,MCF7,2,384,8.75E-07,2.66E-05,3.91E-05,0.680904958,N,
3647,Endosulfan I,115-29-7,MCF7,2,384,1.51E-06,2.07E-05,3.85E-05,0.537247487,N,
3648,Endrin,72-20-8,MCF7,2,384,1.02E-06,1.91E-05,3.90E-05,0.48983608,N,
3649,Ethion,563-12-2,MCF7,2,384,1.08E-06,1.71E-05,3.89E-05,0.438672621,N,
3650,Heptachlor,76-44-8,MCF7,2,384,3.88E-06,1.20E-06,3.61E-05,0.033122055,N,
3651,Heptachlor epoxide B,1024-57-3,MCF7,2,384,3.23E-06,2.07E-06,3.68E-05,0.056219672,N,
3652,Lindane,58-89-9,MCF7,2,384,8.09E-07,2.78E-05,3.92E-05,0.710174209,N,
3653,"Methoxychlor-o,p'",72-43-5,MCF7,2,384,2.55E-06,1.69E-06,3.75E-05,0.045133402,N,
3654,Parathion,56-38-2,MCF7,2,384,7.00E-07,2.93E-05,3.93E-05,0.745240963,N,
3655,Trifluralin,1582-09-8,MCF7,2,384,1.36E-06,7.48E-06,3.86E-05,0.193495379,N,
3656,Cisapride,81098-60-4,MCF7,2,384,4.09E-07,3.29E-05,3.96E-05,0.831389931,B,7.8
3657,Citalopram hydrobromide,59729-33-8,MCF7,2,384,8.14E-08,3.83E-05,3.99E-05,0.960105784,N,
3658,Dofetilide,115256-11-6,MCF7,2,384,6.57E-08,3.96E-05,3.99E-05,0.990589188,B,8.4
3659,Moxifloxacin hydrochloride,186826-86-8,MCF7,2,384,5.60E-08,3.99E-05,3.99E-05,0.999184765,A,6
3660,N-acetylpro-cainamide,32795-44-1,MCF7,2,384,5.57E-08,3.99E-05,3.99E-05,0.999534833,B,9.2
3661,Quinidine sulfate,50-54-4,MCF7,2,384,6.91E-08,3.95E-05,3.99E-05,0.988100699,B,9.3
3662,Sematilide,101526-83-4,MCF7,2,384,5.57E-08,3.99E-05,3.99E-05,0.999520996,B,9.1
3663,Sotalol hydrochloride,959-24-0,MCF7,2,384,5.55E-08,3.99E-05,3.99E-05,0.999865169,B,9
3664,Mifepristone,84371-65-3,MCF7,2,384,3.43E-06,4.11E-06,3.66E-05,0.112485212,N,
3665,Perfluorobutanesulfonic_acid,375-73-5,MCF7,2,384,5.54E-08,3.99E-05,3.99E-05,0.999999999,A,-2.9
3666,4_2_Fluorotelomer_sulfonic_acid,757124-72-4,MCF7,2,384,,,,,A,1.4
3667,Perfluorononanoic_acid,375-95-1,MCF7,2,384,8.03E-07,2.14E-06,3.92E-05,0.054561056,A,0.1
3668,Perfluorohexanoic_acid,307-24-4,MCF7,2,384,2.30E-07,2.98E-05,3.98E-05,0.750395014,A,0.1
3669,Perfluorobutanoic_acid,375-22-4,MCF7,2,384,,,,,A,0.1
3670,Perfluorooctanoic_acid,335-67-1,MCF7,2,384,6.25E-07,4.51E-06,3.94E-05,0.114451504,A,0.1
3671,6_2_Fluorotelomer_sulfonic_acid,27619-97-2,MCF7,2,384,3.62E-07,1.71E-05,3.96E-05,0.430530653,A,1.4
3672,8_2_Fluorotelomer_sulfonic_acid,39108-34-4,MCF7,2,384,5.57E-07,2.49E-06,3.94E-05,0.063126903,A,1.4
3673,Perfluoroundecanoic_acid,2058-94-8,MCF7,2,384,7.01E-07,5.36E-07,3.93E-05,0.013632841,A,0.1
3674,Perfluorooctanesulfonic_acid,1763-23-1,MCF7,2,384,1.18E-06,1.23E-06,3.88E-05,0.031658894,A,-2.9
3675,Perfluoroheptanoic_acid,375-85-9,MCF7,2,384,5.27E-07,7.71E-06,3.95E-05,0.195370366,A,0.1
3676,Perfluoropentanoic_acid,2706-90-3,MCF7,2,384,,,,,A,0.1
3677,Perfluorohexanesulfonic_acid,355-46-4,MCF7,2,384,7.25E-07,1.86E-06,3.93E-05,0.047444499,A,-2.9
3678,Perfluorodecanoic_acid,335-76-2,MCF7,2,384,1.05E-06,1.13E-06,3.90E-05,0.028969216,A,0.1
3679,cyclosporine A,59865-13-3,MCF7,2,384,2.89E-07,2.28E-05,3.97E-05,0.573140695,N,
3680,chlorpromazine,50-53-3,MCF7,2,384,8.47E-07,2.67E-05,3.92E-05,0.680871579,B,9.4
3681,PBDE 47,5436-43-1,MCF7,2,384,4.27E-06,1.07E-07,3.57E-05,0.003004713,N,
3682,PBDE 99,60348-60-9,MCF7,2,384,4.60E-06,4.80E-08,3.54E-05,1.36E-03,N,
3683,PBDE 153,68631-49-2,MCF7,2,384,4.90E-06,1.89E-08,3.51E-05,5.39E-04,N,
3684,amiodarone,1951-25-3,MCF7,2,384,4.70E-06,4.72E-07,3.53E-05,1.34E-02,B,9
3685,Azathioprine,446-86-6,MCF7,2,384,5.56E-08,3.99E-05,3.99E-05,0.999629327,A,8.2
3686,Benzocaine,94-09-7,MCF7,2,384,1.04E-07,3.85E-05,3.99E-05,0.964611039,N,
3687,Butylated hydroxyanisole,25013-16-5,MCF7,2,384,8.64924E-07,2.6421E-05,3.91351E-05,0.6751223,N,
3688,Cetirizine dihydrochloride,83881-52-1,MCF7,2,384,5.54E-08,3.99E-05,3.99E-05,0.99995036,A,4.7
3689,Cyclamate,139-05-9,MCF7,2,384,5.54E-08,3.99E-05,3.99E-05,1,B,17.6
3690,Cyclophosphamide,6055-19-2,MCF7,2,384,5.92E-08,3.98E-05,3.99E-05,0.99597563,B,6.1
3691,Cypermethrin,67375-30-8,MCF7,2,384,5.18E-06,1.13E-07,3.48E-05,0.003250177,N,
3692,DEET,134-62-3,MCF7,2,384,9.18E-08,3.89E-05,3.99E-05,0.975935279,N,
3693,Dexamethasone,50-02-2,MCF7,2,384,9.37E-08,3.80E-05,3.99E-05,0.953442665,N,
3694,Digoxin,20830-75-5,MCF7,2,384,5.67E-08,3.99E-05,3.99E-05,0.998138575,N,
3695,Fenazaquin,120928-09-8,MCF7,2,384,4.26E-06,1.20E-06,3.57E-05,0.033636478,N,
3696,Fenbuconazole,114369-43-6,MCF7,2,384,6.46E-07,2.94E-05,3.94E-05,0.746342805,N,
3697,Fluazinam,79622-59-6,MCF7,2,384,1.80E-06,1.04E-05,3.82E-05,0.271137719,N,
3698,Furosemide,54-31-9,MCF7,2,384,5.54E-08,3.99E-05,3.99E-05,0.999973571,A,3
3699,Glybenclamide,10238-21-8,MCF7,2,384,1.90E-07,3.67E-05,3.98E-05,0.922485861,A,5
3700,HC Red 3,2871-01-4,MCF7,2,384,5.67E-08,3.99E-05,3.99E-05,0.998372534,N,
3701,Hydralazine hydrochloride,304-20-1,MCF7,2,384,5.94E-08,3.98E-05,3.99E-05,0.995738579,B,6
3702,Ketoconazole,65277-42-1,MCF7,2,384,9.53E-07,2.53E-05,3.90E-05,0.647853083,B,6.6
3703,Metformin,1115-70-4,MCF7,2,384,5.54E-08,3.99E-05,3.99E-05,0.999991646,B,9.6
3704,Metoclopramide,364-62-5,MCF7,2,384,6.27E-08,3.97E-05,3.99E-05,0.992949243,B,9
3705,Nitrofurantoin,67-20-9,MCF7,2,384,5.56E-08,3.99E-05,3.99E-05,0.999664266,A,7.3
3706,Oxytetracycline hydrochloride,2058-46-0,MCF7,2,384,5.54E-08,3.99E-05,3.99E-05,0.999999095,A,4.5
3707,Panthenol,16485-10-2 ,MCF7,2,384,5.56E-08,3.99E-05,3.99E-05,0.99970141,N,
3708,Paracetamol,103-90-2,MCF7,2,384,5.98E-08,3.97E-05,3.99E-05,0.994641318,N,
3709,Topiramate,97240-79-4,MCF7,2,384,5.54E-08,3.99E-05,3.99E-05,0.999993183,A,9.2
3710,Trimellitic anhydride,552-30-7,MCF7,2,384,5.54E-08,3.99E-05,3.99E-05,0.999983025,A,3.3
3711,Verapamil hydrochloride,152-11-4,MCF7,2,384,2.65E-07,3.53E-05,3.97E-05,0.88890492,B,9.2
3712,Warfarin,129-06-6,MCF7,2,384,4.14E-07,1.65E-05,3.96E-05,0.416479603,N,
3713,Caffeine,58-08-2,HCT116,2,384,1.49E-08,4.00E-05,4.00E-05,0.999396318,N,
3714,Lamotrigine,84057-84-1,HCT116,2,384,4.40E-07,3.56E-05,3.96E-05,0.898869215,B,6.6
3715,Diclofenac,15307-79-6,HCT116,2,384,2.99E-06,2.83E-06,3.70E-05,0.076453185,B,17.6
3716,"2,4-Dichlorophenoxyacetic",94-75-7,HCT116,2,384,1.27E-08,4.00E-05,4.00E-05,0.999941899,A,2.7
3717,(S)-Naproxen,22204-53-1,HCT116,2,384,1.91E-08,3.99E-05,4.00E-05,0.998232857,A,4.4
3718,Ibuprofen,15687-27-1,HCT116,2,384,1.11E-07,3.90E-05,3.99E-05,0.976571415,A,5.4
3719,Torasemide,56211-40-6,HCT116,2,384,1.71E-08,3.99E-05,4.00E-05,0.99875245,A,4
3720,Warfarin,81-81-2,HCT116,2,384,1.60E-08,3.99E-05,4.00E-05,0.99905937,A,4.5
3721,di-n-butylphthalate,84-74-2,HCT116,2,384,3.10E-06,1.31E-05,3.69E-05,0.354330737,N,
3722,hexachlorophene,70-30-4,HCT116,2,384,6.78E-06,2.09E-07,3.32E-05,6.30E-03,A,6.2
3723,hexamethylenetetramine,100-97-0,HCT116,2,384,1.31E-08,4.00E-05,4.00E-05,0.999849609,B,6.4
3724,Malathion,121-75-5,HCT116,2,384,4.35E-07,3.54E-05,3.96E-05,0.895410824,N,
3725,pentachlorophenol,87-86-5,HCT116,2,384,5.72E-07,3.47E-05,3.94E-05,0.880747494,A,5
3726,"2,2,2-trichloroethanol",115-20-8,HCT116,2,384,7.43E-08,3.93E-05,3.99E-05,0.984344932,N,
3727,diethylphthalate,84-66-2,HCT116,2,384,3.00E-07,3.72E-05,3.97E-05,0.935804512,N,
3728,4-chlorophenol,106-48-9,HCT116,2,384,4.21E-07,3.57E-05,3.96E-05,0.901014896,N,
3729,permethrin,52645-53-1,HCT116,2,384,6.40E-06,4.97E-08,3.36E-05,0.00147847,N,
3730,Aniline,62-53-3,HCT116,2,384,5.16E-08,3.96E-05,3.99E-05,0.990416248,N,
3731,4-fluoroaniline,371-40-4,HCT116,2,384,5.32E-08,3.95E-05,3.99E-05,0.989867198,N,
3732,"2,4,6-trichlorophenol",88-06-2,HCT116,2,384,8.92E-07,3.20E-05,3.91E-05,0.818887929,A,6.8
3733,Allyl alcohol,107-18-6,HCT116,2,384,1.64E-08,3.99E-05,4.00E-05,0.99899872,N,
3734,N-methylaniline,100-61-8,HCT116,2,384,1.09E-07,3.90E-05,3.99E-05,0.977589057,N,
3735,"3,4-dichloroaniline",95-76-1,HCT116,2,384,8.06E-07,3.21E-05,3.92E-05,0.818491891,N,
3736,4-decylaniline,37529-30-9,HCT116,2,384,5.32E-06,3.61E-07,3.47E-05,0.010419834,N,
3737,naphthalene,91-20-3,HCT116,2,384,1.24E-06,2.89E-05,3.88E-05,0.74560973,N,
3738,"1,2,4-trichlorobenzene",120-82-1,HCT116,2,384,3.35E-06,1.24E-05,3.67E-05,0.337853814,N,
3739,"1,2-dichlorobenzene",95-50-1,HCT116,2,384,1.65E-06,2.54E-05,3.84E-05,0.662854229,N,
3740,dichloromethane,75-09-2,HCT116,2,384,7.19E-08,3.94E-05,3.99E-05,0.985811083,N,
3741,tetrachloroethylene,127-18-4,HCT116,2,384,1.19E-06,2.95E-05,3.88E-05,0.759754206,N,
3742,"2,3-dimethyl-1,3-butadiene",513-81-5,HCT116,2,384,3.66E-07,3.66E-05,3.96E-05,0.923148558,N,
3743,Eugenol F,97-53-0,HCT116,2,384,2.54E-07,3.75E-05,3.97E-05,0.944598641,N,
3744,Methyl-antranilate,134-20-3,HCT116,2,384,8.63E-08,3.93E-05,3.99E-05,0.983510579,N,
3745,Lilyfore,285977-85-7,HCT116,2,384,1.30E-06,2.88E-05,3.87E-05,0.742878677,N,
3746,Damascone beta,23726-91-2,HCT116,2,384,3.98E-06,1.03E-05,3.60E-05,0.287132152,N,
3747,Veloutone,14595-54-1,HCT116,2,384,5.87E-06,1.81E-06,3.41E-05,0.052998348,N,
3748,Verdox,82356-51-2,HCT116,2,384,6.85952E-06,1.55704E-07,3.31405E-05,0.004698297,N,
3749,Nirvanol,1506-02-1,HCT116,2,384,6.31549E-06,7.70496E-07,3.36845E-05,0.022873913,N,
3750,Cetalox,3738-00-9,HCT116,2,384,6.01E-06,1.42E-06,3.40E-05,0.041883862,N,
3751,Tonalide,21145-77-7,HCT116,2,384,6.32E-06,7.70E-07,3.37E-05,0.022873913,N,
3752,"2,4-Dinitrophenol",51-28-5,HCT116,2,384,1.28E-08,4.00E-05,4.00E-05,0.999910972,A,4.1
3753,Aldrin,309-00-2,HCT116,2,384,5.57E-06,6.45E-07,3.44E-05,0.018745173,N,
3754,Azinphos-methyl,86-50-0,HCT116,2,384,6.03E-07,3.45E-05,3.94E-05,0.874693198,N,
3755,Chlorpyrifos,2921-88-2,HCT116,2,384,3.57E-06,1.29E-05,3.64E-05,0.353354931,N,
3756,"DDD-p,p'",50-29-3,HCT116,2,384,5.72E-06,4.20E-08,3.43E-05,0.001225605,N,
3757,"DDT-o,p'",789-02-6,HCT116,2,384,5.39E-06,1.18E-07,3.46E-05,0.003418191,N,
3758,"DDT-p,p'",72-54-8,HCT116,2,384,5.61E-06,1.19E-07,3.44E-05,0.003470824,N,
3759,Diazinon,333-41-5,HCT116,2,384,1.14E-06,2.95E-05,3.89E-05,0.757909574,N,
3760,Dicofol,115-32-2,HCT116,2,384,5.50E-06,2.99E-06,3.45E-05,0.086789173,N,
3761,Dieldrin,60-57-1,HCT116,2,384,5.02E-06,2.91E-06,3.50E-05,0.0830581,N,
3762,Disulfoton,298-04-4,HCT116,2,384,1.66E-06,2.61E-05,3.83E-05,0.680904958,N,
3763,Endosulfan I,115-29-7,HCT116,2,384,2.60E-06,2.01E-05,3.74E-05,0.537247487,N,
3764,Endrin,72-20-8,HCT116,2,384,2.31E-06,1.85E-05,3.77E-05,0.48983608,N,
3765,Ethion,563-12-2,HCT116,2,384,2.49E-06,1.65E-05,3.75E-05,0.438672621,N,
3766,Heptachlor,76-44-8,HCT116,2,384,5.81E-06,1.13E-06,3.42E-05,0.033122055,N,
3767,Heptachlor epoxide B,1024-57-3,HCT116,2,384,5.22E-06,1.96E-06,3.48E-05,0.056219672,N,
3768,Lindane,58-89-9,HCT116,2,384,1.52E-06,2.73E-05,3.85E-05,0.710174209,N,
3769,"Methoxychlor-o,p'",72-43-5,HCT116,2,384,4.69E-06,1.59E-06,3.53E-05,0.045133402,N,
3770,Parathion,56-38-2,HCT116,2,384,1.33E-06,2.88E-05,3.87E-05,0.745240963,N,
3771,Trifluralin,1582-09-8,HCT116,2,384,3.35E-06,7.09E-06,3.67E-05,0.193495379,N,
3772,Cisapride,81098-60-4,HCT116,2,384,8.26E-07,3.26E-05,3.92E-05,0.831389931,B,7.8
3773,Citalopram hydrobromide,59729-33-8,HCT116,2,384,1.55E-07,3.83E-05,3.98E-05,0.960105784,N,
3774,Dofetilide,115256-11-6,HCT116,2,384,5.00E-08,3.96E-05,3.99E-05,0.990589188,B,8.4
3775,Moxifloxacin hydrochloride,186826-86-8,HCT116,2,384,1.55E-08,4.00E-05,4.00E-05,0.999184765,A,6
3776,N-acetylpro-cainamide,32795-44-1,HCT116,2,384,1.42E-08,4.00E-05,4.00E-05,0.999534833,B,9.2
3777,Quinidine sulfate,50-54-4,HCT116,2,384,6.05E-08,3.95E-05,3.99E-05,0.988100699,B,9.3
3778,Sematilide,101526-83-4,HCT116,2,384,1.43E-08,4.00E-05,4.00E-05,0.999520996,B,9.1
3779,Sotalol hydrochloride,959-24-0,HCT116,2,384,1.30E-08,4.00E-05,4.00E-05,0.999865169,B,9
3780,Mifepristone,84371-65-3,HCT116,2,384,5.27E-06,3.91E-06,3.47E-05,0.112485212,N,
3781,Perfluorobutanesulfonic_acid,375-73-5,HCT116,2,384,1.25E-08,4.00E-05,4.00E-05,0.999999999,A,-2.9
3782,4_2_Fluorotelomer_sulfonic_acid,757124-72-4,HCT116,2,384,,,,,A,1.4
3783,Perfluorononanoic_acid,375-95-1,HCT116,2,384,3.24E-06,2.01E-06,3.68E-05,0.054561056,A,0.1
3784,Perfluorohexanoic_acid,307-24-4,HCT116,2,384,8.97E-07,2.93E-05,3.91E-05,0.750395014,A,0.1
3785,Perfluorobutanoic_acid,375-22-4,HCT116,2,384,,,,,A,0.1
3786,Perfluorooctanoic_acid,335-67-1,HCT116,2,384,2.95E-06,4.24E-06,3.71E-05,0.114451504,A,0.1
3787,6_2_Fluorotelomer_sulfonic_acid,27619-97-2,HCT116,2,384,1.90E-06,1.64E-05,3.81E-05,0.430530653,A,1.4
3788,8_2_Fluorotelomer_sulfonic_acid,39108-34-4,HCT116,2,384,3.02E-06,2.33E-06,3.70E-05,0.063126903,A,1.4
3789,Perfluoroundecanoic_acid,2058-94-8,HCT116,2,384,3.26E-06,5.01E-07,3.67E-05,0.013632841,A,0.1
3790,Perfluorooctanesulfonic_acid,1763-23-1,HCT116,2,384,3.60E-06,1.15E-06,3.64E-05,0.031658894,A,-2.9
3791,Perfluoroheptanoic_acid,375-85-9,HCT116,2,384,2.66E-06,7.30E-06,3.73E-05,0.195370366,A,0.1
3792,Perfluoropentanoic_acid,2706-90-3,HCT116,2,384,,,,,A,0.1
3793,Perfluorohexanesulfonic_acid,355-46-4,HCT116,2,384,3.20E-06,1.75E-06,3.68E-05,0.047444499,A,-2.9
3794,Perfluorodecanoic_acid,335-76-2,HCT116,2,384,3.51E-06,1.06E-06,3.65E-05,0.028969216,A,0.1
3795,cyclosporine A,59865-13-3,HCT116,2,384,1.45E-06,2.21E-05,3.86E-05,0.573140695,N,
3796,chlorpromazine,50-53-3,HCT116,2,384,1.64E-06,2.61E-05,3.84E-05,0.680871579,B,9.4
3797,PBDE 47,5436-43-1,HCT116,2,384,6.20E-06,1.02E-07,3.38E-05,0.003004713,N,
3798,PBDE 99,60348-60-9,HCT116,2,384,6.48E-06,4.55E-08,3.35E-05,1.36E-03,N,
3799,PBDE 153,68631-49-2,HCT116,2,384,6.73E-06,1.79E-08,3.33E-05,5.39E-04,N,
3800,amiodarone,1951-25-3,HCT116,2,384,6.53E-06,4.47E-07,3.35E-05,1.34E-02,B,9
3801,Azathioprine,446-86-6,HCT116,2,384,1.39E-08,4.00E-05,4.00E-05,0.999629327,A,8.2
3802,Benzocaine,94-09-7,HCT116,2,384,1.62E-07,3.84E-05,3.98E-05,0.964611039,N,
3803,Butylated hydroxyanisole,25013-16-5,HCT116,2,384,1.67019E-06,2.58773E-05,3.83298E-05,0.6751223,N,
3804,Cetirizine dihydrochloride,83881-52-1,HCT116,2,384,1.27E-08,4.00E-05,4.00E-05,0.99995036,A,4.7
3805,Cyclamate,139-05-9,HCT116,2,384,1.25E-08,4.00E-05,4.00E-05,1,B,17.6
3806,Cyclophosphamide,6055-19-2,HCT116,2,384,2.80E-08,3.98E-05,4.00E-05,0.99597563,B,6.1
3807,Cypermethrin,67375-30-8,HCT116,2,384,6.95E-06,1.07E-07,3.30E-05,0.003250177,N,
3808,DEET,134-62-3,HCT116,2,384,1.17E-07,3.89E-05,3.99E-05,0.975935279,N,
3809,Dexamethasone,50-02-2,HCT116,2,384,1.86E-07,3.80E-05,3.98E-05,0.953442665,N,
3810,Digoxin,20830-75-5,HCT116,2,384,1.93E-08,3.99E-05,4.00E-05,0.998138575,N,
3811,Fenazaquin,120928-09-8,HCT116,2,384,6.13E-06,1.14E-06,3.39E-05,0.033636478,N,
3812,Fenbuconazole,114369-43-6,HCT116,2,384,1.28E-06,2.89E-05,3.87E-05,0.746342805,N,
3813,Fluazinam,79622-59-6,HCT116,2,384,3.53E-06,9.89E-06,3.65E-05,0.271137719,N,
3814,Furosemide,54-31-9,HCT116,2,384,1.26E-08,4.00E-05,4.00E-05,0.999973571,A,3
3815,Glybenclamide,10238-21-8,HCT116,2,384,3.64E-07,3.66E-05,3.96E-05,0.922485861,A,5
3816,HC Red 3,2871-01-4,HCT116,2,384,1.86E-08,3.99E-05,4.00E-05,0.998372534,N,
3817,Hydralazine hydrochloride,304-20-1,HCT116,2,384,2.89E-08,3.98E-05,4.00E-05,0.995738579,B,6
3818,Ketoconazole,65277-42-1,HCT116,2,384,1.82E-06,2.47E-05,3.82E-05,0.647853083,B,6.6
3819,Metformin,1115-70-4,HCT116,2,384,1.25E-08,4.00E-05,4.00E-05,0.999991646,B,9.6
3820,Metoclopramide,364-62-5,HCT116,2,384,4.02E-08,3.97E-05,4.00E-05,0.992949243,B,9
3821,Nitrofurantoin,67-20-9,HCT116,2,384,1.37E-08,4.00E-05,4.00E-05,0.999664266,A,7.3
3822,Oxytetracycline hydrochloride,2058-46-0,HCT116,2,384,1.25E-08,4.00E-05,4.00E-05,0.999999095,A,4.5
3823,Panthenol,16485-10-2 ,HCT116,2,384,1.36E-08,4.00E-05,4.00E-05,0.99970141,N,
3824,Paracetamol,103-90-2,HCT116,2,384,3.25E-08,3.98E-05,4.00E-05,0.994641318,N,
3825,Topiramate,97240-79-4,HCT116,2,384,1.25E-08,4.00E-05,4.00E-05,0.999993183,A,9.2
3826,Trimellitic anhydride,552-30-7,HCT116,2,384,1.26E-08,4.00E-05,4.00E-05,0.999983025,A,3.3
3827,Verapamil hydrochloride,152-11-4,HCT116,2,384,5.31E-07,3.51E-05,3.95E-05,0.88890492,B,9.2
3828,Warfarin,129-06-6,HCT116,2,384,1.98E-06,1.58E-05,3.80E-05,0.416479603,N,
3829,Caffeine,58-08-2,HEK293T,2,384,4.15E-08,3.99E-05,4.00E-05,0.999396318,N,
3830,Lamotrigine,84057-84-1,HEK293T,2,384,7.90E-07,3.52E-05,3.92E-05,0.898869215,B,6.6
3831,Diclofenac,15307-79-6,HEK293T,2,384,5.69E-06,2.62E-06,3.43E-05,0.076453185,B,17.6
3832,"2,4-Dichlorophenoxyacetic",94-75-7,HEK293T,2,384,3.74E-08,4.00E-05,4.00E-05,0.999941899,A,2.7
3833,(S)-Naproxen,22204-53-1,HEK293T,2,384,4.99E-08,3.99E-05,4.00E-05,0.998232857,A,4.4
3834,Ibuprofen,15687-27-1,HEK293T,2,384,2.13E-07,3.89E-05,3.98E-05,0.976571415,A,5.4
3835,Torasemide,56211-40-6,HEK293T,2,384,4.61E-08,3.99E-05,4.00E-05,0.99875245,A,4
3836,Warfarin,81-81-2,HEK293T,2,384,4.38E-08,3.99E-05,4.00E-05,0.99905937,A,4.5
3837,di-n-butylphthalate,84-74-2,HEK293T,2,384,4.66E-06,1.25E-05,3.53E-05,0.354330737,N,
3838,hexachlorophene,70-30-4,HEK293T,2,384,7.89E-06,2.02E-07,3.21E-05,6.30E-03,A,6.2
3839,hexamethylenetetramine,100-97-0,HEK293T,2,384,3.81E-08,4.00E-05,4.00E-05,0.999849609,B,6.4
3840,Malathion,121-75-5,HEK293T,2,384,8.04E-07,3.51E-05,3.92E-05,0.895410824,N,
3841,pentachlorophenol,87-86-5,HEK293T,2,384,9.53E-07,3.44E-05,3.90E-05,0.880747494,A,5
3842,"2,2,2-trichloroethanol",115-20-8,HEK293T,2,384,1.53E-07,3.92E-05,3.98E-05,0.984344932,N,
3843,diethylphthalate,84-66-2,HEK293T,2,384,5.27E-07,3.69E-05,3.95E-05,0.935804512,N,
3844,4-chlorophenol,106-48-9,HEK293T,2,384,7.69E-07,3.53E-05,3.92E-05,0.901014896,N,
3845,permethrin,52645-53-1,HEK293T,2,384,7.70E-06,4.78E-08,3.23E-05,0.00147847,N,
3846,Aniline,62-53-3,HEK293T,2,384,1.09E-07,3.95E-05,3.99E-05,0.990416248,N,
3847,4-fluoroaniline,371-40-4,HEK293T,2,384,1.12E-07,3.95E-05,3.99E-05,0.989867198,N,
3848,"2,4,6-trichlorophenol",88-06-2,HEK293T,2,384,1.43E-06,3.16E-05,3.86E-05,0.818887929,A,6.8
3849,Allyl alcohol,107-18-6,HEK293T,2,384,4.44E-08,3.99E-05,4.00E-05,0.99899872,N,
3850,N-methylaniline,100-61-8,HEK293T,2,384,2.07E-07,3.89E-05,3.98E-05,0.977589057,N,
3851,"3,4-dichloroaniline",95-76-1,HEK293T,2,384,1.39E-06,3.16E-05,3.86E-05,0.818491891,N,
3852,4-decylaniline,37529-30-9,HEK293T,2,384,7.11E-06,3.43E-07,3.29E-05,0.010419834,N,
3853,naphthalene,91-20-3,HEK293T,2,384,1.97E-06,2.84E-05,3.80E-05,0.74560973,N,
3854,"1,2,4-trichlorobenzene",120-82-1,HEK293T,2,384,4.86E-06,1.19E-05,3.51E-05,0.337853814,N,
3855,"1,2-dichlorobenzene",95-50-1,HEK293T,2,384,2.57E-06,2.48E-05,3.74E-05,0.662854229,N,
3856,dichloromethane,75-09-2,HEK293T,2,384,1.44E-07,3.93E-05,3.99E-05,0.985811083,N,
3857,tetrachloroethylene,127-18-4,HEK293T,2,384,1.88E-06,2.90E-05,3.81E-05,0.759754206,N,
3858,"2,3-dimethyl-1,3-butadiene",513-81-5,HEK293T,2,384,6.27E-07,3.63E-05,3.94E-05,0.923148558,N,
3859,Eugenol F,97-53-0,HEK293T,2,384,4.56E-07,3.74E-05,3.95E-05,0.944598641,N,
3860,Methyl-antranilate,134-20-3,HEK293T,2,384,1.64E-07,3.92E-05,3.98E-05,0.983510579,N,
3861,Lilyfore,285977-85-7,HEK293T,2,384,2.02E-06,2.82E-05,3.80E-05,0.742878677,N,
3862,Damascone beta,23726-91-2,HEK293T,2,384,5.40E-06,9.94E-06,3.46E-05,0.287132152,N,
3863,Veloutone,14595-54-1,HEK293T,2,384,7.24E-06,1.74E-06,3.28E-05,0.052998348,N,
3864,Verdox,82356-51-2,HEK293T,2,384,7.93655E-06,1.50644E-07,3.20635E-05,0.004698297,N,
3865,Nirvanol,1506-02-1,HEK293T,2,384,7.58546E-06,7.41447E-07,3.24145E-05,0.022873913,N,
3866,Cetalox,3738-00-9,HEK293T,2,384,7.36E-06,1.37E-06,3.26E-05,0.041883862,N,
3867,Tonalide,21145-77-7,HEK293T,2,384,7.59E-06,7.41E-07,3.24E-05,0.022873913,N,
3868,"2,4-Dinitrophenol",51-28-5,HEK293T,2,384,3.76E-08,4.00E-05,4.00E-05,0.999910972,A,4.1
3869,Aldrin,309-00-2,HEK293T,2,384,7.21E-06,6.15E-07,3.28E-05,0.018745173,N,
3870,Azinphos-methyl,86-50-0,HEK293T,2,384,1.00E-06,3.41E-05,3.90E-05,0.874693198,N,
3871,Chlorpyrifos,2921-88-2,HEK293T,2,384,4.92E-06,1.24E-05,3.51E-05,0.353354931,N,
3872,"DDD-p,p'",50-29-3,HEK293T,2,384,7.35E-06,4.00E-08,3.27E-05,0.001225605,N,
3873,"DDT-o,p'",789-02-6,HEK293T,2,384,7.17E-06,1.12E-07,3.28E-05,0.003418191,N,
3874,"DDT-p,p'",72-54-8,HEK293T,2,384,7.28E-06,1.14E-07,3.27E-05,0.003470824,N,
3875,Diazinon,333-41-5,HEK293T,2,384,1.86E-06,2.89E-05,3.81E-05,0.757909574,N,
3876,Dicofol,115-32-2,HEK293T,2,384,6.93E-06,2.87E-06,3.31E-05,0.086789173,N,
3877,Dieldrin,60-57-1,HEK293T,2,384,6.70E-06,2.77E-06,3.33E-05,0.0830581,N,
3878,Disulfoton,298-04-4,HEK293T,2,384,2.50E-06,2.55E-05,3.75E-05,0.680904958,N,
3879,Endosulfan I,115-29-7,HEK293T,2,384,3.64E-06,1.95E-05,3.64E-05,0.537247487,N,
3880,Endrin,72-20-8,HEK293T,2,384,3.69E-06,1.78E-05,3.63E-05,0.48983608,N,
3881,Ethion,563-12-2,HEK293T,2,384,4.00E-06,1.58E-05,3.60E-05,0.438672621,N,
3882,Heptachlor,76-44-8,HEK293T,2,384,7.28E-06,1.08E-06,3.27E-05,0.033122055,N,
3883,Heptachlor epoxide B,1024-57-3,HEK293T,2,384,6.90E-06,1.86E-06,3.31E-05,0.056219672,N,
3884,Lindane,58-89-9,HEK293T,2,384,2.29E-06,2.68E-05,3.77E-05,0.710174209,N,
3885,"Methoxychlor-o,p'",72-43-5,HEK293T,2,384,6.66E-06,1.50E-06,3.33E-05,0.045133402,N,
3886,Parathion,56-38-2,HEK293T,2,384,2.02E-06,2.83E-05,3.80E-05,0.745240963,N,
3887,Trifluralin,1582-09-8,HEK293T,2,384,5.43E-06,6.69E-06,3.46E-05,0.193495379,N,
3888,Cisapride,81098-60-4,HEK293T,2,384,1.34E-06,3.21E-05,3.87E-05,0.831389931,B,7.8
3889,Citalopram hydrobromide,59729-33-8,HEK293T,2,384,3.22E-07,3.81E-05,3.97E-05,0.960105784,N,
3890,Dofetilide,115256-11-6,HEK293T,2,384,1.07E-07,3.95E-05,3.99E-05,0.990589188,B,8.4
3891,Moxifloxacin hydrochloride,186826-86-8,HEK293T,2,384,4.29E-08,3.99E-05,4.00E-05,0.999184765,A,6
3892,N-acetylpro-cainamide,32795-44-1,HEK293T,2,384,4.04E-08,3.99E-05,4.00E-05,0.999534833,B,9.2
3893,Quinidine sulfate,50-54-4,HEK293T,2,384,1.25E-07,3.94E-05,3.99E-05,0.988100699,B,9.3
3894,Sematilide,101526-83-4,HEK293T,2,384,4.05E-08,3.99E-05,4.00E-05,0.999520996,B,9.1
3895,Sotalol hydrochloride,959-24-0,HEK293T,2,384,3.80E-08,4.00E-05,4.00E-05,0.999865169,B,9
3896,Mifepristone,84371-65-3,HEK293T,2,384,6.72E-06,3.74E-06,3.33E-05,0.112485212,N,
3897,Perfluorobutanesulfonic_acid,375-73-5,HEK293T,2,384,3.70E-08,4.00E-05,4.00E-05,0.999999999,A,-2.9
3898,4_2_Fluorotelomer_sulfonic_acid,757124-72-4,HEK293T,2,384,,,,,A,1.4
3899,Perfluorononanoic_acid,375-95-1,HEK293T,2,384,5.90E-06,1.86E-06,3.41E-05,0.054561056,A,0.1
3900,Perfluorohexanoic_acid,307-24-4,HEK293T,2,384,1.76E-06,2.87E-05,3.82E-05,0.750395014,A,0.1
3901,Perfluorobutanoic_acid,375-22-4,HEK293T,2,384,,,,,A,0.1
3902,Perfluorooctanoic_acid,335-67-1,HEK293T,2,384,5.53E-06,3.95E-06,3.45E-05,0.114451504,A,0.1
3903,6_2_Fluorotelomer_sulfonic_acid,27619-97-2,HEK293T,2,384,3.72E-06,1.56E-05,3.63E-05,0.430530653,A,1.4
3904,8_2_Fluorotelomer_sulfonic_acid,39108-34-4,HEK293T,2,384,5.76E-06,2.16E-06,3.42E-05,0.063126903,A,1.4
3905,Perfluoroundecanoic_acid,2058-94-8,HEK293T,2,384,6.06E-06,4.63E-07,3.39E-05,0.013632841,A,0.1
3906,Perfluorooctanesulfonic_acid,1763-23-1,HEK293T,2,384,6.16E-06,1.07E-06,3.38E-05,0.031658894,A,-2.9
3907,Perfluoroheptanoic_acid,375-85-9,HEK293T,2,384,5.07E-06,6.82E-06,3.49E-05,0.195370366,A,0.1
3908,Perfluoropentanoic_acid,2706-90-3,HEK293T,2,384,,,,,A,0.1
3909,Perfluorohexanesulfonic_acid,355-46-4,HEK293T,2,384,5.91E-06,1.62E-06,3.41E-05,0.047444499,A,-2.9
3910,Perfluorodecanoic_acid,335-76-2,HEK293T,2,384,6.13E-06,9.81E-07,3.39E-05,0.028969216,A,0.1
3911,cyclosporine A,59865-13-3,HEK293T,2,384,2.87E-06,2.13E-05,3.71E-05,0.573140695,N,
3912,chlorpromazine,50-53-3,HEK293T,2,384,2.49E-06,2.55E-05,3.75E-05,0.680871579,B,9.4
3913,PBDE 47,5436-43-1,HEK293T,2,384,7.59E-06,9.74E-08,3.24E-05,0.003004713,N,
3914,PBDE 99,60348-60-9,HEK293T,2,384,7.74E-06,4.38E-08,3.23E-05,1.36E-03,N,
3915,PBDE 153,68631-49-2,HEK293T,2,384,7.88E-06,1.73E-08,3.21E-05,5.39E-04,N,
3916,amiodarone,1951-25-3,HEK293T,2,384,7.73E-06,4.31E-07,3.23E-05,1.34E-02,B,9
3917,Azathioprine,446-86-6,HEK293T,2,384,3.97E-08,3.99E-05,4.00E-05,0.999629327,A,8.2
3918,Benzocaine,94-09-7,HEK293T,2,384,3.03E-07,3.83E-05,3.97E-05,0.964611039,N,
3919,Butylated hydroxyanisole,25013-16-5,HEK293T,2,384,2.53107E-06,2.52961E-05,3.74689E-05,0.6751223,N,
3920,Cetirizine dihydrochloride,83881-52-1,HEK293T,2,384,3.74E-08,4.00E-05,4.00E-05,0.99995036,A,4.7
3921,Cyclamate,139-05-9,HEK293T,2,384,3.70E-08,4.00E-05,4.00E-05,1,B,17.6
3922,Cyclophosphamide,6055-19-2,HEK293T,2,384,6.65E-08,3.98E-05,3.99E-05,0.99597563,B,6.1
3923,Cypermethrin,67375-30-8,HEK293T,2,384,7.99E-06,1.04E-07,3.20E-05,0.003250177,N,
3924,DEET,134-62-3,HEK293T,2,384,2.20E-07,3.88E-05,3.98E-05,0.975935279,N,
3925,Dexamethasone,50-02-2,HEK293T,2,384,3.73E-07,3.78E-05,3.96E-05,0.953442665,N,
3926,Digoxin,20830-75-5,HEK293T,2,384,5.05E-08,3.99E-05,3.99E-05,0.998138575,N,
3927,Fenazaquin,120928-09-8,HEK293T,2,384,7.45E-06,1.09E-06,3.25E-05,0.033636478,N,
3928,Fenbuconazole,114369-43-6,HEK293T,2,384,1.99E-06,2.84E-05,3.80E-05,0.746342805,N,
3929,Fluazinam,79622-59-6,HEK293T,2,384,5.22E-06,9.43E-06,3.48E-05,0.271137719,N,
3930,Furosemide,54-31-9,HEK293T,2,384,3.72E-08,4.00E-05,4.00E-05,0.999973571,A,3
3931,Glybenclamide,10238-21-8,HEK293T,2,384,6.30E-07,3.63E-05,3.94E-05,0.922485861,A,5
3932,HC Red 3,2871-01-4,HEK293T,2,384,4.89E-08,3.99E-05,4.00E-05,0.998372534,N,
3933,Hydralazine hydrochloride,304-20-1,HEK293T,2,384,6.83E-08,3.98E-05,3.99E-05,0.995738579,B,6
3934,Ketoconazole,65277-42-1,HEK293T,2,384,2.74E-06,2.41E-05,3.73E-05,0.647853083,B,6.6
3935,Metformin,1115-70-4,HEK293T,2,384,3.71E-08,4.00E-05,4.00E-05,0.999991646,B,9.6
3936,Metoclopramide,364-62-5,HEK293T,2,384,8.91E-08,3.96E-05,3.99E-05,0.992949243,B,9
3937,Nitrofurantoin,67-20-9,HEK293T,2,384,3.94E-08,3.99E-05,4.00E-05,0.999664266,A,7.3
3938,Oxytetracycline hydrochloride,2058-46-0,HEK293T,2,384,3.70E-08,4.00E-05,4.00E-05,0.999999095,A,4.5
3939,Panthenol,16485-10-2 ,HEK293T,2,384,3.92E-08,3.99E-05,4.00E-05,0.99970141,N,
3940,Paracetamol,103-90-2,HEK293T,2,384,7.60E-08,3.97E-05,3.99E-05,0.994641318,N,
3941,Topiramate,97240-79-4,HEK293T,2,384,3.71E-08,4.00E-05,4.00E-05,0.999993183,A,9.2
3942,Trimellitic anhydride,552-30-7,HEK293T,2,384,3.71E-08,4.00E-05,4.00E-05,0.999983025,A,3.3
3943,Verapamil hydrochloride,152-11-4,HEK293T,2,384,8.90E-07,3.48E-05,3.91E-05,0.88890492,B,9.2
3944,Warfarin,129-06-6,HEK293T,2,384,3.82E-06,1.51E-05,3.62E-05,0.416479603,N,
3945,Caffeine,58-08-2,HepG2,2,384,1.72E-08,4.00E-05,4.00E-05,0.999396318,N,
3946,Lamotrigine,84057-84-1,HepG2,2,384,4.82E-07,3.55E-05,3.95E-05,0.898869215,B,6.6
3947,Diclofenac,15307-79-6,HepG2,2,384,2.85E-06,2.84E-06,3.71E-05,0.076453185,B,17.6
3948,"2,4-Dichlorophenoxyacetic",94-75-7,HepG2,2,384,1.49E-08,4.00E-05,4.00E-05,0.999941899,A,2.7
3949,(S)-Naproxen,22204-53-1,HepG2,2,384,2.13E-08,3.99E-05,4.00E-05,0.998232857,A,4.4
3950,Ibuprofen,15687-27-1,HepG2,2,384,1.21E-07,3.89E-05,3.99E-05,0.976571415,A,5.4
3951,Torasemide,56211-40-6,HepG2,2,384,1.93E-08,3.99E-05,4.00E-05,0.99875245,A,4
3952,Warfarin,81-81-2,HepG2,2,384,1.81E-08,3.99E-05,4.00E-05,0.99905937,A,4.5
3953,di-n-butylphthalate,84-74-2,HepG2,2,384,3.67E-06,1.29E-05,3.63E-05,0.354330737,N,
3954,hexachlorophene,70-30-4,HepG2,2,384,8.87E-06,1.96E-07,3.11E-05,6.30E-03,A,6.2
3955,hexamethylenetetramine,100-97-0,HepG2,2,384,1.52E-08,4.00E-05,4.00E-05,0.999849609,B,6.4
3956,Malathion,121-75-5,HepG2,2,384,4.64E-07,3.54E-05,3.95E-05,0.895410824,N,
3957,pentachlorophenol,87-86-5,HepG2,2,384,6.62E-07,3.46E-05,3.93E-05,0.880747494,A,5
3958,"2,2,2-trichloroethanol",115-20-8,HepG2,2,384,7.91E-08,3.93E-05,3.99E-05,0.984344932,N,
3959,diethylphthalate,84-66-2,HepG2,2,384,3.39E-07,3.71E-05,3.97E-05,0.935804512,N,
3960,4-chlorophenol,106-48-9,HepG2,2,384,4.55E-07,3.56E-05,3.95E-05,0.901014896,N,
3961,permethrin,52645-53-1,HepG2,2,384,8.28E-06,4.69E-08,3.17E-05,0.00147847,N,
3962,Aniline,62-53-3,HepG2,2,384,5.62E-08,3.96E-05,3.99E-05,0.990416248,N,
3963,4-fluoroaniline,371-40-4,HepG2,2,384,5.76E-08,3.95E-05,3.99E-05,0.989867198,N,
3964,"2,4,6-trichlorophenol",88-06-2,HepG2,2,384,1.05E-06,3.19E-05,3.90E-05,0.818887929,A,6.8
3965,Allyl alcohol,107-18-6,HepG2,2,384,1.86E-08,3.99E-05,4.00E-05,0.99899872,N,
3966,N-methylaniline,100-61-8,HepG2,2,384,1.20E-07,3.90E-05,3.99E-05,0.977589057,N,
3967,"3,4-dichloroaniline",95-76-1,HepG2,2,384,9.01E-07,3.20E-05,3.91E-05,0.818491891,N,
3968,4-decylaniline,37529-30-9,HepG2,2,384,6.61E-06,3.48E-07,3.34E-05,0.010419834,N,
3969,naphthalene,91-20-3,HepG2,2,384,1.45E-06,2.87E-05,3.85E-05,0.74560973,N,
3970,"1,2,4-trichlorobenzene",120-82-1,HepG2,2,384,4.06E-06,1.21E-05,3.59E-05,0.337853814,N,
3971,"1,2-dichlorobenzene",95-50-1,HepG2,2,384,1.95E-06,2.52E-05,3.80E-05,0.662854229,N,
3972,dichloromethane,75-09-2,HepG2,2,384,7.89E-08,3.94E-05,3.99E-05,0.985811083,N,
3973,tetrachloroethylene,127-18-4,HepG2,2,384,1.41E-06,2.93E-05,3.86E-05,0.759754206,N,
3974,"2,3-dimethyl-1,3-butadiene",513-81-5,HepG2,2,384,4.18E-07,3.65E-05,3.96E-05,0.923148558,N,
3975,Eugenol F,97-53-0,HepG2,2,384,2.82E-07,3.75E-05,3.97E-05,0.944598641,N,
3976,Methyl-antranilate,134-20-3,HepG2,2,384,9.75E-08,3.92E-05,3.99E-05,0.983510579,N,
3977,Lilyfore,285977-85-7,HepG2,2,384,1.55E-06,2.86E-05,3.84E-05,0.742878677,N,
3978,Damascone beta,23726-91-2,HepG2,2,384,4.99E-06,1.01E-05,3.50E-05,0.287132152,N,
3979,Veloutone,14595-54-1,HepG2,2,384,7.55E-06,1.72E-06,3.25E-05,0.052998348,N,
3980,Verdox,82356-51-2,HepG2,2,384,8.99506E-06,1.4567E-07,3.10049E-05,0.004698297,N,
3981,Nirvanol,1506-02-1,HepG2,2,384,8.19479E-06,7.2751E-07,3.18052E-05,0.022873913,N,
3982,Cetalox,3738-00-9,HepG2,2,384,7.75E-06,1.35E-06,3.22E-05,0.041883862,N,
3983,Tonalide,21145-77-7,HepG2,2,384,8.19E-06,7.28E-07,3.18E-05,0.022873913,N,
3984,"2,4-Dinitrophenol",51-28-5,HepG2,2,384,1.50E-08,4.00E-05,4.00E-05,0.999910972,A,4.1
3985,Aldrin,309-00-2,HepG2,2,384,7.02E-06,6.18E-07,3.30E-05,0.018745173,N,
3986,Azinphos-methyl,86-50-0,HepG2,2,384,6.99E-07,3.44E-05,3.93E-05,0.874693198,N,
3987,Chlorpyrifos,2921-88-2,HepG2,2,384,4.46E-06,1.26E-05,3.55E-05,0.353354931,N,
3988,"DDD-p,p'",50-29-3,HepG2,2,384,7.23E-06,4.02E-08,3.28E-05,0.001225605,N,
3989,"DDT-o,p'",789-02-6,HepG2,2,384,6.71E-06,1.14E-07,3.33E-05,0.003418191,N,
3990,"DDT-p,p'",72-54-8,HepG2,2,384,7.05E-06,1.14E-07,3.29E-05,0.003470824,N,
3991,Diazinon,333-41-5,HepG2,2,384,1.32E-06,2.93E-05,3.87E-05,0.757909574,N,
3992,Dicofol,115-32-2,HepG2,2,384,7.04E-06,2.86E-06,3.30E-05,0.086789173,N,
3993,Dieldrin,60-57-1,HepG2,2,384,6.27E-06,2.80E-06,3.37E-05,0.0830581,N,
3994,Disulfoton,298-04-4,HepG2,2,384,2.02E-06,2.59E-05,3.80E-05,0.680904958,N,
3995,Endosulfan I,115-29-7,HepG2,2,384,3.26E-06,1.97E-05,3.67E-05,0.537247487,N,
3996,Endrin,72-20-8,HepG2,2,384,2.65E-06,1.83E-05,3.73E-05,0.48983608,N,
3997,Ethion,563-12-2,HepG2,2,384,2.84E-06,1.63E-05,3.72E-05,0.438672621,N,
3998,Heptachlor,76-44-8,HepG2,2,384,7.43E-06,1.08E-06,3.26E-05,0.033122055,N,
3999,Heptachlor epoxide B,1024-57-3,HepG2,2,384,6.54E-06,1.88E-06,3.35E-05,0.056219672,N,
4000,Lindane,58-89-9,HepG2,2,384,1.86E-06,2.71E-05,3.81E-05,0.710174209,N,
4001,"Methoxychlor-o,p'",72-43-5,HepG2,2,384,5.65E-06,1.55E-06,3.43E-05,0.045133402,N,
4002,Parathion,56-38-2,HepG2,2,384,1.61E-06,2.86E-05,3.84E-05,0.745240963,N,
4003,Trifluralin,1582-09-8,HepG2,2,384,3.74E-06,7.02E-06,3.63E-05,0.193495379,N,
4004,Cisapride,81098-60-4,HepG2,2,384,9.70E-07,3.24E-05,3.90E-05,0.831389931,B,7.8
4005,Citalopram hydrobromide,59729-33-8,HepG2,2,384,1.53E-07,3.83E-05,3.98E-05,0.960105784,N,
4006,Dofetilide,115256-11-6,HepG2,2,384,5.40E-08,3.96E-05,3.99E-05,0.990589188,B,8.4
4007,Moxifloxacin hydrochloride,186826-86-8,HepG2,2,384,1.76E-08,3.99E-05,4.00E-05,0.999184765,A,6
4008,N-acetylpro-cainamide,32795-44-1,HepG2,2,384,1.63E-08,4.00E-05,4.00E-05,0.999534833,B,9.2
4009,Quinidine sulfate,50-54-4,HepG2,2,384,6.54E-08,3.95E-05,3.99E-05,0.988100699,B,9.3
4010,Sematilide,101526-83-4,HepG2,2,384,1.64E-08,4.00E-05,4.00E-05,0.999520996,B,9.1
4011,Sotalol hydrochloride,959-24-0,HepG2,2,384,1.51E-08,4.00E-05,4.00E-05,0.999865169,B,9
4012,Mifepristone,84371-65-3,HepG2,2,384,6.71E-06,3.74E-06,3.33E-05,0.112485212,N,
4013,Perfluorobutanesulfonic_acid,375-73-5,HepG2,2,384,1.47E-08,4.00E-05,4.00E-05,0.999999999,A,-2.9
4014,4_2_Fluorotelomer_sulfonic_acid,757124-72-4,HepG2,2,384,,,,,A,1.4
4015,Perfluorononanoic_acid,375-95-1,HepG2,2,384,3.24E-06,2.01E-06,3.68E-05,0.054561056,A,0.1
4016,Perfluorohexanoic_acid,307-24-4,HepG2,2,384,8.82E-07,2.94E-05,3.91E-05,0.750395014,A,0.1
4017,Perfluorobutanoic_acid,375-22-4,HepG2,2,384,,,,,A,0.1
4018,Perfluorooctanoic_acid,335-67-1,HepG2,2,384,2.87E-06,4.25E-06,3.71E-05,0.114451504,A,0.1
4019,6_2_Fluorotelomer_sulfonic_acid,27619-97-2,HepG2,2,384,1.81E-06,1.64E-05,3.82E-05,0.430530653,A,1.4
4020,8_2_Fluorotelomer_sulfonic_acid,39108-34-4,HepG2,2,384,2.88E-06,2.34E-06,3.71E-05,0.063126903,A,1.4
4021,Perfluoroundecanoic_acid,2058-94-8,HepG2,2,384,3.18E-06,5.02E-07,3.68E-05,0.013632841,A,0.1
4022,Perfluorooctanesulfonic_acid,1763-23-1,HepG2,2,384,3.81E-06,1.15E-06,3.62E-05,0.031658894,A,-2.9
4023,Perfluoroheptanoic_acid,375-85-9,HepG2,2,384,2.56E-06,7.32E-06,3.74E-05,0.195370366,A,0.1
4024,Perfluoropentanoic_acid,2706-90-3,HepG2,2,384,,,,,A,0.1
4025,Perfluorohexanesulfonic_acid,355-46-4,HepG2,2,384,3.15E-06,1.75E-06,3.69E-05,0.047444499,A,-2.9
4026,Perfluorodecanoic_acid,335-76-2,HepG2,2,384,3.64E-06,1.05E-06,3.64E-05,0.028969216,A,0.1
4027,cyclosporine A,59865-13-3,HepG2,2,384,1.38E-06,2.21E-05,3.86E-05,0.573140695,N,
4028,chlorpromazine,50-53-3,HepG2,2,384,1.98E-06,2.59E-05,3.80E-05,0.680871579,B,9.4
4029,PBDE 47,5436-43-1,HepG2,2,384,7.98E-06,9.62E-08,3.20E-05,0.003004713,N,
4030,PBDE 99,60348-60-9,HepG2,2,384,8.41E-06,4.29E-08,3.16E-05,1.36E-03,N,
4031,PBDE 153,68631-49-2,HepG2,2,384,8.78E-06,1.68E-08,3.12E-05,5.39E-04,N,
4032,amiodarone,1951-25-3,HepG2,2,384,8.51E-06,4.21E-07,3.15E-05,1.34E-02,B,9
4033,Azathioprine,446-86-6,HepG2,2,384,1.60E-08,4.00E-05,4.00E-05,0.999629327,A,8.2
4034,Benzocaine,94-09-7,HepG2,2,384,1.78E-07,3.84E-05,3.98E-05,0.964611039,N,
4035,Butylated hydroxyanisole,25013-16-5,HepG2,2,384,2.01761E-06,2.56428E-05,3.79824E-05,0.6751223,N,
4036,Cetirizine dihydrochloride,83881-52-1,HepG2,2,384,1.48E-08,4.00E-05,4.00E-05,0.99995036,A,4.7
4037,Cyclamate,139-05-9,HepG2,2,384,1.47E-08,4.00E-05,4.00E-05,1,B,17.6
4038,Cyclophosphamide,6055-19-2,HepG2,2,384,3.05E-08,3.98E-05,4.00E-05,0.99597563,B,6.1
4039,Cypermethrin,67375-30-8,HepG2,2,384,9.13E-06,1.00E-07,3.09E-05,0.003250177,N,
4040,DEET,134-62-3,HepG2,2,384,1.31E-07,3.89E-05,3.99E-05,0.975935279,N,
4041,Dexamethasone,50-02-2,HepG2,2,384,1.88E-07,3.80E-05,3.98E-05,0.953442665,N,
4042,Digoxin,20830-75-5,HepG2,2,384,2.14E-08,3.99E-05,4.00E-05,0.998138575,N,
4043,Fenazaquin,120928-09-8,HepG2,2,384,7.93E-06,1.08E-06,3.21E-05,0.033636478,N,
4044,Fenbuconazole,114369-43-6,HepG2,2,384,1.53E-06,2.87E-05,3.85E-05,0.746342805,N,
4045,Fluazinam,79622-59-6,HepG2,2,384,4.21E-06,9.70E-06,3.58E-05,0.271137719,N,
4046,Furosemide,54-31-9,HepG2,2,384,1.48E-08,4.00E-05,4.00E-05,0.999973571,A,3
4047,Glybenclamide,10238-21-8,HepG2,2,384,4.14E-07,3.65E-05,3.96E-05,0.922485861,A,5
4048,HC Red 3,2871-01-4,HepG2,2,384,2.08E-08,3.99E-05,4.00E-05,0.998372534,N,
4049,Hydralazine hydrochloride,304-20-1,HepG2,2,384,3.15E-08,3.98E-05,4.00E-05,0.995738579,B,6
4050,Ketoconazole,65277-42-1,HepG2,2,384,2.21E-06,2.45E-05,3.78E-05,0.647853083,B,6.6
4051,Metformin,1115-70-4,HepG2,2,384,1.47E-08,4.00E-05,4.00E-05,0.999991646,B,9.6
4052,Metoclopramide,364-62-5,HepG2,2,384,4.35E-08,3.97E-05,4.00E-05,0.992949243,B,9
4053,Nitrofurantoin,67-20-9,HepG2,2,384,1.59E-08,4.00E-05,4.00E-05,0.999664266,A,7.3
4054,Oxytetracycline hydrochloride,2058-46-0,HepG2,2,384,1.47E-08,4.00E-05,4.00E-05,0.999999095,A,4.5
4055,Panthenol,16485-10-2 ,HepG2,2,384,1.57E-08,4.00E-05,4.00E-05,0.99970141,N,
4056,Paracetamol,103-90-2,HepG2,2,384,3.48E-08,3.98E-05,4.00E-05,0.994641318,N,
4057,Topiramate,97240-79-4,HepG2,2,384,1.47E-08,4.00E-05,4.00E-05,0.999993183,A,9.2
4058,Trimellitic anhydride,552-30-7,HepG2,2,384,1.47E-08,4.00E-05,4.00E-05,0.999983025,A,3.3
4059,Verapamil hydrochloride,152-11-4,HepG2,2,384,6.12E-07,3.50E-05,3.94E-05,0.88890492,B,9.2
4060,Warfarin,129-06-6,HepG2,2,384,1.91E-06,1.59E-05,3.81E-05,0.416479603,N,
4061,Caffeine,58-08-2,Me_180,2,384,2.18E-08,4.00E-05,4.00E-05,0.999396318,N,
4062,Lamotrigine,84057-84-1,Me_180,2,384,6.26E-07,3.54E-05,3.94E-05,0.898869215,B,6.6
4063,Diclofenac,15307-79-6,Me_180,2,384,3.91E-06,2.76E-06,3.61E-05,0.076453185,B,17.6
4064,"2,4-Dichlorophenoxyacetic",94-75-7,Me_180,2,384,1.87E-08,4.00E-05,4.00E-05,0.999941899,A,2.7
4065,(S)-Naproxen,22204-53-1,Me_180,2,384,2.75E-08,3.99E-05,4.00E-05,0.998232857,A,4.4
4066,Ibuprofen,15687-27-1,Me_180,2,384,1.57E-07,3.89E-05,3.98E-05,0.976571415,A,5.4
4067,Torasemide,56211-40-6,Me_180,2,384,2.48E-08,3.99E-05,4.00E-05,0.99875245,A,4
4068,Warfarin,81-81-2,Me_180,2,384,2.32E-08,3.99E-05,4.00E-05,0.99905937,A,4.5
4069,di-n-butylphthalate,84-74-2,Me_180,2,384,4.45E-06,1.26E-05,3.56E-05,0.354330737,N,
4070,hexachlorophene,70-30-4,Me_180,2,384,9.86E-06,1.90E-07,3.01E-05,6.30E-03,A,6.2
4071,hexamethylenetetramine,100-97-0,Me_180,2,384,1.92E-08,4.00E-05,4.00E-05,0.999849609,B,6.4
4072,Malathion,121-75-5,Me_180,2,384,6.11E-07,3.53E-05,3.94E-05,0.895410824,N,
4073,pentachlorophenol,87-86-5,Me_180,2,384,8.33E-07,3.45E-05,3.92E-05,0.880747494,A,5
4074,"2,2,2-trichloroethanol",115-20-8,Me_180,2,384,1.05E-07,3.93E-05,3.99E-05,0.984344932,N,
4075,diethylphthalate,84-66-2,Me_180,2,384,4.33E-07,3.70E-05,3.96E-05,0.935804512,N,
4076,4-chlorophenol,106-48-9,Me_180,2,384,5.95E-07,3.55E-05,3.94E-05,0.901014896,N,
4077,permethrin,52645-53-1,Me_180,2,384,9.29E-06,4.54E-08,3.07E-05,0.00147847,N,
4078,Aniline,62-53-3,Me_180,2,384,7.34E-08,3.95E-05,3.99E-05,0.990416248,N,
4079,4-fluoroaniline,371-40-4,Me_180,2,384,7.55E-08,3.95E-05,3.99E-05,0.989867198,N,
4080,"2,4,6-trichlorophenol",88-06-2,Me_180,2,384,1.30E-06,3.17E-05,3.87E-05,0.818887929,A,6.8
4081,Allyl alcohol,107-18-6,Me_180,2,384,2.37E-08,3.99E-05,4.00E-05,0.99899872,N,
4082,N-methylaniline,100-61-8,Me_180,2,384,1.55E-07,3.90E-05,3.98E-05,0.977589057,N,
4083,"3,4-dichloroaniline",95-76-1,Me_180,2,384,1.15E-06,3.18E-05,3.88E-05,0.818491891,N,
4084,4-decylaniline,37529-30-9,Me_180,2,384,7.65E-06,3.37E-07,3.24E-05,0.010419834,N,
4085,naphthalene,91-20-3,Me_180,2,384,1.80E-06,2.85E-05,3.82E-05,0.74560973,N,
4086,"1,2,4-trichlorobenzene",120-82-1,Me_180,2,384,4.85E-06,1.19E-05,3.52E-05,0.337853814,N,
4087,"1,2-dichlorobenzene",95-50-1,Me_180,2,384,2.40E-06,2.49E-05,3.76E-05,0.662854229,N,
4088,dichloromethane,75-09-2,Me_180,2,384,1.03E-07,3.93E-05,3.99E-05,0.985811083,N,
4089,tetrachloroethylene,127-18-4,Me_180,2,384,1.74E-06,2.91E-05,3.83E-05,0.759754206,N,
4090,"2,3-dimethyl-1,3-butadiene",513-81-5,Me_180,2,384,5.30E-07,3.64E-05,3.95E-05,0.923148558,N,
4091,Eugenol F,97-53-0,Me_180,2,384,3.64E-07,3.74E-05,3.96E-05,0.944598641,N,
4092,Methyl-antranilate,134-20-3,Me_180,2,384,1.25E-07,3.92E-05,3.99E-05,0.983510579,N,
4093,Lilyfore,285977-85-7,Me_180,2,384,1.90E-06,2.83E-05,3.81E-05,0.742878677,N,
4094,Damascone beta,23726-91-2,Me_180,2,384,5.83E-06,9.81E-06,3.42E-05,0.287132152,N,
4095,Veloutone,14595-54-1,Me_180,2,384,8.53E-06,1.67E-06,3.15E-05,0.052998348,N,
4096,Verdox,82356-51-2,Me_180,2,384,9.9813E-06,1.41037E-07,3.00187E-05,0.004698297,N,
4097,Nirvanol,1506-02-1,Me_180,2,384,9.18777E-06,7.04796E-07,3.08122E-05,0.022873913,N,
4098,Cetalox,3738-00-9,Me_180,2,384,8.74E-06,1.31E-06,3.13E-05,0.041883862,N,
4099,Tonalide,21145-77-7,Me_180,2,384,9.19E-06,7.05E-07,3.08E-05,0.022873913,N,
4100,"2,4-Dinitrophenol",51-28-5,Me_180,2,384,1.89E-08,4.00E-05,4.00E-05,0.999910972,A,4.1
4101,Aldrin,309-00-2,Me_180,2,384,8.05E-06,5.99E-07,3.20E-05,0.018745173,N,
4102,Azinphos-methyl,86-50-0,Me_180,2,384,8.78E-07,3.42E-05,3.91E-05,0.874693198,N,
4103,Chlorpyrifos,2921-88-2,Me_180,2,384,5.23E-06,1.23E-05,3.48E-05,0.353354931,N,
4104,"DDD-p,p'",50-29-3,Me_180,2,384,8.26E-06,3.89E-08,3.17E-05,0.001225605,N,
4105,"DDT-o,p'",789-02-6,Me_180,2,384,7.75E-06,1.10E-07,3.22E-05,0.003418191,N,
4106,"DDT-p,p'",72-54-8,Me_180,2,384,8.09E-06,1.11E-07,3.19E-05,0.003470824,N,
4107,Diazinon,333-41-5,Me_180,2,384,1.65E-06,2.91E-05,3.83E-05,0.757909574,N,
4108,Dicofol,115-32-2,Me_180,2,384,8.01E-06,2.78E-06,3.20E-05,0.086789173,N,
4109,Dieldrin,60-57-1,Me_180,2,384,7.26E-06,2.72E-06,3.27E-05,0.0830581,N,
4110,Disulfoton,298-04-4,Me_180,2,384,2.45E-06,2.56E-05,3.76E-05,0.680904958,N,
4111,Endosulfan I,115-29-7,Me_180,2,384,3.86E-06,1.94E-05,3.61E-05,0.537247487,N,
4112,Endrin,72-20-8,Me_180,2,384,3.29E-06,1.80E-05,3.67E-05,0.48983608,N,
4113,Ethion,563-12-2,Me_180,2,384,3.53E-06,1.60E-05,3.65E-05,0.438672621,N,
4114,Heptachlor,76-44-8,Me_180,2,384,8.43E-06,1.05E-06,3.16E-05,0.033122055,N,
4115,Heptachlor epoxide B,1024-57-3,Me_180,2,384,7.55E-06,1.82E-06,3.25E-05,0.056219672,N,
4116,Lindane,58-89-9,Me_180,2,384,2.25E-06,2.68E-05,3.77E-05,0.710174209,N,
4117,"Methoxychlor-o,p'",72-43-5,Me_180,2,384,6.69E-06,1.50E-06,3.33E-05,0.045133402,N,
4118,Parathion,56-38-2,Me_180,2,384,1.96E-06,2.83E-05,3.80E-05,0.745240963,N,
4119,Trifluralin,1582-09-8,Me_180,2,384,4.67E-06,6.84E-06,3.53E-05,0.193495379,N,
4120,Cisapride,81098-60-4,Me_180,2,384,1.21E-06,3.23E-05,3.88E-05,0.831389931,B,7.8
4121,Citalopram hydrobromide,59729-33-8,Me_180,2,384,2.11E-07,3.82E-05,3.98E-05,0.960105784,N,
4122,Dofetilide,115256-11-6,Me_180,2,384,7.09E-08,3.96E-05,3.99E-05,0.990589188,B,8.4
4123,Moxifloxacin hydrochloride,186826-86-8,Me_180,2,384,2.25E-08,3.99E-05,4.00E-05,0.999184765,A,6
4124,N-acetylpro-cainamide,32795-44-1,Me_180,2,384,2.07E-08,4.00E-05,4.00E-05,0.999534833,B,9.2
4125,Quinidine sulfate,50-54-4,Me_180,2,384,8.58E-08,3.94E-05,3.99E-05,0.988100699,B,9.3
4126,Sematilide,101526-83-4,Me_180,2,384,2.08E-08,4.00E-05,4.00E-05,0.999520996,B,9.1
4127,Sotalol hydrochloride,959-24-0,Me_180,2,384,1.91E-08,4.00E-05,4.00E-05,0.999865169,B,9
4128,Mifepristone,84371-65-3,Me_180,2,384,7.67E-06,3.64E-06,3.23E-05,0.112485212,N,
4129,Perfluorobutanesulfonic_acid,375-73-5,Me_180,2,384,1.84E-08,4.00E-05,4.00E-05,0.999999999,A,-2.9
4130,4_2_Fluorotelomer_sulfonic_acid,757124-72-4,Me_180,2,384,,,,,A,1.4
4131,Perfluorononanoic_acid,375-95-1,Me_180,2,384,4.32E-06,1.95E-06,3.57E-05,0.054561056,A,0.1
4132,Perfluorohexanoic_acid,307-24-4,Me_180,2,384,1.21E-06,2.91E-05,3.88E-05,0.750395014,A,0.1
4133,Perfluorobutanoic_acid,375-22-4,Me_180,2,384,,,,,A,0.1
4134,Perfluorooctanoic_acid,335-67-1,Me_180,2,384,3.89E-06,4.13E-06,3.61E-05,0.114451504,A,0.1
4135,6_2_Fluorotelomer_sulfonic_acid,27619-97-2,Me_180,2,384,2.51E-06,1.61E-05,3.75E-05,0.430530653,A,1.4
4136,8_2_Fluorotelomer_sulfonic_acid,39108-34-4,Me_180,2,384,3.95E-06,2.28E-06,3.60E-05,0.063126903,A,1.4
4137,Perfluoroundecanoic_acid,2058-94-8,Me_180,2,384,4.30E-06,4.87E-07,3.57E-05,0.013632841,A,0.1
4138,Perfluorooctanesulfonic_acid,1763-23-1,Me_180,2,384,4.90E-06,1.11E-06,3.51E-05,0.031658894,A,-2.9
4139,Perfluoroheptanoic_acid,375-85-9,Me_180,2,384,3.50E-06,7.13E-06,3.65E-05,0.195370366,A,0.1
4140,Perfluoropentanoic_acid,2706-90-3,Me_180,2,384,,,,,A,0.1
4141,Perfluorohexanesulfonic_acid,355-46-4,Me_180,2,384,4.23E-06,1.70E-06,3.58E-05,0.047444499,A,-2.9
4142,Perfluorodecanoic_acid,335-76-2,Me_180,2,384,4.73E-06,1.02E-06,3.53E-05,0.028969216,A,0.1
4143,cyclosporine A,59865-13-3,Me_180,2,384,1.92E-06,2.18E-05,3.81E-05,0.573140695,N,
4144,chlorpromazine,50-53-3,Me_180,2,384,2.41E-06,2.56E-05,3.76E-05,0.680871579,B,9.4
4145,PBDE 47,5436-43-1,Me_180,2,384,9.00E-06,9.32E-08,3.10E-05,0.003004713,N,
4146,PBDE 99,60348-60-9,Me_180,2,384,9.41E-06,4.15E-08,3.06E-05,1.36E-03,N,
4147,PBDE 153,68631-49-2,Me_180,2,384,9.78E-06,1.63E-08,3.02E-05,5.39E-04,N,
4148,amiodarone,1951-25-3,Me_180,2,384,9.50E-06,4.07E-07,3.05E-05,1.34E-02,B,9
4149,Azathioprine,446-86-6,Me_180,2,384,2.03E-08,4.00E-05,4.00E-05,0.999629327,A,8.2
4150,Benzocaine,94-09-7,Me_180,2,384,2.32E-07,3.84E-05,3.98E-05,0.964611039,N,
4151,Butylated hydroxyanisole,25013-16-5,Me_180,2,384,2.45368E-06,2.53484E-05,3.75463E-05,0.6751223,N,
4152,Cetirizine dihydrochloride,83881-52-1,Me_180,2,384,1.87E-08,4.00E-05,4.00E-05,0.99995036,A,4.7
4153,Cyclamate,139-05-9,Me_180,2,384,1.84E-08,4.00E-05,4.00E-05,1,B,17.6
4154,Cyclophosphamide,6055-19-2,Me_180,2,384,3.98E-08,3.98E-05,4.00E-05,0.99597563,B,6.1
4155,Cypermethrin,67375-30-8,Me_180,2,384,1.01E-05,9.71E-08,2.99E-05,0.003250177,N,
4156,DEET,134-62-3,Me_180,2,384,1.69E-07,3.89E-05,3.98E-05,0.975935279,N,
4157,Dexamethasone,50-02-2,Me_180,2,384,2.56E-07,3.79E-05,3.97E-05,0.953442665,N,
4158,Digoxin,20830-75-5,Me_180,2,384,2.77E-08,3.99E-05,4.00E-05,0.998138575,N,
4159,Fenazaquin,120928-09-8,Me_180,2,384,8.92E-06,1.05E-06,3.11E-05,0.033636478,N,
4160,Fenbuconazole,114369-43-6,Me_180,2,384,1.88E-06,2.85E-05,3.81E-05,0.746342805,N,
4161,Fluazinam,79622-59-6,Me_180,2,384,5.06E-06,9.47E-06,3.49E-05,0.271137719,N,
4162,Furosemide,54-31-9,Me_180,2,384,1.86E-08,4.00E-05,4.00E-05,0.999973571,A,3
4163,Glybenclamide,10238-21-8,Me_180,2,384,5.27E-07,3.64E-05,3.95E-05,0.922485861,A,5
4164,HC Red 3,2871-01-4,Me_180,2,384,2.68E-08,3.99E-05,4.00E-05,0.998372534,N,
4165,Hydralazine hydrochloride,304-20-1,Me_180,2,384,4.12E-08,3.98E-05,4.00E-05,0.995738579,B,6
4166,Ketoconazole,65277-42-1,Me_180,2,384,2.68E-06,2.42E-05,3.73E-05,0.647853083,B,6.6
4167,Metformin,1115-70-4,Me_180,2,384,1.85E-08,4.00E-05,4.00E-05,0.999991646,B,9.6
4168,Metoclopramide,364-62-5,Me_180,2,384,5.71E-08,3.97E-05,3.99E-05,0.992949243,B,9
4169,Nitrofurantoin,67-20-9,Me_180,2,384,2.01E-08,4.00E-05,4.00E-05,0.999664266,A,7.3
4170,Oxytetracycline hydrochloride,2058-46-0,Me_180,2,384,1.84E-08,4.00E-05,4.00E-05,0.999999095,A,4.5
4171,Panthenol,16485-10-2 ,Me_180,2,384,1.99E-08,4.00E-05,4.00E-05,0.99970141,N,
4172,Paracetamol,103-90-2,Me_180,2,384,4.59E-08,3.97E-05,4.00E-05,0.994641318,N,
4173,Topiramate,97240-79-4,Me_180,2,384,1.85E-08,4.00E-05,4.00E-05,0.999993183,A,9.2
4174,Trimellitic anhydride,552-30-7,Me_180,2,384,1.85E-08,4.00E-05,4.00E-05,0.999983025,A,3.3
4175,Verapamil hydrochloride,152-11-4,Me_180,2,384,7.72E-07,3.49E-05,3.92E-05,0.88890492,B,9.2
4176,Warfarin,129-06-6,Me_180,2,384,2.63E-06,1.56E-05,3.74E-05,0.416479603,N,
4177,Caffeine,58-08-2,H4lle,2,384,1.98E-08,4.00E-05,4.00E-05,0.999396318,N,
4178,Lamotrigine,84057-84-1,H4lle,2,384,2.53E-07,3.57E-05,3.97E-05,0.898869215,B,6.6
4179,Diclofenac,15307-79-6,H4lle,2,384,1.97E-06,2.91E-06,3.80E-05,0.076453185,B,17.6
4180,"2,4-Dichlorophenoxyacetic",94-75-7,H4lle,2,384,1.85E-08,4.00E-05,4.00E-05,0.999941899,A,2.7
4181,(S)-Naproxen,22204-53-1,H4lle,2,384,2.24E-08,3.99E-05,4.00E-05,0.998232857,A,4.4
4182,Ibuprofen,15687-27-1,H4lle,2,384,7.28E-08,3.90E-05,3.99E-05,0.976571415,A,5.4
4183,Torasemide,56211-40-6,H4lle,2,384,2.12E-08,3.99E-05,4.00E-05,0.99875245,A,4
4184,Warfarin,81-81-2,H4lle,2,384,2.05E-08,3.99E-05,4.00E-05,0.99905937,A,4.5
4185,di-n-butylphthalate,84-74-2,H4lle,2,384,1.54E-06,1.36E-05,3.85E-05,0.354330737,N,
4186,hexachlorophene,70-30-4,H4lle,2,384,2.68E-06,2.35E-07,3.73E-05,6.30E-03,A,6.2
4187,hexamethylenetetramine,100-97-0,H4lle,2,384,1.87E-08,4.00E-05,4.00E-05,0.999849609,B,6.4
4188,Malathion,121-75-5,H4lle,2,384,2.58E-07,3.56E-05,3.97E-05,0.895410824,N,
4189,pentachlorophenol,87-86-5,H4lle,2,384,3.03E-07,3.50E-05,3.97E-05,0.880747494,A,5
4190,"2,2,2-trichloroethanol",115-20-8,H4lle,2,384,5.42E-08,3.93E-05,3.99E-05,0.984344932,N,
4191,diethylphthalate,84-66-2,H4lle,2,384,1.70E-07,3.73E-05,3.98E-05,0.935804512,N,
4192,4-chlorophenol,106-48-9,H4lle,2,384,2.47E-07,3.58E-05,3.98E-05,0.901014896,N,
4193,permethrin,52645-53-1,H4lle,2,384,2.62E-06,5.53E-08,3.74E-05,0.00147847,N,
4194,Aniline,62-53-3,H4lle,2,384,4.05E-08,3.96E-05,4.00E-05,0.990416248,N,
4195,4-fluoroaniline,371-40-4,H4lle,2,384,4.17E-08,3.96E-05,4.00E-05,0.989867198,N,
4196,"2,4,6-trichlorophenol",88-06-2,H4lle,2,384,4.53E-07,3.24E-05,3.95E-05,0.818887929,A,6.8
4197,Allyl alcohol,107-18-6,H4lle,2,384,2.07E-08,3.99E-05,4.00E-05,0.99899872,N,
4198,N-methylaniline,100-61-8,H4lle,2,384,7.07E-08,3.90E-05,3.99E-05,0.977589057,N,
4199,"3,4-dichloroaniline",95-76-1,H4lle,2,384,4.42E-07,3.24E-05,3.96E-05,0.818491891,N,
4200,4-decylaniline,37529-30-9,H4lle,2,384,2.43E-06,3.91E-07,3.76E-05,0.010419834,N,
4201,naphthalene,91-20-3,H4lle,2,384,6.27E-07,2.94E-05,3.94E-05,0.74560973,N,
4202,"1,2,4-trichlorobenzene",120-82-1,H4lle,2,384,1.61E-06,1.30E-05,3.84E-05,0.337853814,N,
4203,"1,2-dichlorobenzene",95-50-1,H4lle,2,384,8.25E-07,2.60E-05,3.92E-05,0.662854229,N,
4204,dichloromethane,75-09-2,H4lle,2,384,5.13E-08,3.94E-05,3.99E-05,0.985811083,N,
4205,tetrachloroethylene,127-18-4,H4lle,2,384,5.96E-07,2.99E-05,3.94E-05,0.759754206,N,
4206,"2,3-dimethyl-1,3-butadiene",513-81-5,H4lle,2,384,2.01E-07,3.67E-05,3.98E-05,0.923148558,N,
4207,Eugenol F,97-53-0,H4lle,2,384,1.48E-07,3.76E-05,3.99E-05,0.944598641,N,
4208,Methyl-antranilate,134-20-3,H4lle,2,384,5.73E-08,3.93E-05,3.99E-05,0.983510579,N,
4209,Lilyfore,285977-85-7,H4lle,2,384,6.40E-07,2.92E-05,3.94E-05,0.742878677,N,
4210,Damascone beta,23726-91-2,H4lle,2,384,1.79E-06,1.10E-05,3.82E-05,0.287132152,N,
4211,Veloutone,14595-54-1,H4lle,2,384,2.45E-06,1.99E-06,3.75E-05,0.052998348,N,
4212,Verdox,82356-51-2,H4lle,2,384,2.69436E-06,1.75273E-07,3.73056E-05,0.004698297,N,
4213,Nirvanol,1506-02-1,H4lle,2,384,2.57402E-06,8.56079E-07,3.7426E-05,0.022873913,N,
4214,Cetalox,3738-00-9,H4lle,2,384,2.49E-06,1.57E-06,3.75E-05,0.041883862,N,
4215,Tonalide,21145-77-7,H4lle,2,384,2.57E-06,8.56E-07,3.74E-05,0.022873913,N,
4216,"2,4-Dinitrophenol",51-28-5,H4lle,2,384,1.86E-08,4.00E-05,4.00E-05,0.999910972,A,4.1
4217,Aldrin,309-00-2,H4lle,2,384,2.46E-06,7.04E-07,3.75E-05,0.018745173,N,
4218,Azinphos-methyl,86-50-0,H4lle,2,384,3.17E-07,3.47E-05,3.97E-05,0.874693198,N,
4219,Chlorpyrifos,2921-88-2,H4lle,2,384,1.62E-06,1.36E-05,3.84E-05,0.353354931,N,
4220,"DDD-p,p'",50-29-3,H4lle,2,384,2.51E-06,4.59E-08,3.75E-05,0.001225605,N,
4221,"DDT-o,p'",789-02-6,H4lle,2,384,2.45E-06,1.28E-07,3.75E-05,0.003418191,N,
4222,"DDT-p,p'",72-54-8,H4lle,2,384,2.49E-06,1.30E-07,3.75E-05,0.003470824,N,
4223,Diazinon,333-41-5,H4lle,2,384,5.92E-07,2.99E-05,3.94E-05,0.757909574,N,
4224,Dicofol,115-32-2,H4lle,2,384,2.34E-06,3.27E-06,3.77E-05,0.086789173,N,
4225,Dieldrin,60-57-1,H4lle,2,384,2.27E-06,3.13E-06,3.77E-05,0.0830581,N,
4226,Disulfoton,298-04-4,H4lle,2,384,7.96E-07,2.67E-05,3.92E-05,0.680904958,N,
4227,Endosulfan I,115-29-7,H4lle,2,384,1.17E-06,2.09E-05,3.88E-05,0.537247487,N,
4228,Endrin,72-20-8,H4lle,2,384,1.21E-06,1.90E-05,3.88E-05,0.48983608,N,
4229,Ethion,563-12-2,H4lle,2,384,1.32E-06,1.70E-05,3.87E-05,0.438672621,N,
4230,Heptachlor,76-44-8,H4lle,2,384,2.47E-06,1.24E-06,3.75E-05,0.033122055,N,
4231,Heptachlor epoxide B,1024-57-3,H4lle,2,384,2.34E-06,2.12E-06,3.77E-05,0.056219672,N,
4232,Lindane,58-89-9,H4lle,2,384,7.27E-07,2.79E-05,3.93E-05,0.710174209,N,
4233,"Methoxychlor-o,p'",72-43-5,H4lle,2,384,2.28E-06,1.70E-06,3.77E-05,0.045133402,N,
4234,Parathion,56-38-2,H4lle,2,384,6.40E-07,2.93E-05,3.94E-05,0.745240963,N,
4235,Trifluralin,1582-09-8,H4lle,2,384,1.84E-06,7.38E-06,3.82E-05,0.193495379,N,
4236,Cisapride,81098-60-4,H4lle,2,384,4.23E-07,3.29E-05,3.96E-05,0.831389931,B,7.8
4237,Citalopram hydrobromide,59729-33-8,H4lle,2,384,1.08E-07,3.83E-05,3.99E-05,0.960105784,N,
4238,Dofetilide,115256-11-6,H4lle,2,384,4.00E-08,3.96E-05,4.00E-05,0.990589188,B,8.4
4239,Moxifloxacin hydrochloride,186826-86-8,H4lle,2,384,2.02E-08,3.99E-05,4.00E-05,0.999184765,A,6
4240,N-acetylpro-cainamide,32795-44-1,H4lle,2,384,1.95E-08,4.00E-05,4.00E-05,0.999534833,B,9.2
4241,Quinidine sulfate,50-54-4,H4lle,2,384,4.58E-08,3.95E-05,4.00E-05,0.988100699,B,9.3
4242,Sematilide,101526-83-4,H4lle,2,384,1.95E-08,4.00E-05,4.00E-05,0.999520996,B,9.1
4243,Sotalol hydrochloride,959-24-0,H4lle,2,384,1.87E-08,4.00E-05,4.00E-05,0.999865169,B,9
4244,Mifepristone,84371-65-3,H4lle,2,384,2.26E-06,4.24E-06,3.77E-05,0.112485212,N,
4245,Perfluorobutanesulfonic_acid,375-73-5,H4lle,2,384,1.84E-08,4.00E-05,4.00E-05,0.999999999,A,-2.9
4246,4_2_Fluorotelomer_sulfonic_acid,757124-72-4,H4lle,2,384,,,,,A,1.4
4247,Perfluorononanoic_acid,375-95-1,H4lle,2,384,2.05E-06,2.07E-06,3.80E-05,0.054561056,A,0.1
4248,Perfluorohexanoic_acid,307-24-4,H4lle,2,384,5.71E-07,2.96E-05,3.94E-05,0.750395014,A,0.1
4249,Perfluorobutanoic_acid,375-22-4,H4lle,2,384,,,,,A,0.1
4250,Perfluorooctanoic_acid,335-67-1,H4lle,2,384,1.91E-06,4.36E-06,3.81E-05,0.114451504,A,0.1
4251,6_2_Fluorotelomer_sulfonic_acid,27619-97-2,H4lle,2,384,1.25E-06,1.67E-05,3.88E-05,0.430530653,A,1.4
4252,8_2_Fluorotelomer_sulfonic_acid,39108-34-4,H4lle,2,384,2.00E-06,2.40E-06,3.80E-05,0.063126903,A,1.4
4253,Perfluoroundecanoic_acid,2058-94-8,H4lle,2,384,2.11E-06,5.17E-07,3.79E-05,0.013632841,A,0.1
4254,Perfluorooctanesulfonic_acid,1763-23-1,H4lle,2,384,2.13E-06,1.20E-06,3.79E-05,0.031658894,A,-2.9
4255,Perfluoroheptanoic_acid,375-85-9,H4lle,2,384,1.74E-06,7.48E-06,3.83E-05,0.195370366,A,0.1
4256,Perfluoropentanoic_acid,2706-90-3,H4lle,2,384,,,,,A,0.1
4257,Perfluorohexanesulfonic_acid,355-46-4,H4lle,2,384,2.05E-06,1.80E-06,3.79E-05,0.047444499,A,-2.9
4258,Perfluorodecanoic_acid,335-76-2,H4lle,2,384,2.12E-06,1.10E-06,3.79E-05,0.028969216,A,0.1
4259,cyclosporine A,59865-13-3,H4lle,2,384,9.47E-07,2.24E-05,3.91E-05,0.573140695,N,
4260,chlorpromazine,50-53-3,H4lle,2,384,7.93E-07,2.67E-05,3.92E-05,0.680871579,B,9.4
4261,PBDE 47,5436-43-1,H4lle,2,384,2.59E-06,1.12E-07,3.74E-05,0.003004713,N,
4262,PBDE 99,60348-60-9,H4lle,2,384,2.63E-06,5.07E-08,3.74E-05,1.36E-03,N,
4263,PBDE 153,68631-49-2,H4lle,2,384,2.68E-06,2.01E-08,3.73E-05,5.39E-04,N,
4264,amiodarone,1951-25-3,H4lle,2,384,2.63E-06,4.99E-07,3.74E-05,1.34E-02,B,9
4265,Azathioprine,446-86-6,H4lle,2,384,1.92E-08,4.00E-05,4.00E-05,0.999629327,A,8.2
4266,Benzocaine,94-09-7,H4lle,2,384,1.01E-07,3.85E-05,3.99E-05,0.964611039,N,
4267,Butylated hydroxyanisole,25013-16-5,H4lle,2,384,8.07172E-07,2.646E-05,3.91928E-05,0.6751223,N,
4268,Cetirizine dihydrochloride,83881-52-1,H4lle,2,384,1.85E-08,4.00E-05,4.00E-05,0.99995036,A,4.7
4269,Cyclamate,139-05-9,H4lle,2,384,1.84E-08,4.00E-05,4.00E-05,1,B,17.6
4270,Cyclophosphamide,6055-19-2,H4lle,2,384,2.76E-08,3.98E-05,4.00E-05,0.99597563,B,6.1
4271,Cypermethrin,67375-30-8,H4lle,2,384,2.71E-06,1.21E-07,3.73E-05,0.003250177,N,
4272,DEET,134-62-3,H4lle,2,384,7.48E-08,3.90E-05,3.99E-05,0.975935279,N,
4273,Dexamethasone,50-02-2,H4lle,2,384,1.23E-07,3.80E-05,3.99E-05,0.953442665,N,
4274,Digoxin,20830-75-5,H4lle,2,384,2.26E-08,3.99E-05,4.00E-05,0.998138575,N,
4275,Fenazaquin,120928-09-8,H4lle,2,384,2.53E-06,1.26E-06,3.75E-05,0.033636478,N,
4276,Fenbuconazole,114369-43-6,H4lle,2,384,6.31E-07,2.94E-05,3.94E-05,0.746342805,N,
4277,Fluazinam,79622-59-6,H4lle,2,384,1.74E-06,1.04E-05,3.83E-05,0.271137719,N,
4278,Furosemide,54-31-9,H4lle,2,384,1.85E-08,4.00E-05,4.00E-05,0.999973571,A,3
4279,Glybenclamide,10238-21-8,H4lle,2,384,2.02E-07,3.67E-05,3.98E-05,0.922485861,A,5
4280,HC Red 3,2871-01-4,H4lle,2,384,2.21E-08,3.99E-05,4.00E-05,0.998372534,N,
4281,Hydralazine hydrochloride,304-20-1,H4lle,2,384,2.81E-08,3.98E-05,4.00E-05,0.995738579,B,6
4282,Ketoconazole,65277-42-1,H4lle,2,384,8.75E-07,2.53E-05,3.91E-05,0.647853083,B,6.6
4283,Metformin,1115-70-4,H4lle,2,384,1.84E-08,4.00E-05,4.00E-05,0.999991646,B,9.6
4284,Metoclopramide,364-62-5,H4lle,2,384,3.45E-08,3.97E-05,4.00E-05,0.992949243,B,9
4285,Nitrofurantoin,67-20-9,H4lle,2,384,1.92E-08,4.00E-05,4.00E-05,0.999664266,A,7.3
4286,Oxytetracycline hydrochloride,2058-46-0,H4lle,2,384,1.84E-08,4.00E-05,4.00E-05,0.999999095,A,4.5
4287,Panthenol,16485-10-2 ,H4lle,2,384,1.91E-08,4.00E-05,4.00E-05,0.99970141,N,
4288,Paracetamol,103-90-2,H4lle,2,384,3.05E-08,3.98E-05,4.00E-05,0.994641318,N,
4289,Topiramate,97240-79-4,H4lle,2,384,1.84E-08,4.00E-05,4.00E-05,0.999993183,A,9.2
4290,Trimellitic anhydride,552-30-7,H4lle,2,384,1.84E-08,4.00E-05,4.00E-05,0.999983025,A,3.3
4291,Verapamil hydrochloride,152-11-4,H4lle,2,384,2.83E-07,3.53E-05,3.97E-05,0.88890492,B,9.2
4292,Warfarin,129-06-6,H4lle,2,384,1.28E-06,1.61E-05,3.87E-05,0.416479603,N,
4293,Caffeine,58-08-2,SH-SY5Y,2,384,1.11E-08,4.00E-05,4.00E-05,0.999396318,N,
4294,Lamotrigine,84057-84-1,SH-SY5Y,2,384,1.41E-07,3.58E-05,3.99E-05,0.898869215,B,6.6
4295,Diclofenac,15307-79-6,SH-SY5Y,2,384,9.71E-07,2.98E-06,3.90E-05,0.076453185,B,17.6
4296,"2,4-Dichlorophenoxyacetic",94-75-7,SH-SY5Y,2,384,1.04E-08,4.00E-05,4.00E-05,0.999941899,A,2.7
4297,(S)-Naproxen,22204-53-1,SH-SY5Y,2,384,1.24E-08,3.99E-05,4.00E-05,0.998232857,A,4.4
4298,Ibuprofen,15687-27-1,SH-SY5Y,2,384,4.02E-08,3.90E-05,4.00E-05,0.976571415,A,5.4
4299,Torasemide,56211-40-6,SH-SY5Y,2,384,1.18E-08,3.99E-05,4.00E-05,0.99875245,A,4
4300,Warfarin,81-81-2,SH-SY5Y,2,384,1.14E-08,4.00E-05,4.00E-05,0.99905937,A,4.5
4301,di-n-butylphthalate,84-74-2,SH-SY5Y,2,384,9.92E-07,1.38E-05,3.90E-05,0.354330737,N,
4302,hexachlorophene,70-30-4,SH-SY5Y,2,384,2.29E-06,2.38E-07,3.77E-05,6.30E-03,A,6.2
4303,hexamethylenetetramine,100-97-0,SH-SY5Y,2,384,1.05E-08,4.00E-05,4.00E-05,0.999849609,B,6.4
4304,Malathion,121-75-5,SH-SY5Y,2,384,1.40E-07,3.57E-05,3.99E-05,0.895410824,N,
4305,pentachlorophenol,87-86-5,SH-SY5Y,2,384,1.81E-07,3.51E-05,3.98E-05,0.880747494,A,5
4306,"2,2,2-trichloroethanol",115-20-8,SH-SY5Y,2,384,2.92E-08,3.93E-05,4.00E-05,0.984344932,N,
4307,diethylphthalate,84-66-2,SH-SY5Y,2,384,9.78E-08,3.73E-05,3.99E-05,0.935804512,N,
4308,4-chlorophenol,106-48-9,SH-SY5Y,2,384,1.35E-07,3.59E-05,3.99E-05,0.901014896,N,
4309,permethrin,52645-53-1,SH-SY5Y,2,384,2.15E-06,5.60E-08,3.78E-05,0.00147847,N,
4310,Aniline,62-53-3,SH-SY5Y,2,384,2.22E-08,3.96E-05,4.00E-05,0.990416248,N,
4311,4-fluoroaniline,371-40-4,SH-SY5Y,2,384,2.27E-08,3.96E-05,4.00E-05,0.989867198,N,
4312,"2,4,6-trichlorophenol",88-06-2,SH-SY5Y,2,384,2.80E-07,3.25E-05,3.97E-05,0.818887929,A,6.8
4313,Allyl alcohol,107-18-6,SH-SY5Y,2,384,1.15E-08,3.99E-05,4.00E-05,0.99899872,N,
4314,N-methylaniline,100-61-8,SH-SY5Y,2,384,3.95E-08,3.91E-05,4.00E-05,0.977589057,N,
4315,"3,4-dichloroaniline",95-76-1,SH-SY5Y,2,384,2.54E-07,3.25E-05,3.97E-05,0.818491891,N,
4316,4-decylaniline,37529-30-9,SH-SY5Y,2,384,1.76E-06,3.98E-07,3.82E-05,0.010419834,N,
4317,naphthalene,91-20-3,SH-SY5Y,2,384,3.88E-07,2.95E-05,3.96E-05,0.74560973,N,
4318,"1,2,4-trichlorobenzene",120-82-1,SH-SY5Y,2,384,1.07E-06,1.32E-05,3.89E-05,0.337853814,N,
4319,"1,2-dichlorobenzene",95-50-1,SH-SY5Y,2,384,5.18E-07,2.62E-05,3.95E-05,0.662854229,N,
4320,dichloromethane,75-09-2,SH-SY5Y,2,384,2.84E-08,3.94E-05,4.00E-05,0.985811083,N,
4321,tetrachloroethylene,127-18-4,SH-SY5Y,2,384,3.73E-07,3.01E-05,3.96E-05,0.759754206,N,
4322,"2,3-dimethyl-1,3-butadiene",513-81-5,SH-SY5Y,2,384,1.18E-07,3.68E-05,3.99E-05,0.923148558,N,
4323,Eugenol F,97-53-0,SH-SY5Y,2,384,8.38E-08,3.77E-05,3.99E-05,0.944598641,N,
4324,Methyl-antranilate,134-20-3,SH-SY5Y,2,384,3.27E-08,3.93E-05,4.00E-05,0.983510579,N,
4325,Lilyfore,285977-85-7,SH-SY5Y,2,384,4.06E-07,2.94E-05,3.96E-05,0.742878677,N,
4326,Damascone beta,23726-91-2,SH-SY5Y,2,384,1.29E-06,1.11E-05,3.87E-05,0.287132152,N,
4327,Veloutone,14595-54-1,SH-SY5Y,2,384,1.95E-06,2.02E-06,3.80E-05,0.052998348,N,
4328,Verdox,82356-51-2,SH-SY5Y,2,384,2.32292E-06,1.77018E-07,3.76771E-05,0.004698297,N,
4329,Nirvanol,1506-02-1,SH-SY5Y,2,384,2.12E-06,8.66464E-07,3.788E-05,0.022873913,N,
4330,Cetalox,3738-00-9,SH-SY5Y,2,384,2.01E-06,1.59E-06,3.80E-05,0.041883862,N,
4331,Tonalide,21145-77-7,SH-SY5Y,2,384,2.12E-06,8.66E-07,3.79E-05,0.022873913,N,
4332,"2,4-Dinitrophenol",51-28-5,SH-SY5Y,2,384,1.04E-08,4.00E-05,4.00E-05,0.999910972,A,4.1
4333,Aldrin,309-00-2,SH-SY5Y,2,384,1.85E-06,7.15E-07,3.81E-05,0.018745173,N,
4334,Azinphos-methyl,86-50-0,SH-SY5Y,2,384,1.90E-07,3.48E-05,3.98E-05,0.874693198,N,
4335,Chlorpyrifos,2921-88-2,SH-SY5Y,2,384,1.15E-06,1.37E-05,3.89E-05,0.353354931,N,
4336,"DDD-p,p'",50-29-3,SH-SY5Y,2,384,1.91E-06,4.67E-08,3.81E-05,0.001225605,N,
4337,"DDT-o,p'",789-02-6,SH-SY5Y,2,384,1.79E-06,1.31E-07,3.82E-05,0.003418191,N,
4338,"DDT-p,p'",72-54-8,SH-SY5Y,2,384,1.86E-06,1.32E-07,3.81E-05,0.003470824,N,
4339,Diazinon,333-41-5,SH-SY5Y,2,384,3.58E-07,3.00E-05,3.96E-05,0.757909574,N,
4340,Dicofol,115-32-2,SH-SY5Y,2,384,1.82E-06,3.31E-06,3.82E-05,0.086789173,N,
4341,Dieldrin,60-57-1,SH-SY5Y,2,384,1.65E-06,3.18E-06,3.83E-05,0.0830581,N,
4342,Disulfoton,298-04-4,SH-SY5Y,2,384,5.21E-07,2.69E-05,3.95E-05,0.680904958,N,
4343,Endosulfan I,115-29-7,SH-SY5Y,2,384,8.23E-07,2.10E-05,3.92E-05,0.537247487,N,
4344,Endrin,72-20-8,SH-SY5Y,2,384,7.32E-07,1.92E-05,3.93E-05,0.48983608,N,
4345,Ethion,563-12-2,SH-SY5Y,2,384,7.92E-07,1.72E-05,3.92E-05,0.438672621,N,
4346,Heptachlor,76-44-8,SH-SY5Y,2,384,1.94E-06,1.26E-06,3.81E-05,0.033122055,N,
4347,Heptachlor epoxide B,1024-57-3,SH-SY5Y,2,384,1.73E-06,2.15E-06,3.83E-05,0.056219672,N,
4348,Lindane,58-89-9,SH-SY5Y,2,384,4.77E-07,2.81E-05,3.95E-05,0.710174209,N,
4349,"Methoxychlor-o,p'",72-43-5,SH-SY5Y,2,384,1.54E-06,1.74E-06,3.85E-05,0.045133402,N,
4350,Parathion,56-38-2,SH-SY5Y,2,384,4.16E-07,2.95E-05,3.96E-05,0.745240963,N,
4351,Trifluralin,1582-09-8,SH-SY5Y,2,384,1.08E-06,7.53E-06,3.89E-05,0.193495379,N,
4352,Cisapride,81098-60-4,SH-SY5Y,2,384,2.59E-07,3.30E-05,3.97E-05,0.831389931,B,7.8
4353,Citalopram hydrobromide,59729-33-8,SH-SY5Y,2,384,5.39E-08,3.84E-05,3.99E-05,0.960105784,N,
4354,Dofetilide,115256-11-6,SH-SY5Y,2,384,2.18E-08,3.96E-05,4.00E-05,0.990589188,B,8.4
4355,Moxifloxacin hydrochloride,186826-86-8,SH-SY5Y,2,384,1.13E-08,4.00E-05,4.00E-05,0.999184765,A,6
4356,N-acetylpro-cainamide,32795-44-1,SH-SY5Y,2,384,1.09E-08,4.00E-05,4.00E-05,0.999534833,B,9.2
4357,Quinidine sulfate,50-54-4,SH-SY5Y,2,384,2.49E-08,3.95E-05,4.00E-05,0.988100699,B,9.3
4358,Sematilide,101526-83-4,SH-SY5Y,2,384,1.09E-08,4.00E-05,4.00E-05,0.999520996,B,9.1
4359,Sotalol hydrochloride,959-24-0,SH-SY5Y,2,384,1.05E-08,4.00E-05,4.00E-05,0.999865169,B,9
4360,Mifepristone,84371-65-3,SH-SY5Y,2,384,1.74E-06,4.30E-06,3.83E-05,0.112485212,N,
4361,Perfluorobutanesulfonic_acid,375-73-5,SH-SY5Y,2,384,1.04E-08,4.00E-05,4.00E-05,0.999999999,A,-2.9
4362,4_2_Fluorotelomer_sulfonic_acid,757124-72-4,SH-SY5Y,2,384,,,,,A,1.4
4363,Perfluorononanoic_acid,375-95-1,SH-SY5Y,2,384,1.05E-06,2.12E-06,3.89E-05,0.054561056,A,0.1
4364,Perfluorohexanoic_acid,307-24-4,SH-SY5Y,2,384,2.85E-07,2.98E-05,3.97E-05,0.750395014,A,0.1
4365,Perfluorobutanoic_acid,375-22-4,SH-SY5Y,2,384,,,,,A,0.1
4366,Perfluorooctanoic_acid,335-67-1,SH-SY5Y,2,384,9.56E-07,4.47E-06,3.90E-05,0.114451504,A,0.1
4367,6_2_Fluorotelomer_sulfonic_acid,27619-97-2,SH-SY5Y,2,384,6.07E-07,1.70E-05,3.94E-05,0.430530653,A,1.4
4368,8_2_Fluorotelomer_sulfonic_acid,39108-34-4,SH-SY5Y,2,384,9.83E-07,2.46E-06,3.90E-05,0.063126903,A,1.4
4369,Perfluoroundecanoic_acid,2058-94-8,SH-SY5Y,2,384,1.06E-06,5.31E-07,3.89E-05,0.013632841,A,0.1
4370,Perfluorooctanesulfonic_acid,1763-23-1,SH-SY5Y,2,384,1.17E-06,1.23E-06,3.88E-05,0.031658894,A,-2.9
4371,Perfluoroheptanoic_acid,375-85-9,SH-SY5Y,2,384,8.59E-07,7.65E-06,3.91E-05,0.195370366,A,0.1
4372,Perfluoropentanoic_acid,2706-90-3,SH-SY5Y,2,384,,,,,A,0.1
4373,Perfluorohexanesulfonic_acid,355-46-4,SH-SY5Y,2,384,1.04E-06,1.85E-06,3.90E-05,0.047444499,A,-2.9
4374,Perfluorodecanoic_acid,335-76-2,SH-SY5Y,2,384,1.14E-06,1.13E-06,3.89E-05,0.028969216,A,0.1
4375,cyclosporine A,59865-13-3,SH-SY5Y,2,384,4.60E-07,2.27E-05,3.95E-05,0.573140695,N,
4376,chlorpromazine,50-53-3,SH-SY5Y,2,384,5.14E-07,2.69E-05,3.95E-05,0.680871579,B,9.4
4377,PBDE 47,5436-43-1,SH-SY5Y,2,384,2.08E-06,1.14E-07,3.79E-05,0.003004713,N,
4378,PBDE 99,60348-60-9,SH-SY5Y,2,384,2.18E-06,5.13E-08,3.78E-05,1.36E-03,N,
4379,PBDE 153,68631-49-2,SH-SY5Y,2,384,2.27E-06,2.04E-08,3.77E-05,5.39E-04,N,
4380,amiodarone,1951-25-3,SH-SY5Y,2,384,2.20E-06,5.05E-07,3.78E-05,1.34E-02,B,9
4381,Azathioprine,446-86-6,SH-SY5Y,2,384,1.08E-08,4.00E-05,4.00E-05,0.999629327,A,8.2
4382,Benzocaine,94-09-7,SH-SY5Y,2,384,5.59E-08,3.85E-05,3.99E-05,0.964611039,N,
4383,Butylated hydroxyanisole,25013-16-5,SH-SY5Y,2,384,5.23841E-07,2.66512E-05,3.94762E-05,0.6751223,N,
4384,Cetirizine dihydrochloride,83881-52-1,SH-SY5Y,2,384,1.04E-08,4.00E-05,4.00E-05,0.99995036,A,4.7
4385,Cyclamate,139-05-9,SH-SY5Y,2,384,1.04E-08,4.00E-05,4.00E-05,1,B,17.6
4386,Cyclophosphamide,6055-19-2,SH-SY5Y,2,384,1.51E-08,3.98E-05,4.00E-05,0.99597563,B,6.1
4387,Cypermethrin,67375-30-8,SH-SY5Y,2,384,2.36E-06,1.22E-07,3.76E-05,0.003250177,N,
4388,DEET,134-62-3,SH-SY5Y,2,384,4.22E-08,3.90E-05,4.00E-05,0.975935279,N,
4389,Dexamethasone,50-02-2,SH-SY5Y,2,384,6.33E-08,3.81E-05,3.99E-05,0.953442665,N,
4390,Digoxin,20830-75-5,SH-SY5Y,2,384,1.24E-08,3.99E-05,4.00E-05,0.998138575,N,
4391,Fenazaquin,120928-09-8,SH-SY5Y,2,384,2.05E-06,1.28E-06,3.79E-05,0.033636478,N,
4392,Fenbuconazole,114369-43-6,SH-SY5Y,2,384,4.00E-07,2.96E-05,3.96E-05,0.746342805,N,
4393,Fluazinam,79622-59-6,SH-SY5Y,2,384,1.14E-06,1.05E-05,3.89E-05,0.271137719,N,
4394,Furosemide,54-31-9,SH-SY5Y,2,384,1.04E-08,4.00E-05,4.00E-05,0.999973571,A,3
4395,Glybenclamide,10238-21-8,SH-SY5Y,2,384,1.17E-07,3.68E-05,3.99E-05,0.922485861,A,5
4396,HC Red 3,2871-01-4,SH-SY5Y,2,384,1.22E-08,3.99E-05,4.00E-05,0.998372534,N,
4397,Hydralazine hydrochloride,304-20-1,SH-SY5Y,2,384,1.54E-08,3.98E-05,4.00E-05,0.995738579,B,6
4398,Ketoconazole,65277-42-1,SH-SY5Y,2,384,5.72E-07,2.55E-05,3.94E-05,0.647853083,B,6.6
4399,Metformin,1115-70-4,SH-SY5Y,2,384,1.04E-08,4.00E-05,4.00E-05,0.999991646,B,9.6
4400,Metoclopramide,364-62-5,SH-SY5Y,2,384,1.88E-08,3.97E-05,4.00E-05,0.992949243,B,9
4401,Nitrofurantoin,67-20-9,SH-SY5Y,2,384,1.07E-08,4.00E-05,4.00E-05,0.999664266,A,7.3
4402,Oxytetracycline hydrochloride,2058-46-0,SH-SY5Y,2,384,1.04E-08,4.00E-05,4.00E-05,0.999999095,A,4.5
4403,Panthenol,16485-10-2 ,SH-SY5Y,2,384,1.07E-08,4.00E-05,4.00E-05,0.99970141,N,
4404,Paracetamol,103-90-2,SH-SY5Y,2,384,1.65E-08,3.98E-05,4.00E-05,0.994641318,N,
4405,Topiramate,97240-79-4,SH-SY5Y,2,384,1.04E-08,4.00E-05,4.00E-05,0.999993183,A,9.2
4406,Trimellitic anhydride,552-30-7,SH-SY5Y,2,384,1.04E-08,4.00E-05,4.00E-05,0.999983025,A,3.3
4407,Verapamil hydrochloride,152-11-4,SH-SY5Y,2,384,1.68E-07,3.54E-05,3.98E-05,0.88890492,B,9.2
4408,Warfarin,129-06-6,SH-SY5Y,2,384,6.33E-07,1.64E-05,3.94E-05,0.416479603,N,
4409,Caffeine,58-08-2,HEK293H,2,384,1.66E-08,4.00E-05,4.00E-05,0.999396318,N,
4410,Lamotrigine,84057-84-1,HEK293H,2,384,4.35E-07,3.56E-05,3.96E-05,0.898869215,B,6.6
4411,Diclofenac,15307-79-6,HEK293H,2,384,2.37E-06,2.88E-06,3.76E-05,0.076453185,B,17.6
4412,"2,4-Dichlorophenoxyacetic",94-75-7,HEK293H,2,384,1.46E-08,4.00E-05,4.00E-05,0.999941899,A,2.7
4413,(S)-Naproxen,22204-53-1,HEK293H,2,384,2.00E-08,3.99E-05,4.00E-05,0.998232857,A,4.4
4414,Ibuprofen,15687-27-1,HEK293H,2,384,1.09E-07,3.90E-05,3.99E-05,0.976571415,A,5.4
4415,Torasemide,56211-40-6,HEK293H,2,384,1.83E-08,3.99E-05,4.00E-05,0.99875245,A,4
4416,Warfarin,81-81-2,HEK293H,2,384,1.73E-08,3.99E-05,4.00E-05,0.99905937,A,4.5
4417,di-n-butylphthalate,84-74-2,HEK293H,2,384,3.50E-06,1.29E-05,3.65E-05,0.354330737,N,
4418,hexachlorophene,70-30-4,HEK293H,2,384,8.98E-06,1.96E-07,3.10E-05,6.30E-03,A,6.2
4419,hexamethylenetetramine,100-97-0,HEK293H,2,384,1.48E-08,4.00E-05,4.00E-05,0.999849609,B,6.4
4420,Malathion,121-75-5,HEK293H,2,384,4.12E-07,3.54E-05,3.96E-05,0.895410824,N,
4421,pentachlorophenol,87-86-5,HEK293H,2,384,6.16E-07,3.47E-05,3.94E-05,0.880747494,A,5
4422,"2,2,2-trichloroethanol",115-20-8,HEK293H,2,384,7.06E-08,3.93E-05,3.99E-05,0.984344932,N,
4423,diethylphthalate,84-66-2,HEK293H,2,384,3.11E-07,3.71E-05,3.97E-05,0.935804512,N,
4424,4-chlorophenol,106-48-9,HEK293H,2,384,4.08E-07,3.57E-05,3.96E-05,0.901014896,N,
4425,permethrin,52645-53-1,HEK293H,2,384,8.33E-06,4.68E-08,3.17E-05,0.00147847,N,
4426,Aniline,62-53-3,HEK293H,2,384,5.11E-08,3.96E-05,3.99E-05,0.990416248,N,
4427,4-fluoroaniline,371-40-4,HEK293H,2,384,5.21E-08,3.95E-05,3.99E-05,0.989867198,N,
4428,"2,4,6-trichlorophenol",88-06-2,HEK293H,2,384,9.88E-07,3.19E-05,3.90E-05,0.818887929,A,6.8
4429,Allyl alcohol,107-18-6,HEK293H,2,384,1.78E-08,3.99E-05,4.00E-05,0.99899872,N,
4430,N-methylaniline,100-61-8,HEK293H,2,384,1.09E-07,3.90E-05,3.99E-05,0.977589057,N,
4431,"3,4-dichloroaniline",95-76-1,HEK293H,2,384,8.24E-07,3.21E-05,3.92E-05,0.818491891,N,
4432,4-decylaniline,37529-30-9,HEK293H,2,384,6.50E-06,3.49E-07,3.35E-05,0.010419834,N,
4433,naphthalene,91-20-3,HEK293H,2,384,1.37E-06,2.88E-05,3.86E-05,0.74560973,N,
4434,"1,2,4-trichlorobenzene",120-82-1,HEK293H,2,384,3.91E-06,1.22E-05,3.61E-05,0.337853814,N,
4435,"1,2-dichlorobenzene",95-50-1,HEK293H,2,384,1.85E-06,2.53E-05,3.82E-05,0.662854229,N,
4436,dichloromethane,75-09-2,HEK293H,2,384,7.18E-08,3.94E-05,3.99E-05,0.985811083,N,
4437,tetrachloroethylene,127-18-4,HEK293H,2,384,1.34E-06,2.94E-05,3.87E-05,0.759754206,N,
4438,"2,3-dimethyl-1,3-butadiene",513-81-5,HEK293H,2,384,3.87E-07,3.66E-05,3.96E-05,0.923148558,N,
4439,Eugenol F,97-53-0,HEK293H,2,384,2.57E-07,3.75E-05,3.97E-05,0.944598641,N,
4440,Methyl-antranilate,134-20-3,HEK293H,2,384,9.00E-08,3.93E-05,3.99E-05,0.983510579,N,
4441,Lilyfore,285977-85-7,HEK293H,2,384,1.47E-06,2.86E-05,3.85E-05,0.742878677,N,
4442,Damascone beta,23726-91-2,HEK293H,2,384,4.91E-06,1.01E-05,3.51E-05,0.287132152,N,
4443,Veloutone,14595-54-1,HEK293H,2,384,7.56E-06,1.72E-06,3.24E-05,0.052998348,N,
4444,Verdox,82356-51-2,HEK293H,2,384,9.11049E-06,1.45128E-07,3.08895E-05,0.004698297,N,
4445,Nirvanol,1506-02-1,HEK293H,2,384,8.2487E-06,7.26277E-07,3.17513E-05,0.022873913,N,
4446,Cetalox,3738-00-9,HEK293H,2,384,7.78E-06,1.35E-06,3.22E-05,0.041883862,N,
4447,Tonalide,21145-77-7,HEK293H,2,384,8.25E-06,7.26E-07,3.18E-05,0.022873913,N,
4448,"2,4-Dinitrophenol",51-28-5,HEK293H,2,384,1.46E-08,4.00E-05,4.00E-05,0.999910972,A,4.1
4449,Aldrin,309-00-2,HEK293H,2,384,6.96E-06,6.19E-07,3.30E-05,0.018745173,N,
4450,Azinphos-methyl,86-50-0,HEK293H,2,384,6.52E-07,3.44E-05,3.93E-05,0.874693198,N,
4451,Chlorpyrifos,2921-88-2,HEK293H,2,384,4.36E-06,1.26E-05,3.56E-05,0.353354931,N,
4452,"DDD-p,p'",50-29-3,HEK293H,2,384,7.18E-06,4.02E-08,3.28E-05,0.001225605,N,
4453,"DDT-o,p'",789-02-6,HEK293H,2,384,6.60E-06,1.14E-07,3.34E-05,0.003418191,N,
4454,"DDT-p,p'",72-54-8,HEK293H,2,384,6.99E-06,1.15E-07,3.30E-05,0.003470824,N,
4455,Diazinon,333-41-5,HEK293H,2,384,1.23E-06,2.94E-05,3.88E-05,0.757909574,N,
4456,Dicofol,115-32-2,HEK293H,2,384,7.02E-06,2.86E-06,3.30E-05,0.086789173,N,
4457,Dieldrin,60-57-1,HEK293H,2,384,6.18E-06,2.81E-06,3.38E-05,0.0830581,N,
4458,Disulfoton,298-04-4,HEK293H,2,384,1.94E-06,2.59E-05,3.81E-05,0.680904958,N,
4459,Endosulfan I,115-29-7,HEK293H,2,384,3.19E-06,1.98E-05,3.68E-05,0.537247487,N,
4460,Endrin,72-20-8,HEK293H,2,384,2.48E-06,1.84E-05,3.75E-05,0.48983608,N,
4461,Ethion,563-12-2,HEK293H,2,384,2.65E-06,1.64E-05,3.74E-05,0.438672621,N,
4462,Heptachlor,76-44-8,HEK293H,2,384,7.41E-06,1.08E-06,3.26E-05,0.033122055,N,
4463,Heptachlor epoxide B,1024-57-3,HEK293H,2,384,6.46E-06,1.89E-06,3.35E-05,0.056219672,N,
4464,Lindane,58-89-9,HEK293H,2,384,1.78E-06,2.71E-05,3.82E-05,0.710174209,N,
4465,"Methoxychlor-o,p'",72-43-5,HEK293H,2,384,5.47E-06,1.56E-06,3.45E-05,0.045133402,N,
4466,Parathion,56-38-2,HEK293H,2,384,1.54E-06,2.87E-05,3.85E-05,0.745240963,N,
4467,Trifluralin,1582-09-8,HEK293H,2,384,3.45E-06,7.07E-06,3.66E-05,0.193495379,N,
4468,Cisapride,81098-60-4,HEK293H,2,384,9.11E-07,3.25E-05,3.91E-05,0.831389931,B,7.8
4469,Citalopram hydrobromide,59729-33-8,HEK293H,2,384,1.29E-07,3.83E-05,3.99E-05,0.960105784,N,
4470,Dofetilide,115256-11-6,HEK293H,2,384,4.88E-08,3.96E-05,4.00E-05,0.990589188,B,8.4
4471,Moxifloxacin hydrochloride,186826-86-8,HEK293H,2,384,1.69E-08,4.00E-05,4.00E-05,0.999184765,A,6
4472,N-acetylpro-cainamide,32795-44-1,HEK293H,2,384,1.58E-08,4.00E-05,4.00E-05,0.999534833,B,9.2
4473,Quinidine sulfate,50-54-4,HEK293H,2,384,5.90E-08,3.95E-05,3.99E-05,0.988100699,B,9.3
4474,Sematilide,101526-83-4,HEK293H,2,384,1.58E-08,4.00E-05,4.00E-05,0.999520996,B,9.1
4475,Sotalol hydrochloride,959-24-0,HEK293H,2,384,1.48E-08,4.00E-05,4.00E-05,0.999865169,B,9
4476,Mifepristone,84371-65-3,HEK293H,2,384,6.68E-06,3.75E-06,3.33E-05,0.112485212,N,
4477,Perfluorobutanesulfonic_acid,375-73-5,HEK293H,2,384,1.44E-08,4.00E-05,4.00E-05,0.999999999,A,-2.9
4478,4_2_Fluorotelomer_sulfonic_acid,757124-72-4,HEK293H,2,384,,,,,A,1.4
4479,Perfluorononanoic_acid,375-95-1,HEK293H,2,384,2.79E-06,2.03E-06,3.72E-05,0.054561056,A,0.1
4480,Perfluorohexanoic_acid,307-24-4,HEK293H,2,384,7.43E-07,2.95E-05,3.93E-05,0.750395014,A,0.1
4481,Perfluorobutanoic_acid,375-22-4,HEK293H,2,384,,,,,A,0.1
4482,Perfluorooctanoic_acid,335-67-1,HEK293H,2,384,2.41E-06,4.30E-06,3.76E-05,0.114451504,A,0.1
4483,6_2_Fluorotelomer_sulfonic_acid,27619-97-2,HEK293H,2,384,1.49E-06,1.66E-05,3.85E-05,0.430530653,A,1.4
4484,8_2_Fluorotelomer_sulfonic_acid,39108-34-4,HEK293H,2,384,2.39E-06,2.37E-06,3.76E-05,0.063126903,A,1.4
4485,Perfluoroundecanoic_acid,2058-94-8,HEK293H,2,384,2.69E-06,5.09E-07,3.73E-05,0.013632841,A,0.1
4486,Perfluorooctanesulfonic_acid,1763-23-1,HEK293H,2,384,3.41E-06,1.16E-06,3.66E-05,0.031658894,A,-2.9
4487,Perfluoroheptanoic_acid,375-85-9,HEK293H,2,384,2.13E-06,7.40E-06,3.79E-05,0.195370366,A,0.1
4488,Perfluoropentanoic_acid,2706-90-3,HEK293H,2,384,,,,,A,0.1
4489,Perfluorohexanesulfonic_acid,355-46-4,HEK293H,2,384,2.67E-06,1.77E-06,3.73E-05,0.047444499,A,-2.9
4490,Perfluorodecanoic_acid,335-76-2,HEK293H,2,384,3.21E-06,1.07E-06,3.68E-05,0.028969216,A,0.1
4491,cyclosporine A,59865-13-3,HEK293H,2,384,1.14E-06,2.23E-05,3.89E-05,0.573140695,N,
4492,chlorpromazine,50-53-3,HEK293H,2,384,1.89E-06,2.59E-05,3.81E-05,0.680871579,B,9.4
4493,PBDE 47,5436-43-1,HEK293H,2,384,8.01E-06,9.61E-08,3.20E-05,0.003004713,N,
4494,PBDE 99,60348-60-9,HEK293H,2,384,8.47E-06,4.28E-08,3.15E-05,1.36E-03,N,
4495,PBDE 153,68631-49-2,HEK293H,2,384,8.88E-06,1.68E-08,3.11E-05,5.39E-04,N,
4496,amiodarone,1951-25-3,HEK293H,2,384,8.59E-06,4.20E-07,3.14E-05,1.34E-02,B,9
4497,Azathioprine,446-86-6,HEK293H,2,384,1.55E-08,4.00E-05,4.00E-05,0.999629327,A,8.2
4498,Benzocaine,94-09-7,HEK293H,2,384,1.61E-07,3.84E-05,3.98E-05,0.964611039,N,
4499,Butylated hydroxyanisole,25013-16-5,HEK293H,2,384,1.92978E-06,2.57021E-05,3.80702E-05,0.6751223,N,
4500,Cetirizine dihydrochloride,83881-52-1,HEK293H,2,384,1.45E-08,4.00E-05,4.00E-05,0.99995036,A,4.7
4501,Cyclamate,139-05-9,HEK293H,2,384,1.44E-08,4.00E-05,4.00E-05,1,B,17.6
4502,Cyclophosphamide,6055-19-2,HEK293H,2,384,2.80E-08,3.98E-05,4.00E-05,0.99597563,B,6.1
4503,Cypermethrin,67375-30-8,HEK293H,2,384,9.26E-06,9.99E-08,3.07E-05,0.003250177,N,
4504,DEET,134-62-3,HEK293H,2,384,1.20E-07,3.89E-05,3.99E-05,0.975935279,N,
4505,Dexamethasone,50-02-2,HEK293H,2,384,1.62E-07,3.80E-05,3.98E-05,0.953442665,N,
4506,Digoxin,20830-75-5,HEK293H,2,384,2.00E-08,3.99E-05,4.00E-05,0.998138575,N,
4507,Fenazaquin,120928-09-8,HEK293H,2,384,7.96E-06,1.08E-06,3.20E-05,0.033636478,N,
4508,Fenbuconazole,114369-43-6,HEK293H,2,384,1.45E-06,2.88E-05,3.85E-05,0.746342805,N,
4509,Fluazinam,79622-59-6,HEK293H,2,384,4.03E-06,9.75E-06,3.60E-05,0.271137719,N,
4510,Furosemide,54-31-9,HEK293H,2,384,1.45E-08,4.00E-05,4.00E-05,0.999973571,A,3
4511,Glybenclamide,10238-21-8,HEK293H,2,384,3.82E-07,3.65E-05,3.96E-05,0.922485861,A,5
4512,HC Red 3,2871-01-4,HEK293H,2,384,1.96E-08,3.99E-05,4.00E-05,0.998372534,N,
4513,Hydralazine hydrochloride,304-20-1,HEK293H,2,384,2.89E-08,3.98E-05,4.00E-05,0.995738579,B,6
4514,Ketoconazole,65277-42-1,HEK293H,2,384,2.12E-06,2.45E-05,3.79E-05,0.647853083,B,6.6
4515,Metformin,1115-70-4,HEK293H,2,384,1.44E-08,4.00E-05,4.00E-05,0.999991646,B,9.6
4516,Metoclopramide,364-62-5,HEK293H,2,384,3.95E-08,3.97E-05,4.00E-05,0.992949243,B,9
4517,Nitrofurantoin,67-20-9,HEK293H,2,384,1.54E-08,4.00E-05,4.00E-05,0.999664266,A,7.3
4518,Oxytetracycline hydrochloride,2058-46-0,HEK293H,2,384,1.44E-08,4.00E-05,4.00E-05,0.999999095,A,4.5
4519,Panthenol,16485-10-2 ,HEK293H,2,384,1.53E-08,4.00E-05,4.00E-05,0.99970141,N,
4520,Paracetamol,103-90-2,HEK293H,2,384,3.15E-08,3.98E-05,4.00E-05,0.994641318,N,
4521,Topiramate,97240-79-4,HEK293H,2,384,1.44E-08,4.00E-05,4.00E-05,0.999993183,A,9.2
4522,Trimellitic anhydride,552-30-7,HEK293H,2,384,1.44E-08,4.00E-05,4.00E-05,0.999983025,A,3.3
4523,Verapamil hydrochloride,152-11-4,HEK293H,2,384,5.69E-07,3.51E-05,3.94E-05,0.88890492,B,9.2
4524,Warfarin,129-06-6,HEK293H,2,384,1.60E-06,1.60E-05,3.84E-05,0.416479603,N,
4525,Caffeine,58-08-2,Rat cerebellar granule cell,20,384,1.73E-08,3.97E-05,4.00E-05,0.993967836,N,
4526,Lamotrigine,84057-84-1,Rat cerebellar granule cell,20,384,2.35E-06,1.77E-05,3.76E-05,0.469403911,B,6.6
4527,Diclofenac,15307-79-6,Rat cerebellar granule cell,20,384,1.35E-07,3.26E-07,3.99E-05,0.008172265,B,17.6
4528,"2,4-Dichlorophenoxyacetic",94-75-7,Rat cerebellar granule cell,20,384,5.34E-10,4.00E-05,4.00E-05,0.999416579,A,2.7
4529,(S)-Naproxen,22204-53-1,Rat cerebellar granule cell,20,384,2.88E-08,3.93E-05,4.00E-05,0.982525126,A,4.4
4530,Ibuprofen,15687-27-1,Rat cerebellar granule cell,20,384,8.09E-07,3.16E-05,3.92E-05,0.805781782,A,5.4
4531,Torasemide,56211-40-6,Rat cerebellar granule cell,20,384,1.80E-08,3.95E-05,4.00E-05,0.987605921,A,4
4532,Warfarin,81-81-2,Rat cerebellar granule cell,20,384,1.23E-08,3.96E-05,4.00E-05,0.990629362,A,4.5
4533,di-n-butylphthalate,84-74-2,Rat cerebellar granule cell,20,384,7.60E-06,1.68E-06,3.24E-05,0.051793038,N,
4534,hexachlorophene,70-30-4,Rat cerebellar granule cell,20,384,1.62E-05,1.50E-08,2.38E-05,6.31E-04,A,6.2
4535,hexamethylenetetramine,100-97-0,Rat cerebellar granule cell,20,384,1.25E-09,3.99E-05,4.00E-05,0.998491096,B,6.4
4536,Malathion,121-75-5,Rat cerebellar granule cell,20,384,1.85E-06,1.76E-05,3.81E-05,0.46008068,N,
4537,pentachlorophenol,87-86-5,Rat cerebellar granule cell,20,384,3.90E-06,1.53E-05,3.61E-05,0.423668282,A,5
4538,"2,2,2-trichloroethanol",115-20-8,Rat cerebellar granule cell,20,384,3.88E-07,3.42E-05,3.96E-05,0.862228195,N,
4539,diethylphthalate,84-66-2,Rat cerebellar granule cell,20,384,2.34E-06,2.23E-05,3.77E-05,0.591993671,N,
4540,4-chlorophenol,106-48-9,Rat cerebellar granule cell,20,384,2.05E-06,1.80E-05,3.79E-05,0.475343014,N,
4541,permethrin,52645-53-1,Rat cerebellar granule cell,20,384,1.50E-05,3.69E-09,2.50E-05,0.000147354,N,
4542,Aniline,62-53-3,Rat cerebellar granule cell,20,384,3.15E-07,3.62E-05,3.97E-05,0.911395617,N,
4543,4-fluoroaniline,371-40-4,Rat cerebellar granule cell,20,384,3.00E-07,3.60E-05,3.97E-05,0.906745756,N,
4544,"2,4,6-trichlorophenol",88-06-2,Rat cerebellar granule cell,20,384,5.21E-06,1.08E-05,3.48E-05,0.310361628,A,6.8
4545,Allyl alcohol,107-18-6,Rat cerebellar granule cell,20,384,2.18E-08,3.96E-05,4.00E-05,0.990030583,N,
4546,N-methylaniline,100-61-8,Rat cerebellar granule cell,20,384,8.84E-07,3.18E-05,3.91E-05,0.812795753,N,
4547,"3,4-dichloroaniline",95-76-1,Rat cerebellar granule cell,20,384,3.62E-06,1.13E-05,3.64E-05,0.309790853,N,
4548,4-decylaniline,37529-30-9,Rat cerebellar granule cell,20,384,1.13E-05,3.01E-08,2.87E-05,0.001046946,N,
4549,naphthalene,91-20-3,Rat cerebellar granule cell,20,384,5.76E-06,7.73E-06,3.42E-05,0.225844213,N,
4550,"1,2,4-trichlorobenzene",120-82-1,Rat cerebellar granule cell,20,384,8.74E-06,1.51E-06,3.13E-05,0.048331489,N,
4551,"1,2-dichlorobenzene",95-50-1,Rat cerebellar granule cell,20,384,6.47E-06,5.49E-06,3.35E-05,0.163663205,N,
4552,dichloromethane,75-09-2,Rat cerebellar granule cell,20,384,5.27E-07,3.45E-05,3.95E-05,0.873663154,N,
4553,tetrachloroethylene,127-18-4,Rat cerebellar granule cell,20,384,5.98E-06,8.15E-06,3.40E-05,0.239407977,N,
4554,"2,3-dimethyl-1,3-butadiene",513-81-5,Rat cerebellar granule cell,20,384,2.87E-06,2.02E-05,3.71E-05,0.544545459,N,
4555,Eugenol F,97-53-0,Rat cerebellar granule cell,20,384,1.88E-06,2.40E-05,3.81E-05,0.629225484,N,
4556,Methyl-antranilate,134-20-3,Rat cerebellar granule cell,20,384,8.33E-07,3.35E-05,3.92E-05,0.855838679,N,
4557,Lilyfore,285977-85-7,Rat cerebellar granule cell,20,384,6.42E-06,7.50E-06,3.36E-05,0.223345495,N,
4558,Damascone beta,23726-91-2,Rat cerebellar granule cell,20,384,1.10E-05,1.12E-06,2.90E-05,0.038545277,N,
4559,Veloutone,14595-54-1,Rat cerebellar granule cell,20,384,1.41E-05,1.44E-07,2.59E-05,0.005539476,N,
4560,Verdox,82356-51-2,Rat cerebellar granule cell,20,384,1.64454E-05,1.10618E-08,2.35546E-05,0.000469625,N,
4561,Nirvanol,1506-02-1,Rat cerebellar granule cell,20,384,1.50674E-05,5.79583E-08,2.49326E-05,0.002324602,N,
4562,Cetalox,3738-00-9,Rat cerebellar granule cell,20,384,1.44E-05,1.11E-07,2.56E-05,0.00433224,N,
4563,Tonalide,21145-77-7,Rat cerebellar granule cell,20,384,1.51E-05,5.80E-08,2.49E-05,0.002324602,N,
4564,"2,4-Dinitrophenol",51-28-5,Rat cerebellar granule cell,20,384,7.47E-10,4.00E-05,4.00E-05,0.99910627,A,4.1
4565,Aldrin,309-00-2,Rat cerebellar granule cell,20,384,1.24E-05,5.24E-08,2.76E-05,0.001897808,N,
4566,Azinphos-methyl,86-50-0,Rat cerebellar granule cell,20,384,4.05E-06,1.47E-05,3.60E-05,0.409954765,N,
4567,Chlorpyrifos,2921-88-2,Rat cerebellar granule cell,20,384,1.04E-05,1.53E-06,2.96E-05,0.051583839,N,
4568,"DDD-p,p'",50-29-3,Rat cerebellar granule cell,20,384,1.27E-05,3.34E-09,2.73E-05,1.22E-04,N,
4569,"DDT-o,p'",789-02-6,Rat cerebellar granule cell,20,384,1.14E-05,9.75E-09,2.86E-05,3.41E-04,N,
4570,"DDT-p,p'",72-54-8,Rat cerebellar granule cell,20,384,1.23E-05,9.61E-09,2.77E-05,0.000346547,N,
4571,Diazinon,333-41-5,Rat cerebellar granule cell,20,384,5.12E-06,8.29E-06,3.49E-05,0.237577377,N,
4572,Dicofol,115-32-2,Rat cerebellar granule cell,20,384,1.34E-05,2.50E-07,2.66E-05,0.009370768,N,
4573,Dieldrin,60-57-1,Rat cerebellar granule cell,20,384,1.14E-05,2.56E-07,2.86E-05,0.008935353,N,
4574,Disulfoton,298-04-4,Rat cerebellar granule cell,20,384,7.49E-06,5.70E-06,3.25E-05,0.175183537,N,
4575,Endosulfan I,115-29-7,Rat cerebellar granule cell,20,384,9.85E-06,3.12E-06,3.01E-05,0.103586578,N,
4576,Endrin,72-20-8,Rat cerebellar granule cell,20,384,5.88E-06,2.98E-06,3.41E-05,0.087231109,N,
4577,Ethion,563-12-2,Rat cerebellar granule cell,20,384,5.71E-06,2.47E-06,3.43E-05,0.072170854,N,
4578,Heptachlor,76-44-8,Rat cerebellar granule cell,20,384,1.35E-05,9.00E-08,2.65E-05,0.003398105,N,
4579,Heptachlor epoxide B,1024-57-3,Rat cerebellar granule cell,20,384,1.17E-05,1.67E-07,2.83E-05,0.005894128,N,
4580,Lindane,58-89-9,Rat cerebellar granule cell,20,384,7.42E-06,6.39E-06,3.26E-05,0.196071627,N,
4581,"Methoxychlor-o,p'",72-43-5,Rat cerebellar granule cell,20,384,9.22E-06,1.44E-07,3.08E-05,0.004682594,N,
4582,Parathion,56-38-2,Rat cerebellar granule cell,20,384,6.97E-06,7.45E-06,3.30E-05,0.225504635,N,
4583,Trifluralin,1582-09-8,Rat cerebellar granule cell,20,384,5.17E-06,8.12E-07,3.48E-05,0.02332299,N,
4584,Cisapride,81098-60-4,Rat cerebellar granule cell,20,384,4.97E-06,1.15E-05,3.50E-05,0.329212211,B,7.8
4585,Citalopram hydrobromide,59729-33-8,Rat cerebellar granule cell,20,384,1.97E-07,2.81E-05,3.98E-05,0.705484197,N,
4586,Dofetilide,115256-11-6,Rat cerebellar granule cell,20,384,2.64E-07,3.63E-05,3.97E-05,0.912869047,B,8.4
4587,Moxifloxacin hydrochloride,186826-86-8,Rat cerebellar granule cell,20,384,1.02E-08,3.97E-05,4.00E-05,0.991869415,A,6
4588,N-acetylpro-cainamide,32795-44-1,Rat cerebellar granule cell,20,384,4.87E-09,3.98E-05,4.00E-05,0.995346118,B,9.2
4589,Quinidine sulfate,50-54-4,Rat cerebellar granule cell,20,384,3.56E-07,3.54E-05,3.96E-05,0.892068347,B,9.3
4590,Sematilide,101526-83-4,Rat cerebellar granule cell,20,384,5.06E-09,3.98E-05,4.00E-05,0.995208279,B,9.1
4591,Sotalol hydrochloride,959-24-0,Rat cerebellar granule cell,20,384,1.11E-09,3.99E-05,4.00E-05,0.99864702,B,9
4592,Mifepristone,84371-65-3,Rat cerebellar granule cell,20,384,1.29E-05,3.37E-07,2.71E-05,0.012457904,N,
4593,Perfluorobutanesulfonic_acid,375-73-5,Rat cerebellar granule cell,20,384,2.60E-10,4.00E-05,4.00E-05,0.999999993,A,-2.9
4594,4_2_Fluorotelomer_sulfonic_acid,757124-72-4,Rat cerebellar granule cell,20,384,,,,,A,1.4
4595,Perfluorononanoic_acid,375-95-1,Rat cerebellar granule cell,20,384,1.43E-06,2.20E-07,3.86E-05,0.005711252,A,0.1
4596,Perfluorohexanoic_acid,307-24-4,Rat cerebellar granule cell,20,384,7.16E-07,9.05E-06,3.93E-05,0.23031378,A,0.1
4597,Perfluorobutanoic_acid,375-22-4,Rat cerebellar granule cell,20,384,,,,,A,0.1
4598,Perfluorooctanoic_acid,335-67-1,Rat cerebellar granule cell,20,384,6.53E-07,5.00E-07,3.93E-05,0.012700696,A,0.1
4599,6_2_Fluorotelomer_sulfonic_acid,27619-97-2,Rat cerebellar granule cell,20,384,8.07E-08,2.79E-06,3.99E-05,0.069983238,A,1.4
4600,8_2_Fluorotelomer_sulfonic_acid,39108-34-4,Rat cerebellar granule cell,20,384,8.62E-08,2.66E-07,3.99E-05,0.006661934,A,1.4
4601,Perfluoroundecanoic_acid,2058-94-8,Rat cerebellar granule cell,20,384,7.28E-07,5.40E-08,3.93E-05,0.00137379,A,0.1
4602,Perfluorooctanesulfonic_acid,1763-23-1,Rat cerebellar granule cell,20,384,3.26E-06,1.19E-07,3.67E-05,0.00324359,A,-2.9
4603,Perfluoroheptanoic_acid,375-85-9,Rat cerebellar granule cell,20,384,3.46E-07,9.36E-07,3.97E-05,0.023597239,A,0.1
4604,Perfluoropentanoic_acid,2706-90-3,Rat cerebellar granule cell,20,384,,,,,A,0.1
4605,Perfluorohexanesulfonic_acid,355-46-4,Rat cerebellar granule cell,20,384,9.77E-07,1.93E-07,3.90E-05,0.004933071,A,-2.9
4606,Perfluorodecanoic_acid,335-76-2,Rat cerebellar granule cell,20,384,2.60E-06,1.11E-07,3.74E-05,0.00296064,A,0.1
4607,cyclosporine A,59865-13-3,Rat cerebellar granule cell,20,384,1.17E-07,4.70E-06,3.99E-05,0.117888037,N,
4608,chlorpromazine,50-53-3,Rat cerebellar granule cell,20,384,7.22E-06,5.74E-06,3.28E-05,0.175161341,B,9.4
4609,PBDE 47,5436-43-1,Rat cerebellar granule cell,20,384,1.44E-05,7.69E-09,2.56E-05,3.00E-04,N,
4610,PBDE 99,60348-60-9,Rat cerebellar granule cell,20,384,1.52E-05,3.35E-09,2.48E-05,1.35E-04,N,
4611,PBDE 153,68631-49-2,Rat cerebellar granule cell,20,384,1.60E-05,1.29E-09,2.40E-05,5.37E-05,N,
4612,amiodarone,1951-25-3,Rat cerebellar granule cell,20,384,1.56E-05,3.28E-08,2.44E-05,1.35E-03,B,9
4613,Azathioprine,446-86-6,Rat cerebellar granule cell,20,384,3.64E-09,3.98E-05,4.00E-05,0.996288346,A,8.2
4614,Benzocaine,94-09-7,Rat cerebellar granule cell,20,384,1.19E-06,2.84E-05,3.88E-05,0.730677885,N,
4615,Butylated hydroxyanisole,25013-16-5,Rat cerebellar granule cell,20,384,7.29033E-06,5.60608E-06,3.27097E-05,0.171388945,N,
4616,Cetirizine dihydrochloride,83881-52-1,Rat cerebellar granule cell,20,384,4.82E-10,4.00E-05,4.00E-05,0.999501501,A,4.7
4617,Cyclamate,139-05-9,Rat cerebellar granule cell,20,384,2.60E-10,4.00E-05,4.00E-05,1,B,17.6
4618,Cyclophosphamide,6055-19-2,Rat cerebellar granule cell,20,384,8.69E-08,3.84E-05,3.99E-05,0.960988049,B,6.1
4619,Cypermethrin,67375-30-8,Rat cerebellar granule cell,20,384,1.67E-05,7.56E-09,2.33E-05,3.24E-04,N,
4620,DEET,134-62-3,Rat cerebellar granule cell,20,384,1.02E-06,3.12E-05,3.90E-05,0.801451163,N,
4621,Dexamethasone,50-02-2,Rat cerebellar granule cell,20,384,5.14E-07,2.65E-05,3.95E-05,0.670872591,N,
4622,Digoxin,20830-75-5,Rat cerebellar granule cell,20,384,2.03E-08,3.92E-05,4.00E-05,0.981608233,N,
4623,Fenazaquin,120928-09-8,Rat cerebellar granule cell,20,384,1.46E-05,8.76E-08,2.54E-05,0.00345253,N,
4624,Fenbuconazole,114369-43-6,Rat cerebellar granule cell,20,384,6.37E-06,7.62E-06,3.36E-05,0.226521303,N,
4625,Fluazinam,79622-59-6,Rat cerebellar granule cell,20,384,8.12E-06,1.14E-06,3.19E-05,0.035704593,N,
4626,Furosemide,54-31-9,Rat cerebellar granule cell,20,384,3.57E-10,4.00E-05,4.00E-05,0.999734534,A,3
4627,Glybenclamide,10238-21-8,Rat cerebellar granule cell,20,384,2.76E-06,2.02E-05,3.72E-05,0.542236918,A,5
4628,HC Red 3,2871-01-4,Rat cerebellar granule cell,20,384,2.58E-08,3.93E-05,4.00E-05,0.983886323,N,
4629,Hydralazine hydrochloride,304-20-1,Rat cerebellar granule cell,20,384,9.38E-08,3.83E-05,3.99E-05,0.958775398,B,6
4630,Ketoconazole,65277-42-1,Rat cerebellar granule cell,20,384,7.60E-06,5.01E-06,3.24E-05,0.1547731,B,6.6
4631,Metformin,1115-70-4,Rat cerebellar granule cell,20,384,2.82E-10,4.00E-05,4.00E-05,0.999916077,B,9.6
4632,Metoclopramide,364-62-5,Rat cerebellar granule cell,20,384,1.82E-07,3.72E-05,3.98E-05,0.933409624,B,9
4633,Nitrofurantoin,67-20-9,Rat cerebellar granule cell,20,384,3.21E-09,3.99E-05,4.00E-05,0.996637139,A,7.3
4634,Oxytetracycline hydrochloride,2058-46-0,Rat cerebellar granule cell,20,384,2.62E-10,4.00E-05,4.00E-05,0.999990909,A,4.5
4635,Panthenol,16485-10-2 ,Rat cerebellar granule cell,20,384,2.77E-09,3.99E-05,4.00E-05,0.997008193,N,
4636,Paracetamol,103-90-2,Rat cerebellar granule cell,20,384,8.33E-08,3.79E-05,3.99E-05,0.9486514,N,
4637,Topiramate,97240-79-4,Rat cerebellar granule cell,20,384,2.77E-10,4.00E-05,4.00E-05,0.999931513,A,9.2
4638,Trimellitic anhydride,552-30-7,Rat cerebellar granule cell,20,384,3.14E-10,4.00E-05,4.00E-05,0.999829482,A,3.3
4639,Verapamil hydrochloride,152-11-4,Rat cerebellar granule cell,20,384,3.70E-06,1.61E-05,3.63E-05,0.443330403,B,9.2
4640,Warfarin,129-06-6,Rat cerebellar granule cell,20,384,4.60E-07,2.62E-06,3.95E-05,0.066328664,N,
4641,Caffeine,58-08-2,Balbc_3T3,20,384,1.43E-08,3.97E-05,4.00E-05,0.993967836,N,
4642,Lamotrigine,84057-84-1,Balbc_3T3,20,384,6.46E-07,1.85E-05,3.94E-05,0.469403911,B,6.6
4643,Diclofenac,15307-79-6,Balbc_3T3,20,384,6.61E-07,3.21E-07,3.93E-05,0.008172265,B,17.6
4644,"2,4-Dichlorophenoxyacetic",94-75-7,Balbc_3T3,20,384,8.76E-09,4.00E-05,4.00E-05,0.999416579,A,2.7
4645,(S)-Naproxen,22204-53-1,Balbc_3T3,20,384,2.32E-08,3.93E-05,4.00E-05,0.982525126,A,4.4
4646,Ibuprofen,15687-27-1,Balbc_3T3,20,384,2.34E-07,3.20E-05,3.98E-05,0.805781782,A,5.4
4647,Torasemide,56211-40-6,Balbc_3T3,20,384,1.86E-08,3.95E-05,4.00E-05,0.987605921,A,4
4648,Warfarin,81-81-2,Balbc_3T3,20,384,1.59E-08,3.96E-05,4.00E-05,0.990629362,A,4.5
4649,di-n-butylphthalate,84-74-2,Balbc_3T3,20,384,1.69E-06,1.98E-06,3.83E-05,0.051793038,N,
4650,hexachlorophene,70-30-4,Balbc_3T3,20,384,3.60E-06,2.30E-08,3.64E-05,6.31E-04,A,6.2
4651,hexamethylenetetramine,100-97-0,Balbc_3T3,20,384,9.45E-09,3.99E-05,4.00E-05,0.998491096,B,6.4
4652,Malathion,121-75-5,Balbc_3T3,20,384,5.87E-07,1.81E-05,3.94E-05,0.46008068,N,
4653,pentachlorophenol,87-86-5,Balbc_3T3,20,384,8.87E-07,1.66E-05,3.91E-05,0.423668282,A,5
4654,"2,2,2-trichloroethanol",115-20-8,Balbc_3T3,20,384,1.45E-07,3.44E-05,3.99E-05,0.862228195,N,
4655,diethylphthalate,84-66-2,Balbc_3T3,20,384,5.66E-07,2.33E-05,3.94E-05,0.591993671,N,
4656,4-chlorophenol,106-48-9,Balbc_3T3,20,384,6.03E-07,1.87E-05,3.94E-05,0.475343014,N,
4657,permethrin,52645-53-1,Balbc_3T3,20,384,3.26E-06,5.41E-09,3.67E-05,0.000147354,N,
4658,Aniline,62-53-3,Balbc_3T3,20,384,1.04E-07,3.64E-05,3.99E-05,0.911395617,N,
4659,4-fluoroaniline,371-40-4,Balbc_3T3,20,384,1.05E-07,3.62E-05,3.99E-05,0.906745756,N,
4660,"2,4,6-trichlorophenol",88-06-2,Balbc_3T3,20,384,1.15E-06,1.21E-05,3.89E-05,0.310361628,A,6.8
4661,Allyl alcohol,107-18-6,Balbc_3T3,20,384,1.75E-08,3.96E-05,4.00E-05,0.990030583,N,
4662,N-methylaniline,100-61-8,Balbc_3T3,20,384,2.38E-07,3.23E-05,3.98E-05,0.812795753,N,
4663,"3,4-dichloroaniline",95-76-1,Balbc_3T3,20,384,9.19E-07,1.21E-05,3.91E-05,0.309790853,N,
4664,4-decylaniline,37529-30-9,Balbc_3T3,20,384,2.40E-06,3.94E-08,3.76E-05,0.001046946,N,
4665,naphthalene,91-20-3,Balbc_3T3,20,384,1.28E-06,8.74E-06,3.87E-05,0.225844213,N,
4666,"1,2,4-trichlorobenzene",120-82-1,Balbc_3T3,20,384,1.89E-06,1.84E-06,3.81E-05,0.048331489,N,
4667,"1,2-dichlorobenzene",95-50-1,Balbc_3T3,20,384,1.43E-06,6.31E-06,3.86E-05,0.163663205,N,
4668,dichloromethane,75-09-2,Balbc_3T3,20,384,1.55E-07,3.48E-05,3.98E-05,0.873663154,N,
4669,tetrachloroethylene,127-18-4,Balbc_3T3,20,384,1.31E-06,9.26E-06,3.87E-05,0.239407977,N,
4670,"2,3-dimethyl-1,3-butadiene",513-81-5,Balbc_3T3,20,384,6.69E-07,2.14E-05,3.93E-05,0.544545459,N,
4671,Eugenol F,97-53-0,Balbc_3T3,20,384,4.83E-07,2.49E-05,3.95E-05,0.629225484,N,
4672,Methyl-antranilate,134-20-3,Balbc_3T3,20,384,2.04E-07,3.41E-05,3.98E-05,0.855838679,N,
4673,Lilyfore,285977-85-7,Balbc_3T3,20,384,1.39E-06,8.62E-06,3.86E-05,0.223345495,N,
4674,Damascone beta,23726-91-2,Balbc_3T3,20,384,2.32E-06,1.45E-06,3.77E-05,0.038545277,N,
4675,Veloutone,14595-54-1,Balbc_3T3,20,384,3.03E-06,2.05E-07,3.70E-05,0.005539476,N,
4676,Verdox,82356-51-2,Balbc_3T3,20,384,3.66555E-06,1.70636E-08,3.63345E-05,0.000469625,N,
4677,Nirvanol,1506-02-1,Balbc_3T3,20,384,3.28638E-06,8.53446E-08,3.67136E-05,0.002324602,N,
4678,Cetalox,3738-00-9,Balbc_3T3,20,384,3.11E-06,1.60E-07,3.69E-05,0.00433224,N,
4679,Tonalide,21145-77-7,Balbc_3T3,20,384,3.29E-06,8.53E-08,3.67E-05,0.002324602,N,
4680,"2,4-Dinitrophenol",51-28-5,Balbc_3T3,20,384,8.99E-09,4.00E-05,4.00E-05,0.99910627,A,4.1
4681,Aldrin,309-00-2,Balbc_3T3,20,384,2.64E-06,7.09E-08,3.74E-05,0.001897808,N,
4682,Azinphos-methyl,86-50-0,Balbc_3T3,20,384,9.16E-07,1.60E-05,3.91E-05,0.409954765,N,
4683,Chlorpyrifos,2921-88-2,Balbc_3T3,20,384,2.20E-06,1.95E-06,3.78E-05,0.051583839,N,
4684,"DDD-p,p'",50-29-3,Balbc_3T3,20,384,2.70E-06,4.55E-09,3.73E-05,1.22E-04,N,
4685,"DDT-o,p'",789-02-6,Balbc_3T3,20,384,2.44E-06,1.28E-08,3.76E-05,3.41E-04,N,
4686,"DDT-p,p'",72-54-8,Balbc_3T3,20,384,2.62E-06,1.30E-08,3.74E-05,0.000346547,N,
4687,Diazinon,333-41-5,Balbc_3T3,20,384,1.18E-06,9.22E-06,3.88E-05,0.237577377,N,
4688,Dicofol,115-32-2,Balbc_3T3,20,384,2.86E-06,3.48E-07,3.71E-05,0.009370768,N,
4689,Dieldrin,60-57-1,Balbc_3T3,20,384,2.43E-06,3.36E-07,3.76E-05,0.008935353,N,
4690,Disulfoton,298-04-4,Balbc_3T3,20,384,1.59E-06,6.73E-06,3.84E-05,0.175183537,N,
4691,Endosulfan I,115-29-7,Balbc_3T3,20,384,2.06E-06,3.93E-06,3.79E-05,0.103586578,N,
4692,Endrin,72-20-8,Balbc_3T3,20,384,1.39E-06,3.37E-06,3.86E-05,0.087231109,N,
4693,Ethion,563-12-2,Balbc_3T3,20,384,1.37E-06,2.79E-06,3.86E-05,0.072170854,N,
4694,Heptachlor,76-44-8,Balbc_3T3,20,384,2.90E-06,1.26E-07,3.71E-05,0.003398105,N,
4695,Heptachlor epoxide B,1024-57-3,Balbc_3T3,20,384,2.49E-06,2.21E-07,3.75E-05,0.005894128,N,
4696,Lindane,58-89-9,Balbc_3T3,20,384,1.57E-06,7.53E-06,3.84E-05,0.196071627,N,
4697,"Methoxychlor-o,p'",72-43-5,Balbc_3T3,20,384,2.00E-06,1.78E-07,3.80E-05,0.004682594,N,
4698,Parathion,56-38-2,Balbc_3T3,20,384,1.48E-06,8.69E-06,3.85E-05,0.225504635,N,
4699,Trifluralin,1582-09-8,Balbc_3T3,20,384,1.32E-06,9.02E-07,3.87E-05,0.02332299,N,
4700,Cisapride,81098-60-4,Balbc_3T3,20,384,1.10E-06,1.28E-05,3.89E-05,0.329212211,B,7.8
4701,Citalopram hydrobromide,59729-33-8,Balbc_3T3,20,384,2.23E-07,2.81E-05,3.98E-05,0.705484197,N,
4702,Dofetilide,115256-11-6,Balbc_3T3,20,384,9.72E-08,3.64E-05,3.99E-05,0.912869047,B,8.4
4703,Moxifloxacin hydrochloride,186826-86-8,Balbc_3T3,20,384,1.49E-08,3.97E-05,4.00E-05,0.991869415,A,6
4704,N-acetylpro-cainamide,32795-44-1,Balbc_3T3,20,384,1.19E-08,3.98E-05,4.00E-05,0.995346118,B,9.2
4705,Quinidine sulfate,50-54-4,Balbc_3T3,20,384,1.22E-07,3.56E-05,3.99E-05,0.892068347,B,9.3
4706,Sematilide,101526-83-4,Balbc_3T3,20,384,1.21E-08,3.98E-05,4.00E-05,0.995208279,B,9.1
4707,Sotalol hydrochloride,959-24-0,Balbc_3T3,20,384,9.33E-09,3.99E-05,4.00E-05,0.99864702,B,9
4708,Mifepristone,84371-65-3,Balbc_3T3,20,384,2.76E-06,4.64E-07,3.72E-05,0.012457904,N,
4709,Perfluorobutanesulfonic_acid,375-73-5,Balbc_3T3,20,384,8.35E-09,4.00E-05,4.00E-05,0.999999993,A,-2.9
4710,4_2_Fluorotelomer_sulfonic_acid,757124-72-4,Balbc_3T3,20,384,,,,,A,1.4
4711,Perfluorononanoic_acid,375-95-1,Balbc_3T3,20,384,8.20E-07,2.24E-07,3.92E-05,0.005711252,A,0.1
4712,Perfluorohexanoic_acid,307-24-4,Balbc_3T3,20,384,5.90E-07,9.08E-06,3.94E-05,0.23031378,A,0.1
4713,Perfluorobutanoic_acid,375-22-4,Balbc_3T3,20,384,,,,,A,0.1
4714,Perfluorooctanoic_acid,335-67-1,Balbc_3T3,20,384,7.20E-07,4.99E-07,3.93E-05,0.012700696,A,0.1
4715,6_2_Fluorotelomer_sulfonic_acid,27619-97-2,Balbc_3T3,20,384,6.16E-07,2.76E-06,3.94E-05,0.069983238,A,1.4
4716,8_2_Fluorotelomer_sulfonic_acid,39108-34-4,Balbc_3T3,20,384,6.57E-07,2.62E-07,3.93E-05,0.006661934,A,1.4
4717,Perfluoroundecanoic_acid,2058-94-8,Balbc_3T3,20,384,7.36E-07,5.39E-08,3.93E-05,0.00137379,A,0.1
4718,Perfluorooctanesulfonic_acid,1763-23-1,Balbc_3T3,20,384,1.06E-06,1.26E-07,3.89E-05,0.00324359,A,-2.9
4719,Perfluoroheptanoic_acid,375-85-9,Balbc_3T3,20,384,6.77E-07,9.28E-07,3.93E-05,0.023597239,A,0.1
4720,Perfluoropentanoic_acid,2706-90-3,Balbc_3T3,20,384,,,,,A,0.1
4721,Perfluorohexanesulfonic_acid,355-46-4,Balbc_3T3,20,384,7.64E-07,1.94E-07,3.92E-05,0.004933071,A,-2.9
4722,Perfluorodecanoic_acid,335-76-2,Balbc_3T3,20,384,9.71E-07,1.16E-07,3.90E-05,0.00296064,A,0.1
4723,cyclosporine A,59865-13-3,Balbc_3T3,20,384,5.90E-07,4.65E-06,3.94E-05,0.117888037,N,
4724,chlorpromazine,50-53-3,Balbc_3T3,20,384,1.55E-06,6.74E-06,3.85E-05,0.175161341,B,9.4
4725,PBDE 47,5436-43-1,Balbc_3T3,20,384,3.11E-06,1.11E-08,3.69E-05,3.00E-04,N,
4726,PBDE 99,60348-60-9,Balbc_3T3,20,384,3.33E-06,4.96E-09,3.67E-05,1.35E-04,N,
4727,PBDE 153,68631-49-2,Balbc_3T3,20,384,3.53E-06,1.96E-09,3.65E-05,5.37E-05,N,
4728,amiodarone,1951-25-3,Balbc_3T3,20,384,3.43E-06,4.92E-08,3.66E-05,1.35E-03,B,9
4729,Azathioprine,446-86-6,Balbc_3T3,20,384,1.12E-08,3.98E-05,4.00E-05,0.996288346,A,8.2
4730,Benzocaine,94-09-7,Balbc_3T3,20,384,3.30E-07,2.90E-05,3.97E-05,0.730677885,N,
4731,Butylated hydroxyanisole,25013-16-5,Balbc_3T3,20,384,1.56311E-06,6.58766E-06,3.84369E-05,0.171388945,N,
4732,Cetirizine dihydrochloride,83881-52-1,Balbc_3T3,20,384,8.70E-09,4.00E-05,4.00E-05,0.999501501,A,4.7
4733,Cyclamate,139-05-9,Balbc_3T3,20,384,8.35E-09,4.00E-05,4.00E-05,1,B,17.6
4734,Cyclophosphamide,6055-19-2,Balbc_3T3,20,384,4.43E-08,3.84E-05,4.00E-05,0.960988049,B,6.1
4735,Cypermethrin,67375-30-8,Balbc_3T3,20,384,3.74E-06,1.18E-08,3.63E-05,3.24E-04,N,
4736,DEET,134-62-3,Balbc_3T3,20,384,2.63E-07,3.18E-05,3.97E-05,0.801451163,N,
4737,Dexamethasone,50-02-2,Balbc_3T3,20,384,2.84E-07,2.66E-05,3.97E-05,0.670872591,N,
4738,Digoxin,20830-75-5,Balbc_3T3,20,384,2.28E-08,3.92E-05,4.00E-05,0.981608233,N,
4739,Fenazaquin,120928-09-8,Balbc_3T3,20,384,3.17E-06,1.27E-07,3.68E-05,0.00345253,N,
4740,Fenbuconazole,114369-43-6,Balbc_3T3,20,384,1.38E-06,8.75E-06,3.86E-05,0.226521303,N,
4741,Fluazinam,79622-59-6,Balbc_3T3,20,384,1.79E-06,1.36E-06,3.82E-05,0.035704593,N,
4742,Furosemide,54-31-9,Balbc_3T3,20,384,8.53E-09,4.00E-05,4.00E-05,0.999734534,A,3
4743,Glybenclamide,10238-21-8,Balbc_3T3,20,384,6.54E-07,2.13E-05,3.93E-05,0.542236918,A,5
4744,HC Red 3,2871-01-4,Balbc_3T3,20,384,2.19E-08,3.93E-05,4.00E-05,0.983886323,N,
4745,Hydralazine hydrochloride,304-20-1,Balbc_3T3,20,384,4.66E-08,3.83E-05,4.00E-05,0.958775398,B,6
4746,Ketoconazole,65277-42-1,Balbc_3T3,20,384,1.63E-06,5.94E-06,3.84E-05,0.1547731,B,6.6
4747,Metformin,1115-70-4,Balbc_3T3,20,384,8.40E-09,4.00E-05,4.00E-05,0.999916077,B,9.6
4748,Metoclopramide,364-62-5,Balbc_3T3,20,384,7.38E-08,3.73E-05,3.99E-05,0.933409624,B,9
4749,Nitrofurantoin,67-20-9,Balbc_3T3,20,384,1.09E-08,3.99E-05,4.00E-05,0.996637139,A,7.3
4750,Oxytetracycline hydrochloride,2058-46-0,Balbc_3T3,20,384,8.35E-09,4.00E-05,4.00E-05,0.999990909,A,4.5
4751,Panthenol,16485-10-2 ,Balbc_3T3,20,384,1.06E-08,3.99E-05,4.00E-05,0.997008193,N,
4752,Paracetamol,103-90-2,Balbc_3T3,20,384,5.19E-08,3.79E-05,3.99E-05,0.9486514,N,
4753,Topiramate,97240-79-4,Balbc_3T3,20,384,8.39E-09,4.00E-05,4.00E-05,0.999931513,A,9.2
4754,Trimellitic anhydride,552-30-7,Balbc_3T3,20,384,8.47E-09,4.00E-05,4.00E-05,0.999829482,A,3.3
4755,Verapamil hydrochloride,152-11-4,Balbc_3T3,20,384,8.46E-07,1.74E-05,3.92E-05,0.443330403,B,9.2
4756,Warfarin,129-06-6,Balbc_3T3,20,384,6.63E-07,2.61E-06,3.93E-05,0.066328664,N,
4757,Caffeine,58-08-2,FishRtgut,20,384,5.71E-09,3.98E-05,4.00E-05,0.993967836,N,
4758,Lamotrigine,84057-84-1,FishRtgut,20,384,8.48E-08,1.87E-05,3.99E-05,0.469403911,B,6.6
4759,Diclofenac,15307-79-6,FishRtgut,20,384,7.03E-08,3.26E-07,3.99E-05,0.008172265,B,17.6
4760,"2,4-Dichlorophenoxyacetic",94-75-7,FishRtgut,20,384,5.05E-09,4.00E-05,4.00E-05,0.999416579,A,2.7
4761,(S)-Naproxen,22204-53-1,FishRtgut,20,384,6.65E-09,3.93E-05,4.00E-05,0.982525126,A,4.4
4762,Ibuprofen,15687-27-1,FishRtgut,20,384,3.26E-08,3.22E-05,4.00E-05,0.805781782,A,5.4
4763,Torasemide,56211-40-6,FishRtgut,20,384,6.12E-09,3.95E-05,4.00E-05,0.987605921,A,4
4764,Warfarin,81-81-2,FishRtgut,20,384,5.83E-09,3.96E-05,4.00E-05,0.990629362,A,4.5
4765,di-n-butylphthalate,84-74-2,FishRtgut,20,384,2.38E-07,2.06E-06,3.98E-05,0.051793038,N,
4766,hexachlorophene,70-30-4,FishRtgut,20,384,5.66E-07,2.49E-08,3.94E-05,6.31E-04,A,6.2
4767,hexamethylenetetramine,100-97-0,FishRtgut,20,384,5.12E-09,3.99E-05,4.00E-05,0.998491096,B,6.4
4768,Malathion,121-75-5,FishRtgut,20,384,7.51E-08,1.84E-05,3.99E-05,0.46008068,N,
4769,pentachlorophenol,87-86-5,FishRtgut,20,384,1.21E-07,1.69E-05,3.99E-05,0.423668282,A,5
4770,"2,2,2-trichloroethanol",115-20-8,FishRtgut,20,384,2.10E-08,3.45E-05,4.00E-05,0.862228195,N,
4771,diethylphthalate,84-66-2,FishRtgut,20,384,7.66E-08,2.36E-05,3.99E-05,0.591993671,N,
4772,4-chlorophenol,106-48-9,FishRtgut,20,384,7.81E-08,1.90E-05,3.99E-05,0.475343014,N,
4773,permethrin,52645-53-1,FishRtgut,20,384,5.05E-07,5.82E-09,3.95E-05,0.000147354,N,
4774,Aniline,62-53-3,FishRtgut,20,384,1.65E-08,3.64E-05,4.00E-05,0.911395617,N,
4775,4-fluoroaniline,371-40-4,FishRtgut,20,384,1.65E-08,3.63E-05,4.00E-05,0.906745756,N,
4776,"2,4,6-trichlorophenol",88-06-2,FishRtgut,20,384,1.59E-07,1.24E-05,3.98E-05,0.310361628,A,6.8
4777,Allyl alcohol,107-18-6,FishRtgut,20,384,6.04E-09,3.96E-05,4.00E-05,0.990030583,N,
4778,N-methylaniline,100-61-8,FishRtgut,20,384,3.36E-08,3.25E-05,4.00E-05,0.812795753,N,
4779,"3,4-dichloroaniline",95-76-1,FishRtgut,20,384,1.22E-07,1.24E-05,3.99E-05,0.309790853,N,
4780,4-decylaniline,37529-30-9,FishRtgut,20,384,3.56E-07,4.15E-08,3.96E-05,0.001046946,N,
4781,naphthalene,91-20-3,FishRtgut,20,384,1.78E-07,8.99E-06,3.98E-05,0.225844213,N,
4782,"1,2,4-trichlorobenzene",120-82-1,FishRtgut,20,384,2.71E-07,1.92E-06,3.97E-05,0.048331489,N,
4783,"1,2-dichlorobenzene",95-50-1,FishRtgut,20,384,2.00E-07,6.51E-06,3.98E-05,0.163663205,N,
4784,dichloromethane,75-09-2,FishRtgut,20,384,2.29E-08,3.49E-05,4.00E-05,0.873663154,N,
4785,tetrachloroethylene,127-18-4,FishRtgut,20,384,1.82E-07,9.53E-06,3.98E-05,0.239407977,N,
4786,"2,3-dimethyl-1,3-butadiene",513-81-5,FishRtgut,20,384,9.10E-08,2.17E-05,3.99E-05,0.544545459,N,
4787,Eugenol F,97-53-0,FishRtgut,20,384,6.50E-08,2.51E-05,3.99E-05,0.629225484,N,
4788,Methyl-antranilate,134-20-3,FishRtgut,20,384,2.99E-08,3.42E-05,4.00E-05,0.855838679,N,
4789,Lilyfore,285977-85-7,FishRtgut,20,384,1.95E-07,8.89E-06,3.98E-05,0.223345495,N,
4790,Damascone beta,23726-91-2,FishRtgut,20,384,3.43E-07,1.53E-06,3.97E-05,0.038545277,N,
4791,Veloutone,14595-54-1,FishRtgut,20,384,4.64E-07,2.19E-07,3.95E-05,0.005539476,N,
4792,Verdox,82356-51-2,FishRtgut,20,384,5.77121E-07,1.8514E-08,3.94229E-05,0.000469625,N,
4793,Nirvanol,1506-02-1,FishRtgut,20,384,5.09357E-07,9.18E-08,3.94906E-05,0.002324602,N,
4794,Cetalox,3738-00-9,FishRtgut,20,384,4.78E-07,1.71E-07,3.95E-05,0.00433224,N,
4795,Tonalide,21145-77-7,FishRtgut,20,384,5.09E-07,9.18E-08,3.95E-05,0.002324602,N,
4796,"2,4-Dinitrophenol",51-28-5,FishRtgut,20,384,5.07E-09,4.00E-05,4.00E-05,0.99910627,A,4.1
4797,Aldrin,309-00-2,FishRtgut,20,384,3.97E-07,7.52E-08,3.96E-05,0.001897808,N,
4798,Azinphos-methyl,86-50-0,FishRtgut,20,384,1.25E-07,1.63E-05,3.99E-05,0.409954765,N,
4799,Chlorpyrifos,2921-88-2,FishRtgut,20,384,3.24E-07,2.05E-06,3.97E-05,0.051583839,N,
4800,"DDD-p,p'",50-29-3,FishRtgut,20,384,4.07E-07,4.84E-09,3.96E-05,1.22E-04,N,
4801,"DDT-o,p'",789-02-6,FishRtgut,20,384,3.62E-07,1.35E-08,3.96E-05,3.41E-04,N,
4802,"DDT-p,p'",72-54-8,FishRtgut,20,384,3.92E-07,1.37E-08,3.96E-05,0.000346547,N,
4803,Diazinon,333-41-5,FishRtgut,20,384,1.62E-07,9.46E-06,3.98E-05,0.237577377,N,
4804,Dicofol,115-32-2,FishRtgut,20,384,4.34E-07,3.71E-07,3.96E-05,0.009370768,N,
4805,Dieldrin,60-57-1,FishRtgut,20,384,3.60E-07,3.54E-07,3.96E-05,0.008935353,N,
4806,Disulfoton,298-04-4,FishRtgut,20,384,2.27E-07,6.97E-06,3.98E-05,0.175183537,N,
4807,Endosulfan I,115-29-7,FishRtgut,20,384,3.02E-07,4.11E-06,3.97E-05,0.103586578,N,
4808,Endrin,72-20-8,FishRtgut,20,384,1.90E-07,3.47E-06,3.98E-05,0.087231109,N,
4809,Ethion,563-12-2,FishRtgut,20,384,1.86E-07,2.87E-06,3.98E-05,0.072170854,N,
4810,Heptachlor,76-44-8,FishRtgut,20,384,4.42E-07,1.34E-07,3.96E-05,0.003398105,N,
4811,Heptachlor epoxide B,1024-57-3,FishRtgut,20,384,3.72E-07,2.34E-07,3.96E-05,0.005894128,N,
4812,Lindane,58-89-9,FishRtgut,20,384,2.24E-07,7.80E-06,3.98E-05,0.196071627,N,
4813,"Methoxychlor-o,p'",72-43-5,FishRtgut,20,384,2.88E-07,1.86E-07,3.97E-05,0.004682594,N,
4814,Parathion,56-38-2,FishRtgut,20,384,2.09E-07,8.97E-06,3.98E-05,0.225504635,N,
4815,Trifluralin,1582-09-8,FishRtgut,20,384,1.76E-07,9.29E-07,3.98E-05,0.02332299,N,
4816,Cisapride,81098-60-4,FishRtgut,20,384,1.52E-07,1.31E-05,3.98E-05,0.329212211,B,7.8
4817,Citalopram hydrobromide,59729-33-8,FishRtgut,20,384,2.73E-08,2.82E-05,4.00E-05,0.705484197,N,
4818,Dofetilide,115256-11-6,FishRtgut,20,384,1.55E-08,3.65E-05,4.00E-05,0.912869047,B,8.4
4819,Moxifloxacin hydrochloride,186826-86-8,FishRtgut,20,384,5.71E-09,3.97E-05,4.00E-05,0.991869415,A,6
4820,N-acetylpro-cainamide,32795-44-1,FishRtgut,20,384,5.39E-09,3.98E-05,4.00E-05,0.995346118,B,9.2
4821,Quinidine sulfate,50-54-4,FishRtgut,20,384,1.85E-08,3.57E-05,4.00E-05,0.892068347,B,9.3
4822,Sematilide,101526-83-4,FishRtgut,20,384,5.40E-09,3.98E-05,4.00E-05,0.995208279,B,9.1
4823,Sotalol hydrochloride,959-24-0,FishRtgut,20,384,5.11E-09,3.99E-05,4.00E-05,0.99864702,B,9
4824,Mifepristone,84371-65-3,FishRtgut,20,384,4.17E-07,4.93E-07,3.96E-05,0.012457904,N,
4825,Perfluorobutanesulfonic_acid,375-73-5,FishRtgut,20,384,5.01E-09,4.00E-05,4.00E-05,0.999999993,A,-2.9
4826,4_2_Fluorotelomer_sulfonic_acid,757124-72-4,FishRtgut,20,384,,,,,A,1.4
4827,Perfluorononanoic_acid,375-95-1,FishRtgut,20,384,9.53E-08,2.28E-07,3.99E-05,0.005711252,A,0.1
4828,Perfluorohexanoic_acid,307-24-4,FishRtgut,20,384,6.72E-08,9.20E-06,3.99E-05,0.23031378,A,0.1
4829,Perfluorobutanoic_acid,375-22-4,FishRtgut,20,384,,,,,A,0.1
4830,Perfluorooctanoic_acid,335-67-1,FishRtgut,20,384,7.97E-08,5.07E-07,3.99E-05,0.012700696,A,0.1
4831,6_2_Fluorotelomer_sulfonic_acid,27619-97-2,FishRtgut,20,384,6.53E-08,2.79E-06,3.99E-05,0.069983238,A,1.4
4832,8_2_Fluorotelomer_sulfonic_acid,39108-34-4,FishRtgut,20,384,6.94E-08,2.66E-07,3.99E-05,0.006661934,A,1.4
4833,Perfluoroundecanoic_acid,2058-94-8,FishRtgut,20,384,8.19E-08,5.48E-08,3.99E-05,0.00137379,A,0.1
4834,Perfluorooctanesulfonic_acid,1763-23-1,FishRtgut,20,384,1.33E-07,1.29E-07,3.99E-05,0.00324359,A,-2.9
4835,Perfluoroheptanoic_acid,375-85-9,FishRtgut,20,384,7.32E-08,9.42E-07,3.99E-05,0.023597239,A,0.1
4836,Perfluoropentanoic_acid,2706-90-3,FishRtgut,20,384,,,,,A,0.1
4837,Perfluorohexanesulfonic_acid,355-46-4,FishRtgut,20,384,8.64E-08,1.97E-07,3.99E-05,0.004933071,A,-2.9
4838,Perfluorodecanoic_acid,335-76-2,FishRtgut,20,384,1.19E-07,1.18E-07,3.99E-05,0.00296064,A,0.1
4839,cyclosporine A,59865-13-3,FishRtgut,20,384,6.30E-08,4.71E-06,3.99E-05,0.117888037,N,
4840,chlorpromazine,50-53-3,FishRtgut,20,384,2.19E-07,6.97E-06,3.98E-05,0.175161341,B,9.4
4841,PBDE 47,5436-43-1,FishRtgut,20,384,4.78E-07,1.19E-08,3.95E-05,3.00E-04,N,
4842,PBDE 99,60348-60-9,FishRtgut,20,384,5.17E-07,5.34E-09,3.95E-05,1.35E-04,N,
4843,PBDE 153,68631-49-2,FishRtgut,20,384,5.54E-07,2.12E-09,3.94E-05,5.37E-05,N,
4844,amiodarone,1951-25-3,FishRtgut,20,384,5.35E-07,5.31E-08,3.95E-05,1.35E-03,B,9
4845,Azathioprine,446-86-6,FishRtgut,20,384,5.31E-09,3.98E-05,4.00E-05,0.996288346,A,8.2
4846,Benzocaine,94-09-7,FishRtgut,20,384,4.48E-08,2.92E-05,4.00E-05,0.730677885,N,
4847,Butylated hydroxyanisole,25013-16-5,FishRtgut,20,384,2.21403E-07,6.81761E-06,3.97786E-05,0.171388945,N,
4848,Cetirizine dihydrochloride,83881-52-1,FishRtgut,20,384,5.05E-09,4.00E-05,4.00E-05,0.999501501,A,4.7
4849,Cyclamate,139-05-9,FishRtgut,20,384,5.01E-09,4.00E-05,4.00E-05,1,B,17.6
4850,Cyclophosphamide,6055-19-2,FishRtgut,20,384,9.09E-09,3.84E-05,4.00E-05,0.960988049,B,6.1
4851,Cypermethrin,67375-30-8,FishRtgut,20,384,5.90E-07,1.28E-08,3.94E-05,3.24E-04,N,
4852,DEET,134-62-3,FishRtgut,20,384,3.69E-08,3.20E-05,4.00E-05,0.801451163,N,
4853,Dexamethasone,50-02-2,FishRtgut,20,384,3.55E-08,2.68E-05,4.00E-05,0.670872591,N,
4854,Digoxin,20830-75-5,FishRtgut,20,384,6.55E-09,3.93E-05,4.00E-05,0.981608233,N,
4855,Fenazaquin,120928-09-8,FishRtgut,20,384,4.90E-07,1.36E-07,3.95E-05,0.00345253,N,
4856,Fenbuconazole,114369-43-6,FishRtgut,20,384,1.93E-07,9.02E-06,3.98E-05,0.226521303,N,
4857,Fluazinam,79622-59-6,FishRtgut,20,384,2.53E-07,1.42E-06,3.97E-05,0.035704593,N,
4858,Furosemide,54-31-9,FishRtgut,20,384,5.03E-09,4.00E-05,4.00E-05,0.999734534,A,3
4859,Glybenclamide,10238-21-8,FishRtgut,20,384,8.86E-08,2.16E-05,3.99E-05,0.542236918,A,5
4860,HC Red 3,2871-01-4,FishRtgut,20,384,6.50E-09,3.93E-05,4.00E-05,0.983886323,N,
4861,Hydralazine hydrochloride,304-20-1,FishRtgut,20,384,9.36E-09,3.83E-05,4.00E-05,0.958775398,B,6
4862,Ketoconazole,65277-42-1,FishRtgut,20,384,2.31E-07,6.16E-06,3.98E-05,0.1547731,B,6.6
4863,Metformin,1115-70-4,FishRtgut,20,384,5.02E-09,4.00E-05,4.00E-05,0.999916077,B,9.6
4864,Metoclopramide,364-62-5,FishRtgut,20,384,1.26E-08,3.73E-05,4.00E-05,0.933409624,B,9
4865,Nitrofurantoin,67-20-9,FishRtgut,20,384,5.28E-09,3.99E-05,4.00E-05,0.996637139,A,7.3
4866,Oxytetracycline hydrochloride,2058-46-0,FishRtgut,20,384,5.01E-09,4.00E-05,4.00E-05,0.999990909,A,4.5
4867,Panthenol,16485-10-2 ,FishRtgut,20,384,5.25E-09,3.99E-05,4.00E-05,0.997008193,N,
4868,Paracetamol,103-90-2,FishRtgut,20,384,9.80E-09,3.79E-05,4.00E-05,0.9486514,N,
4869,Topiramate,97240-79-4,FishRtgut,20,384,5.01E-09,4.00E-05,4.00E-05,0.999931513,A,9.2
4870,Trimellitic anhydride,552-30-7,FishRtgut,20,384,5.02E-09,4.00E-05,4.00E-05,0.999829482,A,3.3
4871,Verapamil hydrochloride,152-11-4,FishRtgut,20,384,1.15E-07,1.77E-05,3.99E-05,0.443330403,B,9.2
4872,Warfarin,129-06-6,FishRtgut,20,384,7.27E-08,2.65E-06,3.99E-05,0.066328664,N,
4873,Caffeine,58-08-2,FishRtgill,20,384,3.00E-09,3.98E-05,4.00E-05,0.993967836,N,
4874,Lamotrigine,84057-84-1,FishRtgill,20,384,4.45E-08,1.88E-05,4.00E-05,0.469403911,B,6.6
4875,Diclofenac,15307-79-6,FishRtgill,20,384,3.69E-08,3.27E-07,4.00E-05,0.008172265,B,17.6
4876,"2,4-Dichlorophenoxyacetic",94-75-7,FishRtgill,20,384,2.65E-09,4.00E-05,4.00E-05,0.999416579,A,2.7
4877,(S)-Naproxen,22204-53-1,FishRtgill,20,384,3.49E-09,3.93E-05,4.00E-05,0.982525126,A,4.4
4878,Ibuprofen,15687-27-1,FishRtgill,20,384,1.71E-08,3.22E-05,4.00E-05,0.805781782,A,5.4
4879,Torasemide,56211-40-6,FishRtgill,20,384,3.22E-09,3.95E-05,4.00E-05,0.987605921,A,4
4880,Warfarin,81-81-2,FishRtgill,20,384,3.06E-09,3.96E-05,4.00E-05,0.990629362,A,4.5
4881,di-n-butylphthalate,84-74-2,FishRtgill,20,384,1.25E-07,2.07E-06,3.99E-05,0.051793038,N,
4882,hexachlorophene,70-30-4,FishRtgill,20,384,2.99E-07,2.50E-08,3.97E-05,6.31E-04,A,6.2
4883,hexamethylenetetramine,100-97-0,FishRtgill,20,384,2.69E-09,3.99E-05,4.00E-05,0.998491096,B,6.4
4884,Malathion,121-75-5,FishRtgill,20,384,3.95E-08,1.84E-05,4.00E-05,0.46008068,N,
4885,pentachlorophenol,87-86-5,FishRtgill,20,384,6.38E-08,1.69E-05,3.99E-05,0.423668282,A,5
4886,"2,2,2-trichloroethanol",115-20-8,FishRtgill,20,384,1.10E-08,3.45E-05,4.00E-05,0.862228195,N,
4887,diethylphthalate,84-66-2,FishRtgill,20,384,4.03E-08,2.37E-05,4.00E-05,0.591993671,N,
4888,4-chlorophenol,106-48-9,FishRtgill,20,384,4.11E-08,1.90E-05,4.00E-05,0.475343014,N,
4889,permethrin,52645-53-1,FishRtgill,20,384,2.67E-07,5.85E-09,3.97E-05,0.000147354,N,
4890,Aniline,62-53-3,FishRtgill,20,384,8.66E-09,3.64E-05,4.00E-05,0.911395617,N,
4891,4-fluoroaniline,371-40-4,FishRtgill,20,384,8.67E-09,3.63E-05,4.00E-05,0.906745756,N,
4892,"2,4,6-trichlorophenol",88-06-2,FishRtgill,20,384,8.36E-08,1.24E-05,3.99E-05,0.310361628,A,6.8
4893,Allyl alcohol,107-18-6,FishRtgill,20,384,3.17E-09,3.96E-05,4.00E-05,0.990030583,N,
4894,N-methylaniline,100-61-8,FishRtgill,20,384,1.76E-08,3.25E-05,4.00E-05,0.812795753,N,
4895,"3,4-dichloroaniline",95-76-1,FishRtgill,20,384,6.42E-08,1.24E-05,3.99E-05,0.309790853,N,
4896,4-decylaniline,37529-30-9,FishRtgill,20,384,1.88E-07,4.17E-08,3.98E-05,0.001046946,N,
4897,naphthalene,91-20-3,FishRtgill,20,384,9.35E-08,9.01E-06,3.99E-05,0.225844213,N,
4898,"1,2,4-trichlorobenzene",120-82-1,FishRtgill,20,384,1.43E-07,1.93E-06,3.99E-05,0.048331489,N,
4899,"1,2-dichlorobenzene",95-50-1,FishRtgill,20,384,1.05E-07,6.53E-06,3.99E-05,0.163663205,N,
4900,dichloromethane,75-09-2,FishRtgill,20,384,1.20E-08,3.49E-05,4.00E-05,0.873663154,N,
4901,tetrachloroethylene,127-18-4,FishRtgill,20,384,9.60E-08,9.55E-06,3.99E-05,0.239407977,N,
4902,"2,3-dimethyl-1,3-butadiene",513-81-5,FishRtgill,20,384,4.78E-08,2.18E-05,4.00E-05,0.544545459,N,
4903,Eugenol F,97-53-0,FishRtgill,20,384,3.41E-08,2.51E-05,4.00E-05,0.629225484,N,
4904,Methyl-antranilate,134-20-3,FishRtgill,20,384,1.57E-08,3.42E-05,4.00E-05,0.855838679,N,
4905,Lilyfore,285977-85-7,FishRtgill,20,384,1.03E-07,8.91E-06,3.99E-05,0.223345495,N,
4906,Damascone beta,23726-91-2,FishRtgill,20,384,1.81E-07,1.53E-06,3.98E-05,0.038545277,N,
4907,Veloutone,14595-54-1,FishRtgill,20,384,2.45E-07,2.20E-07,3.98E-05,0.005539476,N,
4908,Verdox,82356-51-2,FishRtgill,20,384,3.0508E-07,1.86417E-08,3.96949E-05,0.000469625,N,
4909,Nirvanol,1506-02-1,FishRtgill,20,384,2.6904E-07,9.23587E-08,3.9731E-05,0.002324602,N,
4910,Cetalox,3738-00-9,FishRtgill,20,384,2.52E-07,1.72E-07,3.97E-05,0.00433224,N,
4911,Tonalide,21145-77-7,FishRtgill,20,384,2.69E-07,9.24E-08,3.97E-05,0.002324602,N,
4912,"2,4-Dinitrophenol",51-28-5,FishRtgill,20,384,2.66E-09,4.00E-05,4.00E-05,0.99910627,A,4.1
4913,Aldrin,309-00-2,FishRtgill,20,384,2.09E-07,7.55E-08,3.98E-05,0.001897808,N,
4914,Azinphos-methyl,86-50-0,FishRtgill,20,384,6.60E-08,1.64E-05,3.99E-05,0.409954765,N,
4915,Chlorpyrifos,2921-88-2,FishRtgill,20,384,1.71E-07,2.05E-06,3.98E-05,0.051583839,N,
4916,"DDD-p,p'",50-29-3,FishRtgill,20,384,2.15E-07,4.86E-09,3.98E-05,1.22E-04,N,
4917,"DDT-o,p'",789-02-6,FishRtgill,20,384,1.91E-07,1.36E-08,3.98E-05,3.41E-04,N,
4918,"DDT-p,p'",72-54-8,FishRtgill,20,384,2.07E-07,1.38E-08,3.98E-05,0.000346547,N,
4919,Diazinon,333-41-5,FishRtgill,20,384,8.50E-08,9.48E-06,3.99E-05,0.237577377,N,
4920,Dicofol,115-32-2,FishRtgill,20,384,2.29E-07,3.73E-07,3.98E-05,0.009370768,N,
4921,Dieldrin,60-57-1,FishRtgill,20,384,1.90E-07,3.56E-07,3.98E-05,0.008935353,N,
4922,Disulfoton,298-04-4,FishRtgill,20,384,1.19E-07,6.99E-06,3.99E-05,0.175183537,N,
4923,Endosulfan I,115-29-7,FishRtgill,20,384,1.59E-07,4.13E-06,3.98E-05,0.103586578,N,
4924,Endrin,72-20-8,FishRtgill,20,384,9.98E-08,3.48E-06,3.99E-05,0.087231109,N,
4925,Ethion,563-12-2,FishRtgill,20,384,9.80E-08,2.88E-06,3.99E-05,0.072170854,N,
4926,Heptachlor,76-44-8,FishRtgill,20,384,2.33E-07,1.35E-07,3.98E-05,0.003398105,N,
4927,Heptachlor epoxide B,1024-57-3,FishRtgill,20,384,1.96E-07,2.35E-07,3.98E-05,0.005894128,N,
4928,Lindane,58-89-9,FishRtgill,20,384,1.18E-07,7.82E-06,3.99E-05,0.196071627,N,
4929,"Methoxychlor-o,p'",72-43-5,FishRtgill,20,384,1.52E-07,1.87E-07,3.98E-05,0.004682594,N,
4930,Parathion,56-38-2,FishRtgill,20,384,1.10E-07,9.00E-06,3.99E-05,0.225504635,N,
4931,Trifluralin,1582-09-8,FishRtgill,20,384,9.27E-08,9.31E-07,3.99E-05,0.02332299,N,
4932,Cisapride,81098-60-4,FishRtgill,20,384,8.00E-08,1.31E-05,3.99E-05,0.329212211,B,7.8
4933,Citalopram hydrobromide,59729-33-8,FishRtgill,20,384,1.44E-08,2.82E-05,4.00E-05,0.705484197,N,
4934,Dofetilide,115256-11-6,FishRtgill,20,384,8.11E-09,3.65E-05,4.00E-05,0.912869047,B,8.4
4935,Moxifloxacin hydrochloride,186826-86-8,FishRtgill,20,384,3.00E-09,3.97E-05,4.00E-05,0.991869415,A,6
4936,N-acetylpro-cainamide,32795-44-1,FishRtgill,20,384,2.83E-09,3.98E-05,4.00E-05,0.995346118,B,9.2
4937,Quinidine sulfate,50-54-4,FishRtgill,20,384,9.71E-09,3.57E-05,4.00E-05,0.892068347,B,9.3
4938,Sematilide,101526-83-4,FishRtgill,20,384,2.84E-09,3.98E-05,4.00E-05,0.995208279,B,9.1
4939,Sotalol hydrochloride,959-24-0,FishRtgill,20,384,2.68E-09,3.99E-05,4.00E-05,0.99864702,B,9
4940,Mifepristone,84371-65-3,FishRtgill,20,384,2.20E-07,4.96E-07,3.98E-05,0.012457904,N,
4941,Perfluorobutanesulfonic_acid,375-73-5,FishRtgill,20,384,2.63E-09,4.00E-05,4.00E-05,0.999999993,A,-2.9
4942,4_2_Fluorotelomer_sulfonic_acid,757124-72-4,FishRtgill,20,384,,,,,A,1.4
4943,Perfluorononanoic_acid,375-95-1,FishRtgill,20,384,5.01E-08,2.28E-07,3.99E-05,0.005711252,A,0.1
4944,Perfluorohexanoic_acid,307-24-4,FishRtgill,20,384,3.53E-08,9.20E-06,4.00E-05,0.23031378,A,0.1
4945,Perfluorobutanoic_acid,375-22-4,FishRtgill,20,384,,,,,A,0.1
4946,Perfluorooctanoic_acid,335-67-1,FishRtgill,20,384,4.19E-08,5.07E-07,4.00E-05,0.012700696,A,0.1
4947,6_2_Fluorotelomer_sulfonic_acid,27619-97-2,FishRtgill,20,384,3.43E-08,2.80E-06,4.00E-05,0.069983238,A,1.4
4948,8_2_Fluorotelomer_sulfonic_acid,39108-34-4,FishRtgill,20,384,3.65E-08,2.66E-07,4.00E-05,0.006661934,A,1.4
4949,Perfluoroundecanoic_acid,2058-94-8,FishRtgill,20,384,4.30E-08,5.49E-08,4.00E-05,0.00137379,A,0.1
4950,Perfluorooctanesulfonic_acid,1763-23-1,FishRtgill,20,384,7.02E-08,1.30E-07,3.99E-05,0.00324359,A,-2.9
4951,Perfluoroheptanoic_acid,375-85-9,FishRtgill,20,384,3.85E-08,9.43E-07,4.00E-05,0.023597239,A,0.1
4952,Perfluoropentanoic_acid,2706-90-3,FishRtgill,20,384,,,,,A,0.1
4953,Perfluorohexanesulfonic_acid,355-46-4,FishRtgill,20,384,4.54E-08,1.97E-07,4.00E-05,0.004933071,A,-2.9
4954,Perfluorodecanoic_acid,335-76-2,FishRtgill,20,384,6.27E-08,1.18E-07,3.99E-05,0.00296064,A,0.1
4955,cyclosporine A,59865-13-3,FishRtgill,20,384,3.31E-08,4.71E-06,4.00E-05,0.117888037,N,
4956,chlorpromazine,50-53-3,FishRtgill,20,384,1.15E-07,6.99E-06,3.99E-05,0.175161341,B,9.4
4957,PBDE 47,5436-43-1,FishRtgill,20,384,2.52E-07,1.19E-08,3.97E-05,3.00E-04,N,
4958,PBDE 99,60348-60-9,FishRtgill,20,384,2.73E-07,5.37E-09,3.97E-05,1.35E-04,N,
4959,PBDE 153,68631-49-2,FishRtgill,20,384,2.93E-07,2.13E-09,3.97E-05,5.37E-05,N,
4960,amiodarone,1951-25-3,FishRtgill,20,384,2.83E-07,5.35E-08,3.97E-05,1.35E-03,B,9
4961,Azathioprine,446-86-6,FishRtgill,20,384,2.79E-09,3.98E-05,4.00E-05,0.996288346,A,8.2
4962,Benzocaine,94-09-7,FishRtgill,20,384,2.35E-08,2.92E-05,4.00E-05,0.730677885,N,
4963,Butylated hydroxyanisole,25013-16-5,FishRtgill,20,384,1.16543E-07,6.83558E-06,3.98835E-05,0.171388945,N,
4964,Cetirizine dihydrochloride,83881-52-1,FishRtgill,20,384,2.65E-09,4.00E-05,4.00E-05,0.999501501,A,4.7
4965,Cyclamate,139-05-9,FishRtgill,20,384,2.63E-09,4.00E-05,4.00E-05,1,B,17.6
4966,Cyclophosphamide,6055-19-2,FishRtgill,20,384,4.77E-09,3.84E-05,4.00E-05,0.960988049,B,6.1
4967,Cypermethrin,67375-30-8,FishRtgill,20,384,3.12E-07,1.29E-08,3.97E-05,3.24E-04,N,
4968,DEET,134-62-3,FishRtgill,20,384,1.94E-08,3.20E-05,4.00E-05,0.801451163,N,
4969,Dexamethasone,50-02-2,FishRtgill,20,384,1.86E-08,2.68E-05,4.00E-05,0.670872591,N,
4970,Digoxin,20830-75-5,FishRtgill,20,384,3.44E-09,3.93E-05,4.00E-05,0.981608233,N,
4971,Fenazaquin,120928-09-8,FishRtgill,20,384,2.59E-07,1.37E-07,3.97E-05,0.00345253,N,
4972,Fenbuconazole,114369-43-6,FishRtgill,20,384,1.02E-07,9.04E-06,3.99E-05,0.226521303,N,
4973,Fluazinam,79622-59-6,FishRtgill,20,384,1.33E-07,1.42E-06,3.99E-05,0.035704593,N,
4974,Furosemide,54-31-9,FishRtgill,20,384,2.64E-09,4.00E-05,4.00E-05,0.999734534,A,3
4975,Glybenclamide,10238-21-8,FishRtgill,20,384,4.66E-08,2.17E-05,4.00E-05,0.542236918,A,5
4976,HC Red 3,2871-01-4,FishRtgill,20,384,3.41E-09,3.94E-05,4.00E-05,0.983886323,N,
4977,Hydralazine hydrochloride,304-20-1,FishRtgill,20,384,4.91E-09,3.83E-05,4.00E-05,0.958775398,B,6
4978,Ketoconazole,65277-42-1,FishRtgill,20,384,1.22E-07,6.17E-06,3.99E-05,0.1547731,B,6.6
4979,Metformin,1115-70-4,FishRtgill,20,384,2.63E-09,4.00E-05,4.00E-05,0.999916077,B,9.6
4980,Metoclopramide,364-62-5,FishRtgill,20,384,6.62E-09,3.73E-05,4.00E-05,0.933409624,B,9
4981,Nitrofurantoin,67-20-9,FishRtgill,20,384,2.77E-09,3.99E-05,4.00E-05,0.996637139,A,7.3
4982,Oxytetracycline hydrochloride,2058-46-0,FishRtgill,20,384,2.63E-09,4.00E-05,4.00E-05,0.999990909,A,4.5
4983,Panthenol,16485-10-2 ,FishRtgill,20,384,2.75E-09,3.99E-05,4.00E-05,0.997008193,N,
4984,Paracetamol,103-90-2,FishRtgill,20,384,5.15E-09,3.79E-05,4.00E-05,0.9486514,N,
4985,Topiramate,97240-79-4,FishRtgill,20,384,2.63E-09,4.00E-05,4.00E-05,0.999931513,A,9.2
4986,Trimellitic anhydride,552-30-7,FishRtgill,20,384,2.64E-09,4.00E-05,4.00E-05,0.999829482,A,3.3
4987,Verapamil hydrochloride,152-11-4,FishRtgill,20,384,6.07E-08,1.77E-05,3.99E-05,0.443330403,B,9.2
4988,Warfarin,129-06-6,FishRtgill,20,384,3.82E-08,2.65E-06,4.00E-05,0.066328664,N,
4989,Caffeine,58-08-2,Default,20,384,2.86E-08,3.97E-05,4.00E-05,0.993967836,N,
4990,Lamotrigine,84057-84-1,Default,20,384,4.27E-07,1.86E-05,3.96E-05,0.469403911,B,6.6
4991,Diclofenac,15307-79-6,Default,20,384,5.73E-07,3.22E-07,3.94E-05,0.008172265,B,17.6
4992,"2,4-Dichlorophenoxyacetic",94-75-7,Default,20,384,2.48E-08,4.00E-05,4.00E-05,0.999416579,A,2.7
4993,(S)-Naproxen,22204-53-1,Default,20,384,3.54E-08,3.93E-05,4.00E-05,0.982525126,A,4.4
4994,Ibuprofen,15687-27-1,Default,20,384,1.69E-07,3.21E-05,3.98E-05,0.805781782,A,5.4
4995,Torasemide,56211-40-6,Default,20,384,3.21E-08,3.95E-05,4.00E-05,0.987605921,A,4
4996,Warfarin,81-81-2,Default,20,384,3.02E-08,3.96E-05,4.00E-05,0.990629362,A,4.5
4997,di-n-butylphthalate,84-74-2,Default,20,384,9.52E-07,2.02E-06,3.90E-05,0.051793038,N,
4998,hexachlorophene,70-30-4,Default,20,384,1.73E-06,2.41E-08,3.83E-05,6.31E-04,A,6.2
4999,hexamethylenetetramine,100-97-0,Default,20,384,2.54E-08,3.99E-05,4.00E-05,0.998491096,B,6.4
5000,Malathion,121-75-5,Default,20,384,4.08E-07,1.82E-05,3.96E-05,0.46008068,N,
5001,pentachlorophenol,87-86-5,Default,20,384,5.33E-07,1.67E-05,3.95E-05,0.423668282,A,5
5002,"2,2,2-trichloroethanol",115-20-8,Default,20,384,1.18E-07,3.44E-05,3.99E-05,0.862228195,N,
5003,diethylphthalate,84-66-2,Default,20,384,3.60E-07,2.35E-05,3.96E-05,0.591993671,N,
5004,4-chlorophenol,106-48-9,Default,20,384,4.09E-07,1.88E-05,3.96E-05,0.475343014,N,
5005,permethrin,52645-53-1,Default,20,384,1.60E-06,5.66E-09,3.84E-05,0.000147354,N,
5006,Aniline,62-53-3,Default,20,384,8.78E-08,3.64E-05,3.99E-05,0.911395617,N,
5007,4-fluoroaniline,371-40-4,Default,20,384,8.97E-08,3.62E-05,3.99E-05,0.906745756,N,
5008,"2,4,6-trichlorophenol",88-06-2,Default,20,384,6.66E-07,1.22E-05,3.93E-05,0.310361628,A,6.8
5009,Allyl alcohol,107-18-6,Default,20,384,3.10E-08,3.96E-05,4.00E-05,0.990030583,N,
5010,N-methylaniline,100-61-8,Default,20,384,1.69E-07,3.24E-05,3.98E-05,0.812795753,N,
5011,"3,4-dichloroaniline",95-76-1,Default,20,384,5.79E-07,1.22E-05,3.94E-05,0.309790853,N,
5012,4-decylaniline,37529-30-9,Default,20,384,1.25E-06,4.06E-08,3.88E-05,0.001046946,N,
5013,naphthalene,91-20-3,Default,20,384,7.44E-07,8.87E-06,3.93E-05,0.225844213,N,
5014,"1,2,4-trichlorobenzene",120-82-1,Default,20,384,1.03E-06,1.88E-06,3.90E-05,0.048331489,N,
5015,"1,2-dichlorobenzene",95-50-1,Default,20,384,8.20E-07,6.41E-06,3.92E-05,0.163663205,N,
5016,dichloromethane,75-09-2,Default,20,384,1.18E-07,3.48E-05,3.99E-05,0.873663154,N,
5017,tetrachloroethylene,127-18-4,Default,20,384,7.50E-07,9.40E-06,3.93E-05,0.239407977,N,
5018,"2,3-dimethyl-1,3-butadiene",513-81-5,Default,20,384,4.13E-07,2.16E-05,3.96E-05,0.544545459,N,
5019,Eugenol F,97-53-0,Default,20,384,3.17E-07,2.50E-05,3.97E-05,0.629225484,N,
5020,Methyl-antranilate,134-20-3,Default,20,384,1.42E-07,3.41E-05,3.99E-05,0.855838679,N,
5021,Lilyfore,285977-85-7,Default,20,384,7.85E-07,8.76E-06,3.92E-05,0.223345495,N,
5022,Damascone beta,23726-91-2,Default,20,384,1.20E-06,1.50E-06,3.88E-05,0.038545277,N,
5023,Veloutone,14595-54-1,Default,20,384,1.50E-06,2.13E-07,3.85E-05,0.005539476,N,
5024,Verdox,82356-51-2,Default,20,384,1.76019E-06,1.79584E-08,3.82398E-05,0.000469625,N,
5025,Nirvanol,1506-02-1,Default,20,384,1.60356E-06,8.92564E-08,3.83964E-05,0.002324602,N,
5026,Cetalox,3738-00-9,Default,20,384,1.53E-06,1.67E-07,3.85E-05,0.00433224,N,
5027,Tonalide,21145-77-7,Default,20,384,1.60E-06,8.93E-08,3.84E-05,0.002324602,N,
5028,"2,4-Dinitrophenol",51-28-5,Default,20,384,2.50E-08,3.99E-05,4.00E-05,0.99910627,A,4.1
5029,Aldrin,309-00-2,Default,20,384,1.34E-06,7.34E-08,3.87E-05,0.001897808,N,
5030,Azinphos-methyl,86-50-0,Default,20,384,5.48E-07,1.62E-05,3.95E-05,0.409954765,N,
5031,Chlorpyrifos,2921-88-2,Default,20,384,1.15E-06,2.00E-06,3.88E-05,0.051583839,N,
5032,"DDD-p,p'",50-29-3,Default,20,384,1.37E-06,4.72E-09,3.86E-05,1.22E-04,N,
5033,"DDT-o,p'",789-02-6,Default,20,384,1.26E-06,1.32E-08,3.87E-05,3.41E-04,N,
5034,"DDT-p,p'",72-54-8,Default,20,384,1.33E-06,1.34E-08,3.87E-05,0.000346547,N,
5035,Diazinon,333-41-5,Default,20,384,7.01E-07,9.34E-06,3.93E-05,0.237577377,N,
5036,Dicofol,115-32-2,Default,20,384,1.43E-06,3.61E-07,3.86E-05,0.009370768,N,
5037,Dieldrin,60-57-1,Default,20,384,1.25E-06,3.46E-07,3.87E-05,0.008935353,N,
5038,Disulfoton,298-04-4,Default,20,384,8.79E-07,6.85E-06,3.91E-05,0.175183537,N,
5039,Endosulfan I,115-29-7,Default,20,384,1.08E-06,4.03E-06,3.89E-05,0.103586578,N,
5040,Endrin,72-20-8,Default,20,384,8.25E-07,3.42E-06,3.92E-05,0.087231109,N,
5041,Ethion,563-12-2,Default,20,384,8.23E-07,2.83E-06,3.92E-05,0.072170854,N,
5042,Heptachlor,76-44-8,Default,20,384,1.45E-06,1.31E-07,3.86E-05,0.003398105,N,
5043,Heptachlor epoxide B,1024-57-3,Default,20,384,1.28E-06,2.28E-07,3.87E-05,0.005894128,N,
5044,Lindane,58-89-9,Default,20,384,8.63E-07,7.67E-06,3.91E-05,0.196071627,N,
5045,"Methoxychlor-o,p'",72-43-5,Default,20,384,1.09E-06,1.82E-07,3.89E-05,0.004682594,N,
5046,Parathion,56-38-2,Default,20,384,8.19E-07,8.84E-06,3.92E-05,0.225504635,N,
5047,Trifluralin,1582-09-8,Default,20,384,8.18E-07,9.14E-07,3.92E-05,0.02332299,N,
5048,Cisapride,81098-60-4,Default,20,384,6.43E-07,1.30E-05,3.94E-05,0.329212211,B,7.8
5049,Citalopram hydrobromide,59729-33-8,Default,20,384,1.96E-07,2.81E-05,3.98E-05,0.705484197,N,
5050,Dofetilide,115256-11-6,Default,20,384,8.47E-08,3.64E-05,3.99E-05,0.912869047,B,8.4
5051,Moxifloxacin hydrochloride,186826-86-8,Default,20,384,2.94E-08,3.96E-05,4.00E-05,0.991869415,A,6
5052,N-acetylpro-cainamide,32795-44-1,Default,20,384,2.73E-08,3.98E-05,4.00E-05,0.995346118,B,9.2
5053,Quinidine sulfate,50-54-4,Default,20,384,1.00E-07,3.56E-05,3.99E-05,0.892068347,B,9.3
5054,Sematilide,101526-83-4,Default,20,384,2.73E-08,3.98E-05,4.00E-05,0.995208279,B,9.1
5055,Sotalol hydrochloride,959-24-0,Default,20,384,2.53E-08,3.99E-05,4.00E-05,0.99864702,B,9
5056,Mifepristone,84371-65-3,Default,20,384,1.39E-06,4.81E-07,3.86E-05,0.012457904,N,
5057,Perfluorobutanesulfonic_acid,375-73-5,Default,20,384,2.45E-08,4.00E-05,4.00E-05,0.999999993,A,-2.9
5058,4_2_Fluorotelomer_sulfonic_acid,757124-72-4,Default,20,384,,,,,A,1.4
5059,Perfluorononanoic_acid,375-95-1,Default,20,384,6.33E-07,2.25E-07,3.94E-05,0.005711252,A,0.1
5060,Perfluorohexanoic_acid,307-24-4,Default,20,384,4.79E-07,9.10E-06,3.95E-05,0.23031378,A,0.1
5061,Perfluorobutanoic_acid,375-22-4,Default,20,384,,,,,A,0.1
5062,Perfluorooctanoic_acid,335-67-1,Default,20,384,5.93E-07,5.00E-07,3.94E-05,0.012700696,A,0.1
5063,6_2_Fluorotelomer_sulfonic_acid,27619-97-2,Default,20,384,5.37E-07,2.76E-06,3.95E-05,0.069983238,A,1.4
5064,8_2_Fluorotelomer_sulfonic_acid,39108-34-4,Default,20,384,5.71E-07,2.63E-07,3.94E-05,0.006661934,A,1.4
5065,Perfluoroundecanoic_acid,2058-94-8,Default,20,384,6.03E-07,5.41E-08,3.94E-05,0.00137379,A,0.1
5066,Perfluorooctanesulfonic_acid,1763-23-1,Default,20,384,7.25E-07,1.27E-07,3.93E-05,0.00324359,A,-2.9
5067,Perfluoroheptanoic_acid,375-85-9,Default,20,384,5.74E-07,9.30E-07,3.94E-05,0.023597239,A,0.1
5068,Perfluoropentanoic_acid,2706-90-3,Default,20,384,,,,,A,0.1
5069,Perfluorohexanesulfonic_acid,355-46-4,Default,20,384,6.12E-07,1.94E-07,3.94E-05,0.004933071,A,-2.9
5070,Perfluorodecanoic_acid,335-76-2,Default,20,384,6.91E-07,1.16E-07,3.93E-05,0.00296064,A,0.1
5071,cyclosporine A,59865-13-3,Default,20,384,5.13E-07,4.66E-06,3.95E-05,0.117888037,N,
5072,chlorpromazine,50-53-3,Default,20,384,8.62E-07,6.86E-06,3.91E-05,0.175161341,B,9.4
5073,PBDE 47,5436-43-1,Default,20,384,1.53E-06,1.15E-08,3.85E-05,3.00E-04,N,
5074,PBDE 99,60348-60-9,Default,20,384,1.62E-06,5.19E-09,3.84E-05,1.35E-04,N,
5075,PBDE 153,68631-49-2,Default,20,384,1.71E-06,2.06E-09,3.83E-05,5.37E-05,N,
5076,amiodarone,1951-25-3,Default,20,384,1.66E-06,5.16E-08,3.83E-05,1.35E-03,B,9
5077,Azathioprine,446-86-6,Default,20,384,2.67E-08,3.98E-05,4.00E-05,0.996288346,A,8.2
5078,Benzocaine,94-09-7,Default,20,384,2.28E-07,2.91E-05,3.98E-05,0.730677885,N,
5079,Butylated hydroxyanisole,25013-16-5,Default,20,384,8.67935E-07,6.7068E-06,3.91321E-05,0.171388945,N,
5080,Cetirizine dihydrochloride,83881-52-1,Default,20,384,2.48E-08,4.00E-05,4.00E-05,0.999501501,A,4.7
5081,Cyclamate,139-05-9,Default,20,384,2.45E-08,4.00E-05,4.00E-05,1,B,17.6
5082,Cyclophosphamide,6055-19-2,Default,20,384,5.00E-08,3.84E-05,4.00E-05,0.960988049,B,6.1
5083,Cypermethrin,67375-30-8,Default,20,384,1.79E-06,1.24E-08,3.82E-05,3.24E-04,N,
5084,DEET,134-62-3,Default,20,384,1.81E-07,3.19E-05,3.98E-05,0.801451163,N,
5085,Dexamethasone,50-02-2,Default,20,384,2.29E-07,2.67E-05,3.98E-05,0.670872591,N,
5086,Digoxin,20830-75-5,Default,20,384,3.56E-08,3.92E-05,4.00E-05,0.981608233,N,
5087,Fenazaquin,120928-09-8,Default,20,384,1.56E-06,1.33E-07,3.84E-05,0.00345253,N,
5088,Fenbuconazole,114369-43-6,Default,20,384,7.81E-07,8.88E-06,3.92E-05,0.226521303,N,
5089,Fluazinam,79622-59-6,Default,20,384,9.94E-07,1.39E-06,3.90E-05,0.035704593,N,
5090,Furosemide,54-31-9,Default,20,384,2.46E-08,4.00E-05,4.00E-05,0.999734534,A,3
5091,Glybenclamide,10238-21-8,Default,20,384,4.08E-07,2.15E-05,3.96E-05,0.542236918,A,5
5092,HC Red 3,2871-01-4,Default,20,384,3.46E-08,3.93E-05,4.00E-05,0.983886323,N,
5093,Hydralazine hydrochloride,304-20-1,Default,20,384,5.15E-08,3.83E-05,3.99E-05,0.958775398,B,6
5094,Ketoconazole,65277-42-1,Default,20,384,8.97E-07,6.05E-06,3.91E-05,0.1547731,B,6.6
5095,Metformin,1115-70-4,Default,20,384,2.45E-08,4.00E-05,4.00E-05,0.999916077,B,9.6
5096,Metoclopramide,364-62-5,Default,20,384,6.96E-08,3.73E-05,3.99E-05,0.933409624,B,9
5097,Nitrofurantoin,67-20-9,Default,20,384,2.65E-08,3.98E-05,4.00E-05,0.996637139,A,7.3
5098,Oxytetracycline hydrochloride,2058-46-0,Default,20,384,2.45E-08,4.00E-05,4.00E-05,0.999990909,A,4.5
5099,Panthenol,16485-10-2 ,Default,20,384,2.62E-08,3.99E-05,4.00E-05,0.997008193,N,
5100,Paracetamol,103-90-2,Default,20,384,5.67E-08,3.79E-05,3.99E-05,0.9486514,N,
5101,Topiramate,97240-79-4,Default,20,384,2.45E-08,4.00E-05,4.00E-05,0.999931513,A,9.2
5102,Trimellitic anhydride,552-30-7,Default,20,384,2.46E-08,4.00E-05,4.00E-05,0.999829482,A,3.3
5103,Verapamil hydrochloride,152-11-4,Default,20,384,5.11E-07,1.75E-05,3.95E-05,0.443330403,B,9.2
5104,Warfarin,129-06-6,Default,20,384,5.56E-07,2.62E-06,3.94E-05,0.066328664,N,
5105,Caffeine,58-08-2,MCF7,20,384,5.60E-08,3.97E-05,3.99E-05,0.993967836,N,
5106,Lamotrigine,84057-84-1,MCF7,20,384,1.04E-07,1.87E-05,3.99E-05,0.469403911,B,6.6
5107,Diclofenac,15307-79-6,MCF7,20,384,6.08E-08,3.26E-07,3.99E-05,0.008172265,B,17.6
5108,"2,4-Dichlorophenoxyacetic",94-75-7,MCF7,20,384,5.56E-08,3.99E-05,3.99E-05,0.999416579,A,2.7
5109,(S)-Naproxen,22204-53-1,MCF7,20,384,5.62E-08,3.92E-05,3.99E-05,0.982525126,A,4.4
5110,Ibuprofen,15687-27-1,MCF7,20,384,7.16E-08,3.22E-05,3.99E-05,0.805781782,A,5.4
5111,Torasemide,56211-40-6,MCF7,20,384,5.60E-08,3.94E-05,3.99E-05,0.987605921,A,4
5112,Warfarin,81-81-2,MCF7,20,384,5.59E-08,3.96E-05,3.99E-05,0.990629362,A,4.5
5113,di-n-butylphthalate,84-74-2,MCF7,20,384,2.33E-07,2.06E-06,3.98E-05,0.051793038,N,
5114,hexachlorophene,70-30-4,MCF7,20,384,5.64E-07,2.49E-08,3.94E-05,6.31E-04,A,6.2
5115,hexamethylenetetramine,100-97-0,MCF7,20,384,5.57E-08,3.99E-05,3.99E-05,0.998491096,B,6.4
5116,Malathion,121-75-5,MCF7,20,384,9.34E-08,1.84E-05,3.99E-05,0.46008068,N,
5117,pentachlorophenol,87-86-5,MCF7,20,384,1.38E-07,1.69E-05,3.99E-05,0.423668282,A,5
5118,"2,2,2-trichloroethanol",115-20-8,MCF7,20,384,6.33E-08,3.44E-05,3.99E-05,0.862228195,N,
5119,diethylphthalate,84-66-2,MCF7,20,384,1.03E-07,2.36E-05,3.99E-05,0.591993671,N,
5120,4-chlorophenol,106-48-9,MCF7,20,384,9.75E-08,1.90E-05,3.99E-05,0.475343014,N,
5121,permethrin,52645-53-1,MCF7,20,384,5.02E-07,5.82E-09,3.95E-05,0.000147354,N,
5122,Aniline,62-53-3,MCF7,20,384,6.18E-08,3.64E-05,3.99E-05,0.911395617,N,
5123,4-fluoroaniline,371-40-4,MCF7,20,384,6.15E-08,3.62E-05,3.99E-05,0.906745756,N,
5124,"2,4,6-trichlorophenol",88-06-2,MCF7,20,384,1.69E-07,1.24E-05,3.98E-05,0.310361628,A,6.8
5125,Allyl alcohol,107-18-6,MCF7,20,384,5.61E-08,3.95E-05,3.99E-05,0.990030583,N,
5126,N-methylaniline,100-61-8,MCF7,20,384,7.31E-08,3.25E-05,3.99E-05,0.812795753,N,
5127,"3,4-dichloroaniline",95-76-1,MCF7,20,384,1.32E-07,1.24E-05,3.99E-05,0.309790853,N,
5128,4-decylaniline,37529-30-9,MCF7,20,384,3.50E-07,4.15E-08,3.96E-05,0.001046946,N,
5129,naphthalene,91-20-3,MCF7,20,384,1.83E-07,8.99E-06,3.98E-05,0.225844213,N,
5130,"1,2,4-trichlorobenzene",120-82-1,MCF7,20,384,2.67E-07,1.92E-06,3.97E-05,0.048331489,N,
5131,"1,2-dichlorobenzene",95-50-1,MCF7,20,384,2.02E-07,6.51E-06,3.98E-05,0.163663205,N,
5132,dichloromethane,75-09-2,MCF7,20,384,6.60E-08,3.49E-05,3.99E-05,0.873663154,N,
5133,tetrachloroethylene,127-18-4,MCF7,20,384,1.89E-07,9.53E-06,3.98E-05,0.239407977,N,
5134,"2,3-dimethyl-1,3-butadiene",513-81-5,MCF7,20,384,1.15E-07,2.17E-05,3.99E-05,0.544545459,N,
5135,Eugenol F,97-53-0,MCF7,20,384,9.36E-08,2.51E-05,3.99E-05,0.629225484,N,
5136,Methyl-antranilate,134-20-3,MCF7,20,384,7.19E-08,3.42E-05,3.99E-05,0.855838679,N,
5137,Lilyfore,285977-85-7,MCF7,20,384,2.01E-07,8.89E-06,3.98E-05,0.223345495,N,
5138,Damascone beta,23726-91-2,MCF7,20,384,3.40E-07,1.53E-06,3.97E-05,0.038545277,N,
5139,Veloutone,14595-54-1,MCF7,20,384,4.61E-07,2.19E-07,3.95E-05,0.005539476,N,
5140,Verdox,82356-51-2,MCF7,20,384,5.74939E-07,1.8515E-08,3.94251E-05,0.000469625,N,
5141,Nirvanol,1506-02-1,MCF7,20,384,5.06257E-07,9.18072E-08,3.94937E-05,0.002324602,N,
5142,Cetalox,3738-00-9,MCF7,20,384,4.74E-07,1.71E-07,3.95E-05,0.00433224,N,
5143,Tonalide,21145-77-7,MCF7,20,384,5.06E-07,9.18E-08,3.95E-05,0.002324602,N,
5144,"2,4-Dinitrophenol",51-28-5,MCF7,20,384,5.57E-08,3.99E-05,3.99E-05,0.99910627,A,4.1
5145,Aldrin,309-00-2,MCF7,20,384,3.92E-07,7.52E-08,3.96E-05,0.001897808,N,
5146,Azinphos-methyl,86-50-0,MCF7,20,384,1.41E-07,1.63E-05,3.99E-05,0.409954765,N,
5147,Chlorpyrifos,2921-88-2,MCF7,20,384,3.21E-07,2.05E-06,3.97E-05,0.051583839,N,
5148,"DDD-p,p'",50-29-3,MCF7,20,384,4.02E-07,4.84E-09,3.96E-05,1.22E-04,N,
5149,"DDT-o,p'",789-02-6,MCF7,20,384,3.56E-07,1.35E-08,3.96E-05,3.41E-04,N,
5150,"DDT-p,p'",72-54-8,MCF7,20,384,3.87E-07,1.37E-08,3.96E-05,0.000346547,N,
5151,Diazinon,333-41-5,MCF7,20,384,1.68E-07,9.46E-06,3.98E-05,0.237577377,N,
5152,Dicofol,115-32-2,MCF7,20,384,4.31E-07,3.71E-07,3.96E-05,0.009370768,N,
5153,Dieldrin,60-57-1,MCF7,20,384,3.55E-07,3.54E-07,3.96E-05,0.008935353,N,
5154,Disulfoton,298-04-4,MCF7,20,384,2.30E-07,6.97E-06,3.98E-05,0.175183537,N,
5155,Endosulfan I,115-29-7,MCF7,20,384,3.01E-07,4.11E-06,3.97E-05,0.103586578,N,
5156,Endrin,72-20-8,MCF7,20,384,1.87E-07,3.47E-06,3.98E-05,0.087231109,N,
5157,Ethion,563-12-2,MCF7,20,384,1.83E-07,2.87E-06,3.98E-05,0.072170854,N,
5158,Heptachlor,76-44-8,MCF7,20,384,4.38E-07,1.34E-07,3.96E-05,0.003398105,N,
5159,Heptachlor epoxide B,1024-57-3,MCF7,20,384,3.67E-07,2.34E-07,3.96E-05,0.005894128,N,
5160,Lindane,58-89-9,MCF7,20,384,2.28E-07,7.80E-06,3.98E-05,0.196071627,N,
5161,"Methoxychlor-o,p'",72-43-5,MCF7,20,384,2.82E-07,1.86E-07,3.97E-05,0.004682594,N,
5162,Parathion,56-38-2,MCF7,20,384,2.15E-07,8.97E-06,3.98E-05,0.225504635,N,
5163,Trifluralin,1582-09-8,MCF7,20,384,1.69E-07,9.29E-07,3.98E-05,0.02332299,N,
5164,Cisapride,81098-60-4,MCF7,20,384,1.64E-07,1.31E-05,3.98E-05,0.329212211,B,7.8
5165,Citalopram hydrobromide,59729-33-8,MCF7,20,384,6.01E-08,2.82E-05,3.99E-05,0.705484197,N,
5166,Dofetilide,115256-11-6,MCF7,20,384,6.09E-08,3.65E-05,3.99E-05,0.912869047,B,8.4
5167,Moxifloxacin hydrochloride,186826-86-8,MCF7,20,384,5.59E-08,3.96E-05,3.99E-05,0.991869415,A,6
5168,N-acetylpro-cainamide,32795-44-1,MCF7,20,384,5.57E-08,3.98E-05,3.99E-05,0.995346118,B,9.2
5169,Quinidine sulfate,50-54-4,MCF7,20,384,6.27E-08,3.56E-05,3.99E-05,0.892068347,B,9.3
5170,Sematilide,101526-83-4,MCF7,20,384,5.57E-08,3.98E-05,3.99E-05,0.995208279,B,9.1
5171,Sotalol hydrochloride,959-24-0,MCF7,20,384,5.57E-08,3.99E-05,3.99E-05,0.99864702,B,9
5172,Mifepristone,84371-65-3,MCF7,20,384,4.13E-07,4.93E-07,3.96E-05,0.012457904,N,
5173,Perfluorobutanesulfonic_acid,375-73-5,MCF7,20,384,5.56E-08,3.99E-05,3.99E-05,0.999999993,A,-2.9
5174,4_2_Fluorotelomer_sulfonic_acid,757124-72-4,MCF7,20,384,,,,,A,1.4
5175,Perfluorononanoic_acid,375-95-1,MCF7,20,384,8.60E-08,2.28E-07,3.99E-05,0.005711252,A,0.1
5176,Perfluorohexanoic_acid,307-24-4,MCF7,20,384,7.13E-08,9.20E-06,3.99E-05,0.23031378,A,0.1
5177,Perfluorobutanoic_acid,375-22-4,MCF7,20,384,,,,,A,0.1
5178,Perfluorooctanoic_acid,335-67-1,MCF7,20,384,7.07E-08,5.07E-07,3.99E-05,0.012700696,A,0.1
5179,6_2_Fluorotelomer_sulfonic_acid,27619-97-2,MCF7,20,384,5.96E-08,2.80E-06,3.99E-05,0.069983238,A,1.4
5180,8_2_Fluorotelomer_sulfonic_acid,39108-34-4,MCF7,20,384,5.98E-08,2.66E-07,3.99E-05,0.006661934,A,1.4
5181,Perfluoroundecanoic_acid,2058-94-8,MCF7,20,384,7.21E-08,5.49E-08,3.99E-05,0.00137379,A,0.1
5182,Perfluorooctanesulfonic_acid,1763-23-1,MCF7,20,384,1.25E-07,1.29E-07,3.99E-05,0.00324359,A,-2.9
5183,Perfluoroheptanoic_acid,375-85-9,MCF7,20,384,6.47E-08,9.42E-07,3.99E-05,0.023597239,A,0.1
5184,Perfluoropentanoic_acid,2706-90-3,MCF7,20,384,,,,,A,0.1
5185,Perfluorohexanesulfonic_acid,355-46-4,MCF7,20,384,7.70E-08,1.97E-07,3.99E-05,0.004933071,A,-2.9
5186,Perfluorodecanoic_acid,335-76-2,MCF7,20,384,1.10E-07,1.18E-07,3.99E-05,0.00296064,A,0.1
5187,cyclosporine A,59865-13-3,MCF7,20,384,6.01E-08,4.71E-06,3.99E-05,0.117888037,N,
5188,chlorpromazine,50-53-3,MCF7,20,384,2.22E-07,6.97E-06,3.98E-05,0.175161341,B,9.4
5189,PBDE 47,5436-43-1,MCF7,20,384,4.74E-07,1.19E-08,3.95E-05,3.00E-04,N,
5190,PBDE 99,60348-60-9,MCF7,20,384,5.14E-07,5.34E-09,3.95E-05,1.35E-04,N,
5191,PBDE 153,68631-49-2,MCF7,20,384,5.51E-07,2.12E-09,3.94E-05,5.37E-05,N,
5192,amiodarone,1951-25-3,MCF7,20,384,5.32E-07,5.31E-08,3.95E-05,1.35E-03,B,9
5193,Azathioprine,446-86-6,MCF7,20,384,5.57E-08,3.98E-05,3.99E-05,0.996288346,A,8.2
5194,Benzocaine,94-09-7,MCF7,20,384,7.94E-08,2.92E-05,3.99E-05,0.730677885,N,
5195,Butylated hydroxyanisole,25013-16-5,MCF7,20,384,2.24213E-07,6.81713E-06,3.97758E-05,0.171388945,N,
5196,Cetirizine dihydrochloride,83881-52-1,MCF7,20,384,5.56E-08,3.99E-05,3.99E-05,0.999501501,A,4.7
5197,Cyclamate,139-05-9,MCF7,20,384,5.56E-08,3.99E-05,3.99E-05,1,B,17.6
5198,Cyclophosphamide,6055-19-2,MCF7,20,384,5.74E-08,3.84E-05,3.99E-05,0.960988049,B,6.1
5199,Cypermethrin,67375-30-8,MCF7,20,384,5.88E-07,1.28E-08,3.94E-05,3.24E-04,N,
5200,DEET,134-62-3,MCF7,20,384,7.58E-08,3.20E-05,3.99E-05,0.801451163,N,
5201,Dexamethasone,50-02-2,MCF7,20,384,6.63E-08,2.68E-05,3.99E-05,0.670872591,N,
5202,Digoxin,20830-75-5,MCF7,20,384,5.61E-08,3.92E-05,3.99E-05,0.981608233,N,
5203,Fenazaquin,120928-09-8,MCF7,20,384,4.86E-07,1.36E-07,3.95E-05,0.00345253,N,
5204,Fenbuconazole,114369-43-6,MCF7,20,384,1.99E-07,9.02E-06,3.98E-05,0.226521303,N,
5205,Fluazinam,79622-59-6,MCF7,20,384,2.48E-07,1.42E-06,3.98E-05,0.035704593,N,
5206,Furosemide,54-31-9,MCF7,20,384,5.56E-08,3.99E-05,3.99E-05,0.999734534,A,3
5207,Glybenclamide,10238-21-8,MCF7,20,384,1.12E-07,2.16E-05,3.99E-05,0.542236918,A,5
5208,HC Red 3,2871-01-4,MCF7,20,384,5.62E-08,3.93E-05,3.99E-05,0.983886323,N,
5209,Hydralazine hydrochloride,304-20-1,MCF7,20,384,5.75E-08,3.83E-05,3.99E-05,0.958775398,B,6
5210,Ketoconazole,65277-42-1,MCF7,20,384,2.33E-07,6.15E-06,3.98E-05,0.1547731,B,6.6
5211,Metformin,1115-70-4,MCF7,20,384,5.56E-08,3.99E-05,3.99E-05,0.999916077,B,9.6
5212,Metoclopramide,364-62-5,MCF7,20,384,5.92E-08,3.73E-05,3.99E-05,0.933409624,B,9
5213,Nitrofurantoin,67-20-9,MCF7,20,384,5.57E-08,3.98E-05,3.99E-05,0.996637139,A,7.3
5214,Oxytetracycline hydrochloride,2058-46-0,MCF7,20,384,5.56E-08,3.99E-05,3.99E-05,0.999990909,A,4.5
5215,Panthenol,16485-10-2 ,MCF7,20,384,5.57E-08,3.98E-05,3.99E-05,0.997008193,N,
5216,Paracetamol,103-90-2,MCF7,20,384,5.73E-08,3.79E-05,3.99E-05,0.9486514,N,
5217,Topiramate,97240-79-4,MCF7,20,384,5.56E-08,3.99E-05,3.99E-05,0.999931513,A,9.2
5218,Trimellitic anhydride,552-30-7,MCF7,20,384,5.56E-08,3.99E-05,3.99E-05,0.999829482,A,3.3
5219,Verapamil hydrochloride,152-11-4,MCF7,20,384,1.33E-07,1.77E-05,3.99E-05,0.443330403,B,9.2
5220,Warfarin,129-06-6,MCF7,20,384,6.68E-08,2.65E-06,3.99E-05,0.066328664,N,
5221,Caffeine,58-08-2,HCT116,20,384,1.49E-08,3.97E-05,4.00E-05,0.993967836,N,
5222,Lamotrigine,84057-84-1,HCT116,20,384,2.32E-07,1.87E-05,3.98E-05,0.469403911,B,6.6
5223,Diclofenac,15307-79-6,HCT116,20,384,3.44E-07,3.24E-07,3.97E-05,0.008172265,B,17.6
5224,"2,4-Dichlorophenoxyacetic",94-75-7,HCT116,20,384,1.28E-08,4.00E-05,4.00E-05,0.999416579,A,2.7
5225,(S)-Naproxen,22204-53-1,HCT116,20,384,1.89E-08,3.93E-05,4.00E-05,0.982525126,A,4.4
5226,Ibuprofen,15687-27-1,HCT116,20,384,9.17E-08,3.22E-05,3.99E-05,0.805781782,A,5.4
5227,Torasemide,56211-40-6,HCT116,20,384,1.70E-08,3.95E-05,4.00E-05,0.987605921,A,4
5228,Warfarin,81-81-2,HCT116,20,384,1.59E-08,3.96E-05,4.00E-05,0.990629362,A,4.5
5229,di-n-butylphthalate,84-74-2,HCT116,20,384,4.87E-07,2.05E-06,3.95E-05,0.051793038,N,
5230,hexachlorophene,70-30-4,HCT116,20,384,8.04E-07,2.47E-08,3.92E-05,6.31E-04,A,6.2
5231,hexamethylenetetramine,100-97-0,HCT116,20,384,1.31E-08,3.99E-05,4.00E-05,0.998491096,B,6.4
5232,Malathion,121-75-5,HCT116,20,384,2.26E-07,1.83E-05,3.98E-05,0.46008068,N,
5233,pentachlorophenol,87-86-5,HCT116,20,384,2.79E-07,1.68E-05,3.97E-05,0.423668282,A,5
5234,"2,2,2-trichloroethanol",115-20-8,HCT116,20,384,6.54E-08,3.44E-05,3.99E-05,0.862228195,N,
5235,diethylphthalate,84-66-2,HCT116,20,384,1.91E-07,2.36E-05,3.98E-05,0.591993671,N,
5236,4-chlorophenol,106-48-9,HCT116,20,384,2.24E-07,1.89E-05,3.98E-05,0.475343014,N,
5237,permethrin,52645-53-1,HCT116,20,384,7.48E-07,5.78E-09,3.93E-05,0.000147354,N,
5238,Aniline,62-53-3,HCT116,20,384,4.77E-08,3.64E-05,4.00E-05,0.911395617,N,
5239,4-fluoroaniline,371-40-4,HCT116,20,384,4.90E-08,3.62E-05,4.00E-05,0.906745756,N,
5240,"2,4,6-trichlorophenol",88-06-2,HCT116,20,384,3.44E-07,1.23E-05,3.97E-05,0.310361628,A,6.8
5241,Allyl alcohol,107-18-6,HCT116,20,384,1.63E-08,3.96E-05,4.00E-05,0.990030583,N,
5242,N-methylaniline,100-61-8,HCT116,20,384,9.07E-08,3.24E-05,3.99E-05,0.812795753,N,
5243,"3,4-dichloroaniline",95-76-1,HCT116,20,384,3.10E-07,1.23E-05,3.97E-05,0.309790853,N,
5244,4-decylaniline,37529-30-9,HCT116,20,384,6.10E-07,4.12E-08,3.94E-05,0.001046946,N,
5245,naphthalene,91-20-3,HCT116,20,384,3.85E-07,8.95E-06,3.96E-05,0.225844213,N,
5246,"1,2,4-trichlorobenzene",120-82-1,HCT116,20,384,5.18E-07,1.91E-06,3.95E-05,0.048331489,N,
5247,"1,2-dichlorobenzene",95-50-1,HCT116,20,384,4.22E-07,6.48E-06,3.96E-05,0.163663205,N,
5248,dichloromethane,75-09-2,HCT116,20,384,6.40E-08,3.49E-05,3.99E-05,0.873663154,N,
5249,tetrachloroethylene,127-18-4,HCT116,20,384,3.85E-07,9.48E-06,3.96E-05,0.239407977,N,
5250,"2,3-dimethyl-1,3-butadiene",513-81-5,HCT116,20,384,2.18E-07,2.17E-05,3.98E-05,0.544545459,N,
5251,Eugenol F,97-53-0,HCT116,20,384,1.70E-07,2.51E-05,3.98E-05,0.629225484,N,
5252,Methyl-antranilate,134-20-3,HCT116,20,384,7.54E-08,3.42E-05,3.99E-05,0.855838679,N,
5253,Lilyfore,285977-85-7,HCT116,20,384,4.01E-07,8.84E-06,3.96E-05,0.223345495,N,
5254,Damascone beta,23726-91-2,HCT116,20,384,5.88E-07,1.52E-06,3.94E-05,0.038545277,N,
5255,Veloutone,14595-54-1,HCT116,20,384,7.09E-07,2.18E-07,3.93E-05,0.005539476,N,
5256,Verdox,82356-51-2,HCT116,20,384,8.1452E-07,1.84025E-08,3.91855E-05,0.000469625,N,
5257,Nirvanol,1506-02-1,HCT116,20,384,7.51347E-07,9.12375E-08,3.92487E-05,0.002324602,N,
5258,Cetalox,3738-00-9,HCT116,20,384,7.22E-07,1.70E-07,3.93E-05,0.00433224,N,
5259,Tonalide,21145-77-7,HCT116,20,384,7.51E-07,9.12E-08,3.92E-05,0.002324602,N,
5260,"2,4-Dinitrophenol",51-28-5,HCT116,20,384,1.29E-08,4.00E-05,4.00E-05,0.99910627,A,4.1
5261,Aldrin,309-00-2,HCT116,20,384,6.48E-07,7.47E-08,3.94E-05,0.001897808,N,
5262,Azinphos-methyl,86-50-0,HCT116,20,384,2.86E-07,1.63E-05,3.97E-05,0.409954765,N,
5263,Chlorpyrifos,2921-88-2,HCT116,20,384,5.67E-07,2.03E-06,3.94E-05,0.051583839,N,
5264,"DDD-p,p'",50-29-3,HCT116,20,384,6.57E-07,4.80E-09,3.93E-05,1.22E-04,N,
5265,"DDT-o,p'",789-02-6,HCT116,20,384,6.15E-07,1.34E-08,3.94E-05,3.41E-04,N,
5266,"DDT-p,p'",72-54-8,HCT116,20,384,6.44E-07,1.36E-08,3.94E-05,0.000346547,N,
5267,Diazinon,333-41-5,HCT116,20,384,3.66E-07,9.42E-06,3.96E-05,0.237577377,N,
5268,Dicofol,115-32-2,HCT116,20,384,6.80E-07,3.68E-07,3.93E-05,0.009370768,N,
5269,Dieldrin,60-57-1,HCT116,20,384,6.11E-07,3.52E-07,3.94E-05,0.008935353,N,
5270,Disulfoton,298-04-4,HCT116,20,384,4.44E-07,6.93E-06,3.96E-05,0.175183537,N,
5271,Endosulfan I,115-29-7,HCT116,20,384,5.32E-07,4.09E-06,3.95E-05,0.103586578,N,
5272,Endrin,72-20-8,HCT116,20,384,4.33E-07,3.45E-06,3.96E-05,0.087231109,N,
5273,Ethion,563-12-2,HCT116,20,384,4.34E-07,2.86E-06,3.96E-05,0.072170854,N,
5274,Heptachlor,76-44-8,HCT116,20,384,6.88E-07,1.34E-07,3.93E-05,0.003398105,N,
5275,Heptachlor epoxide B,1024-57-3,HCT116,20,384,6.23E-07,2.32E-07,3.94E-05,0.005894128,N,
5276,Lindane,58-89-9,HCT116,20,384,4.35E-07,7.76E-06,3.96E-05,0.196071627,N,
5277,"Methoxychlor-o,p'",72-43-5,HCT116,20,384,5.46E-07,1.85E-07,3.95E-05,0.004682594,N,
5278,Parathion,56-38-2,HCT116,20,384,4.14E-07,8.93E-06,3.96E-05,0.225504635,N,
5279,Trifluralin,1582-09-8,HCT116,20,384,4.38E-07,9.23E-07,3.96E-05,0.02332299,N,
5280,Cisapride,81098-60-4,HCT116,20,384,3.33E-07,1.31E-05,3.97E-05,0.329212211,B,7.8
5281,Citalopram hydrobromide,59729-33-8,HCT116,20,384,1.14E-07,2.81E-05,3.99E-05,0.705484197,N,
5282,Dofetilide,115256-11-6,HCT116,20,384,4.63E-08,3.65E-05,4.00E-05,0.912869047,B,8.4
5283,Moxifloxacin hydrochloride,186826-86-8,HCT116,20,384,1.55E-08,3.97E-05,4.00E-05,0.991869415,A,6
5284,N-acetylpro-cainamide,32795-44-1,HCT116,20,384,1.42E-08,3.98E-05,4.00E-05,0.995346118,B,9.2
5285,Quinidine sulfate,50-54-4,HCT116,20,384,5.49E-08,3.56E-05,3.99E-05,0.892068347,B,9.3
5286,Sematilide,101526-83-4,HCT116,20,384,1.43E-08,3.98E-05,4.00E-05,0.995208279,B,9.1
5287,Sotalol hydrochloride,959-24-0,HCT116,20,384,1.30E-08,3.99E-05,4.00E-05,0.99864702,B,9
5288,Mifepristone,84371-65-3,HCT116,20,384,6.64E-07,4.90E-07,3.93E-05,0.012457904,N,
5289,Perfluorobutanesulfonic_acid,375-73-5,HCT116,20,384,1.26E-08,4.00E-05,4.00E-05,0.999999993,A,-2.9
5290,4_2_Fluorotelomer_sulfonic_acid,757124-72-4,HCT116,20,384,,,,,A,1.4
5291,Perfluorononanoic_acid,375-95-1,HCT116,20,384,3.68E-07,2.26E-07,3.96E-05,0.005711252,A,0.1
5292,Perfluorohexanoic_acid,307-24-4,HCT116,20,384,2.81E-07,9.15E-06,3.97E-05,0.23031378,A,0.1
5293,Perfluorobutanoic_acid,375-22-4,HCT116,20,384,,,,,A,0.1
5294,Perfluorooctanoic_acid,335-67-1,HCT116,20,384,3.51E-07,5.04E-07,3.96E-05,0.012700696,A,0.1
5295,6_2_Fluorotelomer_sulfonic_acid,27619-97-2,HCT116,20,384,3.23E-07,2.78E-06,3.97E-05,0.069983238,A,1.4
5296,8_2_Fluorotelomer_sulfonic_acid,39108-34-4,HCT116,20,384,3.44E-07,2.64E-07,3.97E-05,0.006661934,A,1.4
5297,Perfluoroundecanoic_acid,2058-94-8,HCT116,20,384,3.57E-07,5.45E-08,3.96E-05,0.00137379,A,0.1
5298,Perfluorooctanesulfonic_acid,1763-23-1,HCT116,20,384,4.04E-07,1.28E-07,3.96E-05,0.00324359,A,-2.9
5299,Perfluoroheptanoic_acid,375-85-9,HCT116,20,384,3.43E-07,9.36E-07,3.97E-05,0.023597239,A,0.1
5300,Perfluoropentanoic_acid,2706-90-3,HCT116,20,384,,,,,A,0.1
5301,Perfluorohexanesulfonic_acid,355-46-4,HCT116,20,384,3.60E-07,1.96E-07,3.96E-05,0.004933071,A,-2.9
5302,Perfluorodecanoic_acid,335-76-2,HCT116,20,384,3.91E-07,1.17E-07,3.96E-05,0.00296064,A,0.1
5303,cyclosporine A,59865-13-3,HCT116,20,384,3.08E-07,4.68E-06,3.97E-05,0.117888037,N,
5304,chlorpromazine,50-53-3,HCT116,20,384,4.37E-07,6.93E-06,3.96E-05,0.175161341,B,9.4
5305,PBDE 47,5436-43-1,HCT116,20,384,7.22E-07,1.18E-08,3.93E-05,3.00E-04,N,
5306,PBDE 99,60348-60-9,HCT116,20,384,7.59E-07,5.31E-09,3.92E-05,1.35E-04,N,
5307,PBDE 153,68631-49-2,HCT116,20,384,7.93E-07,2.11E-09,3.92E-05,5.37E-05,N,
5308,amiodarone,1951-25-3,HCT116,20,384,7.75E-07,5.28E-08,3.92E-05,1.35E-03,B,9
5309,Azathioprine,446-86-6,HCT116,20,384,1.39E-08,3.98E-05,4.00E-05,0.996288346,A,8.2
5310,Benzocaine,94-09-7,HCT116,20,384,1.24E-07,2.91E-05,3.99E-05,0.730677885,N,
5311,Butylated hydroxyanisole,25013-16-5,HCT116,20,384,4.39664E-07,6.7802E-06,3.95603E-05,0.171388945,N,
5312,Cetirizine dihydrochloride,83881-52-1,HCT116,20,384,1.27E-08,4.00E-05,4.00E-05,0.999501501,A,4.7
5313,Cyclamate,139-05-9,HCT116,20,384,1.26E-08,4.00E-05,4.00E-05,1,B,17.6
5314,Cyclophosphamide,6055-19-2,HCT116,20,384,2.71E-08,3.84E-05,4.00E-05,0.960988049,B,6.1
5315,Cypermethrin,67375-30-8,HCT116,20,384,8.27E-07,1.27E-08,3.92E-05,3.24E-04,N,
5316,DEET,134-62-3,HCT116,20,384,9.69E-08,3.20E-05,3.99E-05,0.801451163,N,
5317,Dexamethasone,50-02-2,HCT116,20,384,1.31E-07,2.67E-05,3.99E-05,0.670872591,N,
5318,Digoxin,20830-75-5,HCT116,20,384,1.91E-08,3.92E-05,4.00E-05,0.981608233,N,
5319,Fenazaquin,120928-09-8,HCT116,20,384,7.33E-07,1.36E-07,3.93E-05,0.00345253,N,
5320,Fenbuconazole,114369-43-6,HCT116,20,384,3.99E-07,8.97E-06,3.96E-05,0.226521303,N,
5321,Fluazinam,79622-59-6,HCT116,20,384,5.05E-07,1.41E-06,3.95E-05,0.035704593,N,
5322,Furosemide,54-31-9,HCT116,20,384,1.27E-08,4.00E-05,4.00E-05,0.999734534,A,3
5323,Glybenclamide,10238-21-8,HCT116,20,384,2.16E-07,2.16E-05,3.98E-05,0.542236918,A,5
5324,HC Red 3,2871-01-4,HCT116,20,384,1.84E-08,3.93E-05,4.00E-05,0.983886323,N,
5325,Hydralazine hydrochloride,304-20-1,HCT116,20,384,2.80E-08,3.83E-05,4.00E-05,0.958775398,B,6
5326,Ketoconazole,65277-42-1,HCT116,20,384,4.53E-07,6.12E-06,3.95E-05,0.1547731,B,6.6
5327,Metformin,1115-70-4,HCT116,20,384,1.26E-08,4.00E-05,4.00E-05,0.999916077,B,9.6
5328,Metoclopramide,364-62-5,HCT116,20,384,3.80E-08,3.73E-05,4.00E-05,0.933409624,B,9
5329,Nitrofurantoin,67-20-9,HCT116,20,384,1.38E-08,3.99E-05,4.00E-05,0.996637139,A,7.3
5330,Oxytetracycline hydrochloride,2058-46-0,HCT116,20,384,1.26E-08,4.00E-05,4.00E-05,0.999990909,A,4.5
5331,Panthenol,16485-10-2 ,HCT116,20,384,1.36E-08,3.99E-05,4.00E-05,0.997008193,N,
5332,Paracetamol,103-90-2,HCT116,20,384,3.12E-08,3.79E-05,4.00E-05,0.9486514,N,
5333,Topiramate,97240-79-4,HCT116,20,384,1.26E-08,4.00E-05,4.00E-05,0.999931513,A,9.2
5334,Trimellitic anhydride,552-30-7,HCT116,20,384,1.26E-08,4.00E-05,4.00E-05,0.999829482,A,3.3
5335,Verapamil hydrochloride,152-11-4,HCT116,20,384,2.68E-07,1.76E-05,3.97E-05,0.443330403,B,9.2
5336,Warfarin,129-06-6,HCT116,20,384,3.30E-07,2.63E-06,3.97E-05,0.066328664,N,
5337,Caffeine,58-08-2,HEK293T,20,384,4.14E-08,3.97E-05,4.00E-05,0.993967836,N,
5338,Lamotrigine,84057-84-1,HEK293T,20,384,4.18E-07,1.86E-05,3.96E-05,0.469403911,B,6.6
5339,Diclofenac,15307-79-6,HEK293T,20,384,7.00E-07,3.21E-07,3.93E-05,0.008172265,B,17.6
5340,"2,4-Dichlorophenoxyacetic",94-75-7,HEK293T,20,384,3.76E-08,3.99E-05,4.00E-05,0.999416579,A,2.7
5341,(S)-Naproxen,22204-53-1,HEK293T,20,384,4.93E-08,3.93E-05,4.00E-05,0.982525126,A,4.4
5342,Ibuprofen,15687-27-1,HEK293T,20,384,1.77E-07,3.21E-05,3.98E-05,0.805781782,A,5.4
5343,Torasemide,56211-40-6,HEK293T,20,384,4.58E-08,3.95E-05,4.00E-05,0.987605921,A,4
5344,Warfarin,81-81-2,HEK293T,20,384,4.37E-08,3.96E-05,4.00E-05,0.990629362,A,4.5
5345,di-n-butylphthalate,84-74-2,HEK293T,20,384,7.60E-07,2.03E-06,3.92E-05,0.051793038,N,
5346,hexachlorophene,70-30-4,HEK293T,20,384,9.64E-07,2.46E-08,3.90E-05,6.31E-04,A,6.2
5347,hexamethylenetetramine,100-97-0,HEK293T,20,384,3.82E-08,3.99E-05,4.00E-05,0.998491096,B,6.4
5348,Malathion,121-75-5,HEK293T,20,384,4.19E-07,1.82E-05,3.96E-05,0.46008068,N,
5349,pentachlorophenol,87-86-5,HEK293T,20,384,4.67E-07,1.67E-05,3.95E-05,0.423668282,A,5
5350,"2,2,2-trichloroethanol",115-20-8,HEK293T,20,384,1.34E-07,3.44E-05,3.99E-05,0.862228195,N,
5351,diethylphthalate,84-66-2,HEK293T,20,384,3.36E-07,2.35E-05,3.97E-05,0.591993671,N,
5352,4-chlorophenol,106-48-9,HEK293T,20,384,4.11E-07,1.88E-05,3.96E-05,0.475343014,N,
5353,permethrin,52645-53-1,HEK293T,20,384,9.33E-07,5.76E-09,3.91E-05,0.000147354,N,
5354,Aniline,62-53-3,HEK293T,20,384,1.00E-07,3.64E-05,3.99E-05,0.911395617,N,
5355,4-fluoroaniline,371-40-4,HEK293T,20,384,1.03E-07,3.62E-05,3.99E-05,0.906745756,N,
5356,"2,4,6-trichlorophenol",88-06-2,HEK293T,20,384,5.58E-07,1.22E-05,3.94E-05,0.310361628,A,6.8
5357,Allyl alcohol,107-18-6,HEK293T,20,384,4.42E-08,3.96E-05,4.00E-05,0.990030583,N,
5358,N-methylaniline,100-61-8,HEK293T,20,384,1.73E-07,3.24E-05,3.98E-05,0.812795753,N,
5359,"3,4-dichloroaniline",95-76-1,HEK293T,20,384,5.39E-07,1.22E-05,3.95E-05,0.309790853,N,
5360,4-decylaniline,37529-30-9,HEK293T,20,384,8.54E-07,4.10E-08,3.91E-05,0.001046946,N,
5361,naphthalene,91-20-3,HEK293T,20,384,6.21E-07,8.89E-06,3.94E-05,0.225844213,N,
5362,"1,2,4-trichlorobenzene",120-82-1,HEK293T,20,384,7.80E-07,1.90E-06,3.92E-05,0.048331489,N,
5363,"1,2-dichlorobenzene",95-50-1,HEK293T,20,384,6.71E-07,6.44E-06,3.93E-05,0.163663205,N,
5364,dichloromethane,75-09-2,HEK293T,20,384,1.28E-07,3.48E-05,3.99E-05,0.873663154,N,
5365,tetrachloroethylene,127-18-4,HEK293T,20,384,6.15E-07,9.43E-06,3.94E-05,0.239407977,N,
5366,"2,3-dimethyl-1,3-butadiene",513-81-5,HEK293T,20,384,3.74E-07,2.16E-05,3.96E-05,0.544545459,N,
5367,Eugenol F,97-53-0,HEK293T,20,384,3.07E-07,2.50E-05,3.97E-05,0.629225484,N,
5368,Methyl-antranilate,134-20-3,HEK293T,20,384,1.43E-07,3.41E-05,3.99E-05,0.855838679,N,
5369,Lilyfore,285977-85-7,HEK293T,20,384,6.31E-07,8.79E-06,3.94E-05,0.223345495,N,
5370,Damascone beta,23726-91-2,HEK293T,20,384,8.24E-07,1.51E-06,3.92E-05,0.038545277,N,
5371,Veloutone,14595-54-1,HEK293T,20,384,9.08E-07,2.17E-07,3.91E-05,0.005539476,N,
5372,Verdox,82356-51-2,HEK293T,20,384,9.70195E-07,1.83294E-08,3.90298E-05,0.000469625,N,
5373,Nirvanol,1506-02-1,HEK293T,20,384,9.33439E-07,9.08142E-08,3.90666E-05,0.002324602,N,
5374,Cetalox,3738-00-9,HEK293T,20,384,9.16E-07,1.69E-07,3.91E-05,0.00433224,N,
5375,Tonalide,21145-77-7,HEK293T,20,384,9.33E-07,9.08E-08,3.91E-05,0.002324602,N,
5376,"2,4-Dinitrophenol",51-28-5,HEK293T,20,384,3.78E-08,3.99E-05,4.00E-05,0.99910627,A,4.1
5377,Aldrin,309-00-2,HEK293T,20,384,8.75E-07,7.43E-08,3.91E-05,0.001897808,N,
5378,Azinphos-methyl,86-50-0,HEK293T,20,384,4.77E-07,1.62E-05,3.95E-05,0.409954765,N,
5379,Chlorpyrifos,2921-88-2,HEK293T,20,384,8.06E-07,2.02E-06,3.92E-05,0.051583839,N,
5380,"DDD-p,p'",50-29-3,HEK293T,20,384,8.81E-07,4.78E-09,3.91E-05,1.22E-04,N,
5381,"DDT-o,p'",789-02-6,HEK293T,20,384,8.57E-07,1.34E-08,3.91E-05,3.41E-04,N,
5382,"DDT-p,p'",72-54-8,HEK293T,20,384,8.73E-07,1.36E-08,3.91E-05,0.000346547,N,
5383,Diazinon,333-41-5,HEK293T,20,384,6.05E-07,9.36E-06,3.94E-05,0.237577377,N,
5384,Dicofol,115-32-2,HEK293T,20,384,8.90E-07,3.66E-07,3.91E-05,0.009370768,N,
5385,Dieldrin,60-57-1,HEK293T,20,384,8.51E-07,3.50E-07,3.91E-05,0.008935353,N,
5386,Disulfoton,298-04-4,HEK293T,20,384,6.78E-07,6.89E-06,3.93E-05,0.175183537,N,
5387,Endosulfan I,115-29-7,HEK293T,20,384,7.62E-07,4.06E-06,3.92E-05,0.103586578,N,
5388,Endrin,72-20-8,HEK293T,20,384,7.13E-07,3.43E-06,3.93E-05,0.087231109,N,
5389,Ethion,563-12-2,HEK293T,20,384,7.21E-07,2.83E-06,3.93E-05,0.072170854,N,
5390,Heptachlor,76-44-8,HEK293T,20,384,8.97E-07,1.33E-07,3.91E-05,0.003398105,N,
5391,Heptachlor epoxide B,1024-57-3,HEK293T,20,384,8.59E-07,2.31E-07,3.91E-05,0.005894128,N,
5392,Lindane,58-89-9,HEK293T,20,384,6.63E-07,7.71E-06,3.93E-05,0.196071627,N,
5393,"Methoxychlor-o,p'",72-43-5,HEK293T,20,384,8.16E-07,1.83E-07,3.92E-05,0.004682594,N,
5394,Parathion,56-38-2,HEK293T,20,384,6.37E-07,8.88E-06,3.94E-05,0.225504635,N,
5395,Trifluralin,1582-09-8,HEK293T,20,384,7.46E-07,9.16E-07,3.93E-05,0.02332299,N,
5396,Cisapride,81098-60-4,HEK293T,20,384,5.42E-07,1.30E-05,3.95E-05,0.329212211,B,7.8
5397,Citalopram hydrobromide,59729-33-8,HEK293T,20,384,2.38E-07,2.81E-05,3.98E-05,0.705484197,N,
5398,Dofetilide,115256-11-6,HEK293T,20,384,9.89E-08,3.64E-05,3.99E-05,0.912869047,B,8.4
5399,Moxifloxacin hydrochloride,186826-86-8,HEK293T,20,384,4.28E-08,3.96E-05,4.00E-05,0.991869415,A,6
5400,N-acetylpro-cainamide,32795-44-1,HEK293T,20,384,4.04E-08,3.98E-05,4.00E-05,0.995346118,B,9.2
5401,Quinidine sulfate,50-54-4,HEK293T,20,384,1.14E-07,3.56E-05,3.99E-05,0.892068347,B,9.3
5402,Sematilide,101526-83-4,HEK293T,20,384,4.05E-08,3.98E-05,4.00E-05,0.995208279,B,9.1
5403,Sotalol hydrochloride,959-24-0,HEK293T,20,384,3.81E-08,3.99E-05,4.00E-05,0.99864702,B,9
5404,Mifepristone,84371-65-3,HEK293T,20,384,8.79E-07,4.87E-07,3.91E-05,0.012457904,N,
5405,Perfluorobutanesulfonic_acid,375-73-5,HEK293T,20,384,3.72E-08,4.00E-05,4.00E-05,0.999999993,A,-2.9
5406,4_2_Fluorotelomer_sulfonic_acid,757124-72-4,HEK293T,20,384,,,,,A,1.4
5407,Perfluorononanoic_acid,375-95-1,HEK293T,20,384,7.15E-07,2.24E-07,3.93E-05,0.005711252,A,0.1
5408,Perfluorohexanoic_acid,307-24-4,HEK293T,20,384,5.60E-07,9.08E-06,3.94E-05,0.23031378,A,0.1
5409,Perfluorobutanoic_acid,375-22-4,HEK293T,20,384,,,,,A,0.1
5410,Perfluorooctanoic_acid,335-67-1,HEK293T,20,384,7.02E-07,4.99E-07,3.93E-05,0.012700696,A,0.1
5411,6_2_Fluorotelomer_sulfonic_acid,27619-97-2,HEK293T,20,384,6.59E-07,2.75E-06,3.93E-05,0.069983238,A,1.4
5412,8_2_Fluorotelomer_sulfonic_acid,39108-34-4,HEK293T,20,384,7.01E-07,2.62E-07,3.93E-05,0.006661934,A,1.4
5413,Perfluoroundecanoic_acid,2058-94-8,HEK293T,20,384,7.11E-07,5.40E-08,3.93E-05,0.00137379,A,0.1
5414,Perfluorooctanesulfonic_acid,1763-23-1,HEK293T,20,384,7.36E-07,1.27E-07,3.93E-05,0.00324359,A,-2.9
5415,Perfluoroheptanoic_acid,375-85-9,HEK293T,20,384,6.92E-07,9.28E-07,3.93E-05,0.023597239,A,0.1
5416,Perfluoropentanoic_acid,2706-90-3,HEK293T,20,384,,,,,A,0.1
5417,Perfluorohexanesulfonic_acid,355-46-4,HEK293T,20,384,7.11E-07,1.94E-07,3.93E-05,0.004933071,A,-2.9
5418,Perfluorodecanoic_acid,335-76-2,HEK293T,20,384,7.29E-07,1.16E-07,3.93E-05,0.00296064,A,0.1
5419,cyclosporine A,59865-13-3,HEK293T,20,384,6.28E-07,4.64E-06,3.94E-05,0.117888037,N,
5420,chlorpromazine,50-53-3,HEK293T,20,384,6.74E-07,6.89E-06,3.93E-05,0.175161341,B,9.4
5421,PBDE 47,5436-43-1,HEK293T,20,384,9.18E-07,1.17E-08,3.91E-05,3.00E-04,N,
5422,PBDE 99,60348-60-9,HEK293T,20,384,9.39E-07,5.28E-09,3.91E-05,1.35E-04,N,
5423,PBDE 153,68631-49-2,HEK293T,20,384,9.58E-07,2.10E-09,3.90E-05,5.37E-05,N,
5424,amiodarone,1951-25-3,HEK293T,20,384,9.47E-07,5.26E-08,3.91E-05,1.35E-03,B,9
5425,Azathioprine,446-86-6,HEK293T,20,384,3.97E-08,3.98E-05,4.00E-05,0.996288346,A,8.2
5426,Benzocaine,94-09-7,HEK293T,20,384,2.31E-07,2.91E-05,3.98E-05,0.730677885,N,
5427,Butylated hydroxyanisole,25013-16-5,HEK293T,20,384,6.77494E-07,6.73944E-06,3.93225E-05,0.171388945,N,
5428,Cetirizine dihydrochloride,83881-52-1,HEK293T,20,384,3.75E-08,3.99E-05,4.00E-05,0.999501501,A,4.7
5429,Cyclamate,139-05-9,HEK293T,20,384,3.72E-08,4.00E-05,4.00E-05,1,B,17.6
5430,Cyclophosphamide,6055-19-2,HEK293T,20,384,6.45E-08,3.84E-05,3.99E-05,0.960988049,B,6.1
5431,Cypermethrin,67375-30-8,HEK293T,20,384,9.77E-07,1.27E-08,3.90E-05,3.24E-04,N,
5432,DEET,134-62-3,HEK293T,20,384,1.82E-07,3.19E-05,3.98E-05,0.801451163,N,
5433,Dexamethasone,50-02-2,HEK293T,20,384,2.64E-07,2.67E-05,3.97E-05,0.670872591,N,
5434,Digoxin,20830-75-5,HEK293T,20,384,4.99E-08,3.92E-05,4.00E-05,0.981608233,N,
5435,Fenazaquin,120928-09-8,HEK293T,20,384,9.22E-07,1.35E-07,3.91E-05,0.00345253,N,
5436,Fenbuconazole,114369-43-6,HEK293T,20,384,6.28E-07,8.92E-06,3.94E-05,0.226521303,N,
5437,Fluazinam,79622-59-6,HEK293T,20,384,7.79E-07,1.40E-06,3.92E-05,0.035704593,N,
5438,Furosemide,54-31-9,HEK293T,20,384,3.74E-08,4.00E-05,4.00E-05,0.999734534,A,3
5439,Glybenclamide,10238-21-8,HEK293T,20,384,3.74E-07,2.15E-05,3.96E-05,0.542236918,A,5
5440,HC Red 3,2871-01-4,HEK293T,20,384,4.84E-08,3.93E-05,4.00E-05,0.983886323,N,
5441,Hydralazine hydrochloride,304-20-1,HEK293T,20,384,6.61E-08,3.83E-05,3.99E-05,0.958775398,B,6
5442,Ketoconazole,65277-42-1,HEK293T,20,384,6.93E-07,6.08E-06,3.93E-05,0.1547731,B,6.6
5443,Metformin,1115-70-4,HEK293T,20,384,3.72E-08,4.00E-05,4.00E-05,0.999916077,B,9.6
5444,Metoclopramide,364-62-5,HEK293T,20,384,8.41E-08,3.73E-05,3.99E-05,0.933409624,B,9
5445,Nitrofurantoin,67-20-9,HEK293T,20,384,3.95E-08,3.98E-05,4.00E-05,0.996637139,A,7.3
5446,Oxytetracycline hydrochloride,2058-46-0,HEK293T,20,384,3.72E-08,4.00E-05,4.00E-05,0.999990909,A,4.5
5447,Panthenol,16485-10-2 ,HEK293T,20,384,3.92E-08,3.98E-05,4.00E-05,0.997008193,N,
5448,Paracetamol,103-90-2,HEK293T,20,384,7.28E-08,3.79E-05,3.99E-05,0.9486514,N,
5449,Topiramate,97240-79-4,HEK293T,20,384,3.72E-08,4.00E-05,4.00E-05,0.999931513,A,9.2
5450,Trimellitic anhydride,552-30-7,HEK293T,20,384,3.73E-08,4.00E-05,4.00E-05,0.999829482,A,3.3
5451,Verapamil hydrochloride,152-11-4,HEK293T,20,384,4.51E-07,1.75E-05,3.95E-05,0.443330403,B,9.2
5452,Warfarin,129-06-6,HEK293T,20,384,6.65E-07,2.61E-06,3.93E-05,0.066328664,N,
5453,Caffeine,58-08-2,HepG2,20,384,1.71E-08,3.97E-05,4.00E-05,0.993967836,N,
5454,Lamotrigine,84057-84-1,HepG2,20,384,2.55E-07,1.87E-05,3.97E-05,0.469403911,B,6.6
5455,Diclofenac,15307-79-6,HepG2,20,384,3.27E-07,3.24E-07,3.97E-05,0.008172265,B,17.6
5456,"2,4-Dichlorophenoxyacetic",94-75-7,HepG2,20,384,1.49E-08,4.00E-05,4.00E-05,0.999416579,A,2.7
5457,(S)-Naproxen,22204-53-1,HepG2,20,384,2.11E-08,3.93E-05,4.00E-05,0.982525126,A,4.4
5458,Ibuprofen,15687-27-1,HepG2,20,384,1.00E-07,3.22E-05,3.99E-05,0.805781782,A,5.4
5459,Torasemide,56211-40-6,HepG2,20,384,1.92E-08,3.95E-05,4.00E-05,0.987605921,A,4
5460,Warfarin,81-81-2,HepG2,20,384,1.80E-08,3.96E-05,4.00E-05,0.990629362,A,4.5
5461,di-n-butylphthalate,84-74-2,HepG2,20,384,5.85E-07,2.04E-06,3.94E-05,0.051793038,N,
5462,hexachlorophene,70-30-4,HepG2,20,384,1.11E-06,2.45E-08,3.89E-05,6.31E-04,A,6.2
5463,hexamethylenetetramine,100-97-0,HepG2,20,384,1.52E-08,3.99E-05,4.00E-05,0.998491096,B,6.4
5464,Malathion,121-75-5,HepG2,20,384,2.41E-07,1.83E-05,3.98E-05,0.46008068,N,
5465,pentachlorophenol,87-86-5,HepG2,20,384,3.23E-07,1.68E-05,3.97E-05,0.423668282,A,5
5466,"2,2,2-trichloroethanol",115-20-8,HepG2,20,384,6.96E-08,3.44E-05,3.99E-05,0.862228195,N,
5467,diethylphthalate,84-66-2,HepG2,20,384,2.16E-07,2.36E-05,3.98E-05,0.591993671,N,
5468,4-chlorophenol,106-48-9,HepG2,20,384,2.43E-07,1.89E-05,3.98E-05,0.475343014,N,
5469,permethrin,52645-53-1,HepG2,20,384,1.02E-06,5.74E-09,3.90E-05,0.000147354,N,
5470,Aniline,62-53-3,HepG2,20,384,5.20E-08,3.64E-05,3.99E-05,0.911395617,N,
5471,4-fluoroaniline,371-40-4,HepG2,20,384,5.30E-08,3.62E-05,3.99E-05,0.906745756,N,
5472,"2,4,6-trichlorophenol",88-06-2,HepG2,20,384,4.06E-07,1.23E-05,3.96E-05,0.310361628,A,6.8
5473,Allyl alcohol,107-18-6,HepG2,20,384,1.85E-08,3.96E-05,4.00E-05,0.990030583,N,
5474,N-methylaniline,100-61-8,HepG2,20,384,1.00E-07,3.24E-05,3.99E-05,0.812795753,N,
5475,"3,4-dichloroaniline",95-76-1,HepG2,20,384,3.48E-07,1.23E-05,3.97E-05,0.309790853,N,
5476,4-decylaniline,37529-30-9,HepG2,20,384,7.83E-07,4.11E-08,3.92E-05,0.001046946,N,
5477,naphthalene,91-20-3,HepG2,20,384,4.54E-07,8.93E-06,3.95E-05,0.225844213,N,
5478,"1,2,4-trichlorobenzene",120-82-1,HepG2,20,384,6.38E-07,1.90E-06,3.94E-05,0.048331489,N,
5479,"1,2-dichlorobenzene",95-50-1,HepG2,20,384,5.02E-07,6.46E-06,3.95E-05,0.163663205,N,
5480,dichloromethane,75-09-2,HepG2,20,384,7.03E-08,3.49E-05,3.99E-05,0.873663154,N,
5481,tetrachloroethylene,127-18-4,HepG2,20,384,4.59E-07,9.47E-06,3.95E-05,0.239407977,N,
5482,"2,3-dimethyl-1,3-butadiene",513-81-5,HepG2,20,384,2.49E-07,2.16E-05,3.98E-05,0.544545459,N,
5483,Eugenol F,97-53-0,HepG2,20,384,1.89E-07,2.50E-05,3.98E-05,0.629225484,N,
5484,Methyl-antranilate,134-20-3,HepG2,20,384,8.53E-08,3.42E-05,3.99E-05,0.855838679,N,
5485,Lilyfore,285977-85-7,HepG2,20,384,4.82E-07,8.83E-06,3.95E-05,0.223345495,N,
5486,Damascone beta,23726-91-2,HepG2,20,384,7.55E-07,1.51E-06,3.92E-05,0.038545277,N,
5487,Veloutone,14595-54-1,HepG2,20,384,9.54E-07,2.16E-07,3.90E-05,0.005539476,N,
5488,Verdox,82356-51-2,HepG2,20,384,1.13241E-06,1.82532E-08,3.88676E-05,0.000469625,N,
5489,Nirvanol,1506-02-1,HepG2,20,384,1.02532E-06,9.06006E-08,3.89747E-05,0.002324602,N,
5490,Cetalox,3738-00-9,HepG2,20,384,9.75E-07,1.69E-07,3.90E-05,0.00433224,N,
5491,Tonalide,21145-77-7,HepG2,20,384,1.03E-06,9.06E-08,3.90E-05,0.002324602,N,
5492,"2,4-Dinitrophenol",51-28-5,HepG2,20,384,1.50E-08,3.99E-05,4.00E-05,0.99910627,A,4.1
5493,Aldrin,309-00-2,HepG2,20,384,8.48E-07,7.43E-08,3.92E-05,0.001897808,N,
5494,Azinphos-methyl,86-50-0,HepG2,20,384,3.32E-07,1.63E-05,3.97E-05,0.409954765,N,
5495,Chlorpyrifos,2921-88-2,HepG2,20,384,7.22E-07,2.03E-06,3.93E-05,0.051583839,N,
5496,"DDD-p,p'",50-29-3,HepG2,20,384,8.64E-07,4.78E-09,3.91E-05,1.22E-04,N,
5497,"DDT-o,p'",789-02-6,HepG2,20,384,7.92E-07,1.34E-08,3.92E-05,3.41E-04,N,
5498,"DDT-p,p'",72-54-8,HepG2,20,384,8.41E-07,1.36E-08,3.92E-05,0.000346547,N,
5499,Diazinon,333-41-5,HepG2,20,384,4.26E-07,9.40E-06,3.96E-05,0.237577377,N,
5500,Dicofol,115-32-2,HepG2,20,384,9.06E-07,3.66E-07,3.91E-05,0.009370768,N,
5501,Dieldrin,60-57-1,HepG2,20,384,7.88E-07,3.50E-07,3.92E-05,0.008935353,N,
5502,Disulfoton,298-04-4,HepG2,20,384,5.42E-07,6.91E-06,3.95E-05,0.175183537,N,
5503,Endosulfan I,115-29-7,HepG2,20,384,6.76E-07,4.07E-06,3.93E-05,0.103586578,N,
5504,Endrin,72-20-8,HepG2,20,384,5.01E-07,3.45E-06,3.95E-05,0.087231109,N,
5505,Ethion,563-12-2,HepG2,20,384,4.99E-07,2.85E-06,3.95E-05,0.072170854,N,
5506,Heptachlor,76-44-8,HepG2,20,384,9.18E-07,1.33E-07,3.91E-05,0.003398105,N,
5507,Heptachlor epoxide B,1024-57-3,HepG2,20,384,8.07E-07,2.31E-07,3.92E-05,0.005894128,N,
5508,Lindane,58-89-9,HepG2,20,384,5.33E-07,7.74E-06,3.95E-05,0.196071627,N,
5509,"Methoxychlor-o,p'",72-43-5,HepG2,20,384,6.75E-07,1.84E-07,3.93E-05,0.004682594,N,
5510,Parathion,56-38-2,HepG2,20,384,5.04E-07,8.91E-06,3.95E-05,0.225504635,N,
5511,Trifluralin,1582-09-8,HepG2,20,384,4.93E-07,9.21E-07,3.95E-05,0.02332299,N,
5512,Cisapride,81098-60-4,HepG2,20,384,3.92E-07,1.30E-05,3.96E-05,0.329212211,B,7.8
5513,Citalopram hydrobromide,59729-33-8,HepG2,20,384,1.13E-07,2.81E-05,3.99E-05,0.705484197,N,
5514,Dofetilide,115256-11-6,HepG2,20,384,5.00E-08,3.65E-05,4.00E-05,0.912869047,B,8.4
5515,Moxifloxacin hydrochloride,186826-86-8,HepG2,20,384,1.76E-08,3.97E-05,4.00E-05,0.991869415,A,6
5516,N-acetylpro-cainamide,32795-44-1,HepG2,20,384,1.63E-08,3.98E-05,4.00E-05,0.995346118,B,9.2
5517,Quinidine sulfate,50-54-4,HepG2,20,384,5.93E-08,3.56E-05,3.99E-05,0.892068347,B,9.3
5518,Sematilide,101526-83-4,HepG2,20,384,1.64E-08,3.98E-05,4.00E-05,0.995208279,B,9.1
5519,Sotalol hydrochloride,959-24-0,HepG2,20,384,1.52E-08,3.99E-05,4.00E-05,0.99864702,B,9
5520,Mifepristone,84371-65-3,HepG2,20,384,8.78E-07,4.87E-07,3.91E-05,0.012457904,N,
5521,Perfluorobutanesulfonic_acid,375-73-5,HepG2,20,384,1.47E-08,4.00E-05,4.00E-05,0.999999993,A,-2.9
5522,4_2_Fluorotelomer_sulfonic_acid,757124-72-4,HepG2,20,384,,,,,A,1.4
5523,Perfluorononanoic_acid,375-95-1,HepG2,20,384,3.68E-07,2.26E-07,3.96E-05,0.005711252,A,0.1
5524,Perfluorohexanoic_acid,307-24-4,HepG2,20,384,2.76E-07,9.15E-06,3.97E-05,0.23031378,A,0.1
5525,Perfluorobutanoic_acid,375-22-4,HepG2,20,384,,,,,A,0.1
5526,Perfluorooctanoic_acid,335-67-1,HepG2,20,384,3.41E-07,5.04E-07,3.97E-05,0.012700696,A,0.1
5527,6_2_Fluorotelomer_sulfonic_acid,27619-97-2,HepG2,20,384,3.07E-07,2.78E-06,3.97E-05,0.069983238,A,1.4
5528,8_2_Fluorotelomer_sulfonic_acid,39108-34-4,HepG2,20,384,3.26E-07,2.64E-07,3.97E-05,0.006661934,A,1.4
5529,Perfluoroundecanoic_acid,2058-94-8,HepG2,20,384,3.47E-07,5.45E-08,3.97E-05,0.00137379,A,0.1
5530,Perfluorooctanesulfonic_acid,1763-23-1,HepG2,20,384,4.29E-07,1.28E-07,3.96E-05,0.00324359,A,-2.9
5531,Perfluoroheptanoic_acid,375-85-9,HepG2,20,384,3.29E-07,9.36E-07,3.97E-05,0.023597239,A,0.1
5532,Perfluoropentanoic_acid,2706-90-3,HepG2,20,384,,,,,A,0.1
5533,Perfluorohexanesulfonic_acid,355-46-4,HepG2,20,384,3.54E-07,1.96E-07,3.96E-05,0.004933071,A,-2.9
5534,Perfluorodecanoic_acid,335-76-2,HepG2,20,384,4.07E-07,1.17E-07,3.96E-05,0.00296064,A,0.1
5535,cyclosporine A,59865-13-3,HepG2,20,384,2.93E-07,4.68E-06,3.97E-05,0.117888037,N,
5536,chlorpromazine,50-53-3,HepG2,20,384,5.31E-07,6.91E-06,3.95E-05,0.175161341,B,9.4
5537,PBDE 47,5436-43-1,HepG2,20,384,9.76E-07,1.17E-08,3.90E-05,3.00E-04,N,
5538,PBDE 99,60348-60-9,HepG2,20,384,1.04E-06,5.27E-09,3.90E-05,1.35E-04,N,
5539,PBDE 153,68631-49-2,HepG2,20,384,1.10E-06,2.09E-09,3.89E-05,5.37E-05,N,
5540,amiodarone,1951-25-3,HepG2,20,384,1.07E-06,5.24E-08,3.89E-05,1.35E-03,B,9
5541,Azathioprine,446-86-6,HepG2,20,384,1.60E-08,3.98E-05,4.00E-05,0.996288346,A,8.2
5542,Benzocaine,94-09-7,HepG2,20,384,1.36E-07,2.91E-05,3.99E-05,0.730677885,N,
5543,Butylated hydroxyanisole,25013-16-5,HepG2,20,384,5.34689E-07,6.76392E-06,3.94653E-05,0.171388945,N,
5544,Cetirizine dihydrochloride,83881-52-1,HepG2,20,384,1.49E-08,4.00E-05,4.00E-05,0.999501501,A,4.7
5545,Cyclamate,139-05-9,HepG2,20,384,1.47E-08,4.00E-05,4.00E-05,1,B,17.6
5546,Cyclophosphamide,6055-19-2,HepG2,20,384,2.96E-08,3.84E-05,4.00E-05,0.960988049,B,6.1
5547,Cypermethrin,67375-30-8,HepG2,20,384,1.15E-06,1.26E-08,3.88E-05,3.24E-04,N,
5548,DEET,134-62-3,HepG2,20,384,1.08E-07,3.20E-05,3.99E-05,0.801451163,N,
5549,Dexamethasone,50-02-2,HepG2,20,384,1.33E-07,2.67E-05,3.99E-05,0.670872591,N,
5550,Digoxin,20830-75-5,HepG2,20,384,2.11E-08,3.92E-05,4.00E-05,0.981608233,N,
5551,Fenazaquin,120928-09-8,HepG2,20,384,9.94E-07,1.35E-07,3.90E-05,0.00345253,N,
5552,Fenbuconazole,114369-43-6,HepG2,20,384,4.79E-07,8.95E-06,3.95E-05,0.226521303,N,
5553,Fluazinam,79622-59-6,HepG2,20,384,6.13E-07,1.41E-06,3.94E-05,0.035704593,N,
5554,Furosemide,54-31-9,HepG2,20,384,1.48E-08,4.00E-05,4.00E-05,0.999734534,A,3
5555,Glybenclamide,10238-21-8,HepG2,20,384,2.46E-07,2.16E-05,3.98E-05,0.542236918,A,5
5556,HC Red 3,2871-01-4,HepG2,20,384,2.06E-08,3.93E-05,4.00E-05,0.983886323,N,
5557,Hydralazine hydrochloride,304-20-1,HepG2,20,384,3.05E-08,3.83E-05,4.00E-05,0.958775398,B,6
5558,Ketoconazole,65277-42-1,HepG2,20,384,5.54E-07,6.11E-06,3.94E-05,0.1547731,B,6.6
5559,Metformin,1115-70-4,HepG2,20,384,1.48E-08,4.00E-05,4.00E-05,0.999916077,B,9.6
5560,Metoclopramide,364-62-5,HepG2,20,384,4.11E-08,3.73E-05,4.00E-05,0.933409624,B,9
5561,Nitrofurantoin,67-20-9,HepG2,20,384,1.59E-08,3.98E-05,4.00E-05,0.996637139,A,7.3
5562,Oxytetracycline hydrochloride,2058-46-0,HepG2,20,384,1.47E-08,4.00E-05,4.00E-05,0.999990909,A,4.5
5563,Panthenol,16485-10-2 ,HepG2,20,384,1.58E-08,3.99E-05,4.00E-05,0.997008193,N,
5564,Paracetamol,103-90-2,HepG2,20,384,3.33E-08,3.79E-05,4.00E-05,0.9486514,N,
5565,Topiramate,97240-79-4,HepG2,20,384,1.48E-08,4.00E-05,4.00E-05,0.999931513,A,9.2
5566,Trimellitic anhydride,552-30-7,HepG2,20,384,1.48E-08,4.00E-05,4.00E-05,0.999829482,A,3.3
5567,Verapamil hydrochloride,152-11-4,HepG2,20,384,3.09E-07,1.76E-05,3.97E-05,0.443330403,B,9.2
5568,Warfarin,129-06-6,HepG2,20,384,3.19E-07,2.63E-06,3.97E-05,0.066328664,N,
5569,Caffeine,58-08-2,Me_180,20,384,2.17E-08,3.97E-05,4.00E-05,0.993967836,N,
5570,Lamotrigine,84057-84-1,Me_180,20,384,3.31E-07,1.86E-05,3.97E-05,0.469403911,B,6.6
5571,Diclofenac,15307-79-6,Me_180,20,384,4.61E-07,3.23E-07,3.95E-05,0.008172265,B,17.6
5572,"2,4-Dichlorophenoxyacetic",94-75-7,Me_180,20,384,1.88E-08,4.00E-05,4.00E-05,0.999416579,A,2.7
5573,(S)-Naproxen,22204-53-1,Me_180,20,384,2.72E-08,3.93E-05,4.00E-05,0.982525126,A,4.4
5574,Ibuprofen,15687-27-1,Me_180,20,384,1.31E-07,3.21E-05,3.99E-05,0.805781782,A,5.4
5575,Torasemide,56211-40-6,Me_180,20,384,2.46E-08,3.95E-05,4.00E-05,0.987605921,A,4
5576,Warfarin,81-81-2,Me_180,20,384,2.31E-08,3.96E-05,4.00E-05,0.990629362,A,4.5
5577,di-n-butylphthalate,84-74-2,Me_180,20,384,7.22E-07,2.03E-06,3.93E-05,0.051793038,N,
5578,hexachlorophene,70-30-4,Me_180,20,384,1.27E-06,2.44E-08,3.87E-05,6.31E-04,A,6.2
5579,hexamethylenetetramine,100-97-0,Me_180,20,384,1.92E-08,3.99E-05,4.00E-05,0.998491096,B,6.4
5580,Malathion,121-75-5,Me_180,20,384,3.18E-07,1.83E-05,3.97E-05,0.46008068,N,
5581,pentachlorophenol,87-86-5,Me_180,20,384,4.07E-07,1.68E-05,3.96E-05,0.423668282,A,5
5582,"2,2,2-trichloroethanol",115-20-8,Me_180,20,384,9.21E-08,3.44E-05,3.99E-05,0.862228195,N,
5583,diethylphthalate,84-66-2,Me_180,20,384,2.76E-07,2.35E-05,3.97E-05,0.591993671,N,
5584,4-chlorophenol,106-48-9,Me_180,20,384,3.18E-07,1.89E-05,3.97E-05,0.475343014,N,
5585,permethrin,52645-53-1,Me_180,20,384,1.18E-06,5.72E-09,3.88E-05,0.000147354,N,
5586,Aniline,62-53-3,Me_180,20,384,6.79E-08,3.64E-05,3.99E-05,0.911395617,N,
5587,4-fluoroaniline,371-40-4,Me_180,20,384,6.95E-08,3.62E-05,3.99E-05,0.906745756,N,
5588,"2,4,6-trichlorophenol",88-06-2,Me_180,20,384,5.07E-07,1.23E-05,3.95E-05,0.310361628,A,6.8
5589,Allyl alcohol,107-18-6,Me_180,20,384,2.36E-08,3.96E-05,4.00E-05,0.990030583,N,
5590,N-methylaniline,100-61-8,Me_180,20,384,1.30E-07,3.24E-05,3.99E-05,0.812795753,N,
5591,"3,4-dichloroaniline",95-76-1,Me_180,20,384,4.46E-07,1.23E-05,3.96E-05,0.309790853,N,
5592,4-decylaniline,37529-30-9,Me_180,20,384,9.32E-07,4.09E-08,3.91E-05,0.001046946,N,
5593,naphthalene,91-20-3,Me_180,20,384,5.66E-07,8.91E-06,3.94E-05,0.225844213,N,
5594,"1,2,4-trichlorobenzene",120-82-1,Me_180,20,384,7.77E-07,1.90E-06,3.92E-05,0.048331489,N,
5595,"1,2-dichlorobenzene",95-50-1,Me_180,20,384,6.23E-07,6.44E-06,3.94E-05,0.163663205,N,
5596,dichloromethane,75-09-2,Me_180,20,384,9.14E-08,3.49E-05,3.99E-05,0.873663154,N,
5597,tetrachloroethylene,127-18-4,Me_180,20,384,5.69E-07,9.44E-06,3.94E-05,0.239407977,N,
5598,"2,3-dimethyl-1,3-butadiene",513-81-5,Me_180,20,384,3.16E-07,2.16E-05,3.97E-05,0.544545459,N,
5599,Eugenol F,97-53-0,Me_180,20,384,2.44E-07,2.50E-05,3.98E-05,0.629225484,N,
5600,Methyl-antranilate,134-20-3,Me_180,20,384,1.09E-07,3.41E-05,3.99E-05,0.855838679,N,
5601,Lilyfore,285977-85-7,Me_180,20,384,5.95E-07,8.80E-06,3.94E-05,0.223345495,N,
5602,Damascone beta,23726-91-2,Me_180,20,384,8.99E-07,1.51E-06,3.91E-05,0.038545277,N,
5603,Veloutone,14595-54-1,Me_180,20,384,1.11E-06,2.15E-07,3.89E-05,0.005539476,N,
5604,Verdox,82356-51-2,Me_180,20,384,1.2925E-06,1.8178E-08,3.87075E-05,0.000469625,N,
5605,Nirvanol,1506-02-1,Me_180,20,384,1.18184E-06,9.02368E-08,3.88182E-05,0.002324602,N,
5606,Cetalox,3738-00-9,Me_180,20,384,1.13E-06,1.68E-07,3.89E-05,0.00433224,N,
5607,Tonalide,21145-77-7,Me_180,20,384,1.18E-06,9.02E-08,3.88E-05,0.002324602,N,
5608,"2,4-Dinitrophenol",51-28-5,Me_180,20,384,1.89E-08,3.99E-05,4.00E-05,0.99910627,A,4.1
5609,Aldrin,309-00-2,Me_180,20,384,9.99E-07,7.40E-08,3.90E-05,0.001897808,N,
5610,Azinphos-methyl,86-50-0,Me_180,20,384,4.18E-07,1.62E-05,3.96E-05,0.409954765,N,
5611,Chlorpyrifos,2921-88-2,Me_180,20,384,8.63E-07,2.02E-06,3.91E-05,0.051583839,N,
5612,"DDD-p,p'",50-29-3,Me_180,20,384,1.02E-06,4.76E-09,3.90E-05,1.22E-04,N,
5613,"DDT-o,p'",789-02-6,Me_180,20,384,9.42E-07,1.33E-08,3.91E-05,3.41E-04,N,
5614,"DDT-p,p'",72-54-8,Me_180,20,384,9.92E-07,1.35E-08,3.90E-05,0.000346547,N,
5615,Diazinon,333-41-5,Me_180,20,384,5.35E-07,9.38E-06,3.95E-05,0.237577377,N,
5616,Dicofol,115-32-2,Me_180,20,384,1.06E-06,3.65E-07,3.89E-05,0.009370768,N,
5617,Dieldrin,60-57-1,Me_180,20,384,9.36E-07,3.49E-07,3.91E-05,0.008935353,N,
5618,Disulfoton,298-04-4,Me_180,20,384,6.63E-07,6.89E-06,3.93E-05,0.175183537,N,
5619,Endosulfan I,115-29-7,Me_180,20,384,8.10E-07,4.06E-06,3.92E-05,0.103586578,N,
5620,Endrin,72-20-8,Me_180,20,384,6.31E-07,3.43E-06,3.94E-05,0.087231109,N,
5621,Ethion,563-12-2,Me_180,20,384,6.31E-07,2.84E-06,3.94E-05,0.072170854,N,
5622,Heptachlor,76-44-8,Me_180,20,384,1.07E-06,1.32E-07,3.89E-05,0.003398105,N,
5623,Heptachlor epoxide B,1024-57-3,Me_180,20,384,9.56E-07,2.30E-07,3.90E-05,0.005894128,N,
5624,Lindane,58-89-9,Me_180,20,384,6.51E-07,7.72E-06,3.93E-05,0.196071627,N,
5625,"Methoxychlor-o,p'",72-43-5,Me_180,20,384,8.20E-07,1.83E-07,3.92E-05,0.004682594,N,
5626,Parathion,56-38-2,Me_180,20,384,6.18E-07,8.88E-06,3.94E-05,0.225504635,N,
5627,Trifluralin,1582-09-8,Me_180,20,384,6.30E-07,9.18E-07,3.94E-05,0.02332299,N,
5628,Cisapride,81098-60-4,Me_180,20,384,4.89E-07,1.30E-05,3.95E-05,0.329212211,B,7.8
5629,Citalopram hydrobromide,59729-33-8,Me_180,20,384,1.56E-07,2.81E-05,3.98E-05,0.705484197,N,
5630,Dofetilide,115256-11-6,Me_180,20,384,6.56E-08,3.65E-05,3.99E-05,0.912869047,B,8.4
5631,Moxifloxacin hydrochloride,186826-86-8,Me_180,20,384,2.25E-08,3.97E-05,4.00E-05,0.991869415,A,6
5632,N-acetylpro-cainamide,32795-44-1,Me_180,20,384,2.07E-08,3.98E-05,4.00E-05,0.995346118,B,9.2
5633,Quinidine sulfate,50-54-4,Me_180,20,384,7.78E-08,3.56E-05,3.99E-05,0.892068347,B,9.3
5634,Sematilide,101526-83-4,Me_180,20,384,2.08E-08,3.98E-05,4.00E-05,0.995208279,B,9.1
5635,Sotalol hydrochloride,959-24-0,Me_180,20,384,1.91E-08,3.99E-05,4.00E-05,0.99864702,B,9
5636,Mifepristone,84371-65-3,Me_180,20,384,1.03E-06,4.85E-07,3.90E-05,0.012457904,N,
5637,Perfluorobutanesulfonic_acid,375-73-5,Me_180,20,384,1.85E-08,4.00E-05,4.00E-05,0.999999993,A,-2.9
5638,4_2_Fluorotelomer_sulfonic_acid,757124-72-4,Me_180,20,384,,,,,A,1.4
5639,Perfluorononanoic_acid,375-95-1,Me_180,20,384,5.03E-07,2.26E-07,3.95E-05,0.005711252,A,0.1
5640,Perfluorohexanoic_acid,307-24-4,Me_180,20,384,3.82E-07,9.12E-06,3.96E-05,0.23031378,A,0.1
5641,Perfluorobutanoic_acid,375-22-4,Me_180,20,384,,,,,A,0.1
5642,Perfluorooctanoic_acid,335-67-1,Me_180,20,384,4.75E-07,5.02E-07,3.95E-05,0.012700696,A,0.1
5643,6_2_Fluorotelomer_sulfonic_acid,27619-97-2,Me_180,20,384,4.32E-07,2.77E-06,3.96E-05,0.069983238,A,1.4
5644,8_2_Fluorotelomer_sulfonic_acid,39108-34-4,Me_180,20,384,4.60E-07,2.63E-07,3.95E-05,0.006661934,A,1.4
5645,Perfluoroundecanoic_acid,2058-94-8,Me_180,20,384,4.82E-07,5.43E-08,3.95E-05,0.00137379,A,0.1
5646,Perfluorooctanesulfonic_acid,1763-23-1,Me_180,20,384,5.66E-07,1.28E-07,3.94E-05,0.00324359,A,-2.9
5647,Perfluoroheptanoic_acid,375-85-9,Me_180,20,384,4.60E-07,9.33E-07,3.95E-05,0.023597239,A,0.1
5648,Perfluoropentanoic_acid,2706-90-3,Me_180,20,384,,,,,A,0.1
5649,Perfluorohexanesulfonic_acid,355-46-4,Me_180,20,384,4.88E-07,1.95E-07,3.95E-05,0.004933071,A,-2.9
5650,Perfluorodecanoic_acid,335-76-2,Me_180,20,384,5.43E-07,1.17E-07,3.95E-05,0.00296064,A,0.1
5651,cyclosporine A,59865-13-3,Me_180,20,384,4.12E-07,4.67E-06,3.96E-05,0.117888037,N,
5652,chlorpromazine,50-53-3,Me_180,20,384,6.51E-07,6.89E-06,3.93E-05,0.175161341,B,9.4
5653,PBDE 47,5436-43-1,Me_180,20,384,1.13E-06,1.17E-08,3.89E-05,3.00E-04,N,
5654,PBDE 99,60348-60-9,Me_180,20,384,1.20E-06,5.25E-09,3.88E-05,1.35E-04,N,
5655,PBDE 153,68631-49-2,Me_180,20,384,1.25E-06,2.08E-09,3.87E-05,5.37E-05,N,
5656,amiodarone,1951-25-3,Me_180,20,384,1.22E-06,5.22E-08,3.88E-05,1.35E-03,B,9
5657,Azathioprine,446-86-6,Me_180,20,384,2.03E-08,3.98E-05,4.00E-05,0.996288346,A,8.2
5658,Benzocaine,94-09-7,Me_180,20,384,1.76E-07,2.91E-05,3.98E-05,0.730677885,N,
5659,Butylated hydroxyanisole,25013-16-5,Me_180,20,384,6.55785E-07,6.74316E-06,3.93442E-05,0.171388945,N,
5660,Cetirizine dihydrochloride,83881-52-1,Me_180,20,384,1.87E-08,4.00E-05,4.00E-05,0.999501501,A,4.7
5661,Cyclamate,139-05-9,Me_180,20,384,1.85E-08,4.00E-05,4.00E-05,1,B,17.6
5662,Cyclophosphamide,6055-19-2,Me_180,20,384,3.86E-08,3.84E-05,4.00E-05,0.960988049,B,6.1
5663,Cypermethrin,67375-30-8,Me_180,20,384,1.31E-06,1.26E-08,3.87E-05,3.24E-04,N,
5664,DEET,134-62-3,Me_180,20,384,1.39E-07,3.19E-05,3.99E-05,0.801451163,N,
5665,Dexamethasone,50-02-2,Me_180,20,384,1.81E-07,2.67E-05,3.98E-05,0.670872591,N,
5666,Digoxin,20830-75-5,Me_180,20,384,2.74E-08,3.92E-05,4.00E-05,0.981608233,N,
5667,Fenazaquin,120928-09-8,Me_180,20,384,1.15E-06,1.34E-07,3.89E-05,0.00345253,N,
5668,Fenbuconazole,114369-43-6,Me_180,20,384,5.92E-07,8.93E-06,3.94E-05,0.226521303,N,
5669,Fluazinam,79622-59-6,Me_180,20,384,7.52E-07,1.40E-06,3.92E-05,0.035704593,N,
5670,Furosemide,54-31-9,Me_180,20,384,1.86E-08,4.00E-05,4.00E-05,0.999734534,A,3
5671,Glybenclamide,10238-21-8,Me_180,20,384,3.13E-07,2.15E-05,3.97E-05,0.542236918,A,5
5672,HC Red 3,2871-01-4,Me_180,20,384,2.65E-08,3.93E-05,4.00E-05,0.983886323,N,
5673,Hydralazine hydrochloride,304-20-1,Me_180,20,384,3.98E-08,3.83E-05,4.00E-05,0.958775398,B,6
5674,Ketoconazole,65277-42-1,Me_180,20,384,6.77E-07,6.09E-06,3.93E-05,0.1547731,B,6.6
5675,Metformin,1115-70-4,Me_180,20,384,1.86E-08,4.00E-05,4.00E-05,0.999916077,B,9.6
5676,Metoclopramide,364-62-5,Me_180,20,384,5.39E-08,3.73E-05,3.99E-05,0.933409624,B,9
5677,Nitrofurantoin,67-20-9,Me_180,20,384,2.01E-08,3.98E-05,4.00E-05,0.996637139,A,7.3
5678,Oxytetracycline hydrochloride,2058-46-0,Me_180,20,384,1.85E-08,4.00E-05,4.00E-05,0.999990909,A,4.5
5679,Panthenol,16485-10-2 ,Me_180,20,384,1.99E-08,3.99E-05,4.00E-05,0.997008193,N,
5680,Paracetamol,103-90-2,Me_180,20,384,4.40E-08,3.79E-05,4.00E-05,0.9486514,N,
5681,Topiramate,97240-79-4,Me_180,20,384,1.85E-08,4.00E-05,4.00E-05,0.999931513,A,9.2
5682,Trimellitic anhydride,552-30-7,Me_180,20,384,1.86E-08,4.00E-05,4.00E-05,0.999829482,A,3.3
5683,Verapamil hydrochloride,152-11-4,Me_180,20,384,3.91E-07,1.76E-05,3.96E-05,0.443330403,B,9.2
5684,Warfarin,129-06-6,Me_180,20,384,4.45E-07,2.62E-06,3.96E-05,0.066328664,N,
5685,Caffeine,58-08-2,H4lle,20,384,1.98E-08,3.97E-05,4.00E-05,0.993967836,N,
5686,Lamotrigine,84057-84-1,H4lle,20,384,1.33E-07,1.87E-05,3.99E-05,0.469403911,B,6.6
5687,Diclofenac,15307-79-6,H4lle,20,384,2.22E-07,3.25E-07,3.98E-05,0.008172265,B,17.6
5688,"2,4-Dichlorophenoxyacetic",94-75-7,H4lle,20,384,1.86E-08,4.00E-05,4.00E-05,0.999416579,A,2.7
5689,(S)-Naproxen,22204-53-1,H4lle,20,384,2.22E-08,3.93E-05,4.00E-05,0.982525126,A,4.4
5690,Ibuprofen,15687-27-1,H4lle,20,384,6.03E-08,3.22E-05,3.99E-05,0.805781782,A,5.4
5691,Torasemide,56211-40-6,H4lle,20,384,2.11E-08,3.95E-05,4.00E-05,0.987605921,A,4
5692,Warfarin,81-81-2,H4lle,20,384,2.04E-08,3.96E-05,4.00E-05,0.990629362,A,4.5
5693,di-n-butylphthalate,84-74-2,H4lle,20,384,2.34E-07,2.06E-06,3.98E-05,0.051793038,N,
5694,hexachlorophene,70-30-4,H4lle,20,384,2.87E-07,2.51E-08,3.97E-05,6.31E-04,A,6.2
5695,hexamethylenetetramine,100-97-0,H4lle,20,384,1.88E-08,3.99E-05,4.00E-05,0.998491096,B,6.4
5696,Malathion,121-75-5,H4lle,20,384,1.34E-07,1.83E-05,3.99E-05,0.46008068,N,
5697,pentachlorophenol,87-86-5,H4lle,20,384,1.47E-07,1.69E-05,3.99E-05,0.423668282,A,5
5698,"2,2,2-trichloroethanol",115-20-8,H4lle,20,384,4.77E-08,3.44E-05,4.00E-05,0.862228195,N,
5699,diethylphthalate,84-66-2,H4lle,20,384,1.08E-07,2.36E-05,3.99E-05,0.591993671,N,
5700,4-chlorophenol,106-48-9,H4lle,20,384,1.31E-07,1.90E-05,3.99E-05,0.475343014,N,
5701,permethrin,52645-53-1,H4lle,20,384,2.79E-07,5.85E-09,3.97E-05,0.000147354,N,
5702,Aniline,62-53-3,H4lle,20,384,3.75E-08,3.64E-05,4.00E-05,0.911395617,N,
5703,4-fluoroaniline,371-40-4,H4lle,20,384,3.84E-08,3.62E-05,4.00E-05,0.906745756,N,
5704,"2,4,6-trichlorophenol",88-06-2,H4lle,20,384,1.74E-07,1.24E-05,3.98E-05,0.310361628,A,6.8
5705,Allyl alcohol,107-18-6,H4lle,20,384,2.06E-08,3.96E-05,4.00E-05,0.990030583,N,
5706,N-methylaniline,100-61-8,H4lle,20,384,5.91E-08,3.25E-05,3.99E-05,0.812795753,N,
5707,"3,4-dichloroaniline",95-76-1,H4lle,20,384,1.69E-07,1.23E-05,3.98E-05,0.309790853,N,
5708,4-decylaniline,37529-30-9,H4lle,20,384,2.59E-07,4.16E-08,3.97E-05,0.001046946,N,
5709,naphthalene,91-20-3,H4lle,20,384,1.93E-07,8.99E-06,3.98E-05,0.225844213,N,
5710,"1,2,4-trichlorobenzene",120-82-1,H4lle,20,384,2.39E-07,1.92E-06,3.98E-05,0.048331489,N,
5711,"1,2-dichlorobenzene",95-50-1,H4lle,20,384,2.08E-07,6.51E-06,3.98E-05,0.163663205,N,
5712,dichloromethane,75-09-2,H4lle,20,384,4.57E-08,3.49E-05,4.00E-05,0.873663154,N,
5713,tetrachloroethylene,127-18-4,H4lle,20,384,1.91E-07,9.53E-06,3.98E-05,0.239407977,N,
5714,"2,3-dimethyl-1,3-butadiene",513-81-5,H4lle,20,384,1.19E-07,2.17E-05,3.99E-05,0.544545459,N,
5715,Eugenol F,97-53-0,H4lle,20,384,9.92E-08,2.51E-05,3.99E-05,0.629225484,N,
5716,Methyl-antranilate,134-20-3,H4lle,20,384,5.01E-08,3.42E-05,3.99E-05,0.855838679,N,
5717,Lilyfore,285977-85-7,H4lle,20,384,1.95E-07,8.89E-06,3.98E-05,0.223345495,N,
5718,Damascone beta,23726-91-2,H4lle,20,384,2.51E-07,1.53E-06,3.97E-05,0.038545277,N,
5719,Veloutone,14595-54-1,H4lle,20,384,2.73E-07,2.20E-07,3.97E-05,0.005539476,N,
5720,Verdox,82356-51-2,H4lle,20,384,2.88034E-07,1.86497E-08,3.9712E-05,0.000469625,N,
5721,Nirvanol,1506-02-1,H4lle,20,384,2.78932E-07,9.23357E-08,3.97211E-05,0.002324602,N,
5722,Cetalox,3738-00-9,H4lle,20,384,2.74E-07,1.72E-07,3.97E-05,0.00433224,N,
5723,Tonalide,21145-77-7,H4lle,20,384,2.79E-07,9.23E-08,3.97E-05,0.002324602,N,
5724,"2,4-Dinitrophenol",51-28-5,H4lle,20,384,1.87E-08,3.99E-05,4.00E-05,0.99910627,A,4.1
5725,Aldrin,309-00-2,H4lle,20,384,2.65E-07,7.54E-08,3.97E-05,0.001897808,N,
5726,Azinphos-methyl,86-50-0,H4lle,20,384,1.50E-07,1.63E-05,3.98E-05,0.409954765,N,
5727,Chlorpyrifos,2921-88-2,H4lle,20,384,2.46E-07,2.05E-06,3.98E-05,0.051583839,N,
5728,"DDD-p,p'",50-29-3,H4lle,20,384,2.66E-07,4.85E-09,3.97E-05,1.22E-04,N,
5729,"DDT-o,p'",789-02-6,H4lle,20,384,2.60E-07,1.36E-08,3.97E-05,3.41E-04,N,
5730,"DDT-p,p'",72-54-8,H4lle,20,384,2.64E-07,1.38E-08,3.97E-05,0.000346547,N,
5731,Diazinon,333-41-5,H4lle,20,384,1.88E-07,9.46E-06,3.98E-05,0.237577377,N,
5732,Dicofol,115-32-2,H4lle,20,384,2.68E-07,3.72E-07,3.97E-05,0.009370768,N,
5733,Dieldrin,60-57-1,H4lle,20,384,2.58E-07,3.55E-07,3.97E-05,0.008935353,N,
5734,Disulfoton,298-04-4,H4lle,20,384,2.09E-07,6.97E-06,3.98E-05,0.175183537,N,
5735,Endosulfan I,115-29-7,H4lle,20,384,2.33E-07,4.12E-06,3.98E-05,0.103586578,N,
5736,Endrin,72-20-8,H4lle,20,384,2.21E-07,3.47E-06,3.98E-05,0.087231109,N,
5737,Ethion,563-12-2,H4lle,20,384,2.24E-07,2.87E-06,3.98E-05,0.072170854,N,
5738,Heptachlor,76-44-8,H4lle,20,384,2.70E-07,1.35E-07,3.97E-05,0.003398105,N,
5739,Heptachlor epoxide B,1024-57-3,H4lle,20,384,2.61E-07,2.34E-07,3.97E-05,0.005894128,N,
5740,Lindane,58-89-9,H4lle,20,384,2.04E-07,7.80E-06,3.98E-05,0.196071627,N,
5741,"Methoxychlor-o,p'",72-43-5,H4lle,20,384,2.50E-07,1.86E-07,3.97E-05,0.004682594,N,
5742,Parathion,56-38-2,H4lle,20,384,1.97E-07,8.98E-06,3.98E-05,0.225504635,N,
5743,Trifluralin,1582-09-8,H4lle,20,384,2.32E-07,9.28E-07,3.98E-05,0.02332299,N,
5744,Cisapride,81098-60-4,H4lle,20,384,1.69E-07,1.31E-05,3.98E-05,0.329212211,B,7.8
5745,Citalopram hydrobromide,59729-33-8,H4lle,20,384,7.94E-08,2.82E-05,3.99E-05,0.705484197,N,
5746,Dofetilide,115256-11-6,H4lle,20,384,3.70E-08,3.65E-05,4.00E-05,0.912869047,B,8.4
5747,Moxifloxacin hydrochloride,186826-86-8,H4lle,20,384,2.02E-08,3.97E-05,4.00E-05,0.991869415,A,6
5748,N-acetylpro-cainamide,32795-44-1,H4lle,20,384,1.95E-08,3.98E-05,4.00E-05,0.995346118,B,9.2
5749,Quinidine sulfate,50-54-4,H4lle,20,384,4.15E-08,3.56E-05,4.00E-05,0.892068347,B,9.3
5750,Sematilide,101526-83-4,H4lle,20,384,1.95E-08,3.98E-05,4.00E-05,0.995208279,B,9.1
5751,Sotalol hydrochloride,959-24-0,H4lle,20,384,1.88E-08,3.99E-05,4.00E-05,0.99864702,B,9
5752,Mifepristone,84371-65-3,H4lle,20,384,2.65E-07,4.95E-07,3.97E-05,0.012457904,N,
5753,Perfluorobutanesulfonic_acid,375-73-5,H4lle,20,384,1.85E-08,4.00E-05,4.00E-05,0.999999993,A,-2.9
5754,4_2_Fluorotelomer_sulfonic_acid,757124-72-4,H4lle,20,384,,,,,A,1.4
5755,Perfluorononanoic_acid,375-95-1,H4lle,20,384,2.25E-07,2.27E-07,3.98E-05,0.005711252,A,0.1
5756,Perfluorohexanoic_acid,307-24-4,H4lle,20,384,1.78E-07,9.17E-06,3.98E-05,0.23031378,A,0.1
5757,Perfluorobutanoic_acid,375-22-4,H4lle,20,384,,,,,A,0.1
5758,Perfluorooctanoic_acid,335-67-1,H4lle,20,384,2.22E-07,5.05E-07,3.98E-05,0.012700696,A,0.1
5759,6_2_Fluorotelomer_sulfonic_acid,27619-97-2,H4lle,20,384,2.09E-07,2.78E-06,3.98E-05,0.069983238,A,1.4
5760,8_2_Fluorotelomer_sulfonic_acid,39108-34-4,H4lle,20,384,2.22E-07,2.65E-07,3.98E-05,0.006661934,A,1.4
5761,Perfluoroundecanoic_acid,2058-94-8,H4lle,20,384,2.25E-07,5.46E-08,3.98E-05,0.00137379,A,0.1
5762,Perfluorooctanesulfonic_acid,1763-23-1,H4lle,20,384,2.31E-07,1.29E-07,3.98E-05,0.00324359,A,-2.9
5763,Perfluoroheptanoic_acid,375-85-9,H4lle,20,384,2.19E-07,9.39E-07,3.98E-05,0.023597239,A,0.1
5764,Perfluoropentanoic_acid,2706-90-3,H4lle,20,384,,,,,A,0.1
5765,Perfluorohexanesulfonic_acid,355-46-4,H4lle,20,384,2.24E-07,1.96E-07,3.98E-05,0.004933071,A,-2.9
5766,Perfluorodecanoic_acid,335-76-2,H4lle,20,384,2.29E-07,1.18E-07,3.98E-05,0.00296064,A,0.1
5767,cyclosporine A,59865-13-3,H4lle,20,384,1.99E-07,4.69E-06,3.98E-05,0.117888037,N,
5768,chlorpromazine,50-53-3,H4lle,20,384,2.08E-07,6.97E-06,3.98E-05,0.175161341,B,9.4
5769,PBDE 47,5436-43-1,H4lle,20,384,2.75E-07,1.19E-08,3.97E-05,3.00E-04,N,
5770,PBDE 99,60348-60-9,H4lle,20,384,2.80E-07,5.37E-09,3.97E-05,1.35E-04,N,
5771,PBDE 153,68631-49-2,H4lle,20,384,2.85E-07,2.13E-09,3.97E-05,5.37E-05,N,
5772,amiodarone,1951-25-3,H4lle,20,384,2.82E-07,5.35E-08,3.97E-05,1.35E-03,B,9
5773,Azathioprine,446-86-6,H4lle,20,384,1.93E-08,3.98E-05,4.00E-05,0.996288346,A,8.2
5774,Benzocaine,94-09-7,H4lle,20,384,7.67E-08,2.92E-05,3.99E-05,0.730677885,N,
5775,Butylated hydroxyanisole,25013-16-5,H4lle,20,384,2.09014E-07,6.81974E-06,3.9791E-05,0.171388945,N,
5776,Cetirizine dihydrochloride,83881-52-1,H4lle,20,384,1.86E-08,4.00E-05,4.00E-05,0.999501501,A,4.7
5777,Cyclamate,139-05-9,H4lle,20,384,1.85E-08,4.00E-05,4.00E-05,1,B,17.6
5778,Cyclophosphamide,6055-19-2,H4lle,20,384,2.67E-08,3.84E-05,4.00E-05,0.960988049,B,6.1
5779,Cypermethrin,67375-30-8,H4lle,20,384,2.90E-07,1.29E-08,3.97E-05,3.24E-04,N,
5780,DEET,134-62-3,H4lle,20,384,6.17E-08,3.20E-05,3.99E-05,0.801451163,N,
5781,Dexamethasone,50-02-2,H4lle,20,384,8.73E-08,2.68E-05,3.99E-05,0.670872591,N,
5782,Digoxin,20830-75-5,H4lle,20,384,2.23E-08,3.92E-05,4.00E-05,0.981608233,N,
5783,Fenazaquin,120928-09-8,H4lle,20,384,2.76E-07,1.37E-07,3.97E-05,0.00345253,N,
5784,Fenbuconazole,114369-43-6,H4lle,20,384,1.95E-07,9.02E-06,3.98E-05,0.226521303,N,
5785,Fluazinam,79622-59-6,H4lle,20,384,2.40E-07,1.42E-06,3.98E-05,0.035704593,N,
5786,Furosemide,54-31-9,H4lle,20,384,1.85E-08,4.00E-05,4.00E-05,0.999734534,A,3
5787,Glybenclamide,10238-21-8,H4lle,20,384,1.19E-07,2.16E-05,3.99E-05,0.542236918,A,5
5788,HC Red 3,2871-01-4,H4lle,20,384,2.19E-08,3.93E-05,4.00E-05,0.983886323,N,
5789,Hydralazine hydrochloride,304-20-1,H4lle,20,384,2.72E-08,3.83E-05,4.00E-05,0.958775398,B,6
5790,Ketoconazole,65277-42-1,H4lle,20,384,2.13E-07,6.16E-06,3.98E-05,0.1547731,B,6.6
5791,Metformin,1115-70-4,H4lle,20,384,1.85E-08,4.00E-05,4.00E-05,0.999916077,B,9.6
5792,Metoclopramide,364-62-5,H4lle,20,384,3.26E-08,3.73E-05,4.00E-05,0.933409624,B,9
5793,Nitrofurantoin,67-20-9,H4lle,20,384,1.92E-08,3.98E-05,4.00E-05,0.996637139,A,7.3
5794,Oxytetracycline hydrochloride,2058-46-0,H4lle,20,384,1.85E-08,4.00E-05,4.00E-05,0.999990909,A,4.5
5795,Panthenol,16485-10-2 ,H4lle,20,384,1.91E-08,3.99E-05,4.00E-05,0.997008193,N,
5796,Paracetamol,103-90-2,H4lle,20,384,2.92E-08,3.79E-05,4.00E-05,0.9486514,N,
5797,Topiramate,97240-79-4,H4lle,20,384,1.85E-08,4.00E-05,4.00E-05,0.999931513,A,9.2
5798,Trimellitic anhydride,552-30-7,H4lle,20,384,1.85E-08,4.00E-05,4.00E-05,0.999829482,A,3.3
5799,Verapamil hydrochloride,152-11-4,H4lle,20,384,1.42E-07,1.77E-05,3.99E-05,0.443330403,B,9.2
5800,Warfarin,129-06-6,H4lle,20,384,2.11E-07,2.64E-06,3.98E-05,0.066328664,N,
5801,Caffeine,58-08-2,SH-SY5Y,20,384,1.11E-08,3.97E-05,4.00E-05,0.993967836,N,
5802,Lamotrigine,84057-84-1,SH-SY5Y,20,384,7.41E-08,1.87E-05,3.99E-05,0.469403911,B,6.6
5803,Diclofenac,15307-79-6,SH-SY5Y,20,384,1.07E-07,3.26E-07,3.99E-05,0.008172265,B,17.6
5804,"2,4-Dichlorophenoxyacetic",94-75-7,SH-SY5Y,20,384,1.05E-08,4.00E-05,4.00E-05,0.999416579,A,2.7
5805,(S)-Naproxen,22204-53-1,SH-SY5Y,20,384,1.22E-08,3.93E-05,4.00E-05,0.982525126,A,4.4
5806,Ibuprofen,15687-27-1,SH-SY5Y,20,384,3.33E-08,3.22E-05,4.00E-05,0.805781782,A,5.4
5807,Torasemide,56211-40-6,SH-SY5Y,20,384,1.17E-08,3.95E-05,4.00E-05,0.987605921,A,4
5808,Warfarin,81-81-2,SH-SY5Y,20,384,1.14E-08,3.96E-05,4.00E-05,0.990629362,A,4.5
5809,di-n-butylphthalate,84-74-2,SH-SY5Y,20,384,1.49E-07,2.06E-06,3.99E-05,0.051793038,N,
5810,hexachlorophene,70-30-4,SH-SY5Y,20,384,2.43E-07,2.51E-08,3.98E-05,6.31E-04,A,6.2
5811,hexamethylenetetramine,100-97-0,SH-SY5Y,20,384,1.06E-08,3.99E-05,4.00E-05,0.998491096,B,6.4
5812,Malathion,121-75-5,SH-SY5Y,20,384,7.22E-08,1.84E-05,3.99E-05,0.46008068,N,
5813,pentachlorophenol,87-86-5,SH-SY5Y,20,384,8.77E-08,1.69E-05,3.99E-05,0.423668282,A,5
5814,"2,2,2-trichloroethanol",115-20-8,SH-SY5Y,20,384,2.57E-08,3.45E-05,4.00E-05,0.862228195,N,
5815,diethylphthalate,84-66-2,SH-SY5Y,20,384,6.22E-08,2.36E-05,3.99E-05,0.591993671,N,
5816,4-chlorophenol,106-48-9,SH-SY5Y,20,384,7.19E-08,1.90E-05,3.99E-05,0.475343014,N,
5817,permethrin,52645-53-1,SH-SY5Y,20,384,2.26E-07,5.86E-09,3.98E-05,0.000147354,N,
5818,Aniline,62-53-3,SH-SY5Y,20,384,2.06E-08,3.64E-05,4.00E-05,0.911395617,N,
5819,4-fluoroaniline,371-40-4,SH-SY5Y,20,384,2.09E-08,3.63E-05,4.00E-05,0.906745756,N,
5820,"2,4,6-trichlorophenol",88-06-2,SH-SY5Y,20,384,1.07E-07,1.24E-05,3.99E-05,0.310361628,A,6.8
5821,Allyl alcohol,107-18-6,SH-SY5Y,20,384,1.15E-08,3.96E-05,4.00E-05,0.990030583,N,
5822,N-methylaniline,100-61-8,SH-SY5Y,20,384,3.30E-08,3.25E-05,4.00E-05,0.812795753,N,
5823,"3,4-dichloroaniline",95-76-1,SH-SY5Y,20,384,9.69E-08,1.24E-05,3.99E-05,0.309790853,N,
5824,4-decylaniline,37529-30-9,SH-SY5Y,20,384,1.85E-07,4.17E-08,3.98E-05,0.001046946,N,
5825,naphthalene,91-20-3,SH-SY5Y,20,384,1.19E-07,9.01E-06,3.99E-05,0.225844213,N,
5826,"1,2,4-trichlorobenzene",120-82-1,SH-SY5Y,20,384,1.58E-07,1.93E-06,3.98E-05,0.048331489,N,
5827,"1,2-dichlorobenzene",95-50-1,SH-SY5Y,20,384,1.30E-07,6.53E-06,3.99E-05,0.163663205,N,
5828,dichloromethane,75-09-2,SH-SY5Y,20,384,2.53E-08,3.49E-05,4.00E-05,0.873663154,N,
5829,tetrachloroethylene,127-18-4,SH-SY5Y,20,384,1.19E-07,9.55E-06,3.99E-05,0.239407977,N,
5830,"2,3-dimethyl-1,3-butadiene",513-81-5,SH-SY5Y,20,384,6.99E-08,2.17E-05,3.99E-05,0.544545459,N,
5831,Eugenol F,97-53-0,SH-SY5Y,20,384,5.61E-08,2.51E-05,3.99E-05,0.629225484,N,
5832,Methyl-antranilate,134-20-3,SH-SY5Y,20,384,2.86E-08,3.42E-05,4.00E-05,0.855838679,N,
5833,Lilyfore,285977-85-7,SH-SY5Y,20,384,1.24E-07,8.91E-06,3.99E-05,0.223345495,N,
5834,Damascone beta,23726-91-2,SH-SY5Y,20,384,1.79E-07,1.53E-06,3.98E-05,0.038545277,N,
5835,Veloutone,14595-54-1,SH-SY5Y,20,384,2.15E-07,2.20E-07,3.98E-05,0.005539476,N,
5836,Verdox,82356-51-2,SH-SY5Y,20,384,2.46138E-07,1.86694E-08,3.97539E-05,0.000469625,N,
5837,Nirvanol,1506-02-1,SH-SY5Y,20,384,2.27274E-07,9.24558E-08,3.97727E-05,0.002324602,N,
5838,Cetalox,3738-00-9,SH-SY5Y,20,384,2.18E-07,1.72E-07,3.98E-05,0.00433224,N,
5839,Tonalide,21145-77-7,SH-SY5Y,20,384,2.27E-07,9.25E-08,3.98E-05,0.002324602,N,
5840,"2,4-Dinitrophenol",51-28-5,SH-SY5Y,20,384,1.05E-08,4.00E-05,4.00E-05,0.99910627,A,4.1
5841,Aldrin,309-00-2,SH-SY5Y,20,384,1.96E-07,7.55E-08,3.98E-05,0.001897808,N,
5842,Azinphos-methyl,86-50-0,SH-SY5Y,20,384,8.99E-08,1.64E-05,3.99E-05,0.409954765,N,
5843,Chlorpyrifos,2921-88-2,SH-SY5Y,20,384,1.72E-07,2.05E-06,3.98E-05,0.051583839,N,
5844,"DDD-p,p'",50-29-3,SH-SY5Y,20,384,1.99E-07,4.86E-09,3.98E-05,1.22E-04,N,
5845,"DDT-o,p'",789-02-6,SH-SY5Y,20,384,1.87E-07,1.36E-08,3.98E-05,3.41E-04,N,
5846,"DDT-p,p'",72-54-8,SH-SY5Y,20,384,1.95E-07,1.38E-08,3.98E-05,0.000346547,N,
5847,Diazinon,333-41-5,SH-SY5Y,20,384,1.13E-07,9.48E-06,3.99E-05,0.237577377,N,
5848,Dicofol,115-32-2,SH-SY5Y,20,384,2.06E-07,3.73E-07,3.98E-05,0.009370768,N,
5849,Dieldrin,60-57-1,SH-SY5Y,20,384,1.86E-07,3.56E-07,3.98E-05,0.008935353,N,
5850,Disulfoton,298-04-4,SH-SY5Y,20,384,1.36E-07,6.98E-06,3.99E-05,0.175183537,N,
5851,Endosulfan I,115-29-7,SH-SY5Y,20,384,1.62E-07,4.13E-06,3.98E-05,0.103586578,N,
5852,Endrin,72-20-8,SH-SY5Y,20,384,1.33E-07,3.48E-06,3.99E-05,0.087231109,N,
5853,Ethion,563-12-2,SH-SY5Y,20,384,1.33E-07,2.88E-06,3.99E-05,0.072170854,N,
5854,Heptachlor,76-44-8,SH-SY5Y,20,384,2.09E-07,1.35E-07,3.98E-05,0.003398105,N,
5855,Heptachlor epoxide B,1024-57-3,SH-SY5Y,20,384,1.89E-07,2.35E-07,3.98E-05,0.005894128,N,
5856,Lindane,58-89-9,SH-SY5Y,20,384,1.34E-07,7.82E-06,3.99E-05,0.196071627,N,
5857,"Methoxychlor-o,p'",72-43-5,SH-SY5Y,20,384,1.66E-07,1.87E-07,3.98E-05,0.004682594,N,
5858,Parathion,56-38-2,SH-SY5Y,20,384,1.27E-07,8.99E-06,3.99E-05,0.225504635,N,
5859,Trifluralin,1582-09-8,SH-SY5Y,20,384,1.34E-07,9.30E-07,3.99E-05,0.02332299,N,
5860,Cisapride,81098-60-4,SH-SY5Y,20,384,1.04E-07,1.31E-05,3.99E-05,0.329212211,B,7.8
5861,Citalopram hydrobromide,59729-33-8,SH-SY5Y,20,384,3.98E-08,2.82E-05,4.00E-05,0.705484197,N,
5862,Dofetilide,115256-11-6,SH-SY5Y,20,384,2.02E-08,3.65E-05,4.00E-05,0.912869047,B,8.4
5863,Moxifloxacin hydrochloride,186826-86-8,SH-SY5Y,20,384,1.12E-08,3.97E-05,4.00E-05,0.991869415,A,6
5864,N-acetylpro-cainamide,32795-44-1,SH-SY5Y,20,384,1.09E-08,3.98E-05,4.00E-05,0.995346118,B,9.2
5865,Quinidine sulfate,50-54-4,SH-SY5Y,20,384,2.26E-08,3.57E-05,4.00E-05,0.892068347,B,9.3
5866,Sematilide,101526-83-4,SH-SY5Y,20,384,1.09E-08,3.98E-05,4.00E-05,0.995208279,B,9.1
5867,Sotalol hydrochloride,959-24-0,SH-SY5Y,20,384,1.05E-08,3.99E-05,4.00E-05,0.99864702,B,9
5868,Mifepristone,84371-65-3,SH-SY5Y,20,384,2.01E-07,4.96E-07,3.98E-05,0.012457904,N,
5869,Perfluorobutanesulfonic_acid,375-73-5,SH-SY5Y,20,384,1.04E-08,4.00E-05,4.00E-05,0.999999993,A,-2.9
5870,4_2_Fluorotelomer_sulfonic_acid,757124-72-4,SH-SY5Y,20,384,,,,,A,1.4
5871,Perfluorononanoic_acid,375-95-1,SH-SY5Y,20,384,1.14E-07,2.28E-07,3.99E-05,0.005711252,A,0.1
5872,Perfluorohexanoic_acid,307-24-4,SH-SY5Y,20,384,8.83E-08,9.19E-06,3.99E-05,0.23031378,A,0.1
5873,Perfluorobutanoic_acid,375-22-4,SH-SY5Y,20,384,,,,,A,0.1
5874,Perfluorooctanoic_acid,335-67-1,SH-SY5Y,20,384,1.09E-07,5.07E-07,3.99E-05,0.012700696,A,0.1
5875,6_2_Fluorotelomer_sulfonic_acid,27619-97-2,SH-SY5Y,20,384,1.00E-07,2.79E-06,3.99E-05,0.069983238,A,1.4
5876,8_2_Fluorotelomer_sulfonic_acid,39108-34-4,SH-SY5Y,20,384,1.07E-07,2.66E-07,3.99E-05,0.006661934,A,1.4
5877,Perfluoroundecanoic_acid,2058-94-8,SH-SY5Y,20,384,1.10E-07,5.48E-08,3.99E-05,0.00137379,A,0.1
5878,Perfluorooctanesulfonic_acid,1763-23-1,SH-SY5Y,20,384,1.24E-07,1.29E-07,3.99E-05,0.00324359,A,-2.9
5879,Perfluoroheptanoic_acid,375-85-9,SH-SY5Y,20,384,1.06E-07,9.41E-07,3.99E-05,0.023597239,A,0.1
5880,Perfluoropentanoic_acid,2706-90-3,SH-SY5Y,20,384,,,,,A,0.1
5881,Perfluorohexanesulfonic_acid,355-46-4,SH-SY5Y,20,384,1.11E-07,1.97E-07,3.99E-05,0.004933071,A,-2.9
5882,Perfluorodecanoic_acid,335-76-2,SH-SY5Y,20,384,1.20E-07,1.18E-07,3.99E-05,0.00296064,A,0.1
5883,cyclosporine A,59865-13-3,SH-SY5Y,20,384,9.60E-08,4.70E-06,3.99E-05,0.117888037,N,
5884,chlorpromazine,50-53-3,SH-SY5Y,20,384,1.34E-07,6.98E-06,3.99E-05,0.175161341,B,9.4
5885,PBDE 47,5436-43-1,SH-SY5Y,20,384,2.19E-07,1.19E-08,3.98E-05,3.00E-04,N,
5886,PBDE 99,60348-60-9,SH-SY5Y,20,384,2.30E-07,5.38E-09,3.98E-05,1.35E-04,N,
5887,PBDE 153,68631-49-2,SH-SY5Y,20,384,2.40E-07,2.14E-09,3.98E-05,5.37E-05,N,
5888,amiodarone,1951-25-3,SH-SY5Y,20,384,2.34E-07,5.35E-08,3.98E-05,1.35E-03,B,9
5889,Azathioprine,446-86-6,SH-SY5Y,20,384,1.08E-08,3.98E-05,4.00E-05,0.996288346,A,8.2
5890,Benzocaine,94-09-7,SH-SY5Y,20,384,4.26E-08,2.92E-05,4.00E-05,0.730677885,N,
5891,Butylated hydroxyanisole,25013-16-5,SH-SY5Y,20,384,1.34924E-07,6.83243E-06,3.98651E-05,0.171388945,N,
5892,Cetirizine dihydrochloride,83881-52-1,SH-SY5Y,20,384,1.05E-08,4.00E-05,4.00E-05,0.999501501,A,4.7
5893,Cyclamate,139-05-9,SH-SY5Y,20,384,1.04E-08,4.00E-05,4.00E-05,1,B,17.6
5894,Cyclophosphamide,6055-19-2,SH-SY5Y,20,384,1.46E-08,3.84E-05,4.00E-05,0.960988049,B,6.1
5895,Cypermethrin,67375-30-8,SH-SY5Y,20,384,2.50E-07,1.29E-08,3.98E-05,3.24E-04,N,
5896,DEET,134-62-3,SH-SY5Y,20,384,3.48E-08,3.20E-05,4.00E-05,0.801451163,N,
5897,Dexamethasone,50-02-2,SH-SY5Y,20,384,4.48E-08,2.68E-05,4.00E-05,0.670872591,N,
5898,Digoxin,20830-75-5,SH-SY5Y,20,384,1.23E-08,3.93E-05,4.00E-05,0.981608233,N,
5899,Fenazaquin,120928-09-8,SH-SY5Y,20,384,2.22E-07,1.37E-07,3.98E-05,0.00345253,N,
5900,Fenbuconazole,114369-43-6,SH-SY5Y,20,384,1.23E-07,9.03E-06,3.99E-05,0.226521303,N,
5901,Fluazinam,79622-59-6,SH-SY5Y,20,384,1.54E-07,1.42E-06,3.98E-05,0.035704593,N,
5902,Furosemide,54-31-9,SH-SY5Y,20,384,1.04E-08,4.00E-05,4.00E-05,0.999734534,A,3
5903,Glybenclamide,10238-21-8,SH-SY5Y,20,384,6.94E-08,2.17E-05,3.99E-05,0.542236918,A,5
5904,HC Red 3,2871-01-4,SH-SY5Y,20,384,1.21E-08,3.93E-05,4.00E-05,0.983886323,N,
5905,Hydralazine hydrochloride,304-20-1,SH-SY5Y,20,384,1.49E-08,3.83E-05,4.00E-05,0.958775398,B,6
5906,Ketoconazole,65277-42-1,SH-SY5Y,20,384,1.39E-07,6.17E-06,3.99E-05,0.1547731,B,6.6
5907,Metformin,1115-70-4,SH-SY5Y,20,384,1.04E-08,4.00E-05,4.00E-05,0.999916077,B,9.6
5908,Metoclopramide,364-62-5,SH-SY5Y,20,384,1.78E-08,3.73E-05,4.00E-05,0.933409624,B,9
5909,Nitrofurantoin,67-20-9,SH-SY5Y,20,384,1.07E-08,3.99E-05,4.00E-05,0.996637139,A,7.3
5910,Oxytetracycline hydrochloride,2058-46-0,SH-SY5Y,20,384,1.04E-08,4.00E-05,4.00E-05,0.999990909,A,4.5
5911,Panthenol,16485-10-2 ,SH-SY5Y,20,384,1.07E-08,3.99E-05,4.00E-05,0.997008193,N,
5912,Paracetamol,103-90-2,SH-SY5Y,20,384,1.58E-08,3.79E-05,4.00E-05,0.9486514,N,
5913,Topiramate,97240-79-4,SH-SY5Y,20,384,1.04E-08,4.00E-05,4.00E-05,0.999931513,A,9.2
5914,Trimellitic anhydride,552-30-7,SH-SY5Y,20,384,1.04E-08,4.00E-05,4.00E-05,0.999829482,A,3.3
5915,Verapamil hydrochloride,152-11-4,SH-SY5Y,20,384,8.45E-08,1.77E-05,3.99E-05,0.443330403,B,9.2
5916,Warfarin,129-06-6,SH-SY5Y,20,384,1.03E-07,2.65E-06,3.99E-05,0.066328664,N,
5917,Caffeine,58-08-2,HEK293H,20,384,1.65E-08,3.97E-05,4.00E-05,0.993967836,N,
5918,Lamotrigine,84057-84-1,HEK293H,20,384,2.30E-07,1.87E-05,3.98E-05,0.469403911,B,6.6
5919,Diclofenac,15307-79-6,HEK293H,20,384,2.68E-07,3.25E-07,3.97E-05,0.008172265,B,17.6
5920,"2,4-Dichlorophenoxyacetic",94-75-7,HEK293H,20,384,1.46E-08,4.00E-05,4.00E-05,0.999416579,A,2.7
5921,(S)-Naproxen,22204-53-1,HEK293H,20,384,1.98E-08,3.93E-05,4.00E-05,0.982525126,A,4.4
5922,Ibuprofen,15687-27-1,HEK293H,20,384,9.06E-08,3.22E-05,3.99E-05,0.805781782,A,5.4
5923,Torasemide,56211-40-6,HEK293H,20,384,1.82E-08,3.95E-05,4.00E-05,0.987605921,A,4
5924,Warfarin,81-81-2,HEK293H,20,384,1.72E-08,3.96E-05,4.00E-05,0.990629362,A,4.5
5925,di-n-butylphthalate,84-74-2,HEK293H,20,384,5.55E-07,2.04E-06,3.94E-05,0.051793038,N,
5926,hexachlorophene,70-30-4,HEK293H,20,384,1.13E-06,2.45E-08,3.89E-05,6.31E-04,A,6.2
5927,hexamethylenetetramine,100-97-0,HEK293H,20,384,1.49E-08,3.99E-05,4.00E-05,0.998491096,B,6.4
5928,Malathion,121-75-5,HEK293H,20,384,2.14E-07,1.83E-05,3.98E-05,0.46008068,N,
5929,pentachlorophenol,87-86-5,HEK293H,20,384,3.00E-07,1.68E-05,3.97E-05,0.423668282,A,5
5930,"2,2,2-trichloroethanol",115-20-8,HEK293H,20,384,6.21E-08,3.44E-05,3.99E-05,0.862228195,N,
5931,diethylphthalate,84-66-2,HEK293H,20,384,1.98E-07,2.36E-05,3.98E-05,0.591993671,N,
5932,4-chlorophenol,106-48-9,HEK293H,20,384,2.17E-07,1.89E-05,3.98E-05,0.475343014,N,
5933,permethrin,52645-53-1,HEK293H,20,384,1.03E-06,5.74E-09,3.90E-05,0.000147354,N,
5934,Aniline,62-53-3,HEK293H,20,384,4.73E-08,3.64E-05,4.00E-05,0.911395617,N,
5935,4-fluoroaniline,371-40-4,HEK293H,20,384,4.79E-08,3.62E-05,4.00E-05,0.906745756,N,
5936,"2,4,6-trichlorophenol",88-06-2,HEK293H,20,384,3.82E-07,1.23E-05,3.96E-05,0.310361628,A,6.8
5937,Allyl alcohol,107-18-6,HEK293H,20,384,1.77E-08,3.96E-05,4.00E-05,0.990030583,N,
5938,N-methylaniline,100-61-8,HEK293H,20,384,9.14E-08,3.24E-05,3.99E-05,0.812795753,N,
5939,"3,4-dichloroaniline",95-76-1,HEK293H,20,384,3.18E-07,1.23E-05,3.97E-05,0.309790853,N,
5940,4-decylaniline,37529-30-9,HEK293H,20,384,7.68E-07,4.11E-08,3.92E-05,0.001046946,N,
5941,naphthalene,91-20-3,HEK293H,20,384,4.27E-07,8.94E-06,3.96E-05,0.225844213,N,
5942,"1,2,4-trichlorobenzene",120-82-1,HEK293H,20,384,6.13E-07,1.90E-06,3.94E-05,0.048331489,N,
5943,"1,2-dichlorobenzene",95-50-1,HEK293H,20,384,4.74E-07,6.47E-06,3.95E-05,0.163663205,N,
5944,dichloromethane,75-09-2,HEK293H,20,384,6.39E-08,3.49E-05,3.99E-05,0.873663154,N,
5945,tetrachloroethylene,127-18-4,HEK293H,20,384,4.33E-07,9.47E-06,3.96E-05,0.239407977,N,
5946,"2,3-dimethyl-1,3-butadiene",513-81-5,HEK293H,20,384,2.30E-07,2.17E-05,3.98E-05,0.544545459,N,
5947,Eugenol F,97-53-0,HEK293H,20,384,1.73E-07,2.51E-05,3.98E-05,0.629225484,N,
5948,Methyl-antranilate,134-20-3,HEK293H,20,384,7.87E-08,3.42E-05,3.99E-05,0.855838679,N,
5949,Lilyfore,285977-85-7,HEK293H,20,384,4.57E-07,8.83E-06,3.95E-05,0.223345495,N,
5950,Damascone beta,23726-91-2,HEK293H,20,384,7.41E-07,1.51E-06,3.93E-05,0.038545277,N,
5951,Veloutone,14595-54-1,HEK293H,20,384,9.56E-07,2.16E-07,3.90E-05,0.005539476,N,
5952,Verdox,82356-51-2,HEK293H,20,384,1.15068E-06,1.82446E-08,3.88493E-05,0.000469625,N,
5953,Nirvanol,1506-02-1,HEK293H,20,384,1.0336E-06,9.05814E-08,3.89664E-05,0.002324602,N,
5954,Cetalox,3738-00-9,HEK293H,20,384,9.79E-07,1.69E-07,3.90E-05,0.00433224,N,
5955,Tonalide,21145-77-7,HEK293H,20,384,1.03E-06,9.06E-08,3.90E-05,0.002324602,N,
5956,"2,4-Dinitrophenol",51-28-5,HEK293H,20,384,1.47E-08,3.99E-05,4.00E-05,0.99910627,A,4.1
5957,Aldrin,309-00-2,HEK293H,20,384,8.39E-07,7.43E-08,3.92E-05,0.001897808,N,
5958,Azinphos-methyl,86-50-0,HEK293H,20,384,3.09E-07,1.63E-05,3.97E-05,0.409954765,N,
5959,Chlorpyrifos,2921-88-2,HEK293H,20,384,7.06E-07,2.03E-06,3.93E-05,0.051583839,N,
5960,"DDD-p,p'",50-29-3,HEK293H,20,384,8.57E-07,4.78E-09,3.91E-05,1.22E-04,N,
5961,"DDT-o,p'",789-02-6,HEK293H,20,384,7.78E-07,1.34E-08,3.92E-05,3.41E-04,N,
5962,"DDT-p,p'",72-54-8,HEK293H,20,384,8.32E-07,1.36E-08,3.92E-05,0.000346547,N,
5963,Diazinon,333-41-5,HEK293H,20,384,3.97E-07,9.41E-06,3.96E-05,0.237577377,N,
5964,Dicofol,115-32-2,HEK293H,20,384,9.03E-07,3.66E-07,3.91E-05,0.009370768,N,
5965,Dieldrin,60-57-1,HEK293H,20,384,7.74E-07,3.50E-07,3.92E-05,0.008935353,N,
5966,Disulfoton,298-04-4,HEK293H,20,384,5.19E-07,6.92E-06,3.95E-05,0.175183537,N,
5967,Endosulfan I,115-29-7,HEK293H,20,384,6.60E-07,4.08E-06,3.93E-05,0.103586578,N,
5968,Endrin,72-20-8,HEK293H,20,384,4.67E-07,3.45E-06,3.95E-05,0.087231109,N,
5969,Ethion,563-12-2,HEK293H,20,384,4.63E-07,2.85E-06,3.95E-05,0.072170854,N,
5970,Heptachlor,76-44-8,HEK293H,20,384,9.16E-07,1.33E-07,3.91E-05,0.003398105,N,
5971,Heptachlor epoxide B,1024-57-3,HEK293H,20,384,7.95E-07,2.31E-07,3.92E-05,0.005894128,N,
5972,Lindane,58-89-9,HEK293H,20,384,5.11E-07,7.74E-06,3.95E-05,0.196071627,N,
5973,"Methoxychlor-o,p'",72-43-5,HEK293H,20,384,6.49E-07,1.84E-07,3.94E-05,0.004682594,N,
5974,Parathion,56-38-2,HEK293H,20,384,4.82E-07,8.91E-06,3.95E-05,0.225504635,N,
5975,Trifluralin,1582-09-8,HEK293H,20,384,4.52E-07,9.22E-07,3.95E-05,0.02332299,N,
5976,Cisapride,81098-60-4,HEK293H,20,384,3.67E-07,1.30E-05,3.96E-05,0.329212211,B,7.8
5977,Citalopram hydrobromide,59729-33-8,HEK293H,20,384,9.54E-08,2.82E-05,3.99E-05,0.705484197,N,
5978,Dofetilide,115256-11-6,HEK293H,20,384,4.52E-08,3.65E-05,4.00E-05,0.912869047,B,8.4
5979,Moxifloxacin hydrochloride,186826-86-8,HEK293H,20,384,1.68E-08,3.97E-05,4.00E-05,0.991869415,A,6
5980,N-acetylpro-cainamide,32795-44-1,HEK293H,20,384,1.58E-08,3.98E-05,4.00E-05,0.995346118,B,9.2
5981,Quinidine sulfate,50-54-4,HEK293H,20,384,5.35E-08,3.56E-05,3.99E-05,0.892068347,B,9.3
5982,Sematilide,101526-83-4,HEK293H,20,384,1.58E-08,3.98E-05,4.00E-05,0.995208279,B,9.1
5983,Sotalol hydrochloride,959-24-0,HEK293H,20,384,1.48E-08,3.99E-05,4.00E-05,0.99864702,B,9
5984,Mifepristone,84371-65-3,HEK293H,20,384,8.73E-07,4.87E-07,3.91E-05,0.012457904,N,
5985,Perfluorobutanesulfonic_acid,375-73-5,HEK293H,20,384,1.45E-08,4.00E-05,4.00E-05,0.999999993,A,-2.9
5986,4_2_Fluorotelomer_sulfonic_acid,757124-72-4,HEK293H,20,384,,,,,A,1.4
5987,Perfluorononanoic_acid,375-95-1,HEK293H,20,384,3.13E-07,2.27E-07,3.97E-05,0.005711252,A,0.1
5988,Perfluorohexanoic_acid,307-24-4,HEK293H,20,384,2.32E-07,9.16E-06,3.98E-05,0.23031378,A,0.1
5989,Perfluorobutanoic_acid,375-22-4,HEK293H,20,384,,,,,A,0.1
5990,Perfluorooctanoic_acid,335-67-1,HEK293H,20,384,2.84E-07,5.04E-07,3.97E-05,0.012700696,A,0.1
5991,6_2_Fluorotelomer_sulfonic_acid,27619-97-2,HEK293H,20,384,2.51E-07,2.78E-06,3.97E-05,0.069983238,A,1.4
5992,8_2_Fluorotelomer_sulfonic_acid,39108-34-4,HEK293H,20,384,2.67E-07,2.65E-07,3.97E-05,0.006661934,A,1.4
5993,Perfluoroundecanoic_acid,2058-94-8,HEK293H,20,384,2.90E-07,5.46E-08,3.97E-05,0.00137379,A,0.1
5994,Perfluorooctanesulfonic_acid,1763-23-1,HEK293H,20,384,3.80E-07,1.29E-07,3.96E-05,0.00324359,A,-2.9
5995,Perfluoroheptanoic_acid,375-85-9,HEK293H,20,384,2.71E-07,9.37E-07,3.97E-05,0.023597239,A,0.1
5996,Perfluoropentanoic_acid,2706-90-3,HEK293H,20,384,,,,,A,0.1
5997,Perfluorohexanesulfonic_acid,355-46-4,HEK293H,20,384,2.97E-07,1.96E-07,3.97E-05,0.004933071,A,-2.9
5998,Perfluorodecanoic_acid,335-76-2,HEK293H,20,384,3.55E-07,1.17E-07,3.96E-05,0.00296064,A,0.1
5999,cyclosporine A,59865-13-3,HEK293H,20,384,2.40E-07,4.69E-06,3.98E-05,0.117888037,N,
6000,chlorpromazine,50-53-3,HEK293H,20,384,5.06E-07,6.92E-06,3.95E-05,0.175161341,B,9.4
6001,PBDE 47,5436-43-1,HEK293H,20,384,9.79E-07,1.17E-08,3.90E-05,3.00E-04,N,
6002,PBDE 99,60348-60-9,HEK293H,20,384,1.05E-06,5.27E-09,3.90E-05,1.35E-04,N,
6003,PBDE 153,68631-49-2,HEK293H,20,384,1.11E-06,2.09E-09,3.89E-05,5.37E-05,N,
6004,amiodarone,1951-25-3,HEK293H,20,384,1.08E-06,5.24E-08,3.89E-05,1.35E-03,B,9
6005,Azathioprine,446-86-6,HEK293H,20,384,1.55E-08,3.98E-05,4.00E-05,0.996288346,A,8.2
6006,Benzocaine,94-09-7,HEK293H,20,384,1.23E-07,2.91E-05,3.99E-05,0.730677885,N,
6007,Butylated hydroxyanisole,25013-16-5,HEK293H,20,384,5.10545E-07,6.76806E-06,3.94895E-05,0.171388945,N,
6008,Cetirizine dihydrochloride,83881-52-1,HEK293H,20,384,1.46E-08,4.00E-05,4.00E-05,0.999501501,A,4.7
6009,Cyclamate,139-05-9,HEK293H,20,384,1.45E-08,4.00E-05,4.00E-05,1,B,17.6
6010,Cyclophosphamide,6055-19-2,HEK293H,20,384,2.72E-08,3.84E-05,4.00E-05,0.960988049,B,6.1
6011,Cypermethrin,67375-30-8,HEK293H,20,384,1.17E-06,1.26E-08,3.88E-05,3.24E-04,N,
6012,DEET,134-62-3,HEK293H,20,384,9.89E-08,3.20E-05,3.99E-05,0.801451163,N,
6013,Dexamethasone,50-02-2,HEK293H,20,384,1.15E-07,2.68E-05,3.99E-05,0.670872591,N,
6014,Digoxin,20830-75-5,HEK293H,20,384,1.98E-08,3.92E-05,4.00E-05,0.981608233,N,
6015,Fenazaquin,120928-09-8,HEK293H,20,384,9.99E-07,1.35E-07,3.90E-05,0.00345253,N,
6016,Fenbuconazole,114369-43-6,HEK293H,20,384,4.54E-07,8.96E-06,3.95E-05,0.226521303,N,
6017,Fluazinam,79622-59-6,HEK293H,20,384,5.85E-07,1.41E-06,3.94E-05,0.035704593,N,
6018,Furosemide,54-31-9,HEK293H,20,384,1.45E-08,4.00E-05,4.00E-05,0.999734534,A,3
6019,Glybenclamide,10238-21-8,HEK293H,20,384,2.26E-07,2.16E-05,3.98E-05,0.542236918,A,5
6020,HC Red 3,2871-01-4,HEK293H,20,384,1.94E-08,3.93E-05,4.00E-05,0.983886323,N,
6021,Hydralazine hydrochloride,304-20-1,HEK293H,20,384,2.80E-08,3.83E-05,4.00E-05,0.958775398,B,6
6022,Ketoconazole,65277-42-1,HEK293H,20,384,5.30E-07,6.11E-06,3.95E-05,0.1547731,B,6.6
6023,Metformin,1115-70-4,HEK293H,20,384,1.45E-08,4.00E-05,4.00E-05,0.999916077,B,9.6
6024,Metoclopramide,364-62-5,HEK293H,20,384,3.73E-08,3.73E-05,4.00E-05,0.933409624,B,9
6025,Nitrofurantoin,67-20-9,HEK293H,20,384,1.54E-08,3.99E-05,4.00E-05,0.996637139,A,7.3
6026,Oxytetracycline hydrochloride,2058-46-0,HEK293H,20,384,1.45E-08,4.00E-05,4.00E-05,0.999990909,A,4.5
6027,Panthenol,16485-10-2 ,HEK293H,20,384,1.53E-08,3.99E-05,4.00E-05,0.997008193,N,
6028,Paracetamol,103-90-2,HEK293H,20,384,3.02E-08,3.79E-05,4.00E-05,0.9486514,N,
6029,Topiramate,97240-79-4,HEK293H,20,384,1.45E-08,4.00E-05,4.00E-05,0.999931513,A,9.2
6030,Trimellitic anhydride,552-30-7,HEK293H,20,384,1.45E-08,4.00E-05,4.00E-05,0.999829482,A,3.3
6031,Verapamil hydrochloride,152-11-4,HEK293H,20,384,2.87E-07,1.76E-05,3.97E-05,0.443330403,B,9.2
6032,Warfarin,129-06-6,HEK293H,20,384,2.65E-07,2.64E-06,3.97E-05,0.066328664,N,
