"","Chemical","CAS","Model","Obs.val","pre.val","ref","Cell.type","Data.source","MassBalanceIssue","IOC","conc","H37","MW","MP","log.KOW","log.KAW","Solubility","pKa","logit.Obs.val","logit.pre.val","diff","abs.diff"
"1","2,4-Dinitrophenol","51-28-5","Fischer et al. (2017)",0.302633333333333,1.003901682,"Valdiviezo et al.(10 uM - Single)","Cell-free","Our data","0","A",10,0.00871,184.11,116,1.67,-6.32,1441.5813,4.1,-0.519083238621326,0.00169118187704436,0.52077442049837,0.52077442049837
"2","Aldrin","309-00-2","Fischer et al. (2017)",0.00166666666666667,0.002799,"Valdiviezo et al.(10 uM - Single)","Cell-free","Our data","0","N",10,4.46,364.91,129,6.5,-1.68,0.026310011,NA,-2.77815125038364,-2.55299710153384,0.225154148849806,0.225154148849806
"3","Azinphos-methyl","86-50-0","Fischer et al. (2017)",0.420233333333333,0.455,"Valdiviezo et al.(10 uM - Single)","Cell-free","Our data","0","N",10,0.0101,317.32,73,2.75,-13.3,23.132628,NA,-0.376509501885872,-0.341988603342888,0.0345208985429847,0.0345208985429847
"4","Chlorpyrifos","2921-88-2","Fischer et al. (2017)",0.00266666666666667,0.069856586,"Valdiviezo et al.(10 uM - Single)","Cell-free","Our data","0","N",10,0.297,350.59,42,4.96,-4.17,1.1499352,NA,-2.57403126772772,-1.1557926428265,1.41823862490122,1.41823862490122
"5","DDD-p,p'","50-29-3","Fischer et al. (2017)",0.00316666666666667,0.000182363,"Valdiviezo et al.(10 uM - Single)","Cell-free","Our data","0","N",10,0.843,354.49,108,6.91,-3.82,0.006699861,NA,-2.49939764943081,-3.7390632719607,-1.23966562252989,1.23966562252989
"6","DDT-o,p'","789-02-6","Fischer et al. (2017)",0.00163333333333333,0.000482435,"Valdiviezo et al.(10 uM - Single)","Cell-free","Our data","0","N",10,1.45,354.49,116,6.56,-3.95,0.07656984,NA,-2.78692517469115,-3.31656119225374,-0.529636017562593,0.529636017562593
"7","DDT-p,p'","72-54-8","Fischer et al. (2017)",0.00123333333333333,0.0005083,"Valdiviezo et al.(10 uM - Single)","Cell-free","Our data","0","N",10,0.669,320.04,110,6.12,-3.32,0.09025128,NA,-2.90891953065267,-3.2938798902973,-0.384960359644629,0.384960359644629
"8","Diazinon","333-41-5","Fischer et al. (2017)",0.0682333333333333,0.272632608,"Valdiviezo et al.(10 uM - Single)","Cell-free","Our data","0","N",10,0.0114,304.35,52.6,3.81,-5.17,47.4786,NA,-1.16600341205716,-0.564422201958622,0.601581210098535,0.601581210098535
"9","Dicofol","115-32-2","Fischer et al. (2017)",0.0166,0.0145,"Valdiviezo et al.(10 uM - Single)","Cell-free","Our data","0","N",10,0.000149,370.49,77.5,5.02,-6.03,0.8632417,NA,-1.77989191195995,-1.83863199776503,-0.0587400858050802,0.0587400858050802
"10","Dieldrin","60-57-1","Fischer et al. (2017)",0.0159,0.012606874,"Valdiviezo et al.(10 uM - Single)","Cell-free","Our data","0","N",10,0.829,380.91,202,5.12,-4.26,0.20835777,NA,-1.79860287567955,-1.89939258772131,-0.100789712041764,0.100789712041764
"11","Disulfoton","298-04-4","Fischer et al. (2017)",0.722033333333333,0.214125215,"Valdiviezo et al.(10 uM - Single)","Cell-free","Our data","0","N",10,0.483,274.4,-25,4.02,-5.26,18.05552,NA,-0.141442752363097,-0.66933218795747,-0.527889435594374,0.527889435594374
"12","Endosulfan I","115-29-7","Fischer et al. (2017)",0.0263666666666667,0.136912449,"Valdiviezo et al.(10 uM - Single)","Cell-free","Our data","0","N",10,2.45,406.93,106,3.83,-4.96,0.40570921,NA,-1.57894477122199,-0.863557061097576,0.71538771012441,0.71538771012441
"13","Endrin","72-20-8","Fischer et al. (2017)",0.0164333333333333,0.102730395,"Valdiviezo et al.(10 uM - Single)","Cell-free","Our data","0","N",10,0.829,380.91,144,5.43,-4.26,0.05180376,NA,-1.78427433544243,-0.988301042013468,0.795973293428964,0.795973293428964
"14","Ethion","563-12-2","Fischer et al. (2017)",0.00425,0.084710254,"Valdiviezo et al.(10 uM - Single)","Cell-free","Our data","0","N",10,0.0457,384.48,-13,5.07,-7.25,1.7340048,NA,-2.37161106994969,-1.07206401604382,1.29954705390587,1.29954705390587
"15","Heptachlor","76-44-8","Fischer et al. (2017)",0.00446666666666667,0.005303188,"Valdiviezo et al.(10 uM - Single)","Cell-free","Our data","0","N",10,29.8,373.32,95.5,6.1,-2.92,0.14223492,NA,-2.35001645635485,-2.27546297670656,0.0745534796482934,0.0745534796482934
"16","Heptachlor epoxide B","1024-57-3","Fischer et al. (2017)",0.0279,0.008431,"Valdiviezo et al.(10 uM - Single)","Cell-free","Our data","0","N",10,2.13,389.32,160,4.98,-4.75,0.22308036,NA,-1.5543957967264,-2.0741209106985,-0.519725113972097,0.519725113972097
"17","Lindane","58-89-9","Fischer et al. (2017)",0.3132,0.238934423,"Valdiviezo et al.(10 uM - Single)","Cell-free","Our data","0","N",10,0.322,290.83,75.2,3.72,-3.77,4.449699,NA,-0.504178246614094,-0.621721277449768,-0.117543030835673,0.117543030835673
"18","Methoxychlor-o,p'","72-43-5","Fischer et al. (2017)",0.00556666666666667,0.006093616,"Valdiviezo et al.(10 uM - Single)","Cell-free","Our data","0","N",10,0.0206,345.65,87,5.08,-6.7,0.08468425,NA,-2.25440478357208,-2.21512491708669,0.0392798664853888,0.0392798664853888
"19","Parathion","56-38-2","Fischer et al. (2017)",0.0631666666666667,0.271000583,"Valdiviezo et al.(10 uM - Single)","Cell-free","Our data","0","N",10,0.0302,291.26,6.1,3.83,-5.78,12.728062,NA,-1.19951204041557,-0.567029774832566,0.632482265583005,0.632482265583005
"20","Trifluralin","1582-09-8","Fischer et al. (2017)",0.0145666666666667,0.027100432,"Valdiviezo et al.(10 uM - Single)","Cell-free","Our data","0","N",10,10.4,335.28,49,5.34,-3.39,0.28632912,NA,-1.83663981774924,-1.56702378611007,0.269616031639175,0.269616031639175
"21","2,4-Dinitrophenol","51-28-5","Fischer et al. (2017)",0.0967666666666667,1.003901682,"Valdiviezo et al.(1 uM - Single)","Cell-free","Our data","0","A",1,0.00871,184.11,116,1.67,-6.32,1441.5813,4.1,-1.01427421888799,0.00169118187704436,1.01596540076503,1.01596540076503
"22","Aldrin","309-00-2","Fischer et al. (2017)",0.0066,0.002799,"Valdiviezo et al.(1 uM - Single)","Cell-free","Our data","0","N",1,4.46,364.91,129,6.5,-1.68,0.026310011,NA,-2.18045606445813,-2.55299710153384,-0.372541037075707,0.372541037075707
"23","Azinphos-methyl","86-50-0","Fischer et al. (2017)",0.3653,0.455,"Valdiviezo et al.(1 uM - Single)","Cell-free","Our data","0","N",1,0.0101,317.32,73,2.75,-13.3,23.132628,NA,-0.437350327788083,-0.341988603342888,0.0953617244451958,0.0953617244451958
"24","Chlorpyrifos","2921-88-2","Fischer et al. (2017)",0.00373333333333333,0.069856586,"Valdiviezo et al.(1 uM - Single)","Cell-free","Our data","0","N",1,0.297,350.59,42,4.96,-4.17,1.1499352,NA,-2.42790323204948,-1.1557926428265,1.27211058922298,1.27211058922298
"25","DDD-p,p'","50-29-3","Fischer et al. (2017)",0.0024,0.000182363,"Valdiviezo et al.(1 uM - Single)","Cell-free","Our data","0","N",1,0.843,354.49,108,6.91,-3.82,0.006699861,NA,-2.61978875828839,-3.7390632719607,-1.11927451367231,1.11927451367231
"26","DDT-o,p'","789-02-6","Fischer et al. (2017)",0.0039,0.000482435,"Valdiviezo et al.(1 uM - Single)","Cell-free","Our data","0","N",1,1.45,354.49,116,6.56,-3.95,0.07656984,NA,-2.4089353929735,-3.31656119225374,-0.907625799280241,0.907625799280241
"27","DDT-p,p'","72-54-8","Fischer et al. (2017)",0.0015,0.0005083,"Valdiviezo et al.(1 uM - Single)","Cell-free","Our data","0","N",1,0.669,320.04,110,6.12,-3.32,0.09025128,NA,-2.82390874094432,-3.2938798902973,-0.469971149352978,0.469971149352978
"28","Diazinon","333-41-5","Fischer et al. (2017)",0.0183,0.272632608,"Valdiviezo et al.(1 uM - Single)","Cell-free","Our data","0","N",1,0.0114,304.35,52.6,3.81,-5.17,47.4786,NA,-1.73754891026957,-0.564422201958622,1.17312670831095,1.17312670831095
"29","Dicofol","115-32-2","Fischer et al. (2017)",0.0281333333333333,0.0145,"Valdiviezo et al.(1 uM - Single)","Cell-free","Our data","0","N",1,0.000149,370.49,77.5,5.02,-6.03,0.8632417,NA,-1.55077880809401,-1.83863199776503,-0.287853189671018,0.287853189671018
"30","Dieldrin","60-57-1","Fischer et al. (2017)",0.0186666666666667,0.012606874,"Valdiviezo et al.(1 uM - Single)","Cell-free","Our data","0","N",1,0.829,380.91,202,5.12,-4.26,0.20835777,NA,-1.72893322771346,-1.89939258772131,-0.17045936000785,0.17045936000785
"31","Disulfoton","298-04-4","Fischer et al. (2017)",0.6044,0.214125215,"Valdiviezo et al.(1 uM - Single)","Cell-free","Our data","0","N",1,0.483,274.4,-25,4.02,-5.26,18.05552,NA,-0.218675544333012,-0.66933218795747,-0.450656643624458,0.450656643624458
"32","Endosulfan I","115-29-7","Fischer et al. (2017)",0.0240333333333333,0.136912449,"Valdiviezo et al.(1 uM - Single)","Cell-free","Our data","0","N",1,2.45,406.93,106,3.83,-4.96,0.40570921,NA,-1.61918599000023,-0.863557061097576,0.755628928902658,0.755628928902658
"33","Endrin","72-20-8","Fischer et al. (2017)",0.0227666666666667,0.102730395,"Valdiviezo et al.(1 uM - Single)","Cell-free","Our data","0","N",1,0.829,380.91,144,5.43,-4.26,0.05180376,NA,-1.64270055103813,-0.988301042013468,0.654399509024662,0.654399509024662
"34","Ethion","563-12-2","Fischer et al. (2017)",0.0012,0.084710254,"Valdiviezo et al.(1 uM - Single)","Cell-free","Our data","0","N",1,0.0457,384.48,-13,5.07,-7.25,1.7340048,NA,-2.92081875395238,-1.07206401604382,1.84875473790856,1.84875473790856
"35","Heptachlor","76-44-8","Fischer et al. (2017)",0.0099,0.005303188,"Valdiviezo et al.(1 uM - Single)","Cell-free","Our data","0","N",1,29.8,373.32,95.5,6.1,-2.92,0.14223492,NA,-2.00436480540245,-2.27546297670656,-0.271098171304112,0.271098171304112
"36","Heptachlor epoxide B","1024-57-3","Fischer et al. (2017)",0.0290666666666667,0.008431,"Valdiviezo et al.(1 uM - Single)","Cell-free","Our data","0","N",1,2.13,389.32,160,4.98,-4.75,0.22308036,NA,-1.5366047697871,-2.0741209106985,-0.537516140911404,0.537516140911404
"37","Lindane","58-89-9","Fischer et al. (2017)",0.225766666666667,0.238934423,"Valdiviezo et al.(1 uM - Single)","Cell-free","Our data","0","N",1,0.322,290.83,75.2,3.72,-3.77,4.449699,NA,-0.646340179113301,-0.621721277449768,0.0246189016635335,0.0246189016635335
"38","Methoxychlor-o,p'","72-43-5","Fischer et al. (2017)",0.0068,0.006093616,"Valdiviezo et al.(1 uM - Single)","Cell-free","Our data","0","N",1,0.0206,345.65,87,5.08,-6.7,0.08468425,NA,-2.16749108729376,-2.21512491708669,-0.0476338297929266,0.0476338297929266
"39","Parathion","56-38-2","Fischer et al. (2017)",0.0792,0.271000583,"Valdiviezo et al.(1 uM - Single)","Cell-free","Our data","0","N",1,0.0302,291.26,6.1,3.83,-5.78,12.728062,NA,-1.10127481841051,-0.567029774832566,0.53424504357794,0.53424504357794
"40","Trifluralin","1582-09-8","Fischer et al. (2017)",0.0243333333333333,0.027100432,"Valdiviezo et al.(1 uM - Single)","Cell-free","Our data","0","N",1,10.4,335.28,49,5.34,-3.39,0.28632912,NA,-1.61379839459921,-1.56702378611007,0.0467746084891405,0.0467746084891405
"41","2,4-Dinitrophenol","51-28-5","Fischer et al. (2017)",0.385966666666667,1.003901682,"Valdiviezo et al.(10 uM- Mixture)","Cell-free","Our data","0","A",10,0.00871,184.11,116,1.67,-6.32,1441.5813,4.1,-0.413450200788945,0.00169118187704436,0.415141382665989,0.415141382665989
"42","Aldrin","309-00-2","Fischer et al. (2017)",0.00103333333333333,0.002799,"Valdiviezo et al.(10 uM- Mixture)","Cell-free","Our data","0","N",10,4.46,364.91,129,6.5,-1.68,0.026310011,NA,-2.98575956088539,-2.55299710153384,0.432762459351552,0.432762459351552
"43","Azinphos-methyl","86-50-0","Fischer et al. (2017)",0.4386,0.455,"Valdiviezo et al.(10 uM- Mixture)","Cell-free","Our data","0","N",10,0.0101,317.32,73,2.75,-13.3,23.132628,NA,-0.357931372658496,-0.341988603342888,0.0159427693156084,0.0159427693156084
"44","Chlorpyrifos","2921-88-2","Fischer et al. (2017)",0.000766666666666667,0.069856586,"Valdiviezo et al.(10 uM- Mixture)","Cell-free","Our data","0","N",10,0.297,350.59,42,4.96,-4.17,1.1499352,NA,-3.11539341870207,-1.1557926428265,1.95960077587557,1.95960077587557
"45","DDD-p,p'","50-29-3","Fischer et al. (2017)",0.0012,0.000182363,"Valdiviezo et al.(10 uM- Mixture)","Cell-free","Our data","0","N",10,0.843,354.49,108,6.91,-3.82,0.006699861,NA,-2.92081875395238,-3.7390632719607,-0.818244518008329,0.818244518008329
"46","DDT-o,p'","789-02-6","Fischer et al. (2017)",0.00376666666666667,0.000482435,"Valdiviezo et al.(10 uM- Mixture)","Cell-free","Our data","0","N",10,1.45,354.49,116,6.56,-3.95,0.07656984,NA,-2.42404281123624,-3.31656119225374,-0.892518381017499,0.892518381017499
"47","DDT-p,p'","72-54-8","Fischer et al. (2017)",4e-04,0.0005083,"Valdiviezo et al.(10 uM- Mixture)","Cell-free","Our data","0","N",10,0.669,320.04,110,6.12,-3.32,0.09025128,NA,-3.39794000867204,-3.2938798902973,0.104060118374741,0.104060118374741
"48","Diazinon","333-41-5","Fischer et al. (2017)",0.0547666666666667,0.272632608,"Valdiviezo et al.(10 uM- Mixture)","Cell-free","Our data","0","N",10,0.0114,304.35,52.6,3.81,-5.17,47.4786,NA,-1.2614836912846,-0.564422201958622,0.697061489325979,0.697061489325979
"49","Dicofol","115-32-2","Fischer et al. (2017)",0.0165333333333333,0.0145,"Valdiviezo et al.(10 uM- Mixture)","Cell-free","Our data","0","N",10,0.000149,370.49,77.5,5.02,-6.03,0.8632417,NA,-1.78163957822946,-1.83863199776503,-0.0569924195355602,0.0569924195355602
"50","Dieldrin","60-57-1","Fischer et al. (2017)",0.0104,0.012606874,"Valdiviezo et al.(10 uM- Mixture)","Cell-free","Our data","0","N",10,0.829,380.91,202,5.12,-4.26,0.20835777,NA,-1.98296666070122,-1.89939258772131,0.0835740729799075,0.0835740729799075
"51","Disulfoton","298-04-4","Fischer et al. (2017)",0.8419,0.214125215,"Valdiviezo et al.(10 uM- Mixture)","Cell-free","Our data","0","N",10,0.483,274.4,-25,4.02,-5.26,18.05552,NA,-0.0747394904805647,-0.66933218795747,-0.594592697476905,0.594592697476905
"52","Endosulfan I","115-29-7","Fischer et al. (2017)",0.0107,0.136912449,"Valdiviezo et al.(10 uM- Mixture)","Cell-free","Our data","0","N",10,2.45,406.93,106,3.83,-4.96,0.40570921,NA,-1.97061622231479,-0.863557061097576,1.10705916121721,1.10705916121721
"53","Endrin","72-20-8","Fischer et al. (2017)",0.0104666666666667,0.102730395,"Valdiviezo et al.(10 uM- Mixture)","Cell-free","Our data","0","N",10,0.829,380.91,144,5.43,-4.26,0.05180376,NA,-1.98019160664645,-0.988301042013468,0.991890564632979,0.991890564632979
"54","Ethion","563-12-2","Fischer et al. (2017)",0.00106666666666667,0.084710254,"Valdiviezo et al.(10 uM- Mixture)","Cell-free","Our data","0","N",10,0.0457,384.48,-13,5.07,-7.25,1.7340048,NA,-2.97197127639976,-1.07206401604382,1.89990726035594,1.89990726035594
"55","Heptachlor","76-44-8","Fischer et al. (2017)",0.00256666666666667,0.005303188,"Valdiviezo et al.(10 uM- Mixture)","Cell-free","Our data","0","N",10,29.8,373.32,95.5,6.1,-2.92,0.14223492,NA,-2.59063052954718,-2.27546297670656,0.315167552840619,0.315167552840619
"56","Heptachlor epoxide B","1024-57-3","Fischer et al. (2017)",0.0179,0.008431,"Valdiviezo et al.(10 uM- Mixture)","Cell-free","Our data","0","N",10,2.13,389.32,160,4.98,-4.75,0.22308036,NA,-1.74714696902011,-2.0741209106985,-0.326973941678392,0.326973941678392
"57","Lindane","58-89-9","Fischer et al. (2017)",0.2754,0.238934423,"Valdiviezo et al.(10 uM- Mixture)","Cell-free","Our data","0","N",10,0.322,290.83,75.2,3.72,-3.77,4.449699,NA,-0.560036064079095,-0.621721277449768,-0.0616852133706726,0.0616852133706726
"58","Methoxychlor-o,p'","72-43-5","Fischer et al. (2017)",0.00303333333333333,0.006093616,"Valdiviezo et al.(10 uM- Mixture)","Cell-free","Our data","0","N",10,0.0206,345.65,87,5.08,-6.7,0.08468425,NA,-2.51807986239857,-2.21512491708669,0.302954945311878,0.302954945311878
"59","Parathion","56-38-2","Fischer et al. (2017)",0.0724,0.271000583,"Valdiviezo et al.(10 uM- Mixture)","Cell-free","Our data","0","N",10,0.0302,291.26,6.1,3.83,-5.78,12.728062,NA,-1.14026143380285,-0.567029774832566,0.573231658970287,0.573231658970287
"60","Trifluralin","1582-09-8","Fischer et al. (2017)",0.00946666666666667,0.027100432,"Valdiviezo et al.(10 uM- Mixture)","Cell-free","Our data","0","N",10,10.4,335.28,49,5.34,-3.39,0.28632912,NA,-2.02380291467262,-1.56702378611007,0.456779128562559,0.456779128562559
"61","2,4-Dinitrophenol","51-28-5","Fischer et al. (2017)",0.0502,1.003901682,"Valdiviezo et al.(1 uM- Mixture)","Cell-free","Our data","0","A",1,0.00871,184.11,116,1.67,-6.32,1441.5813,4.1,-1.29929628285498,0.00169118187704436,1.30098746473202,1.30098746473202
"62","Aldrin","309-00-2","Fischer et al. (2017)",0.00413333333333333,0.002799,"Valdiviezo et al.(1 uM- Mixture)","Cell-free","Our data","0","N",1,4.46,364.91,129,6.5,-1.68,0.026310011,NA,-2.38369956955743,-2.55299710153384,-0.16929753197641,0.16929753197641
"63","Azinphos-methyl","86-50-0","Fischer et al. (2017)",0.441133333333333,0.455,"Valdiviezo et al.(1 uM- Mixture)","Cell-free","Our data","0","N",1,0.0101,317.32,73,2.75,-13.3,23.132628,NA,-0.355430124412086,-0.341988603342888,0.0134415210691982,0.0134415210691982
"64","Chlorpyrifos","2921-88-2","Fischer et al. (2017)",0.000966666666666667,0.069856586,"Valdiviezo et al.(1 uM- Mixture)","Cell-free","Our data","0","N",1,0.297,350.59,42,4.96,-4.17,1.1499352,NA,-3.01472325682071,-1.1557926428265,1.85893061399421,1.85893061399421
"65","DDD-p,p'","50-29-3","Fischer et al. (2017)",0.00173333333333333,0.000182363,"Valdiviezo et al.(1 uM- Mixture)","Cell-free","Our data","0","N",1,0.843,354.49,108,6.91,-3.82,0.006699861,NA,-2.76111791108486,-3.7390632719607,-0.977945360875841,0.977945360875841
"66","DDT-o,p'","789-02-6","Fischer et al. (2017)",0.0031,0.000482435,"Valdiviezo et al.(1 uM- Mixture)","Cell-free","Our data","0","N",1,1.45,354.49,116,6.56,-3.95,0.07656984,NA,-2.50863830616573,-3.31656119225374,-0.807922886088014,0.807922886088014
"67","DDT-p,p'","72-54-8","Fischer et al. (2017)",0.00166666666666667,0.0005083,"Valdiviezo et al.(1 uM- Mixture)","Cell-free","Our data","0","N",1,0.669,320.04,110,6.12,-3.32,0.09025128,NA,-2.77815125038364,-3.2938798902973,-0.515728639913652,0.515728639913652
"68","Diazinon","333-41-5","Fischer et al. (2017)",0.0603333333333333,0.272632608,"Valdiviezo et al.(1 uM- Mixture)","Cell-free","Our data","0","N",1,0.0114,304.35,52.6,3.81,-5.17,47.4786,NA,-1.21944267985048,-0.564422201958622,0.655020477891856,0.655020477891856
"69","Dicofol","115-32-2","Fischer et al. (2017)",0.00786666666666667,0.0145,"Valdiviezo et al.(1 uM- Mixture)","Cell-free","Our data","0","N",1,0.000149,370.49,77.5,5.02,-6.03,0.8632417,NA,-2.10420925174956,-1.83863199776503,0.265577253984531,0.265577253984531
"70","Dieldrin","60-57-1","Fischer et al. (2017)",0.0215333333333333,0.012606874,"Valdiviezo et al.(1 uM- Mixture)","Cell-free","Our data","0","N",1,0.829,380.91,202,5.12,-4.26,0.20835777,NA,-1.66688873672458,-1.89939258772131,-0.232503850996734,0.232503850996734
"71","Disulfoton","298-04-4","Fischer et al. (2017)",0.914333333333333,0.214125215,"Valdiviezo et al.(1 uM- Mixture)","Cell-free","Our data","0","N",1,0.483,274.4,-25,4.02,-5.26,18.05552,NA,-0.038895447115133,-0.66933218795747,-0.630436740842337,0.630436740842337
"72","Endosulfan I","115-29-7","Fischer et al. (2017)",0.0221,0.136912449,"Valdiviezo et al.(1 uM- Mixture)","Cell-free","Our data","0","N",1,2.45,406.93,106,3.83,-4.96,0.40570921,NA,-1.65560772631489,-0.863557061097576,0.792050665217314,0.792050665217314
"73","Endrin","72-20-8","Fischer et al. (2017)",0.0226666666666667,0.102730395,"Valdiviezo et al.(1 uM- Mixture)","Cell-free","Our data","0","N",1,0.829,380.91,144,5.43,-4.26,0.05180376,NA,-1.64461234201343,-0.988301042013468,0.656311299999958,0.656311299999958
"74","Ethion","563-12-2","Fischer et al. (2017)",0.00253333333333333,0.084710254,"Valdiviezo et al.(1 uM- Mixture)","Cell-free","Our data","0","N",1,0.0457,384.48,-13,5.07,-7.25,1.7340048,NA,-2.59630766243887,-1.07206401604382,1.52424364639506,1.52424364639506
"75","Heptachlor","76-44-8","Fischer et al. (2017)",0.00756666666666667,0.005303188,"Valdiviezo et al.(1 uM- Mixture)","Cell-free","Our data","0","N",1,29.8,373.32,95.5,6.1,-2.92,0.14223492,NA,-2.12109539752654,-2.27546297670656,-0.154367579180022,0.154367579180022
"76","Heptachlor epoxide B","1024-57-3","Fischer et al. (2017)",0.0390666666666667,0.008431,"Valdiviezo et al.(1 uM- Mixture)","Cell-free","Our data","0","N",1,2.13,389.32,160,4.98,-4.75,0.22308036,NA,-1.40819364303759,-2.0741209106985,-0.665927267660908,0.665927267660908
"77","Lindane","58-89-9","Fischer et al. (2017)",0.253266666666667,0.238934423,"Valdiviezo et al.(1 uM- Mixture)","Cell-free","Our data","0","N",1,0.322,290.83,75.2,3.72,-3.77,4.449699,NA,-0.596421965500961,-0.621721277449768,-0.0252993119488069,0.0252993119488069
"78","Methoxychlor-o,p'","72-43-5","Fischer et al. (2017)",0.00706666666666667,0.006093616,"Valdiviezo et al.(1 uM- Mixture)","Cell-free","Our data","0","N",1,0.0206,345.65,87,5.08,-6.7,0.08468425,NA,-2.15078539379091,-2.21512491708669,-0.0643395232957795,0.0643395232957795
"79","Parathion","56-38-2","Fischer et al. (2017)",0.0786333333333333,0.271000583,"Valdiviezo et al.(1 uM- Mixture)","Cell-free","Our data","0","N",1,0.0302,291.26,6.1,3.83,-5.78,12.728062,NA,-1.10439331383407,-0.567029774832566,0.537363539001501,0.537363539001501
"80","Trifluralin","1582-09-8","Fischer et al. (2017)",0.0256333333333333,0.027100432,"Valdiviezo et al.(1 uM- Mixture)","Cell-free","Our data","0","N",1,10.4,335.28,49,5.34,-3.39,0.28632912,NA,-1.59119491491823,-1.56702378611007,0.0241711288081654,0.0241711288081654
"81","Caffeine","58-08-2","Fischer et al. (2017)",0.999999,0.999569071,"Huchthausen et al. (ARE)","Human","Literature","0","N",3680,0.157,194.19,238,-0.07,-9.95,21749.28,NA,-4.34294699063126e-07,-0.000187190422580272,-0.000186756127881209,0.000186756127881209
"82","Lamotrigine","84057-84-1","Fischer et al. (2017)",0.579374276,0.639846946,"Huchthausen et al. (ARE)","Human","Literature","0","B",863,0.000113,256.09,207,2.57,-9.7,249.94384,6.6,-0.237040791215896,-0.193923898605187,0.0431168926107087,0.0431168926107087
"83","Diclofenac","15307-79-6","Fischer et al. (2017)",0.348993289,0.016205881,"Huchthausen et al. (ARE)","Human","Literature","0","B",89.4,1.6e-05,296.15,284,0.7,-9.05,7.018755,17.6,-0.457182924268014,-1.79032735444736,-1.33314443017935,1.33314443017935
"84","2,4-Dichlorophenoxyacetic","94-75-7","Fischer et al. (2017)",0.417721519,1.0023181,"Huchthausen et al. (ARE)","Human","Literature","0","A",316,0.000299,221.04,140,2.81,-7.08,1644.5376,2.7,-0.379113151399393,0.00100557297891216,0.380118724378306,0.380118724378306
"85","(S)-Naproxen","22204-53-1","Fischer et al. (2017)",0.744525547,0.993747152,"Huchthausen et al. (ARE)","Human","Literature","0","A",411,0.000108,230.26,153,3.18,-9.64,13.35508,4.4,-0.128120395654214,-0.00272410298700221,0.125396292667212,0.125396292667212
"86","Ibuprofen","15687-27-1","Fischer et al. (2017)",0.269581749,0.894476025,"Huchthausen et al. (ARE)","Human","Literature","0","A",263,0.00824,206.28,89.1,3.73,-6.22,35.68644,5.4,-0.569309513386322,-0.0484312955099606,0.520878217876362,0.520878217876362
"87","Torasemide","56211-40-6","Fischer et al. (2017)",0.167272727,0.996340511,"Huchthausen et al. (ARE)","Human","Literature","0","A",1100,1.84e-06,348.42,224,3.37,-15.3,79.78818,4,-0.776574862856777,-0.00159221099875113,0.774982651858026,0.774982651858026
"88","Warfarin","81-81-2","Fischer et al. (2017)",0.444651163,0.997877477,"Huchthausen et al. (ARE)","Human","Literature","0","A",215,0.000625,308.33,161,2.7,-11.6,29.692179,4.5,-0.351980567435078,-0.000922779683967346,0.351057787751111,0.351057787751111
"89","Caffeine","58-08-2","Fischer et al. (2017)",0.754098361,0.999910142,"Huchthausen et al. (PPAR)","Human","Literature","0","N",2440,0.157,194.19,238,-0.07,-9.95,21749.28,NA,-0.122572003130928,-3.90265870066744e-05,0.122532976543921,0.122532976543921
"90","Lamotrigine","84057-84-1","Fischer et al. (2017)",0.870159453,0.894905216,"Huchthausen et al. (PPAR)","Human","Literature","0","B",439,0.000113,256.09,207,2.57,-9.7,249.94384,6.6,-0.0604011574816199,-0.0482229606036968,0.0121781968779231,0.0121781968779231
"91","Diclofenac","15307-79-6","Fischer et al. (2017)",0.129716981,0.073389976,"Huchthausen et al. (PPAR)","Human","Literature","0","B",2.12,1.6e-05,296.15,284,0.7,-9.05,7.018755,17.6,-0.88700316754068,-1.13436325432339,-0.247360086782709,0.247360086782709
"92","2,4-Dichlorophenoxyacetic","94-75-7","Fischer et al. (2017)",0.463414634,1.000482193,"Huchthausen et al. (PPAR)","Human","Literature","0","A",49.2,0.000299,221.04,140,2.81,-7.08,1644.5376,2.7,-0.334030255904052,0.000209363286412437,0.334239619190465,0.334239619190465
"93","(S)-Naproxen","22204-53-1","Fischer et al. (2017)",0.261016949,0.998692102,"Huchthausen et al. (PPAR)","Human","Literature","0","A",17.7,0.000108,230.26,153,3.18,-9.64,13.35508,4.4,-0.58333129105949,-0.000568384659948405,0.582762906399541,0.582762906399541
"94","Ibuprofen","15687-27-1","Fischer et al. (2017)",0.474683544,0.975984705,"Huchthausen et al. (PPAR)","Human","Literature","0","A",316,0.00824,206.28,89.1,3.73,-6.22,35.68644,5.4,-0.323595823840671,-0.0105569882617397,0.313038835578931,0.313038835578931
"95","Torasemide","56211-40-6","Fischer et al. (2017)",0.039076087,0.999236476,"Huchthausen et al. (PPAR)","Human","Literature","0","A",184,1.84e-06,348.42,224,3.37,-15.3,79.78818,4,-1.40808893214343,-0.000331720914561893,1.40775721122887,1.40775721122887
"96","Warfarin","81-81-2","Fischer et al. (2017)",0.429752066,0.999557992,"Huchthausen et al. (PPAR)","Human","Literature","0","A",242,0.000625,308.33,161,2.7,-11.6,29.692179,4.5,-0.366782026798576,-0.00019200407215177,0.366590022726425,0.366590022726425
"97","di-n-butylphthalate","84-74-2","Fischer et al. (2017)",0.59,0.728372292,"Tanneberger et al.(Fish RTgill)","Fish","Literature","0","N",0.835586139,0.183,278.34,-35,4.61,-5.26,11.189268,NA,-0.229147988357856,-0.137646583553097,0.0915014048047587,0.0915014048047587
"98","hexachlorophene","70-30-4","Fischer et al. (2017)",0.26,0.013397747,"Tanneberger et al.(Fish RTgill)","Fish","Literature","0","A",0.049152126,3.68e-06,406.9,166,7.54,-9.21,140.7874,6.2,-0.585026652029182,-1.87296822758547,-1.28794157555629,1.28794157555629
"99","Caffeine","58-08-2","Fischer et al. (2017)",0.96,0.999990823,"Tanneberger et al.(Fish RTgill)","Fish","Literature","0","N",14037.07518,0.157,194.19,238,-0.07,-9.95,21749.28,NA,-0.0177287669604316,-3.98553874811032e-06,0.0177247814216835,0.0177247814216835
"100","hexamethylenetetramine","100-97-0","Fischer et al. (2017)",0.999999,1.000040261,"Tanneberger et al.(Fish RTgill)","Fish","Literature","0","B",98787.4465,0.0153,140.19,96.3,-1.27,-3.42,999554.7,6.4,-4.34294699063126e-07,1.74847781609839e-05,1.7919072860047e-05,1.7919072860047e-05
"101","Malathion","121-75-5","Fischer et al. (2017)",0.99,0.987385698,"Tanneberger et al.(Fish RTgill)","Fish","Literature","0","N",39.34624697,0.000495,330.36,2.8,2.36,-9.87,144.69768,NA,-0.00436480540245009,-0.00551316770253616,-0.00114836230008607,0.00114836230008607
"102","pentachlorophenol","87-86-5","Fischer et al. (2017)",0.73,0.977730697,"Tanneberger et al.(Fish RTgill)","Fish","Literature","0","A",0.075103267,0.00248,266.34,174,5.12,-5.02,40.48368,5,-0.136677139879544,-0.00978074941739324,0.126896390462151,0.126896390462151
"103","2,4-dinitrophenol","51-28-5","Fischer et al. (2017)",0.999999,1.000044429,"Tanneberger et al.(Fish RTgill)","Fish","Literature","0","A",4.1281912,0.00871,184.11,116,1.67,-6.32,1441.5813,4.1,-4.34294699063126e-07,1.92948409143671e-05,1.97291356134302e-05,1.97291356134302e-05
"104","2,2,2-trichloroethanol","115-20-8","Fischer et al. (2017)",0.94,0.998486842,"Tanneberger et al.(Fish RTgill)","Fish","Literature","0","N",712.8514056,0.597,149.4,19,1.42,-3.34,83215.8,NA,-0.0268721464003014,-0.000657653862327217,0.0262144925379741,0.0262144925379741
"105","parathion ethyl","56-38-2","Fischer et al. (2017)",0.77,0.93017529,"Tanneberger et al.(Fish RTgill)","Fish","Literature","0","N",2.883625129,0.0302,291.26,6.1,3.83,-5.78,12.728062,NA,-0.113509274827518,-0.0314352016544163,0.0820740731731018,0.0820740731731018
"106","diethylphthalate","84-66-2","Fischer et al. (2017)",0.91,0.990058339,"Tanneberger et al.(Fish RTgill)","Fish","Literature","0","N",310.5310531,0.00237,222.24,-40.5,2.44,-5.26,1037.8608,NA,-0.0409586076789064,-0.00433921392841315,0.0366193937504932,0.0366193937504932
"107","4-chlorophenol","106-48-9","Fischer et al. (2017)",0.87,0.987292705,"Tanneberger et al.(Fish RTgill)","Fish","Literature","0","N",93.3125972,0.0639,128.56,42.7,2.39,-4.8,24554.96,NA,-0.0604807473813815,-0.00555407192949699,0.0549266754518845,0.0549266754518845
"108","permethrin","52645-53-1","Fischer et al. (2017)",0.29,0.003545361,"Tanneberger et al.(Fish RTgill)","Fish","Literature","0","N",23.00025556,0.00243,391.29,34,6.5,-6.61,0.08373606,NA,-0.537602002101044,-2.45033953697576,-1.91273753487472,1.91273753487472
"109","Aniline","62-53-3","Fischer et al. (2017)",0.999999,0.998991443,"Tanneberger et al.(Fish RTgill)","Fish","Literature","0","N",4749.731472,0.205,93.13,-6,0.9,-4.27,36041.31,NA,-4.34294699063126e-07,-0.000438231767809154,-0.000437797473110091,0.000437797473110091
"110","disulfoton","298-04-4","Fischer et al. (2017)",0.54,0.905107698,"Tanneberger et al.(Fish RTgill)","Fish","Literature","0","N",9.110787172,0.483,274.4,-25,4.02,-5.26,18.05552,NA,-0.267606240177031,-0.0432997413867494,0.224306498790282,0.224306498790282
"111","4-fluoroaniline","371-40-4","Fischer et al. (2017)",0.88,0.998983177,"Tanneberger et al.(Fish RTgill)","Fish","Literature","0","N",1913.591359,0.0611,111.12,-0.8,1.15,-3.98,14778.96,NA,-0.0555173278498314,-0.000441825285115595,0.0550755025647158,0.0550755025647158
"112","2,4,6-trichlorophenol","88-06-2","Fischer et al. (2017)",0.9,0.960466724,"Tanneberger et al.(Fish RTgill)","Fish","Literature","0","A",10.12658228,0.137,197.45,69,3.69,-3.46,833.239,6.8,-0.0457574905606751,-0.0175176769589968,0.0282398136016783,0.0282398136016783
"113","Allyl alcohol","107-18-6","Fischer et al. (2017)",0.98,0.99996177,"Tanneberger et al.(Fish RTgill)","Fish","Literature","0","N",14359.72461,0.506,58.08,-129,0.17,-3.52,998976,NA,-0.00877392430750515,-1.66033954190991e-05,0.00875732091208605,0.00875732091208605
"114","lindane","58-89-9","Fischer et al. (2017)",0.43,0.915489462,"Tanneberger et al.(Fish RTgill)","Fish","Literature","0","N",33.3562586,0.322,290.83,75.2,3.72,-3.77,4.449699,NA,-0.366531544420413,-0.0383466504027984,0.328184894017615,0.328184894017615
"115","N-methylaniline","100-61-8","Fischer et al. (2017)",0.85,0.997116874,"Tanneberger et al.(Fish RTgill)","Fish","Literature","0","N",1509.328358,0.9,107.15,-57,1.66,-3.41,5625.375,NA,-0.0705810742857073,-0.00125393420744595,0.0693271400782613,0.0693271400782613
"116","3,4-dichloroaniline","95-76-1","Fischer et al. (2017)",0.74,0.969424654,"Tanneberger et al.(Fish RTgill)","Fish","Literature","0","N",47.83950617,0.0176,162.02,72,2.69,-4.68,145.65598,NA,-0.130768280269024,-0.0134859396782415,0.117282340590782,0.117282340590782
"117","4-decylaniline","37529-30-9","Fischer et al. (2017)",0.15,0.034767979,"Tanneberger et al.(Fish RTgill)","Fish","Literature","0","N",2.399314482,2.07,233.39,25,6.32,-3.09,0.20374947,NA,-0.823908740944319,-1.4588205533391,-0.634911812394777,0.634911812394777
"118","naphthalene","91-20-3","Fischer et al. (2017)",0.11,0.940256406,"Tanneberger et al.(Fish RTgill)","Fish","Literature","0","N",219.1887676,44.6,128.17,80.2,3.3,-2.41,31.65799,NA,-0.958607314841775,-0.0267536990318873,0.931853615809888,0.931853615809888
"119","1,2,4-trichlorobenzene","120-82-1","Fischer et al. (2017)",0.03,0.686901047,"Tanneberger et al.(Fish RTgill)","Fish","Literature","0","N",78.2369146,144,181.45,17,3.99,-0.83,46.4512,NA,-1.52287874528034,-0.163105821655338,1.359772923625,1.359772923625
"120","1,2-dichlorobenzene","95-50-1","Fischer et al. (2017)",0.07,0.909961231,"Tanneberger et al.(Fish RTgill)","Fish","Literature","0","N",182.9931973,195,147,-16.7,3.43,-0.98,143.325,NA,-1.15490195998574,-0.0409771104497178,1.11392484953603,1.11392484953603
"121","dichloromethane","75-09-2","Fischer et al. (2017)",0.33,0.998336389,"Tanneberger et al.(Fish RTgill)","Fish","Literature","0","N",17656.06596,329,84.93,-95.1,1.25,-1.19,15117.54,NA,-0.481486060122112,-0.000723098721736968,0.480762961400375,0.480762961400375
"122","tetrachloroethylene","127-18-4","Fischer et al. (2017)",0.08,0.942057444,"Tanneberger et al.(Fish RTgill)","Fish","Literature","0","N",195.4161641,1790,165.83,-22.3,3.4,-0.52,276.9361,NA,-1.09691001300806,-0.0259226143498131,1.07098739865824,1.07098739865824
"123","2,3-dimethyl-1,3-butadiene","513-81-5","Fischer et al. (2017)",0.06,0.98706853,"Tanneberger et al.(Fish RTgill)","Fish","Literature","0","N",1000,4530,82.14,-76,3.07,0.95,326.9172,NA,-1.22184874961636,-0.00565269417164105,1.21619605544472,1.21619605544472
"124","Eugenol F","97-53-0","Fischer et al. (2017)",0.999999,0.996842877,"Schug et al.(Fish RTgut - High dose)","Fish","Literature","0","N",6.090133983,0.0222,164.2,-9.1,2.27,-4.85,840.704,NA,-4.34294699063126e-07,-0.00137329006289627,-0.00137285576819721,0.00137285576819721
"125","Methyl-antranilate","134-20-3","Fischer et al. (2017)",0.9999,0.999052349,"Schug et al.(Fish RTgut - High dose)","Fish","Literature","0","N",165.3439153,0.00111,151.16,24.5,1.88,-6.32,2872.04,NA,-4.34316198075056e-05,-0.000411754730790358,-0.000368323110982852,0.000368323110982852
"126","Lilyfore","285977-85-7","Fischer et al. (2017)",0.9999,0.972556801,"Schug et al.(Fish RTgut - High dose)","Fish","Literature","0","N",11.34429949,0.0717,176.25,50.8,3.24,-5.78,222.075,NA,-4.34316198075056e-05,-0.0120850248192318,-0.0120415931994243,0.0120415931994243
"127","Damascone beta","23726-91-2","Fischer et al. (2017)",0.99,0.774890367,"Schug et al.(Fish RTgut - High dose)","Fish","Literature","0","N",5.200208008,32.8,192.3,17.5,4.29,-2.6,7.98045,NA,-0.00436480540245009,-0.110759737977517,-0.106394932575067,0.106394932575067
"128","Veloutone","14595-54-1","Fischer et al. (2017)",0.57,0.266934153,"Schug et al.(Fish RTgut - High dose)","Fish","Literature","0","N",0.50942435,18.4,222.37,40.4,5.28,-3.52,0.9384014,NA,-0.244125144327509,-0.573595856671363,-0.329470712343854,0.329470712343854
"129","Verdox","82356-51-2","Fischer et al. (2017)",0.74,0.024171699,"Schug et al.(Fish RTgut - High dose)","Fish","Literature","0","N",5.042864347,NA,236.39,60.7,6.45,-1.88,0.15223516,NA,-0.130768280269024,-1.61669282247641,-1.48592454220739,1.48592454220739
"130","Nirvanol","1506-02-1","Fischer et al. (2017)",0.46,0.122164255,"Schug et al.(Fish RTgut - High dose)","Fish","Literature","0","N",0.449640288,NA,258.4,54.5,5.7,-3.69,1.250656,NA,-0.337242168318426,-0.913055849143855,-0.575813680825429,0.575813680825429
"131","Cetalox","3738-00-9","Fischer et al. (2017)",0.72,0.216763927,"Schug et al.(Fish RTgut - High dose)","Fish","Literature","0","N",1.057529611,140,236.39,60.7,5.4,-1.56,2.434817,NA,-0.142667503568732,-0.664012989699775,-0.521345486131044,0.521345486131044
"132","Tonalide","21145-77-7","Fischer et al. (2017)",0.43,0.122164255,"Schug et al.(Fish RTgut - High dose)","Fish","Literature","0","N",0.03869969,4.8534675,258.4,54.5,5.7,-3.69,1.250656,NA,-0.366531544420413,-0.913055849143855,-0.546524304723442,0.546524304723442
"133","Eugenol F","97-53-0","Fischer et al. (2017)",0.9999,0.996842877,"Schug et al.(Fish RTgut - Low dose)","Fish","Literature","0","N",1827.040195,0.0222,164.2,-9.1,2.27,-4.85,840.704,NA,-4.34316198075056e-05,-0.00137329006289627,-0.00132985844308876,0.00132985844308876
"134","Methyl-antranilate","134-20-3","Fischer et al. (2017)",0.9999,0.999052349,"Schug et al.(Fish RTgut - Low dose)","Fish","Literature","0","N",5291.005291,0.00111,151.16,24.5,1.88,-6.32,2872.04,NA,-4.34316198075056e-05,-0.000411754730790358,-0.000368323110982852,0.000368323110982852
"135","Lilyfore","285977-85-7","Fischer et al. (2017)",0.9999,0.972556801,"Schug et al.(Fish RTgut - Low dose)","Fish","Literature","0","N",680.6579694,0.0717,176.25,50.8,3.24,-5.78,222.075,NA,-4.34316198075056e-05,-0.0120850248192318,-0.0120415931994243,0.0120415931994243
"136","Damascone beta","23726-91-2","Fischer et al. (2017)",0.99,0.774890367,"Schug et al.(Fish RTgut - Low dose)","Fish","Literature","0","N",104.0041602,32.8,192.3,17.5,4.29,-2.6,7.98045,NA,-0.00436480540245009,-0.110759737977517,-0.106394932575067,0.106394932575067
"137","Veloutone","14595-54-1","Fischer et al. (2017)",0.57,0.266934153,"Schug et al.(Fish RTgut - Low dose)","Fish","Literature","0","N",61.13092206,18.4,222.37,40.4,5.28,-3.52,0.9384014,NA,-0.244125144327509,-0.573595856671363,-0.329470712343854,0.329470712343854
"138","Verdox","82356-51-2","Fischer et al. (2017)",0.74,0.024171699,"Schug et al.(Fish RTgut - Low dose)","Fish","Literature","0","N",75.6429652,NA,236.39,60.7,6.45,-1.88,0.15223516,NA,-0.130768280269024,-1.61669282247641,-1.48592454220739,1.48592454220739
"139","Nirvanol","1506-02-1","Fischer et al. (2017)",0.46,0.122164255,"Schug et al.(Fish RTgut - Low dose)","Fish","Literature","0","N",26.97841727,NA,258.4,54.5,5.7,-3.69,1.250656,NA,-0.337242168318426,-0.913055849143855,-0.575813680825429,0.575813680825429
"140","Cetalox","3738-00-9","Fischer et al. (2017)",0.72,0.216763927,"Schug et al.(Fish RTgut - Low dose)","Fish","Literature","0","N",21.15059222,140,236.39,60.7,5.4,-1.56,2.434817,NA,-0.142667503568732,-0.664012989699775,-0.521345486131044,0.521345486131044
"141","Tonalide","21145-77-7","Fischer et al. (2017)",0.43,0.122164255,"Schug et al.(Fish RTgut - Low dose)","Fish","Literature","0","N",7.73993808,4.8534675,258.4,54.5,5.7,-3.69,1.250656,NA,-0.366531544420413,-0.913055849143855,-0.546524304723442,0.546524304723442
"142","4:2 FTS","375-73-5","Fischer et al. (2017)",0.68,1.005462671,"PFAS (100 uM)","Cell-free","Our data","0","A",100,2.99031e-05,300.1,23.4,1.5,-4.63,510.17,-2.9,-0.167491087293764,0.00236595153181394,0.169857038825578,0.169857038825578
"144","8:2 FTS","375-95-1","Fischer et al. (2017)",0.0349333333333333,0.005355474,"PFAS (100 uM)","Cell-free","Our data","0","A",100,0.000119046,464.08,68.6,6.07,-2.47,1299.424,0.1,-1.45675997207195,-2.27120208478091,-0.814442112708955,0.814442112708955
"145","PFBA","307-24-4","Fischer et al. (2017)",0.946666666666667,0.217657095,"PFAS (100 uM)","Cell-free","Our data","0","A",100,2.37529e-05,314.05,11.7,4.2,-3.31,29.33227,0.1,-0.0238029146726248,-0.662227171515416,-0.638424256842791,0.638424256842791
"147","PFDA","335-67-1","Fischer et al. (2017)",0.061,0.01174627,"PFAS (100 uM)","Cell-free","Our data","0","A",100,1.93071e-05,414.07,54.3,4.13,-2.75,5051.654,0.1,-1.21467016498923,-1.93010002067658,-0.715429855687343,0.715429855687343
"148","PFHpA","27619-97-2","Fischer et al. (2017)",0.7709,0.064408597,"PFAS (100 uM)","Cell-free","Our data","0","A",100,1.84381e-05,428.17,32.1,2.97,-3.7,18.240042,1.4,-0.113001954328901,-1.19105616089368,-1.07805420656478,1.07805420656478
"149","PFHxA","39108-34-4","Fischer et al. (2017)",0.6643,0.006096128,"PFAS (100 uM)","Cell-free","Our data","0","A",100,1.80184e-06,528.18,32.4,4.18,-3.14,0.2456037,1.4,-0.17763574755845,-2.21494592271995,-2.0373101751615,2.0373101751615
"150","PFHxS","2058-94-8","Fischer et al. (2017)",0.603,0.001270945,"PFAS (100 uM)","Cell-free","Our data","0","A",100,3.35519e-05,564.09,98.5,5.95,-1.91,91.94667,0.1,-0.219682687859849,-2.89587324308355,-2.6761905552237,2.6761905552237
"151","PFNA","1763-23-1","Fischer et al. (2017)",0.113276666666667,0.003156728,"PFAS (100 uM)","Cell-free","Our data","0","A",100,1.84381e-06,500.13,22.8,5.95,-3.51,570.1482,-2.9,-0.945859539223272,-2.50076283755289,-1.55490329832962,1.55490329832962
"152","PFOA","375-85-9","Fischer et al. (2017)",0.06888,0.0217258,"PFAS (100 uM)","Cell-free","Our data","0","A",100,2.11698e-05,364.06,35.4,3.53,-3.03,117955.44,0.1,-1.1619068615544,-1.66302422274173,-0.501117361187325,0.501117361187325
"154","PFPeA","355-46-4","Fischer et al. (2017)",0.936053333333333,0.004586182,"PFAS (100 uM)","Cell-free","Our data","0","A",100,1.97568e-05,400.11,190,2.71,-4.07,243.26688,-2.9,-0.0286994058425608,-2.33854871453689,-2.30984930869432,2.30984930869432
"155","PFUnDA","335-76-2","Fischer et al. (2017)",0.00503333333333333,0.002840791,"PFAS (100 uM)","Cell-free","Our data","0","A",100,1.53362e-05,514.08,90,6.4,-2.19,1156.68,0.1,-2.29814430742649,-2.54656071660637,-0.248416409179881,0.248416409179881
"156","4:2 FTS","375-73-5","Fischer et al. (2017)",0.376666666666667,1.005462671,"PFAS (10 uM)","Cell-free","Our data","0","A",10,2.99031e-05,300.1,23.4,1.5,-4.63,510.17,-2.9,-0.424042811236243,0.00236595153181394,0.426408762768057,0.426408762768057
"158","8:2 FTS","375-95-1","Fischer et al. (2017)",0.00486666666666667,0.005355474,"PFAS (10 uM)","Cell-free","Our data","0","A",10,0.000119046,464.08,68.6,6.07,-2.47,1299.424,0.1,-2.31276839893523,-2.27120208478091,0.0415663141543163,0.0415663141543163
"159","PFBA","307-24-4","Fischer et al. (2017)",0.95,0.217657095,"PFAS (10 uM)","Cell-free","Our data","0","A",10,2.37529e-05,314.05,11.7,4.2,-3.31,29.33227,0.1,-0.0222763947111523,-0.662227171515416,-0.639950776804264,0.639950776804264
"161","PFDA","335-67-1","Fischer et al. (2017)",0.00156666666666667,0.01174627,"PFAS (10 uM)","Cell-free","Our data","0","A",10,1.93071e-05,414.07,54.3,4.13,-2.75,5051.654,0.1,-2.80502339678395,-1.93010002067658,0.874923376107369,0.874923376107369
"162","PFHpA","27619-97-2","Fischer et al. (2017)",0.328166666666667,0.064408597,"PFAS (10 uM)","Cell-free","Our data","0","A",10,1.84381e-05,428.17,32.1,2.97,-3.7,18.240042,1.4,-0.483905534245525,-1.19105616089368,-0.707150626648158,0.707150626648158
"163","PFHxA","39108-34-4","Fischer et al. (2017)",0.517066666666667,0.006096128,"PFAS (10 uM)","Cell-free","Our data","0","A",10,1.80184e-06,528.18,32.4,4.18,-3.14,0.2456037,1.4,-0.286453458649013,-2.21494592271995,-1.92849246407094,1.92849246407094
"164","PFHxS","2058-94-8","Fischer et al. (2017)",0.125666666666667,0.001270945,"PFAS (10 uM)","Cell-free","Our data","0","A",10,3.35519e-05,564.09,98.5,5.95,-1.91,91.94667,0.1,-0.90077990451387,-2.89587324308355,-1.99509333856968,1.99509333856968
"165","PFNA","1763-23-1","Fischer et al. (2017)",0.0450233333333333,0.003156728,"PFAS (10 uM)","Cell-free","Our data","0","A",10,1.84381e-06,500.13,22.8,5.95,-3.51,570.1482,-2.9,-1.34656235485565,-2.50076283755289,-1.15420048269724,1.15420048269724
"166","PFOA","375-85-9","Fischer et al. (2017)",0.05088,0.0217258,"PFAS (10 uM)","Cell-free","Our data","0","A",10,2.11698e-05,364.06,35.4,3.53,-3.03,117955.44,0.1,-1.29345289735964,-1.66302422274173,-0.369571325382084,0.369571325382084
"168","PFPeA","355-46-4","Fischer et al. (2017)",0.769123333333333,0.004586182,"PFAS (10 uM)","Cell-free","Our data","0","A",10,1.97568e-05,400.11,190,2.71,-4.07,243.26688,-2.9,-0.114004013005713,-2.33854871453689,-2.22454470153117,2.22454470153117
"169","PFUnDA","335-76-2","Fischer et al. (2017)",0.00273333333333333,0.002840791,"PFAS (10 uM)","Cell-free","Our data","0","A",10,1.53362e-05,514.08,90,6.4,-2.19,1156.68,0.1,-2.56330740233595,-2.54656071660637,0.0167466857295722,0.0167466857295722
"170","Cisapride","81098-60-4","Fischer et al. (2017)",0.62,0.512955845,"Blanchette et al.","Cell-free","Literature","0","B",10,1.30709e-06,465.95,199.43,3.49,-14.415,33.2,7.8,-0.207608310501746,-0.289920017145819,-0.0823117066440732,0.0823117066440732
"171","Citalopram hydrobromide","59729-33-8","Fischer et al. (2017)",1,0.817521337,"Blanchette et al.","Cell-free","Literature","0","N",10,0.4032735,324.39,153.367,3.2,-8.356,30,NA,0,-0.0875009035968107,-0.0875009035968107,0.0875009035968107
"172","Dofetilide","115256-11-6","Fischer et al. (2017)",0.86,0.955305309,"Blanchette et al.","Cell-free","Literature","0","B",10,0.00133749,441.56,230.64,2.223,-13.462,249,8.4,-0.0655015487564323,-0.0198578087056245,0.0456437400508078,0.0456437400508078
"173","Moxifloxacin hydrochloride","186826-86-8","Fischer et al. (2017)",0.93,0.998325739,"Blanchette et al.","Cell-free","Literature","0","A",10,4.32658e-06,401.43,266.857,1.13,-14.842,724,6,-0.0315170514460649,-0.000727731690096965,0.0307893197559679,0.0307893197559679
"174","N-acetylpro-cainamide","32795-44-1","Fischer et al. (2017)",0.96,1.000200236,"Blanchette et al.","Cell-free","Literature","0","B",10,1.80359e-06,277.36,174.123,1.1805,-12.236,8240,9.2,-0.0177287669604316,8.69526846399811e-05,0.0178157196450716,0.0178157196450716
"175","Quinidine sulfate","50-54-4","Fischer et al. (2017)",0.68,0.943646265,"Blanchette et al.","Cell-free","Literature","0","B",10,0.000272564,324.42,180.1,3.227,-10.922,743,9.3,-0.167491087293764,-0.0251907747155993,0.142300312578164,0.142300312578164
"176","Sematilide","101526-83-4","Fischer et al. (2017)",0.96,1.00012582,"Blanchette et al.","Cell-free","Literature","0","B",10,1.97584e-06,313.42,177.473,1.1,-12.441,11000,9.1,-0.0177287669604316,5.46394944145742e-05,0.0177834064548462,0.0177834064548462
"177","Sotalol hydrochloride","959-24-0","Fischer et al. (2017)",0.97,1.001986688,"Blanchette et al.","Cell-free","Literature","0","B",10,0.000188465,272.36,165.84,0.233,-11.578,47100,9,-0.0132282657337552,0.000861951704333508,0.0140902174380887,0.0140902174380887
"178","Lamotrigine","84057-84-1","Fischer et al. (2017)",1,0.638676116,"Blanchette et al.","Cell-free","Literature","0","B",10,0.000113,256.09,207,2.57,-9.7,249.94384,6.6,0,-0.194719324461011,-0.194719324461011,0.194719324461011
"179","Mifepristone","84371-65-3","Fischer et al. (2017)",0.58,0.033495857,"Blanchette et al.","Cell-free","Literature","0","N",10,0.002320343,429.59,241.967,4.877,-11.407,0.826,NA,-0.236572006437063,-1.47500890619622,-1.23843689975916,1.23843689975916
"180","Azathioprine","446-86-6","Fischer et al. (2017)",0.95,1.00137199,"Nicol et al. (HepG2)","Cell-free","Literature","0","A",10,0.004962684,277.26,244,0.1,-15.1,100.09086,8.2,-0.0222763947111523,0.000595439311174575,0.0228718340223268,0.0228718340223268
"181","Benzocaine","94-09-7","Fischer et al. (2017)",0.784,0.738505328,"Nicol et al. (HepG2)","Cell-free","Literature","0","N",10,0.000299031,165.19,92,1.86,-6.33,834.2095,NA,-0.105683937315562,-0.131646367091839,-0.0259624297762771,0.0259624297762771
"182","Butylated hydroxyanisole","25013-16-5","Fischer et al. (2017)",0.243,0.193816248,"Nicol et al. (HepG2)","Cell-free","Literature","0","N",10,NA,180.24,64.9,3.42,-4.8,358.6776,NA,-0.614393726401688,-0.71260981799239,-0.0982160915907018,0.0982160915907018
"183","Cetirizine dihydrochloride","83881-52-1","Fischer et al. (2017)",0.527,1.004750161,"Nicol et al. (HepG2)","Cell-free","Literature","0","A",10,1.061e-05,388.89,249,0.715,-16.6,443.3346,4.7,-0.278189384787453,0.00205808445492193,0.280247469242375,0.280247469242375
"184","Chlorpyrifos","2921-88-2","Fischer et al. (2017)",0.005,0.06475061,"Nicol et al. (HepG2)","Cell-free","Literature","1","N",10,0.297,350.59,42,4.96,-4.17,1.1499352,NA,-2.30102999566398,-1.18875613584306,1.11227385982092,1.11227385982092
"185","Cyclamate","139-05-9","Fischer et al. (2017)",0.37,1.005279306,"Nicol et al. (HepG2)","Cell-free","Literature","0","B",10,0.001431254,179.24,107,-0.585,-9.77,874691.2,17.6,-0.431798275933005,0.00228674255442563,0.434085018487431,0.434085018487431
"186","Cyclophosphamide","6055-19-2","Fischer et al. (2017)",0.834,0.965190686,"Nicol et al. (HepG2)","Cell-free","Literature","0","B",10,0.1061003,261.09,61.5,0.695,-10.2,46212.93,6.1,-0.0788339493622613,-0.0153868776442313,0.06344707171803,0.06344707171803
"187","Cypermethrin","67375-30-8","Fischer et al. (2017)",0.005,0.000607945,"Nicol et al. (HepG2)","Cell-free","Literature","1","N",10,0.000211698,416.3,102,6.62,-6.45,0.01477865,NA,-2.30102999566398,-3.21613570901172,-0.915105713347739,0.915105713347739
"188","DEET","134-62-3","Fischer et al. (2017)",0.735,0.810974792,"Nicol et al. (HepG2)","Cell-free","Literature","0","N",10,0.014645918,191.27,-45,2.18,-6.57,916.1833,NA,-0.133712660915805,-0.0909926450064085,0.0427200159093966,0.0427200159093966
"189","Dexamethasone","50-02-2","Fischer et al. (2017)",0.662,0.666733382,"Nicol et al. (HepG2)","Cell-free","Literature","0","N",10,6.69448e-06,392.46,248,1.92,-18.8,78.492,NA,-0.1791420105603,-0.176047800078493,0.00309421048180744,0.00309421048180744
"190","Digoxin","20830-75-5","Fischer et al. (2017)",0.529,0.985991301,"Nicol et al. (HepG2)","Cell-free","Literature","0","N",10,1.33572e-05,780.94,426,1.26,-30.7,59.195252,NA,-0.276544327964814,-0.00612691664536444,0.27041741131945,0.27041741131945
"191","Fenazaquin","120928-09-8","Fischer et al. (2017)",0.005,0.005433329,"Nicol et al. (HepG2)","Cell-free","Literature","1","N",10,0.136683664,306.4,78.5,5.51,-7.24,0.1495232,NA,-2.30102999566398,-2.26493399668567,0.0360959989783063,0.0360959989783063
"192","Fenbuconazole","114369-43-6","Fischer et al. (2017)",0.157,0.250239304,"Nicol et al. (HepG2)","Cell-free","Literature","0","N",10,0.394199993,336.82,125,3.23,-10,0.3738702,NA,-0.804100347590766,-0.601644476538164,0.202455871052602,0.202455871052602
"193","Fluazinam","79622-59-6","Fischer et al. (2017)",0.005,0.041053888,"Nicol et al. (HepG2)","Cell-free","Literature","0","N",10,1.60589e-06,465.09,113,4.01,-4.7,0.4883445,NA,-2.30102999566398,-1.38664570682744,0.914384288836538,0.914384288836538
"194","Furosemide","54-31-9","Fischer et al. (2017)",0.415,1.004997109,"Nicol et al. (HepG2)","Cell-free","Literature","0","A",10,2.54517e-05,330.74,261,2.03,-16.3,43.98842,3,-0.381951903287907,0.0021648124558579,0.384116715743765,0.384116715743765
"195","Glybenclamide","10238-21-8","Fischer et al. (2017)",0.101,0.559161681,"Nicol et al. (HepG2)","Cell-free","Literature","0","A",10,1.93071e-05,494,169,4.85,-18,4.00634,5,-0.995678626217357,-0.252462598171643,0.743216028045714,0.743216028045714
"196","HC Red 3","2871-01-4","Fischer et al. (2017)",0.95,0.988523801,"Nicol et al. (HepG2)","Cell-free","Literature","0","N",10,0.0090306,197.19,152,0.13,-11.8,121074.66,NA,-0.0222763947111523,-0.00501286957891437,0.0172635251322379,0.0172635251322379
"197","Hydralazine hydrochloride","304-20-1","Fischer et al. (2017)",0.147,0.962954321,"Nicol et al. (HepG2)","Cell-free","Literature","1","B",10,0.004422997,160.18,163,0.725,-11.6,211437.6,6,-0.832682665251824,-0.0163943137146716,0.816288351537152,0.816288351537152
"198","Ibuprofen","15687-27-1","Fischer et al. (2017)",0.139,0.812261746,"Nicol et al. (HepG2)","Cell-free","Literature","0","A",10,0.00824,206.28,89.1,3.73,-6.22,35.68644,5.4,-0.856985199745905,-0.0903039996676823,0.766681200078223,0.766681200078223
"199","Ketoconazole","65277-42-1","Fischer et al. (2017)",0.255,0.176538163,"Nicol et al. (HepG2)","Cell-free","Literature","0","B",10,0.004526021,531.43,146,4.35,-20,83.96594,6.6,-0.593459819566045,-0.753161396855478,-0.159701577289433,0.159701577289433
"200","Metformin","1115-70-4","Fischer et al. (2017)",0.567,1.00518993,"Nicol et al. (HepG2)","Cell-free","Literature","0","B",10,0.000359515,129.16,74.3,-0.87,-9.13,1016489.2,9.6,-0.246416941107093,0.00224812917706564,0.248665070284159,0.248665070284159
"201","Metoclopramide","364-62-5","Fischer et al. (2017)",0.796,0.937488129,"Nicol et al. (HepG2)","Cell-free","Literature","0","B",10,2.0217e-05,299.8,147,2.62,-12.3,174.7834,9,-0.0990869322623309,-0.0280342228455081,0.0710527094168228,0.0710527094168228
"202","Nitrofurantoin","67-20-9","Fischer et al. (2017)",0.935,1.001737082,"Nicol et al. (HepG2)","Cell-free","Literature","0","A",10,0.001464592,238.16,263,-0.47,-12.7,96.21664,7.3,-0.0291883891274822,0.0007537506532369,0.0299421397807191,0.0299421397807191
"203","Oxytetracycline hydrochloride","2058-46-0","Fischer et al. (2017)",0.95,1.005269607,"Nicol et al. (HepG2)","Cell-free","Literature","0","A",10,1.36684e-06,460.43,460,-1.53,-28.9,501868.7,4.5,-0.0222763947111523,0.00228255243285954,0.0245589471440118,0.0245589471440118
"204","Panthenol","16485-10-2 ","Fischer et al. (2017)",0.433,1.002125822,"Nicol et al. (HepG2)","Cell-free","Literature","0","N",10,0.001163367,205.25,164,-0.895,-15,1034460,NA,-0.363512103646635,0.000922252838367392,0.364434356485002,0.364434356485002
"205","Paracetamol","103-90-2","Fischer et al. (2017)",0.54,0.951983627,"Nicol et al. (HepG2)","Cell-free","Literature","0","N",10,0.000583065,151.16,170,0.46,-10.9,14224.156,NA,-0.267606240177031,-0.0213705209061766,0.246235719270855,0.246235719270855
"206","Topiramate","97240-79-4","Fischer et al. (2017)",0.9225,1.005206351,"Nicol et al. (HepG2)","Cell-free","Literature","0","A",10,0.00094562,339.36,165,-1.39,-18,264022.08,9.2,-0.035033625168902,0.00225522384765858,0.0372888490165606,0.0372888490165606
"207","Trimellitic anhydride","552-30-7","Fischer et al. (2017)",0.95,1.005097893,"Nicol et al. (HepG2)","Cell-free","Literature","0","A",10,2.26838e-06,192.13,162,1.46,-10.2,15754.66,3.3,-0.0222763947111523,0.00220836257170544,0.0244847572828577,0.0244847572828577
"208","Verapamil hydrochloride","152-11-4","Fischer et al. (2017)",0.494,0.463933577,"Nicol et al. (HepG2)","Cell-free","Literature","0","B",10,0.047393263,454.6,200,4.48,-16.2,2.29573,9.2,-0.306273051076353,-0.333544194460952,-0.0272711433845986,0.0272711433845986
"209","Warfarin","129-06-6","Fischer et al. (2017)",0.347,0.063424538,"Nicol et al. (HepG2)","Cell-free","Literature","0","N",10,3.76458e-06,308.33,175,2.48,-11.6,82.94077,NA,-0.459670525209126,-1.19774268760298,-0.738072162393856,0.738072162393856
"210","Azathioprine","446-86-6","Fischer et al. (2017)",0.95,1,"Nicol et al. (HepRG)","Cell-free","Literature","0","A",10,0.004962684,277.26,244,0.1,-15.1,100.09086,8.2,-0.0222763947111523,0,0.0222763947111523,0.0222763947111523
"211","Benzocaine","94-09-7","Fischer et al. (2017)",0.809,1,"Nicol et al. (HepRG)","Cell-free","Literature","0","N",10,0.000299031,165.19,92,1.86,-6.33,834.2095,NA,-0.0920514783877277,0,0.0920514783877277,0.0920514783877277
"212","Butylated hydroxyanisole","25013-16-5","Fischer et al. (2017)",0.33,1,"Nicol et al. (HepRG)","Cell-free","Literature","0","N",10,NA,180.24,64.9,3.42,-4.8,358.6776,NA,-0.481486060122112,0,0.481486060122112,0.481486060122112
"213","Cetirizine dihydrochloride","83881-52-1","Fischer et al. (2017)",0.71,1,"Nicol et al. (HepRG)","Cell-free","Literature","0","A",10,1.061e-05,388.89,249,0.715,-16.6,443.3346,4.7,-0.148741651280925,0,0.148741651280925,0.148741651280925
"214","Chlorpyrifos","2921-88-2","Fischer et al. (2017)",0.005,1,"Nicol et al. (HepRG)","Cell-free","Literature","1","N",10,0.297,350.59,42,4.96,-4.17,1.1499352,NA,-2.30102999566398,0,2.30102999566398,2.30102999566398
"215","Cyclamate","139-05-9","Fischer et al. (2017)",0.388,1,"Nicol et al. (HepRG)","Cell-free","Literature","0","B",10,0.001431254,179.24,107,-0.585,-9.77,874691.2,17.6,-0.411168274405793,0,0.411168274405793,0.411168274405793
"216","Cyclophosphamide","6055-19-2","Fischer et al. (2017)",0.866,1,"Nicol et al. (HepRG)","Cell-free","Literature","0","B",10,0.1061003,261.09,61.5,0.695,-10.2,46212.93,6.1,-0.0624821079826534,0,0.0624821079826534,0.0624821079826534
"217","Cypermethrin","67375-30-8","Fischer et al. (2017)",0.005,1,"Nicol et al. (HepRG)","Cell-free","Literature","1","N",10,0.000211698,416.3,102,6.62,-6.45,0.01477865,NA,-2.30102999566398,0,2.30102999566398,2.30102999566398
"218","DEET","134-62-3","Fischer et al. (2017)",0.823,1,"Nicol et al. (HepRG)","Cell-free","Literature","0","N",10,0.014645918,191.27,-45,2.18,-6.57,916.1833,NA,-0.0846001647877302,0,0.0846001647877302,0.0846001647877302
"219","Dexamethasone","50-02-2","Fischer et al. (2017)",0.693,1,"Nicol et al. (HepRG)","Cell-free","Literature","0","N",10,6.69448e-06,392.46,248,1.92,-18.8,78.492,NA,-0.159266765388193,0,0.159266765388193,0.159266765388193
"220","Digoxin","20830-75-5","Fischer et al. (2017)",0.556,1,"Nicol et al. (HepRG)","Cell-free","Literature","0","N",10,1.33572e-05,780.94,426,1.26,-30.7,59.195252,NA,-0.254925208417942,0,0.254925208417942,0.254925208417942
"221","Fenazaquin","120928-09-8","Fischer et al. (2017)",0.005,1,"Nicol et al. (HepRG)","Cell-free","Literature","1","N",10,0.136683664,306.4,78.5,5.51,-7.24,0.1495232,NA,-2.30102999566398,0,2.30102999566398,2.30102999566398
"222","Fenbuconazole","114369-43-6","Fischer et al. (2017)",0.213,1,"Nicol et al. (HepRG)","Cell-free","Literature","0","N",10,0.394199993,336.82,125,3.23,-10,0.3738702,NA,-0.671620396561262,0,0.671620396561262,0.671620396561262
"223","Fluazinam","79622-59-6","Fischer et al. (2017)",0.005,1,"Nicol et al. (HepRG)","Cell-free","Literature","0","N",10,1.60589e-06,465.09,113,4.01,-4.7,0.4883445,NA,-2.30102999566398,0,2.30102999566398,2.30102999566398
"224","Furosemide","54-31-9","Fischer et al. (2017)",0.458,1,"Nicol et al. (HepRG)","Cell-free","Literature","0","A",10,2.54517e-05,330.74,261,2.03,-16.3,43.98842,3,-0.339134521996131,0,0.339134521996131,0.339134521996131
"225","Glybenclamide","10238-21-8","Fischer et al. (2017)",0.167,1,"Nicol et al. (HepRG)","Cell-free","Literature","0","A",10,1.93071e-05,494,169,4.85,-18,4.00634,5,-0.777283528852417,0,0.777283528852417,0.777283528852417
"226","HC Red 3","2871-01-4","Fischer et al. (2017)",0.945,1,"Nicol et al. (HepRG)","Cell-free","Literature","0","N",10,0.0090306,197.19,152,0.13,-11.8,121074.66,NA,-0.0245681914907371,0,0.0245681914907371,0.0245681914907371
"227","Hydralazine hydrochloride","304-20-1","Fischer et al. (2017)",0.114,1,"Nicol et al. (HepRG)","Cell-free","Literature","1","B",10,0.004422997,160.18,163,0.725,-11.6,211437.6,6,-0.943095148663527,0,0.943095148663527,0.943095148663527
"228","Ibuprofen","15687-27-1","Fischer et al. (2017)",0.196,1,"Nicol et al. (HepRG)","Cell-free","Literature","0","A",10,0.00824,206.28,89.1,3.73,-6.22,35.68644,5.4,-0.707743928643524,0,0.707743928643524,0.707743928643524
"229","Ketoconazole","65277-42-1","Fischer et al. (2017)",0.296,1,"Nicol et al. (HepRG)","Cell-free","Literature","0","B",10,0.004526021,531.43,146,4.35,-20,83.96594,6.6,-0.528708288941061,0,0.528708288941061,0.528708288941061
"230","Metformin","1115-70-4","Fischer et al. (2017)",0.57,1,"Nicol et al. (HepRG)","Cell-free","Literature","0","B",10,0.000359515,129.16,74.3,-0.87,-9.13,1016489.2,9.6,-0.244125144327509,0,0.244125144327509,0.244125144327509
"231","Metoclopramide","364-62-5","Fischer et al. (2017)",0.752,1,"Nicol et al. (HepRG)","Cell-free","Literature","0","B",10,2.0217e-05,299.8,147,2.62,-12.3,174.7834,9,-0.123782159408358,0,0.123782159408358,0.123782159408358
"232","Nitrofurantoin","67-20-9","Fischer et al. (2017)",0.9485,1,"Nicol et al. (HepRG)","Cell-free","Literature","0","A",10,0.001464592,238.16,263,-0.47,-12.7,96.21664,7.3,-0.0229626647753186,0,0.0229626647753186,0.0229626647753186
"233","Oxytetracycline hydrochloride","2058-46-0","Fischer et al. (2017)",0.95,1,"Nicol et al. (HepRG)","Cell-free","Literature","0","A",10,1.36684e-06,460.43,460,-1.53,-28.9,501868.7,4.5,-0.0222763947111523,0,0.0222763947111523,0.0222763947111523
"234","Panthenol","16485-10-2 ","Fischer et al. (2017)",0.448,1,"Nicol et al. (HepRG)","Cell-free","Literature","0","N",10,0.001163367,205.25,164,-0.895,-15,1034460,NA,-0.348721986001856,0,0.348721986001856,0.348721986001856
"235","Paracetamol","103-90-2","Fischer et al. (2017)",0.611,1,"Nicol et al. (HepRG)","Cell-free","Literature","0","N",10,0.000583065,151.16,170,0.46,-10.9,14224.156,NA,-0.213958789757446,0,0.213958789757446,0.213958789757446
"236","Topiramate","97240-79-4","Fischer et al. (2017)",0.762,1,"Nicol et al. (HepRG)","Cell-free","Literature","0","A",10,0.00094562,339.36,165,-1.39,-18,264022.08,9.2,-0.118045028660399,0,0.118045028660399,0.118045028660399
"237","Trimellitic anhydride","552-30-7","Fischer et al. (2017)",0.931,1,"Nicol et al. (HepRG)","Cell-free","Literature","0","A",10,2.26838e-06,192.13,162,1.46,-10.2,15754.66,3.3,-0.0310503190186574,0,0.0310503190186574,0.0310503190186574
"238","Verapamil hydrochloride","152-11-4","Fischer et al. (2017)",0.563,1,"Nicol et al. (HepRG)","Cell-free","Literature","0","B",10,0.047393263,454.6,200,4.48,-16.2,2.29573,9.2,-0.249491605148654,0,0.249491605148654,0.249491605148654
"239","Warfarin","129-06-6","Fischer et al. (2017)",0.388,1,"Nicol et al. (HepRG)","Cell-free","Literature","0","N",10,3.76458e-06,308.33,175,2.48,-11.6,82.94077,NA,-0.411168274405793,0,0.411168274405793,0.411168274405793
"240","Azathioprine","446-86-6","Fischer et al. (2017)",0.95,1.001430764,"Nicol et al. (MCF7)","Cell-free","Literature","0","A",10,0.004962684,277.26,244,0.1,-15.1,100.09086,8.2,-0.0222763947111523,0.000620928814657355,0.0228973235258096,0.0228973235258096
"241","Benzocaine","94-09-7","Fischer et al. (2017)",0.81,0.73033565,"Nicol et al. (MCF7)","Cell-free","Literature","0","N",10,0.000299031,165.19,92,1.86,-6.33,834.2095,NA,-0.0915149811213502,-0.136477499549709,-0.0449625184283591,0.0449625184283591
"242","Butylated hydroxyanisole","25013-16-5","Fischer et al. (2017)",0.254,0.187354964,"Nicol et al. (MCF7)","Cell-free","Literature","0","N",10,NA,180.24,64.9,3.42,-4.8,358.6776,NA,-0.595166283380062,-0.727334795715375,-0.132168512335313,0.132168512335313
"243","Cetirizine dihydrochloride","83881-52-1","Fischer et al. (2017)",0.638,1.004954369,"Nicol et al. (MCF7)","Cell-free","Literature","0","A",10,1.061e-05,388.89,249,0.715,-16.6,443.3346,4.7,-0.195179321278838,0.00214634261082679,0.197325663889664,0.197325663889664
"244","Chlorpyrifos","2921-88-2","Fischer et al. (2017)",0.005,0.062259722,"Nicol et al. (MCF7)","Cell-free","Literature","1","N",10,0.297,350.59,42,4.96,-4.17,1.1499352,NA,-2.30102999566398,-1.20579282284617,1.09523717281781,1.09523717281781
"245","Cyclamate","139-05-9","Fischer et al. (2017)",0.417,1.005506387,"Nicol et al. (MCF7)","Cell-free","Literature","0","B",10,0.001431254,179.24,107,-0.585,-9.77,874691.2,17.6,-0.379863945026242,0.00238483359019106,0.382248778616434,0.382248778616434
"246","Cyclophosphamide","6055-19-2","Fischer et al. (2017)",0.8,0.963755587,"Nicol et al. (MCF7)","Cell-free","Literature","0","B",10,0.1061003,261.09,61.5,0.695,-10.2,46212.93,6.1,-0.0969100130080564,-0.0160330912795212,0.0808769217285352,0.0808769217285352
"247","Cypermethrin","67375-30-8","Fischer et al. (2017)",0.005,0.00058302,"Nicol et al. (MCF7)","Cell-free","Literature","1","N",10,0.000211698,416.3,102,6.62,-6.45,0.01477865,NA,-2.30102999566398,-3.23431654688652,-0.933286551222536,0.933286551222536
"248","DEET","134-62-3","Fischer et al. (2017)",0.815,0.804469766,"Nicol et al. (MCF7)","Cell-free","Literature","0","N",10,0.014645918,191.27,-45,2.18,-6.57,916.1833,NA,-0.0888423912600234,-0.094490273138725,-0.00564788187870158,0.00564788187870158
"249","Dexamethasone","50-02-2","Fischer et al. (2017)",0.702,0.657361737,"Nicol et al. (MCF7)","Cell-free","Literature","0","N",10,6.69448e-06,392.46,248,1.92,-18.8,78.492,NA,-0.153662887870195,-0.182195578461537,-0.0285326905913426,0.0285326905913426
"250","Digoxin","20830-75-5","Fischer et al. (2017)",0.654,0.985400787,"Nicol et al. (MCF7)","Cell-free","Literature","0","N",10,1.33572e-05,780.94,426,1.26,-30.7,59.195252,NA,-0.184422251675733,-0.00638709520742513,0.178035156468308,0.178035156468308
"251","Fenazaquin","120928-09-8","Fischer et al. (2017)",0.005,0.005211599,"Nicol et al. (MCF7)","Cell-free","Literature","1","N",10,0.136683664,306.4,78.5,5.51,-7.24,0.1495232,NA,-2.30102999566398,-2.28302900792243,0.0180009877415528,0.0180009877415528
"252","Fenbuconazole","114369-43-6","Fischer et al. (2017)",0.162,0.242462748,"Nicol et al. (MCF7)","Cell-free","Literature","0","N",10,0.394199993,336.82,125,3.23,-10,0.3738702,NA,-0.790484985457369,-0.61535497698253,0.175130008474839,0.175130008474839
"253","Fluazinam","79622-59-6","Fischer et al. (2017)",0.005,0.03943615,"Nicol et al. (MCF7)","Cell-free","Literature","0","N",10,1.60589e-06,465.09,113,4.01,-4.7,0.4883445,NA,-2.30102999566398,-1.40410549016515,0.89692450549883,0.89692450549883
"254","Furosemide","54-31-9","Fischer et al. (2017)",0.521,1.005211989,"Nicol et al. (MCF7)","Cell-free","Literature","0","A",10,2.54517e-05,330.74,261,2.03,-16.3,43.98842,3,-0.283162276700476,0.00225765971112067,0.285419936411596,0.285419936411596
"255","Glybenclamide","10238-21-8","Fischer et al. (2017)",0.116,0.548812104,"Nicol et al. (MCF7)","Cell-free","Literature","0","A",10,1.93071e-05,494,169,4.85,-18,4.00634,5,-0.935542010773082,-0.260576318871202,0.67496569190188,0.67496569190188
"256","HC Red 3","2871-01-4","Fischer et al. (2017)",0.91,0.988038745,"Nicol et al. (MCF7)","Cell-free","Literature","0","N",10,0.0090306,197.19,152,0.13,-11.8,121074.66,NA,-0.0409586076789064,-0.00522602463324766,0.0357325830456587,0.0357325830456587
"257","Hydralazine hydrochloride","304-20-1","Fischer et al. (2017)",0.14,0.961430707,"Nicol et al. (MCF7)","Cell-free","Literature","1","B",10,0.004422997,160.18,163,0.725,-11.6,211437.6,6,-0.853871964321762,-0.0170820111155401,0.836789953206222,0.836789953206222
"258","Ibuprofen","15687-27-1","Fischer et al. (2017)",0.169,0.805790403,"Nicol et al. (MCF7)","Cell-free","Literature","0","A",10,0.00824,206.28,89.1,3.73,-6.22,35.68644,5.4,-0.772113295386326,-0.0937779093836832,0.678335386002643,0.678335386002643
"259","Ketoconazole","65277-42-1","Fischer et al. (2017)",0.279,0.170531041,"Nicol et al. (MCF7)","Cell-free","Literature","0","B",10,0.004526021,531.43,146,4.35,-20,83.96594,6.6,-0.554395796726402,-0.768196556800508,-0.213800760074106,0.213800760074106
"260","Metformin","1115-70-4","Fischer et al. (2017)",0.441,1.005413146,"Nicol et al. (MCF7)","Cell-free","Our data","0","B",10,0.000359515,129.16,74.3,-0.87,-9.13,1016489.2,9.6,-0.355561410532161,0.00234455942590783,0.357905969958069,0.357905969958069
"261","Metoclopramide","364-62-5","Fischer et al. (2017)",0.876,0.934987853,"Nicol et al. (MCF7)","Cell-free","Our data","0","B",10,2.0217e-05,299.8,147,2.62,-12.3,174.7834,9,-0.0574958938319193,-0.0291940312765083,0.028301862555411,0.028301862555411
"262","Nitrofurantoin","67-20-9","Fischer et al. (2017)",0.968,1.001811525,"Nicol et al. (MCF7)","Cell-free","Our data","0","A",10,0.001464592,238.16,263,-0.47,-12.7,96.21664,7.3,-0.0141246426916063,0.000786023575409303,0.0149106662670156,0.0149106662670156
"263","Oxytetracycline hydrochloride","2058-46-0","Fischer et al. (2017)",0.95,1.005496269,"Nicol et al. (MCF7)","Cell-free","Our data","0","A",10,1.36684e-06,460.43,460,-1.53,-28.9,501868.7,4.5,-0.0222763947111523,0.00238046344025132,0.0246568581514036,0.0246568581514036
"264","Panthenol","16485-10-2 ","Fischer et al. (2017)",0.268,1.002216962,"Nicol et al. (MCF7)","Cell-free","Our data","0","N",10,0.001163367,205.25,164,-0.895,-15,1034460,NA,-0.571865205971211,0.000961748676528362,0.572826954647739,0.572826954647739
"265","Paracetamol","103-90-2","Fischer et al. (2017)",0.638,0.950032223,"Nicol et al. (MCF7)","Cell-free","Our data","0","N",10,0.000583065,151.16,170,0.46,-10.9,14224.156,NA,-0.195179321278838,-0.0222616641492993,0.172917657129538,0.172917657129538
"266","Topiramate","97240-79-4","Fischer et al. (2017)",0.95,1.005430277,"Nicol et al. (MCF7)","Cell-free","Our data","0","A",10,0.00094562,339.36,165,-1.39,-18,264022.08,9.2,-0.0222763947111523,0.00235195920520901,0.0246283539163613,0.0246283539163613
"267","Trimellitic anhydride","552-30-7","Fischer et al. (2017)",0.91,1.005317129,"Nicol et al. (MCF7)","Cell-free","Our data","0","A",10,2.26838e-06,192.13,162,1.46,-10.2,15754.66,3.3,-0.0409586076789064,0.00230308230307436,0.0432616899819807,0.0432616899819807
"268","Verapamil hydrochloride","152-11-4","Fischer et al. (2017)",0.625,0.453533243,"Nicol et al. (MCF7)","Cell-free","Our data","0","B",10,0.047393263,454.6,200,4.48,-16.2,2.29573,9.2,-0.204119982655925,-0.343390874596522,-0.139270891940597,0.139270891940597
"269","Warfarin","129-06-6","Fischer et al. (2017)",0.412,0.060981337,"Nicol et al. (MCF7)","Cell-free","Our data","0","N",10,3.76458e-06,308.33,175,2.48,-11.6,82.94077,NA,-0.385102783966865,-1.21480305807236,-0.829700274105496,0.829700274105496
"270","2,4-Dinitrophenol","51-28-5","Fisher et al. (2019)",0.302633333333333,0.983055,"Valdiviezo et al.(10 uM - Single)","Cell-free","Our data","0","A",10,0.00871,184.11,116,1.67,-6.32,1441.5813,4.1,-0.519083238621326,-0.00742218356328728,0.511661055058038,0.511661055058038
"271","Aldrin","309-00-2","Fisher et al. (2019)",0.00166666666666667,0.00452992,"Valdiviezo et al.(10 uM - Single)","Cell-free","Our data","0","N",10,4.46,364.91,129,6.5,-1.68,0.026310011,NA,-2.77815125038364,-2.34390946771462,0.434241782669027,0.434241782669027
"272","Azinphos-methyl","86-50-0","Fisher et al. (2019)",0.420233333333333,0.799693,"Valdiviezo et al.(10 uM - Single)","Cell-free","Our data","0","N",10,0.0101,317.32,73,2.75,-13.3,23.132628,NA,-0.376509501885872,-0.0970767055016551,0.279432796384217,0.279432796384217
"273","Chlorpyrifos","2921-88-2","Fisher et al. (2019)",0.00266666666666667,0.0234532,"Valdiviezo et al.(10 uM - Single)","Cell-free","Our data","0","N",10,0.297,350.59,42,4.96,-4.17,1.1499352,NA,-2.57403126772772,-1.62979789292637,0.944233374801346,0.944233374801346
"274","DDD-p,p'","50-29-3","Fisher et al. (2019)",0.00316666666666667,0.00250731,"Valdiviezo et al.(10 uM - Single)","Cell-free","Our data","0","N",10,0.843,354.49,108,6.91,-3.82,0.006699861,NA,-2.49939764943081,-2.60079196721201,-0.101394317781195,0.101394317781195
"275","DDT-o,p'","789-02-6","Fisher et al. (2019)",0.00163333333333333,0.00418893,"Valdiviezo et al.(10 uM - Single)","Cell-free","Our data","0","N",10,1.45,354.49,116,6.56,-3.95,0.07656984,NA,-2.78692517469115,-2.37789689694786,0.409028277743287,0.409028277743287
"276","DDT-p,p'","72-54-8","Fisher et al. (2019)",0.00123333333333333,0.00730046,"Valdiviezo et al.(10 uM - Single)","Cell-free","Our data","0","N",10,0.669,320.04,110,6.12,-3.32,0.09025128,NA,-2.90891953065267,-2.13664977424014,0.772269756412527,0.772269756412527
"277","Diazinon","333-41-5","Fisher et al. (2019)",0.0682333333333333,0.224025,"Valdiviezo et al.(10 uM - Single)","Cell-free","Our data","0","N",10,0.0114,304.35,52.6,3.81,-5.17,47.4786,NA,-1.16600341205716,-0.649703514004172,0.516299898052985,0.516299898052985
"278","Dicofol","115-32-2","Fisher et al. (2019)",0.0166,0.0222173,"Valdiviezo et al.(10 uM - Single)","Cell-free","Our data","0","N",10,0.000149,370.49,77.5,5.02,-6.03,0.8632417,NA,-1.77989191195995,-1.65330872065839,0.126583191301554,0.126583191301554
"279","Dieldrin","60-57-1","Fisher et al. (2019)",0.0159,0.0202779,"Valdiviezo et al.(10 uM - Single)","Cell-free","Our data","0","N",10,0.829,380.91,202,5.12,-4.26,0.20835777,NA,-1.79860287567955,-1.69297702298935,0.105625852690199,0.105625852690199
"280","Disulfoton","298-04-4","Fisher et al. (2019)",0.722033333333333,0.146414,"Valdiviezo et al.(10 uM - Single)","Cell-free","Our data","0","N",10,0.483,274.4,-25,4.02,-5.26,18.05552,NA,-0.141442752363097,-0.834417394370189,-0.692974642007092,0.692974642007092
"281","Endosulfan I","115-29-7","Fisher et al. (2019)",0.0263666666666667,0.215518,"Valdiviezo et al.(10 uM - Single)","Cell-free","Our data","0","N",10,2.45,406.93,106,3.83,-4.96,0.40570921,NA,-1.57894477122199,-0.666516451840995,0.912428319380991,0.912428319380991
"282","Endrin","72-20-8","Fisher et al. (2019)",0.0164333333333333,0.0151363,"Valdiviezo et al.(10 uM - Single)","Cell-free","Our data","0","N",10,0.829,380.91,144,5.43,-4.26,0.05180376,NA,-1.78427433544243,-1.81998027318241,-0.0357059377399789,0.0357059377399789
"283","Ethion","563-12-2","Fisher et al. (2019)",0.00425,0.0212292,"Valdiviezo et al.(10 uM - Single)","Cell-free","Our data","0","N",10,0.0457,384.48,-13,5.07,-7.25,1.7340048,NA,-2.37161106994969,-1.67306637145491,0.698544698494782,0.698544698494782
"284","Heptachlor","76-44-8","Fisher et al. (2019)",0.00446666666666667,0.00747085,"Valdiviezo et al.(10 uM - Single)","Cell-free","Our data","0","N",10,29.8,373.32,95.5,6.1,-2.92,0.14223492,NA,-2.35001645635485,-2.12662998328384,0.223386473071014,0.223386473071014
"285","Heptachlor epoxide B","1024-57-3","Fisher et al. (2019)",0.0279,0.0230353,"Valdiviezo et al.(10 uM - Single)","Cell-free","Our data","0","N",10,2.13,389.32,160,4.98,-4.75,0.22308036,NA,-1.5543957967264,-1.63760612734461,-0.0832103306182108,0.0832103306182108
"286","Lindane","58-89-9","Fisher et al. (2019)",0.3132,0.264811,"Valdiviezo et al.(10 uM - Single)","Cell-free","Our data","0","N",10,0.322,290.83,75.2,3.72,-3.77,4.449699,NA,-0.504178246614094,-0.577063978673129,-0.0728857320590344,0.0728857320590344
"287","Methoxychlor-o,p'","72-43-5","Fisher et al. (2019)",0.00556666666666667,0.0210362,"Valdiviezo et al.(10 uM - Single)","Cell-free","Our data","0","N",10,0.0206,345.65,87,5.08,-6.7,0.08468425,NA,-2.25440478357208,-1.67703270881867,0.577372074753406,0.577372074753406
"288","Parathion","56-38-2","Fisher et al. (2019)",0.0631666666666667,0.215531,"Valdiviezo et al.(10 uM - Single)","Cell-free","Our data","0","N",10,0.0302,291.26,6.1,3.83,-5.78,12.728062,NA,-1.19951204041557,-0.666490256080112,0.533021784335459,0.533021784335459
"289","Trifluralin","1582-09-8","Fisher et al. (2019)",0.0145666666666667,0.0165016,"Valdiviezo et al.(10 uM - Single)","Cell-free","Our data","0","N",10,10.4,335.28,49,5.34,-3.39,0.28632912,NA,-1.83663981774924,-1.78247394442352,0.0541658733257226,0.0541658733257226
"290","2,4-Dinitrophenol","51-28-5","Fisher et al. (2019)",0.0967666666666667,0.983055,"Valdiviezo et al.(1 uM - Single)","Cell-free","Our data","0","A",1,0.00871,184.11,116,1.67,-6.32,1441.5813,4.1,-1.01427421888799,-0.00742218356328728,1.0068520353247,1.0068520353247
"291","Aldrin","309-00-2","Fisher et al. (2019)",0.0066,0.00452992,"Valdiviezo et al.(1 uM - Single)","Cell-free","Our data","0","N",1,4.46,364.91,129,6.5,-1.68,0.026310011,NA,-2.18045606445813,-2.34390946771462,-0.163453403256486,0.163453403256486
"292","Azinphos-methyl","86-50-0","Fisher et al. (2019)",0.3653,0.799693,"Valdiviezo et al.(1 uM - Single)","Cell-free","Our data","0","N",1,0.0101,317.32,73,2.75,-13.3,23.132628,NA,-0.437350327788083,-0.0970767055016551,0.340273622286428,0.340273622286428
"293","Chlorpyrifos","2921-88-2","Fisher et al. (2019)",0.00373333333333333,0.0234532,"Valdiviezo et al.(1 uM - Single)","Cell-free","Our data","0","N",1,0.297,350.59,42,4.96,-4.17,1.1499352,NA,-2.42790323204948,-1.62979789292637,0.798105339123108,0.798105339123108
"294","DDD-p,p'","50-29-3","Fisher et al. (2019)",0.0024,0.00250731,"Valdiviezo et al.(1 uM - Single)","Cell-free","Our data","0","N",1,0.843,354.49,108,6.91,-3.82,0.006699861,NA,-2.61978875828839,-2.60079196721201,0.0189967910763844,0.0189967910763844
"295","DDT-o,p'","789-02-6","Fisher et al. (2019)",0.0039,0.00418893,"Valdiviezo et al.(1 uM - Single)","Cell-free","Our data","0","N",1,1.45,354.49,116,6.56,-3.95,0.07656984,NA,-2.4089353929735,-2.37789689694786,0.0310384960256394,0.0310384960256394
"296","DDT-p,p'","72-54-8","Fisher et al. (2019)",0.0015,0.00730046,"Valdiviezo et al.(1 uM - Single)","Cell-free","Our data","0","N",1,0.669,320.04,110,6.12,-3.32,0.09025128,NA,-2.82390874094432,-2.13664977424014,0.687258966704178,0.687258966704178
"297","Diazinon","333-41-5","Fisher et al. (2019)",0.0183,0.224025,"Valdiviezo et al.(1 uM - Single)","Cell-free","Our data","0","N",1,0.0114,304.35,52.6,3.81,-5.17,47.4786,NA,-1.73754891026957,-0.649703514004172,1.0878453962654,1.0878453962654
"298","Dicofol","115-32-2","Fisher et al. (2019)",0.0281333333333333,0.0222173,"Valdiviezo et al.(1 uM - Single)","Cell-free","Our data","0","N",1,0.000149,370.49,77.5,5.02,-6.03,0.8632417,NA,-1.55077880809401,-1.65330872065839,-0.102529912564383,0.102529912564383
"299","Dieldrin","60-57-1","Fisher et al. (2019)",0.0186666666666667,0.0202779,"Valdiviezo et al.(1 uM - Single)","Cell-free","Our data","0","N",1,0.829,380.91,202,5.12,-4.26,0.20835777,NA,-1.72893322771346,-1.69297702298935,0.0359562047241124,0.0359562047241124
"300","Disulfoton","298-04-4","Fisher et al. (2019)",0.6044,0.146414,"Valdiviezo et al.(1 uM - Single)","Cell-free","Our data","0","N",1,0.483,274.4,-25,4.02,-5.26,18.05552,NA,-0.218675544333012,-0.834417394370189,-0.615741850037177,0.615741850037177
"301","Endosulfan I","115-29-7","Fisher et al. (2019)",0.0240333333333333,0.215518,"Valdiviezo et al.(1 uM - Single)","Cell-free","Our data","0","N",1,2.45,406.93,106,3.83,-4.96,0.40570921,NA,-1.61918599000023,-0.666516451840995,0.952669538159238,0.952669538159238
"302","Endrin","72-20-8","Fisher et al. (2019)",0.0227666666666667,0.0151363,"Valdiviezo et al.(1 uM - Single)","Cell-free","Our data","0","N",1,0.829,380.91,144,5.43,-4.26,0.05180376,NA,-1.64270055103813,-1.81998027318241,-0.177279722144281,0.177279722144281
"303","Ethion","563-12-2","Fisher et al. (2019)",0.0012,0.0212292,"Valdiviezo et al.(1 uM - Single)","Cell-free","Our data","0","N",1,0.0457,384.48,-13,5.07,-7.25,1.7340048,NA,-2.92081875395238,-1.67306637145491,1.24775238249747,1.24775238249747
"304","Heptachlor","76-44-8","Fisher et al. (2019)",0.0099,0.00747085,"Valdiviezo et al.(1 uM - Single)","Cell-free","Our data","0","N",1,29.8,373.32,95.5,6.1,-2.92,0.14223492,NA,-2.00436480540245,-2.12662998328384,-0.122265177881391,0.122265177881391
"305","Heptachlor epoxide B","1024-57-3","Fisher et al. (2019)",0.0290666666666667,0.0230353,"Valdiviezo et al.(1 uM - Single)","Cell-free","Our data","0","N",1,2.13,389.32,160,4.98,-4.75,0.22308036,NA,-1.5366047697871,-1.63760612734461,-0.101001357557518,0.101001357557518
"306","Lindane","58-89-9","Fisher et al. (2019)",0.225766666666667,0.264811,"Valdiviezo et al.(1 uM - Single)","Cell-free","Our data","0","N",1,0.322,290.83,75.2,3.72,-3.77,4.449699,NA,-0.646340179113301,-0.577063978673129,0.0692762004401726,0.0692762004401726
"307","Methoxychlor-o,p'","72-43-5","Fisher et al. (2019)",0.0068,0.0210362,"Valdiviezo et al.(1 uM - Single)","Cell-free","Our data","0","N",1,0.0206,345.65,87,5.08,-6.7,0.08468425,NA,-2.16749108729376,-1.67703270881867,0.49045837847509,0.49045837847509
"308","Parathion","56-38-2","Fisher et al. (2019)",0.0792,0.215531,"Valdiviezo et al.(1 uM - Single)","Cell-free","Our data","0","N",1,0.0302,291.26,6.1,3.83,-5.78,12.728062,NA,-1.10127481841051,-0.666490256080112,0.434784562330395,0.434784562330395
"309","Trifluralin","1582-09-8","Fisher et al. (2019)",0.0243333333333333,0.0165016,"Valdiviezo et al.(1 uM - Single)","Cell-free","Our data","0","N",1,10.4,335.28,49,5.34,-3.39,0.28632912,NA,-1.61379839459921,-1.78247394442352,-0.168675549824312,0.168675549824312
"310","2,4-Dinitrophenol","51-28-5","Fisher et al. (2019)",0.385966666666667,0.983055,"Valdiviezo et al.(10 uM- Mixture)","Cell-free","Our data","0","A",10,0.00871,184.11,116,1.67,-6.32,1441.5813,4.1,-0.413450200788945,-0.00742218356328728,0.406028017225658,0.406028017225658
"311","Aldrin","309-00-2","Fisher et al. (2019)",0.00103333333333333,0.00452992,"Valdiviezo et al.(10 uM- Mixture)","Cell-free","Our data","0","N",10,4.46,364.91,129,6.5,-1.68,0.026310011,NA,-2.98575956088539,-2.34390946771462,0.641850093170773,0.641850093170773
"312","Azinphos-methyl","86-50-0","Fisher et al. (2019)",0.4386,0.799693,"Valdiviezo et al.(10 uM- Mixture)","Cell-free","Our data","0","N",10,0.0101,317.32,73,2.75,-13.3,23.132628,NA,-0.357931372658496,-0.0970767055016551,0.260854667156841,0.260854667156841
"313","Chlorpyrifos","2921-88-2","Fisher et al. (2019)",0.000766666666666667,0.0234532,"Valdiviezo et al.(10 uM- Mixture)","Cell-free","Our data","0","N",10,0.297,350.59,42,4.96,-4.17,1.1499352,NA,-3.11539341870207,-1.62979789292637,1.4855955257757,1.4855955257757
"314","DDD-p,p'","50-29-3","Fisher et al. (2019)",0.0012,0.00250731,"Valdiviezo et al.(10 uM- Mixture)","Cell-free","Our data","0","N",10,0.843,354.49,108,6.91,-3.82,0.006699861,NA,-2.92081875395238,-2.60079196721201,0.320026786740366,0.320026786740366
"315","DDT-o,p'","789-02-6","Fisher et al. (2019)",0.00376666666666667,0.00418893,"Valdiviezo et al.(10 uM- Mixture)","Cell-free","Our data","0","N",10,1.45,354.49,116,6.56,-3.95,0.07656984,NA,-2.42404281123624,-2.37789689694786,0.0461459142883811,0.0461459142883811
"316","DDT-p,p'","72-54-8","Fisher et al. (2019)",4e-04,0.00730046,"Valdiviezo et al.(10 uM- Mixture)","Cell-free","Our data","0","N",10,0.669,320.04,110,6.12,-3.32,0.09025128,NA,-3.39794000867204,-2.13664977424014,1.2612902344319,1.2612902344319
"317","Diazinon","333-41-5","Fisher et al. (2019)",0.0547666666666667,0.224025,"Valdiviezo et al.(10 uM- Mixture)","Cell-free","Our data","0","N",10,0.0114,304.35,52.6,3.81,-5.17,47.4786,NA,-1.2614836912846,-0.649703514004172,0.611780177280429,0.611780177280429
"318","Dicofol","115-32-2","Fisher et al. (2019)",0.0165333333333333,0.0222173,"Valdiviezo et al.(10 uM- Mixture)","Cell-free","Our data","0","N",10,0.000149,370.49,77.5,5.02,-6.03,0.8632417,NA,-1.78163957822946,-1.65330872065839,0.128330857571074,0.128330857571074
"319","Dieldrin","60-57-1","Fisher et al. (2019)",0.0104,0.0202779,"Valdiviezo et al.(10 uM- Mixture)","Cell-free","Our data","0","N",10,0.829,380.91,202,5.12,-4.26,0.20835777,NA,-1.98296666070122,-1.69297702298935,0.28998963771187,0.28998963771187
"320","Disulfoton","298-04-4","Fisher et al. (2019)",0.8419,0.146414,"Valdiviezo et al.(10 uM- Mixture)","Cell-free","Our data","0","N",10,0.483,274.4,-25,4.02,-5.26,18.05552,NA,-0.0747394904805647,-0.834417394370189,-0.759677903889624,0.759677903889624
"321","Endosulfan I","115-29-7","Fisher et al. (2019)",0.0107,0.215518,"Valdiviezo et al.(10 uM- Mixture)","Cell-free","Our data","0","N",10,2.45,406.93,106,3.83,-4.96,0.40570921,NA,-1.97061622231479,-0.666516451840995,1.3040997704738,1.3040997704738
"322","Endrin","72-20-8","Fisher et al. (2019)",0.0104666666666667,0.0151363,"Valdiviezo et al.(10 uM- Mixture)","Cell-free","Our data","0","N",10,0.829,380.91,144,5.43,-4.26,0.05180376,NA,-1.98019160664645,-1.81998027318241,0.160211333464036,0.160211333464036
"323","Ethion","563-12-2","Fisher et al. (2019)",0.00106666666666667,0.0212292,"Valdiviezo et al.(10 uM- Mixture)","Cell-free","Our data","0","N",10,0.0457,384.48,-13,5.07,-7.25,1.7340048,NA,-2.97197127639976,-1.67306637145491,1.29890490494485,1.29890490494485
"324","Heptachlor","76-44-8","Fisher et al. (2019)",0.00256666666666667,0.00747085,"Valdiviezo et al.(10 uM- Mixture)","Cell-free","Our data","0","N",10,29.8,373.32,95.5,6.1,-2.92,0.14223492,NA,-2.59063052954718,-2.12662998328384,0.46400054626334,0.46400054626334
"325","Heptachlor epoxide B","1024-57-3","Fisher et al. (2019)",0.0179,0.0230353,"Valdiviezo et al.(10 uM- Mixture)","Cell-free","Our data","0","N",10,2.13,389.32,160,4.98,-4.75,0.22308036,NA,-1.74714696902011,-1.63760612734461,0.109540841675494,0.109540841675494
"326","Lindane","58-89-9","Fisher et al. (2019)",0.2754,0.264811,"Valdiviezo et al.(10 uM- Mixture)","Cell-free","Our data","0","N",10,0.322,290.83,75.2,3.72,-3.77,4.449699,NA,-0.560036064079095,-0.577063978673129,-0.0170279145940335,0.0170279145940335
"327","Methoxychlor-o,p'","72-43-5","Fisher et al. (2019)",0.00303333333333333,0.0210362,"Valdiviezo et al.(10 uM- Mixture)","Cell-free","Our data","0","N",10,0.0206,345.65,87,5.08,-6.7,0.08468425,NA,-2.51807986239857,-1.67703270881867,0.841047153579895,0.841047153579895
"328","Parathion","56-38-2","Fisher et al. (2019)",0.0724,0.215531,"Valdiviezo et al.(10 uM- Mixture)","Cell-free","Our data","0","N",10,0.0302,291.26,6.1,3.83,-5.78,12.728062,NA,-1.14026143380285,-0.666490256080112,0.473771177722741,0.473771177722741
"329","Trifluralin","1582-09-8","Fisher et al. (2019)",0.00946666666666667,0.0165016,"Valdiviezo et al.(10 uM- Mixture)","Cell-free","Our data","0","N",10,10.4,335.28,49,5.34,-3.39,0.28632912,NA,-2.02380291467262,-1.78247394442352,0.241328970249107,0.241328970249107
"330","2,4-Dinitrophenol","51-28-5","Fisher et al. (2019)",0.0502,0.983055,"Valdiviezo et al.(1 uM- Mixture)","Cell-free","Our data","0","A",1,0.00871,184.11,116,1.67,-6.32,1441.5813,4.1,-1.29929628285498,-0.00742218356328728,1.29187409929169,1.29187409929169
"331","Aldrin","309-00-2","Fisher et al. (2019)",0.00413333333333333,0.00452992,"Valdiviezo et al.(1 uM- Mixture)","Cell-free","Our data","0","N",1,4.46,364.91,129,6.5,-1.68,0.026310011,NA,-2.38369956955743,-2.34390946771462,0.0397901018428106,0.0397901018428106
"332","Azinphos-methyl","86-50-0","Fisher et al. (2019)",0.441133333333333,0.799693,"Valdiviezo et al.(1 uM- Mixture)","Cell-free","Our data","0","N",1,0.0101,317.32,73,2.75,-13.3,23.132628,NA,-0.355430124412086,-0.0970767055016551,0.258353418910431,0.258353418910431
"333","Chlorpyrifos","2921-88-2","Fisher et al. (2019)",0.000966666666666667,0.0234532,"Valdiviezo et al.(1 uM- Mixture)","Cell-free","Our data","0","N",1,0.297,350.59,42,4.96,-4.17,1.1499352,NA,-3.01472325682071,-1.62979789292637,1.38492536389433,1.38492536389433
"334","DDD-p,p'","50-29-3","Fisher et al. (2019)",0.00173333333333333,0.00250731,"Valdiviezo et al.(1 uM- Mixture)","Cell-free","Our data","0","N",1,0.843,354.49,108,6.91,-3.82,0.006699861,NA,-2.76111791108486,-2.60079196721201,0.160325943872853,0.160325943872853
"335","DDT-o,p'","789-02-6","Fisher et al. (2019)",0.0031,0.00418893,"Valdiviezo et al.(1 uM- Mixture)","Cell-free","Our data","0","N",1,1.45,354.49,116,6.56,-3.95,0.07656984,NA,-2.50863830616573,-2.37789689694786,0.130741409217866,0.130741409217866
"336","DDT-p,p'","72-54-8","Fisher et al. (2019)",0.00166666666666667,0.00730046,"Valdiviezo et al.(1 uM- Mixture)","Cell-free","Our data","0","N",1,0.669,320.04,110,6.12,-3.32,0.09025128,NA,-2.77815125038364,-2.13664977424014,0.641501476143503,0.641501476143503
"337","Diazinon","333-41-5","Fisher et al. (2019)",0.0603333333333333,0.224025,"Valdiviezo et al.(1 uM- Mixture)","Cell-free","Our data","0","N",1,0.0114,304.35,52.6,3.81,-5.17,47.4786,NA,-1.21944267985048,-0.649703514004172,0.569739165846306,0.569739165846306
"338","Dicofol","115-32-2","Fisher et al. (2019)",0.00786666666666667,0.0222173,"Valdiviezo et al.(1 uM- Mixture)","Cell-free","Our data","0","N",1,0.000149,370.49,77.5,5.02,-6.03,0.8632417,NA,-2.10420925174956,-1.65330872065839,0.450900531091165,0.450900531091165
"339","Dieldrin","60-57-1","Fisher et al. (2019)",0.0215333333333333,0.0202779,"Valdiviezo et al.(1 uM- Mixture)","Cell-free","Our data","0","N",1,0.829,380.91,202,5.12,-4.26,0.20835777,NA,-1.66688873672458,-1.69297702298935,-0.0260882862647713,0.0260882862647713
"340","Disulfoton","298-04-4","Fisher et al. (2019)",0.914333333333333,0.146414,"Valdiviezo et al.(1 uM- Mixture)","Cell-free","Our data","0","N",1,0.483,274.4,-25,4.02,-5.26,18.05552,NA,-0.038895447115133,-0.834417394370189,-0.795521947255056,0.795521947255056
"341","Endosulfan I","115-29-7","Fisher et al. (2019)",0.0221,0.215518,"Valdiviezo et al.(1 uM- Mixture)","Cell-free","Our data","0","N",1,2.45,406.93,106,3.83,-4.96,0.40570921,NA,-1.65560772631489,-0.666516451840995,0.989091274473894,0.989091274473894
"342","Endrin","72-20-8","Fisher et al. (2019)",0.0226666666666667,0.0151363,"Valdiviezo et al.(1 uM- Mixture)","Cell-free","Our data","0","N",1,0.829,380.91,144,5.43,-4.26,0.05180376,NA,-1.64461234201343,-1.81998027318241,-0.175367931168985,0.175367931168985
"343","Ethion","563-12-2","Fisher et al. (2019)",0.00253333333333333,0.0212292,"Valdiviezo et al.(1 uM- Mixture)","Cell-free","Our data","0","N",1,0.0457,384.48,-13,5.07,-7.25,1.7340048,NA,-2.59630766243887,-1.67306637145491,0.923241290983965,0.923241290983965
"344","Heptachlor","76-44-8","Fisher et al. (2019)",0.00756666666666667,0.00747085,"Valdiviezo et al.(1 uM- Mixture)","Cell-free","Our data","0","N",1,29.8,373.32,95.5,6.1,-2.92,0.14223492,NA,-2.12109539752654,-2.12662998328384,-0.00553458575730081,0.00553458575730081
"345","Heptachlor epoxide B","1024-57-3","Fisher et al. (2019)",0.0390666666666667,0.0230353,"Valdiviezo et al.(1 uM- Mixture)","Cell-free","Our data","0","N",1,2.13,389.32,160,4.98,-4.75,0.22308036,NA,-1.40819364303759,-1.63760612734461,-0.229412484307023,0.229412484307023
"346","Lindane","58-89-9","Fisher et al. (2019)",0.253266666666667,0.264811,"Valdiviezo et al.(1 uM- Mixture)","Cell-free","Our data","0","N",1,0.322,290.83,75.2,3.72,-3.77,4.449699,NA,-0.596421965500961,-0.577063978673129,0.0193579868278322,0.0193579868278322
"347","Methoxychlor-o,p'","72-43-5","Fisher et al. (2019)",0.00706666666666667,0.0210362,"Valdiviezo et al.(1 uM- Mixture)","Cell-free","Our data","0","N",1,0.0206,345.65,87,5.08,-6.7,0.08468425,NA,-2.15078539379091,-1.67703270881867,0.473752684972237,0.473752684972237
"348","Parathion","56-38-2","Fisher et al. (2019)",0.0786333333333333,0.215531,"Valdiviezo et al.(1 uM- Mixture)","Cell-free","Our data","0","N",1,0.0302,291.26,6.1,3.83,-5.78,12.728062,NA,-1.10439331383407,-0.666490256080112,0.437903057753955,0.437903057753955
"349","Trifluralin","1582-09-8","Fisher et al. (2019)",0.0256333333333333,0.0165016,"Valdiviezo et al.(1 uM- Mixture)","Cell-free","Our data","0","N",1,10.4,335.28,49,5.34,-3.39,0.28632912,NA,-1.59119491491823,-1.78247394442352,-0.191279029505287,0.191279029505287
"350","Caffeine","58-08-2","Fisher et al. (2019)",0.999999,0.999046196,"Huchthausen et al. (ARE)","Human","Literature","0","N",3680,0.157,194.19,238,-0.07,-9.95,21749.28,NA,-4.34294699063126e-07,-0.000414429487702449,-0.000413995193003386,0.000413995193003386
"351","Lamotrigine","84057-84-1","Fisher et al. (2019)",0.579374276,0.811769409,"Huchthausen et al. (ARE)","Human","Literature","0","B",863,0.000113,256.09,207,2.57,-9.7,249.94384,6.6,-0.237040791215896,-0.0905673188142748,0.146473472401621,0.146473472401621
"352","Diclofenac","15307-79-6","Fisher et al. (2019)",0.348993289,0.922576063,"Huchthausen et al. (ARE)","Human","Literature","0","B",89.4,1.6e-05,296.15,284,0.7,-9.05,7.018755,17.6,-0.457182924268014,-0.0349978177115748,0.422185106556439,0.422185106556439
"353","2,4-Dichlorophenoxyacetic","94-75-7","Fisher et al. (2019)",0.417721519,0.707914557,"Huchthausen et al. (ARE)","Human","Literature","0","A",316,0.000299,221.04,140,2.81,-7.08,1644.5376,2.7,-0.379113151399393,-0.150019157088056,0.229093994311337,0.229093994311337
"354","(S)-Naproxen","22204-53-1","Fisher et al. (2019)",0.744525547,0.492712895,"Huchthausen et al. (ARE)","Human","Literature","0","A",411,0.000108,230.26,153,3.18,-9.64,13.35508,4.4,-0.128120395654214,-0.30740607146964,-0.179285675815426,0.179285675815426
"355","Ibuprofen","15687-27-1","Fisher et al. (2019)",0.269581749,0.121012167,"Huchthausen et al. (ARE)","Human","Literature","0","A",263,0.00824,206.28,89.1,3.73,-6.22,35.68644,5.4,-0.569309513386322,-0.917170961953689,-0.347861448567367,0.347861448567367
"356","Torasemide","56211-40-6","Fisher et al. (2019)",0.167272727,0.377842727,"Huchthausen et al. (ARE)","Human","Literature","0","A",1100,1.84e-06,348.42,224,3.37,-15.3,79.78818,4,-0.776574862856777,-0.422688932991439,0.353885929865338,0.353885929865338
"357","Warfarin","81-81-2","Fisher et al. (2019)",0.444651163,0.76064186,"Huchthausen et al. (ARE)","Human","Literature","0","A",215,0.000625,308.33,161,2.7,-11.6,29.692179,4.5,-0.351980567435078,-0.118819777968914,0.233160789466164,0.233160789466164
"358","Caffeine","58-08-2","Fisher et al. (2019)",0.754098361,0.999307377,"Huchthausen et al. (PPAR)","Human","Literature","0","N",2440,0.157,194.19,238,-0.07,-9.95,21749.28,NA,-0.122572003130928,-0.000300906566377191,0.122271096564551,0.122271096564551
"359","Lamotrigine","84057-84-1","Fisher et al. (2019)",0.870159453,0.941924829,"Huchthausen et al. (PPAR)","Human","Literature","0","B",439,0.000113,256.09,207,2.57,-9.7,249.94384,6.6,-0.0604011574816199,-0.0259837550130116,0.0344174024686082,0.0344174024686082
"360","Diclofenac","15307-79-6","Fisher et al. (2019)",0.129716981,0.926471698,"Huchthausen et al. (PPAR)","Human","Literature","0","B",2.12,1.6e-05,296.15,284,0.7,-9.05,7.018755,17.6,-0.88700316754068,-0.0331678430371125,0.853835324503567,0.853835324503567
"361","2,4-Dichlorophenoxyacetic","94-75-7","Fisher et al. (2019)",0.463414634,0.904888211,"Huchthausen et al. (PPAR)","Human","Literature","0","A",49.2,0.000299,221.04,140,2.81,-7.08,1644.5376,2.7,-0.334030255904052,-0.0434050697943361,0.290625186109716,0.290625186109716
"362","(S)-Naproxen","22204-53-1","Fisher et al. (2019)",0.261016949,0.795135593,"Huchthausen et al. (PPAR)","Human","Literature","0","A",17.7,0.000108,230.26,153,3.18,-9.64,13.35508,4.4,-0.58333129105949,-0.0995588055945626,0.483772485464927,0.483772485464927
"363","Ibuprofen","15687-27-1","Fisher et al. (2019)",0.474683544,0.363041139,"Huchthausen et al. (PPAR)","Human","Literature","0","A",316,0.00824,206.28,89.1,3.73,-6.22,35.68644,5.4,-0.323595823840671,-0.440044158907798,-0.116448335067127,0.116448335067127
"364","Torasemide","56211-40-6","Fisher et al. (2019)",0.039076087,0.71011413,"Huchthausen et al. (PPAR)","Human","Literature","0","A",184,1.84e-06,348.42,224,3.37,-15.3,79.78818,4,-1.40808893214343,-0.148671845582524,1.25941708656091,1.25941708656091
"365","Warfarin","81-81-2","Fisher et al. (2019)",0.429752066,0.925247934,"Huchthausen et al. (PPAR)","Human","Literature","0","A",242,0.000625,308.33,161,2.7,-11.6,29.692179,4.5,-0.366782026798576,-0.0337418759744354,0.333040150824141,0.333040150824141
"366","di-n-butylphthalate","84-74-2","Fisher et al. (2019)",0.59,0.35091056,"Tanneberger et al.(Fish RTgill)","Fish","Literature","0","N",0.835586139,0.183,278.34,-35,4.61,-5.26,11.189268,NA,-0.229147988357856,-0.454803562304051,-0.225655573946195,0.225655573946195
"367","hexachlorophene","70-30-4","Fisher et al. (2019)",0.26,0.00124462,"Tanneberger et al.(Fish RTgill)","Fish","Literature","0","A",0.049152126,3.68e-06,406.9,166,7.54,-9.21,140.7874,6.2,-0.585026652029182,-2.90496322454723,-2.31993657251805,2.31993657251805
"368","Caffeine","58-08-2","Fisher et al. (2019)",0.96,0.998156654,"Tanneberger et al.(Fish RTgill)","Fish","Literature","0","N",14037.07518,0.157,194.19,238,-0.07,-9.95,21749.28,NA,-0.0177287669604316,-0.000801293753960541,0.0169274732064711,0.0169274732064711
"369","hexamethylenetetramine","100-97-0","Fisher et al. (2019)",0.999999,0.998893113,"Tanneberger et al.(Fish RTgill)","Fish","Literature","0","B",98787.4465,0.0153,140.19,96.3,-1.27,-3.42,999554.7,6.4,-4.34294699063126e-07,-0.00048098116122305,-0.000480546866523987,0.000480546866523987
"370","Malathion","121-75-5","Fisher et al. (2019)",0.99,0.988617797,"Tanneberger et al.(Fish RTgill)","Fish","Literature","0","N",39.34624697,0.000495,330.36,2.8,2.36,-9.87,144.69768,NA,-0.00436480540245009,-0.00497157567847447,-0.000606770276024381,0.000606770276024381
"371","pentachlorophenol","87-86-5","Fisher et al. (2019)",0.73,0.23724667,"Tanneberger et al.(Fish RTgill)","Fish","Literature","0","A",0.075103267,0.00248,266.34,174,5.12,-5.02,40.48368,5,-0.136677139879544,-0.624799874625745,-0.488122734746201,0.488122734746201
"372","2,4-dinitrophenol","51-28-5","Fisher et al. (2019)",0.999999,0.998274983,"Tanneberger et al.(Fish RTgill)","Fish","Literature","0","A",4.1281912,0.00871,184.11,116,1.67,-6.32,1441.5813,4.1,-4.34294699063126e-07,-0.000749812269839686,-0.000749377975140623,0.000749377975140623
"373","2,2,2-trichloroethanol","115-20-8","Fisher et al. (2019)",0.94,0.997627268,"Tanneberger et al.(Fish RTgill)","Fish","Literature","0","N",712.8514056,0.597,149.4,19,1.42,-3.34,83215.8,NA,-0.0268721464003014,-0.00103168885981796,0.0258404575404834,0.0258404575404834
"374","parathion ethyl","56-38-2","Fisher et al. (2019)",0.77,0.7648567,"Tanneberger et al.(Fish RTgill)","Fish","Literature","0","N",2.883625129,0.0302,291.26,6.1,3.83,-5.78,12.728062,NA,-0.113509274827518,-0.116419924622679,-0.00291064979516067,0.00291064979516067
"375","diethylphthalate","84-66-2","Fisher et al. (2019)",0.91,0.986548678,"Tanneberger et al.(Fish RTgill)","Fish","Literature","0","N",310.5310531,0.00237,222.24,-40.5,2.44,-5.26,1037.8608,NA,-0.0409586076789064,-0.00588148105018317,0.0350771266287232,0.0350771266287232
"376","4-chlorophenol","106-48-9","Fisher et al. (2019)",0.87,0.987878408,"Tanneberger et al.(Fish RTgill)","Fish","Literature","0","N",93.3125972,0.0639,128.56,42.7,2.39,-4.8,24554.96,NA,-0.0604807473813815,-0.00529650681352735,0.0551842405678541,0.0551842405678541
"377","permethrin","52645-53-1","Fisher et al. (2019)",0.29,0.0066381,"Tanneberger et al.(Fish RTgill)","Fish","Literature","0","N",23.00025556,0.00243,391.29,34,6.5,-6.61,0.08373606,NA,-0.537602002101044,-2.1779562094265,-1.64035420732546,1.64035420732546
"378","Aniline","62-53-3","Fisher et al. (2019)",0.999999,0.998654351,"Tanneberger et al.(Fish RTgill)","Fish","Literature","0","N",4749.731472,0.205,93.13,-6,0.9,-4.27,36041.31,NA,-4.34294699063126e-07,-0.000584801492354891,-0.000584367197655828,0.000584367197655828
"379","disulfoton","298-04-4","Fisher et al. (2019)",0.54,0.677777878,"Tanneberger et al.(Fish RTgill)","Fish","Literature","0","N",9.110787172,0.483,274.4,-25,4.02,-5.26,18.05552,NA,-0.267606240177031,-0.168912610209936,0.0986936299670955,0.0986936299670955
"380","4-fluoroaniline","371-40-4","Fisher et al. (2019)",0.88,0.998342719,"Tanneberger et al.(Fish RTgill)","Fish","Literature","0","N",1913.591359,0.0611,111.12,-0.8,1.15,-3.98,14778.96,NA,-0.0555173278498314,-0.000720345065368786,0.0547969827844626,0.0547969827844626
"381","2,4,6-trichlorophenol","88-06-2","Fisher et al. (2019)",0.9,0.863524312,"Tanneberger et al.(Fish RTgill)","Fish","Literature","0","A",10.12658228,0.137,197.45,69,3.69,-3.46,833.239,6.8,-0.0457574905606751,-0.0637254306283028,-0.0179679400676277,0.0179679400676277
"382","Allyl alcohol","107-18-6","Fisher et al. (2019)",0.98,0.998856203,"Tanneberger et al.(Fish RTgill)","Fish","Literature","0","N",14359.72461,0.506,58.08,-129,0.17,-3.52,998976,NA,-0.00877392430750515,-0.000497029029892571,0.00827689527761258,0.00827689527761258
"383","lindane","58-89-9","Fisher et al. (2019)",0.43,0.807074928,"Tanneberger et al.(Fish RTgill)","Fish","Literature","0","N",33.3562586,0.322,290.83,75.2,3.72,-3.77,4.449699,NA,-0.366531544420413,-0.093086143956535,0.273445400463878,0.273445400463878
"384","N-methylaniline","100-61-8","Fisher et al. (2019)",0.85,0.996761236,"Tanneberger et al.(Fish RTgill)","Fish","Literature","0","N",1509.328358,0.9,107.15,-57,1.66,-3.41,5625.375,NA,-0.0705810742857073,-0.00140886004952066,0.0691722142361866,0.0691722142361866
"385","3,4-dichloroaniline","95-76-1","Fisher et al. (2019)",0.74,0.97711711,"Tanneberger et al.(Fish RTgill)","Fish","Literature","0","N",47.83950617,0.0176,162.02,72,2.69,-4.68,145.65598,NA,-0.130768280269024,-0.0100533818505315,0.120714898418492,0.120714898418492
"386","4-decylaniline","37529-30-9","Fisher et al. (2019)",0.15,0.010079796,"Tanneberger et al.(Fish RTgill)","Fish","Literature","0","N",2.399314482,2.07,233.39,25,6.32,-3.09,0.20374947,NA,-0.823908740944319,-1.99654825727252,-1.1726395163282,1.1726395163282
"387","naphthalene","91-20-3","Fisher et al. (2019)",0.11,0.914595224,"Tanneberger et al.(Fish RTgill)","Fish","Literature","0","N",219.1887676,44.6,128.17,80.2,3.3,-2.41,31.65799,NA,-0.958607314841775,-0.0387710708274791,0.919836244014296,0.919836244014296
"388","1,2,4-trichlorobenzene","120-82-1","Fisher et al. (2019)",0.03,0.663726327,"Tanneberger et al.(Fish RTgill)","Fish","Literature","0","N",78.2369146,144,181.45,17,3.99,-0.83,46.4512,NA,-1.52287874528034,-0.178010955532492,1.34486778974785,1.34486778974785
"389","1,2-dichlorobenzene","95-50-1","Fisher et al. (2019)",0.07,0.856326914,"Tanneberger et al.(Fish RTgill)","Fish","Literature","0","N",182.9931973,195,147,-16.7,3.43,-0.98,143.325,NA,-1.15490195998574,-0.0673604060681395,1.0875415539176,1.0875415539176
"390","dichloromethane","75-09-2","Fisher et al. (2019)",0.33,0.971592428,"Tanneberger et al.(Fish RTgill)","Fish","Literature","0","N",17656.06596,329,84.93,-95.1,1.25,-1.19,15117.54,NA,-0.481486060122112,-0.0125158784805661,0.468970181641546,0.468970181641546
"391","tetrachloroethylene","127-18-4","Fisher et al. (2019)",0.08,0.804165821,"Tanneberger et al.(Fish RTgill)","Fish","Literature","0","N",195.4161641,1790,165.83,-22.3,3.4,-0.52,276.9361,NA,-1.09691001300806,-0.0946543894108498,1.00225562359721,1.00225562359721
"392","2,3-dimethyl-1,3-butadiene","513-81-5","Fisher et al. (2019)",0.06,0.206448,"Tanneberger et al.(Fish RTgill)","Fish","Literature","0","N",1000,4530,82.14,-76,3.07,0.95,326.9172,NA,-1.22184874961636,-0.685189320070321,0.536659429546035,0.536659429546035
"393","Eugenol F","97-53-0","Fisher et al. (2019)",0.999999,0.992923497,"Schug et al.(Fish RTgut - High dose)","Fish","Literature","0","N",6.090133983,0.0222,164.2,-9.1,2.27,-4.85,840.704,NA,-4.34294699063126e-07,-0.00308421183762324,-0.00308377754292418,0.00308377754292418
"394","Methyl-antranilate","134-20-3","Fisher et al. (2019)",0.9999,0.996835539,"Schug et al.(Fish RTgut - High dose)","Fish","Literature","0","N",165.3439153,0.00111,151.16,24.5,1.88,-6.32,2872.04,NA,-4.34316198075056e-05,-0.0013764870207232,-0.00133305540091569,0.00133305540091569
"395","Lilyfore","285977-85-7","Fisher et al. (2019)",0.9999,0.94264464,"Schug et al.(Fish RTgut - High dose)","Fish","Literature","0","N",11.34429949,0.0717,176.25,50.8,3.24,-5.78,222.075,NA,-4.34316198075056e-05,-0.0256519975844241,-0.0256085659646165,0.0256085659646165
"396","Damascone beta","23726-91-2","Fisher et al. (2019)",0.99,0.603846154,"Schug et al.(Fish RTgut - High dose)","Fish","Literature","0","N",5.200208008,32.8,192.3,17.5,4.29,-2.6,7.98045,NA,-0.00436480540245009,-0.219073695450936,-0.214708890048486,0.214708890048486
"397","Veloutone","14595-54-1","Fisher et al. (2019)",0.57,0.138297872,"Schug et al.(Fish RTgut - High dose)","Fish","Literature","0","N",0.50942435,18.4,222.37,40.4,5.28,-3.52,0.9384014,NA,-0.244125144327509,-0.859184502361894,-0.615059358034386,0.615059358034386
"398","Verdox","82356-51-2","Fisher et al. (2019)",0.74,0.010899471,"Schug et al.(Fish RTgut - High dose)","Fish","Literature","0","N",5.042864347,NA,236.39,60.7,6.45,-1.88,0.15223516,NA,-0.130768280269024,-1.96259457979846,-1.83182629952944,1.83182629952944
"399","Nirvanol","1506-02-1","Fisher et al. (2019)",0.46,0.057777778,"Schug et al.(Fish RTgut - High dose)","Fish","Literature","0","N",0.449640288,NA,258.4,54.5,5.7,-3.69,1.250656,NA,-0.337242168318426,-1.23823916413416,-0.900996995815736,0.900996995815736
"400","Cetalox","3738-00-9","Fisher et al. (2019)",0.72,0.108490566,"Schug et al.(Fish RTgut - High dose)","Fish","Literature","0","N",1.057529611,140,236.39,60.7,5.4,-1.56,2.434817,NA,-0.142667503568732,-0.964608025062218,-0.821940521493486,0.821940521493486
"401","Tonalide","21145-77-7","Fisher et al. (2019)",0.43,0.057881137,"Schug et al.(Fish RTgut - High dose)","Fish","Literature","0","N",0.03869969,4.8534675,258.4,54.5,5.7,-3.69,1.250656,NA,-0.366531544420413,-1.23746294631637,-0.87093140189596,0.87093140189596
"402","Eugenol F","97-53-0","Fisher et al. (2019)",0.9999,0.99341,"Schug et al.(Fish RTgut - Low dose)","Fish","Literature","0","N",1827.040195,0.0222,164.2,-9.1,2.27,-4.85,840.704,NA,-4.34316198075056e-05,-0.00287147256410914,-0.00282804094430163,0.00282804094430163
"403","Methyl-antranilate","134-20-3","Fisher et al. (2019)",0.9999,0.996837408,"Schug et al.(Fish RTgut - Low dose)","Fish","Literature","0","N",5291.005291,0.00111,151.16,24.5,1.88,-6.32,2872.04,NA,-4.34316198075056e-05,-0.00137567274836434,-0.00133224112855684,0.00133224112855684
"404","Lilyfore","285977-85-7","Fisher et al. (2019)",0.9999,0.943205,"Schug et al.(Fish RTgut - Low dose)","Fish","Literature","0","N",680.6579694,0.0717,176.25,50.8,3.24,-5.78,222.075,NA,-4.34316198075056e-05,-0.0253939056794496,-0.025350474059642,0.025350474059642
"405","Damascone beta","23726-91-2","Fisher et al. (2019)",0.99,0.603822,"Schug et al.(Fish RTgut - Low dose)","Fish","Literature","0","N",104.0041602,32.8,192.3,17.5,4.29,-2.6,7.98045,NA,-0.00436480540245009,-0.219091067688305,-0.214726262285855,0.214726262285855
"406","Veloutone","14595-54-1","Fisher et al. (2019)",0.57,0.1381952,"Schug et al.(Fish RTgut - Low dose)","Fish","Literature","0","N",61.13092206,18.4,222.37,40.4,5.28,-3.52,0.9384014,NA,-0.244125144327509,-0.859507041257882,-0.615381896930373,0.615381896930373
"407","Verdox","82356-51-2","Fisher et al. (2019)",0.74,0.0109065,"Schug et al.(Fish RTgut - Low dose)","Fish","Literature","0","N",75.6429652,NA,236.39,60.7,6.45,-1.88,0.15223516,NA,-0.130768280269024,-1.96231459630045,-1.83154631603143,1.83154631603143
"408","Nirvanol","1506-02-1","Fisher et al. (2019)",0.46,0.057824,"Schug et al.(Fish RTgut - Low dose)","Fish","Literature","0","N",26.97841727,NA,258.4,54.5,5.7,-3.69,1.250656,NA,-0.337242168318426,-1.23789186911916,-0.900649700800736,0.900649700800736
"409","Cetalox","3738-00-9","Fisher et al. (2019)",0.72,0.108744,"Schug et al.(Fish RTgut - Low dose)","Fish","Literature","0","N",21.15059222,140,236.39,60.7,5.4,-1.56,2.434817,NA,-0.142667503568732,-0.963594696109208,-0.820927192540477,0.820927192540477
"410","Tonalide","21145-77-7","Fisher et al. (2019)",0.43,0.057881601,"Schug et al.(Fish RTgut - Low dose)","Fish","Literature","0","N",7.73993808,4.8534675,258.4,54.5,5.7,-3.69,1.250656,NA,-0.366531544420413,-1.23745946483964,-0.870927920419225,0.870927920419225
"411","4:2 FTS","375-73-5","Fisher et al. (2019)",0.68,0.981975,"PFAS (100 uM)","Cell-free","Our data","0","A",100,2.99031e-05,300.1,23.4,1.5,-4.63,510.17,-2.9,-0.167491087293764,-0.00789956873062123,0.159591518563142,0.159591518563142
"412","6:2 FTS","757124-72-4","Fisher et al. (2019)",0.1985,0.966547,"PFAS (100 uM)","Cell-free","Our data","0","A",100,2.48723e-05,328.15,33.3,1.76,-4.26,1283.0665,1.4,-0.702239488900866,-0.0147770228104296,0.687462466090437,0.687462466090437
"413","8:2 FTS","375-95-1","Fisher et al. (2019)",0.0349333333333333,0.00389869,"PFAS (100 uM)","Cell-free","Our data","0","A",100,0.000119046,464.08,68.6,6.07,-2.47,1299.424,0.1,-1.45675997207195,-2.40908129588197,-0.95232132381002,0.95232132381002
"414","PFBA","307-24-4","Fisher et al. (2019)",0.946666666666667,0.0680549,"PFAS (100 uM)","Cell-free","Our data","0","A",100,2.37529e-05,314.05,11.7,4.2,-3.31,29.33227,0.1,-0.0238029146726248,-1.16714059983097,-1.14333768515835,1.14333768515835
"415","PFBS","375-22-4","Fisher et al. (2019)",0.933333333333333,0.969564,"PFAS (100 uM)","Cell-free","Our data","0","A",100,5.078279645,214.04,-17.9,1.72,-3.87,447.3436,0.1,-0.0299632233774432,-0.013423518272263,0.0165397051051802,0.0165397051051802
"416","PFDA","335-67-1","Fisher et al. (2019)",0.061,0.079822,"PFAS (100 uM)","Cell-free","Our data","0","A",100,1.93071e-05,414.07,54.3,4.13,-2.75,5051.654,0.1,-1.21467016498923,-1.09787739484212,0.116792770147112,0.116792770147112
"417","PFHpA","27619-97-2","Fisher et al. (2019)",0.7709,0.599595,"PFAS (100 uM)","Cell-free","Our data","0","A",100,1.84381e-05,428.17,32.1,2.97,-3.7,18.240042,1.4,-0.113001954328901,-0.222141997373897,-0.109140043044997,0.109140043044997
"418","PFHxA","39108-34-4","Fisher et al. (2019)",0.6643,0.0712425,"PFAS (100 uM)","Cell-free","Our data","0","A",100,1.80184e-06,528.18,32.4,4.18,-3.14,0.2456037,1.4,-0.17763574755845,-1.14726084893431,-0.969625101375856,0.969625101375856
"419","PFHxS","2058-94-8","Fisher et al. (2019)",0.603,0.00464577,"PFAS (100 uM)","Cell-free","Our data","0","A",100,3.35519e-05,564.09,98.5,5.95,-1.91,91.94667,0.1,-0.219682687859849,-2.3329422947948,-2.11325960693495,2.11325960693495
"420","PFNA","1763-23-1","Fisher et al. (2019)",0.113276666666667,0.00464577,"PFAS (100 uM)","Cell-free","Our data","0","A",100,1.84381e-06,500.13,22.8,5.95,-3.51,570.1482,-2.9,-0.945859539223272,-2.3329422947948,-1.38708275557153,1.38708275557153
"421","PFOA","375-85-9","Fisher et al. (2019)",0.06888,0.274846,"PFAS (100 uM)","Cell-free","Our data","0","A",100,2.11698e-05,364.06,35.4,3.53,-3.03,117955.44,0.1,-1.1619068615544,-0.560910579202412,0.60099628235199,0.60099628235199
"422","PFOS","2706-90-3","Fisher et al. (2019)",0.0298333333333333,0.880312,"PFAS (100 uM)","Cell-free","Our data","0","A",100,2.99031e-05,264.05,1.5,2.32,-3.59,119.8787,0.1,-1.52529821940375,-0.0553633780048349,1.46993484139892,1.46993484139892
"423","PFPeA","355-46-4","Fisher et al. (2019)",0.936053333333333,0.739013,"PFAS (100 uM)","Cell-free","Our data","0","A",100,1.97568e-05,400.11,190,2.71,-4.07,243.26688,-2.9,-0.0286994058425608,-0.131347921850632,-0.102648516008071,0.102648516008071
"424","PFUnDA","335-76-2","Fisher et al. (2019)",0.00503333333333333,0.00231535,"PFAS (100 uM)","Cell-free","Our data","0","A",100,1.53362e-05,514.08,90,6.4,-2.19,1156.68,0.1,-2.29814430742649,-2.63538334953617,-0.337239042109681,0.337239042109681
"425","4:2 FTS","375-73-5","Fisher et al. (2019)",0.376666666666667,0.981975,"PFAS (10 uM)","Cell-free","Our data","0","A",10,2.99031e-05,300.1,23.4,1.5,-4.63,510.17,-2.9,-0.424042811236243,-0.00789956873062123,0.416143242505621,0.416143242505621
"426","6:2 FTS","757124-72-4","Fisher et al. (2019)",0.1966,0.966547,"PFAS (10 uM)","Cell-free","Our data","0","A",10,2.48723e-05,328.15,33.3,1.76,-4.26,1283.0665,1.4,-0.706416486503883,-0.0147770228104296,0.691639463693454,0.691639463693454
"427","8:2 FTS","375-95-1","Fisher et al. (2019)",0.00486666666666667,0.00389869,"PFAS (10 uM)","Cell-free","Our data","0","A",10,0.000119046,464.08,68.6,6.07,-2.47,1299.424,0.1,-2.31276839893523,-2.40908129588197,-0.0963128969467495,0.0963128969467495
"428","PFBA","307-24-4","Fisher et al. (2019)",0.95,0.0680549,"PFAS (10 uM)","Cell-free","Our data","0","A",10,2.37529e-05,314.05,11.7,4.2,-3.31,29.33227,0.1,-0.0222763947111523,-1.16714059983097,-1.14486420511982,1.14486420511982
"429","PFBS","375-22-4","Fisher et al. (2019)",0.896666666666667,0.969564,"PFAS (10 uM)","Cell-free","Our data","0","A",10,5.078279645,214.04,-17.9,1.72,-3.87,447.3436,0.1,-0.0473689747172545,-0.013423518272263,0.0339454564449914,0.0339454564449914
"430","PFDA","335-67-1","Fisher et al. (2019)",0.00156666666666667,0.079822,"PFAS (10 uM)","Cell-free","Our data","0","A",10,1.93071e-05,414.07,54.3,4.13,-2.75,5051.654,0.1,-2.80502339678395,-1.09787739484212,1.70714600194182,1.70714600194182
"431","PFHpA","27619-97-2","Fisher et al. (2019)",0.328166666666667,0.599595,"PFAS (10 uM)","Cell-free","Our data","0","A",10,1.84381e-05,428.17,32.1,2.97,-3.7,18.240042,1.4,-0.483905534245525,-0.222141997373897,0.261763536871628,0.261763536871628
"432","PFHxA","39108-34-4","Fisher et al. (2019)",0.517066666666667,0.0712425,"PFAS (10 uM)","Cell-free","Our data","0","A",10,1.80184e-06,528.18,32.4,4.18,-3.14,0.2456037,1.4,-0.286453458649013,-1.14726084893431,-0.860807390285293,0.860807390285293
"433","PFHxS","2058-94-8","Fisher et al. (2019)",0.125666666666667,0.00464577,"PFAS (10 uM)","Cell-free","Our data","0","A",10,3.35519e-05,564.09,98.5,5.95,-1.91,91.94667,0.1,-0.90077990451387,-2.3329422947948,-1.43216239028093,1.43216239028093
"434","PFNA","1763-23-1","Fisher et al. (2019)",0.0450233333333333,0.00464577,"PFAS (10 uM)","Cell-free","Our data","0","A",10,1.84381e-06,500.13,22.8,5.95,-3.51,570.1482,-2.9,-1.34656235485565,-2.3329422947948,-0.986379939939151,0.986379939939151
"435","PFOA","375-85-9","Fisher et al. (2019)",0.05088,0.274846,"PFAS (10 uM)","Cell-free","Our data","0","A",10,2.11698e-05,364.06,35.4,3.53,-3.03,117955.44,0.1,-1.29345289735964,-0.560910579202412,0.732542318157231,0.732542318157231
"436","PFOS","2706-90-3","Fisher et al. (2019)",0.0133333333333333,0.880312,"PFAS (10 uM)","Cell-free","Our data","0","A",10,2.99031e-05,264.05,1.5,2.32,-3.59,119.8787,0.1,-1.8750612633917,-0.0553633780048349,1.81969788538687,1.81969788538687
"437","PFPeA","355-46-4","Fisher et al. (2019)",0.769123333333333,0.739013,"PFAS (10 uM)","Cell-free","Our data","0","A",10,1.97568e-05,400.11,190,2.71,-4.07,243.26688,-2.9,-0.114004013005713,-0.131347921850632,-0.0173439088449189,0.0173439088449189
"438","PFUnDA","335-76-2","Fisher et al. (2019)",0.00273333333333333,0.00231535,"PFAS (10 uM)","Cell-free","Our data","0","A",10,1.53362e-05,514.08,90,6.4,-2.19,1156.68,0.1,-2.56330740233595,-2.63538334953617,-0.0720759472002284,0.0720759472002284
"439","Cisapride","81098-60-4","Fisher et al. (2019)",0.62,0.480937,"Blanchette et al.","Cell-free","Literature","0","B",10,1.30709e-06,465.95,199.43,3.49,-14.415,33.2,7.8,-0.207608310501746,-0.317911809996895,-0.110303499495149,0.110303499495149
"440","Citalopram hydrobromide","59729-33-8","Fisher et al. (2019)",1,0.651725,"Blanchette et al.","Cell-free","Literature","0","N",10,0.4032735,324.39,153.367,3.2,-8.356,30,NA,0,-0.185935619262491,-0.185935619262491,0.185935619262491
"441","Dofetilide","115256-11-6","Fisher et al. (2019)",0.86,0.953902,"Blanchette et al.","Cell-free","Literature","0","B",10,0.00133749,441.56,230.64,2.223,-13.462,249,8.4,-0.0655015487564323,-0.0204962406474942,0.0450053081089381,0.0450053081089381
"442","Moxifloxacin hydrochloride","186826-86-8","Fisher et al. (2019)",0.93,0.996654,"Blanchette et al.","Cell-free","Literature","0","A",10,4.32658e-06,401.43,266.857,1.13,-14.842,724,6,-0.0315170514460649,-0.00145558589194949,0.0300614655541154,0.0300614655541154
"443","N-acetylpro-cainamide","32795-44-1","Fisher et al. (2019)",0.96,0.996219,"Blanchette et al.","Cell-free","Literature","0","B",10,1.80359e-06,277.36,174.123,1.1805,-12.236,8240,9.2,-0.0177287669604316,-0.00164517961179847,0.0160835873486331,0.0160835873486331
"444","Quinidine sulfate","50-54-4","Fisher et al. (2019)",0.68,0.638993,"Blanchette et al.","Cell-free","Literature","0","B",10,0.000272564,324.42,180.1,3.227,-10.922,743,9.3,-0.167491087293764,-0.194503899397194,-0.0270128121034305,0.0270128121034305
"445","Sematilide","101526-83-4","Fisher et al. (2019)",0.96,0.99689,"Blanchette et al.","Cell-free","Literature","0","B",10,1.97584e-06,313.42,177.473,1.1,-12.441,11000,9.1,-0.0177287669604316,-0.00135276047329009,0.0163760064871415,0.0163760064871415
"446","Sotalol hydrochloride","959-24-0","Fisher et al. (2019)",0.97,0.99962,"Blanchette et al.","Cell-free","Literature","0","B",10,0.000188465,272.36,165.84,0.233,-11.578,47100,9,-0.0132282657337552,-0.00016506326713065,0.0130632024666245,0.0130632024666245
"447","Lamotrigine","84057-84-1","Fisher et al. (2019)",1,0.897865,"Blanchette et al.","Cell-free","Literature","0","B",10,0.000113,256.09,207,2.57,-9.7,249.94384,6.6,0,-0.0467889575003167,-0.0467889575003167,0.0467889575003167
"448","Mifepristone","84371-65-3","Fisher et al. (2019)",0.58,0.0360436,"Blanchette et al.","Cell-free","Literature","0","N",10,0.002320343,429.59,241.967,4.877,-11.407,0.826,NA,-0.236572006437063,-1.44317183861268,-1.20659983217562,1.20659983217562
"449","Azathioprine","446-86-6","Fisher et al. (2019)",0.95,0.999487,"Nicol et al. (HepG2)","Cell-free","Literature","0","A",10,0.004962684,277.26,244,0.1,-15.1,100.09086,8.2,-0.0222763947111523,-0.000222850235190215,0.022053544475962,0.022053544475962
"450","Benzocaine","94-09-7","Fisher et al. (2019)",0.784,0.962536,"Nicol et al. (HepG2)","Cell-free","Literature","0","N",10,0.000299031,165.19,92,1.86,-6.33,834.2095,NA,-0.105683937315562,-0.0165830183815724,0.0891009189339891,0.0891009189339891
"451","Butylated hydroxyanisole","25013-16-5","Fisher et al. (2019)",0.243,0.353197,"Nicol et al. (HepG2)","Cell-free","Literature","0","N",10,NA,180.24,64.9,3.42,-4.8,358.6776,NA,-0.614393726401688,-0.451982993908113,0.162410732493575,0.162410732493575
"452","Cetirizine dihydrochloride","83881-52-1","Fisher et al. (2019)",0.527,0.997681,"Nicol et al. (HepG2)","Cell-free","Literature","0","A",10,1.061e-05,388.89,249,0.715,-16.6,443.3346,4.7,-0.278189384787453,-0.00100829847800927,0.277181086309444,0.277181086309444
"453","Chlorpyrifos","2921-88-2","Fisher et al. (2019)",0.005,0.0168383,"Nicol et al. (HepG2)","Cell-free","Literature","1","N",10,0.297,350.59,42,4.96,-4.17,1.1499352,NA,-2.30102999566398,-1.77370175712898,0.527328238535004,0.527328238535004
"454","Cyclamate","139-05-9","Fisher et al. (2019)",0.37,0.999904,"Nicol et al. (HepG2)","Cell-free","Literature","0","B",10,0.001431254,179.24,107,-0.585,-9.77,874691.2,17.6,-0.431798275933005,-4.16942716197661e-05,0.431756581661385,0.431756581661385
"455","Cyclophosphamide","6055-19-2","Fisher et al. (2019)",0.834,0.997792,"Nicol et al. (HepG2)","Cell-free","Literature","0","B",10,0.1061003,261.09,61.5,0.695,-10.2,46212.93,6.1,-0.0788339493622613,-0.000959982427087038,0.0778739669351743,0.0778739669351743
"456","Cypermethrin","67375-30-8","Fisher et al. (2019)",0.005,0.0019604,"Nicol et al. (HepG2)","Cell-free","Literature","1","N",10,0.000211698,416.3,102,6.62,-6.45,0.01477865,NA,-2.30102999566398,-2.70765530615941,-0.406625310495427,0.406625310495427
"457","DEET","134-62-3","Fisher et al. (2019)",0.735,0.921086,"Nicol et al. (HepG2)","Cell-free","Literature","0","N",10,0.014645918,191.27,-45,2.18,-6.57,916.1833,NA,-0.133712660915805,-0.0356998186828768,0.0980128422329283,0.0980128422329283
"458","Dexamethasone","50-02-2","Fisher et al. (2019)",0.662,0.956824,"Nicol et al. (HepG2)","Cell-free","Literature","0","N",10,6.69448e-06,392.46,248,1.92,-18.8,78.492,NA,-0.1791420105603,-0.0191679398179932,0.159974070742307,0.159974070742307
"459","Digoxin","20830-75-5","Fisher et al. (2019)",0.529,0.991199,"Nicol et al. (HepG2)","Cell-free","Literature","0","N",10,1.33572e-05,780.94,426,1.26,-30.7,59.195252,NA,-0.276544327964814,-0.00383914478241765,0.272705183182397,0.272705183182397
"460","Fenazaquin","120928-09-8","Fisher et al. (2019)",0.005,0.00943399,"Nicol et al. (HepG2)","Cell-free","Literature","1","N",10,0.136683664,306.4,78.5,5.51,-7.24,0.1495232,NA,-2.30102999566398,-2.02530458844087,0.275725407223111,0.275725407223111
"461","Fenbuconazole","114369-43-6","Fisher et al. (2019)",0.157,0.466217,"Nicol et al. (HepG2)","Cell-free","Literature","0","N",10,0.394199993,336.82,125,3.23,-10,0.3738702,NA,-0.804100347590766,-0.331411894540056,0.47268845305071,0.47268845305071
"462","Fluazinam","79622-59-6","Fisher et al. (2019)",0.005,0.112615,"Nicol et al. (HepG2)","Cell-free","Literature","0","N",10,1.60589e-06,465.09,113,4.01,-4.7,0.4883445,NA,-2.30102999566398,-0.948403758833178,1.3526262368308,1.3526262368308
"463","Furosemide","54-31-9","Fisher et al. (2019)",0.415,0.944611,"Nicol et al. (HepG2)","Cell-free","Literature","0","A",10,2.54517e-05,330.74,261,2.03,-16.3,43.98842,3,-0.381951903287907,-0.0247470013683753,0.357204901919532,0.357204901919532
"464","Glybenclamide","10238-21-8","Fisher et al. (2019)",0.101,0.0187339,"Nicol et al. (HepG2)","Cell-free","Literature","0","A",10,1.93071e-05,494,169,4.85,-18,4.00634,5,-0.995678626217357,-1.72737180232759,-0.731693176110237,0.731693176110237
"465","HC Red 3","2871-01-4","Fisher et al. (2019)",0.95,0.999448,"Nicol et al. (HepG2)","Cell-free","Literature","0","N",10,0.0090306,197.19,152,0.13,-11.8,121074.66,NA,-0.0222763947111523,-0.000239796744002538,0.0220365979671497,0.0220365979671497
"466","Hydralazine hydrochloride","304-20-1","Fisher et al. (2019)",0.147,0.997624,"Nicol et al. (HepG2)","Cell-free","Literature","1","B",10,0.004422997,160.18,163,0.725,-11.6,211437.6,6,-0.832682665251824,-0.00103311151208201,0.831649553739742,0.831649553739742
"467","Ibuprofen","15687-27-1","Fisher et al. (2019)",0.139,0.204135,"Nicol et al. (HepG2)","Cell-free","Literature","0","A",10,0.00824,206.28,89.1,3.73,-6.22,35.68644,5.4,-0.856985199745905,-0.690082526867925,0.16690267287798,0.16690267287798
"468","Ketoconazole","65277-42-1","Fisher et al. (2019)",0.255,0.0518664,"Nicol et al. (HepG2)","Cell-free","Literature","0","B",10,0.004526021,531.43,146,4.35,-20,83.96594,6.6,-0.593459819566045,-1.28511389494825,-0.691654075382201,0.691654075382201
"469","Metformin","1115-70-4","Fisher et al. (2019)",0.567,0.999952,"Nicol et al. (HepG2)","Cell-free","Literature","0","B",10,0.000359515,129.16,74.3,-0.87,-9.13,1016489.2,9.6,-0.246416941107093,-2.08466354546305e-05,0.246396094471639,0.246396094471639
"470","Metoclopramide","364-62-5","Fisher et al. (2019)",0.796,0.797613,"Nicol et al. (HepG2)","Cell-free","Literature","0","B",10,2.0217e-05,299.8,147,2.62,-12.3,174.7834,9,-0.0990869322623309,-0.0982077762331925,0.000879156029138448,0.000879156029138448
"471","Nitrofurantoin","67-20-9","Fisher et al. (2019)",0.935,0.999873,"Nicol et al. (HepG2)","Cell-free","Literature","0","A",10,0.001464592,238.16,263,-0.47,-12.7,96.21664,7.3,-0.0291883891274822,-5.51589018661192e-05,0.0291332302256161,0.0291332302256161
"472","Oxytetracycline hydrochloride","2058-46-0","Fisher et al. (2019)",0.95,0.99999,"Nicol et al. (HepG2)","Cell-free","Literature","0","A",10,1.36684e-06,460.43,460,-1.53,-28.9,501868.7,4.5,-0.0222763947111523,-4.34296653388161e-06,0.0222720517446184,0.0222720517446184
"473","Panthenol","16485-10-2 ","Fisher et al. (2019)",0.433,0.999955,"Nicol et al. (HepG2)","Cell-free","Literature","0","N",10,0.001163367,205.25,164,-0.895,-15,1034460,NA,-0.363512103646635,-1.95436914219848e-05,0.363492559955213,0.363492559955213
"474","Paracetamol","103-90-2","Fisher et al. (2019)",0.54,0.998759,"Nicol et al. (HepG2)","Cell-free","Literature","0","N",10,0.000583065,151.16,170,0.46,-10.9,14224.156,NA,-0.267606240177031,-0.000539294153320128,0.267066946023711,0.267066946023711
"475","Topiramate","97240-79-4","Fisher et al. (2019)",0.9225,0.999987,"Nicol et al. (HepG2)","Cell-free","Literature","0","A",10,0.00094562,339.36,165,-1.39,-18,264022.08,9.2,-0.035033625168902,-5.64586496296175e-06,0.0350279793039391,0.0350279793039391
"476","Trimellitic anhydride","552-30-7","Fisher et al. (2019)",0.95,0.98568,"Nicol et al. (HepG2)","Cell-free","Literature","0","A",10,2.26838e-06,192.13,162,1.46,-10.2,15754.66,3.3,-0.0222763947111523,-0.00626405543474155,0.0160123392764107,0.0160123392764107
"477","Verapamil hydrochloride","152-11-4","Fisher et al. (2019)",0.494,0.038137,"Nicol et al. (HepG2)","Cell-free","Literature","0","B",10,0.047393263,454.6,200,4.48,-16.2,2.29573,9.2,-0.306273051076353,-1.41865347318538,-1.11238042210903,1.11238042210903
"478","Warfarin","129-06-6","Fisher et al. (2019)",0.347,0.847744,"Nicol et al. (HepG2)","Cell-free","Literature","0","N",10,3.76458e-06,308.33,175,2.48,-11.6,82.94077,NA,-0.459670525209126,-0.0717352753052434,0.387935249903883,0.387935249903883
"479","Azathioprine","446-86-6","Fisher et al. (2019)",0.95,0.999929,"Nicol et al. (HepRG)","Cell-free","Literature","0","A",10,0.004962684,277.26,244,0.1,-15.1,100.09086,8.2,-0.0222763947111523,-3.0836002906207e-05,0.022245558708246,0.022245558708246
"480","Benzocaine","94-09-7","Fisher et al. (2019)",0.809,0.996409,"Nicol et al. (HepRG)","Cell-free","Literature","0","N",10,0.000299031,165.19,92,1.86,-6.33,834.2095,NA,-0.0920514783877277,-0.00156235838092978,0.0904891200067979,0.0904891200067979
"481","Butylated hydroxyanisole","25013-16-5","Fisher et al. (2019)",0.33,0.894872,"Nicol et al. (HepRG)","Cell-free","Literature","0","N",10,NA,180.24,64.9,3.42,-4.8,358.6776,NA,-0.481486060122112,-0.048239080515587,0.433246979606525,0.433246979606525
"482","Cetirizine dihydrochloride","83881-52-1","Fisher et al. (2019)",0.71,0.999721,"Nicol et al. (HepRG)","Cell-free","Literature","0","A",10,1.061e-05,388.89,249,0.715,-16.6,443.3346,4.7,-0.148741651280925,-0.000121185066554011,0.148620466214371,0.148620466214371
"483","Chlorpyrifos","2921-88-2","Fisher et al. (2019)",0.005,0.214535,"Nicol et al. (HepRG)","Cell-free","Literature","1","N",10,0.297,350.59,42,4.96,-4.17,1.1499352,NA,-2.30102999566398,-0.668501845358589,1.63252815030539,1.63252815030539
"484","Cyclamate","139-05-9","Fisher et al. (2019)",0.388,0.999985,"Nicol et al. (HepRG)","Cell-free","Literature","0","B",10,0.001431254,179.24,107,-0.585,-9.77,874691.2,17.6,-0.411168274405793,-6.51446608716104e-06,0.411161759939706,0.411161759939706
"485","Cyclophosphamide","6055-19-2","Fisher et al. (2019)",0.866,0.999733,"Nicol et al. (HepRG)","Cell-free","Literature","0","B",10,0.1061003,261.09,61.5,0.695,-10.2,46212.93,6.1,-0.0624821079826534,-0.000115972109633865,0.0623661358730195,0.0623661358730195
"486","Cypermethrin","67375-30-8","Fisher et al. (2019)",0.005,0.0066572,"Nicol et al. (HepRG)","Cell-free","Literature","1","N",10,0.000211698,416.3,102,6.62,-6.45,0.01477865,NA,-2.30102999566398,-2.17670839549063,0.124321600173356,0.124321600173356
"487","DEET","134-62-3","Fisher et al. (2019)",0.823,0.992691,"Nicol et al. (HepRG)","Cell-free","Literature","0","N",10,0.014645918,191.27,-45,2.18,-6.57,916.1833,NA,-0.0846001647877302,-0.00318591553164148,0.0814142492560887,0.0814142492560887
"488","Dexamethasone","50-02-2","Fisher et al. (2019)",0.693,0.995898,"Nicol et al. (HepRG)","Cell-free","Literature","0","N",10,6.69448e-06,392.46,248,1.92,-18.8,78.492,NA,-0.159266765388193,-0.00178513979475711,0.157481625593436,0.157481625593436
"489","Digoxin","20830-75-5","Fisher et al. (2019)",0.556,0.999058,"Nicol et al. (HepRG)","Cell-free","Literature","0","N",10,1.33572e-05,780.94,426,1.26,-30.7,59.195252,NA,-0.254925208417942,-0.000409298211691208,0.254515910206251,0.254515910206251
"490","Fenazaquin","120928-09-8","Fisher et al. (2019)",0.005,0.0740428,"Nicol et al. (HepRG)","Cell-free","Literature","1","N",10,0.136683664,306.4,78.5,5.51,-7.24,0.1495232,NA,-2.30102999566398,-1.13051716634328,1.1705128293207,1.1705128293207
"491","Fenbuconazole","114369-43-6","Fisher et al. (2019)",0.213,0.928655,"Nicol et al. (HepRG)","Cell-free","Literature","0","N",10,0.394199993,336.82,125,3.23,-10,0.3738702,NA,-0.671620396561262,-0.0321455986268171,0.639474797934445,0.639474797934445
"492","Fluazinam","79622-59-6","Fisher et al. (2019)",0.005,0.695077,"Nicol et al. (HepRG)","Cell-free","Literature","0","N",10,1.60589e-06,465.09,113,4.01,-4.7,0.4883445,NA,-2.30102999566398,-0.157967081995822,2.14306291366816,2.14306291366816
"493","Furosemide","54-31-9","Fisher et al. (2019)",0.458,0.994761,"Nicol et al. (HepRG)","Cell-free","Literature","0","A",10,2.54517e-05,330.74,261,2.03,-16.3,43.98842,3,-0.339134521996131,-0.00228124975595193,0.336853272240179,0.336853272240179
"494","Glybenclamide","10238-21-8","Fisher et al. (2019)",0.167,0.258828,"Nicol et al. (HepRG)","Cell-free","Literature","0","A",10,1.93071e-05,494,169,4.85,-18,4.00634,5,-0.777283528852417,-0.586988743506729,0.190294785345688,0.190294785345688
"495","HC Red 3","2871-01-4","Fisher et al. (2019)",0.945,0.999924,"Nicol et al. (HepRG)","Cell-free","Literature","0","N",10,0.0090306,197.19,152,0.13,-11.8,121074.66,NA,-0.0245681914907371,-3.30076349306476e-05,0.0245351838558064,0.0245351838558064
"496","Hydralazine hydrochloride","304-20-1","Fisher et al. (2019)",0.114,0.999715,"Nicol et al. (HepRG)","Cell-free","Literature","1","B",10,0.004422997,160.18,163,0.725,-11.6,211437.6,6,-0.943095148663527,-0.00012379156847896,0.942971357095048,0.942971357095048
"497","Ibuprofen","15687-27-1","Fisher et al. (2019)",0.196,0.809915,"Nicol et al. (HepRG)","Cell-free","Literature","0","A",10,0.00824,206.28,89.1,3.73,-6.22,35.68644,5.4,-0.707743928643524,-0.0915605576250503,0.616183371018474,0.616183371018474
"498","Ketoconazole","65277-42-1","Fisher et al. (2019)",0.296,0.516166,"Nicol et al. (HepRG)","Cell-free","Literature","0","B",10,0.004526021,531.43,146,4.35,-20,83.96594,6.6,-0.528708288941061,-0.287210605950024,0.241497682991037,0.241497682991037
"499","Metformin","1115-70-4","Fisher et al. (2019)",0.57,0.999992,"Nicol et al. (HepRG)","Cell-free","Literature","0","B",10,0.000359515,129.16,74.3,-0.87,-9.13,1016489.2,9.6,-0.244125144327509,-3.47436975272703e-06,0.244121669957756,0.244121669957756
"500","Metoclopramide","364-62-5","Fisher et al. (2019)",0.752,0.980709,"Nicol et al. (HepRG)","Cell-free","Literature","0","B",10,2.0217e-05,299.8,147,2.62,-12.3,174.7834,9,-0.123782159408358,-0.00845983914638216,0.115322320261976,0.115322320261976
"501","Nitrofurantoin","67-20-9","Fisher et al. (2019)",0.9485,0.99998,"Nicol et al. (HepRG)","Cell-free","Literature","0","A",10,0.001464592,238.16,263,-0.47,-12.7,96.21664,7.3,-0.0229626647753186,-8.68597649812824e-06,0.0229539787988205,0.0229539787988205
"502","Oxytetracycline hydrochloride","2058-46-0","Fisher et al. (2019)",0.95,0.999998,"Nicol et al. (HepRG)","Cell-free","Literature","0","A",10,1.36684e-06,460.43,460,-1.53,-28.9,501868.7,4.5,-0.0222763947111523,-8.68589832373386e-07,0.0222755261213199,0.0222755261213199
"503","Panthenol","16485-10-2 ","Fisher et al. (2019)",0.448,0.999992,"Nicol et al. (HepRG)","Cell-free","Literature","0","N",10,0.001163367,205.25,164,-0.895,-15,1034460,NA,-0.348721986001856,-3.47436975272703e-06,0.348718511632103,0.348718511632103
"504","Paracetamol","103-90-2","Fisher et al. (2019)",0.611,0.999842,"Nicol et al. (HepRG)","Cell-free","Literature","0","N",10,0.000583065,151.16,170,0.46,-10.9,14224.156,NA,-0.213958789757446,-6.86239495754985e-05,0.21389016580787,0.21389016580787
"505","Topiramate","97240-79-4","Fisher et al. (2019)",0.762,0.999997,"Nicol et al. (HepRG)","Cell-free","Literature","0","A",10,0.00094562,339.36,165,-1.39,-18,264022.08,9.2,-0.118045028660399,-1.30288540002808e-06,0.118043725774999,0.118043725774999
"506","Trimellitic anhydride","552-30-7","Fisher et al. (2019)",0.931,0.998528,"Nicol et al. (HepRG)","Cell-free","Literature","0","A",10,2.26838e-06,192.13,162,1.46,-10.2,15754.66,3.3,-0.0310503190186574,-0.000639752450767579,0.0304105665678898,0.0304105665678898
"507","Verapamil hydrochloride","152-11-4","Fisher et al. (2019)",0.563,0.44382,"Nicol et al. (HepRG)","Cell-free","Literature","0","B",10,0.047393263,454.6,200,4.48,-16.2,2.29573,9.2,-0.249491605148654,-0.352793130914448,-0.103301525765795,0.103301525765795
"508","Warfarin","129-06-6","Fisher et al. (2019)",0.388,0.985816,"Nicol et al. (HepRG)","Cell-free","Literature","0","N",10,3.76458e-06,308.33,175,2.48,-11.6,82.94077,NA,-0.411168274405793,-0.006204137433759,0.404964136972034,0.404964136972034
"509","Azathioprine","446-86-6","Fisher et al. (2019)",0.95,0.999468,"Nicol et al. (MCF7)","Cell-free","Literature","0","A",10,0.004962684,277.26,244,0.1,-15.1,100.09086,8.2,-0.0222763947111523,-0.000231106144059005,0.0220452885670932,0.0220452885670932
"510","Benzocaine","94-09-7","Fisher et al. (2019)",0.81,0.961138,"Nicol et al. (MCF7)","Cell-free","Literature","0","N",10,0.000299031,165.19,92,1.86,-6.33,834.2095,NA,-0.0915149811213502,-0.0172142519404675,0.0743007291808827,0.0743007291808827
"511","Butylated hydroxyanisole","25013-16-5","Fisher et al. (2019)",0.254,0.344283,"Nicol et al. (MCF7)","Cell-free","Literature","0","N",10,NA,180.24,64.9,3.42,-4.8,358.6776,NA,-0.595166283380062,-0.46308442135129,0.132081862028772,0.132081862028772
"512","Cetirizine dihydrochloride","83881-52-1","Fisher et al. (2019)",0.638,0.997594,"Nicol et al. (MCF7)","Cell-free","Literature","0","A",10,1.061e-05,388.89,249,0.715,-16.6,443.3346,4.7,-0.195179321278838,-0.00104617157314608,0.194133149705692,0.194133149705692
"513","Chlorpyrifos","2921-88-2","Fisher et al. (2019)",0.005,0.0161997,"Nicol et al. (MCF7)","Cell-free","Literature","1","N",10,0.297,350.59,42,4.96,-4.17,1.1499352,NA,-2.30102999566398,-1.79049302802224,0.510536967641738,0.510536967641738
"514","Cyclamate","139-05-9","Fisher et al. (2019)",0.417,0.999901,"Nicol et al. (MCF7)","Cell-free","Literature","0","B",10,0.001431254,179.24,107,-0.585,-9.77,874691.2,17.6,-0.379863945026242,-4.29972821089888e-05,0.379820947744133,0.379820947744133
"515","Cyclophosphamide","6055-19-2","Fisher et al. (2019)",0.8,0.99771,"Nicol et al. (MCF7)","Cell-free","Literature","0","B",10,0.1061003,261.09,61.5,0.695,-10.2,46212.93,6.1,-0.0969100130080564,-0.000995674846875265,0.0959143381611811,0.0959143381611811
"516","Cypermethrin","67375-30-8","Fisher et al. (2019)",0.005,0.00190296,"Nicol et al. (MCF7)","Cell-free","Literature","1","N",10,0.000211698,416.3,102,6.62,-6.45,0.01477865,NA,-2.30102999566398,-2.72057034043702,-0.41954034477304,0.41954034477304
"517","DEET","134-62-3","Fisher et al. (2019)",0.815,0.918253,"Nicol et al. (MCF7)","Cell-free","Literature","0","N",10,0.014645918,191.27,-45,2.18,-6.57,916.1833,NA,-0.0888423912600234,-0.037037644108378,0.0518047471516454,0.0518047471516454
"518","Dexamethasone","50-02-2","Fisher et al. (2019)",0.702,0.95522,"Nicol et al. (MCF7)","Cell-free","Literature","0","N",10,6.69448e-06,392.46,248,1.92,-18.8,78.492,NA,-0.153662887870195,-0.0198965930418558,0.133766294828339,0.133766294828339
"519","Digoxin","20830-75-5","Fisher et al. (2019)",0.654,0.990866,"Nicol et al. (MCF7)","Cell-free","Literature","0","N",10,1.33572e-05,780.94,426,1.26,-30.7,59.195252,NA,-0.184422251675733,-0.00398507346168345,0.180437178214049,0.180437178214049
"520","Fenazaquin","120928-09-8","Fisher et al. (2019)",0.005,0.00909451,"Nicol et al. (MCF7)","Cell-free","Literature","1","N",10,0.136683664,306.4,78.5,5.51,-7.24,0.1495232,NA,-2.30102999566398,-2.04122069517431,0.25980930048967,0.25980930048967
"521","Fenbuconazole","114369-43-6","Fisher et al. (2019)",0.162,0.456493,"Nicol et al. (MCF7)","Cell-free","Literature","0","N",10,0.394199993,336.82,125,3.23,-10,0.3738702,NA,-0.790484985457369,-0.340565877679916,0.449919107777453,0.449919107777453
"522","Fluazinam","79622-59-6","Fisher et al. (2019)",0.005,0.108718,"Nicol et al. (MCF7)","Cell-free","Literature","0","N",10,1.60589e-06,465.09,113,4.01,-4.7,0.4883445,NA,-2.30102999566398,-0.963698545577927,1.33733145008605,1.33733145008605
"523","Furosemide","54-31-9","Fisher et al. (2019)",0.521,0.942578,"Nicol et al. (MCF7)","Cell-free","Literature","0","A",10,2.54517e-05,330.74,261,2.03,-16.3,43.98842,3,-0.283162276700476,-0.0256827009970312,0.257479575703444,0.257479575703444
"524","Glybenclamide","10238-21-8","Fisher et al. (2019)",0.116,0.0180188,"Nicol et al. (MCF7)","Cell-free","Literature","0","A",10,1.93071e-05,494,169,4.85,-18,4.00634,5,-0.935542010773082,-1.74427413515116,-0.808732124378078,0.808732124378078
"525","HC Red 3","2871-01-4","Fisher et al. (2019)",0.91,0.999427,"Nicol et al. (MCF7)","Cell-free","Literature","0","N",10,0.0090306,197.19,152,0.13,-11.8,121074.66,NA,-0.0409586076789064,-0.000248922061113738,0.0407096856177926,0.0407096856177926
"526","Hydralazine hydrochloride","304-20-1","Fisher et al. (2019)",0.14,0.997535,"Nicol et al. (MCF7)","Cell-free","Literature","1","B",10,0.004422997,160.18,163,0.725,-11.6,211437.6,6,-0.853871964321762,-0.00107185750567453,0.852800106816087,0.852800106816087
"527","Ibuprofen","15687-27-1","Fisher et al. (2019)",0.169,0.197806,"Nicol et al. (MCF7)","Cell-free","Literature","0","A",10,0.00824,206.28,89.1,3.73,-6.22,35.68644,5.4,-0.772113295386326,-0.70376053919298,0.0683527561933465,0.0683527561933465
"528","Ketoconazole","65277-42-1","Fisher et al. (2019)",0.279,0.0499446,"Nicol et al. (MCF7)","Cell-free","Literature","0","B",10,0.004526021,531.43,146,4.35,-20,83.96594,6.6,-0.554395796726402,-1.30151146073086,-0.747115664004459,0.747115664004459
"529","Metformin","1115-70-4","Fisher et al. (2019)",0.441,0.999951,"Nicol et al. (MCF7)","Cell-free","Our data","0","B",10,0.000359515,129.16,74.3,-0.87,-9.13,1016489.2,9.6,-0.355561410532161,-2.1280951000802e-05,0.355540129581161,0.355540129581161
"530","Metoclopramide","364-62-5","Fisher et al. (2019)",0.876,0.791293,"Nicol et al. (MCF7)","Cell-free","Our data","0","B",10,2.0217e-05,299.8,147,2.62,-12.3,174.7834,9,-0.0574958938319193,-0.101662676146394,-0.044166782314475,0.044166782314475
"531","Nitrofurantoin","67-20-9","Fisher et al. (2019)",0.968,0.999868,"Nicol et al. (MCF7)","Cell-free","Our data","0","A",10,0.001464592,238.16,263,-0.47,-12.7,96.21664,7.3,-0.0141246426916063,-5.73306555177521e-05,0.0140673120360886,0.0140673120360886
"532","Oxytetracycline hydrochloride","2058-46-0","Fisher et al. (2019)",0.95,0.99999,"Nicol et al. (MCF7)","Cell-free","Our data","0","A",10,1.36684e-06,460.43,460,-1.53,-28.9,501868.7,4.5,-0.0222763947111523,-4.34296653388161e-06,0.0222720517446184,0.0222720517446184
"533","Panthenol","16485-10-2 ","Fisher et al. (2019)",0.268,0.999954,"Nicol et al. (MCF7)","Cell-free","Our data","0","N",10,0.001163367,205.25,164,-0.895,-15,1034460,NA,-0.571865205971211,-1.99780056651986e-05,0.571845227965546,0.571845227965546
"534","Paracetamol","103-90-2","Fisher et al. (2019)",0.638,0.998713,"Nicol et al. (MCF7)","Cell-free","Our data","0","N",10,0.000583065,151.16,170,0.46,-10.9,14224.156,NA,-0.195179321278838,-0.000559296983068007,0.19462002429577,0.19462002429577
"535","Topiramate","97240-79-4","Fisher et al. (2019)",0.95,0.999986,"Nicol et al. (MCF7)","Cell-free","Our data","0","A",10,0.00094562,339.36,165,-1.39,-18,264022.08,9.2,-0.0222763947111523,-6.08016530788396e-06,0.0222703145458444,0.0222703145458444
"536","Trimellitic anhydride","552-30-7","Fisher et al. (2019)",0.91,0.985138,"Nicol et al. (MCF7)","Cell-free","Our data","0","A",10,2.26838e-06,192.13,162,1.46,-10.2,15754.66,3.3,-0.0409586076789064,-0.0065029284459743,0.0344556792329321,0.0344556792329321
"537","Verapamil hydrochloride","152-11-4","Fisher et al. (2019)",0.625,0.0367019,"Nicol et al. (MCF7)","Cell-free","Our data","0","B",10,0.047393263,454.6,200,4.48,-16.2,2.29573,9.2,-0.204119982655925,-1.43531145241939,-1.23119146976347,1.23119146976347
"538","Warfarin","129-06-6","Fisher et al. (2019)",0.412,0.842695,"Nicol et al. (MCF7)","Cell-free","Our data","0","N",10,3.76458e-06,308.33,175,2.48,-11.6,82.94077,NA,-0.385102783966865,-0.0743295828900227,0.310773201076843,0.310773201076843
"539","2,4-Dinitrophenol","51-28-5","Armitage et al. (2021)",0.302633333333333,0.98424468,"Valdiviezo et al.(10 uM - Single)","Cell-free","Our data","0","A",10,0.00871,184.11,116,1.67,-6.32,1441.5813,4.1,-0.519083238621326,-0.00689692396256179,0.512186314658764,0.512186314658764
"540","Aldrin","309-00-2","Armitage et al. (2021)",0.00166666666666667,0.001688498,"Valdiviezo et al.(10 uM - Single)","Cell-free","Our data","0","N",10,4.46,364.91,129,6.5,-1.68,0.026310011,NA,-2.77815125038364,-2.77249944944342,0.005651800940222,0.005651800940222
"541","Azinphos-methyl","86-50-0","Armitage et al. (2021)",0.420233333333333,0.751124197,"Valdiviezo et al.(10 uM - Single)","Cell-free","Our data","0","N",10,0.0101,317.32,73,2.75,-13.3,23.132628,NA,-0.376509501885872,-0.124288247267146,0.252221254618726,0.252221254618726
"542","Chlorpyrifos","2921-88-2","Armitage et al. (2021)",0.00266666666666667,0.020494249,"Valdiviezo et al.(10 uM - Single)","Cell-free","Our data","0","N",10,0.297,350.59,42,4.96,-4.17,1.1499352,NA,-2.57403126772772,-1.6883679915281,0.885663276199623,0.885663276199623
"543","DDD-p,p'","50-29-3","Armitage et al. (2021)",0.00316666666666667,0.000785969,"Valdiviezo et al.(10 uM - Single)","Cell-free","Our data","0","N",10,0.843,354.49,108,6.91,-3.82,0.006699861,NA,-2.49939764943081,-3.10459458296115,-0.605196933530338,0.605196933530338
"544","DDT-o,p'","789-02-6","Armitage et al. (2021)",0.00163333333333333,0.001601495,"Valdiviezo et al.(10 uM - Single)","Cell-free","Our data","0","N",10,1.45,354.49,116,6.56,-3.95,0.07656984,NA,-2.78692517469115,-2.79547441290138,-0.00854923821022791,0.00854923821022791
"545","DDT-p,p'","72-54-8","Armitage et al. (2021)",0.00123333333333333,0.003657721,"Valdiviezo et al.(10 uM - Single)","Cell-free","Our data","0","N",10,0.669,320.04,110,6.12,-3.32,0.09025128,NA,-2.90891953065267,-2.43678942427827,0.472130106374393,0.472130106374393
"546","Diazinon","333-41-5","Armitage et al. (2021)",0.0682333333333333,0.180830072,"Valdiviezo et al.(10 uM - Single)","Cell-free","Our data","0","N",10,0.0114,304.35,52.6,3.81,-5.17,47.4786,NA,-1.16600341205716,-0.742729344780714,0.423274067276443,0.423274067276443
"547","Dicofol","115-32-2","Armitage et al. (2021)",0.0166,0.019098923,"Valdiviezo et al.(10 uM - Single)","Cell-free","Our data","0","N",10,0.000149,370.49,77.5,5.02,-6.03,0.8632417,NA,-1.77989191195995,-1.7189911221944,0.0609007897655418,0.0609007897655418
"548","Dieldrin","60-57-1","Armitage et al. (2021)",0.0159,0.016828252,"Valdiviezo et al.(10 uM - Single)","Cell-free","Our data","0","N",10,0.829,380.91,202,5.12,-4.26,0.20835777,NA,-1.79860287567955,-1.7739609931258,0.024641882553744,0.024641882553744
"549","Disulfoton","298-04-4","Armitage et al. (2021)",0.722033333333333,0.116378695,"Valdiviezo et al.(10 uM - Single)","Cell-free","Our data","0","N",10,0.483,274.4,-25,4.02,-5.26,18.05552,NA,-0.141442752363097,-0.934126517029844,-0.792683764666747,0.792683764666747
"550","Endosulfan I","115-29-7","Armitage et al. (2021)",0.0263666666666667,0.173440566,"Valdiviezo et al.(10 uM - Single)","Cell-free","Our data","0","N",10,2.45,406.93,106,3.83,-4.96,0.40570921,NA,-1.57894477122199,-0.760849317877664,0.818095453344322,0.818095453344322
"551","Endrin","72-20-8","Armitage et al. (2021)",0.0164333333333333,0.011093111,"Valdiviezo et al.(10 uM - Single)","Cell-free","Our data","0","N",10,0.829,380.91,144,5.43,-4.26,0.05180376,NA,-1.78427433544243,-1.95494664134744,-0.170672305905007,0.170672305905007
"552","Ethion","563-12-2","Armitage et al. (2021)",0.00425,0.01795241,"Valdiviezo et al.(10 uM - Single)","Cell-free","Our data","0","N",10,0.0457,384.48,-13,5.07,-7.25,1.7340048,NA,-2.37161106994969,-1.7458772418241,0.625733828125593,0.625733828125593
"553","Heptachlor","76-44-8","Armitage et al. (2021)",0.00446666666666667,0.003771351,"Valdiviezo et al.(10 uM - Single)","Cell-free","Our data","0","N",10,29.8,373.32,95.5,6.1,-2.92,0.14223492,NA,-2.35001645635485,-2.42350304588416,-0.0734865895293026,0.0734865895293026
"554","Heptachlor epoxide B","1024-57-3","Armitage et al. (2021)",0.0279,0.020041683,"Valdiviezo et al.(10 uM - Single)","Cell-free","Our data","0","N",10,2.13,389.32,160,4.98,-4.75,0.22308036,NA,-1.5543957967264,-1.69806581140146,-0.143670014675057,0.143670014675057
"555","Lindane","58-89-9","Armitage et al. (2021)",0.3132,0.203587666,"Valdiviezo et al.(10 uM - Single)","Cell-free","Our data","0","N",10,0.322,290.83,75.2,3.72,-3.77,4.449699,NA,-0.504178246614094,-0.691248536504219,-0.187070289890125,0.187070289890125
"556","Methoxychlor-o,p'","72-43-5","Armitage et al. (2021)",0.00556666666666667,0.017728986,"Valdiviezo et al.(10 uM - Single)","Cell-free","Our data","0","N",10,0.0206,345.65,87,5.08,-6.7,0.08468425,NA,-2.25440478357208,-1.75131610293252,0.503088680639556,0.503088680639556
"557","Parathion","56-38-2","Armitage et al. (2021)",0.0631666666666667,0.173924735,"Valdiviezo et al.(10 uM - Single)","Cell-free","Our data","0","N",10,0.0302,291.26,6.1,3.83,-5.78,12.728062,NA,-1.19951204041557,-0.759638649681541,0.43987339073403,0.43987339073403
"558","Trifluralin","1582-09-8","Armitage et al. (2021)",0.0145666666666667,0.012483707,"Valdiviezo et al.(10 uM - Single)","Cell-free","Our data","0","N",10,10.4,335.28,49,5.34,-3.39,0.28632912,NA,-1.83663981774924,-1.9036564330359,-0.0670166152866603,0.0670166152866603
"559","2,4-Dinitrophenol","51-28-5","Armitage et al. (2021)",0.0967666666666667,0.98424468,"Valdiviezo et al.(1 uM - Single)","Cell-free","Our data","0","A",1,0.00871,184.11,116,1.67,-6.32,1441.5813,4.1,-1.01427421888799,-0.00689692396256179,1.00737729492543,1.00737729492543
"560","Aldrin","309-00-2","Armitage et al. (2021)",0.0066,0.001688498,"Valdiviezo et al.(1 uM - Single)","Cell-free","Our data","0","N",1,4.46,364.91,129,6.5,-1.68,0.026310011,NA,-2.18045606445813,-2.77249944944342,-0.592043384985291,0.592043384985291
"561","Azinphos-methyl","86-50-0","Armitage et al. (2021)",0.3653,0.751124197,"Valdiviezo et al.(1 uM - Single)","Cell-free","Our data","0","N",1,0.0101,317.32,73,2.75,-13.3,23.132628,NA,-0.437350327788083,-0.124288247267146,0.313062080520937,0.313062080520937
"562","Chlorpyrifos","2921-88-2","Armitage et al. (2021)",0.00373333333333333,0.020494249,"Valdiviezo et al.(1 uM - Single)","Cell-free","Our data","0","N",1,0.297,350.59,42,4.96,-4.17,1.1499352,NA,-2.42790323204948,-1.6883679915281,0.739535240521385,0.739535240521385
"563","DDD-p,p'","50-29-3","Armitage et al. (2021)",0.0024,0.000785969,"Valdiviezo et al.(1 uM - Single)","Cell-free","Our data","0","N",1,0.843,354.49,108,6.91,-3.82,0.006699861,NA,-2.61978875828839,-3.10459458296115,-0.484805824672758,0.484805824672758
"564","DDT-o,p'","789-02-6","Armitage et al. (2021)",0.0039,0.001601495,"Valdiviezo et al.(1 uM - Single)","Cell-free","Our data","0","N",1,1.45,354.49,116,6.56,-3.95,0.07656984,NA,-2.4089353929735,-2.79547441290138,-0.386539019927876,0.386539019927876
"565","DDT-p,p'","72-54-8","Armitage et al. (2021)",0.0015,0.003657721,"Valdiviezo et al.(1 uM - Single)","Cell-free","Our data","0","N",1,0.669,320.04,110,6.12,-3.32,0.09025128,NA,-2.82390874094432,-2.43678942427827,0.387119316666044,0.387119316666044
"566","Diazinon","333-41-5","Armitage et al. (2021)",0.0183,0.180830072,"Valdiviezo et al.(1 uM - Single)","Cell-free","Our data","0","N",1,0.0114,304.35,52.6,3.81,-5.17,47.4786,NA,-1.73754891026957,-0.742729344780714,0.994819565488857,0.994819565488857
"567","Dicofol","115-32-2","Armitage et al. (2021)",0.0281333333333333,0.019098923,"Valdiviezo et al.(1 uM - Single)","Cell-free","Our data","0","N",1,0.000149,370.49,77.5,5.02,-6.03,0.8632417,NA,-1.55077880809401,-1.7189911221944,-0.168212314100396,0.168212314100396
"568","Dieldrin","60-57-1","Armitage et al. (2021)",0.0186666666666667,0.016828252,"Valdiviezo et al.(1 uM - Single)","Cell-free","Our data","0","N",1,0.829,380.91,202,5.12,-4.26,0.20835777,NA,-1.72893322771346,-1.7739609931258,-0.0450277654123423,0.0450277654123423
"569","Disulfoton","298-04-4","Armitage et al. (2021)",0.6044,0.116378695,"Valdiviezo et al.(1 uM - Single)","Cell-free","Our data","0","N",1,0.483,274.4,-25,4.02,-5.26,18.05552,NA,-0.218675544333012,-0.934126517029844,-0.715450972696832,0.715450972696832
"570","Endosulfan I","115-29-7","Armitage et al. (2021)",0.0240333333333333,0.173440566,"Valdiviezo et al.(1 uM - Single)","Cell-free","Our data","0","N",1,2.45,406.93,106,3.83,-4.96,0.40570921,NA,-1.61918599000023,-0.760849317877664,0.85833667212257,0.85833667212257
"571","Endrin","72-20-8","Armitage et al. (2021)",0.0227666666666667,0.011093111,"Valdiviezo et al.(1 uM - Single)","Cell-free","Our data","0","N",1,0.829,380.91,144,5.43,-4.26,0.05180376,NA,-1.64270055103813,-1.95494664134744,-0.31224609030931,0.31224609030931
"572","Ethion","563-12-2","Armitage et al. (2021)",0.0012,0.01795241,"Valdiviezo et al.(1 uM - Single)","Cell-free","Our data","0","N",1,0.0457,384.48,-13,5.07,-7.25,1.7340048,NA,-2.92081875395238,-1.7458772418241,1.17494151212828,1.17494151212828
"573","Heptachlor","76-44-8","Armitage et al. (2021)",0.0099,0.003771351,"Valdiviezo et al.(1 uM - Single)","Cell-free","Our data","0","N",1,29.8,373.32,95.5,6.1,-2.92,0.14223492,NA,-2.00436480540245,-2.42350304588416,-0.419138240481708,0.419138240481708
"574","Heptachlor epoxide B","1024-57-3","Armitage et al. (2021)",0.0290666666666667,0.020041683,"Valdiviezo et al.(1 uM - Single)","Cell-free","Our data","0","N",1,2.13,389.32,160,4.98,-4.75,0.22308036,NA,-1.5366047697871,-1.69806581140146,-0.161461041614364,0.161461041614364
"575","Lindane","58-89-9","Armitage et al. (2021)",0.225766666666667,0.203587666,"Valdiviezo et al.(1 uM - Single)","Cell-free","Our data","0","N",1,0.322,290.83,75.2,3.72,-3.77,4.449699,NA,-0.646340179113301,-0.691248536504219,-0.0449083573909179,0.0449083573909179
"576","Methoxychlor-o,p'","72-43-5","Armitage et al. (2021)",0.0068,0.017728986,"Valdiviezo et al.(1 uM - Single)","Cell-free","Our data","0","N",1,0.0206,345.65,87,5.08,-6.7,0.08468425,NA,-2.16749108729376,-1.75131610293252,0.416174984361241,0.416174984361241
"577","Parathion","56-38-2","Armitage et al. (2021)",0.0792,0.173924735,"Valdiviezo et al.(1 uM - Single)","Cell-free","Our data","0","N",1,0.0302,291.26,6.1,3.83,-5.78,12.728062,NA,-1.10127481841051,-0.759638649681541,0.341636168728966,0.341636168728966
"578","Trifluralin","1582-09-8","Armitage et al. (2021)",0.0243333333333333,0.012483707,"Valdiviezo et al.(1 uM - Single)","Cell-free","Our data","0","N",1,10.4,335.28,49,5.34,-3.39,0.28632912,NA,-1.61379839459921,-1.9036564330359,-0.289858038436694,0.289858038436694
"579","2,4-Dinitrophenol","51-28-5","Armitage et al. (2021)",0.385966666666667,0.98424468,"Valdiviezo et al.(10 uM- Mixture)","Cell-free","Our data","0","A",10,0.00871,184.11,116,1.67,-6.32,1441.5813,4.1,-0.413450200788945,-0.00689692396256179,0.406553276826383,0.406553276826383
"580","Aldrin","309-00-2","Armitage et al. (2021)",0.00103333333333333,0.001688498,"Valdiviezo et al.(10 uM- Mixture)","Cell-free","Our data","0","N",10,4.46,364.91,129,6.5,-1.68,0.026310011,NA,-2.98575956088539,-2.77249944944342,0.213260111441968,0.213260111441968
"581","Azinphos-methyl","86-50-0","Armitage et al. (2021)",0.4386,0.751124197,"Valdiviezo et al.(10 uM- Mixture)","Cell-free","Our data","0","N",10,0.0101,317.32,73,2.75,-13.3,23.132628,NA,-0.357931372658496,-0.124288247267146,0.23364312539135,0.23364312539135
"582","Chlorpyrifos","2921-88-2","Armitage et al. (2021)",0.000766666666666667,0.020494249,"Valdiviezo et al.(10 uM- Mixture)","Cell-free","Our data","0","N",10,0.297,350.59,42,4.96,-4.17,1.1499352,NA,-3.11539341870207,-1.6883679915281,1.42702542717397,1.42702542717397
"583","DDD-p,p'","50-29-3","Armitage et al. (2021)",0.0012,0.000785969,"Valdiviezo et al.(10 uM- Mixture)","Cell-free","Our data","0","N",10,0.843,354.49,108,6.91,-3.82,0.006699861,NA,-2.92081875395238,-3.10459458296115,-0.183775829008777,0.183775829008777
"584","DDT-o,p'","789-02-6","Armitage et al. (2021)",0.00376666666666667,0.001601495,"Valdiviezo et al.(10 uM- Mixture)","Cell-free","Our data","0","N",10,1.45,354.49,116,6.56,-3.95,0.07656984,NA,-2.42404281123624,-2.79547441290138,-0.371431601665134,0.371431601665134
"585","DDT-p,p'","72-54-8","Armitage et al. (2021)",4e-04,0.003657721,"Valdiviezo et al.(10 uM- Mixture)","Cell-free","Our data","0","N",10,0.669,320.04,110,6.12,-3.32,0.09025128,NA,-3.39794000867204,-2.43678942427827,0.961150584393763,0.961150584393763
"586","Diazinon","333-41-5","Armitage et al. (2021)",0.0547666666666667,0.180830072,"Valdiviezo et al.(10 uM- Mixture)","Cell-free","Our data","0","N",10,0.0114,304.35,52.6,3.81,-5.17,47.4786,NA,-1.2614836912846,-0.742729344780714,0.518754346503887,0.518754346503887
"587","Dicofol","115-32-2","Armitage et al. (2021)",0.0165333333333333,0.019098923,"Valdiviezo et al.(10 uM- Mixture)","Cell-free","Our data","0","N",10,0.000149,370.49,77.5,5.02,-6.03,0.8632417,NA,-1.78163957822946,-1.7189911221944,0.0626484560350618,0.0626484560350618
"588","Dieldrin","60-57-1","Armitage et al. (2021)",0.0104,0.016828252,"Valdiviezo et al.(10 uM- Mixture)","Cell-free","Our data","0","N",10,0.829,380.91,202,5.12,-4.26,0.20835777,NA,-1.98296666070122,-1.7739609931258,0.209005667575415,0.209005667575415
"589","Disulfoton","298-04-4","Armitage et al. (2021)",0.8419,0.116378695,"Valdiviezo et al.(10 uM- Mixture)","Cell-free","Our data","0","N",10,0.483,274.4,-25,4.02,-5.26,18.05552,NA,-0.0747394904805647,-0.934126517029844,-0.859387026549279,0.859387026549279
"590","Endosulfan I","115-29-7","Armitage et al. (2021)",0.0107,0.173440566,"Valdiviezo et al.(10 uM- Mixture)","Cell-free","Our data","0","N",10,2.45,406.93,106,3.83,-4.96,0.40570921,NA,-1.97061622231479,-0.760849317877664,1.20976690443713,1.20976690443713
"591","Endrin","72-20-8","Armitage et al. (2021)",0.0104666666666667,0.011093111,"Valdiviezo et al.(10 uM- Mixture)","Cell-free","Our data","0","N",10,0.829,380.91,144,5.43,-4.26,0.05180376,NA,-1.98019160664645,-1.95494664134744,0.0252449652990079,0.0252449652990079
"592","Ethion","563-12-2","Armitage et al. (2021)",0.00106666666666667,0.01795241,"Valdiviezo et al.(10 uM- Mixture)","Cell-free","Our data","0","N",10,0.0457,384.48,-13,5.07,-7.25,1.7340048,NA,-2.97197127639976,-1.7458772418241,1.22609403457566,1.22609403457566
"593","Heptachlor","76-44-8","Armitage et al. (2021)",0.00256666666666667,0.003771351,"Valdiviezo et al.(10 uM- Mixture)","Cell-free","Our data","0","N",10,29.8,373.32,95.5,6.1,-2.92,0.14223492,NA,-2.59063052954718,-2.42350304588416,0.167127483663023,0.167127483663023
"594","Heptachlor epoxide B","1024-57-3","Armitage et al. (2021)",0.0179,0.020041683,"Valdiviezo et al.(10 uM- Mixture)","Cell-free","Our data","0","N",10,2.13,389.32,160,4.98,-4.75,0.22308036,NA,-1.74714696902011,-1.69806581140146,0.0490811576186476,0.0490811576186476
"595","Lindane","58-89-9","Armitage et al. (2021)",0.2754,0.203587666,"Valdiviezo et al.(10 uM- Mixture)","Cell-free","Our data","0","N",10,0.322,290.83,75.2,3.72,-3.77,4.449699,NA,-0.560036064079095,-0.691248536504219,-0.131212472425124,0.131212472425124
"596","Methoxychlor-o,p'","72-43-5","Armitage et al. (2021)",0.00303333333333333,0.017728986,"Valdiviezo et al.(10 uM- Mixture)","Cell-free","Our data","0","N",10,0.0206,345.65,87,5.08,-6.7,0.08468425,NA,-2.51807986239857,-1.75131610293252,0.766763759466046,0.766763759466046
"597","Parathion","56-38-2","Armitage et al. (2021)",0.0724,0.173924735,"Valdiviezo et al.(10 uM- Mixture)","Cell-free","Our data","0","N",10,0.0302,291.26,6.1,3.83,-5.78,12.728062,NA,-1.14026143380285,-0.759638649681541,0.380622784121312,0.380622784121312
"598","Trifluralin","1582-09-8","Armitage et al. (2021)",0.00946666666666667,0.012483707,"Valdiviezo et al.(10 uM- Mixture)","Cell-free","Our data","0","N",10,10.4,335.28,49,5.34,-3.39,0.28632912,NA,-2.02380291467262,-1.9036564330359,0.120146481636724,0.120146481636724
"599","2,4-Dinitrophenol","51-28-5","Armitage et al. (2021)",0.0502,0.98424468,"Valdiviezo et al.(1 uM- Mixture)","Cell-free","Our data","0","A",1,0.00871,184.11,116,1.67,-6.32,1441.5813,4.1,-1.29929628285498,-0.00689692396256179,1.29239935889242,1.29239935889242
"600","Aldrin","309-00-2","Armitage et al. (2021)",0.00413333333333333,0.001688498,"Valdiviezo et al.(1 uM- Mixture)","Cell-free","Our data","0","N",1,4.46,364.91,129,6.5,-1.68,0.026310011,NA,-2.38369956955743,-2.77249944944342,-0.388799879885994,0.388799879885994
"601","Azinphos-methyl","86-50-0","Armitage et al. (2021)",0.441133333333333,0.751124197,"Valdiviezo et al.(1 uM- Mixture)","Cell-free","Our data","0","N",1,0.0101,317.32,73,2.75,-13.3,23.132628,NA,-0.355430124412086,-0.124288247267146,0.23114187714494,0.23114187714494
"602","Chlorpyrifos","2921-88-2","Armitage et al. (2021)",0.000966666666666667,0.020494249,"Valdiviezo et al.(1 uM- Mixture)","Cell-free","Our data","0","N",1,0.297,350.59,42,4.96,-4.17,1.1499352,NA,-3.01472325682071,-1.6883679915281,1.32635526529261,1.32635526529261
"603","DDD-p,p'","50-29-3","Armitage et al. (2021)",0.00173333333333333,0.000785969,"Valdiviezo et al.(1 uM- Mixture)","Cell-free","Our data","0","N",1,0.843,354.49,108,6.91,-3.82,0.006699861,NA,-2.76111791108486,-3.10459458296115,-0.343476671876289,0.343476671876289
"604","DDT-o,p'","789-02-6","Armitage et al. (2021)",0.0031,0.001601495,"Valdiviezo et al.(1 uM- Mixture)","Cell-free","Our data","0","N",1,1.45,354.49,116,6.56,-3.95,0.07656984,NA,-2.50863830616573,-2.79547441290138,-0.286836106735649,0.286836106735649
"605","DDT-p,p'","72-54-8","Armitage et al. (2021)",0.00166666666666667,0.003657721,"Valdiviezo et al.(1 uM- Mixture)","Cell-free","Our data","0","N",1,0.669,320.04,110,6.12,-3.32,0.09025128,NA,-2.77815125038364,-2.43678942427827,0.341361826105369,0.341361826105369
"606","Diazinon","333-41-5","Armitage et al. (2021)",0.0603333333333333,0.180830072,"Valdiviezo et al.(1 uM- Mixture)","Cell-free","Our data","0","N",1,0.0114,304.35,52.6,3.81,-5.17,47.4786,NA,-1.21944267985048,-0.742729344780714,0.476713335069764,0.476713335069764
"607","Dicofol","115-32-2","Armitage et al. (2021)",0.00786666666666667,0.019098923,"Valdiviezo et al.(1 uM- Mixture)","Cell-free","Our data","0","N",1,0.000149,370.49,77.5,5.02,-6.03,0.8632417,NA,-2.10420925174956,-1.7189911221944,0.385218129555153,0.385218129555153
"608","Dieldrin","60-57-1","Armitage et al. (2021)",0.0215333333333333,0.016828252,"Valdiviezo et al.(1 uM- Mixture)","Cell-free","Our data","0","N",1,0.829,380.91,202,5.12,-4.26,0.20835777,NA,-1.66688873672458,-1.7739609931258,-0.107072256401226,0.107072256401226
"609","Disulfoton","298-04-4","Armitage et al. (2021)",0.914333333333333,0.116378695,"Valdiviezo et al.(1 uM- Mixture)","Cell-free","Our data","0","N",1,0.483,274.4,-25,4.02,-5.26,18.05552,NA,-0.038895447115133,-0.934126517029844,-0.895231069914711,0.895231069914711
"610","Endosulfan I","115-29-7","Armitage et al. (2021)",0.0221,0.173440566,"Valdiviezo et al.(1 uM- Mixture)","Cell-free","Our data","0","N",1,2.45,406.93,106,3.83,-4.96,0.40570921,NA,-1.65560772631489,-0.760849317877664,0.894758408437226,0.894758408437226
"611","Endrin","72-20-8","Armitage et al. (2021)",0.0226666666666667,0.011093111,"Valdiviezo et al.(1 uM- Mixture)","Cell-free","Our data","0","N",1,0.829,380.91,144,5.43,-4.26,0.05180376,NA,-1.64461234201343,-1.95494664134744,-0.310334299334014,0.310334299334014
"612","Ethion","563-12-2","Armitage et al. (2021)",0.00253333333333333,0.01795241,"Valdiviezo et al.(1 uM- Mixture)","Cell-free","Our data","0","N",1,0.0457,384.48,-13,5.07,-7.25,1.7340048,NA,-2.59630766243887,-1.7458772418241,0.850430420614776,0.850430420614776
"613","Heptachlor","76-44-8","Armitage et al. (2021)",0.00756666666666667,0.003771351,"Valdiviezo et al.(1 uM- Mixture)","Cell-free","Our data","0","N",1,29.8,373.32,95.5,6.1,-2.92,0.14223492,NA,-2.12109539752654,-2.42350304588416,-0.302407648357618,0.302407648357618
"614","Heptachlor epoxide B","1024-57-3","Armitage et al. (2021)",0.0390666666666667,0.020041683,"Valdiviezo et al.(1 uM- Mixture)","Cell-free","Our data","0","N",1,2.13,389.32,160,4.98,-4.75,0.22308036,NA,-1.40819364303759,-1.69806581140146,-0.289872168363869,0.289872168363869
"615","Lindane","58-89-9","Armitage et al. (2021)",0.253266666666667,0.203587666,"Valdiviezo et al.(1 uM- Mixture)","Cell-free","Our data","0","N",1,0.322,290.83,75.2,3.72,-3.77,4.449699,NA,-0.596421965500961,-0.691248536504219,-0.0948265710032583,0.0948265710032583
"616","Methoxychlor-o,p'","72-43-5","Armitage et al. (2021)",0.00706666666666667,0.017728986,"Valdiviezo et al.(1 uM- Mixture)","Cell-free","Our data","0","N",1,0.0206,345.65,87,5.08,-6.7,0.08468425,NA,-2.15078539379091,-1.75131610293252,0.399469290858388,0.399469290858388
"617","Parathion","56-38-2","Armitage et al. (2021)",0.0786333333333333,0.173924735,"Valdiviezo et al.(1 uM- Mixture)","Cell-free","Our data","0","N",1,0.0302,291.26,6.1,3.83,-5.78,12.728062,NA,-1.10439331383407,-0.759638649681541,0.344754664152526,0.344754664152526
"618","Trifluralin","1582-09-8","Armitage et al. (2021)",0.0256333333333333,0.012483707,"Valdiviezo et al.(1 uM- Mixture)","Cell-free","Our data","0","N",1,10.4,335.28,49,5.34,-3.39,0.28632912,NA,-1.59119491491823,-1.9036564330359,-0.31246151811767,0.31246151811767
"619","Caffeine","58-08-2","Armitage et al. (2021)",0.999999,1.00061523,"Huchthausen et al. (ARE)","Human","Literature","0","N",3680,0.157,194.19,238,-0.07,-9.95,21749.28,NA,-4.34294699063126e-07,0.000267108835839431,0.000267543130538494,0.000267543130538494
"620","Lamotrigine","84057-84-1","Armitage et al. (2021)",0.579374276,0.790746652,"Huchthausen et al. (ARE)","Human","Literature","0","B",863,0.000113,256.09,207,2.57,-9.7,249.94384,6.6,-0.237040791215896,-0.101962638199471,0.135078153016425,0.135078153016425
"621","Diclofenac","15307-79-6","Armitage et al. (2021)",0.348993289,1.000785997,"Huchthausen et al. (ARE)","Human","Literature","0","B",89.4,1.6e-05,296.15,284,0.7,-9.05,7.018755,17.6,-0.457182924268014,0.000341220078473468,0.457524144346488,0.457524144346488
"622","2,4-Dichlorophenoxyacetic","94-75-7","Armitage et al. (2021)",0.417721519,0.708975812,"Huchthausen et al. (ARE)","Human","Literature","0","A",316,0.000299,221.04,140,2.81,-7.08,1644.5376,2.7,-0.379113151399393,-0.149368581310756,0.229744570088638,0.229744570088638
"623","(S)-Naproxen","22204-53-1","Armitage et al. (2021)",0.744525547,0.490835934,"Huchthausen et al. (ARE)","Human","Literature","0","A",411,0.000108,230.26,153,3.18,-9.64,13.35508,4.4,-0.128120395654214,-0.309063650169473,-0.180943254515259,0.180943254515259
"624","Ibuprofen","15687-27-1","Armitage et al. (2021)",0.269581749,0.195438249,"Huchthausen et al. (ARE)","Human","Literature","0","A",263,0.00824,206.28,89.1,3.73,-6.22,35.68644,5.4,-0.569309513386322,-0.708990437014175,-0.139680923627853,0.139680923627853
"625","Torasemide","56211-40-6","Armitage et al. (2021)",0.167272727,0.374732544,"Huchthausen et al. (ARE)","Human","Literature","0","A",1100,1.84e-06,348.42,224,3.37,-15.3,79.78818,4,-0.776574862856777,-0.426278588555855,0.350296274300922,0.350296274300922
"626","Warfarin","81-81-2","Armitage et al. (2021)",0.444651163,0.762404151,"Huchthausen et al. (ARE)","Human","Literature","0","A",215,0.000625,308.33,161,2.7,-11.6,29.692179,4.5,-0.351980567435078,-0.117814747795377,0.234165819639701,0.234165819639701
"627","Caffeine","58-08-2","Armitage et al. (2021)",0.754098361,0.999651695,"Huchthausen et al. (PPAR)","Human","Literature","0","N",2440,0.157,194.19,238,-0.07,-9.95,21749.28,NA,-0.122572003130928,-0.000151293289153668,0.122420709841774,0.122420709841774
"628","Lamotrigine","84057-84-1","Armitage et al. (2021)",0.870159453,0.934682881,"Huchthausen et al. (PPAR)","Human","Literature","0","B",439,0.000113,256.09,207,2.57,-9.7,249.94384,6.6,-0.0604011574816199,-0.0293357114723857,0.0310654460092342,0.0310654460092342
"629","Diclofenac","15307-79-6","Armitage et al. (2021)",0.129716981,0.999667337,"Huchthausen et al. (PPAR)","Human","Literature","0","B",2.12,1.6e-05,296.15,284,0.7,-9.05,7.018755,17.6,-0.88700316754068,-0.000144497741092197,0.886858669799587,0.886858669799587
"630","2,4-Dichlorophenoxyacetic","94-75-7","Armitage et al. (2021)",0.463414634,0.923392601,"Huchthausen et al. (PPAR)","Human","Literature","0","A",49.2,0.000299,221.04,140,2.81,-7.08,1644.5376,2.7,-0.334030255904052,-0.0346136097044635,0.299416646199589,0.299416646199589
"631","(S)-Naproxen","22204-53-1","Armitage et al. (2021)",0.261016949,0.827125688,"Huchthausen et al. (PPAR)","Human","Literature","0","A",17.7,0.000108,230.26,153,3.18,-9.64,13.35508,4.4,-0.58333129105949,-0.0824284911037003,0.500902799955789,0.500902799955789
"632","Ibuprofen","15687-27-1","Armitage et al. (2021)",0.474683544,0.546470255,"Huchthausen et al. (PPAR)","Human","Literature","0","A",316,0.00824,206.28,89.1,3.73,-6.22,35.68644,5.4,-0.323595823840671,-0.262433472215525,0.0611623516251465,0.0611623516251465
"633","Torasemide","56211-40-6","Armitage et al. (2021)",0.039076087,0.748610622,"Huchthausen et al. (PPAR)","Human","Literature","0","A",184,1.84e-06,348.42,224,3.37,-15.3,79.78818,4,-1.40808893214343,-0.125744014994427,1.28234491714901,1.28234491714901
"634","Warfarin","81-81-2","Armitage et al. (2021)",0.429752066,0.940624688,"Huchthausen et al. (PPAR)","Human","Literature","0","A",242,0.000625,308.33,161,2.7,-11.6,29.692179,4.5,-0.366782026798576,-0.0265836267791133,0.340198400019463,0.340198400019463
"635","di-n-butylphthalate","84-74-2","Armitage et al. (2021)",0.59,0.416475775,"Tanneberger et al.(Fish RTgill)","Fish","Literature","0","N",0.835586139,0.183,278.34,-35,4.61,-5.26,11.189268,NA,-0.229147988357856,-0.380410254976996,-0.15126226661914,0.15126226661914
"636","hexachlorophene","70-30-4","Armitage et al. (2021)",0.26,0.014164619,"Tanneberger et al.(Fish RTgill)","Fish","Literature","0","A",0.049152126,3.68e-06,406.9,166,7.54,-9.21,140.7874,6.2,-0.585026652029182,-1.84879510264181,-1.26376845061263,1.26376845061263
"637","Caffeine","58-08-2","Armitage et al. (2021)",0.96,0.999896995,"Tanneberger et al.(Fish RTgill)","Fish","Literature","0","N",14037.07518,0.157,194.19,238,-0.07,-9.95,21749.28,NA,-0.0177287669604316,-4.4736807205434e-05,0.0176840301532262,0.0176840301532262
"638","hexamethylenetetramine","100-97-0","Armitage et al. (2021)",0.999999,0.983651643,"Tanneberger et al.(Fish RTgill)","Fish","Literature","0","B",98787.4465,0.0153,140.19,96.3,-1.27,-3.42,999554.7,6.4,-4.34294699063126e-07,-0.00715867830546174,-0.00715824401076268,0.00715824401076268
"639","Malathion","121-75-5","Armitage et al. (2021)",0.99,0.991346816,"Tanneberger et al.(Fish RTgill)","Fish","Literature","0","N",39.34624697,0.000495,330.36,2.8,2.36,-9.87,144.69768,NA,-0.00436480540245009,-0.00377438393529085,0.00059042146715924,0.00059042146715924
"640","pentachlorophenol","87-86-5","Armitage et al. (2021)",0.73,0.959490574,"Tanneberger et al.(Fish RTgill)","Fish","Literature","0","A",0.075103267,0.00248,266.34,174,5.12,-5.02,40.48368,5,-0.136677139879544,-0.0179592874005204,0.118717852479024,0.118717852479024
"641","2,4-dinitrophenol","51-28-5","Armitage et al. (2021)",0.999999,0.999921248,"Tanneberger et al.(Fish RTgill)","Fish","Literature","0","A",4.1281912,0.00871,184.11,116,1.67,-6.32,1441.5813,4.1,-4.34294699063126e-07,-3.42029058301249e-05,-3.37686111310618e-05,3.37686111310618e-05
"642","2,2,2-trichloroethanol","115-20-8","Armitage et al. (2021)",0.94,0.978709665,"Tanneberger et al.(Fish RTgill)","Fish","Literature","0","N",712.8514056,0.597,149.4,19,1.42,-3.34,83215.8,NA,-0.0268721464003014,-0.00934612289454901,0.0175260235057524,0.0175260235057524
"643","parathion ethyl","56-38-2","Armitage et al. (2021)",0.77,0.806289352,"Tanneberger et al.(Fish RTgill)","Fish","Literature","0","N",2.883625129,0.0302,291.26,6.1,3.83,-5.78,12.728062,NA,-0.113509274827518,-0.0935090755326305,0.0200001992948876,0.0200001992948876
"644","diethylphthalate","84-66-2","Armitage et al. (2021)",0.91,0.989417086,"Tanneberger et al.(Fish RTgill)","Fish","Literature","0","N",310.5310531,0.00237,222.24,-40.5,2.44,-5.26,1037.8608,NA,-0.0409586076789064,-0.00462059418262465,0.0363380134962817,0.0363380134962817
"645","4-chlorophenol","106-48-9","Armitage et al. (2021)",0.87,0.990038609,"Tanneberger et al.(Fish RTgill)","Fish","Literature","0","N",93.3125972,0.0639,128.56,42.7,2.39,-4.8,24554.96,NA,-0.0604807473813815,-0.00434786868659243,0.056132878694789,0.056132878694789
"646","permethrin","52645-53-1","Armitage et al. (2021)",0.29,0.006928419,"Tanneberger et al.(Fish RTgill)","Fish","Literature","0","N",23.00025556,0.00243,391.29,34,6.5,-6.61,0.08373606,NA,-0.537602002101044,-2.1593658559957,-1.62176385389465,1.62176385389465
"647","Aniline","62-53-3","Armitage et al. (2021)",0.999999,0.997209305,"Tanneberger et al.(Fish RTgill)","Fish","Literature","0","N",4749.731472,0.205,93.13,-6,0.9,-4.27,36041.31,NA,-4.34294699063126e-07,-0.00121367773013724,-0.00121324343543817,0.00121324343543817
"648","disulfoton","298-04-4","Armitage et al. (2021)",0.54,0.730317017,"Tanneberger et al.(Fish RTgill)","Fish","Literature","0","N",9.110787172,0.483,274.4,-25,4.02,-5.26,18.05552,NA,-0.267606240177031,-0.136488579814394,0.131117660362637,0.131117660362637
"649","4-fluoroaniline","371-40-4","Armitage et al. (2021)",0.88,0.994683133,"Tanneberger et al.(Fish RTgill)","Fish","Literature","0","N",1913.591359,0.0611,111.12,-0.8,1.15,-3.98,14778.96,NA,-0.0555173278498314,-0.00231524639639907,0.0532020814534323,0.0532020814534323
"650","2,4,6-trichlorophenol","88-06-2","Armitage et al. (2021)",0.9,0.962335621,"Tanneberger et al.(Fish RTgill)","Fish","Literature","0","A",10.12658228,0.137,197.45,69,3.69,-3.46,833.239,6.8,-0.0457574905606751,-0.0166734384317765,0.0290840521288986,0.0290840521288986
"651","Allyl alcohol","107-18-6","Armitage et al. (2021)",0.98,0.986640934,"Tanneberger et al.(Fish RTgill)","Fish","Literature","0","N",14359.72461,0.506,58.08,-129,0.17,-3.52,998976,NA,-0.00877392430750515,-0.00584087038458065,0.0029330539229245,0.0029330539229245
"652","lindane","58-89-9","Armitage et al. (2021)",0.43,0.354933621,"Tanneberger et al.(Fish RTgill)","Fish","Literature","0","N",33.3562586,0.322,290.83,75.2,3.72,-3.77,4.449699,NA,-0.366531544420413,-0.449852860265829,-0.0833213158454158,0.0833213158454158
"653","N-methylaniline","100-61-8","Armitage et al. (2021)",0.85,0.980888948,"Tanneberger et al.(Fish RTgill)","Fish","Literature","0","N",1509.328358,0.9,107.15,-57,1.66,-3.41,5625.375,NA,-0.0705810742857073,-0.00838015877790663,0.0622009155078007,0.0622009155078007
"654","3,4-dichloroaniline","95-76-1","Armitage et al. (2021)",0.74,0.981082256,"Tanneberger et al.(Fish RTgill)","Fish","Literature","0","N",47.83950617,0.0176,162.02,72,2.69,-4.68,145.65598,NA,-0.130768280269024,-0.00829457893065074,0.122473701338373,0.122473701338373
"655","4-decylaniline","37529-30-9","Armitage et al. (2021)",0.15,0.0146844,"Tanneberger et al.(Fish RTgill)","Fish","Literature","0","N",2.399314482,2.07,233.39,25,6.32,-3.09,0.20374947,NA,-0.823908740944319,-1.83314379391562,-1.0092350529713,1.0092350529713
"656","naphthalene","91-20-3","Armitage et al. (2021)",0.11,0.798154238,"Tanneberger et al.(Fish RTgill)","Fish","Literature","0","N",219.1887676,44.6,128.17,80.2,3.3,-2.41,31.65799,NA,-0.958607314841775,-0.0979131760180579,0.860694138823717,0.860694138823717
"657","1,2,4-trichlorobenzene","120-82-1","Armitage et al. (2021)",0.03,0.120950268,"Tanneberger et al.(Fish RTgill)","Fish","Literature","0","N",78.2369146,144,181.45,17,3.99,-0.83,46.4512,NA,-1.52287874528034,-0.917393164997081,0.605485580283256,0.605485580283256
"658","1,2-dichlorobenzene","95-50-1","Armitage et al. (2021)",0.07,0.16776718,"Tanneberger et al.(Fish RTgill)","Fish","Literature","0","N",182.9931973,195,147,-16.7,3.43,-0.98,143.325,NA,-1.15490195998574,-0.775292995468005,0.379608964517738,0.379608964517738
"659","dichloromethane","75-09-2","Armitage et al. (2021)",0.33,0.255719468,"Tanneberger et al.(Fish RTgill)","Fish","Literature","0","N",17656.06596,329,84.93,-95.1,1.25,-1.19,15117.54,NA,-0.481486060122112,-0.592236207745543,-0.110750147623431,0.110750147623431
"660","tetrachloroethylene","127-18-4","Armitage et al. (2021)",0.08,0.066176102,"Tanneberger et al.(Fish RTgill)","Fish","Literature","0","N",195.4161641,1790,165.83,-22.3,3.4,-0.52,276.9361,NA,-1.09691001300806,-1.17929881786138,-0.082388804853327,0.082388804853327
"661","2,3-dimethyl-1,3-butadiene","513-81-5","Armitage et al. (2021)",0.06,0.002421722,"Tanneberger et al.(Fish RTgill)","Fish","Literature","0","N",1000,4530,82.14,-76,3.07,0.95,326.9172,NA,-1.22184874961636,-2.61587571288392,-1.39402696326756,1.39402696326756
"662","Eugenol F","97-53-0","Armitage et al. (2021)",0.999999,0.992878437,"Schug et al.(Fish RTgut - High dose)","Fish","Literature","0","N",6.090133983,0.0222,164.2,-9.1,2.27,-4.85,840.704,NA,-4.34294699063126e-07,-0.00310392106342556,-0.00310348676872649,0.00310348676872649
"663","Methyl-antranilate","134-20-3","Armitage et al. (2021)",0.9999,0.997125494,"Schug et al.(Fish RTgut - High dose)","Fish","Literature","0","N",165.3439153,0.00111,151.16,24.5,1.88,-6.32,2872.04,NA,-4.34316198075056e-05,-0.0012501797807082,-0.00120674816090069,0.00120674816090069
"664","Lilyfore","285977-85-7","Armitage et al. (2021)",0.9999,0.942689035,"Schug et al.(Fish RTgut - High dose)","Fish","Literature","0","N",11.34429949,0.0717,176.25,50.8,3.24,-5.78,222.075,NA,-4.34316198075056e-05,-0.025631544437288,-0.0255881128174805,0.0255881128174805
"665","Damascone beta","23726-91-2","Armitage et al. (2021)",0.99,0.585121071,"Schug et al.(Fish RTgut - High dose)","Fish","Literature","0","N",5.200208008,32.8,192.3,17.5,4.29,-2.6,7.98045,NA,-0.00436480540245009,-0.232754262076846,-0.228389456674396,0.228389456674396
"666","Veloutone","14595-54-1","Armitage et al. (2021)",0.57,0.141056615,"Schug et al.(Fish RTgut - High dose)","Fish","Literature","0","N",0.50942435,18.4,222.37,40.4,5.28,-3.52,0.9384014,NA,-0.244125144327509,-0.85060654232936,-0.606481398001852,0.606481398001852
"667","Verdox","82356-51-2","Armitage et al. (2021)",0.74,0.011511421,"Schug et al.(Fish RTgut - High dose)","Fish","Literature","0","N",5.042864347,NA,236.39,60.7,6.45,-1.88,0.15223516,NA,-0.130768280269024,-1.93887106261113,-1.80810278234211,1.80810278234211
"668","Nirvanol","1506-02-1","Armitage et al. (2021)",0.46,0.059828459,"Schug et al.(Fish RTgut - High dose)","Fish","Literature","0","N",0.449640288,NA,258.4,54.5,5.7,-3.69,1.250656,NA,-0.337242168318426,-1.22309218312512,-0.885850014806692,0.885850014806692
"669","Cetalox","3738-00-9","Armitage et al. (2021)",0.72,0.103805054,"Schug et al.(Fish RTgut - High dose)","Fish","Literature","0","N",1.057529611,140,236.39,60.7,5.4,-1.56,2.434817,NA,-0.142667503568732,-0.983781501296057,-0.841113997727326,0.841113997727326
"670","Tonalide","21145-77-7","Armitage et al. (2021)",0.43,0.059828459,"Schug et al.(Fish RTgut - High dose)","Fish","Literature","0","N",0.03869969,4.8534675,258.4,54.5,5.7,-3.69,1.250656,NA,-0.366531544420413,-1.22309218312512,-0.856560638704704,0.856560638704704
"671","Eugenol F","97-53-0","Armitage et al. (2021)",0.9999,0.992878437,"Schug et al.(Fish RTgut - Low dose)","Fish","Literature","0","N",1827.040195,0.0222,164.2,-9.1,2.27,-4.85,840.704,NA,-4.34316198075056e-05,-0.00310392106342556,-0.00306048944361805,0.00306048944361805
"672","Methyl-antranilate","134-20-3","Armitage et al. (2021)",0.9999,0.997125494,"Schug et al.(Fish RTgut - Low dose)","Fish","Literature","0","N",5291.005291,0.00111,151.16,24.5,1.88,-6.32,2872.04,NA,-4.34316198075056e-05,-0.0012501797807082,-0.00120674816090069,0.00120674816090069
"673","Lilyfore","285977-85-7","Armitage et al. (2021)",0.9999,0.942689035,"Schug et al.(Fish RTgut - Low dose)","Fish","Literature","0","N",680.6579694,0.0717,176.25,50.8,3.24,-5.78,222.075,NA,-4.34316198075056e-05,-0.025631544437288,-0.0255881128174805,0.0255881128174805
"674","Damascone beta","23726-91-2","Armitage et al. (2021)",0.99,0.306344739,"Schug et al.(Fish RTgut - Low dose)","Fish","Literature","0","N",104.0041602,32.8,192.3,17.5,4.29,-2.6,7.98045,NA,-0.00436480540245009,-0.513789573608144,-0.509424768205694,0.509424768205694
"675","Veloutone","14595-54-1","Armitage et al. (2021)",0.57,0.052278672,"Schug et al.(Fish RTgut - Low dose)","Fish","Literature","0","N",61.13092206,18.4,222.37,40.4,5.28,-3.52,0.9384014,NA,-0.244125144327509,-1.28167545304247,-1.03755030871496,1.03755030871496
"676","Verdox","82356-51-2","Armitage et al. (2021)",0.74,0.006344105,"Schug et al.(Fish RTgut - Low dose)","Fish","Literature","0","N",75.6429652,NA,236.39,60.7,6.45,-1.88,0.15223516,NA,-0.130768280269024,-2.19762963771075,-2.06686135744173,2.06686135744173
"677","Nirvanol","1506-02-1","Armitage et al. (2021)",0.46,0.059828459,"Schug et al.(Fish RTgut - Low dose)","Fish","Literature","0","N",26.97841727,NA,258.4,54.5,5.7,-3.69,1.250656,NA,-0.337242168318426,-1.22309218312512,-0.885850014806692,0.885850014806692
"678","Cetalox","3738-00-9","Armitage et al. (2021)",0.72,0.103805054,"Schug et al.(Fish RTgut - Low dose)","Fish","Literature","0","N",21.15059222,140,236.39,60.7,5.4,-1.56,2.434817,NA,-0.142667503568732,-0.983781501296057,-0.841113997727326,0.841113997727326
"679","Tonalide","21145-77-7","Armitage et al. (2021)",0.43,0.059828459,"Schug et al.(Fish RTgut - Low dose)","Fish","Literature","0","N",7.73993808,4.8534675,258.4,54.5,5.7,-3.69,1.250656,NA,-0.366531544420413,-1.22309218312512,-0.856560638704704,0.856560638704704
"680","4:2 FTS","375-73-5","Armitage et al. (2021)",0.68,0.943572858,"PFAS (100 uM)","Cell-free","Our data","0","A",100,2.99031e-05,300.1,23.4,1.5,-4.63,510.17,-2.9,-0.167491087293764,-0.0252245601458767,0.142266527147887,0.142266527147887
"681","6:2 FTS","757124-72-4","Armitage et al. (2021)",0.1985,0.890928532,"PFAS (100 uM)","Cell-free","Our data","0","A",100,2.48723e-05,328.15,33.3,1.76,-4.26,1283.0665,1.4,-0.702239488900866,-0.0501571325544833,0.652082356346383,0.652082356346383
"682","8:2 FTS","375-95-1","Armitage et al. (2021)",0.0349333333333333,0.001781633,"PFAS (100 uM)","Cell-free","Our data","0","A",100,0.000119046,464.08,68.6,6.07,-2.47,1299.424,0.1,-1.45675997207195,-2.74918175175243,-1.29242177968048,1.29242177968048
"683","PFBA","307-24-4","Armitage et al. (2021)",0.946666666666667,0.016811393,"PFAS (100 uM)","Cell-free","Our data","0","A",100,2.37529e-05,314.05,11.7,4.2,-3.31,29.33227,0.1,-0.0238029146726248,-1.77439629922273,-1.7505933845501,1.7505933845501
"684","PFBS","375-22-4","Armitage et al. (2021)",0.933333333333333,0.900937206,"PFAS (100 uM)","Cell-free","Our data","0","A",100,5.078279645,214.04,-17.9,1.72,-3.87,447.3436,0.1,-0.0299632233774432,-0.0453054776536251,-0.0153422542761818,0.0153422542761818
"685","PFDA","335-67-1","Armitage et al. (2021)",0.061,0.01996369,"PFAS (100 uM)","Cell-free","Our data","0","A",100,1.93071e-05,414.07,54.3,4.13,-2.75,5051.654,0.1,-1.21467016498923,-1.69975918256141,-0.485089017572176,0.485089017572176
"686","PFHpA","27619-97-2","Armitage et al. (2021)",0.7709,0.27091602,"PFAS (100 uM)","Cell-free","Our data","0","A",100,1.84381e-05,428.17,32.1,2.97,-3.7,18.240042,1.4,-0.113001954328901,-0.567165313195362,-0.454163358866462,0.454163358866462
"687","PFHxA","39108-34-4","Armitage et al. (2021)",0.6643,0.017658445,"PFAS (100 uM)","Cell-free","Our data","0","A",100,1.80184e-06,528.18,32.4,4.18,-3.14,0.2456037,1.4,-0.17763574755845,-1.75304754298116,-1.57541179542271,1.57541179542271
"688","PFHxS","2058-94-8","Armitage et al. (2021)",0.603,0.001976469,"PFAS (100 uM)","Cell-free","Our data","0","A",100,3.35519e-05,564.09,98.5,5.95,-1.91,91.94667,0.1,-0.219682687859849,-2.70410999297521,-2.48442730511536,2.48442730511536
"689","PFNA","1763-23-1","Armitage et al. (2021)",0.113276666666667,0.00197647,"PFAS (100 uM)","Cell-free","Our data","0","A",100,1.84381e-06,500.13,22.8,5.95,-3.51,570.1482,-2.9,-0.945859539223272,-2.70410977324276,-1.75825023401949,1.75825023401949
"690","PFOA","375-85-9","Armitage et al. (2021)",0.06888,0.083730317,"PFAS (100 uM)","Cell-free","Our data","0","A",100,2.11698e-05,364.06,35.4,3.53,-3.03,117955.44,0.1,-1.1619068615544,-1.07711726456514,0.0847895969892583,0.0847895969892583
"691","PFOS","2706-90-3","Armitage et al. (2021)",0.0298333333333333,0.656670696,"PFAS (100 uM)","Cell-free","Our data","0","A",100,2.99031e-05,264.05,1.5,2.32,-3.59,119.8787,0.1,-1.52529821940375,-0.182652363717668,1.34264585568608,1.34264585568608
"692","PFPeA","355-46-4","Armitage et al. (2021)",0.936053333333333,0.416561903,"PFAS (100 uM)","Cell-free","Our data","0","A",100,1.97568e-05,400.11,190,2.71,-4.07,243.26688,-2.9,-0.0286994058425608,-0.38032045131923,-0.351621045476669,0.351621045476669
"693","PFUnDA","335-76-2","Armitage et al. (2021)",0.00503333333333333,0.001339033,"PFAS (100 uM)","Cell-free","Our data","0","A",100,1.53362e-05,514.08,90,6.4,-2.19,1156.68,0.1,-2.29814430742649,-2.87320871982048,-0.575064412393984,0.575064412393984
"694","4:2 FTS","375-73-5","Armitage et al. (2021)",0.376666666666667,0.943572858,"PFAS (10 uM)","Cell-free","Our data","0","A",10,2.99031e-05,300.1,23.4,1.5,-4.63,510.17,-2.9,-0.424042811236243,-0.0252245601458767,0.398818251090366,0.398818251090366
"695","6:2 FTS","757124-72-4","Armitage et al. (2021)",0.1966,0.890928532,"PFAS (10 uM)","Cell-free","Our data","0","A",10,2.48723e-05,328.15,33.3,1.76,-4.26,1283.0665,1.4,-0.706416486503883,-0.0501571325544833,0.6562593539494,0.6562593539494
"696","8:2 FTS","375-95-1","Armitage et al. (2021)",0.00486666666666667,0.001781633,"PFAS (10 uM)","Cell-free","Our data","0","A",10,0.000119046,464.08,68.6,6.07,-2.47,1299.424,0.1,-2.31276839893523,-2.74918175175243,-0.436413352817209,0.436413352817209
"697","PFBA","307-24-4","Armitage et al. (2021)",0.95,0.016811393,"PFAS (10 uM)","Cell-free","Our data","0","A",10,2.37529e-05,314.05,11.7,4.2,-3.31,29.33227,0.1,-0.0222763947111523,-1.77439629922273,-1.75211990451157,1.75211990451157
"698","PFBS","375-22-4","Armitage et al. (2021)",0.896666666666667,0.900937206,"PFAS (10 uM)","Cell-free","Our data","0","A",10,5.078279645,214.04,-17.9,1.72,-3.87,447.3436,0.1,-0.0473689747172545,-0.0453054776536251,0.00206349706362943,0.00206349706362943
"699","PFDA","335-67-1","Armitage et al. (2021)",0.00156666666666667,0.01996369,"PFAS (10 uM)","Cell-free","Our data","0","A",10,1.93071e-05,414.07,54.3,4.13,-2.75,5051.654,0.1,-2.80502339678395,-1.69975918256141,1.10526421422254,1.10526421422254
"700","PFHpA","27619-97-2","Armitage et al. (2021)",0.328166666666667,0.27091602,"PFAS (10 uM)","Cell-free","Our data","0","A",10,1.84381e-05,428.17,32.1,2.97,-3.7,18.240042,1.4,-0.483905534245525,-0.567165313195362,-0.0832597789498367,0.0832597789498367
"701","PFHxA","39108-34-4","Armitage et al. (2021)",0.517066666666667,0.017658445,"PFAS (10 uM)","Cell-free","Our data","0","A",10,1.80184e-06,528.18,32.4,4.18,-3.14,0.2456037,1.4,-0.286453458649013,-1.75304754298116,-1.46659408433215,1.46659408433215
"702","PFHxS","2058-94-8","Armitage et al. (2021)",0.125666666666667,0.001976469,"PFAS (10 uM)","Cell-free","Our data","0","A",10,3.35519e-05,564.09,98.5,5.95,-1.91,91.94667,0.1,-0.90077990451387,-2.70410999297521,-1.80333008846134,1.80333008846134
"703","PFNA","1763-23-1","Armitage et al. (2021)",0.0450233333333333,0.00197647,"PFAS (10 uM)","Cell-free","Our data","0","A",10,1.84381e-06,500.13,22.8,5.95,-3.51,570.1482,-2.9,-1.34656235485565,-2.70410977324276,-1.35754741838711,1.35754741838711
"704","PFOA","375-85-9","Armitage et al. (2021)",0.05088,0.083730317,"PFAS (10 uM)","Cell-free","Our data","0","A",10,2.11698e-05,364.06,35.4,3.53,-3.03,117955.44,0.1,-1.29345289735964,-1.07711726456514,0.216335632794499,0.216335632794499
"705","PFOS","2706-90-3","Armitage et al. (2021)",0.0133333333333333,0.656670696,"PFAS (10 uM)","Cell-free","Our data","0","A",10,2.99031e-05,264.05,1.5,2.32,-3.59,119.8787,0.1,-1.8750612633917,-0.182652363717668,1.69240889967403,1.69240889967403
"706","PFPeA","355-46-4","Armitage et al. (2021)",0.769123333333333,0.416561903,"PFAS (10 uM)","Cell-free","Our data","0","A",10,1.97568e-05,400.11,190,2.71,-4.07,243.26688,-2.9,-0.114004013005713,-0.38032045131923,-0.266316438313516,0.266316438313516
"707","PFUnDA","335-76-2","Armitage et al. (2021)",0.00273333333333333,0.001339033,"PFAS (10 uM)","Cell-free","Our data","0","A",10,1.53362e-05,514.08,90,6.4,-2.19,1156.68,0.1,-2.56330740233595,-2.87320871982048,-0.309901317484531,0.309901317484531
"708","Cisapride","81098-60-4","Armitage et al. (2021)",0.62,0.573232255,"Blanchette et al.","Cell-free","Literature","0","B",10,1.30709e-06,465.95,199.43,3.49,-14.415,33.2,7.8,-0.207608310501746,-0.241669380426828,-0.0340610699250822,0.0340610699250822
"709","Citalopram hydrobromide","59729-33-8","Armitage et al. (2021)",1,0.421538805,"Blanchette et al.","Cell-free","Literature","0","N",10,0.4032735,324.39,153.367,3.2,-8.356,30,NA,0,-0.37516243996771,-0.37516243996771,0.37516243996771
"710","Dofetilide","115256-11-6","Armitage et al. (2021)",0.86,0.97327669,"Blanchette et al.","Cell-free","Literature","0","B",10,0.00133749,441.56,230.64,2.223,-13.462,249,8.4,-0.0655015487564323,-0.0117636778632942,0.053737870893138,0.053737870893138
"711","Moxifloxacin hydrochloride","186826-86-8","Armitage et al. (2021)",0.93,0.996107558,"Blanchette et al.","Cell-free","Literature","0","A",10,4.32658e-06,401.43,266.857,1.13,-14.842,724,6,-0.0315170514460649,-0.00169376466479433,0.0298232867812705,0.0298232867812705
"712","N-acetylpro-cainamide","32795-44-1","Armitage et al. (2021)",0.96,0.999639635,"Blanchette et al.","Cell-free","Literature","0","B",10,1.80359e-06,277.36,174.123,1.1805,-12.236,8240,9.2,-0.0177287669604316,-0.000156532737125274,0.0175722342233063,0.0175722342233063
"713","Quinidine sulfate","50-54-4","Armitage et al. (2021)",0.68,0.935192856,"Blanchette et al.","Cell-free","Literature","0","B",10,0.000272564,324.42,180.1,3.227,-10.922,743,9.3,-0.167491087293764,-0.0290988194377787,0.138392267855985,0.138392267855985
"714","Sematilide","101526-83-4","Armitage et al. (2021)",0.96,0.999586919,"Blanchette et al.","Cell-free","Literature","0","B",10,1.97584e-06,313.42,177.473,1.1,-12.441,11000,9.1,-0.0177287669604316,-0.000179435862203835,0.0175493310982278,0.0175493310982278
"715","Sotalol hydrochloride","959-24-0","Armitage et al. (2021)",0.97,1.000454238,"Blanchette et al.","Cell-free","Literature","0","B",10,0.000188465,272.36,165.84,0.233,-11.578,47100,9,-0.0132282657337552,0.000197228265974717,0.0134254939997299,0.0134254939997299
"716","Lamotrigine","84057-84-1","Armitage et al. (2021)",1,0.71346859,"Blanchette et al.","Cell-free","Literature","0","B",10,0.000113,256.09,207,2.57,-9.7,249.94384,6.6,0,-0.146625141666285,-0.146625141666285,0.146625141666285
"717","Mifepristone","84371-65-3","Armitage et al. (2021)",0.58,0.029379879,"Blanchette et al.","Cell-free","Literature","0","N",10,0.002320343,429.59,241.967,4.877,-11.407,0.826,NA,-0.236572006437063,-1.53194999716865,-1.29537799073159,1.29537799073159
"718","Azathioprine","446-86-6","Armitage et al. (2021)",0.95,0.989817205,"Nicol et al. (HepG2)","Cell-free","Literature","0","A",10,0.004962684,277.26,244,0.1,-15.1,100.09086,8.2,-0.0222763947111523,-0.00444500155373575,0.0178313931574165,0.0178313931574165
"719","Benzocaine","94-09-7","Armitage et al. (2021)",0.784,0.848657586,"Nicol et al. (HepG2)","Cell-free","Literature","0","N",10,0.000299031,165.19,92,1.86,-6.33,834.2095,NA,-0.105683937315562,-0.0712675023437274,0.0344164349718341,0.0344164349718341
"720","Butylated hydroxyanisole","25013-16-5","Armitage et al. (2021)",0.243,0.236551235,"Nicol et al. (HepG2)","Cell-free","Literature","0","N",10,NA,180.24,64.9,3.42,-4.8,358.6776,NA,-0.614393726401688,-0.626074780220425,-0.0116810538187374,0.0116810538187374
"721","Cetirizine dihydrochloride","83881-52-1","Armitage et al. (2021)",0.527,0.999704232,"Nicol et al. (HepG2)","Cell-free","Literature","0","A",10,1.061e-05,388.89,249,0.715,-16.6,443.3346,4.7,-0.278189384787453,-0.00012846940983042,0.278060915377623,0.278060915377623
"722","Chlorpyrifos","2921-88-2","Armitage et al. (2021)",0.005,0.014436536,"Nicol et al. (HepG2)","Cell-free","Literature","1","N",10,0.297,350.59,42,4.96,-4.17,1.1499352,NA,-2.30102999566398,-1.8405370018189,0.460492993845083,0.460492993845083
"723","Cyclamate","139-05-9","Armitage et al. (2021)",0.37,1.001877713,"Nicol et al. (HepG2)","Cell-free","Literature","0","B",10,0.001431254,179.24,107,-0.585,-9.77,874691.2,17.6,-0.431798275933005,0.000814715732489927,0.432612991665495,0.432612991665495
"724","Cyclophosphamide","6055-19-2","Armitage et al. (2021)",0.834,0.972374659,"Nicol et al. (HepG2)","Cell-free","Literature","0","B",10,0.1061003,261.09,61.5,0.695,-10.2,46212.93,6.1,-0.0788339493622613,-0.0121663678047107,0.0666675815575506,0.0666675815575506
"725","Cypermethrin","67375-30-8","Armitage et al. (2021)",0.005,0.001106926,"Nicol et al. (HepG2)","Cell-free","Literature","1","N",10,0.000211698,416.3,102,6.62,-6.45,0.01477865,NA,-2.30102999566398,-2.95588141152044,-0.654851415856457,0.654851415856457
"726","DEET","134-62-3","Armitage et al. (2021)",0.735,0.767020171,"Nicol et al. (HepG2)","Cell-free","Literature","0","N",10,0.014645918,191.27,-45,2.18,-6.57,916.1833,NA,-0.133712660915805,-0.115193214879172,0.0185194460366332,0.0185194460366332
"727","Dexamethasone","50-02-2","Armitage et al. (2021)",0.662,0.835700557,"Nicol et al. (HepG2)","Cell-free","Literature","0","N",10,6.69448e-06,392.46,248,1.92,-18.8,78.492,NA,-0.1791420105603,-0.0779493083725584,0.101192702187742,0.101192702187742
"728","Digoxin","20830-75-5","Armitage et al. (2021)",0.529,0.934834701,"Nicol et al. (HepG2)","Cell-free","Literature","0","N",10,1.33572e-05,780.94,426,1.26,-30.7,59.195252,NA,-0.276544327964814,-0.0292651749992095,0.247279152965605,0.247279152965605
"729","Fenazaquin","120928-09-8","Armitage et al. (2021)",0.005,0.007090424,"Nicol et al. (HepG2)","Cell-free","Literature","1","N",10,0.136683664,306.4,78.5,5.51,-7.24,0.1495232,NA,-2.30102999566398,-2.1493277936809,0.151702201983085,0.151702201983085
"730","Fenbuconazole","114369-43-6","Armitage et al. (2021)",0.157,0.139439497,"Nicol et al. (HepG2)","Cell-free","Literature","0","N",10,0.394199993,336.82,125,3.23,-10,0.3738702,NA,-0.804100347590766,-0.855614192525418,-0.0515138449346522,0.0515138449346522
"731","Fluazinam","79622-59-6","Armitage et al. (2021)",0.005,0.078794991,"Nicol et al. (HepG2)","Cell-free","Literature","0","N",10,1.60589e-06,465.09,113,4.01,-4.7,0.4883445,NA,-2.30102999566398,-1.10350138974652,1.19752860591746,1.19752860591746
"732","Furosemide","54-31-9","Armitage et al. (2021)",0.415,0.948131479,"Nicol et al. (HepG2)","Cell-free","Literature","0","A",10,2.54517e-05,330.74,261,2.03,-16.3,43.98842,3,-0.381951903287907,-0.0231314341335747,0.358820469154333,0.358820469154333
"733","Glybenclamide","10238-21-8","Armitage et al. (2021)",0.101,0.02280301,"Nicol et al. (HepG2)","Cell-free","Literature","0","A",10,1.93071e-05,494,169,4.85,-18,4.00634,5,-0.995678626217357,-1.64200782229298,-0.646329196075623,0.646329196075623
"734","HC Red 3","2871-01-4","Armitage et al. (2021)",0.95,0.98743357,"Nicol et al. (HepG2)","Cell-free","Literature","0","N",10,0.0090306,197.19,152,0.13,-11.8,121074.66,NA,-0.0222763947111523,-0.00549211205883383,0.0167842826523184,0.0167842826523184
"735","Hydralazine hydrochloride","304-20-1","Armitage et al. (2021)",0.147,0.970851665,"Nicol et al. (HepG2)","Cell-free","Literature","1","B",10,0.004422997,160.18,163,0.725,-11.6,211437.6,6,-0.832682665251824,-0.0128471202393927,0.819835545012431,0.819835545012431
"736","Ibuprofen","15687-27-1","Armitage et al. (2021)",0.139,0.200458699,"Nicol et al. (HepG2)","Cell-free","Literature","0","A",10,0.00824,206.28,89.1,3.73,-6.22,35.68644,5.4,-0.856985199745905,-0.69797509259019,0.159010107155715,0.159010107155715
"737","Ketoconazole","65277-42-1","Armitage et al. (2021)",0.255,0.043095004,"Nicol et al. (HepG2)","Cell-free","Literature","0","B",10,0.004526021,531.43,146,4.35,-20,83.96594,6.6,-0.593459819566045,-1.36557307464194,-0.7721132550759,0.7721132550759
"738","Metformin","1115-70-4","Armitage et al. (2021)",0.567,1.001858282,"Nicol et al. (HepG2)","Cell-free","Literature","0","B",10,0.000359515,129.16,74.3,-0.87,-9.13,1016489.2,9.6,-0.246416941107093,0.000806292690632878,0.247223233797726,0.247223233797726
"739","Metoclopramide","364-62-5","Armitage et al. (2021)",0.796,0.962783609,"Nicol et al. (HepG2)","Cell-free","Literature","0","B",10,2.0217e-05,299.8,147,2.62,-12.3,174.7834,9,-0.0990869322623309,-0.016471312021278,0.082615620241053,0.082615620241053
"740","Nitrofurantoin","67-20-9","Armitage et al. (2021)",0.935,0.998932414,"Nicol et al. (HepG2)","Cell-free","Literature","0","A",10,0.001464592,238.16,263,-0.47,-12.7,96.21664,7.3,-0.0291883891274822,-0.000463894376411481,0.0287244947510707,0.0287244947510707
"741","Oxytetracycline hydrochloride","2058-46-0","Armitage et al. (2021)",0.95,1.001877412,"Nicol et al. (HepG2)","Cell-free","Literature","0","A",10,1.36684e-06,460.43,460,-1.53,-28.9,501868.7,4.5,-0.0222763947111523,0.000814585254830818,0.0230909799659831,0.0230909799659831
"742","Panthenol","16485-10-2 ","Armitage et al. (2021)",0.433,0.998168744,"Nicol et al. (HepG2)","Cell-free","Literature","0","N",10,0.001163367,205.25,164,-0.895,-15,1034460,NA,-0.363512103646635,-0.000796033468947343,0.362716070177687,0.362716070177687
"743","Paracetamol","103-90-2","Armitage et al. (2021)",0.54,0.979377359,"Nicol et al. (HepG2)","Cell-free","Literature","0","N",10,0.000583065,151.16,170,0.46,-10.9,14224.156,NA,-0.267606240177031,-0.00904994011259416,0.258556300064437,0.258556300064437
"744","Topiramate","97240-79-4","Armitage et al. (2021)",0.9225,0.999975792,"Nicol et al. (HepG2)","Cell-free","Literature","0","A",10,0.00094562,339.36,165,-1.39,-18,264022.08,9.2,-0.035033625168902,-1.05135280741823e-05,0.0350231116408278,0.0350231116408278
"745","Trimellitic anhydride","552-30-7","Armitage et al. (2021)",0.95,0.988397297,"Nicol et al. (HepG2)","Cell-free","Literature","0","A",10,2.26838e-06,192.13,162,1.46,-10.2,15754.66,3.3,-0.0222763947111523,-0.00506845094659695,0.0172079437645553,0.0172079437645553
"746","Verapamil hydrochloride","152-11-4","Armitage et al. (2021)",0.494,0.244790975,"Nicol et al. (HepG2)","Cell-free","Literature","0","B",10,0.047393263,454.6,200,4.48,-16.2,2.29573,9.2,-0.306273051076353,-0.611204597882485,-0.304931546806132,0.304931546806132
"747","Warfarin","129-06-6","Armitage et al. (2021)",0.347,0.660535813,"Nicol et al. (HepG2)","Cell-free","Literature","0","N",10,3.76458e-06,308.33,175,2.48,-11.6,82.94077,NA,-0.459670525209126,-0.180103630787327,0.2795668944218,0.2795668944218
"748","Azathioprine","446-86-6","Armitage et al. (2021)",0.95,0.988565919,"Nicol et al. (HepRG)","Cell-free","Literature","0","A",10,0.004962684,277.26,244,0.1,-15.1,100.09086,8.2,-0.0222763947111523,-0.00499436600286871,0.0172820287082835,0.0172820287082835
"749","Benzocaine","94-09-7","Armitage et al. (2021)",0.809,0.882712124,"Nicol et al. (HepRG)","Cell-free","Literature","0","N",10,0.000299031,165.19,92,1.86,-6.33,834.2095,NA,-0.0920514783877277,-0.0541809083620911,0.0378705700256366,0.0378705700256366
"750","Butylated hydroxyanisole","25013-16-5","Armitage et al. (2021)",0.33,0.495896568,"Nicol et al. (HepRG)","Cell-free","Literature","0","N",10,NA,180.24,64.9,3.42,-4.8,358.6776,NA,-0.481486060122112,-0.304608897362892,0.17687716275922,0.17687716275922
"751","Cetirizine dihydrochloride","83881-52-1","Armitage et al. (2021)",0.71,0.999931111,"Nicol et al. (HepRG)","Cell-free","Literature","0","A",10,1.061e-05,388.89,249,0.715,-16.6,443.3346,4.7,-0.148741651280925,-2.99191431255983e-05,0.148711732137799,0.148711732137799
"752","Chlorpyrifos","2921-88-2","Armitage et al. (2021)",0.005,0.116856556,"Nicol et al. (HepRG)","Cell-free","Literature","1","N",10,0.297,350.59,42,4.96,-4.17,1.1499352,NA,-2.30102999566398,-0.932346917377422,1.36868307828656,1.36868307828656
"753","Cyclamate","139-05-9","Armitage et al. (2021)",0.388,0.999998265,"Nicol et al. (HepRG)","Cell-free","Literature","0","B",10,0.001431254,179.24,107,-0.585,-9.77,874691.2,17.6,-0.411168274405793,-7.53501579766127e-07,0.411167520904213,0.411167520904213
"754","Cyclophosphamide","6055-19-2","Armitage et al. (2021)",0.866,0.973039074,"Nicol et al. (HepRG)","Cell-free","Literature","0","B",10,0.1061003,261.09,61.5,0.695,-10.2,46212.93,6.1,-0.0624821079826534,-0.011869719565297,0.0506123884173564,0.0506123884173564
"755","Cypermethrin","67375-30-8","Armitage et al. (2021)",0.005,0.004255506,"Nicol et al. (HepRG)","Cell-free","Literature","1","N",10,0.000211698,416.3,102,6.62,-6.45,0.01477865,NA,-2.30102999566398,-2.3710487928197,-0.0700187971557216,0.0700187971557216
"756","DEET","134-62-3","Armitage et al. (2021)",0.823,0.832244706,"Nicol et al. (HepRG)","Cell-free","Literature","0","N",10,0.014645918,191.27,-45,2.18,-6.57,916.1833,NA,-0.0846001647877302,-0.0797489587574167,0.00485120603031348,0.00485120603031348
"757","Dexamethasone","50-02-2","Armitage et al. (2021)",0.693,0.874423662,"Nicol et al. (HepRG)","Cell-free","Literature","0","N",10,6.69448e-06,392.46,248,1.92,-18.8,78.492,NA,-0.159266765388193,-0.0582780988431307,0.100988666545063,0.100988666545063
"758","Digoxin","20830-75-5","Armitage et al. (2021)",0.556,0.942719301,"Nicol et al. (HepRG)","Cell-free","Literature","0","N",10,1.33572e-05,780.94,426,1.26,-30.7,59.195252,NA,-0.254925208417942,-0.0256176011905765,0.229307607227366,0.229307607227366
"759","Fenazaquin","120928-09-8","Armitage et al. (2021)",0.005,0.059402217,"Nicol et al. (HepRG)","Cell-free","Literature","1","N",10,0.136683664,306.4,78.5,5.51,-7.24,0.1495232,NA,-2.30102999566398,-1.22619734604745,1.07483264961654,1.07483264961654
"760","Fenbuconazole","114369-43-6","Armitage et al. (2021)",0.213,0.139439497,"Nicol et al. (HepRG)","Cell-free","Literature","0","N",10,0.394199993,336.82,125,3.23,-10,0.3738702,NA,-0.671620396561262,-0.855614192525418,-0.183993795964156,0.183993795964156
"761","Fluazinam","79622-59-6","Armitage et al. (2021)",0.005,0.130488467,"Nicol et al. (HepRG)","Cell-free","Literature","0","N",10,1.60589e-06,465.09,113,4.01,-4.7,0.4883445,NA,-2.30102999566398,-0.884427871004603,1.41660212465938,1.41660212465938
"762","Furosemide","54-31-9","Armitage et al. (2021)",0.458,0.999940993,"Nicol et al. (HepRG)","Cell-free","Literature","0","A",10,2.54517e-05,330.74,261,2.03,-16.3,43.98842,3,-0.339134521996131,-2.56271705923528e-05,0.339108894825538,0.339108894825538
"763","Glybenclamide","10238-21-8","Armitage et al. (2021)",0.167,0.972770089,"Nicol et al. (HepRG)","Cell-free","Literature","0","A",10,1.93071e-05,494,169,4.85,-18,4.00634,5,-0.777283528852417,-0.0119897916712159,0.765293737181201,0.765293737181201
"764","HC Red 3","2871-01-4","Armitage et al. (2021)",0.945,0.986258421,"Nicol et al. (HepRG)","Cell-free","Literature","0","N",10,0.0090306,197.19,152,0.13,-11.8,121074.66,NA,-0.0245681914907371,-0.00600927561702881,0.0185589158737083,0.0185589158737083
"765","Hydralazine hydrochloride","304-20-1","Armitage et al. (2021)",0.114,0.971724503,"Nicol et al. (HepRG)","Cell-free","Literature","1","B",10,0.004422997,160.18,163,0.725,-11.6,211437.6,6,-0.943095148663527,-0.0124568459646952,0.930638302698832,0.930638302698832
"766","Ibuprofen","15687-27-1","Armitage et al. (2021)",0.196,0.984717984,"Nicol et al. (HepRG)","Cell-free","Literature","0","A",10,0.00824,206.28,89.1,3.73,-6.22,35.68644,5.4,-0.707743928643524,-0.00668813044587381,0.70105579819765,0.70105579819765
"767","Ketoconazole","65277-42-1","Armitage et al. (2021)",0.296,0.253655243,"Nicol et al. (HepRG)","Cell-free","Literature","0","B",10,0.004526021,531.43,146,4.35,-20,83.96594,6.6,-0.528708288941061,-0.595756156479099,-0.0670478675380374,0.0670478675380374
"768","Metformin","1115-70-4","Armitage et al. (2021)",0.57,0.99997508,"Nicol et al. (HepRG)","Cell-free","Literature","0","B",10,0.000359515,129.16,74.3,-0.87,-9.13,1016489.2,9.6,-0.244125144327509,-1.08227533410887e-05,0.244114321574168,0.244114321574168
"769","Metoclopramide","364-62-5","Armitage et al. (2021)",0.752,0.991205549,"Nicol et al. (HepRG)","Cell-free","Literature","0","B",10,2.0217e-05,299.8,147,2.62,-12.3,174.7834,9,-0.123782159408358,-0.00383627534331813,0.11994588406504,0.11994588406504
"770","Nitrofurantoin","67-20-9","Armitage et al. (2021)",0.9485,0.997184908,"Nicol et al. (HepRG)","Cell-free","Literature","0","A",10,0.001464592,238.16,263,-0.47,-12.7,96.21664,7.3,-0.0229626647753186,-0.00122430299409605,0.0217383617812226,0.0217383617812226
"771","Oxytetracycline hydrochloride","2058-46-0","Armitage et al. (2021)",0.95,0.999997481,"Nicol et al. (HepRG)","Cell-free","Literature","0","A",10,1.36684e-06,460.43,460,-1.53,-28.9,501868.7,4.5,-0.0222763947111523,-1.09398917780906e-06,0.0222753007219744,0.0222753007219744
"772","Panthenol","16485-10-2 ","Armitage et al. (2021)",0.448,0.996349875,"Nicol et al. (HepRG)","Cell-free","Literature","0","N",10,0.001163367,205.25,164,-0.895,-15,1034460,NA,-0.348721986001856,-0.00158812934757524,0.347133856654281,0.347133856654281
"773","Paracetamol","103-90-2","Armitage et al. (2021)",0.611,0.979028888,"Nicol et al. (HepRG)","Cell-free","Literature","0","N",10,0.000583065,151.16,170,0.46,-10.9,14224.156,NA,-0.213958789757446,-0.00920449337163563,0.20475429638581,0.20475429638581
"774","Topiramate","97240-79-4","Armitage et al. (2021)",0.762,0.998111669,"Nicol et al. (HepRG)","Cell-free","Literature","0","A",10,0.00094562,339.36,165,-1.39,-18,264022.08,9.2,-0.118045028660399,-0.000820867011770233,0.117224161648629,0.117224161648629
"775","Trimellitic anhydride","552-30-7","Armitage et al. (2021)",0.931,0.999968804,"Nicol et al. (HepRG)","Cell-free","Literature","0","A",10,2.26838e-06,192.13,162,1.46,-10.2,15754.66,3.3,-0.0310503190186574,-1.35484619874675e-05,0.0310367705566699,0.0310367705566699
"776","Verapamil hydrochloride","152-11-4","Armitage et al. (2021)",0.563,0.939625757,"Nicol et al. (HepRG)","Cell-free","Literature","0","B",10,0.047393263,454.6,200,4.48,-16.2,2.29573,9.2,-0.249491605148654,-0.027045086860745,0.222446518287909,0.222446518287909
"777","Warfarin","129-06-6","Armitage et al. (2021)",0.388,0.770444676,"Nicol et al. (HepRG)","Cell-free","Literature","0","N",10,3.76458e-06,308.33,175,2.48,-11.6,82.94077,NA,-0.411168274405793,-0.113258541592618,0.297909732813175,0.297909732813175
"778","Azathioprine","446-86-6","Armitage et al. (2021)",0.95,0.989870804,"Nicol et al. (MCF7)","Cell-free","Literature","0","A",10,0.004962684,277.26,244,0.1,-15.1,100.09086,8.2,-0.0222763947111523,-0.00442148496947055,0.0178549097416817,0.0178549097416817
"779","Benzocaine","94-09-7","Armitage et al. (2021)",0.81,0.847259314,"Nicol et al. (MCF7)","Cell-free","Literature","0","N",10,0.000299031,165.19,92,1.86,-6.33,834.2095,NA,-0.0915149811213502,-0.0719836482249356,0.0195313328964146,0.0195313328964146
"780","Butylated hydroxyanisole","25013-16-5","Armitage et al. (2021)",0.254,0.231374891,"Nicol et al. (MCF7)","Cell-free","Literature","0","N",10,NA,180.24,64.9,3.42,-4.8,358.6776,NA,-0.595166283380062,-0.635683772833787,-0.0405174894537249,0.0405174894537249
"781","Cetirizine dihydrochloride","83881-52-1","Armitage et al. (2021)",0.638,0.999694529,"Nicol et al. (MCF7)","Cell-free","Literature","0","A",10,1.061e-05,388.89,249,0.715,-16.6,443.3346,4.7,-0.195179321278838,-0.000132684636367666,0.19504663664247,0.19504663664247
"782","Chlorpyrifos","2921-88-2","Armitage et al. (2021)",0.005,0.013914826,"Nicol et al. (MCF7)","Cell-free","Literature","1","N",10,0.297,350.59,42,4.96,-4.17,1.1499352,NA,-2.30102999566398,-1.85652221999557,0.444507775668407,0.444507775668407
"783","Cyclamate","139-05-9","Armitage et al. (2021)",0.417,1.001958269,"Nicol et al. (MCF7)","Cell-free","Literature","0","B",10,0.001431254,179.24,107,-0.585,-9.77,874691.2,17.6,-0.379863945026242,0.000849633786280021,0.380713578812522,0.380713578812522
"784","Cyclophosphamide","6055-19-2","Armitage et al. (2021)",0.8,0.972346257,"Nicol et al. (MCF7)","Cell-free","Literature","0","B",10,0.1061003,261.09,61.5,0.695,-10.2,46212.93,6.1,-0.0969100130080564,-0.0121790532566687,0.0847309597513877,0.0847309597513877
"785","Cypermethrin","67375-30-8","Armitage et al. (2021)",0.005,0.00106474,"Nicol et al. (MCF7)","Cell-free","Literature","1","N",10,0.000211698,416.3,102,6.62,-6.45,0.01477865,NA,-2.30102999566398,-2.9727564301133,-0.67172643444932,0.67172643444932
"786","DEET","134-62-3","Armitage et al. (2021)",0.815,0.764457264,"Nicol et al. (MCF7)","Cell-free","Literature","0","N",10,0.014645918,191.27,-45,2.18,-6.57,916.1833,NA,-0.0888423912600234,-0.116646788247417,-0.0278043969873939,0.0278043969873939
"787","Dexamethasone","50-02-2","Armitage et al. (2021)",0.702,0.834120413,"Nicol et al. (MCF7)","Cell-free","Literature","0","N",10,6.69448e-06,392.46,248,1.92,-18.8,78.492,NA,-0.153662887870195,-0.0787712504094367,0.0748916374607581,0.0748916374607581
"788","Digoxin","20830-75-5","Armitage et al. (2021)",0.654,0.934500355,"Nicol et al. (MCF7)","Cell-free","Literature","0","N",10,1.33572e-05,780.94,426,1.26,-30.7,59.195252,NA,-0.184422251675733,-0.0294205293043982,0.155001722371335,0.155001722371335
"789","Fenazaquin","120928-09-8","Armitage et al. (2021)",0.005,0.006832259,"Nicol et al. (MCF7)","Cell-free","Literature","1","N",10,0.136683664,306.4,78.5,5.51,-7.24,0.1495232,NA,-2.30102999566398,-2.1654356785985,0.135594317065477,0.135594317065477
"790","Fenbuconazole","114369-43-6","Armitage et al. (2021)",0.162,0.139439497,"Nicol et al. (MCF7)","Cell-free","Literature","0","N",10,0.394199993,336.82,125,3.23,-10,0.3738702,NA,-0.790484985457369,-0.855614192525418,-0.0651292070680494,0.0651292070680494
"791","Fluazinam","79622-59-6","Armitage et al. (2021)",0.005,0.076350152,"Nicol et al. (MCF7)","Cell-free","Literature","0","N",10,1.60589e-06,465.09,113,4.01,-4.7,0.4883445,NA,-2.30102999566398,-1.1171900940012,1.18383990166278,1.18383990166278
"792","Furosemide","54-31-9","Armitage et al. (2021)",0.521,0.946034656,"Nicol et al. (MCF7)","Cell-free","Literature","0","A",10,2.54517e-05,330.74,261,2.03,-16.3,43.98842,3,-0.283162276700476,-0.0240929538372324,0.259069322863243,0.259069322863243
"793","Glybenclamide","10238-21-8","Armitage et al. (2021)",0.116,0.02188861,"Nicol et al. (MCF7)","Cell-free","Literature","0","A",10,1.93071e-05,494,169,4.85,-18,4.00634,5,-0.935542010773082,-1.65978181670968,-0.7242398059366,0.7242398059366
"794","HC Red 3","2871-01-4","Armitage et al. (2021)",0.91,0.987483903,"Nicol et al. (MCF7)","Cell-free","Literature","0","N",10,0.0090306,197.19,152,0.13,-11.8,121074.66,NA,-0.0409586076789064,-0.00546997508910095,0.0354886325898054,0.0354886325898054
"795","Hydralazine hydrochloride","304-20-1","Armitage et al. (2021)",0.14,0.970814362,"Nicol et al. (MCF7)","Cell-free","Literature","1","B",10,0.004422997,160.18,163,0.725,-11.6,211437.6,6,-0.853871964321762,-0.0128638074418622,0.8410081568799,0.8410081568799
"796","Ibuprofen","15687-27-1","Armitage et al. (2021)",0.169,0.19385416,"Nicol et al. (MCF7)","Cell-free","Literature","0","A",10,0.00824,206.28,89.1,3.73,-6.22,35.68644,5.4,-0.772113295386326,-0.712524874844238,0.0595884205420886,0.0595884205420886
"797","Ketoconazole","65277-42-1","Armitage et al. (2021)",0.279,0.041617174,"Nicol et al. (MCF7)","Cell-free","Literature","0","B",10,0.004526021,531.43,146,4.35,-20,83.96594,6.6,-0.554395796726402,-1.38072741374177,-0.826331617015365,0.826331617015365
"798","Metformin","1115-70-4","Armitage et al. (2021)",0.441,1.001939,"Nicol et al. (MCF7)","Cell-free","Our data","0","B",10,0.000359515,129.16,74.3,-0.87,-9.13,1016489.2,9.6,-0.355561410532161,0.000841281641186029,0.356402692173347,0.356402692173347
"799","Metoclopramide","364-62-5","Armitage et al. (2021)",0.876,0.961604087,"Nicol et al. (MCF7)","Cell-free","Our data","0","B",10,2.0217e-05,299.8,147,2.62,-12.3,174.7834,9,-0.0574958938319193,-0.0170036995033827,0.0404921943285365,0.0404921943285365
"800","Nitrofurantoin","67-20-9","Armitage et al. (2021)",0.968,0.999007306,"Nicol et al. (MCF7)","Cell-free","Our data","0","A",10,0.001464592,238.16,263,-0.47,-12.7,96.21664,7.3,-0.0141246426916063,-0.000431335654015263,0.0136933070375911,0.0136933070375911
"801","Oxytetracycline hydrochloride","2058-46-0","Armitage et al. (2021)",0.95,1.001957989,"Nicol et al. (MCF7)","Cell-free","Our data","0","A",10,1.36684e-06,460.43,460,-1.53,-28.9,501868.7,4.5,-0.0222763947111523,0.0008495124214731,0.0231259071326254,0.0231259071326254
"802","Panthenol","16485-10-2 ","Armitage et al. (2021)",0.268,0.998246699,"Nicol et al. (MCF7)","Cell-free","Our data","0","N",10,0.001163367,205.25,164,-0.895,-15,1034460,NA,-0.571865205971211,-0.00076211725529285,0.571103088715918,0.571103088715918
"803","Paracetamol","103-90-2","Armitage et al. (2021)",0.638,0.979392272,"Nicol et al. (MCF7)","Cell-free","Our data","0","N",10,0.000583065,151.16,170,0.46,-10.9,14224.156,NA,-0.195179321278838,-0.00904332715157389,0.186135994127264,0.186135994127264
"804","Topiramate","97240-79-4","Armitage et al. (2021)",0.95,1.00005569,"Nicol et al. (MCF7)","Cell-free","Our data","0","A",10,0.00094562,339.36,165,-1.39,-18,264022.08,9.2,-0.0222763947111523,2.41851862669056e-05,0.0223005798974192,0.0223005798974192
"805","Trimellitic anhydride","552-30-7","Armitage et al. (2021)",0.91,0.987908262,"Nicol et al. (MCF7)","Cell-free","Our data","0","A",10,2.26838e-06,192.13,162,1.46,-10.2,15754.66,3.3,-0.0409586076789064,-0.00528338249432772,0.0356752251845787,0.0356752251845787
"806","Verapamil hydrochloride","152-11-4","Armitage et al. (2021)",0.625,0.237284843,"Nicol et al. (MCF7)","Cell-free","Our data","0","B",10,0.047393263,454.6,200,4.48,-16.2,2.29573,9.2,-0.204119982655925,-0.624730002244926,-0.420610019589001,0.420610019589001
"807","Warfarin","129-06-6","Armitage et al. (2021)",0.412,0.656529315,"Nicol et al. (MCF7)","Cell-free","Our data","0","N",10,3.76458e-06,308.33,175,2.48,-11.6,82.94077,NA,-0.385102783966865,-0.182745877253868,0.202356906712997,0.202356906712997
"809","Aldrin","309-00-2","Zaldivar-Comenges et al. (2017)",0.00166666666666667,0.00020854,"Valdiviezo et al.(10 uM - Single)","Cell-free","Our data","0","N",10,4.46,364.91,129,6.5,-1.68,0.026310011,NA,-2.77815125038364,-3.68081063079511,-0.902659380411465,0.902659380411465
"810","Azinphos-methyl","86-50-0","Zaldivar-Comenges et al. (2017)",0.420233333333333,0.602502302,"Valdiviezo et al.(10 uM - Single)","Cell-free","Our data","0","N",10,0.0101,317.32,73,2.75,-13.3,23.132628,NA,-0.376509501885872,-0.220041289426974,0.156468212458899,0.156468212458899
"811","Chlorpyrifos","2921-88-2","Zaldivar-Comenges et al. (2017)",0.00266666666666667,0.014874189,"Valdiviezo et al.(10 uM - Single)","Cell-free","Our data","0","N",10,0.297,350.59,42,4.96,-4.17,1.1499352,NA,-2.57403126772772,-1.82756670441801,0.746464563309706,0.746464563309706
"812","DDD-p,p'","50-29-3","Zaldivar-Comenges et al. (2017)",0.00316666666666667,6.56e-05,"Valdiviezo et al.(10 uM - Single)","Cell-free","Our data","0","N",10,0.843,354.49,108,6.91,-3.82,0.006699861,NA,-2.49939764943081,-4.18309616062434,-1.68369851119352,1.68369851119352
"813","DDT-o,p'","789-02-6","Zaldivar-Comenges et al. (2017)",0.00163333333333333,0.000176147,"Valdiviezo et al.(10 uM - Single)","Cell-free","Our data","0","N",10,1.45,354.49,116,6.56,-3.95,0.07656984,NA,-2.78692517469115,-3.75412474898879,-0.967199574297639,0.967199574297639
"814","DDT-p,p'","72-54-8","Zaldivar-Comenges et al. (2017)",0.00123333333333333,0.000605552,"Valdiviezo et al.(10 uM - Single)","Cell-free","Our data","0","N",10,0.669,320.04,110,6.12,-3.32,0.09025128,NA,-2.90891953065267,-3.21784855715612,-0.30892902650345,0.30892902650345
"815","Diazinon","333-41-5","Zaldivar-Comenges et al. (2017)",0.0682333333333333,0.191687335,"Valdiviezo et al.(10 uM - Single)","Cell-free","Our data","0","N",10,0.0114,304.35,52.6,3.81,-5.17,47.4786,NA,-1.16600341205716,-0.717406580503868,0.448596831553288,0.448596831553288
"816","Dicofol","115-32-2","Zaldivar-Comenges et al. (2017)",0.0166,0.012645816,"Valdiviezo et al.(10 uM - Single)","Cell-free","Our data","0","N",10,0.000149,370.49,77.5,5.02,-6.03,0.8632417,NA,-1.77989191195995,-1.89805314157752,-0.118161229617578,0.118161229617578
"817","Dieldrin","60-57-1","Zaldivar-Comenges et al. (2017)",0.0159,0.00963713,"Valdiviezo et al.(10 uM - Single)","Cell-free","Our data","0","N",10,0.829,380.91,202,5.12,-4.26,0.20835777,NA,-1.79860287567955,-2.01605228256412,-0.217449406884571,0.217449406884571
"818","Disulfoton","298-04-4","Zaldivar-Comenges et al. (2017)",0.722033333333333,0.132739732,"Valdiviezo et al.(10 uM - Single)","Cell-free","Our data","0","N",10,0.483,274.4,-25,4.02,-5.26,18.05552,NA,-0.141442752363097,-0.87699906352868,-0.735556311165584,0.735556311165584
"819","Endosulfan I","115-29-7","Zaldivar-Comenges et al. (2017)",0.0263666666666667,0.185479824,"Valdiviezo et al.(10 uM - Single)","Cell-free","Our data","0","N",10,2.45,406.93,106,3.83,-4.96,0.40570921,NA,-1.57894477122199,-0.731703324873845,0.847241446348141,0.847241446348141
"820","Endrin","72-20-8","Zaldivar-Comenges et al. (2017)",0.0164333333333333,0.004120017,"Valdiviezo et al.(10 uM - Single)","Cell-free","Our data","0","N",10,0.829,380.91,144,5.43,-4.26,0.05180376,NA,-1.78427433544243,-2.38510099197877,-0.600826656536336,0.600826656536336
"821","Ethion","563-12-2","Zaldivar-Comenges et al. (2017)",0.00425,0.011041392,"Valdiviezo et al.(10 uM - Single)","Cell-free","Our data","0","N",10,0.0457,384.48,-13,5.07,-7.25,1.7340048,NA,-2.37161106994969,-1.95697617118926,0.414634898760426,0.414634898760426
"822","Heptachlor","76-44-8","Zaldivar-Comenges et al. (2017)",0.00446666666666667,0.000640392,"Valdiviezo et al.(10 uM - Single)","Cell-free","Our data","0","N",10,29.8,373.32,95.5,6.1,-2.92,0.14223492,NA,-2.35001645635485,-3.19355410207684,-0.843537645721987,0.843537645721987
"823","Heptachlor epoxide B","1024-57-3","Zaldivar-Comenges et al. (2017)",0.0279,0.014091787,"Valdiviezo et al.(10 uM - Single)","Cell-free","Our data","0","N",10,2.13,389.32,160,4.98,-4.75,0.22308036,NA,-1.5543957967264,-1.85103392988362,-0.296638133157222,0.296638133157222
"824","Lindane","58-89-9","Zaldivar-Comenges et al. (2017)",0.3132,0.221070461,"Valdiviezo et al.(10 uM - Single)","Cell-free","Our data","0","N",10,0.322,290.83,75.2,3.72,-3.77,4.449699,NA,-0.504178246614094,-0.655469283118846,-0.151291036504752,0.151291036504752
"825","Methoxychlor-o,p'","72-43-5","Zaldivar-Comenges et al. (2017)",0.00556666666666667,0.010745347,"Valdiviezo et al.(10 uM - Single)","Cell-free","Our data","0","N",10,0.0206,345.65,87,5.08,-6.7,0.08468425,NA,-2.25440478357208,-1.96877955525379,0.285625228318286,0.285625228318286
"826","Parathion","56-38-2","Zaldivar-Comenges et al. (2017)",0.0631666666666667,0.185479824,"Valdiviezo et al.(10 uM - Single)","Cell-free","Our data","0","N",10,0.0302,291.26,6.1,3.83,-5.78,12.728062,NA,-1.19951204041557,-0.731703324873845,0.467808715541726,0.467808715541726
"827","Trifluralin","1582-09-8","Zaldivar-Comenges et al. (2017)",0.0145666666666667,0.005278041,"Valdiviezo et al.(10 uM - Single)","Cell-free","Our data","0","N",10,10.4,335.28,49,5.34,-3.39,0.28632912,NA,-1.83663981774924,-2.27752724048872,-0.440887422739483,0.440887422739483
"829","Aldrin","309-00-2","Zaldivar-Comenges et al. (2017)",0.0066,0.00020854,"Valdiviezo et al.(1 uM - Single)","Cell-free","Our data","0","N",1,4.46,364.91,129,6.5,-1.68,0.026310011,NA,-2.18045606445813,-3.68081063079511,-1.50035456633698,1.50035456633698
"830","Azinphos-methyl","86-50-0","Zaldivar-Comenges et al. (2017)",0.3653,0.602502302,"Valdiviezo et al.(1 uM - Single)","Cell-free","Our data","0","N",1,0.0101,317.32,73,2.75,-13.3,23.132628,NA,-0.437350327788083,-0.220041289426974,0.21730903836111,0.21730903836111
"831","Chlorpyrifos","2921-88-2","Zaldivar-Comenges et al. (2017)",0.00373333333333333,0.014874189,"Valdiviezo et al.(1 uM - Single)","Cell-free","Our data","0","N",1,0.297,350.59,42,4.96,-4.17,1.1499352,NA,-2.42790323204948,-1.82756670441801,0.600336527631468,0.600336527631468
"832","DDD-p,p'","50-29-3","Zaldivar-Comenges et al. (2017)",0.0024,6.56e-05,"Valdiviezo et al.(1 uM - Single)","Cell-free","Our data","0","N",1,0.843,354.49,108,6.91,-3.82,0.006699861,NA,-2.61978875828839,-4.18309616062434,-1.56330740233595,1.56330740233595
"833","DDT-o,p'","789-02-6","Zaldivar-Comenges et al. (2017)",0.0039,0.000176147,"Valdiviezo et al.(1 uM - Single)","Cell-free","Our data","0","N",1,1.45,354.49,116,6.56,-3.95,0.07656984,NA,-2.4089353929735,-3.75412474898879,-1.34518935601529,1.34518935601529
"834","DDT-p,p'","72-54-8","Zaldivar-Comenges et al. (2017)",0.0015,0.000605552,"Valdiviezo et al.(1 uM - Single)","Cell-free","Our data","0","N",1,0.669,320.04,110,6.12,-3.32,0.09025128,NA,-2.82390874094432,-3.21784855715612,-0.393939816211799,0.393939816211799
"835","Diazinon","333-41-5","Zaldivar-Comenges et al. (2017)",0.0183,0.191687335,"Valdiviezo et al.(1 uM - Single)","Cell-free","Our data","0","N",1,0.0114,304.35,52.6,3.81,-5.17,47.4786,NA,-1.73754891026957,-0.717406580503868,1.0201423297657,1.0201423297657
"836","Dicofol","115-32-2","Zaldivar-Comenges et al. (2017)",0.0281333333333333,0.012645816,"Valdiviezo et al.(1 uM - Single)","Cell-free","Our data","0","N",1,0.000149,370.49,77.5,5.02,-6.03,0.8632417,NA,-1.55077880809401,-1.89805314157752,-0.347274333483516,0.347274333483516
"837","Dieldrin","60-57-1","Zaldivar-Comenges et al. (2017)",0.0186666666666667,0.00963713,"Valdiviezo et al.(1 uM - Single)","Cell-free","Our data","0","N",1,0.829,380.91,202,5.12,-4.26,0.20835777,NA,-1.72893322771346,-2.01605228256412,-0.287119054850657,0.287119054850657
"838","Disulfoton","298-04-4","Zaldivar-Comenges et al. (2017)",0.6044,0.132739732,"Valdiviezo et al.(1 uM - Single)","Cell-free","Our data","0","N",1,0.483,274.4,-25,4.02,-5.26,18.05552,NA,-0.218675544333012,-0.87699906352868,-0.658323519195668,0.658323519195668
"839","Endosulfan I","115-29-7","Zaldivar-Comenges et al. (2017)",0.0240333333333333,0.185479824,"Valdiviezo et al.(1 uM - Single)","Cell-free","Our data","0","N",1,2.45,406.93,106,3.83,-4.96,0.40570921,NA,-1.61918599000023,-0.731703324873845,0.887482665126388,0.887482665126388
"840","Endrin","72-20-8","Zaldivar-Comenges et al. (2017)",0.0227666666666667,0.004120017,"Valdiviezo et al.(1 uM - Single)","Cell-free","Our data","0","N",1,0.829,380.91,144,5.43,-4.26,0.05180376,NA,-1.64270055103813,-2.38510099197877,-0.742400440940638,0.742400440940638
"841","Ethion","563-12-2","Zaldivar-Comenges et al. (2017)",0.0012,0.011041392,"Valdiviezo et al.(1 uM - Single)","Cell-free","Our data","0","N",1,0.0457,384.48,-13,5.07,-7.25,1.7340048,NA,-2.92081875395238,-1.95697617118926,0.963842582763113,0.963842582763113
"842","Heptachlor","76-44-8","Zaldivar-Comenges et al. (2017)",0.0099,0.000640392,"Valdiviezo et al.(1 uM - Single)","Cell-free","Our data","0","N",1,29.8,373.32,95.5,6.1,-2.92,0.14223492,NA,-2.00436480540245,-3.19355410207684,-1.18918929667439,1.18918929667439
"843","Heptachlor epoxide B","1024-57-3","Zaldivar-Comenges et al. (2017)",0.0290666666666667,0.014091787,"Valdiviezo et al.(1 uM - Single)","Cell-free","Our data","0","N",1,2.13,389.32,160,4.98,-4.75,0.22308036,NA,-1.5366047697871,-1.85103392988362,-0.314429160096529,0.314429160096529
"844","Lindane","58-89-9","Zaldivar-Comenges et al. (2017)",0.225766666666667,0.221070461,"Valdiviezo et al.(1 uM - Single)","Cell-free","Our data","0","N",1,0.322,290.83,75.2,3.72,-3.77,4.449699,NA,-0.646340179113301,-0.655469283118846,-0.00912910400554512,0.00912910400554512
"845","Methoxychlor-o,p'","72-43-5","Zaldivar-Comenges et al. (2017)",0.0068,0.010745347,"Valdiviezo et al.(1 uM - Single)","Cell-free","Our data","0","N",1,0.0206,345.65,87,5.08,-6.7,0.08468425,NA,-2.16749108729376,-1.96877955525379,0.198711532039971,0.198711532039971
"846","Parathion","56-38-2","Zaldivar-Comenges et al. (2017)",0.0792,0.185479824,"Valdiviezo et al.(1 uM - Single)","Cell-free","Our data","0","N",1,0.0302,291.26,6.1,3.83,-5.78,12.728062,NA,-1.10127481841051,-0.731703324873845,0.369571493536661,0.369571493536661
"847","Trifluralin","1582-09-8","Zaldivar-Comenges et al. (2017)",0.0243333333333333,0.005278041,"Valdiviezo et al.(1 uM - Single)","Cell-free","Our data","0","N",1,10.4,335.28,49,5.34,-3.39,0.28632912,NA,-1.61379839459921,-2.27752724048872,-0.663728845889518,0.663728845889518
"849","Aldrin","309-00-2","Zaldivar-Comenges et al. (2017)",0.00103333333333333,0.00020854,"Valdiviezo et al.(10 uM- Mixture)","Cell-free","Our data","0","N",10,4.46,364.91,129,6.5,-1.68,0.026310011,NA,-2.98575956088539,-3.68081063079511,-0.695051069909719,0.695051069909719
"850","Azinphos-methyl","86-50-0","Zaldivar-Comenges et al. (2017)",0.4386,0.602502302,"Valdiviezo et al.(10 uM- Mixture)","Cell-free","Our data","0","N",10,0.0101,317.32,73,2.75,-13.3,23.132628,NA,-0.357931372658496,-0.220041289426974,0.137890083231522,0.137890083231522
"851","Chlorpyrifos","2921-88-2","Zaldivar-Comenges et al. (2017)",0.000766666666666667,0.014874189,"Valdiviezo et al.(10 uM- Mixture)","Cell-free","Our data","0","N",10,0.297,350.59,42,4.96,-4.17,1.1499352,NA,-3.11539341870207,-1.82756670441801,1.28782671428406,1.28782671428406
"852","DDD-p,p'","50-29-3","Zaldivar-Comenges et al. (2017)",0.0012,6.56e-05,"Valdiviezo et al.(10 uM- Mixture)","Cell-free","Our data","0","N",10,0.843,354.49,108,6.91,-3.82,0.006699861,NA,-2.92081875395238,-4.18309616062434,-1.26227740667196,1.26227740667196
"853","DDT-o,p'","789-02-6","Zaldivar-Comenges et al. (2017)",0.00376666666666667,0.000176147,"Valdiviezo et al.(10 uM- Mixture)","Cell-free","Our data","0","N",10,1.45,354.49,116,6.56,-3.95,0.07656984,NA,-2.42404281123624,-3.75412474898879,-1.33008193775254,1.33008193775254
"854","DDT-p,p'","72-54-8","Zaldivar-Comenges et al. (2017)",4e-04,0.000605552,"Valdiviezo et al.(10 uM- Mixture)","Cell-free","Our data","0","N",10,0.669,320.04,110,6.12,-3.32,0.09025128,NA,-3.39794000867204,-3.21784855715612,0.18009145151592,0.18009145151592
"855","Diazinon","333-41-5","Zaldivar-Comenges et al. (2017)",0.0547666666666667,0.191687335,"Valdiviezo et al.(10 uM- Mixture)","Cell-free","Our data","0","N",10,0.0114,304.35,52.6,3.81,-5.17,47.4786,NA,-1.2614836912846,-0.717406580503868,0.544077110780732,0.544077110780732
"856","Dicofol","115-32-2","Zaldivar-Comenges et al. (2017)",0.0165333333333333,0.012645816,"Valdiviezo et al.(10 uM- Mixture)","Cell-free","Our data","0","N",10,0.000149,370.49,77.5,5.02,-6.03,0.8632417,NA,-1.78163957822946,-1.89805314157752,-0.116413563348058,0.116413563348058
"857","Dieldrin","60-57-1","Zaldivar-Comenges et al. (2017)",0.0104,0.00963713,"Valdiviezo et al.(10 uM- Mixture)","Cell-free","Our data","0","N",10,0.829,380.91,202,5.12,-4.26,0.20835777,NA,-1.98296666070122,-2.01605228256412,-0.0330856218628997,0.0330856218628997
"858","Disulfoton","298-04-4","Zaldivar-Comenges et al. (2017)",0.8419,0.132739732,"Valdiviezo et al.(10 uM- Mixture)","Cell-free","Our data","0","N",10,0.483,274.4,-25,4.02,-5.26,18.05552,NA,-0.0747394904805647,-0.87699906352868,-0.802259573048116,0.802259573048116
"859","Endosulfan I","115-29-7","Zaldivar-Comenges et al. (2017)",0.0107,0.185479824,"Valdiviezo et al.(10 uM- Mixture)","Cell-free","Our data","0","N",10,2.45,406.93,106,3.83,-4.96,0.40570921,NA,-1.97061622231479,-0.731703324873845,1.23891289744095,1.23891289744095
"860","Endrin","72-20-8","Zaldivar-Comenges et al. (2017)",0.0104666666666667,0.004120017,"Valdiviezo et al.(10 uM- Mixture)","Cell-free","Our data","0","N",10,0.829,380.91,144,5.43,-4.26,0.05180376,NA,-1.98019160664645,-2.38510099197877,-0.40490938533232,0.40490938533232
"861","Ethion","563-12-2","Zaldivar-Comenges et al. (2017)",0.00106666666666667,0.011041392,"Valdiviezo et al.(10 uM- Mixture)","Cell-free","Our data","0","N",10,0.0457,384.48,-13,5.07,-7.25,1.7340048,NA,-2.97197127639976,-1.95697617118926,1.01499510521049,1.01499510521049
"862","Heptachlor","76-44-8","Zaldivar-Comenges et al. (2017)",0.00256666666666667,0.000640392,"Valdiviezo et al.(10 uM- Mixture)","Cell-free","Our data","0","N",10,29.8,373.32,95.5,6.1,-2.92,0.14223492,NA,-2.59063052954718,-3.19355410207684,-0.602923572529662,0.602923572529662
"863","Heptachlor epoxide B","1024-57-3","Zaldivar-Comenges et al. (2017)",0.0179,0.014091787,"Valdiviezo et al.(10 uM- Mixture)","Cell-free","Our data","0","N",10,2.13,389.32,160,4.98,-4.75,0.22308036,NA,-1.74714696902011,-1.85103392988362,-0.103886960863518,0.103886960863518
"864","Lindane","58-89-9","Zaldivar-Comenges et al. (2017)",0.2754,0.221070461,"Valdiviezo et al.(10 uM- Mixture)","Cell-free","Our data","0","N",10,0.322,290.83,75.2,3.72,-3.77,4.449699,NA,-0.560036064079095,-0.655469283118846,-0.0954332190397512,0.0954332190397512
"865","Methoxychlor-o,p'","72-43-5","Zaldivar-Comenges et al. (2017)",0.00303333333333333,0.010745347,"Valdiviezo et al.(10 uM- Mixture)","Cell-free","Our data","0","N",10,0.0206,345.65,87,5.08,-6.7,0.08468425,NA,-2.51807986239857,-1.96877955525379,0.549300307144776,0.549300307144776
"866","Parathion","56-38-2","Zaldivar-Comenges et al. (2017)",0.0724,0.185479824,"Valdiviezo et al.(10 uM- Mixture)","Cell-free","Our data","0","N",10,0.0302,291.26,6.1,3.83,-5.78,12.728062,NA,-1.14026143380285,-0.731703324873845,0.408558108929008,0.408558108929008
"867","Trifluralin","1582-09-8","Zaldivar-Comenges et al. (2017)",0.00946666666666667,0.005278041,"Valdiviezo et al.(10 uM- Mixture)","Cell-free","Our data","0","N",10,10.4,335.28,49,5.34,-3.39,0.28632912,NA,-2.02380291467262,-2.27752724048872,-0.253724325816099,0.253724325816099
"869","Aldrin","309-00-2","Zaldivar-Comenges et al. (2017)",0.00413333333333333,0.00020854,"Valdiviezo et al.(1 uM- Mixture)","Cell-free","Our data","0","N",1,4.46,364.91,129,6.5,-1.68,0.026310011,NA,-2.38369956955743,-3.68081063079511,-1.29711106123768,1.29711106123768
"870","Azinphos-methyl","86-50-0","Zaldivar-Comenges et al. (2017)",0.441133333333333,0.602502302,"Valdiviezo et al.(1 uM- Mixture)","Cell-free","Our data","0","N",1,0.0101,317.32,73,2.75,-13.3,23.132628,NA,-0.355430124412086,-0.220041289426974,0.135388834985112,0.135388834985112
"871","Chlorpyrifos","2921-88-2","Zaldivar-Comenges et al. (2017)",0.000966666666666667,0.014874189,"Valdiviezo et al.(1 uM- Mixture)","Cell-free","Our data","0","N",1,0.297,350.59,42,4.96,-4.17,1.1499352,NA,-3.01472325682071,-1.82756670441801,1.18715655240269,1.18715655240269
"872","DDD-p,p'","50-29-3","Zaldivar-Comenges et al. (2017)",0.00173333333333333,6.56e-05,"Valdiviezo et al.(1 uM- Mixture)","Cell-free","Our data","0","N",1,0.843,354.49,108,6.91,-3.82,0.006699861,NA,-2.76111791108486,-4.18309616062434,-1.42197824953948,1.42197824953948
"873","DDT-o,p'","789-02-6","Zaldivar-Comenges et al. (2017)",0.0031,0.000176147,"Valdiviezo et al.(1 uM- Mixture)","Cell-free","Our data","0","N",1,1.45,354.49,116,6.56,-3.95,0.07656984,NA,-2.50863830616573,-3.75412474898879,-1.24548644282306,1.24548644282306
"874","DDT-p,p'","72-54-8","Zaldivar-Comenges et al. (2017)",0.00166666666666667,0.000605552,"Valdiviezo et al.(1 uM- Mixture)","Cell-free","Our data","0","N",1,0.669,320.04,110,6.12,-3.32,0.09025128,NA,-2.77815125038364,-3.21784855715612,-0.439697306772473,0.439697306772473
"875","Diazinon","333-41-5","Zaldivar-Comenges et al. (2017)",0.0603333333333333,0.191687335,"Valdiviezo et al.(1 uM- Mixture)","Cell-free","Our data","0","N",1,0.0114,304.35,52.6,3.81,-5.17,47.4786,NA,-1.21944267985048,-0.717406580503868,0.50203609934661,0.50203609934661
"876","Dicofol","115-32-2","Zaldivar-Comenges et al. (2017)",0.00786666666666667,0.012645816,"Valdiviezo et al.(1 uM- Mixture)","Cell-free","Our data","0","N",1,0.000149,370.49,77.5,5.02,-6.03,0.8632417,NA,-2.10420925174956,-1.89805314157752,0.206156110172033,0.206156110172033
"877","Dieldrin","60-57-1","Zaldivar-Comenges et al. (2017)",0.0215333333333333,0.00963713,"Valdiviezo et al.(1 uM- Mixture)","Cell-free","Our data","0","N",1,0.829,380.91,202,5.12,-4.26,0.20835777,NA,-1.66688873672458,-2.01605228256412,-0.349163545839541,0.349163545839541
"878","Disulfoton","298-04-4","Zaldivar-Comenges et al. (2017)",0.914333333333333,0.132739732,"Valdiviezo et al.(1 uM- Mixture)","Cell-free","Our data","0","N",1,0.483,274.4,-25,4.02,-5.26,18.05552,NA,-0.038895447115133,-0.87699906352868,-0.838103616413547,0.838103616413547
"879","Endosulfan I","115-29-7","Zaldivar-Comenges et al. (2017)",0.0221,0.185479824,"Valdiviezo et al.(1 uM- Mixture)","Cell-free","Our data","0","N",1,2.45,406.93,106,3.83,-4.96,0.40570921,NA,-1.65560772631489,-0.731703324873845,0.923904401441044,0.923904401441044
"880","Endrin","72-20-8","Zaldivar-Comenges et al. (2017)",0.0226666666666667,0.004120017,"Valdiviezo et al.(1 uM- Mixture)","Cell-free","Our data","0","N",1,0.829,380.91,144,5.43,-4.26,0.05180376,NA,-1.64461234201343,-2.38510099197877,-0.740488649965342,0.740488649965342
"881","Ethion","563-12-2","Zaldivar-Comenges et al. (2017)",0.00253333333333333,0.011041392,"Valdiviezo et al.(1 uM- Mixture)","Cell-free","Our data","0","N",1,0.0457,384.48,-13,5.07,-7.25,1.7340048,NA,-2.59630766243887,-1.95697617118926,0.639331491249609,0.639331491249609
"882","Heptachlor","76-44-8","Zaldivar-Comenges et al. (2017)",0.00756666666666667,0.000640392,"Valdiviezo et al.(1 uM- Mixture)","Cell-free","Our data","0","N",1,29.8,373.32,95.5,6.1,-2.92,0.14223492,NA,-2.12109539752654,-3.19355410207684,-1.0724587045503,1.0724587045503
"883","Heptachlor epoxide B","1024-57-3","Zaldivar-Comenges et al. (2017)",0.0390666666666667,0.014091787,"Valdiviezo et al.(1 uM- Mixture)","Cell-free","Our data","0","N",1,2.13,389.32,160,4.98,-4.75,0.22308036,NA,-1.40819364303759,-1.85103392988362,-0.442840286846034,0.442840286846034
"884","Lindane","58-89-9","Zaldivar-Comenges et al. (2017)",0.253266666666667,0.221070461,"Valdiviezo et al.(1 uM- Mixture)","Cell-free","Our data","0","N",1,0.322,290.83,75.2,3.72,-3.77,4.449699,NA,-0.596421965500961,-0.655469283118846,-0.0590473176178855,0.0590473176178855
"885","Methoxychlor-o,p'","72-43-5","Zaldivar-Comenges et al. (2017)",0.00706666666666667,0.010745347,"Valdiviezo et al.(1 uM- Mixture)","Cell-free","Our data","0","N",1,0.0206,345.65,87,5.08,-6.7,0.08468425,NA,-2.15078539379091,-1.96877955525379,0.182005838537118,0.182005838537118
"886","Parathion","56-38-2","Zaldivar-Comenges et al. (2017)",0.0786333333333333,0.185479824,"Valdiviezo et al.(1 uM- Mixture)","Cell-free","Our data","0","N",1,0.0302,291.26,6.1,3.83,-5.78,12.728062,NA,-1.10439331383407,-0.731703324873845,0.372689988960222,0.372689988960222
"887","Trifluralin","1582-09-8","Zaldivar-Comenges et al. (2017)",0.0256333333333333,0.005278041,"Valdiviezo et al.(1 uM- Mixture)","Cell-free","Our data","0","N",1,10.4,335.28,49,5.34,-3.39,0.28632912,NA,-1.59119491491823,-2.27752724048872,-0.686332325570493,0.686332325570493
"888","Caffeine","58-08-2","Zaldivar-Comenges et al. (2017)",0.999999,0.940030971,"Huchthausen et al. (ARE)","Human","Literature","0","N",3680,0.157,194.19,238,-0.07,-9.95,21749.28,NA,-4.34294699063126e-07,-0.0268578375568751,-0.0268574032621761,0.0268574032621761
"896","Caffeine","58-08-2","Zaldivar-Comenges et al. (2017)",0.754098361,0.987094226,"Huchthausen et al. (PPAR)","Human","Literature","0","N",2440,0.157,194.19,238,-0.07,-9.95,21749.28,NA,-0.122572003130928,-0.0056413884867641,0.116930614644164,0.116930614644164
"904","di-n-butylphthalate","84-74-2","Zaldivar-Comenges et al. (2017)",0.59,0.44763562,"Tanneberger et al.(Fish RTgill)","Fish","Literature","0","N",0.835586139,0.183,278.34,-35,4.61,-5.26,11.189268,NA,-0.229147988357856,-0.349075362371695,-0.119927374013839,0.119927374013839
"906","Caffeine","58-08-2","Zaldivar-Comenges et al. (2017)",0.96,0.999939584,"Tanneberger et al.(Fish RTgill)","Fish","Literature","0","N",14037.07518,0.157,194.19,238,-0.07,-9.95,21749.28,NA,-0.0177287669604316,-2.62391280582079e-05,0.0177025278323734,0.0177025278323734
"908","Malathion","121-75-5","Zaldivar-Comenges et al. (2017)",0.99,0.992119962,"Tanneberger et al.(Fish RTgill)","Fish","Literature","0","N",39.34624697,0.000495,330.36,2.8,2.36,-9.87,144.69768,NA,-0.00436480540245009,-0.00343581203458075,0.000928993367869341,0.000928993367869341
"911","2,2,2-trichloroethanol","115-20-8","Zaldivar-Comenges et al. (2017)",0.94,0.999008659,"Tanneberger et al.(Fish RTgill)","Fish","Literature","0","N",712.8514056,0.597,149.4,19,1.42,-3.34,83215.8,NA,-0.0268721464003014,-0.000430747470092487,0.0264413989302089,0.0264413989302089
"912","parathion ethyl","56-38-2","Zaldivar-Comenges et al. (2017)",0.77,0.824259117,"Tanneberger et al.(Fish RTgill)","Fish","Literature","0","N",2.883625129,0.0302,291.26,6.1,3.83,-5.78,12.728062,NA,-0.113509274827518,-0.0839362404955235,0.0295730343319947,0.0295730343319947
"913","diethylphthalate","84-66-2","Zaldivar-Comenges et al. (2017)",0.91,0.99059607,"Tanneberger et al.(Fish RTgill)","Fish","Literature","0","N",310.5310531,0.00237,222.24,-40.5,2.44,-5.26,1037.8608,NA,-0.0409586076789064,-0.00410339933024304,0.0368552083486633,0.0368552083486633
"914","4-chlorophenol","106-48-9","Zaldivar-Comenges et al. (2017)",0.87,0.991579673,"Tanneberger et al.(Fish RTgill)","Fish","Literature","0","N",93.3125972,0.0639,128.56,42.7,2.39,-4.8,24554.96,NA,-0.0604807473813815,-0.0036723846819666,0.0568083626994149,0.0568083626994149
"915","permethrin","52645-53-1","Zaldivar-Comenges et al. (2017)",0.29,0.010816354,"Tanneberger et al.(Fish RTgill)","Fish","Literature","0","N",23.00025556,0.00243,391.29,34,6.5,-6.61,0.08373606,NA,-0.537602002101044,-1.96591910748503,-1.42831710538398,1.42831710538398
"916","Aniline","62-53-3","Zaldivar-Comenges et al. (2017)",0.999999,0.999673707,"Tanneberger et al.(Fish RTgill)","Fish","Literature","0","N",4749.731472,0.205,93.13,-6,0.9,-4.27,36041.31,NA,-4.34294699063126e-07,-0.000141730373455695,-0.000141296078756632,0.000141296078756632
"917","disulfoton","298-04-4","Zaldivar-Comenges et al. (2017)",0.54,0.753711191,"Tanneberger et al.(Fish RTgill)","Fish","Literature","0","N",9.110787172,0.483,274.4,-25,4.02,-5.26,18.05552,NA,-0.267606240177031,-0.12279503633566,0.144811203841371,0.144811203841371
"918","4-fluoroaniline","371-40-4","Zaldivar-Comenges et al. (2017)",0.88,0.999448127,"Tanneberger et al.(Fish RTgill)","Fish","Literature","0","N",1913.591359,0.0611,111.12,-0.8,1.15,-3.98,14778.96,NA,-0.0555173278498314,-0.000239741558144264,0.0552775862916871,0.0552775862916871
"920","Allyl alcohol","107-18-6","Zaldivar-Comenges et al. (2017)",0.98,0.999915202,"Tanneberger et al.(Fish RTgill)","Fish","Literature","0","N",14359.72461,0.506,58.08,-129,0.17,-3.52,998976,NA,-0.00877392430750515,-3.68288650055719e-05,0.00873709544249958,0.00873709544249958
"921","lindane","58-89-9","Zaldivar-Comenges et al. (2017)",0.43,0.857231522,"Tanneberger et al.(Fish RTgill)","Fish","Literature","0","N",33.3562586,0.322,290.83,75.2,3.72,-3.77,4.449699,NA,-0.366531544420413,-0.0669018675194353,0.299629676900978,0.299629676900978
"922","N-methylaniline","100-61-8","Zaldivar-Comenges et al. (2017)",0.85,0.998322004,"Tanneberger et al.(Fish RTgill)","Fish","Literature","0","N",1509.328358,0.9,107.15,-57,1.66,-3.41,5625.375,NA,-0.0705810742857073,-0.000729356503382709,0.0698517177823246,0.0698517177823246
"923","3,4-dichloroaniline","95-76-1","Zaldivar-Comenges et al. (2017)",0.74,0.983684841,"Tanneberger et al.(Fish RTgill)","Fish","Literature","0","N",47.83950617,0.0176,162.02,72,2.69,-4.68,145.65598,NA,-0.130768280269024,-0.0071440212212986,0.123624259047725,0.123624259047725
"924","4-decylaniline","37529-30-9","Zaldivar-Comenges et al. (2017)",0.15,0.01628528,"Tanneberger et al.(Fish RTgill)","Fish","Literature","0","N",2.399314482,2.07,233.39,25,6.32,-3.09,0.20374947,NA,-0.823908740944319,-1.78820477001839,-0.964296029074068,0.964296029074068
"925","naphthalene","91-20-3","Zaldivar-Comenges et al. (2017)",0.11,0.939028704,"Tanneberger et al.(Fish RTgill)","Fish","Literature","0","N",219.1887676,44.6,128.17,80.2,3.3,-2.41,31.65799,NA,-0.958607314841775,-0.0273211321233694,0.931286182718406,0.931286182718406
"926","1,2,4-trichlorobenzene","120-82-1","Zaldivar-Comenges et al. (2017)",0.03,0.766015389,"Tanneberger et al.(Fish RTgill)","Fish","Literature","0","N",78.2369146,144,181.45,17,3.99,-0.83,46.4512,NA,-1.52287874528034,-0.115762505444879,1.40711623983546,1.40711623983546
"927","1,2-dichlorobenzene","95-50-1","Zaldivar-Comenges et al. (2017)",0.07,0.920053379,"Tanneberger et al.(Fish RTgill)","Fish","Literature","0","N",182.9931973,195,147,-16.7,3.43,-0.98,143.325,NA,-1.15490195998574,-0.0361869753363445,1.1187149846494,1.1187149846494
"928","dichloromethane","75-09-2","Zaldivar-Comenges et al. (2017)",0.33,0.999314191,"Tanneberger et al.(Fish RTgill)","Fish","Literature","0","N",17656.06596,329,84.93,-95.1,1.25,-1.19,15117.54,NA,-0.481486060122112,-0.000297945242785929,0.481188114879327,0.481188114879327
"929","tetrachloroethylene","127-18-4","Zaldivar-Comenges et al. (2017)",0.08,0.924858633,"Tanneberger et al.(Fish RTgill)","Fish","Literature","0","N",195.4161641,1790,165.83,-22.3,3.4,-0.52,276.9361,NA,-1.09691001300806,-0.033924645206879,1.06298536780118,1.06298536780118
"930","2,3-dimethyl-1,3-butadiene","513-81-5","Zaldivar-Comenges et al. (2017)",0.06,0.962643656,"Tanneberger et al.(Fish RTgill)","Fish","Literature","0","N",1000,4530,82.14,-76,3.07,0.95,326.9172,NA,-1.22184874961636,-0.0165344469075837,1.20531430270877,1.20531430270877
"931","Eugenol F","97-53-0","Zaldivar-Comenges et al. (2017)",0.999999,0.993535874,"Schug et al.(Fish RTgut - High dose)","Fish","Literature","0","N",6.090133983,0.0222,164.2,-9.1,2.27,-4.85,840.704,NA,-4.34294699063126e-07,-0.00281644702526227,-0.00281601273056321,0.00281601273056321
"932","Methyl-antranilate","134-20-3","Zaldivar-Comenges et al. (2017)",0.9999,0.997273998,"Schug et al.(Fish RTgut - High dose)","Fish","Literature","0","N",165.3439153,0.00111,151.16,24.5,1.88,-6.32,2872.04,NA,-4.34316198075056e-05,-0.00118550420480828,-0.00114207258500078,0.00114207258500078
"933","Lilyfore","285977-85-7","Zaldivar-Comenges et al. (2017)",0.9999,0.946267092,"Schug et al.(Fish RTgut - High dose)","Fish","Literature","0","N",11.34429949,0.0717,176.25,50.8,3.24,-5.78,222.075,NA,-4.34316198075056e-05,-0.0239862629536986,-0.0239428313338911,0.0239428313338911
"934","Damascone beta","23726-91-2","Zaldivar-Comenges et al. (2017)",0.99,0.621372959,"Schug et al.(Fish RTgut - High dose)","Fish","Literature","0","N",5.200208008,32.8,192.3,17.5,4.29,-2.6,7.98045,NA,-0.00436480540245009,-0.206647650361081,-0.202282844958631,0.202282844958631
"935","Veloutone","14595-54-1","Zaldivar-Comenges et al. (2017)",0.57,0.150937151,"Schug et al.(Fish RTgut - High dose)","Fish","Literature","0","N",0.50942435,18.4,222.37,40.4,5.28,-3.52,0.9384014,NA,-0.244125144327509,-0.82120385175191,-0.577078707424401,0.577078707424401
"938","Cetalox","3738-00-9","Zaldivar-Comenges et al. (2017)",0.72,0.118756275,"Schug et al.(Fish RTgut - High dose)","Fish","Literature","0","N",1.057529611,140,236.39,60.7,5.4,-1.56,2.434817,NA,-0.142667503568732,-0.925343433274684,-0.782675929705953,0.782675929705953
"939","Tonalide","21145-77-7","Zaldivar-Comenges et al. (2017)",0.43,0.064064943,"Schug et al.(Fish RTgut - High dose)","Fish","Literature","0","N",0.03869969,4.8534675,258.4,54.5,5.7,-3.69,1.250656,NA,-0.366531544420413,-1.19337955591875,-0.826848011498338,0.826848011498338
"940","Eugenol F","97-53-0","Zaldivar-Comenges et al. (2017)",0.9999,0.993535877,"Schug et al.(Fish RTgut - Low dose)","Fish","Literature","0","N",1827.040195,0.0222,164.2,-9.1,2.27,-4.85,840.704,NA,-4.34316198075056e-05,-0.00281644571390202,-0.00277301409409451,0.00277301409409451
"941","Methyl-antranilate","134-20-3","Zaldivar-Comenges et al. (2017)",0.9999,0.997273997,"Schug et al.(Fish RTgut - Low dose)","Fish","Literature","0","N",5291.005291,0.00111,151.16,24.5,1.88,-6.32,2872.04,NA,-4.34316198075056e-05,-0.00118550464028992,-0.00114207302048242,0.00114207302048242
"942","Lilyfore","285977-85-7","Zaldivar-Comenges et al. (2017)",0.9999,0.946267082,"Schug et al.(Fish RTgut - Low dose)","Fish","Literature","0","N",680.6579694,0.0717,176.25,50.8,3.24,-5.78,222.075,NA,-4.34316198075056e-05,-0.0239862675432536,-0.0239428359234461,0.0239428359234461
"943","Damascone beta","23726-91-2","Zaldivar-Comenges et al. (2017)",0.99,0.621369699,"Schug et al.(Fish RTgut - Low dose)","Fish","Literature","0","N",104.0041602,32.8,192.3,17.5,4.29,-2.6,7.98045,NA,-0.00436480540245009,-0.206649928869832,-0.202285123467382,0.202285123467382
"944","Veloutone","14595-54-1","Zaldivar-Comenges et al. (2017)",0.57,0.150936881,"Schug et al.(Fish RTgut - Low dose)","Fish","Literature","0","N",61.13092206,18.4,222.37,40.4,5.28,-3.52,0.9384014,NA,-0.244125144327509,-0.821204628629002,-0.577079484301493,0.577079484301493
"947","Cetalox","3738-00-9","Zaldivar-Comenges et al. (2017)",0.72,0.118756973,"Schug et al.(Fish RTgut - Low dose)","Fish","Literature","0","N",21.15059222,140,236.39,60.7,5.4,-1.56,2.434817,NA,-0.142667503568732,-0.925340880679821,-0.78267337711109,0.78267337711109
"948","Tonalide","21145-77-7","Zaldivar-Comenges et al. (2017)",0.43,0.064064943,"Schug et al.(Fish RTgut - Low dose)","Fish","Literature","0","N",7.73993808,4.8534675,258.4,54.5,5.7,-3.69,1.250656,NA,-0.366531544420413,-1.19337955591875,-0.826848011498338,0.826848011498338
"978","Citalopram hydrobromide","59729-33-8","Zaldivar-Comenges et al. (2017)",1,0.559596324,"Blanchette et al.","Cell-free","Literature","0","N",10,0.4032735,324.39,153.367,3.2,-8.356,30,NA,0,-0.252125147060408,-0.252125147060408,0.252125147060408
"986","Mifepristone","84371-65-3","Zaldivar-Comenges et al. (2017)",0.58,0.030907551,"Blanchette et al.","Cell-free","Literature","0","N",10,0.002320343,429.59,241.967,4.877,-11.407,0.826,NA,-0.236572006437063,-1.50993540546152,-1.27336339902446,1.27336339902446
"988","Benzocaine","94-09-7","Zaldivar-Comenges et al. (2017)",0.784,0.846377053,"Nicol et al. (HepG2)","Cell-free","Literature","0","N",10,0.000299031,165.19,92,1.86,-6.33,834.2095,NA,-0.105683937315562,-0.072436119754271,0.0332478175612905,0.0332478175612905
"991","Chlorpyrifos","2921-88-2","Zaldivar-Comenges et al. (2017)",0.005,0.014207072,"Nicol et al. (HepG2)","Cell-free","Literature","1","N",10,0.297,350.59,42,4.96,-4.17,1.1499352,NA,-2.30102999566398,-1.84749541857291,0.453534577091072,0.453534577091072
"994","Cypermethrin","67375-30-8","Zaldivar-Comenges et al. (2017)",0.005,0.000147119,"Nicol et al. (HepG2)","Cell-free","Literature","1","N",10,0.000211698,416.3,102,6.62,-6.45,0.01477865,NA,-2.30102999566398,-3.83233123575447,-1.53130124009049,1.53130124009049
"995","DEET","134-62-3","Zaldivar-Comenges et al. (2017)",0.735,0.777750034,"Nicol et al. (HepG2)","Cell-free","Literature","0","N",10,0.014645918,191.27,-45,2.18,-6.57,916.1833,NA,-0.133712660915805,-0.109159961233708,0.0245526996820968,0.0245526996820968
"996","Dexamethasone","50-02-2","Zaldivar-Comenges et al. (2017)",0.662,0.8351205,"Nicol et al. (HepG2)","Cell-free","Literature","0","N",10,6.69448e-06,392.46,248,1.92,-18.8,78.492,NA,-0.1791420105603,-0.0782508554034086,0.100891155156891,0.100891155156891
"997","Digoxin","20830-75-5","Zaldivar-Comenges et al. (2017)",0.529,0.926221954,"Nicol et al. (HepG2)","Cell-free","Literature","0","N",10,1.33572e-05,780.94,426,1.26,-30.7,59.195252,NA,-0.276544327964814,-0.0332849292500742,0.24325939871474,0.24325939871474
"998","Fenazaquin","120928-09-8","Zaldivar-Comenges et al. (2017)",0.005,0.003200588,"Nicol et al. (HepG2)","Cell-free","Literature","1","N",10,0.136683664,306.4,78.5,5.51,-7.24,0.1495232,NA,-2.30102999566398,-2.49477022739992,-0.193740231735938,0.193740231735938
"999","Fenbuconazole","114369-43-6","Zaldivar-Comenges et al. (2017)",0.157,0.402422697,"Nicol et al. (HepG2)","Cell-free","Literature","0","N",10,0.394199993,336.82,125,3.23,-10,0.3738702,NA,-0.804100347590766,-0.395317532664173,0.408782814926593,0.408782814926593
"1000","Fluazinam","79622-59-6","Zaldivar-Comenges et al. (2017)",0.005,0.128699441,"Nicol et al. (HepG2)","Cell-free","Literature","0","N",10,1.60589e-06,465.09,113,4.01,-4.7,0.4883445,NA,-2.30102999566398,-0.890423339429278,1.4106066562347,1.4106066562347
"1003","HC Red 3","2871-01-4","Zaldivar-Comenges et al. (2017)",0.95,0.941989264,"Nicol et al. (HepG2)","Cell-free","Literature","0","N",10,0.0090306,197.19,152,0.13,-11.8,121074.66,NA,-0.0222763947111523,-0.0259540469015257,-0.00367765219037346,0.00367765219037346
"1011","Panthenol","16485-10-2 ","Zaldivar-Comenges et al. (2017)",0.433,0.94212159,"Nicol et al. (HepG2)","Cell-free","Literature","0","N",10,0.001163367,205.25,164,-0.895,-15,1034460,NA,-0.363512103646635,-0.0258930436419937,0.337619060004641,0.337619060004641
"1012","Paracetamol","103-90-2","Zaldivar-Comenges et al. (2017)",0.54,0.941811129,"Nicol et al. (HepG2)","Cell-free","Literature","0","N",10,0.000583065,151.16,170,0.46,-10.9,14224.156,NA,-0.267606240177031,-0.0260361819812846,0.241570058195747,0.241570058195747
"1016","Warfarin","129-06-6","Zaldivar-Comenges et al. (2017)",0.347,0.692560067,"Nicol et al. (HepG2)","Cell-free","Literature","0","N",10,3.76458e-06,308.33,175,2.48,-11.6,82.94077,NA,-0.459670525209126,-0.159542553476026,0.3001279717331,0.3001279717331
"1018","Benzocaine","94-09-7","Zaldivar-Comenges et al. (2017)",0.809,0.993977731,"Nicol et al. (HepRG)","Cell-free","Literature","0","N",10,0.000299031,165.19,92,1.86,-6.33,834.2095,NA,-0.0920514783877277,-0.00262334539358636,0.0894281329941413,0.0894281329941413
"1021","Chlorpyrifos","2921-88-2","Zaldivar-Comenges et al. (2017)",0.005,0.128931507,"Nicol et al. (HepRG)","Cell-free","Literature","1","N",10,0.297,350.59,42,4.96,-4.17,1.1499352,NA,-2.30102999566398,-0.889640941108903,1.41138905455508,1.41138905455508
"1024","Cypermethrin","67375-30-8","Zaldivar-Comenges et al. (2017)",0.005,0.002798867,"Nicol et al. (HepRG)","Cell-free","Literature","1","N",10,0.000211698,416.3,102,6.62,-6.45,0.01477865,NA,-2.30102999566398,-2.55301773838216,-0.251987742718179,0.251987742718179
"1025","DEET","134-62-3","Zaldivar-Comenges et al. (2017)",0.823,0.987867551,"Nicol et al. (HepRG)","Cell-free","Literature","0","N",10,0.014645918,191.27,-45,2.18,-6.57,916.1833,NA,-0.0846001647877302,-0.0053012798312006,0.0792988849565296,0.0792988849565296
"1026","Dexamethasone","50-02-2","Zaldivar-Comenges et al. (2017)",0.693,0.993133085,"Nicol et al. (HepRG)","Cell-free","Literature","0","N",10,6.69448e-06,392.46,248,1.92,-18.8,78.492,NA,-0.159266765388193,-0.00299254988495185,0.156274215503241,0.156274215503241
"1027","Digoxin","20830-75-5","Zaldivar-Comenges et al. (2017)",0.556,0.998366888,"Nicol et al. (HepRG)","Cell-free","Literature","0","N",10,1.33572e-05,780.94,426,1.26,-30.7,59.195252,NA,-0.254925208417942,-0.000709831304833159,0.254215377113109,0.254215377113109
"1028","Fenazaquin","120928-09-8","Zaldivar-Comenges et al. (2017)",0.005,0.039084742,"Nicol et al. (HepRG)","Cell-free","Literature","1","N",10,0.136683664,306.4,78.5,5.51,-7.24,0.1495232,NA,-2.30102999566398,-1.40799275049326,0.893037245170726,0.893037245170726
"1029","Fenbuconazole","114369-43-6","Zaldivar-Comenges et al. (2017)",0.213,0.8860949,"Nicol et al. (HepRG)","Cell-free","Literature","0","N",10,0.394199993,336.82,125,3.23,-10,0.3738702,NA,-0.671620396561262,-0.0525197630573819,0.61910063350388,0.61910063350388
"1030","Fluazinam","79622-59-6","Zaldivar-Comenges et al. (2017)",0.005,0.569828676,"Nicol et al. (HepRG)","Cell-free","Literature","0","N",10,1.60589e-06,465.09,113,4.01,-4.7,0.4883445,NA,-2.30102999566398,-0.244255699155518,2.05677429650846,2.05677429650846
"1033","HC Red 3","2871-01-4","Zaldivar-Comenges et al. (2017)",0.945,0.999766744,"Nicol et al. (HepRG)","Cell-free","Literature","0","N",10,0.0090306,197.19,152,0.13,-11.8,121074.66,NA,-0.0245681914907371,-0.000101313610133967,0.0244668778806031,0.0244668778806031
"1041","Panthenol","16485-10-2 ","Zaldivar-Comenges et al. (2017)",0.448,0.999873298,"Nicol et al. (HepRG)","Cell-free","Literature","0","N",10,0.001163367,205.25,164,-0.895,-15,1034460,NA,-0.348721986001856,-5.50294656913997e-05,0.348666956536165,0.348666956536165
"1042","Paracetamol","103-90-2","Zaldivar-Comenges et al. (2017)",0.611,0.999637149,"Nicol et al. (HepRG)","Cell-free","Literature","0","N",10,0.000583065,151.16,170,0.46,-10.9,14224.156,NA,-0.213958789757446,-0.000157612783760776,0.213801176973685,0.213801176973685
"1046","Warfarin","129-06-6","Zaldivar-Comenges et al. (2017)",0.388,0.976639167,"Nicol et al. (HepRG)","Cell-free","Literature","0","N",10,3.76458e-06,308.33,175,2.48,-11.6,82.94077,NA,-0.411168274405793,-0.0102658628177313,0.400902411588061,0.400902411588061
"1048","Benzocaine","94-09-7","Zaldivar-Comenges et al. (2017)",0.81,0.841034545,"Nicol et al. (MCF7)","Cell-free","Literature","0","N",10,0.000299031,165.19,92,1.86,-6.33,834.2095,NA,-0.0915149811213502,-0.0751861654449422,0.0163288156764081,0.0163288156764081
"1051","Chlorpyrifos","2921-88-2","Zaldivar-Comenges et al. (2017)",0.005,0.013686121,"Nicol et al. (MCF7)","Cell-free","Literature","1","N",10,0.297,350.59,42,4.96,-4.17,1.1499352,NA,-2.30102999566398,-1.86371962469335,0.437310370970628,0.437310370970628
"1054","Cypermethrin","67375-30-8","Zaldivar-Comenges et al. (2017)",0.005,0.000141389,"Nicol et al. (MCF7)","Cell-free","Literature","1","N",10,0.000211698,416.3,102,6.62,-6.45,0.01477865,NA,-2.30102999566398,-3.84958437713834,-1.54855438147436,1.54855438147436
"1055","DEET","134-62-3","Zaldivar-Comenges et al. (2017)",0.815,0.770737265,"Nicol et al. (MCF7)","Cell-free","Literature","0","N",10,0.014645918,191.27,-45,2.18,-6.57,916.1833,NA,-0.0888423912600234,-0.113093642450847,-0.0242512511908234,0.0242512511908234
"1056","Dexamethasone","50-02-2","Zaldivar-Comenges et al. (2017)",0.702,0.829474939,"Nicol et al. (MCF7)","Cell-free","Literature","0","N",10,6.69448e-06,392.46,248,1.92,-18.8,78.492,NA,-0.153662887870195,-0.0811967308191585,0.0724661570510363,0.0724661570510363
"1057","Digoxin","20830-75-5","Zaldivar-Comenges et al. (2017)",0.654,0.923367586,"Nicol et al. (MCF7)","Cell-free","Literature","0","N",10,1.33572e-05,780.94,426,1.26,-30.7,59.195252,NA,-0.184422251675733,-0.0346253750398243,0.149796876635908,0.149796876635908
"1058","Fenazaquin","120928-09-8","Zaldivar-Comenges et al. (2017)",0.005,0.003079635,"Nicol et al. (MCF7)","Cell-free","Literature","1","N",10,0.136683664,306.4,78.5,5.51,-7.24,0.1495232,NA,-2.30102999566398,-2.51150075326557,-0.210470757601585,0.210470757601585
"1059","Fenbuconazole","114369-43-6","Zaldivar-Comenges et al. (2017)",0.162,0.393240455,"Nicol et al. (MCF7)","Cell-free","Literature","0","N",10,0.394199993,336.82,125,3.23,-10,0.3738702,NA,-0.790484985457369,-0.405341810068029,0.38514317538934,0.38514317538934
"1060","Fluazinam","79622-59-6","Zaldivar-Comenges et al. (2017)",0.005,0.124574016,"Nicol et al. (MCF7)","Cell-free","Literature","0","N",10,1.60589e-06,465.09,113,4.01,-4.7,0.4883445,NA,-2.30102999566398,-0.904572534600076,1.39645746106391,1.39645746106391
"1063","HC Red 3","2871-01-4","Zaldivar-Comenges et al. (2017)",0.91,0.939666243,"Nicol et al. (MCF7)","Cell-free","Literature","0","N",10,0.0090306,197.19,152,0.13,-11.8,121074.66,NA,-0.0409586076789064,-0.0270263746580675,0.0139322330208389,0.0139322330208389
"1071","Panthenol","16485-10-2 ","Zaldivar-Comenges et al. (2017)",0.268,0.939799523,"Nicol et al. (MCF7)","Cell-free","Our data","0","N",10,0.001163367,205.25,164,-0.895,-15,1034460,NA,-0.571865205971211,-0.0269647797413713,0.54490042622984,0.54490042622984
"1072","Paracetamol","103-90-2","Zaldivar-Comenges et al. (2017)",0.638,0.9394863,"Nicol et al. (MCF7)","Cell-free","Our data","0","N",10,0.000583065,151.16,170,0.46,-10.9,14224.156,NA,-0.195179321278838,-0.0271095485893027,0.168069772689535,0.168069772689535
"1076","Warfarin","129-06-6","Zaldivar-Comenges et al. (2017)",0.412,0.684048458,"Nicol et al. (MCF7)","Cell-free","Our data","0","N",10,3.76458e-06,308.33,175,2.48,-11.6,82.94077,NA,-0.385102783966865,-0.164913131764429,0.220189652202436,0.220189652202436
