,Chemical,CAS,Cell.type,FBS,Well,Q_cells,Q_media_free,Q_media,F_free_media
1,"2,4-Dinitrophenol",51-28-5,Rat cerebellar granule cell,2,96,2.95E-06,1.33E-04,1.34E-04,0.994283919
2,Aldrin,309-00-2,Rat cerebellar granule cell,2,96,1.35E-04,7.56E-08,1.04E-05,0.007245657
3,Azinphos-methyl,86-50-0,Rat cerebellar granule cell,2,96,2.36E-05,8.51E-05,9.26E-05,0.91971443
4,Chlorpyrifos,2921-88-2,Rat cerebellar granule cell,2,96,1.05E-04,2.16E-06,2.93E-05,0.073737078
5,"DDD-p,p'",50-29-3,Rat cerebellar granule cell,2,96,1.38E-04,2.96E-08,9.24E-06,0.003201257
6,"DDT-o,p'",789-02-6,Rat cerebellar granule cell,2,96,1.36E-04,6.61E-08,1.02E-05,0.006455554
7,"DDT-p,p'",72-54-8,Rat cerebellar granule cell,2,96,1.32E-04,1.79E-07,1.24E-05,0.014475667
8,Diazinon,333-41-5,Rat cerebellar granule cell,2,96,7.00E-05,2.12E-05,4.65E-05,0.454744329
9,Dicofol,115-32-2,Rat cerebellar granule cell,2,96,1.08E-04,1.92E-06,2.78E-05,0.068955307
10,Dieldrin,60-57-1,Rat cerebellar granule cell,2,96,1.11E-04,1.56E-06,2.55E-05,0.061440283
11,Disulfoton,298-04-4,Rat cerebellar granule cell,2,96,7.72E-05,1.43E-05,4.31E-05,0.331694573
12,Endosulfan I,115-29-7,Rat cerebellar granule cell,2,96,7.07E-05,2.04E-05,4.61E-05,0.44251938
13,Endrin,72-20-8,Rat cerebellar granule cell,2,96,1.20E-04,8.18E-07,1.96E-05,0.041634285
14,Ethion,563-12-2,Rat cerebellar granule cell,2,96,1.09E-04,1.73E-06,2.66E-05,0.065127306
15,Heptachlor,76-44-8,Rat cerebellar granule cell,2,96,1.32E-04,1.87E-07,1.25E-05,0.014982094
16,Heptachlor epoxide B,1024-57-3,Rat cerebellar granule cell,2,96,1.06E-04,2.08E-06,2.88E-05,0.072120204
17,Lindane,58-89-9,Rat cerebellar granule cell,2,96,6.61E-05,2.47E-05,4.84E-05,0.510217563
18,"Methoxychlor-o,p'",72-43-5,Rat cerebellar granule cell,2,96,1.10E-04,1.70E-06,2.64E-05,0.06437867
19,Parathion,56-38-2,Rat cerebellar granule cell,2,96,7.07E-05,2.04E-05,4.61E-05,0.44251938
20,Trifluralin,1582-09-8,Rat cerebellar granule cell,2,96,1.17E-04,9.89E-07,2.11E-05,0.046854026
21,Eugenol F,97-53-0,Rat cerebellar granule cell,2,96,1.01E-05,1.13E-04,1.16E-04,0.974200527
22,Methyl-antranilate,134-20-3,Rat cerebellar granule cell,2,96,4.62E-06,1.28E-04,1.29E-04,0.99019704
23,Lilyfore,285977-85-7,Rat cerebellar granule cell,2,96,4.48E-05,5.14E-05,6.65E-05,0.77326174
24,Damascone beta,23726-91-2,Rat cerebellar granule cell,2,96,8.22E-05,8.09E-06,3.99E-05,0.202935234
25,Veloutone,14595-54-1,Rat cerebellar granule cell,2,96,1.16E-04,1.12E-06,2.22E-05,0.050571755
26,Verdox,82356-51-2,Rat cerebellar granule cell,2,96,1.35E-04,8.48E-08,1.06E-05,0.00796788
27,Nirvanol,1506-02-1,Rat cerebellar granule cell,2,96,1.25E-04,4.56E-07,1.60E-05,0.028437992
28,Cetalox,3738-00-9,Rat cerebellar granule cell,2,96,1.15E-04,8.45E-07,1.95E-05,0.043327129
29,Tonalide,21145-77-7,Rat cerebellar granule cell,2,96,1.25E-04,4.56E-07,1.60E-05,0.028437992
30,Caffeine,58-08-2,Rat cerebellar granule cell,2,96,5.70E-08,1.48E-04,1.48E-04,1.000304038
31,Lamotrigine,84057-84-1,Rat cerebellar granule cell,2,96,1.75E-05,9.69E-05,1.02E-04,0.947481012
32,Diclofenac,15307-79-6,Rat cerebellar granule cell,2,96,2.97E-08,1.50E-04,1.50E-04,0.999969329
33,"2,4-Dichlorophenoxyacetic",94-75-7,Rat cerebellar granule cell,2,96,3.60E-06,1.35E-04,1.46E-04,0.924333076
34,(S)-Naproxen,22204-53-1,Rat cerebellar granule cell,2,96,7.49E-06,1.18E-04,1.42E-04,0.828427689
35,Ibuprofen,15687-27-1,Rat cerebellar granule cell,2,96,1.69E-05,7.30E-05,1.33E-04,0.549262767
36,Torasemide,56211-40-6,Rat cerebellar granule cell,2,96,2.32E-05,8.52E-05,1.15E-04,0.743698713
37,Warfarin,81-81-2,Rat cerebellar granule cell,2,96,2.94E-06,1.38E-04,1.47E-04,0.941505608
38,di-n-butylphthalate,84-74-2,Rat cerebellar granule cell,2,96,9.10E-05,4.23E-06,4.00E-05,0.105854763
39,hexachlorophene,70-30-4,Rat cerebellar granule cell,2,96,1.42E-04,7.88E-08,7.77E-06,0.010156585
40,hexamethylenetetramine,100-97-0,Rat cerebellar granule cell,2,96,4.05E-09,1.40E-04,1.40E-04,1.000385412
41,Malathion,121-75-5,Rat cerebellar granule cell,2,96,1.21E-05,1.08E-04,1.12E-04,0.967913055
42,pentachlorophenol,87-86-5,Rat cerebellar granule cell,2,96,4.96E-05,8.22E-06,1.00E-04,0.08201945
43,"2,2,2-trichloroethanol",115-20-8,Rat cerebellar granule cell,2,96,1.58E-06,1.28E-04,1.28E-04,0.997078122
44,diethylphthalate,84-66-2,Rat cerebellar granule cell,2,96,1.40E-05,1.04E-04,1.08E-04,0.961116816
45,4-chlorophenol,106-48-9,Rat cerebellar granule cell,2,96,1.27E-05,1.07E-04,1.10E-04,0.965509205
46,permethrin,52645-53-1,Rat cerebellar granule cell,2,96,1.36E-04,7.58E-08,1.05E-05,0.007245657
47,Aniline,62-53-3,Rat cerebellar granule cell,2,96,5.23E-07,1.43E-04,1.43E-04,0.999464278
48,4-fluoroaniline,371-40-4,Rat cerebellar granule cell,2,96,9.14E-07,1.39E-04,1.39E-04,0.998681172
49,"2,4,6-trichlorophenol",88-06-2,Rat cerebellar granule cell,2,96,6.45E-05,2.58E-05,4.88E-05,0.528719239
50,Allyl alcohol,107-18-6,Rat cerebellar granule cell,2,96,9.37E-08,1.40E-04,1.40E-04,1.000235302
51,N-methylaniline,100-61-8,Rat cerebellar granule cell,2,96,2.71E-06,1.25E-04,1.26E-04,0.994431355
52,"3,4-dichloroaniline",95-76-1,Rat cerebellar granule cell,2,96,2.14E-05,8.89E-05,9.56E-05,0.930025578
53,4-decylaniline,37529-30-9,Rat cerebellar granule cell,2,96,1.34E-04,1.14E-07,1.13E-05,0.01014587
54,naphthalene,91-20-3,Rat cerebellar granule cell,2,96,3.84E-05,3.83E-05,5.14E-05,0.746223652
55,"1,2,4-trichlorobenzene",120-82-1,Rat cerebellar granule cell,2,96,1.94E-05,3.85E-06,1.11E-05,0.348332316
56,"1,2-dichlorobenzene",95-50-1,Rat cerebellar granule cell,2,96,8.43E-06,6.20E-06,9.11E-06,0.680785945
57,dichloromethane,75-09-2,Rat cerebellar granule cell,2,96,9.38E-08,1.13E-05,1.13E-05,0.998206451
58,tetrachloroethylene,127-18-4,Rat cerebellar granule cell,2,96,3.05E-06,2.40E-06,3.45E-06,0.696672964
59,"2,3-dimethyl-1,3-butadiene",513-81-5,Rat cerebellar granule cell,2,96,5.08E-08,8.67E-08,1.03E-07,0.838476732
60,cyclosporine A,59865-13-3,Rat cerebellar granule cell,2,96,3.03E-05,7.35E-05,8.33E-05,0.882653472
61,chlorpromazine,50-53-3,Rat cerebellar granule cell,2,96,1.19E-04,8.53E-07,2.00E-05,0.042757652
62,PBDE 47,5436-43-1,Rat cerebellar granule cell,2,96,1.38E-04,3.72E-08,9.48E-06,0.003929009
63,PBDE 99,60348-60-9,Rat cerebellar granule cell,2,96,1.40E-04,1.15E-08,8.55E-06,0.001342522
64,PBDE 153,68631-49-2,Rat cerebellar granule cell,2,96,1.41E-04,2.98E-09,8.02E-06,0.000372014
65,amiodarone,1951-25-3,Rat cerebellar granule cell,2,96,1.40E-04,6.42E-09,8.27E-06,0.000776636
66,PFBS,375-73-5,Rat cerebellar granule cell,2,96,2.03E-06,1.36E-04,1.37E-04,0.996361397
67,4:2 FTS,757124-72-4,Rat cerebellar granule cell,2,96,3.55E-06,1.30E-04,1.31E-04,0.992782666
68,PFNA,375-95-1,Rat cerebellar granule cell,2,96,1.31E-04,2.00E-07,1.27E-05,1.58E-02
69,PFHxA,307-24-4,Rat cerebellar granule cell,2,96,8.18E-05,9.93E-06,4.12E-05,0.241309502
70,PFBA,375-22-4,Rat cerebellar granule cell,2,96,3.22E-06,1.29E-04,1.30E-04,0.993490514
71,PFOA,335-67-1,Rat cerebellar granule cell,2,96,7.83E-05,1.12E-05,4.08E-05,0.27439223
72,6:2 FTS,27619-97-2,Rat cerebellar granule cell,2,96,3.19E-05,6.87E-05,7.91E-05,0.869228551
73,8:2 FTS,39108-34-4,Rat cerebellar granule cell,2,96,8.10E-05,1.03E-05,4.12E-05,0.250477863
74,PFUnDA,2058-94-8,Rat cerebellar granule cell,2,96,9.48E-05,2.30E-06,5.52E-05,0.041751562
75,PFOS,1763-23-1,Rat cerebellar granule cell,2,96,9.48E-05,2.30E-06,5.52E-05,0.041751562
76,PFHpA,375-85-9,Rat cerebellar granule cell,2,96,5.60E-05,3.26E-05,5.22E-05,0.624882399
77,PFPeA,2706-90-3,Rat cerebellar granule cell,2,96,1.08E-05,1.07E-04,1.10E-04,0.970870084
78,PFHxS,355-46-4,Rat cerebellar granule cell,2,96,2.19E-05,8.69E-05,9.39E-05,0.926731714
79,PFDA,335-76-2,Rat cerebellar granule cell,2,96,1.16E-04,9.81E-07,3.42E-05,0.028655711
80,Azathioprine,446-86-6,Rat cerebellar granule cell,2,96,8.42E-08,1.48E-04,1.48E-04,1.000259671
81,Benzocaine,94-09-7,Rat cerebellar granule cell,2,96,4.43E-06,1.28E-04,1.30E-04,0.990681691
82,Butylated hydroxyanisole,25013-16-5,Rat cerebellar granule cell,2,96,5.33E-05,4.01E-05,5.85E-05,0.686130849
83,Cetirizine dihydrochloride,83881-52-1,Rat cerebellar granule cell,2,96,3.46E-07,1.45E-04,1.46E-04,0.999801852
84,Cyclamate,139-05-9,Rat cerebellar granule cell,2,96,1.78E-08,0.000149211,0.000149214,1.000365602
85,Cyclophosphamide,6055-19-2,Rat cerebellar granule cell,2,96,3.30E-07,0.000145614,0.000145696,0.999829995
86,Cypermethrin,67375-30-8,Rat cerebellar granule cell,2,96,1.36E-04,5.76E-08,1.00329E-05,0.005742934
87,DEET,134-62-3,Rat cerebellar granule cell,2,96,8.53E-06,0.000116856,0.000119373,0.979296352
88,Dexamethasone,50-02-2,Rat cerebellar granule cell,2,96,5.03E-06,1.26E-04,1.28E-04,0.989154705
89,Digoxin,20830-75-5,Rat cerebellar granule cell,2,96,1.19E-06,0.000140486,0.000140801,0.998152269
90,Fenazaquin,120928-09-8,Rat cerebellar granule cell,2,96,1.22E-04,6.88775E-07,1.84501E-05,0.037346358
91,Fenbuconazole,114369-43-6,Rat cerebellar granule cell,2,96,4.43437E-05,5.21E-05,6.70E-05,0.777564681
92,Fluazinam,79622-59-6,Rat cerebellar granule cell,2,96,7.69E-05,1.45569E-05,4.31871E-05,0.337196496
93,Furosemide,54-31-9,Rat cerebellar granule cell,2,96,6.35E-07,0.000147627,0.000149354,0.988819057
94,Glybenclamide,10238-21-8,Rat cerebellar granule cell,2,96,1.01E-04,2.68503E-06,3.23448E-05,0.083044954
95,HC Red 3,2871-01-4,Rat cerebellar granule cell,2,96,9.02E-08,1.48E-04,1.48E-04,1.000249737
96,Hydralazine hydrochloride,304-20-1,Rat cerebellar granule cell,2,96,3.54E-07,0.000145432,0.000145519,0.999787255
97,Ketoconazole,65277-42-1,Rat cerebellar granule cell,2,96,8.58E-05,7.33E-06,4.08E-05,0.179988856
98,Metformin,1115-70-4,Rat cerebellar granule cell,2,96,9.61E-09,0.000149458,0.00014946,1.000377836
99,Metoclopramide,364-62-5,Rat cerebellar granule cell,2,96,1.91E-05,9.35E-05,9.95E-05,0.940508131
100,Nitrofurantoin,67-20-9,Rat cerebellar granule cell,2,96,2.30E-08,0.000149081,0.000149086,1.000357685
101,Oxytetracycline hydrochloride,2058-46-0,Rat cerebellar granule cell,2,96,2.78E-09,0.000149772,0.000149772,1.000387563
102,Panthenol,16485-10-2 ,Rat cerebellar granule cell,2,96,9.12E-09,1.49E-04,1.49E-04,1.000378555
103,Paracetamol,103-90-2,Rat cerebellar granule cell,2,96,1.93E-07,0.000146812,0.000146858,1.000075203
104,Topiramate,97240-79-4,Rat cerebellar granule cell,2,96,3.50E-09,0.000149726,0.000149727,1.000386574
105,Trimellitic anhydride,552-30-7,Rat cerebellar granule cell,2,96,1.86E-06,0.000137466,0.00013797,0.99673725
106,Verapamil hydrochloride,152-11-4,Rat cerebellar granule cell,2,96,8.83E-05,5.56965E-06,4.0583E-05,0.137294246
107,Warfarin,129-06-6,Rat cerebellar granule cell,2,96,1.50E-05,0.000101912,0.000106507,0.957225144
108,"2,4-Dinitrophenol",51-28-5,Balbc_3T3,2,96,4.25E-07,1.36E-04,1.36E-04,0.994283919
109,Aldrin,309-00-2,Balbc_3T3,2,96,8.19E-05,3.49E-07,4.82E-05,0.007245657
110,Azinphos-methyl,86-50-0,Balbc_3T3,2,96,3.63E-06,9.86E-05,1.07E-04,0.91971443
111,Chlorpyrifos,2921-88-2,Balbc_3T3,2,96,3.55E-05,5.54E-06,7.52E-05,0.073737078
112,"DDD-p,p'",50-29-3,Balbc_3T3,2,96,9.04E-05,1.48E-07,4.63E-05,0.003201257
113,"DDT-o,p'",789-02-6,Balbc_3T3,2,96,8.40E-05,3.11E-07,4.83E-05,0.006455554
114,"DDT-p,p'",72-54-8,Balbc_3T3,2,96,7.32E-05,7.58E-07,5.24E-05,0.014475667
115,Diazinon,333-41-5,Balbc_3T3,2,96,1.55E-05,3.55E-05,7.82E-05,0.454744329
116,Dicofol,115-32-2,Balbc_3T3,2,96,3.75E-05,5.08E-06,7.37E-05,0.068955307
117,Dieldrin,60-57-1,Balbc_3T3,2,96,4.07E-05,4.37E-06,7.11E-05,0.061440283
118,Disulfoton,298-04-4,Balbc_3T3,2,96,1.84E-05,2.58E-05,7.79E-05,0.331694573
119,Endosulfan I,115-29-7,Balbc_3T3,2,96,1.58E-05,3.45E-05,7.81E-05,0.44251938
120,Endrin,72-20-8,Balbc_3T3,2,96,5.12E-05,2.66E-06,6.40E-05,0.041634285
121,Ethion,563-12-2,Balbc_3T3,2,96,3.91E-05,4.71E-06,7.24E-05,0.065127306
122,Heptachlor,76-44-8,Balbc_3T3,2,96,7.25E-05,7.88E-07,5.26E-05,0.014982094
123,Heptachlor epoxide B,1024-57-3,Balbc_3T3,2,96,3.62E-05,5.38E-06,7.47E-05,0.072120204
124,Lindane,58-89-9,Balbc_3T3,2,96,1.41E-05,4.00E-05,7.83E-05,0.510217563
125,"Methoxychlor-o,p'",72-43-5,Balbc_3T3,2,96,3.94E-05,4.64E-06,7.21E-05,0.06437867
126,Parathion,56-38-2,Balbc_3T3,2,96,1.58E-05,3.45E-05,7.81E-05,0.44251938
127,Trifluralin,1582-09-8,Balbc_3T3,2,96,4.81E-05,3.08E-06,6.59E-05,0.046854026
128,Eugenol F,97-53-0,Balbc_3T3,2,96,1.45E-06,1.20E-04,1.23E-04,0.974200527
129,Methyl-antranilate,134-20-3,Balbc_3T3,2,96,6.56E-07,1.31E-04,1.33E-04,0.99019704
130,Lilyfore,285977-85-7,Balbc_3T3,2,96,8.01E-06,6.94E-05,8.98E-05,0.77326174
131,Damascone beta,23726-91-2,Balbc_3T3,2,96,2.07E-05,1.54E-05,7.61E-05,0.202935234
132,Veloutone,14595-54-1,Balbc_3T3,2,96,4.60E-05,3.40E-06,6.72E-05,0.050571755
133,Verdox,82356-51-2,Balbc_3T3,2,96,8.10E-05,3.88E-07,4.88E-05,0.00796788
134,Nirvanol,1506-02-1,Balbc_3T3,2,96,6.03E-05,1.67E-06,5.87E-05,0.028437992
135,Cetalox,3738-00-9,Balbc_3T3,2,96,4.55E-05,2.54E-06,5.86E-05,0.043327129
136,Tonalide,21145-77-7,Balbc_3T3,2,96,6.03E-05,1.67E-06,5.87E-05,0.028437992
137,Caffeine,58-08-2,Balbc_3T3,2,96,3.67E-08,1.48E-04,1.48E-04,1.000304038
138,Lamotrigine,84057-84-1,Balbc_3T3,2,96,2.61E-06,1.08E-04,1.14E-04,0.947481012
139,Diclofenac,15307-79-6,Balbc_3T3,2,96,3.28E-08,1.50E-04,1.50E-04,0.999969329
140,"2,4-Dichlorophenoxyacetic",94-75-7,Balbc_3T3,2,96,4.54E-07,1.38E-04,1.50E-04,0.924333076
141,(S)-Naproxen,22204-53-1,Balbc_3T3,2,96,9.35E-07,1.23E-04,1.49E-04,0.828427689
142,Ibuprofen,15687-27-1,Balbc_3T3,2,96,2.20E-06,8.11E-05,1.48E-04,0.549262767
143,Torasemide,56211-40-6,Balbc_3T3,2,96,3.43E-06,9.85E-05,1.32E-04,0.743698713
144,Warfarin,81-81-2,Balbc_3T3,2,96,3.77E-07,1.41E-04,1.49E-04,0.941505608
145,di-n-butylphthalate,84-74-2,Balbc_3T3,2,96,2.53E-05,8.95E-06,8.45E-05,0.105854763
146,hexachlorophene,70-30-4,Balbc_3T3,2,96,1.02E-04,4.83E-07,4.75E-05,0.010156585
147,hexamethylenetetramine,100-97-0,Balbc_3T3,2,96,2.79E-08,1.40E-04,1.40E-04,1.000385412
148,Malathion,121-75-5,Balbc_3T3,2,96,1.74E-06,1.17E-04,1.20E-04,0.967913055
149,pentachlorophenol,87-86-5,Balbc_3T3,2,96,8.17E-06,1.16E-05,1.42E-04,0.08201945
150,"2,2,2-trichloroethanol",115-20-8,Balbc_3T3,2,96,2.37E-07,1.29E-04,1.30E-04,0.997078122
151,diethylphthalate,84-66-2,Balbc_3T3,2,96,2.03E-06,1.13E-04,1.18E-04,0.961116816
152,4-chlorophenol,106-48-9,Balbc_3T3,2,96,1.84E-06,1.15E-04,1.19E-04,0.965509205
153,permethrin,52645-53-1,Balbc_3T3,2,96,8.27E-05,3.53E-07,4.87E-05,0.007245657
154,Aniline,62-53-3,Balbc_3T3,2,96,9.78E-08,1.43E-04,1.43E-04,0.999464278
155,4-fluoroaniline,371-40-4,Balbc_3T3,2,96,1.50E-07,1.40E-04,1.40E-04,0.998681172
156,"2,4,6-trichlorophenol",88-06-2,Balbc_3T3,2,96,1.36E-05,4.12E-05,7.79E-05,0.528719239
157,Allyl alcohol,107-18-6,Balbc_3T3,2,96,3.99E-08,1.40E-04,1.40E-04,1.000235302
158,N-methylaniline,100-61-8,Balbc_3T3,2,96,3.91E-07,1.27E-04,1.28E-04,0.994431355
159,"3,4-dichloroaniline",95-76-1,Balbc_3T3,2,96,3.25E-06,1.01E-04,1.09E-04,0.930025578
160,4-decylaniline,37529-30-9,Balbc_3T3,2,96,7.84E-05,5.10E-07,5.02E-05,0.01014587
161,naphthalene,91-20-3,Balbc_3T3,2,96,6.55E-06,4.93E-05,6.61E-05,0.746223652
162,"1,2,4-trichlorobenzene",120-82-1,Balbc_3T3,2,96,2.89E-06,4.34E-06,1.25E-05,0.348332316
163,"1,2-dichlorobenzene",95-50-1,Balbc_3T3,2,96,1.17E-06,6.52E-06,9.58E-06,0.680785945
164,dichloromethane,75-09-2,Balbc_3T3,2,96,1.47E-08,1.13E-05,1.13E-05,0.998206451
165,tetrachloroethylene,127-18-4,Balbc_3T3,2,96,4.10E-07,2.45E-06,3.51E-06,0.696672964
166,"2,3-dimethyl-1,3-butadiene",513-81-5,Balbc_3T3,2,96,6.74E-09,8.67E-08,1.03E-07,0.838476732
167,cyclosporine A,59865-13-3,Balbc_3T3,2,96,4.88E-06,8.91E-05,1.01E-04,0.882653472
168,chlorpromazine,50-53-3,Balbc_3T3,2,96,5.05E-05,2.75E-06,6.44E-05,0.042757652
169,PBDE 47,5436-43-1,Balbc_3T3,2,96,8.88E-05,1.84E-07,4.67E-05,0.003929009
170,PBDE 99,60348-60-9,Balbc_3T3,2,96,9.59E-05,6.02E-08,4.49E-05,0.001342522
171,PBDE 153,68631-49-2,Balbc_3T3,2,96,1.01E-04,1.63E-08,4.39E-05,0.000372014
172,amiodarone,1951-25-3,Balbc_3T3,2,96,9.83E-05,3.44E-08,4.43E-05,0.000776636
173,PFBS,375-73-5,Balbc_3T3,2,96,3.00E-07,1.38E-04,1.38E-04,0.996361397
174,4:2 FTS,757124-72-4,Balbc_3T3,2,96,5.07E-07,1.33E-04,1.34E-04,0.992782666
175,PFNA,375-95-1,Balbc_3T3,2,96,7.15E-05,8.33E-07,5.29E-05,0.015768742
176,PFHxA,307-24-4,Balbc_3T3,2,96,2.05E-05,1.89E-05,7.81E-05,0.241309502
177,PFBA,375-22-4,Balbc_3T3,2,96,4.61E-07,1.32E-04,1.33E-04,0.993490514
178,PFOA,335-67-1,Balbc_3T3,2,96,1.89E-05,2.05E-05,7.47E-05,0.27439223
179,6:2 FTS,27619-97-2,Balbc_3T3,2,96,5.18E-06,8.43E-05,9.70E-05,0.869228551
180,8:2 FTS,39108-34-4,Balbc_3T3,2,96,2.01E-05,1.94E-05,7.75E-05,0.250477863
181,PFUnDA,2058-94-8,Balbc_3T3,2,96,2.49E-05,5.22E-06,1.25E-04,0.041751562
182,PFOS,1763-23-1,Balbc_3T3,2,96,2.49E-05,5.22E-06,1.25E-04,0.041751562
183,PFHpA,375-85-9,Balbc_3T3,2,96,1.10E-05,4.83E-05,7.73E-05,0.624882399
184,PFPeA,2706-90-3,Balbc_3T3,2,96,1.55E-06,1.14E-04,1.17E-04,0.970870084
185,PFHxS,355-46-4,Balbc_3T3,2,96,3.35E-06,9.96E-05,1.07E-04,0.926731714
186,PFDA,335-76-2,Balbc_3T3,2,96,4.23E-05,3.08E-06,1.08E-04,0.028655711
187,Azathioprine,446-86-6,Balbc_3T3,2,96,4.02E-08,1.48E-04,1.48E-04,1.000259671
188,Benzocaine,94-09-7,Balbc_3T3,2,96,6.30E-07,1.32E-04,1.33E-04,0.990681691
189,Butylated hydroxyanisole,25013-16-5,Balbc_3T3,2,96,1.02E-05,5.80E-05,8.45E-05,0.686130849
190,Cetirizine dihydrochloride,83881-52-1,Balbc_3T3,2,96,7.47E-08,1.46E-04,1.46E-04,0.999801852
191,Cyclamate,139-05-9,Balbc_3T3,2,96,3.16E-08,0.000149197,0.000149201,1.000365602
192,Cyclophosphamide,6055-19-2,Balbc_3T3,2,96,7.26E-08,0.000145865,0.000145947,0.999829995
193,Cypermethrin,67375-30-8,Balbc_3T3,2,96,8.52E-05,2.75E-07,4.78487E-05,0.005742934
194,DEET,134-62-3,Balbc_3T3,2,96,1.21E-06,0.000122902,0.00012555,0.979296352
195,Dexamethasone,50-02-2,Balbc_3T3,2,96,7.13E-07,1.30E-04,0.000131743,0.989154705
196,Digoxin,20830-75-5,Balbc_3T3,2,96,1.87E-07,0.000141436,0.000141753,0.998152269
197,Fenazaquin,120928-09-8,Balbc_3T3,2,96,5.40E-05,2.32655E-06,6.23207E-05,0.037346358
198,Fenbuconazole,114369-43-6,Balbc_3T3,2,96,7.90E-06,7.00E-05,9.01E-05,0.777564681
199,Fluazinam,79622-59-6,Balbc_3T3,2,96,1.83E-05,2.62235E-05,7.77994E-05,0.337196496
200,Furosemide,54-31-9,Balbc_3T3,2,96,1.03E-07,0.000148152,0.000149886,0.988819057
201,Glybenclamide,10238-21-8,Balbc_3T3,2,96,3.22E-05,6.48218E-06,7.80867E-05,0.083044954
202,HC Red 3,2871-01-4,Balbc_3T3,2,96,4.10E-08,1.48E-04,1.48E-04,1.000249737
203,Hydralazine hydrochloride,304-20-1,Balbc_3T3,2,96,7.57E-08,0.000145702,0.00014579,0.999787255
204,Ketoconazole,65277-42-1,Balbc_3T3,2,96,2.25E-05,1.46E-05,8.09657E-05,0.179988856
205,Metformin,1115-70-4,Balbc_3T3,2,96,3.05E-08,0.000149437,0.000149439,1.000377836
206,Metoclopramide,364-62-5,Balbc_3T3,2,96,2.87E-06,1.05E-04,0.000111862,0.940508131
207,Nitrofurantoin,67-20-9,Balbc_3T3,2,96,3.22E-08,0.000149072,0.000149077,1.000357685
208,Oxytetracycline hydrochloride,2058-46-0,Balbc_3T3,2,96,2.97E-08,0.000149745,0.000149745,1.000387563
209,Panthenol,16485-10-2 ,Balbc_3T3,2,96,3.05E-08,1.49E-04,0.000149456,1.000378555
210,Paracetamol,103-90-2,Balbc_3T3,2,96,5.45E-08,0.000146947,0.000146993,1.000075203
211,Topiramate,97240-79-4,Balbc_3T3,2,96,2.98E-08,0.0001497,0.0001497,1.000386574
212,Trimellitic anhydride,552-30-7,Balbc_3T3,2,96,2.77E-07,0.000138938,0.000139447,0.99673725
213,Verapamil hydrochloride,152-11-4,Balbc_3T3,2,96,2.38E-05,1.13956E-05,8.30333E-05,0.137294246
214,Warfarin,129-06-6,Balbc_3T3,2,96,2.20E-06,0.000111587,0.000116618,0.957225144
215,"2,4-Dinitrophenol",51-28-5,FishRtgut,2,96,5.61E-08,1.36E-04,1.37E-04,0.994283919
216,Aldrin,309-00-2,FishRtgut,2,96,1.53E-05,6.91E-07,9.54E-05,0.007245657
217,Azinphos-methyl,86-50-0,FishRtgut,2,96,3.78E-07,1.01E-04,1.10E-04,0.91971443
218,Chlorpyrifos,2921-88-2,FishRtgut,2,96,4.35E-06,7.05E-06,9.56E-05,0.073737078
219,"DDD-p,p'",50-29-3,FishRtgut,2,96,1.87E-05,3.26E-07,1.02E-04,0.003201257
220,"DDT-o,p'",789-02-6,FishRtgut,2,96,1.61E-05,6.32E-07,9.79E-05,0.006455554
221,"DDT-p,p'",72-54-8,FishRtgut,2,96,1.24E-05,1.36E-06,9.39E-05,0.014475667
222,Diazinon,333-41-5,FishRtgut,2,96,1.68E-06,3.92E-05,8.63E-05,0.454744329
223,Dicofol,115-32-2,FishRtgut,2,96,4.65E-06,6.56E-06,9.51E-05,0.068955307
224,Dieldrin,60-57-1,FishRtgut,2,96,5.18E-06,5.79E-06,9.43E-05,0.061440283
225,Disulfoton,298-04-4,FishRtgut,2,96,2.02E-06,2.90E-05,8.76E-05,0.331694573
226,Endosulfan I,115-29-7,FishRtgut,2,96,1.71E-06,3.82E-05,8.63E-05,0.44251938
227,Endrin,72-20-8,FishRtgut,2,96,7.08E-06,3.85E-06,9.26E-05,0.041634285
228,Ethion,563-12-2,FishRtgut,2,96,4.91E-06,6.17E-06,9.47E-05,0.065127306
229,Heptachlor,76-44-8,FishRtgut,2,96,1.22E-05,1.40E-06,9.36E-05,0.014982094
230,Heptachlor epoxide B,1024-57-3,FishRtgut,2,96,4.45E-06,6.88E-06,9.55E-05,0.072120204
231,Lindane,58-89-9,FishRtgut,2,96,1.51E-06,4.37E-05,8.56E-05,0.510217563
232,"Methoxychlor-o,p'",72-43-5,FishRtgut,2,96,4.97E-06,6.09E-06,9.46E-05,0.06437867
233,Parathion,56-38-2,FishRtgut,2,96,1.71E-06,3.82E-05,8.63E-05,0.44251938
234,Trifluralin,1582-09-8,FishRtgut,2,96,6.48E-06,4.34E-06,9.27E-05,0.046854026
235,Eugenol F,97-53-0,FishRtgut,2,96,1.58E-07,1.21E-04,1.24E-04,0.974200527
236,Methyl-antranilate,134-20-3,FishRtgut,2,96,7.88E-08,1.32E-04,1.33E-04,0.99019704
237,Lilyfore,285977-85-7,FishRtgut,2,96,8.35E-07,7.29E-05,9.43E-05,0.77326174
238,Damascone beta,23726-91-2,FishRtgut,2,96,2.29E-06,1.76E-05,8.69E-05,0.202935234
239,Veloutone,14595-54-1,FishRtgut,2,96,6.11E-06,4.70E-06,9.31E-05,0.050571755
240,Verdox,82356-51-2,FishRtgut,2,96,1.50E-05,7.60E-07,9.55E-05,0.00796788
241,Nirvanol,1506-02-1,FishRtgut,2,96,9.03E-06,2.62E-06,9.22E-05,0.028437992
242,Cetalox,3738-00-9,FishRtgut,2,96,6.00E-06,3.50E-06,8.08E-05,0.043327129
243,Tonalide,21145-77-7,FishRtgut,2,96,9.03E-06,2.62E-06,9.22E-05,0.028437992
244,Caffeine,58-08-2,FishRtgut,2,96,1.83E-08,1.48E-04,1.48E-04,1.000304038
245,Lamotrigine,84057-84-1,FishRtgut,2,96,2.75E-07,1.10E-04,1.16E-04,0.947481012
246,Diclofenac,15307-79-6,FishRtgut,2,96,1.78E-08,1.50E-04,1.50E-04,0.999969329
247,"2,4-Dichlorophenoxyacetic",94-75-7,FishRtgut,2,96,3.17E-08,1.39E-04,1.50E-04,0.924333076
248,(S)-Naproxen,22204-53-1,FishRtgut,2,96,4.81E-08,1.24E-04,1.50E-04,0.828427689
249,Ibuprofen,15687-27-1,FishRtgut,2,96,9.15E-08,8.22E-05,1.50E-04,0.549262767
250,Torasemide,56211-40-6,FishRtgut,2,96,2.93E-07,1.01E-04,1.35E-04,0.743698713
251,Warfarin,81-81-2,FishRtgut,2,96,3.01E-08,1.41E-04,1.50E-04,0.941505608
252,di-n-butylphthalate,84-74-2,FishRtgut,2,96,2.89E-06,1.06E-05,9.98E-05,0.105854763
253,hexachlorophene,70-30-4,FishRtgut,2,96,1.17E-05,1.39E-06,1.37E-04,0.010156585
254,hexamethylenetetramine,100-97-0,FishRtgut,2,96,1.65E-08,1.40E-04,1.40E-04,1.000385412
255,Malathion,121-75-5,FishRtgut,2,96,1.87E-07,1.18E-04,1.22E-04,0.967913055
256,pentachlorophenol,87-86-5,FishRtgut,2,96,3.25E-07,1.23E-05,1.49E-04,0.08201945
257,"2,2,2-trichloroethanol",115-20-8,FishRtgut,2,96,3.66E-08,1.29E-04,1.30E-04,0.997078122
258,diethylphthalate,84-66-2,FishRtgut,2,96,2.16E-07,1.15E-04,1.19E-04,0.961116816
259,4-chlorophenol,106-48-9,FishRtgut,2,96,1.97E-07,1.16E-04,1.21E-04,0.965509205
260,permethrin,52645-53-1,FishRtgut,2,96,1.56E-05,7.05E-07,9.73E-05,0.007245657
261,Aniline,62-53-3,FishRtgut,2,96,2.40E-08,1.43E-04,1.43E-04,0.999464278
262,4-fluoroaniline,371-40-4,FishRtgut,2,96,2.89E-08,1.40E-04,1.40E-04,0.998681172
263,"2,4,6-trichlorophenol",88-06-2,FishRtgut,2,96,1.45E-06,4.48E-05,8.49E-05,0.528719239
264,Allyl alcohol,107-18-6,FishRtgut,2,96,1.78E-08,1.40E-04,1.40E-04,1.000235302
265,N-methylaniline,100-61-8,FishRtgut,2,96,5.18E-08,1.28E-04,1.28E-04,0.994431355
266,"3,4-dichloroaniline",95-76-1,FishRtgut,2,96,3.39E-07,1.03E-04,1.11E-04,0.930025578
267,4-decylaniline,37529-30-9,FishRtgut,2,96,1.41E-05,9.68E-07,9.54E-05,0.01014587
268,naphthalene,91-20-3,FishRtgut,2,96,6.74E-07,5.13E-05,6.88E-05,0.746223652
269,"1,2,4-trichlorobenzene",120-82-1,FishRtgut,2,96,2.86E-07,4.42E-06,1.27E-05,0.348332316
270,"1,2-dichlorobenzene",95-50-1,FishRtgut,2,96,1.16E-07,6.56E-06,9.65E-06,0.680785945
271,dichloromethane,75-09-2,FishRtgut,2,96,2.59E-09,1.13E-05,1.13E-05,0.998206451
272,tetrachloroethylene,127-18-4,FishRtgut,2,96,4.06E-08,2.45E-06,3.52E-06,0.696672964
273,"2,3-dimethyl-1,3-butadiene",513-81-5,FishRtgut,2,96,6.72E-10,8.67E-08,1.03E-07,0.838476732
274,cyclosporine A,59865-13-3,FishRtgut,2,96,5.05E-07,9.18E-05,1.04E-04,0.882653472
275,chlorpromazine,50-53-3,FishRtgut,2,96,6.95E-06,3.96E-06,9.27E-05,0.042757652
276,PBDE 47,5436-43-1,FishRtgut,2,96,1.80E-05,3.96E-07,1.01E-04,0.003929009
277,PBDE 99,60348-60-9,FishRtgut,2,96,2.13E-05,1.43E-07,1.07E-04,0.001342522
278,PBDE 153,68631-49-2,FishRtgut,2,96,2.39E-05,4.18E-08,1.12E-04,0.000372014
279,amiodarone,1951-25-3,FishRtgut,2,96,2.26E-05,8.49E-08,1.09E-04,0.000776636
280,PFBS,375-73-5,FishRtgut,2,96,4.37E-08,1.38E-04,1.39E-04,0.996361397
281,4:2 FTS,757124-72-4,FishRtgut,2,96,6.40E-08,1.33E-04,1.34E-04,0.992782666
282,PFNA,375-95-1,FishRtgut,2,96,1.19E-05,1.47E-06,9.30E-05,0.015768742
283,PFHxA,307-24-4,FishRtgut,2,96,2.27E-06,2.15E-05,8.91E-05,0.241309502
284,PFBA,375-22-4,FishRtgut,2,96,5.93E-08,1.32E-04,1.33E-04,0.993490514
285,PFOA,335-67-1,FishRtgut,2,96,2.08E-06,2.31E-05,8.43E-05,0.27439223
286,6:2 FTS,27619-97-2,FishRtgut,2,96,5.36E-07,8.70E-05,1.00E-04,0.869228551
287,8:2 FTS,39108-34-4,FishRtgut,2,96,2.22E-06,2.21E-05,8.81E-05,0.250477863
288,PFUnDA,2058-94-8,FishRtgut,2,96,1.07E-06,6.21E-06,1.49E-04,0.041751562
289,PFOS,1763-23-1,FishRtgut,2,96,1.07E-06,6.21E-06,1.49E-04,0.041751562
290,PFHpA,375-85-9,FishRtgut,2,96,1.15E-06,5.17E-05,8.27E-05,0.624882399
291,PFPeA,2706-90-3,FishRtgut,2,96,1.67E-07,1.15E-04,1.18E-04,0.970870084
292,PFHxS,355-46-4,FishRtgut,2,96,3.48E-07,1.02E-04,1.10E-04,0.926731714
293,PFDA,335-76-2,FishRtgut,2,96,2.09E-06,4.24E-06,1.48E-04,0.028655711
294,Azathioprine,446-86-6,FishRtgut,2,96,1.86E-08,1.48E-04,1.48E-04,1.000259671
295,Benzocaine,94-09-7,FishRtgut,2,96,7.62E-08,1.32E-04,1.33E-04,0.990681691
296,Butylated hydroxyanisole,25013-16-5,FishRtgut,2,96,1.07E-06,6.17E-05,9.00E-05,0.686130849
297,Cetirizine dihydrochloride,83881-52-1,FishRtgut,2,96,2.19E-08,1.46E-04,1.46E-04,0.999801852
298,Cyclamate,139-05-9,FishRtgut,2,96,1.78E-08,0.000149211,0.000149214,1.000365602
299,Cyclophosphamide,6055-19-2,FishRtgut,2,96,2.17E-08,0.000145915,0.000145997,0.999829995
300,Cypermethrin,67375-30-8,FishRtgut,2,96,1.65E-05,5.66028E-07,9.85991E-05,0.005742934
301,DEET,134-62-3,FishRtgut,2,96,1.34E-07,0.000123795,0.000126461,0.979296352
302,Dexamethasone,50-02-2,FishRtgut,2,96,8.44E-08,1.31E-04,0.000132297,0.989154705
303,Digoxin,20830-75-5,FishRtgut,2,96,3.28E-08,0.000141582,0.000141899,0.998152269
304,Fenazaquin,120928-09-8,FishRtgut,2,96,7.64E-06,3.44843E-06,9.23724E-05,0.037346358
305,Fenbuconazole,114369-43-6,FishRtgut,2,96,8.23E-07,7.35E-05,9.46E-05,0.777564681
306,Fluazinam,79622-59-6,FishRtgut,2,96,2.00E-06,2.94634E-05,8.74115E-05,0.337196496
307,Furosemide,54-31-9,FishRtgut,2,96,2.02E-08,0.000148234,0.000149969,0.988819057
308,Glybenclamide,10238-21-8,FishRtgut,2,96,3.84E-06,8.0396E-06,9.68479E-05,0.083044954
309,HC Red 3,2871-01-4,FishRtgut,2,96,1.87E-08,1.48E-04,1.48E-04,1.000249737
310,Hydralazine hydrochloride,304-20-1,FishRtgut,2,96,2.20E-08,0.000145754,0.000145842,0.999787255
311,Ketoconazole,65277-42-1,FishRtgut,2,96,2.52E-06,1.68E-05,9.36292E-05,0.179988856
312,Metformin,1115-70-4,FishRtgut,2,96,1.77E-08,0.00014945,0.000149452,1.000377836
313,Metoclopramide,364-62-5,FishRtgut,2,96,3.00E-07,1.07E-04,0.000113815,0.940508131
314,Nitrofurantoin,67-20-9,FishRtgut,2,96,1.79E-08,0.000149086,0.000149091,1.000357685
315,Oxytetracycline hydrochloride,2058-46-0,FishRtgut,2,96,1.77E-08,0.000149757,0.000149757,1.000387563
316,Panthenol,16485-10-2 ,FishRtgut,2,96,1.77E-08,1.49E-04,0.000149469,1.000378555
317,Paracetamol,103-90-2,FishRtgut,2,96,1.99E-08,0.000146981,0.000147027,1.000075203
318,Topiramate,97240-79-4,FishRtgut,2,96,1.77E-08,0.000149712,0.000149712,1.000386574
319,Trimellitic anhydride,552-30-7,FishRtgut,2,96,4.16E-08,0.000139157,0.000139667,0.99673725
320,Verapamil hydrochloride,152-11-4,FishRtgut,2,96,2.69E-06,1.3303E-05,9.69316E-05,0.137294246
321,Warfarin,129-06-6,FishRtgut,2,96,2.32E-07,0.000113072,0.000118171,0.957225144
322,"2,4-Dinitrophenol",51-28-5,FishRtgill,2,96,2.95E-08,1.36E-04,1.37E-04,0.994283919
323,Aldrin,309-00-2,FishRtgill,2,96,8.43E-06,7.26E-07,1.00E-04,0.007245657
324,Azinphos-methyl,86-50-0,FishRtgill,2,96,1.98E-07,1.01E-04,1.10E-04,0.91971443
325,Chlorpyrifos,2921-88-2,FishRtgill,2,96,2.32E-06,7.15E-06,9.70E-05,0.073737078
326,"DDD-p,p'",50-29-3,FishRtgill,2,96,1.04E-05,3.47E-07,1.08E-04,0.003201257
327,"DDT-o,p'",789-02-6,FishRtgill,2,96,8.88E-06,6.66E-07,1.03E-04,0.006455554
328,"DDT-p,p'",72-54-8,FishRtgill,2,96,6.78E-06,1.41E-06,9.77E-05,0.014475667
329,Diazinon,333-41-5,FishRtgill,2,96,8.84E-07,3.94E-05,8.67E-05,0.454744329
330,Dicofol,115-32-2,FishRtgill,2,96,2.48E-06,6.66E-06,9.66E-05,0.068955307
331,Dieldrin,60-57-1,FishRtgill,2,96,2.77E-06,5.89E-06,9.58E-05,0.061440283
332,Disulfoton,298-04-4,FishRtgill,2,96,1.07E-06,2.92E-05,8.81E-05,0.331694573
333,Endosulfan I,115-29-7,FishRtgill,2,96,9.02E-07,3.84E-05,8.67E-05,0.44251938
334,Endrin,72-20-8,FishRtgill,2,96,3.80E-06,3.94E-06,9.47E-05,0.041634285
335,Ethion,563-12-2,FishRtgill,2,96,2.62E-06,6.26E-06,9.62E-05,0.065127306
336,Heptachlor,76-44-8,FishRtgill,2,96,6.68E-06,1.46E-06,9.74E-05,0.014982094
337,Heptachlor epoxide B,1024-57-3,FishRtgill,2,96,2.37E-06,6.98E-06,9.69E-05,0.072120204
338,Lindane,58-89-9,FishRtgill,2,96,7.99E-07,4.39E-05,8.60E-05,0.510217563
339,"Methoxychlor-o,p'",72-43-5,FishRtgill,2,96,2.65E-06,6.19E-06,9.61E-05,0.06437867
340,Parathion,56-38-2,FishRtgill,2,96,9.02E-07,3.84E-05,8.68E-05,0.44251938
341,Trifluralin,1582-09-8,FishRtgill,2,96,3.47E-06,4.43E-06,9.47E-05,0.046854026
342,Eugenol F,97-53-0,FishRtgill,2,96,8.28E-08,1.21E-04,1.24E-04,0.974200527
343,Methyl-antranilate,134-20-3,FishRtgill,2,96,4.14E-08,1.32E-04,1.33E-04,0.99019704
344,Lilyfore,285977-85-7,FishRtgill,2,96,4.39E-07,7.31E-05,9.45E-05,0.77326174
345,Damascone beta,23726-91-2,FishRtgill,2,96,1.21E-06,1.78E-05,8.75E-05,0.202935234
346,Veloutone,14595-54-1,FishRtgill,2,96,3.27E-06,4.80E-06,9.49E-05,0.050571755
347,Verdox,82356-51-2,FishRtgill,2,96,8.25E-06,7.98E-07,1.00E-04,0.00796788
348,Nirvanol,1506-02-1,FishRtgill,2,96,4.88E-06,2.70E-06,9.49E-05,0.028437992
349,Cetalox,3738-00-9,FishRtgill,2,96,3.21E-06,3.57E-06,8.23E-05,0.043327129
350,Tonalide,21145-77-7,FishRtgill,2,96,4.88E-06,2.70E-06,9.49E-05,0.028437992
351,Caffeine,58-08-2,FishRtgill,2,96,9.59E-09,1.48E-04,1.48E-04,1.000304038
352,Lamotrigine,84057-84-1,FishRtgill,2,96,1.44E-07,1.10E-04,1.16E-04,0.947481012
353,Diclofenac,15307-79-6,FishRtgill,2,96,9.34E-09,1.50E-04,1.50E-04,0.999969329
354,"2,4-Dichlorophenoxyacetic",94-75-7,FishRtgill,2,96,1.67E-08,1.39E-04,1.50E-04,0.924333076
355,(S)-Naproxen,22204-53-1,FishRtgill,2,96,2.52E-08,1.24E-04,1.50E-04,0.828427689
356,Ibuprofen,15687-27-1,FishRtgill,2,96,4.80E-08,8.22E-05,1.50E-04,0.549262767
357,Torasemide,56211-40-6,FishRtgill,2,96,1.54E-07,1.01E-04,1.35E-04,0.743698713
358,Warfarin,81-81-2,FishRtgill,2,96,1.58E-08,1.41E-04,1.50E-04,0.941505608
359,di-n-butylphthalate,84-74-2,FishRtgill,2,96,1.53E-06,1.07E-05,1.01E-04,0.105854763
360,hexachlorophene,70-30-4,FishRtgill,2,96,6.39E-06,1.44E-06,1.42E-04,0.010156585
361,hexamethylenetetramine,100-97-0,FishRtgill,2,96,8.69E-09,1.40E-04,1.40E-04,1.000385412
362,Malathion,121-75-5,FishRtgill,2,96,9.80E-08,1.18E-04,1.22E-04,0.967913055
363,pentachlorophenol,87-86-5,FishRtgill,2,96,1.71E-07,1.23E-05,1.50E-04,0.08201945
364,"2,2,2-trichloroethanol",115-20-8,FishRtgill,2,96,1.92E-08,1.29E-04,1.30E-04,0.997078122
365,diethylphthalate,84-66-2,FishRtgill,2,96,1.13E-07,1.15E-04,1.19E-04,0.961116816
366,4-chlorophenol,106-48-9,FishRtgill,2,96,1.03E-07,1.16E-04,1.21E-04,0.965509205
367,permethrin,52645-53-1,FishRtgill,2,96,8.60E-06,7.41E-07,1.02E-04,0.007245657
368,Aniline,62-53-3,FishRtgill,2,96,1.26E-08,1.43E-04,1.43E-04,0.999464278
369,4-fluoroaniline,371-40-4,FishRtgill,2,96,1.52E-08,1.40E-04,1.40E-04,0.998681172
370,"2,4,6-trichlorophenol",88-06-2,FishRtgill,2,96,7.65E-07,4.51E-05,8.52E-05,0.528719239
371,Allyl alcohol,107-18-6,FishRtgill,2,96,9.34E-09,1.40E-04,1.40E-04,1.000235302
372,N-methylaniline,100-61-8,FishRtgill,2,96,2.72E-08,1.28E-04,1.28E-04,0.994431355
373,"3,4-dichloroaniline",95-76-1,FishRtgill,2,96,1.78E-07,1.04E-04,1.11E-04,0.930025578
374,4-decylaniline,37529-30-9,FishRtgill,2,96,7.74E-06,1.01E-06,9.99E-05,0.01014587
375,naphthalene,91-20-3,FishRtgill,2,96,3.55E-07,5.14E-05,6.89E-05,0.746223652
376,"1,2,4-trichlorobenzene",120-82-1,FishRtgill,2,96,1.50E-07,4.42E-06,1.27E-05,0.348332316
377,"1,2-dichlorobenzene",95-50-1,FishRtgill,2,96,6.12E-08,6.57E-06,9.65E-06,0.680785945
378,dichloromethane,75-09-2,FishRtgill,2,96,1.36E-09,1.13E-05,1.13E-05,0.998206451
379,tetrachloroethylene,127-18-4,FishRtgill,2,96,2.13E-08,2.45E-06,3.52E-06,0.696672964
380,"2,3-dimethyl-1,3-butadiene",513-81-5,FishRtgill,2,96,3.53E-10,8.67E-08,1.03E-07,0.838476732
381,cyclosporine A,59865-13-3,FishRtgill,2,96,2.66E-07,9.19E-05,1.04E-04,0.882653472
382,chlorpromazine,50-53-3,FishRtgill,2,96,3.73E-06,4.05E-06,9.47E-05,0.042757652
383,PBDE 47,5436-43-1,FishRtgill,2,96,1.00E-05,4.20E-07,1.07E-04,0.003929009
384,PBDE 99,60348-60-9,FishRtgill,2,96,1.20E-05,1.54E-07,1.14E-04,0.001342522
385,PBDE 153,68631-49-2,FishRtgill,2,96,1.36E-05,4.52E-08,1.22E-04,0.000372014
386,amiodarone,1951-25-3,FishRtgill,2,96,1.28E-05,9.15E-08,1.18E-04,0.000776636
387,PFBS,375-73-5,FishRtgill,2,96,2.30E-08,1.38E-04,1.39E-04,0.996361397
388,4:2 FTS,757124-72-4,FishRtgill,2,96,3.36E-08,1.33E-04,1.34E-04,0.992782666
389,PFNA,375-95-1,FishRtgill,2,96,6.51E-06,1.52E-06,9.66E-05,0.015768742
390,PFHxA,307-24-4,FishRtgill,2,96,1.20E-06,2.17E-05,8.98E-05,0.241309502
391,PFBA,375-22-4,FishRtgill,2,96,3.11E-08,1.32E-04,1.33E-04,0.993490514
392,PFOA,335-67-1,FishRtgill,2,96,1.10E-06,2.33E-05,8.49E-05,0.27439223
393,6:2 FTS,27619-97-2,FishRtgill,2,96,2.82E-07,8.71E-05,1.00E-04,0.869228551
394,8:2 FTS,39108-34-4,FishRtgill,2,96,1.18E-06,2.22E-05,8.87E-05,0.250477863
395,PFUnDA,2058-94-8,FishRtgill,2,96,5.64E-07,6.23E-06,1.49E-04,0.041751562
396,PFOS,1763-23-1,FishRtgill,2,96,5.64E-07,6.23E-06,1.49E-04,0.041751562
397,PFHpA,375-85-9,FishRtgill,2,96,6.08E-07,5.19E-05,8.30E-05,0.624882399
398,PFPeA,2706-90-3,FishRtgill,2,96,8.76E-08,1.15E-04,1.18E-04,0.970870084
399,PFHxS,355-46-4,FishRtgill,2,96,1.83E-07,1.02E-04,1.10E-04,0.926731714
400,PFDA,335-76-2,FishRtgill,2,96,1.10E-06,4.26E-06,1.49E-04,0.028655711
401,Azathioprine,446-86-6,FishRtgill,2,96,9.77E-09,1.48E-04,1.48E-04,1.000259671
402,Benzocaine,94-09-7,FishRtgill,2,96,4.00E-08,1.32E-04,1.33E-04,0.990681691
403,Butylated hydroxyanisole,25013-16-5,FishRtgill,2,96,5.64E-07,6.19E-05,9.03E-05,0.686130849
404,Cetirizine dihydrochloride,83881-52-1,FishRtgill,2,96,1.15E-08,1.46E-04,1.46E-04,0.999801852
405,Cyclamate,139-05-9,FishRtgill,2,96,9.36E-09,0.000149219,0.000149223,1.000365602
406,Cyclophosphamide,6055-19-2,FishRtgill,2,96,1.14E-08,0.000145925,0.000146007,0.999829995
407,Cypermethrin,67375-30-8,FishRtgill,2,96,9.16E-06,5.97309E-07,0.000104048,0.005742934
408,DEET,134-62-3,FishRtgill,2,96,7.04E-08,0.000123847,0.000126515,0.979296352
409,Dexamethasone,50-02-2,FishRtgill,2,96,4.43E-08,1.31E-04,0.000132332,0.989154705
410,Digoxin,20830-75-5,FishRtgill,2,96,1.72E-08,0.000141596,0.000141914,0.998152269
411,Fenazaquin,120928-09-8,FishRtgill,2,96,4.11E-06,3.53389E-06,9.46617E-05,0.037346358
412,Fenbuconazole,114369-43-6,FishRtgill,2,96,4.33E-07,7.37E-05,9.48E-05,0.777564681
413,Fluazinam,79622-59-6,FishRtgill,2,96,1.06E-06,2.96513E-05,8.79692E-05,0.337196496
414,Furosemide,54-31-9,FishRtgill,2,96,1.06E-08,0.000148244,0.000149978,0.988819057
415,Glybenclamide,10238-21-8,FishRtgill,2,96,2.04E-06,8.1386E-06,9.80405E-05,0.083044954
416,HC Red 3,2871-01-4,FishRtgill,2,96,9.80E-09,1.48E-04,1.48E-04,1.000249737
417,Hydralazine hydrochloride,304-20-1,FishRtgill,2,96,1.15E-08,0.000145764,0.000145852,0.999787255
418,Ketoconazole,65277-42-1,FishRtgill,2,96,1.33E-06,1.70E-05,9.43823E-05,0.179988856
419,Metformin,1115-70-4,FishRtgill,2,96,9.31E-09,0.000149458,0.00014946,1.000377836
420,Metoclopramide,364-62-5,FishRtgill,2,96,1.57E-07,1.07E-04,0.000113923,0.940508131
421,Nitrofurantoin,67-20-9,FishRtgill,2,96,9.39E-09,0.000149094,0.000149099,1.000357685
422,Oxytetracycline hydrochloride,2058-46-0,FishRtgill,2,96,9.28E-09,0.000149765,0.000149766,1.000387563
423,Panthenol,16485-10-2 ,FishRtgill,2,96,9.31E-09,1.49E-04,0.000149477,1.000378555
424,Paracetamol,103-90-2,FishRtgill,2,96,1.05E-08,0.00014699,0.000147037,1.000075203
425,Topiramate,97240-79-4,FishRtgill,2,96,9.29E-09,0.00014972,0.000149721,1.000386574
426,Trimellitic anhydride,552-30-7,FishRtgill,2,96,2.19E-08,0.000139175,0.000139685,0.99673725
427,Verapamil hydrochloride,152-11-4,FishRtgill,2,96,1.42E-06,1.34173E-05,9.77647E-05,0.137294246
428,Warfarin,129-06-6,FishRtgill,2,96,1.22E-07,0.000113155,0.000118258,0.957225144
429,"2,4-Dinitrophenol",51-28-5,Default,2,96,2.60E-07,1.36E-04,1.37E-04,0.994283919
430,Aldrin,309-00-2,Default,2,96,5.30E-05,4.97E-07,6.87E-05,0.007245657
431,Azinphos-methyl,86-50-0,Default,2,96,1.73E-06,9.98E-05,1.09E-04,0.91971443
432,Chlorpyrifos,2921-88-2,Default,2,96,1.86E-05,6.36E-06,8.63E-05,0.073737078
433,"DDD-p,p'",50-29-3,Default,2,96,6.13E-05,2.20E-07,6.89E-05,0.003201257
434,"DDT-o,p'",789-02-6,Default,2,96,5.50E-05,4.48E-07,6.95E-05,0.006455554
435,"DDT-p,p'",72-54-8,Default,2,96,4.53E-05,1.03E-06,7.14E-05,0.014475667
436,Diazinon,333-41-5,Default,2,96,7.52E-06,3.77E-05,8.29E-05,0.454744329
437,Dicofol,115-32-2,Default,2,96,1.98E-05,5.88E-06,8.53E-05,0.068955307
438,Dieldrin,60-57-1,Default,2,96,2.18E-05,5.13E-06,8.35E-05,0.061440283
439,Disulfoton,298-04-4,Default,2,96,9.01E-06,2.77E-05,8.34E-05,0.331694573
440,Endosulfan I,115-29-7,Default,2,96,7.66E-06,3.66E-05,8.28E-05,0.44251938
441,Endrin,72-20-8,Default,2,96,2.86E-05,3.27E-06,7.86E-05,0.041634285
442,Ethion,563-12-2,Default,2,96,2.07E-05,5.49E-06,8.44E-05,0.065127306
443,Heptachlor,76-44-8,Default,2,96,4.48E-05,1.07E-06,7.14E-05,0.014982094
444,Heptachlor epoxide B,1024-57-3,Default,2,96,1.90E-05,6.20E-06,8.60E-05,0.072120204
445,Lindane,58-89-9,Default,2,96,6.81E-06,4.21E-05,8.26E-05,0.510217563
446,"Methoxychlor-o,p'",72-43-5,Default,2,96,2.10E-05,5.42E-06,8.42E-05,0.06437867
447,Parathion,56-38-2,Default,2,96,7.66E-06,3.66E-05,8.28E-05,0.44251938
448,Trifluralin,1582-09-8,Default,2,96,2.65E-05,3.74E-06,7.98E-05,0.046854026
449,Eugenol F,97-53-0,Default,2,96,7.24E-07,1.20E-04,1.23E-04,0.974200527
450,Methyl-antranilate,134-20-3,Default,2,96,3.64E-07,1.31E-04,1.33E-04,0.99019704
451,Lilyfore,285977-85-7,Default,2,96,3.79E-06,7.14E-05,9.24E-05,0.77326174
452,Damascone beta,23726-91-2,Default,2,96,1.02E-05,1.67E-05,8.22E-05,0.202935234
453,Veloutone,14595-54-1,Default,2,96,2.52E-05,4.08E-06,8.07E-05,0.050571755
454,Verdox,82356-51-2,Default,2,96,5.22E-05,5.50E-07,6.91E-05,0.00796788
455,Nirvanol,1506-02-1,Default,2,96,3.51E-05,2.14E-06,7.51E-05,0.028437992
456,Cetalox,3738-00-9,Default,2,96,2.48E-05,3.04E-06,7.02E-05,0.043327129
457,Tonalide,21145-77-7,Default,2,96,3.51E-05,2.14E-06,7.51E-05,0.028437992
458,Caffeine,58-08-2,Default,2,96,8.89E-08,1.48E-04,1.48E-04,1.000304038
459,Lamotrigine,84057-84-1,Default,2,96,1.26E-06,1.09E-04,1.15E-04,0.947481012
460,Diclofenac,15307-79-6,Default,2,96,8.78E-08,1.50E-04,1.50E-04,0.999969329
461,"2,4-Dichlorophenoxyacetic",94-75-7,Default,2,96,2.69E-07,1.38E-04,1.50E-04,0.924333076
462,(S)-Naproxen,22204-53-1,Default,2,96,4.76E-07,1.24E-04,1.49E-04,0.828427689
463,Ibuprofen,15687-27-1,Default,2,96,1.02E-06,8.17E-05,1.49E-04,0.549262767
464,Torasemide,56211-40-6,Default,2,96,1.62E-06,9.97E-05,1.34E-04,0.743698713
465,Warfarin,81-81-2,Default,2,96,2.36E-07,1.41E-04,1.50E-04,0.941505608
466,di-n-butylphthalate,84-74-2,Default,2,96,1.27E-05,9.85E-06,9.31E-05,0.105854763
467,hexachlorophene,70-30-4,Default,2,96,7.26E-05,7.76E-07,7.64E-05,0.010156585
468,hexamethylenetetramine,100-97-0,Default,2,96,8.08E-08,1.40E-04,1.40E-04,1.000385412
469,Malathion,121-75-5,Default,2,96,8.56E-07,1.17E-04,1.21E-04,0.967913055
470,pentachlorophenol,87-86-5,Default,2,96,3.73E-06,1.20E-05,1.46E-04,0.08201945
471,"2,2,2-trichloroethanol",115-20-8,Default,2,96,1.71E-07,1.29E-04,1.30E-04,0.997078122
472,diethylphthalate,84-66-2,Default,2,96,9.90E-07,1.14E-04,1.19E-04,0.961116816
473,4-chlorophenol,106-48-9,Default,2,96,9.02E-07,1.16E-04,1.20E-04,0.965509205
474,permethrin,52645-53-1,Default,2,96,5.38E-05,5.04E-07,6.96E-05,0.007245657
475,Aniline,62-53-3,Default,2,96,1.14E-07,1.43E-04,1.43E-04,0.999464278
476,4-fluoroaniline,371-40-4,Default,2,96,1.36E-07,1.40E-04,1.40E-04,0.998681172
477,"2,4,6-trichlorophenol",88-06-2,Default,2,96,6.54E-06,4.33E-05,8.19E-05,0.528719239
478,Allyl alcohol,107-18-6,Default,2,96,8.64E-08,1.40E-04,1.40E-04,1.000235302
479,N-methylaniline,100-61-8,Default,2,96,2.40E-07,1.27E-04,1.28E-04,0.994431355
480,"3,4-dichloroaniline",95-76-1,Default,2,96,1.55E-06,1.03E-04,1.10E-04,0.930025578
481,4-decylaniline,37529-30-9,Default,2,96,4.99E-05,7.13E-07,7.03E-05,0.01014587
482,naphthalene,91-20-3,Default,2,96,3.08E-06,5.05E-05,6.77E-05,0.746223652
483,"1,2,4-trichlorobenzene",120-82-1,Default,2,96,1.33E-06,4.38E-06,1.26E-05,0.348332316
484,"1,2-dichlorobenzene",95-50-1,Default,2,96,5.40E-07,6.55E-06,9.62E-06,0.680785945
485,dichloromethane,75-09-2,Default,2,96,1.22E-08,1.13E-05,1.13E-05,0.998206451
486,tetrachloroethylene,127-18-4,Default,2,96,1.88E-07,2.45E-06,3.52E-06,0.696672964
487,"2,3-dimethyl-1,3-butadiene",513-81-5,Default,2,96,3.11E-09,8.67E-08,1.03E-07,0.838476732
488,cyclosporine A,59865-13-3,Default,2,96,2.31E-06,9.07E-05,1.03E-04,0.882653472
489,chlorpromazine,50-53-3,Default,2,96,2.82E-05,3.37E-06,7.89E-05,0.042757652
490,PBDE 47,5436-43-1,Default,2,96,5.96E-05,2.71E-07,6.90E-05,0.003929009
491,PBDE 99,60348-60-9,Default,2,96,6.70E-05,9.24E-08,6.89E-05,0.001342522
492,PBDE 153,68631-49-2,Default,2,96,7.23E-05,2.58E-08,6.93E-05,0.000372014
493,amiodarone,1951-25-3,Default,2,96,6.96E-05,5.36E-08,6.90E-05,0.000776636
494,PFBS,375-73-5,Default,2,96,2.04E-07,1.38E-04,1.38E-04,0.996361397
495,4:2 FTS,757124-72-4,Default,2,96,2.96E-07,1.33E-04,1.34E-04,0.992782666
496,PFNA,375-95-1,Default,2,96,4.40E-05,1.13E-06,7.14E-05,0.015768742
497,PFHxA,307-24-4,Default,2,96,1.01E-05,2.04E-05,8.44E-05,0.241309502
498,PFBA,375-22-4,Default,2,96,2.75E-07,1.32E-04,1.33E-04,0.993490514
499,PFOA,335-67-1,Default,2,96,9.26E-06,2.20E-05,8.02E-05,0.27439223
500,6:2 FTS,27619-97-2,Default,2,96,2.45E-06,8.58E-05,9.88E-05,0.869228551
501,8:2 FTS,39108-34-4,Default,2,96,9.89E-06,2.09E-05,8.35E-05,0.250477863
502,PFUnDA,2058-94-8,Default,2,96,1.22E-05,5.75E-06,1.38E-04,0.041751562
503,PFOS,1763-23-1,Default,2,96,1.22E-05,5.75E-06,1.38E-04,0.041751562
504,PFHpA,375-85-9,Default,2,96,5.23E-06,5.03E-05,8.04E-05,0.624882399
505,PFPeA,2706-90-3,Default,2,96,7.66E-07,1.14E-04,1.18E-04,0.970870084
506,PFHxS,355-46-4,Default,2,96,1.59E-06,1.01E-04,1.09E-04,0.926731714
507,PFDA,335-76-2,Default,2,96,2.22E-05,3.66E-06,1.28E-04,0.028655711
508,Azathioprine,446-86-6,Default,2,96,9.04E-08,1.48E-04,1.48E-04,1.000259671
509,Benzocaine,94-09-7,Default,2,96,3.52E-07,1.32E-04,1.33E-04,0.990681691
510,Butylated hydroxyanisole,25013-16-5,Default,2,96,4.85E-06,6.02E-05,8.77E-05,0.686130849
511,Cetirizine dihydrochloride,83881-52-1,Default,2,96,1.05E-07,1.46E-04,1.46E-04,0.999801852
512,Cyclamate,139-05-9,Default,2,96,8.70E-08,0.000149142,0.000149145,1.000365602
513,Cyclophosphamide,6055-19-2,Default,2,96,1.04E-07,0.000145835,0.000145916,0.999829995
514,Cypermethrin,67375-30-8,Default,2,96,5.62E-05,3.97923E-07,6.93161E-05,0.005742934
515,DEET,134-62-3,Default,2,96,6.16E-07,0.000123396,0.000126054,0.979296352
516,Dexamethasone,50-02-2,Default,2,96,3.89E-07,1.31E-04,0.000132028,0.989154705
517,Digoxin,20830-75-5,Default,2,96,1.54E-07,0.000141467,0.000141784,0.998152269
518,Fenazaquin,120928-09-8,Default,2,96,3.05E-05,2.89346E-06,7.75067E-05,0.037346358
519,Fenbuconazole,114369-43-6,Default,2,96,3.74E-06,7.21E-05,9.27E-05,0.777564681
520,Fluazinam,79622-59-6,Default,2,96,8.93E-06,2.80837E-05,8.33185E-05,0.337196496
521,Furosemide,54-31-9,Default,2,96,1.18E-07,0.000148137,0.000149871,0.988819057
522,Glybenclamide,10238-21-8,Default,2,96,1.66E-05,7.33875E-06,8.84053E-05,0.083044954
523,HC Red 3,2871-01-4,Default,2,96,9.07E-08,1.48E-04,1.48E-04,1.000249737
524,Hydralazine hydrochloride,304-20-1,Default,2,96,1.05E-07,0.000145673,0.000145761,0.999787255
525,Ketoconazole,65277-42-1,Default,2,96,1.12E-05,1.59E-05,8.81499E-05,0.179988856
526,Metformin,1115-70-4,Default,2,96,8.66E-08,0.000149381,0.000149383,1.000377836
527,Metoclopramide,364-62-5,Default,2,96,1.37E-06,1.06E-04,0.000112999,0.940508131
528,Nitrofurantoin,67-20-9,Default,2,96,8.72E-08,0.000149017,0.000149022,1.000357685
529,Oxytetracycline hydrochloride,2058-46-0,Default,2,96,8.64E-08,0.000149688,0.000149689,1.000387563
530,Panthenol,16485-10-2 ,Default,2,96,8.66E-08,1.49E-04,0.0001494,1.000378555
531,Paracetamol,103-90-2,Default,2,96,9.63E-08,0.000146906,0.000146952,1.000075203
532,Topiramate,97240-79-4,Default,2,96,8.64E-08,0.000149643,0.000149644,1.000386574
533,Trimellitic anhydride,552-30-7,Default,2,96,1.94E-07,0.000139015,0.000139525,0.99673725
534,Verapamil hydrochloride,152-11-4,Default,2,96,1.19E-05,1.24732E-05,9.08859E-05,0.137294246
535,Warfarin,129-06-6,Default,2,96,1.07E-06,0.000112443,0.000117513,0.957225144
536,"2,4-Dinitrophenol",51-28-5,MCF7,2,96,2.34E-07,1.36E-04,1.37E-04,0.994283919
537,Aldrin,309-00-2,MCF7,2,96,2.15E-05,6.59E-07,9.10E-05,0.007245657
538,Azinphos-methyl,86-50-0,MCF7,2,96,6.48E-07,1.01E-04,1.09E-04,0.91971443
539,Chlorpyrifos,2921-88-2,MCF7,2,96,6.23E-06,6.96E-06,9.44E-05,0.073737078
540,"DDD-p,p'",50-29-3,MCF7,2,96,2.61E-05,3.08E-07,9.62E-05,0.003201257
541,"DDT-o,p'",789-02-6,MCF7,2,96,2.25E-05,6.01E-07,9.32E-05,0.006455554
542,"DDT-p,p'",72-54-8,MCF7,2,96,1.75E-05,1.31E-06,9.04E-05,0.014475667
543,Diazinon,333-41-5,MCF7,2,96,2.43E-06,3.90E-05,8.58E-05,0.454744329
544,Dicofol,115-32-2,MCF7,2,96,6.66E-06,6.47E-06,9.38E-05,0.068955307
545,Dieldrin,60-57-1,MCF7,2,96,7.41E-06,5.70E-06,9.28E-05,0.061440283
546,Disulfoton,298-04-4,MCF7,2,96,2.91E-06,2.89E-05,8.70E-05,0.331694573
547,Endosulfan I,115-29-7,MCF7,2,96,2.47E-06,3.80E-05,8.58E-05,0.44251938
548,Endrin,72-20-8,MCF7,2,96,1.01E-05,3.77E-06,9.06E-05,0.041634285
549,Ethion,563-12-2,MCF7,2,96,7.03E-06,6.08E-06,9.33E-05,0.065127306
550,Heptachlor,76-44-8,MCF7,2,96,1.73E-05,1.35E-06,9.02E-05,0.014982094
551,Heptachlor epoxide B,1024-57-3,MCF7,2,96,6.37E-06,6.79E-06,9.42E-05,0.072120204
552,Lindane,58-89-9,MCF7,2,96,2.20E-06,4.35E-05,8.52E-05,0.510217563
553,"Methoxychlor-o,p'",72-43-5,MCF7,2,96,7.11E-06,6.00E-06,9.32E-05,0.06437867
554,Parathion,56-38-2,MCF7,2,96,2.48E-06,3.80E-05,8.59E-05,0.44251938
555,Trifluralin,1582-09-8,MCF7,2,96,9.25E-06,4.26E-06,9.09E-05,0.046854026
556,Eugenol F,97-53-0,MCF7,2,96,3.59E-07,1.20E-04,1.24E-04,0.974200527
557,Methyl-antranilate,134-20-3,MCF7,2,96,2.61E-07,1.32E-04,1.33E-04,0.99019704
558,Lilyfore,285977-85-7,MCF7,2,96,1.27E-06,7.27E-05,9.40E-05,0.77326174
559,Damascone beta,23726-91-2,MCF7,2,96,3.30E-06,1.75E-05,8.63E-05,0.202935234
560,Veloutone,14595-54-1,MCF7,2,96,8.72E-06,4.62E-06,9.14E-05,0.050571755
561,Verdox,82356-51-2,MCF7,2,96,2.11E-05,7.26E-07,9.12E-05,0.00796788
562,Nirvanol,1506-02-1,MCF7,2,96,1.28E-05,2.55E-06,8.97E-05,0.028437992
563,Cetalox,3738-00-9,MCF7,2,96,8.59E-06,3.44E-06,7.93E-05,0.043327129
564,Tonalide,21145-77-7,MCF7,2,96,1.28E-05,2.55E-06,8.97E-05,0.028437992
565,Caffeine,58-08-2,MCF7,2,96,1.96E-07,1.48E-04,1.48E-04,1.000304038
566,Lamotrigine,84057-84-1,MCF7,2,96,5.32E-07,1.09E-04,1.15E-04,0.947481012
567,Diclofenac,15307-79-6,MCF7,2,96,1.97E-07,1.50E-04,1.50E-04,0.999969329
568,"2,4-Dichlorophenoxyacetic",94-75-7,MCF7,2,96,2.36E-07,1.38E-04,1.50E-04,0.924333076
569,(S)-Naproxen,22204-53-1,MCF7,2,96,2.81E-07,1.24E-04,1.50E-04,0.828427689
570,Ibuprofen,15687-27-1,MCF7,2,96,3.93E-07,8.20E-05,1.49E-04,0.549262767
571,Torasemide,56211-40-6,MCF7,2,96,6.07E-07,1.00E-04,1.35E-04,0.743698713
572,Warfarin,81-81-2,MCF7,2,96,2.30E-07,1.41E-04,1.50E-04,0.941505608
573,di-n-butylphthalate,84-74-2,MCF7,2,96,4.15E-06,1.05E-05,9.89E-05,0.105854763
574,hexachlorophene,70-30-4,MCF7,2,96,3.23E-05,1.18E-06,1.16E-04,0.010156585
575,hexamethylenetetramine,100-97-0,MCF7,2,96,1.83E-07,1.40E-04,1.40E-04,1.000385412
576,Malathion,121-75-5,MCF7,2,96,3.97E-07,1.18E-04,1.22E-04,0.967913055
577,pentachlorophenol,87-86-5,MCF7,2,96,1.12E-06,1.22E-05,1.49E-04,0.08201945
578,"2,2,2-trichloroethanol",115-20-8,MCF7,2,96,1.99E-07,1.29E-04,1.30E-04,0.997078122
579,diethylphthalate,84-66-2,MCF7,2,96,4.35E-07,1.14E-04,1.19E-04,0.961116816
580,4-chlorophenol,106-48-9,MCF7,2,96,4.09E-07,1.16E-04,1.20E-04,0.965509205
581,permethrin,52645-53-1,MCF7,2,96,2.19E-05,6.72E-07,9.27E-05,0.007245657
582,Aniline,62-53-3,MCF7,2,96,1.97E-07,1.43E-04,1.43E-04,0.999464278
583,4-fluoroaniline,371-40-4,MCF7,2,96,2.01E-07,1.40E-04,1.40E-04,0.998681172
584,"2,4,6-trichlorophenol",88-06-2,MCF7,2,96,2.12E-06,4.46E-05,8.45E-05,0.528719239
585,Allyl alcohol,107-18-6,MCF7,2,96,1.85E-07,1.40E-04,1.40E-04,1.000235302
586,N-methylaniline,100-61-8,MCF7,2,96,2.18E-07,1.27E-04,1.28E-04,0.994431355
587,"3,4-dichloroaniline",95-76-1,MCF7,2,96,5.96E-07,1.03E-04,1.11E-04,0.930025578
588,4-decylaniline,37529-30-9,MCF7,2,96,1.98E-05,9.27E-07,9.14E-05,0.01014587
589,naphthalene,91-20-3,MCF7,2,96,1.02E-06,5.12E-05,6.86E-05,0.746223652
590,"1,2,4-trichlorobenzene",120-82-1,MCF7,2,96,4.15E-07,4.41E-06,1.27E-05,0.348332316
591,"1,2-dichlorobenzene",95-50-1,MCF7,2,96,1.73E-07,6.56E-06,9.64E-06,0.680785945
592,dichloromethane,75-09-2,MCF7,2,96,1.66E-08,1.13E-05,1.13E-05,0.998206451
593,tetrachloroethylene,127-18-4,MCF7,2,96,6.06E-08,2.45E-06,3.52E-06,0.696672964
594,"2,3-dimethyl-1,3-butadiene",513-81-5,MCF7,2,96,1.05E-09,8.67E-08,1.03E-07,0.838476732
595,cyclosporine A,59865-13-3,MCF7,2,96,8.19E-07,9.16E-05,1.04E-04,0.882653472
596,chlorpromazine,50-53-3,MCF7,2,96,9.92E-06,3.88E-06,9.07E-05,0.042757652
597,PBDE 47,5436-43-1,MCF7,2,96,2.52E-05,3.74E-07,9.53E-05,0.003929009
598,PBDE 99,60348-60-9,MCF7,2,96,2.96E-05,1.34E-07,9.98E-05,0.001342522
599,PBDE 153,68631-49-2,MCF7,2,96,3.32E-05,3.87E-08,1.04E-04,0.000372014
600,amiodarone,1951-25-3,MCF7,2,96,3.14E-05,7.91E-08,1.02E-04,0.000776636
601,PFBS,375-73-5,MCF7,2,96,2.19E-07,1.38E-04,1.38E-04,0.996361397
602,4:2 FTS,757124-72-4,MCF7,2,96,2.42E-07,1.33E-04,1.34E-04,0.992782666
603,PFNA,375-95-1,MCF7,2,96,1.69E-05,1.41E-06,8.97E-05,0.015768742
604,PFHxA,307-24-4,MCF7,2,96,3.26E-06,2.14E-05,8.85E-05,0.241309502
605,PFBA,375-22-4,MCF7,2,96,2.34E-07,1.32E-04,1.33E-04,0.993490514
606,PFOA,335-67-1,MCF7,2,96,2.99E-06,2.30E-05,8.38E-05,0.27439223
607,6:2 FTS,27619-97-2,MCF7,2,96,8.58E-07,8.68E-05,9.99E-05,0.869228551
608,8:2 FTS,39108-34-4,MCF7,2,96,3.20E-06,2.19E-05,8.75E-05,0.250477863
609,PFUnDA,2058-94-8,MCF7,2,96,3.77E-06,6.10E-06,1.46E-04,0.041751562
610,PFOS,1763-23-1,MCF7,2,96,3.77E-06,6.10E-06,1.46E-04,0.041751562
611,PFHpA,375-85-9,MCF7,2,96,1.70E-06,5.15E-05,8.24E-05,0.624882399
612,PFPeA,2706-90-3,MCF7,2,96,3.65E-07,1.15E-04,1.18E-04,0.970870084
613,PFHxS,355-46-4,MCF7,2,96,6.07E-07,1.01E-04,1.09E-04,0.926731714
614,PFDA,335-76-2,MCF7,2,96,7.22E-06,4.09E-06,1.43E-04,0.028655711
615,Azathioprine,446-86-6,MCF7,2,96,1.96E-07,1.48E-04,1.48E-04,1.000259671
616,Benzocaine,94-09-7,MCF7,2,96,2.58E-07,1.32E-04,1.33E-04,0.990681691
617,Butylated hydroxyanisole,25013-16-5,MCF7,2,96,1.59E-06,6.15E-05,8.97E-05,0.686130849
618,Cetirizine dihydrochloride,83881-52-1,MCF7,2,96,1.97E-07,1.46E-04,1.46E-04,0.999801852
619,Cyclamate,139-05-9,MCF7,2,96,1.96E-07,0.000149034,0.000149037,1.000365602
620,Cyclophosphamide,6055-19-2,MCF7,2,96,1.97E-07,0.000145744,0.000145826,0.999829995
621,Cypermethrin,67375-30-8,MCF7,2,96,2.32E-05,5.37773E-07,9.36774E-05,0.005742934
622,DEET,134-62-3,MCF7,2,96,3.30E-07,0.000123633,0.000126296,0.979296352
623,Dexamethasone,50-02-2,MCF7,2,96,2.68E-07,1.31E-04,0.000132135,0.989154705
624,Digoxin,20830-75-5,MCF7,2,96,2.08E-07,0.000141416,0.000141733,0.998152269
625,Fenazaquin,120928-09-8,MCF7,2,96,1.09E-05,3.36971E-06,9.02639E-05,0.037346358
626,Fenbuconazole,114369-43-6,MCF7,2,96,1.25E-06,7.33E-05,9.43E-05,0.777564681
627,Fluazinam,79622-59-6,MCF7,2,96,2.89E-06,2.92872E-05,8.68889E-05,0.337196496
628,Furosemide,54-31-9,MCF7,2,96,2.04E-07,0.000148053,0.000149785,0.988819057
629,Glybenclamide,10238-21-8,MCF7,2,96,5.51E-06,7.94802E-06,9.57447E-05,0.083044954
630,HC Red 3,2871-01-4,MCF7,2,96,1.96E-07,1.48E-04,1.48E-04,1.000249737
631,Hydralazine hydrochloride,304-20-1,MCF7,2,96,1.98E-07,0.000145584,0.000145671,0.999787255
632,Ketoconazole,65277-42-1,MCF7,2,96,3.62E-06,1.67E-05,9.29313E-05,0.179988856
633,Metformin,1115-70-4,MCF7,2,96,1.96E-07,0.000149272,0.000149274,1.000377836
634,Metoclopramide,364-62-5,MCF7,2,96,5.45E-07,1.07E-04,0.000113629,0.940508131
635,Nitrofurantoin,67-20-9,MCF7,2,96,1.96E-07,0.000148909,0.000148914,1.000357685
636,Oxytetracycline hydrochloride,2058-46-0,MCF7,2,96,1.96E-07,0.000149579,0.000149579,1.000387563
637,Panthenol,16485-10-2 ,MCF7,2,96,1.96E-07,1.49E-04,0.000149291,1.000378555
638,Paracetamol,103-90-2,MCF7,2,96,1.96E-07,0.000146808,0.000146855,1.000075203
639,Topiramate,97240-79-4,MCF7,2,96,1.96E-07,0.000149534,0.000149534,1.000386574
640,Trimellitic anhydride,552-30-7,MCF7,2,96,2.17E-07,0.000138994,0.000139503,0.99673725
641,Verapamil hydrochloride,152-11-4,MCF7,2,96,3.86E-06,1.31971E-05,9.61602E-05,0.137294246
642,Warfarin,129-06-6,MCF7,2,96,4.56E-07,0.000112903,0.000117994,0.957225144
643,"2,4-Dinitrophenol",51-28-5,HCT116,2,96,1.17E-07,1.36E-04,1.37E-04,0.994283919
644,Aldrin,309-00-2,HCT116,2,96,2.79E-05,6.26E-07,8.64E-05,0.007245657
645,Azinphos-methyl,86-50-0,HCT116,2,96,7.39E-07,1.01E-04,1.09E-04,0.91971443
646,Chlorpyrifos,2921-88-2,HCT116,2,96,8.41E-06,6.85E-06,9.30E-05,0.073737078
647,"DDD-p,p'",50-29-3,HCT116,2,96,3.36E-05,2.89E-07,9.04E-05,0.003201257
648,"DDT-o,p'",789-02-6,HCT116,2,96,2.92E-05,5.70E-07,8.83E-05,0.006455554
649,"DDT-p,p'",72-54-8,HCT116,2,96,2.30E-05,1.25E-06,8.66E-05,0.014475667
650,Diazinon,333-41-5,HCT116,2,96,3.26E-06,3.88E-05,8.53E-05,0.454744329
651,Dicofol,115-32-2,HCT116,2,96,8.98E-06,6.36E-06,9.23E-05,0.068955307
652,Dieldrin,60-57-1,HCT116,2,96,9.97E-06,5.60E-06,9.11E-05,0.061440283
653,Disulfoton,298-04-4,HCT116,2,96,3.93E-06,2.87E-05,8.64E-05,0.331694573
654,Endosulfan I,115-29-7,HCT116,2,96,3.32E-06,3.77E-05,8.53E-05,0.44251938
655,Endrin,72-20-8,HCT116,2,96,1.35E-05,3.68E-06,8.84E-05,0.041634285
656,Ethion,563-12-2,HCT116,2,96,9.47E-06,5.97E-06,9.17E-05,0.065127306
657,Heptachlor,76-44-8,HCT116,2,96,2.27E-05,1.29E-06,8.65E-05,0.014982094
658,Heptachlor epoxide B,1024-57-3,HCT116,2,96,8.59E-06,6.69E-06,9.28E-05,0.072120204
659,Lindane,58-89-9,HCT116,2,96,2.95E-06,4.32E-05,8.48E-05,0.510217563
660,"Methoxychlor-o,p'",72-43-5,HCT116,2,96,9.57E-06,5.90E-06,9.16E-05,0.06437867
661,Parathion,56-38-2,HCT116,2,96,3.32E-06,3.78E-05,8.54E-05,0.44251938
662,Trifluralin,1582-09-8,HCT116,2,96,1.24E-05,4.16E-06,8.89E-05,0.046854026
663,Eugenol F,97-53-0,HCT116,2,96,3.13E-07,1.21E-04,1.24E-04,0.974200527
664,Methyl-antranilate,134-20-3,HCT116,2,96,1.61E-07,1.32E-04,1.33E-04,0.99019704
665,Lilyfore,285977-85-7,HCT116,2,96,1.63E-06,7.25E-05,9.38E-05,0.77326174
666,Damascone beta,23726-91-2,HCT116,2,96,4.46E-06,1.74E-05,8.56E-05,0.202935234
667,Veloutone,14595-54-1,HCT116,2,96,1.17E-05,4.52E-06,8.95E-05,0.050571755
668,Verdox,82356-51-2,HCT116,2,96,2.74E-05,6.90E-07,8.67E-05,0.00796788
669,Nirvanol,1506-02-1,HCT116,2,96,1.70E-05,2.47E-06,8.70E-05,0.028437992
670,Cetalox,3738-00-9,HCT116,2,96,1.15E-05,3.36E-06,7.77E-05,0.043327129
671,Tonalide,21145-77-7,HCT116,2,96,1.70E-05,2.47E-06,8.70E-05,0.028437992
672,Caffeine,58-08-2,HCT116,2,96,4.54E-08,1.48E-04,1.48E-04,1.000304038
673,Lamotrigine,84057-84-1,HCT116,2,96,5.42E-07,1.09E-04,1.15E-04,0.947481012
674,Diclofenac,15307-79-6,HCT116,2,96,4.49E-08,1.50E-04,1.50E-04,0.999969329
675,"2,4-Dichlorophenoxyacetic",94-75-7,HCT116,2,96,1.11E-07,1.38E-04,1.50E-04,0.924333076
676,(S)-Naproxen,22204-53-1,HCT116,2,96,1.87E-07,1.24E-04,1.50E-04,0.828427689
677,Ibuprofen,15687-27-1,HCT116,2,96,3.88E-07,8.21E-05,1.49E-04,0.549262767
678,Torasemide,56211-40-6,HCT116,2,96,6.70E-07,1.00E-04,1.35E-04,0.743698713
679,Warfarin,81-81-2,HCT116,2,96,9.95E-08,1.41E-04,1.50E-04,0.941505608
680,di-n-butylphthalate,84-74-2,HCT116,2,96,5.61E-06,1.04E-05,9.79E-05,0.105854763
681,hexachlorophene,70-30-4,HCT116,2,96,3.90E-05,1.11E-06,1.10E-04,0.010156585
682,hexamethylenetetramine,100-97-0,HCT116,2,96,4.15E-08,1.40E-04,1.40E-04,1.000385412
683,Malathion,121-75-5,HCT116,2,96,3.69E-07,1.18E-04,1.22E-04,0.967913055
684,pentachlorophenol,87-86-5,HCT116,2,96,1.41E-06,1.22E-05,1.48E-04,0.08201945
685,"2,2,2-trichloroethanol",115-20-8,HCT116,2,96,7.92E-08,1.29E-04,1.30E-04,0.997078122
686,diethylphthalate,84-66-2,HCT116,2,96,4.26E-07,1.14E-04,1.19E-04,0.961116816
687,4-chlorophenol,106-48-9,HCT116,2,96,3.88E-07,1.16E-04,1.20E-04,0.965509205
688,permethrin,52645-53-1,HCT116,2,96,2.84E-05,6.37E-07,8.80E-05,0.007245657
689,Aniline,62-53-3,HCT116,2,96,5.59E-08,1.43E-04,1.43E-04,0.999464278
690,4-fluoroaniline,371-40-4,HCT116,2,96,6.51E-08,1.40E-04,1.40E-04,0.998681172
691,"2,4,6-trichlorophenol",88-06-2,HCT116,2,96,2.83E-06,4.44E-05,8.41E-05,0.528719239
692,Allyl alcohol,107-18-6,HCT116,2,96,4.39E-08,1.40E-04,1.40E-04,1.000235302
693,N-methylaniline,100-61-8,HCT116,2,96,1.08E-07,1.27E-04,1.28E-04,0.994431355
694,"3,4-dichloroaniline",95-76-1,HCT116,2,96,6.64E-07,1.03E-04,1.11E-04,0.930025578
695,4-decylaniline,37529-30-9,HCT116,2,96,2.59E-05,8.84E-07,8.71E-05,0.01014587
696,naphthalene,91-20-3,HCT116,2,96,1.32E-06,5.11E-05,6.85E-05,0.746223652
697,"1,2,4-trichlorobenzene",120-82-1,HCT116,2,96,5.63E-07,4.41E-06,1.27E-05,0.348332316
698,"1,2-dichlorobenzene",95-50-1,HCT116,2,96,2.28E-07,6.56E-06,9.64E-06,0.680785945
699,dichloromethane,75-09-2,HCT116,2,96,5.76E-09,1.13E-05,1.13E-05,0.998206451
700,tetrachloroethylene,127-18-4,HCT116,2,96,7.96E-08,2.45E-06,3.52E-06,0.696672964
701,"2,3-dimethyl-1,3-butadiene",513-81-5,HCT116,2,96,1.32E-09,8.67E-08,1.03E-07,0.838476732
702,cyclosporine A,59865-13-3,HCT116,2,96,9.87E-07,9.15E-05,1.04E-04,0.882653472
703,chlorpromazine,50-53-3,HCT116,2,96,1.33E-05,3.79E-06,8.86E-05,0.042757652
704,PBDE 47,5436-43-1,HCT116,2,96,3.24E-05,3.52E-07,8.97E-05,0.003929009
705,PBDE 99,60348-60-9,HCT116,2,96,3.78E-05,1.25E-07,9.31E-05,0.001342522
706,PBDE 153,68631-49-2,HCT116,2,96,4.20E-05,3.58E-08,9.63E-05,0.000372014
707,amiodarone,1951-25-3,HCT116,2,96,3.98E-05,7.34E-08,9.46E-05,0.000776636
708,PFBS,375-73-5,HCT116,2,96,9.35E-08,1.38E-04,1.39E-04,0.996361397
709,4:2 FTS,757124-72-4,HCT116,2,96,1.32E-07,1.33E-04,1.34E-04,0.992782666
710,PFNA,375-95-1,HCT116,2,96,2.22E-05,1.36E-06,8.61E-05,0.015768742
711,PFHxA,307-24-4,HCT116,2,96,4.41E-06,2.12E-05,8.78E-05,0.241309502
712,PFBA,375-22-4,HCT116,2,96,1.23E-07,1.32E-04,1.33E-04,0.993490514
713,PFOA,335-67-1,HCT116,2,96,4.04E-06,2.28E-05,8.32E-05,0.27439223
714,6:2 FTS,27619-97-2,HCT116,2,96,1.05E-06,8.67E-05,9.97E-05,0.869228551
715,8:2 FTS,39108-34-4,HCT116,2,96,4.33E-06,2.17E-05,8.69E-05,0.250477863
716,PFUnDA,2058-94-8,HCT116,2,96,4.76E-06,6.06E-06,1.45E-04,0.041751562
717,PFOS,1763-23-1,HCT116,2,96,4.76E-06,6.06E-06,1.45E-04,0.041751562
718,PFHpA,375-85-9,HCT116,2,96,2.25E-06,5.13E-05,8.21E-05,0.624882399
719,PFPeA,2706-90-3,HCT116,2,96,3.30E-07,1.15E-04,1.18E-04,0.970870084
720,PFHxS,355-46-4,HCT116,2,96,6.82E-07,1.01E-04,1.09E-04,0.926731714
721,PFDA,335-76-2,HCT116,2,96,9.08E-06,4.03E-06,1.41E-04,0.028655711
722,Azathioprine,446-86-6,HCT116,2,96,4.60E-08,1.48E-04,1.48E-04,1.000259671
723,Benzocaine,94-09-7,HCT116,2,96,1.56E-07,1.32E-04,1.33E-04,0.990681691
724,Butylated hydroxyanisole,25013-16-5,HCT116,2,96,2.08E-06,6.13E-05,8.94E-05,0.686130849
725,Cetirizine dihydrochloride,83881-52-1,HCT116,2,96,5.21E-08,1.46E-04,1.46E-04,0.999801852
726,Cyclamate,139-05-9,HCT116,2,96,4.46E-08,0.000149184,0.000149188,1.000365602
727,Cyclophosphamide,6055-19-2,HCT116,2,96,5.17E-08,0.000145886,0.000145967,0.999829995
728,Cypermethrin,67375-30-8,HCT116,2,96,3.00E-05,5.08782E-07,8.86273E-05,0.005742934
729,DEET,134-62-3,HCT116,2,96,2.67E-07,0.000123684,0.000126348,0.979296352
730,Dexamethasone,50-02-2,HCT116,2,96,1.72E-07,1.31E-04,0.00013222,0.989154705
731,Digoxin,20830-75-5,HCT116,2,96,7.28E-08,0.000141544,0.000141861,0.998152269
732,Fenazaquin,120928-09-8,HCT116,2,96,1.45E-05,3.28159E-06,8.79034E-05,0.037346358
733,Fenbuconazole,114369-43-6,HCT116,2,96,1.60E-06,7.31E-05,9.41E-05,0.777564681
734,Fluazinam,79622-59-6,HCT116,2,96,3.89E-06,2.90868E-05,8.62944E-05,0.337196496
735,Furosemide,54-31-9,HCT116,2,96,5.60E-08,0.000148199,0.000149933,0.988819057
736,Glybenclamide,10238-21-8,HCT116,2,96,7.44E-06,7.84165E-06,9.44634E-05,0.083044954
737,HC Red 3,2871-01-4,HCT116,2,96,4.61E-08,1.48E-04,1.48E-04,1.000249737
738,Hydralazine hydrochloride,304-20-1,HCT116,2,96,5.23E-08,0.000145725,0.000145813,0.999787255
739,Ketoconazole,65277-42-1,HCT116,2,96,4.90E-06,1.66E-05,9.21187E-05,0.179988856
740,Metformin,1115-70-4,HCT116,2,96,4.45E-08,0.000149423,0.000149425,1.000377836
741,Metoclopramide,364-62-5,HCT116,2,96,5.88E-07,1.07E-04,0.000113596,0.940508131
742,Nitrofurantoin,67-20-9,HCT116,2,96,4.47E-08,0.000149059,0.000149064,1.000357685
743,Oxytetracycline hydrochloride,2058-46-0,HCT116,2,96,4.44E-08,0.00014973,0.000149731,1.000387563
744,Panthenol,16485-10-2 ,HCT116,2,96,4.45E-08,1.49E-04,0.000149442,1.000378555
745,Paracetamol,103-90-2,HCT116,2,96,4.85E-08,0.000146953,0.000146999,1.000075203
746,Topiramate,97240-79-4,HCT116,2,96,4.44E-08,0.000149685,0.000149686,1.000386574
747,Trimellitic anhydride,552-30-7,HCT116,2,96,8.96E-08,0.000139113,0.000139622,0.99673725
748,Verapamil hydrochloride,152-11-4,HCT116,2,96,5.23E-06,1.30734E-05,9.52592E-05,0.137294246
749,Warfarin,129-06-6,HCT116,2,96,4.58E-07,0.000112902,0.000117993,0.957225144
750,"2,4-Dinitrophenol",51-28-5,HEK293T,2,96,2.11E-07,1.36E-04,1.37E-04,0.994283919
751,Aldrin,309-00-2,HEK293T,2,96,3.22E-05,6.04E-07,8.34E-05,0.007245657
752,Azinphos-methyl,86-50-0,HEK293T,2,96,9.38E-07,1.00E-04,1.09E-04,0.91971443
753,Chlorpyrifos,2921-88-2,HEK293T,2,96,9.96E-06,6.78E-06,9.20E-05,0.073737078
754,"DDD-p,p'",50-29-3,HEK293T,2,96,3.85E-05,2.77E-07,8.66E-05,0.003201257
755,"DDT-o,p'",789-02-6,HEK293T,2,96,3.37E-05,5.49E-07,8.51E-05,0.006455554
756,"DDT-p,p'",72-54-8,HEK293T,2,96,2.67E-05,1.22E-06,8.41E-05,0.014475667
757,Diazinon,333-41-5,HEK293T,2,96,3.91E-06,3.86E-05,8.50E-05,0.454744329
758,Dicofol,115-32-2,HEK293T,2,96,1.06E-05,6.29E-06,9.12E-05,0.068955307
759,Dieldrin,60-57-1,HEK293T,2,96,1.18E-05,5.53E-06,9.00E-05,0.061440283
760,Disulfoton,298-04-4,HEK293T,2,96,4.70E-06,2.85E-05,8.60E-05,0.331694573
761,Endosulfan I,115-29-7,HEK293T,2,96,3.98E-06,3.76E-05,8.49E-05,0.44251938
762,Endrin,72-20-8,HEK293T,2,96,1.59E-05,3.61E-06,8.69E-05,0.041634285
763,Ethion,563-12-2,HEK293T,2,96,1.12E-05,5.90E-06,9.06E-05,0.065127306
764,Heptachlor,76-44-8,HEK293T,2,96,2.64E-05,1.26E-06,8.40E-05,0.014982094
765,Heptachlor epoxide B,1024-57-3,HEK293T,2,96,1.02E-05,6.61E-06,9.17E-05,0.072120204
766,Lindane,58-89-9,HEK293T,2,96,3.54E-06,4.31E-05,8.44E-05,0.510217563
767,"Methoxychlor-o,p'",72-43-5,HEK293T,2,96,1.13E-05,5.82E-06,9.05E-05,0.06437867
768,Parathion,56-38-2,HEK293T,2,96,3.99E-06,3.76E-05,8.50E-05,0.44251938
769,Trifluralin,1582-09-8,HEK293T,2,96,1.46E-05,4.10E-06,8.75E-05,0.046854026
770,Eugenol F,97-53-0,HEK293T,2,96,4.38E-07,1.20E-04,1.24E-04,0.974200527
771,Methyl-antranilate,134-20-3,HEK293T,2,96,2.62E-07,1.32E-04,1.33E-04,0.99019704
772,Lilyfore,285977-85-7,HEK293T,2,96,1.98E-06,7.23E-05,9.36E-05,0.77326174
773,Damascone beta,23726-91-2,HEK293T,2,96,5.32E-06,1.73E-05,8.51E-05,0.202935234
774,Veloutone,14595-54-1,HEK293T,2,96,1.38E-05,4.45E-06,8.81E-05,0.050571755
775,Verdox,82356-51-2,HEK293T,2,96,3.16E-05,6.67E-07,8.37E-05,0.00796788
776,Nirvanol,1506-02-1,HEK293T,2,96,1.99E-05,2.42E-06,8.51E-05,0.028437992
777,Cetalox,3738-00-9,HEK293T,2,96,1.36E-05,3.31E-06,7.65E-05,0.043327129
778,Tonalide,21145-77-7,HEK293T,2,96,1.99E-05,2.42E-06,8.51E-05,0.028437992
779,Caffeine,58-08-2,HEK293T,2,96,1.32E-07,1.48E-04,1.48E-04,1.000304038
780,Lamotrigine,84057-84-1,HEK293T,2,96,7.16E-07,1.09E-04,1.15E-04,0.947481012
781,Diclofenac,15307-79-6,HEK293T,2,96,1.32E-07,1.50E-04,1.50E-04,0.999969329
782,"2,4-Dichlorophenoxyacetic",94-75-7,HEK293T,2,96,2.00E-07,1.38E-04,1.50E-04,0.924333076
783,(S)-Naproxen,22204-53-1,HEK293T,2,96,2.77E-07,1.24E-04,1.50E-04,0.828427689
784,Ibuprofen,15687-27-1,HEK293T,2,96,4.80E-07,8.20E-05,1.49E-04,0.549262767
785,Torasemide,56211-40-6,HEK293T,2,96,8.42E-07,1.00E-04,1.35E-04,0.743698713
786,Warfarin,81-81-2,HEK293T,2,96,1.88E-07,1.41E-04,1.50E-04,0.941505608
787,di-n-butylphthalate,84-74-2,HEK293T,2,96,6.68E-06,1.03E-05,9.72E-05,0.105854763
788,hexachlorophene,70-30-4,HEK293T,2,96,4.25E-05,1.08E-06,1.06E-04,0.010156585
789,hexamethylenetetramine,100-97-0,HEK293T,2,96,1.23E-07,1.40E-04,1.40E-04,1.000385412
790,Malathion,121-75-5,HEK293T,2,96,5.04E-07,1.17E-04,1.21E-04,0.967913055
791,pentachlorophenol,87-86-5,HEK293T,2,96,1.59E-06,1.21E-05,1.48E-04,0.08201945
792,"2,2,2-trichloroethanol",115-20-8,HEK293T,2,96,1.62E-07,1.29E-04,1.30E-04,0.997078122
793,diethylphthalate,84-66-2,HEK293T,2,96,5.70E-07,1.14E-04,1.19E-04,0.961116816
794,4-chlorophenol,106-48-9,HEK293T,2,96,5.26E-07,1.16E-04,1.20E-04,0.965509205
795,permethrin,52645-53-1,HEK293T,2,96,3.28E-05,6.15E-07,8.49E-05,0.007245657
796,Aniline,62-53-3,HEK293T,2,96,1.42E-07,1.43E-04,1.43E-04,0.999464278
797,4-fluoroaniline,371-40-4,HEK293T,2,96,1.51E-07,1.40E-04,1.40E-04,0.998681172
798,"2,4,6-trichlorophenol",88-06-2,HEK293T,2,96,3.40E-06,4.43E-05,8.37E-05,0.528719239
799,Allyl alcohol,107-18-6,HEK293T,2,96,1.26E-07,1.40E-04,1.40E-04,1.000235302
800,N-methylaniline,100-61-8,HEK293T,2,96,1.96E-07,1.27E-04,1.28E-04,0.994431355
801,"3,4-dichloroaniline",95-76-1,HEK293T,2,96,8.49E-07,1.03E-04,1.11E-04,0.930025578
802,4-decylaniline,37529-30-9,HEK293T,2,96,3.00E-05,8.55E-07,8.43E-05,0.01014587
803,naphthalene,91-20-3,HEK293T,2,96,1.60E-06,5.10E-05,6.83E-05,0.746223652
804,"1,2,4-trichlorobenzene",120-82-1,HEK293T,2,96,6.77E-07,4.40E-06,1.26E-05,0.348332316
805,"1,2-dichlorobenzene",95-50-1,HEK293T,2,96,2.77E-07,6.56E-06,9.64E-06,0.680785945
806,dichloromethane,75-09-2,HEK293T,2,96,1.28E-08,1.13E-05,1.13E-05,0.998206451
807,tetrachloroethylene,127-18-4,HEK293T,2,96,9.67E-08,2.45E-06,3.52E-06,0.696672964
808,"2,3-dimethyl-1,3-butadiene",513-81-5,HEK293T,2,96,1.63E-09,8.67E-08,1.03E-07,0.838476732
809,cyclosporine A,59865-13-3,HEK293T,2,96,1.23E-06,9.13E-05,1.03E-04,0.882653472
810,chlorpromazine,50-53-3,HEK293T,2,96,1.56E-05,3.72E-06,8.70E-05,0.042757652
811,PBDE 47,5436-43-1,HEK293T,2,96,3.72E-05,3.38E-07,8.61E-05,0.003929009
812,PBDE 99,60348-60-9,HEK293T,2,96,4.30E-05,1.19E-07,8.87E-05,0.001342522
813,PBDE 153,68631-49-2,HEK293T,2,96,4.75E-05,3.40E-08,9.14E-05,0.000372014
814,amiodarone,1951-25-3,HEK293T,2,96,4.52E-05,6.98E-08,9.00E-05,0.000776636
815,PFBS,375-73-5,HEK293T,2,96,1.84E-07,1.38E-04,1.38E-04,0.996361397
816,4:2 FTS,757124-72-4,HEK293T,2,96,2.28E-07,1.33E-04,1.34E-04,0.992782666
817,PFNA,375-95-1,HEK293T,2,96,2.58E-05,1.32E-06,8.37E-05,0.015768742
818,PFHxA,307-24-4,HEK293T,2,96,5.27E-06,2.11E-05,8.73E-05,0.241309502
819,PFBA,375-22-4,HEK293T,2,96,2.16E-07,1.32E-04,1.33E-04,0.993490514
820,PFOA,335-67-1,HEK293T,2,96,4.83E-06,2.27E-05,8.28E-05,0.27439223
821,6:2 FTS,27619-97-2,HEK293T,2,96,1.30E-06,8.65E-05,9.96E-05,0.869228551
822,8:2 FTS,39108-34-4,HEK293T,2,96,5.16E-06,2.16E-05,8.64E-05,0.250477863
823,PFUnDA,2058-94-8,HEK293T,2,96,5.32E-06,6.04E-06,1.45E-04,0.041751562
824,PFOS,1763-23-1,HEK293T,2,96,5.32E-06,6.04E-06,1.45E-04,0.041751562
825,PFHpA,375-85-9,HEK293T,2,96,2.72E-06,5.11E-05,8.18E-05,0.624882399
826,PFPeA,2706-90-3,HEK293T,2,96,4.56E-07,1.14E-04,1.18E-04,0.970870084
827,PFHxS,355-46-4,HEK293T,2,96,8.70E-07,1.01E-04,1.09E-04,0.926731714
828,PFDA,335-76-2,HEK293T,2,96,1.01E-05,4.01E-06,1.40E-04,0.028655711
829,Azathioprine,446-86-6,HEK293T,2,96,1.32E-07,1.48E-04,1.48E-04,1.000259671
830,Benzocaine,94-09-7,HEK293T,2,96,2.56E-07,1.32E-04,1.33E-04,0.990681691
831,Butylated hydroxyanisole,25013-16-5,HEK293T,2,96,2.52E-06,6.11E-05,8.91E-05,0.686130849
832,Cetirizine dihydrochloride,83881-52-1,HEK293T,2,96,1.38E-07,1.46E-04,1.46E-04,0.999801852
833,Cyclamate,139-05-9,HEK293T,2,96,1.31E-07,0.000149098,0.000149102,1.000365602
834,Cyclophosphamide,6055-19-2,HEK293T,2,96,1.38E-07,0.000145802,0.000145883,0.999829995
835,Cypermethrin,67375-30-8,HEK293T,2,96,3.45E-05,4.89661E-07,8.52964E-05,0.005742934
836,DEET,134-62-3,HEK293T,2,96,3.85E-07,0.000123587,0.000126249,0.979296352
837,Dexamethasone,50-02-2,HEK293T,2,96,2.74E-07,1.31E-04,0.00013213,0.989154705
838,Digoxin,20830-75-5,HEK293T,2,96,1.61E-07,0.000141461,0.000141778,0.998152269
839,Fenazaquin,120928-09-8,HEK293T,2,96,1.71E-05,3.22029E-06,8.62614E-05,0.037346358
840,Fenbuconazole,114369-43-6,HEK293T,2,96,1.96E-06,7.30E-05,9.39E-05,0.777564681
841,Fluazinam,79622-59-6,HEK293T,2,96,4.66E-06,2.89348E-05,8.58435E-05,0.337196496
842,Furosemide,54-31-9,HEK293T,2,96,1.43E-07,0.000148112,0.000149846,0.988819057
843,Glybenclamide,10238-21-8,HEK293T,2,96,8.83E-06,7.76543E-06,9.35452E-05,0.083044954
844,HC Red 3,2871-01-4,HEK293T,2,96,1.32E-07,1.48E-04,1.48E-04,1.000249737
845,Hydralazine hydrochloride,304-20-1,HEK293T,2,96,1.39E-07,0.000145641,0.000145729,0.999787255
846,Ketoconazole,65277-42-1,HEK293T,2,96,5.84E-06,1.65E-05,9.15215E-05,0.179988856
847,Metformin,1115-70-4,HEK293T,2,96,1.31E-07,0.000149337,0.000149339,1.000377836
848,Metoclopramide,364-62-5,HEK293T,2,96,7.61E-07,1.07E-04,0.000113464,0.940508131
849,Nitrofurantoin,67-20-9,HEK293T,2,96,1.31E-07,0.000148973,0.000148978,1.000357685
850,Oxytetracycline hydrochloride,2058-46-0,HEK293T,2,96,1.31E-07,0.000149644,0.000149644,1.000387563
851,Panthenol,16485-10-2 ,HEK293T,2,96,1.31E-07,1.49E-04,0.000149356,1.000378555
852,Paracetamol,103-90-2,HEK293T,2,96,1.35E-07,0.000146869,0.000146915,1.000075203
853,Topiramate,97240-79-4,HEK293T,2,96,1.31E-07,0.000149599,0.000149599,1.000386574
854,Trimellitic anhydride,552-30-7,HEK293T,2,96,1.80E-07,0.000139029,0.000139538,0.99673725
855,Verapamil hydrochloride,152-11-4,HEK293T,2,96,6.23E-06,1.29832E-05,9.4602E-05,0.137294246
856,Warfarin,129-06-6,HEK293T,2,96,6.08E-07,0.000112789,0.000117875,0.957225144
857,"2,4-Dinitrophenol",51-28-5,HepG2,2,96,1.55E-07,1.36E-04,1.37E-04,0.994283919
858,Aldrin,309-00-2,HepG2,2,96,3.65E-05,5.82E-07,8.04E-05,0.007245657
859,Azinphos-methyl,86-50-0,HepG2,2,96,1.03E-06,1.00E-04,1.09E-04,0.91971443
860,Chlorpyrifos,2921-88-2,HepG2,2,96,1.15E-05,6.70E-06,9.09E-05,0.073737078
861,"DDD-p,p'",50-29-3,HepG2,2,96,4.33E-05,2.65E-07,8.28E-05,0.003201257
862,"DDT-o,p'",789-02-6,HepG2,2,96,3.81E-05,5.28E-07,8.18E-05,0.006455554
863,"DDT-p,p'",72-54-8,HepG2,2,96,3.05E-05,1.18E-06,8.15E-05,0.014475667
864,Diazinon,333-41-5,HepG2,2,96,4.54E-06,3.85E-05,8.46E-05,0.454744329
865,Dicofol,115-32-2,HepG2,2,96,1.23E-05,6.21E-06,9.01E-05,0.068955307
866,Dieldrin,60-57-1,HepG2,2,96,1.36E-05,5.45E-06,8.88E-05,0.061440283
867,Disulfoton,298-04-4,HepG2,2,96,5.45E-06,2.84E-05,8.55E-05,0.331694573
868,Endosulfan I,115-29-7,HepG2,2,96,4.62E-06,3.74E-05,8.46E-05,0.44251938
869,Endrin,72-20-8,HepG2,2,96,1.83E-05,3.55E-06,8.53E-05,0.041634285
870,Ethion,563-12-2,HepG2,2,96,1.30E-05,5.82E-06,8.95E-05,0.065127306
871,Heptachlor,76-44-8,HepG2,2,96,3.01E-05,1.22E-06,8.15E-05,0.014982094
872,Heptachlor epoxide B,1024-57-3,HepG2,2,96,1.18E-05,6.54E-06,9.07E-05,0.072120204
873,Lindane,58-89-9,HepG2,2,96,4.10E-06,4.29E-05,8.41E-05,0.510217563
874,"Methoxychlor-o,p'",72-43-5,HepG2,2,96,1.31E-05,5.75E-06,8.93E-05,0.06437867
875,Parathion,56-38-2,HepG2,2,96,4.62E-06,3.74E-05,8.46E-05,0.44251938
876,Trifluralin,1582-09-8,HepG2,2,96,1.69E-05,4.03E-06,8.60E-05,0.046854026
877,Eugenol F,97-53-0,HepG2,2,96,4.31E-07,1.20E-04,1.24E-04,0.974200527
878,Methyl-antranilate,134-20-3,HepG2,2,96,2.17E-07,1.32E-04,1.33E-04,0.99019704
879,Lilyfore,285977-85-7,HepG2,2,96,2.27E-06,7.22E-05,9.34E-05,0.77326174
880,Damascone beta,23726-91-2,HepG2,2,96,6.19E-06,1.72E-05,8.46E-05,0.202935234
881,Veloutone,14595-54-1,HepG2,2,96,1.59E-05,4.38E-06,8.67E-05,0.050571755
882,Verdox,82356-51-2,HepG2,2,96,3.59E-05,6.43E-07,8.07E-05,0.00796788
883,Nirvanol,1506-02-1,HepG2,2,96,2.29E-05,2.36E-06,8.31E-05,0.028437992
884,Cetalox,3738-00-9,HepG2,2,96,1.57E-05,3.26E-06,7.53E-05,0.043327129
885,Tonalide,21145-77-7,HepG2,2,96,2.29E-05,2.36E-06,8.31E-05,0.028437992
886,Caffeine,58-08-2,HepG2,2,96,5.36E-08,1.48E-04,1.48E-04,1.000304038
887,Lamotrigine,84057-84-1,HepG2,2,96,7.51E-07,1.09E-04,1.15E-04,0.947481012
888,Diclofenac,15307-79-6,HepG2,2,96,5.28E-08,1.50E-04,1.50E-04,0.999969329
889,"2,4-Dichlorophenoxyacetic",94-75-7,HepG2,2,96,1.50E-07,1.38E-04,1.50E-04,0.924333076
890,(S)-Naproxen,22204-53-1,HepG2,2,96,2.61E-07,1.24E-04,1.50E-04,0.828427689
891,Ibuprofen,15687-27-1,HepG2,2,96,5.54E-07,8.20E-05,1.49E-04,0.549262767
892,Torasemide,56211-40-6,HepG2,2,96,9.38E-07,1.00E-04,1.35E-04,0.743698713
893,Warfarin,81-81-2,HepG2,2,96,1.32E-07,1.41E-04,1.50E-04,0.941505608
894,di-n-butylphthalate,84-74-2,HepG2,2,96,7.77E-06,1.02E-05,9.64E-05,0.105854763
895,hexachlorophene,70-30-4,HepG2,2,96,5.05E-05,9.98E-07,9.83E-05,0.010156585
896,hexamethylenetetramine,100-97-0,HepG2,2,96,4.87E-08,1.40E-04,1.40E-04,1.000385412
897,Malathion,121-75-5,HepG2,2,96,5.09E-07,1.17E-04,1.21E-04,0.967913055
898,pentachlorophenol,87-86-5,HepG2,2,96,2.03E-06,1.21E-05,1.48E-04,0.08201945
899,"2,2,2-trichloroethanol",115-20-8,HepG2,2,96,1.02E-07,1.29E-04,1.30E-04,0.997078122
900,diethylphthalate,84-66-2,HepG2,2,96,5.89E-07,1.14E-04,1.19E-04,0.961116816
901,4-chlorophenol,106-48-9,HepG2,2,96,5.36E-07,1.16E-04,1.20E-04,0.965509205
902,permethrin,52645-53-1,HepG2,2,96,3.71E-05,5.92E-07,8.17E-05,0.007245657
903,Aniline,62-53-3,HepG2,2,96,6.86E-08,1.43E-04,1.43E-04,0.999464278
904,4-fluoroaniline,371-40-4,HepG2,2,96,8.17E-08,1.40E-04,1.40E-04,0.998681172
905,"2,4,6-trichlorophenol",88-06-2,HepG2,2,96,3.93E-06,4.41E-05,8.34E-05,0.528719239
906,Allyl alcohol,107-18-6,HepG2,2,96,5.20E-08,1.40E-04,1.40E-04,1.000235302
907,N-methylaniline,100-61-8,HepG2,2,96,1.43E-07,1.27E-04,1.28E-04,0.994431355
908,"3,4-dichloroaniline",95-76-1,HepG2,2,96,9.23E-07,1.03E-04,1.11E-04,0.930025578
909,4-decylaniline,37529-30-9,HepG2,2,96,3.40E-05,8.26E-07,8.14E-05,0.01014587
910,naphthalene,91-20-3,HepG2,2,96,1.84E-06,5.09E-05,6.82E-05,0.746223652
911,"1,2,4-trichlorobenzene",120-82-1,HepG2,2,96,7.89E-07,4.40E-06,1.26E-05,0.348332316
912,"1,2-dichlorobenzene",95-50-1,HepG2,2,96,3.20E-07,6.56E-06,9.63E-06,0.680785945
913,dichloromethane,75-09-2,HepG2,2,96,7.31E-09,1.13E-05,1.13E-05,0.998206451
914,tetrachloroethylene,127-18-4,HepG2,2,96,1.12E-07,2.45E-06,3.52E-06,0.696672964
915,"2,3-dimethyl-1,3-butadiene",513-81-5,HepG2,2,96,1.84E-09,8.67E-08,1.03E-07,0.838476732
916,cyclosporine A,59865-13-3,HepG2,2,96,1.38E-06,9.12E-05,1.03E-04,0.882653472
917,chlorpromazine,50-53-3,HepG2,2,96,1.80E-05,3.65E-06,8.55E-05,0.042757652
918,PBDE 47,5436-43-1,HepG2,2,96,4.19E-05,3.24E-07,8.25E-05,0.003929009
919,PBDE 99,60348-60-9,HepG2,2,96,4.82E-05,1.13E-07,8.44E-05,0.001342522
920,PBDE 153,68631-49-2,HepG2,2,96,5.30E-05,3.22E-08,8.65E-05,0.000372014
921,amiodarone,1951-25-3,HepG2,2,96,5.05E-05,6.63E-08,8.54E-05,0.000776636
922,PFBS,375-73-5,HepG2,2,96,1.22E-07,1.38E-04,1.39E-04,0.996361397
923,4:2 FTS,757124-72-4,HepG2,2,96,1.77E-07,1.33E-04,1.34E-04,0.992782666
924,PFNA,375-95-1,HepG2,2,96,2.94E-05,1.28E-06,8.12E-05,0.015768742
925,PFHxA,307-24-4,HepG2,2,96,6.13E-06,2.09E-05,8.68E-05,0.241309502
926,PFBA,375-22-4,HepG2,2,96,1.64E-07,1.32E-04,1.33E-04,0.993490514
927,PFOA,335-67-1,HepG2,2,96,5.61E-06,2.26E-05,8.23E-05,0.27439223
928,6:2 FTS,27619-97-2,HepG2,2,96,1.46E-06,8.64E-05,9.95E-05,0.869228551
929,8:2 FTS,39108-34-4,HepG2,2,96,6.00E-06,2.15E-05,8.59E-05,0.250477863
930,PFUnDA,2058-94-8,HepG2,2,96,6.79E-06,5.98E-06,1.43E-04,0.041751562
931,PFOS,1763-23-1,HepG2,2,96,6.79E-06,5.98E-06,1.43E-04,0.041751562
932,PFHpA,375-85-9,HepG2,2,96,3.14E-06,5.10E-05,8.16E-05,0.624882399
933,PFPeA,2706-90-3,HepG2,2,96,4.55E-07,1.14E-04,1.18E-04,0.970870084
934,PFHxS,355-46-4,HepG2,2,96,9.48E-07,1.01E-04,1.09E-04,0.926731714
935,PFDA,335-76-2,HepG2,2,96,1.28E-05,3.93E-06,1.37E-04,0.028655711
936,Azathioprine,446-86-6,HepG2,2,96,5.44E-08,1.48E-04,1.48E-04,1.000259671
937,Benzocaine,94-09-7,HepG2,2,96,2.10E-07,1.32E-04,1.33E-04,0.990681691
938,Butylated hydroxyanisole,25013-16-5,HepG2,2,96,2.91E-06,6.10E-05,8.89E-05,0.686130849
939,Cetirizine dihydrochloride,83881-52-1,HepG2,2,96,6.31E-08,1.46E-04,1.46E-04,0.999801852
940,Cyclamate,139-05-9,HepG2,2,96,5.24E-08,0.000149176,0.00014918,1.000365602
941,Cyclophosphamide,6055-19-2,HepG2,2,96,6.26E-08,0.000145875,0.000145957,0.999829995
942,Cypermethrin,67375-30-8,HepG2,2,96,3.91E-05,4.70509E-07,8.19603E-05,0.005742934
943,DEET,134-62-3,HepG2,2,96,3.67E-07,0.000123603,0.000126265,0.979296352
944,Dexamethasone,50-02-2,HepG2,2,96,2.32E-07,1.31E-04,0.000132167,0.989154705
945,Digoxin,20830-75-5,HepG2,2,96,9.24E-08,0.000141525,0.000141843,0.998152269
946,Fenazaquin,120928-09-8,HepG2,2,96,1.96E-05,3.15763E-06,8.45828E-05,0.037346358
947,Fenbuconazole,114369-43-6,HepG2,2,96,2.24E-06,7.28E-05,9.37E-05,0.777564681
948,Fluazinam,79622-59-6,HepG2,2,96,5.41E-06,2.87851E-05,8.53992E-05,0.337196496
949,Furosemide,54-31-9,HepG2,2,96,6.90E-08,0.000148186,0.00014992,0.988819057
950,Glybenclamide,10238-21-8,HepG2,2,96,1.02E-05,7.68727E-06,9.26037E-05,0.083044954
951,HC Red 3,2871-01-4,HepG2,2,96,5.46E-08,1.48E-04,1.48E-04,1.000249737
952,Hydralazine hydrochloride,304-20-1,HepG2,2,96,6.34E-08,0.000145714,0.000145802,0.999787255
953,Ketoconazole,65277-42-1,HepG2,2,96,6.79E-06,1.64E-05,9.09179E-05,0.179988856
954,Metformin,1115-70-4,HepG2,2,96,5.22E-08,0.000149416,0.000149417,1.000377836
955,Metoclopramide,364-62-5,HepG2,2,96,8.17E-07,1.07E-04,0.000113422,0.940508131
956,Nitrofurantoin,67-20-9,HepG2,2,96,5.25E-08,0.000149052,0.000149056,1.000357685
957,Oxytetracycline hydrochloride,2058-46-0,HepG2,2,96,5.20E-08,0.000149723,0.000149723,1.000387563
958,Panthenol,16485-10-2 ,HepG2,2,96,5.22E-08,1.49E-04,0.000149434,1.000378555
959,Paracetamol,103-90-2,HepG2,2,96,5.80E-08,0.000146944,0.00014699,1.000075203
960,Topiramate,97240-79-4,HepG2,2,96,5.21E-08,0.000149678,0.000149678,1.000386574
961,Trimellitic anhydride,552-30-7,HepG2,2,96,1.16E-07,0.000139088,0.000139598,0.99673725
962,Verapamil hydrochloride,152-11-4,HepG2,2,96,7.25E-06,1.28915E-05,9.39336E-05,0.137294246
963,Warfarin,129-06-6,HepG2,2,96,6.34E-07,0.000112769,0.000117854,0.957225144
964,"2,4-Dinitrophenol",51-28-5,Me_180,2,96,1.83E-07,1.36E-04,1.37E-04,0.994283919
965,Aldrin,309-00-2,Me_180,2,96,4.04E-05,5.62E-07,7.76E-05,0.007245657
966,Azinphos-methyl,86-50-0,Me_180,2,96,1.18E-06,1.00E-04,1.09E-04,0.91971443
967,Chlorpyrifos,2921-88-2,Me_180,2,96,1.31E-05,6.63E-06,8.99E-05,0.073737078
968,"DDD-p,p'",50-29-3,Me_180,2,96,4.76E-05,2.55E-07,7.95E-05,0.003201257
969,"DDT-o,p'",789-02-6,Me_180,2,96,4.21E-05,5.09E-07,7.89E-05,0.006455554
970,"DDT-p,p'",72-54-8,Me_180,2,96,3.39E-05,1.15E-06,7.92E-05,0.014475667
971,Diazinon,333-41-5,Me_180,2,96,5.17E-06,3.83E-05,8.42E-05,0.454744329
972,Dicofol,115-32-2,Me_180,2,96,1.39E-05,6.14E-06,8.91E-05,0.068955307
973,Dieldrin,60-57-1,Me_180,2,96,1.54E-05,5.38E-06,8.76E-05,0.061440283
974,Disulfoton,298-04-4,Me_180,2,96,6.21E-06,2.82E-05,8.51E-05,0.331694573
975,Endosulfan I,115-29-7,Me_180,2,96,5.27E-06,3.72E-05,8.42E-05,0.44251938
976,Endrin,72-20-8,Me_180,2,96,2.06E-05,3.49E-06,8.38E-05,0.041634285
977,Ethion,563-12-2,Me_180,2,96,1.47E-05,5.75E-06,8.83E-05,0.065127306
978,Heptachlor,76-44-8,Me_180,2,96,3.35E-05,1.19E-06,7.92E-05,0.014982094
979,Heptachlor epoxide B,1024-57-3,Me_180,2,96,1.34E-05,6.46E-06,8.97E-05,0.072120204
980,Lindane,58-89-9,Me_180,2,96,4.68E-06,4.27E-05,8.38E-05,0.510217563
981,"Methoxychlor-o,p'",72-43-5,Me_180,2,96,1.48E-05,5.68E-06,8.82E-05,0.06437867
982,Parathion,56-38-2,Me_180,2,96,5.27E-06,3.73E-05,8.42E-05,0.44251938
983,Trifluralin,1582-09-8,Me_180,2,96,1.90E-05,3.96E-06,8.46E-05,0.046854026
984,Eugenol F,97-53-0,Me_180,2,96,4.98E-07,1.20E-04,1.24E-04,0.974200527
985,Methyl-antranilate,134-20-3,Me_180,2,96,2.53E-07,1.32E-04,1.33E-04,0.99019704
986,Lilyfore,285977-85-7,Me_180,2,96,2.60E-06,7.20E-05,9.32E-05,0.77326174
987,Damascone beta,23726-91-2,Me_180,2,96,7.05E-06,1.71E-05,8.41E-05,0.202935234
988,Veloutone,14595-54-1,Me_180,2,96,1.80E-05,4.32E-06,8.54E-05,0.050571755
989,Verdox,82356-51-2,Me_180,2,96,3.97E-05,6.21E-07,7.80E-05,0.00796788
990,Nirvanol,1506-02-1,Me_180,2,96,2.56E-05,2.31E-06,8.13E-05,0.028437992
991,Cetalox,3738-00-9,Me_180,2,96,1.77E-05,3.21E-06,7.42E-05,0.043327129
992,Tonalide,21145-77-7,Me_180,2,96,2.56E-05,2.31E-06,8.13E-05,0.028437992
993,Caffeine,58-08-2,Me_180,2,96,6.70E-08,1.48E-04,1.48E-04,1.000304038
994,Lamotrigine,84057-84-1,Me_180,2,96,8.64E-07,1.09E-04,1.15E-04,0.947481012
995,Diclofenac,15307-79-6,Me_180,2,96,6.62E-08,1.50E-04,1.50E-04,0.999969329
996,"2,4-Dichlorophenoxyacetic",94-75-7,Me_180,2,96,1.75E-07,1.38E-04,1.50E-04,0.924333076
997,(S)-Naproxen,22204-53-1,Me_180,2,96,3.00E-07,1.24E-04,1.50E-04,0.828427689
998,Ibuprofen,15687-27-1,Me_180,2,96,6.28E-07,8.19E-05,1.49E-04,0.549262767
999,Torasemide,56211-40-6,Me_180,2,96,1.07E-06,1.00E-04,1.35E-04,0.743698713
1000,Warfarin,81-81-2,Me_180,2,96,1.56E-07,1.41E-04,1.50E-04,0.941505608
1001,di-n-butylphthalate,84-74-2,Me_180,2,96,8.83E-06,1.01E-05,9.57E-05,0.105854763
1002,hexachlorophene,70-30-4,Me_180,2,96,5.46E-05,9.57E-07,9.42E-05,0.010156585
1003,hexamethylenetetramine,100-97-0,Me_180,2,96,6.11E-08,1.40E-04,1.40E-04,1.000385412
1004,Malathion,121-75-5,Me_180,2,96,5.87E-07,1.17E-04,1.21E-04,0.967913055
1005,pentachlorophenol,87-86-5,Me_180,2,96,2.29E-06,1.21E-05,1.47E-04,0.08201945
1006,"2,2,2-trichloroethanol",115-20-8,Me_180,2,96,1.22E-07,1.29E-04,1.30E-04,0.997078122
1007,diethylphthalate,84-66-2,Me_180,2,96,6.78E-07,1.14E-04,1.19E-04,0.961116816
1008,4-chlorophenol,106-48-9,Me_180,2,96,6.19E-07,1.16E-04,1.20E-04,0.965509205
1009,permethrin,52645-53-1,Me_180,2,96,4.10E-05,5.71E-07,7.89E-05,0.007245657
1010,Aniline,62-53-3,Me_180,2,96,8.41E-08,1.43E-04,1.43E-04,0.999464278
1011,4-fluoroaniline,371-40-4,Me_180,2,96,9.90E-08,1.40E-04,1.40E-04,0.998681172
1012,"2,4,6-trichlorophenol",88-06-2,Me_180,2,96,4.49E-06,4.39E-05,8.31E-05,0.528719239
1013,Allyl alcohol,107-18-6,Me_180,2,96,6.49E-08,1.40E-04,1.40E-04,1.000235302
1014,N-methylaniline,100-61-8,Me_180,2,96,1.69E-07,1.27E-04,1.28E-04,0.994431355
1015,"3,4-dichloroaniline",95-76-1,Me_180,2,96,1.06E-06,1.03E-04,1.11E-04,0.930025578
1016,4-decylaniline,37529-30-9,Me_180,2,96,3.77E-05,8.00E-07,7.88E-05,0.01014587
1017,naphthalene,91-20-3,Me_180,2,96,2.10E-06,5.08E-05,6.81E-05,0.746223652
1018,"1,2,4-trichlorobenzene",120-82-1,Me_180,2,96,9.03E-07,4.40E-06,1.26E-05,0.348332316
1019,"1,2-dichlorobenzene",95-50-1,Me_180,2,96,3.66E-07,6.55E-06,9.63E-06,0.680785945
1020,dichloromethane,75-09-2,Me_180,2,96,8.80E-09,1.13E-05,1.13E-05,0.998206451
1021,tetrachloroethylene,127-18-4,Me_180,2,96,1.28E-07,2.45E-06,3.52E-06,0.696672964
1022,"2,3-dimethyl-1,3-butadiene",513-81-5,Me_180,2,96,2.11E-09,8.67E-08,1.03E-07,0.838476732
1023,cyclosporine A,59865-13-3,Me_180,2,96,1.58E-06,9.11E-05,1.03E-04,0.882653472
1024,chlorpromazine,50-53-3,Me_180,2,96,2.03E-05,3.59E-06,8.40E-05,0.042757652
1025,PBDE 47,5436-43-1,Me_180,2,96,4.61E-05,3.11E-07,7.93E-05,0.003929009
1026,PBDE 99,60348-60-9,Me_180,2,96,5.27E-05,1.08E-07,8.07E-05,0.001342522
1027,PBDE 153,68631-49-2,Me_180,2,96,5.77E-05,3.06E-08,8.23E-05,0.000372014
1028,amiodarone,1951-25-3,Me_180,2,96,5.52E-05,6.32E-08,8.14E-05,0.000776636
1029,PFBS,375-73-5,Me_180,2,96,1.45E-07,1.38E-04,1.38E-04,0.996361397
1030,4:2 FTS,757124-72-4,Me_180,2,96,2.07E-07,1.33E-04,1.34E-04,0.992782666
1031,PFNA,375-95-1,Me_180,2,96,3.27E-05,1.24E-06,7.90E-05,0.015768742
1032,PFHxA,307-24-4,Me_180,2,96,6.97E-06,2.08E-05,8.63E-05,0.241309502
1033,PFBA,375-22-4,Me_180,2,96,1.93E-07,1.32E-04,1.33E-04,0.993490514
1034,PFOA,335-67-1,Me_180,2,96,6.39E-06,2.25E-05,8.19E-05,0.27439223
1035,6:2 FTS,27619-97-2,Me_180,2,96,1.67E-06,8.63E-05,9.93E-05,0.869228551
1036,8:2 FTS,39108-34-4,Me_180,2,96,6.84E-06,2.14E-05,8.54E-05,0.250477863
1037,PFUnDA,2058-94-8,Me_180,2,96,7.62E-06,5.94E-06,1.42E-04,0.041751562
1038,PFOS,1763-23-1,Me_180,2,96,7.62E-06,5.94E-06,1.42E-04,0.041751562
1039,PFHpA,375-85-9,Me_180,2,96,3.58E-06,5.08E-05,8.14E-05,0.624882399
1040,PFPeA,2706-90-3,Me_180,2,96,5.26E-07,1.14E-04,1.18E-04,0.970870084
1041,PFHxS,355-46-4,Me_180,2,96,1.09E-06,1.01E-04,1.09E-04,0.926731714
1042,PFDA,335-76-2,Me_180,2,96,1.43E-05,3.89E-06,1.36E-04,0.028655711
1043,Azathioprine,446-86-6,Me_180,2,96,6.80E-08,1.48E-04,1.48E-04,1.000259671
1044,Benzocaine,94-09-7,Me_180,2,96,2.45E-07,1.32E-04,1.33E-04,0.990681691
1045,Butylated hydroxyanisole,25013-16-5,Me_180,2,96,3.32E-06,6.08E-05,8.86E-05,0.686130849
1046,Cetirizine dihydrochloride,83881-52-1,Me_180,2,96,7.79E-08,1.46E-04,1.46E-04,0.999801852
1047,Cyclamate,139-05-9,Me_180,2,96,6.57E-08,0.000149163,0.000149167,1.000365602
1048,Cyclophosphamide,6055-19-2,Me_180,2,96,7.73E-08,0.000145861,0.000145942,0.999829995
1049,Cypermethrin,67375-30-8,Me_180,2,96,4.31E-05,4.53474E-07,7.89929E-05,0.005742934
1050,DEET,134-62-3,Me_180,2,96,4.24E-07,0.000123555,0.000126216,0.979296352
1051,Dexamethasone,50-02-2,Me_180,2,96,2.71E-07,1.31E-04,0.000132133,0.989154705
1052,Digoxin,20830-75-5,Me_180,2,96,1.11E-07,0.000141508,0.000141825,0.998152269
1053,Fenazaquin,120928-09-8,Me_180,2,96,2.21E-05,3.09896E-06,8.30112E-05,0.037346358
1054,Fenbuconazole,114369-43-6,Me_180,2,96,2.56E-06,7.27E-05,9.35E-05,0.777564681
1055,Fluazinam,79622-59-6,Me_180,2,96,6.16E-06,2.86352E-05,8.49544E-05,0.337196496
1056,Furosemide,54-31-9,Me_180,2,96,8.44E-08,0.000148171,0.000149904,0.988819057
1057,Glybenclamide,10238-21-8,Me_180,2,96,1.16E-05,7.61198E-06,9.16967E-05,0.083044954
1058,HC Red 3,2871-01-4,Me_180,2,96,6.82E-08,1.48E-04,1.48E-04,1.000249737
1059,Hydralazine hydrochloride,304-20-1,Me_180,2,96,7.82E-08,0.0001457,0.000145787,0.999787255
1060,Ketoconazole,65277-42-1,Me_180,2,96,7.72E-06,1.63E-05,9.0325E-05,0.179988856
1061,Metformin,1115-70-4,Me_180,2,96,6.55E-08,0.000149402,0.000149404,1.000377836
1062,Metoclopramide,364-62-5,Me_180,2,96,9.39E-07,1.07E-04,0.000113329,0.940508131
1063,Nitrofurantoin,67-20-9,Me_180,2,96,6.59E-08,0.000149038,0.000149043,1.000357685
1064,Oxytetracycline hydrochloride,2058-46-0,Me_180,2,96,6.53E-08,0.000149709,0.00014971,1.000387563
1065,Panthenol,16485-10-2 ,Me_180,2,96,6.55E-08,1.49E-04,0.000149421,1.000378555
1066,Paracetamol,103-90-2,Me_180,2,96,7.20E-08,0.00014693,0.000146976,1.000075203
1067,Topiramate,97240-79-4,Me_180,2,96,6.54E-08,0.000149664,0.000149665,1.000386574
1068,Trimellitic anhydride,552-30-7,Me_180,2,96,1.38E-07,0.000139067,0.000139577,0.99673725
1069,Verapamil hydrochloride,152-11-4,Me_180,2,96,8.24E-06,1.28019E-05,9.32804E-05,0.137294246
1070,Warfarin,129-06-6,Me_180,2,96,7.30E-07,0.000112696,0.000117778,0.957225144
1071,"2,4-Dinitrophenol",51-28-5,H4lle,2,96,8.64E-08,1.36E-04,1.37E-04,0.994283919
1072,Aldrin,309-00-2,H4lle,2,96,1.12E-05,7.12E-07,9.83E-05,0.007245657
1073,Azinphos-methyl,86-50-0,H4lle,2,96,2.95E-07,1.01E-04,1.10E-04,0.91971443
1074,Chlorpyrifos,2921-88-2,H4lle,2,96,3.08E-06,7.11E-06,9.65E-05,0.073737078
1075,"DDD-p,p'",50-29-3,H4lle,2,96,1.38E-05,3.38E-07,1.06E-04,0.003201257
1076,"DDT-o,p'",789-02-6,H4lle,2,96,1.18E-05,6.52E-07,1.01E-04,0.006455554
1077,"DDT-p,p'",72-54-8,H4lle,2,96,9.00E-06,1.39E-06,9.62E-05,0.014475667
1078,Diazinon,333-41-5,H4lle,2,96,1.18E-06,3.93E-05,8.65E-05,0.454744329
1079,Dicofol,115-32-2,H4lle,2,96,3.29E-06,6.62E-06,9.60E-05,0.068955307
1080,Dieldrin,60-57-1,H4lle,2,96,3.67E-06,5.85E-06,9.52E-05,0.061440283
1081,Disulfoton,298-04-4,H4lle,2,96,1.42E-06,2.92E-05,8.79E-05,0.331694573
1082,Endosulfan I,115-29-7,H4lle,2,96,1.20E-06,3.83E-05,8.66E-05,0.44251938
1083,Endrin,72-20-8,H4lle,2,96,5.05E-06,3.91E-06,9.39E-05,0.041634285
1084,Ethion,563-12-2,H4lle,2,96,3.48E-06,6.23E-06,9.56E-05,0.065127306
1085,Heptachlor,76-44-8,H4lle,2,96,8.86E-06,1.44E-06,9.59E-05,0.014982094
1086,Heptachlor epoxide B,1024-57-3,H4lle,2,96,3.15E-06,6.95E-06,9.64E-05,0.072120204
1087,Lindane,58-89-9,H4lle,2,96,1.07E-06,4.38E-05,8.59E-05,0.510217563
1088,"Methoxychlor-o,p'",72-43-5,H4lle,2,96,3.52E-06,6.15E-06,9.56E-05,0.06437867
1089,Parathion,56-38-2,H4lle,2,96,1.20E-06,3.83E-05,8.66E-05,0.44251938
1090,Trifluralin,1582-09-8,H4lle,2,96,4.61E-06,4.40E-06,9.39E-05,0.046854026
1091,Eugenol F,97-53-0,H4lle,2,96,1.51E-07,1.21E-04,1.24E-04,0.974200527
1092,Methyl-antranilate,134-20-3,H4lle,2,96,1.01E-07,1.32E-04,1.33E-04,0.99019704
1093,Lilyfore,285977-85-7,H4lle,2,96,6.03E-07,7.30E-05,9.44E-05,0.77326174
1094,Damascone beta,23726-91-2,H4lle,2,96,1.61E-06,1.77E-05,8.73E-05,0.202935234
1095,Veloutone,14595-54-1,H4lle,2,96,4.34E-06,4.76E-06,9.42E-05,0.050571755
1096,Verdox,82356-51-2,H4lle,2,96,1.09E-05,7.83E-07,9.83E-05,0.00796788
1097,Nirvanol,1506-02-1,H4lle,2,96,6.48E-06,2.67E-06,9.39E-05,0.028437992
1098,Cetalox,3738-00-9,H4lle,2,96,4.27E-06,3.54E-06,8.17E-05,0.043327129
1099,Tonalide,21145-77-7,H4lle,2,96,6.48E-06,2.67E-06,9.39E-05,0.028437992
1100,Caffeine,58-08-2,H4lle,2,96,6.51E-08,1.48E-04,1.48E-04,1.000304038
1101,Lamotrigine,84057-84-1,H4lle,2,96,2.34E-07,1.10E-04,1.16E-04,0.947481012
1102,Diclofenac,15307-79-6,H4lle,2,96,6.54E-08,1.50E-04,1.50E-04,0.999969329
1103,"2,4-Dichlorophenoxyacetic",94-75-7,H4lle,2,96,8.33E-08,1.38E-04,1.50E-04,0.924333076
1104,(S)-Naproxen,22204-53-1,H4lle,2,96,1.03E-07,1.24E-04,1.50E-04,0.828427689
1105,Ibuprofen,15687-27-1,H4lle,2,96,1.55E-07,8.22E-05,1.50E-04,0.549262767
1106,Torasemide,56211-40-6,H4lle,2,96,2.66E-07,1.01E-04,1.35E-04,0.743698713
1107,Warfarin,81-81-2,H4lle,2,96,8.04E-08,1.41E-04,1.50E-04,0.941505608
1108,di-n-butylphthalate,84-74-2,H4lle,2,96,2.03E-06,1.06E-05,1.00E-04,0.105854763
1109,hexachlorophene,70-30-4,H4lle,2,96,1.56E-05,1.35E-06,1.33E-04,0.010156585
1110,hexamethylenetetramine,100-97-0,H4lle,2,96,6.10E-08,1.40E-04,1.40E-04,1.000385412
1111,Malathion,121-75-5,H4lle,2,96,1.70E-07,1.18E-04,1.22E-04,0.967913055
1112,pentachlorophenol,87-86-5,H4lle,2,96,4.71E-07,1.22E-05,1.49E-04,0.08201945
1113,"2,2,2-trichloroethanol",115-20-8,H4lle,2,96,7.08E-08,1.29E-04,1.30E-04,0.997078122
1114,diethylphthalate,84-66-2,H4lle,2,96,1.89E-07,1.15E-04,1.19E-04,0.961116816
1115,4-chlorophenol,106-48-9,H4lle,2,96,1.76E-07,1.16E-04,1.21E-04,0.965509205
1116,permethrin,52645-53-1,H4lle,2,96,1.14E-05,7.27E-07,1.00E-04,0.007245657
1117,Aniline,62-53-3,H4lle,2,96,6.71E-08,1.43E-04,1.43E-04,0.999464278
1118,4-fluoroaniline,371-40-4,H4lle,2,96,6.93E-08,1.40E-04,1.40E-04,0.998681172
1119,"2,4,6-trichlorophenol",88-06-2,H4lle,2,96,1.02E-06,4.50E-05,8.51E-05,0.528719239
1120,Allyl alcohol,107-18-6,H4lle,2,96,6.19E-08,1.40E-04,1.40E-04,1.000235302
1121,N-methylaniline,100-61-8,H4lle,2,96,8.05E-08,1.27E-04,1.28E-04,0.994431355
1122,"3,4-dichloroaniline",95-76-1,H4lle,2,96,2.69E-07,1.03E-04,1.11E-04,0.930025578
1123,4-decylaniline,37529-30-9,H4lle,2,96,1.03E-05,9.95E-07,9.81E-05,0.01014587
1124,naphthalene,91-20-3,H4lle,2,96,4.84E-07,5.14E-05,6.89E-05,0.746223652
1125,"1,2,4-trichlorobenzene",120-82-1,H4lle,2,96,2.01E-07,4.42E-06,1.27E-05,0.348332316
1126,"1,2-dichlorobenzene",95-50-1,H4lle,2,96,8.29E-08,6.57E-06,9.65E-06,0.680785945
1127,dichloromethane,75-09-2,H4lle,2,96,5.78E-09,1.13E-05,1.13E-05,0.998206451
1128,tetrachloroethylene,127-18-4,H4lle,2,96,2.89E-08,2.45E-06,3.52E-06,0.696672964
1129,"2,3-dimethyl-1,3-butadiene",513-81-5,H4lle,2,96,4.94E-10,8.67E-08,1.03E-07,0.838476732
1130,cyclosporine A,59865-13-3,H4lle,2,96,3.81E-07,9.18E-05,1.04E-04,0.882653472
1131,chlorpromazine,50-53-3,H4lle,2,96,4.96E-06,4.02E-06,9.39E-05,0.042757652
1132,PBDE 47,5436-43-1,H4lle,2,96,1.33E-05,4.10E-07,1.04E-04,0.003929009
1133,PBDE 99,60348-60-9,H4lle,2,96,1.59E-05,1.49E-07,1.11E-04,0.001342522
1134,PBDE 153,68631-49-2,H4lle,2,96,1.80E-05,4.38E-08,1.18E-04,0.000372014
1135,amiodarone,1951-25-3,H4lle,2,96,1.69E-05,8.87E-08,1.14E-04,0.000776636
1136,PFBS,375-73-5,H4lle,2,96,7.87E-08,1.38E-04,1.39E-04,0.996361397
1137,4:2 FTS,757124-72-4,H4lle,2,96,9.08E-08,1.33E-04,1.34E-04,0.992782666
1138,PFNA,375-95-1,H4lle,2,96,8.64E-06,1.50E-06,9.52E-05,0.015768742
1139,PFHxA,307-24-4,H4lle,2,96,1.59E-06,2.16E-05,8.95E-05,0.241309502
1140,PFBA,375-22-4,H4lle,2,96,8.72E-08,1.32E-04,1.33E-04,0.993490514
1141,PFOA,335-67-1,H4lle,2,96,1.46E-06,2.32E-05,8.47E-05,0.27439223
1142,6:2 FTS,27619-97-2,H4lle,2,96,4.01E-07,8.70E-05,1.00E-04,0.869228551
1143,8:2 FTS,39108-34-4,H4lle,2,96,1.56E-06,2.22E-05,8.85E-05,0.250477863
1144,PFUnDA,2058-94-8,H4lle,2,96,1.59E-06,6.19E-06,1.48E-04,0.041751562
1145,PFOS,1763-23-1,H4lle,2,96,1.59E-06,6.19E-06,1.48E-04,0.041751562
1146,PFHpA,375-85-9,H4lle,2,96,8.19E-07,5.18E-05,8.29E-05,0.624882399
1147,PFPeA,2706-90-3,H4lle,2,96,1.55E-07,1.15E-04,1.18E-04,0.970870084
1148,PFHxS,355-46-4,H4lle,2,96,2.75E-07,1.02E-04,1.10E-04,0.926731714
1149,PFDA,335-76-2,H4lle,2,96,3.10E-06,4.21E-06,1.47E-04,0.028655711
1150,Azathioprine,446-86-6,H4lle,2,96,6.52E-08,1.48E-04,1.48E-04,1.000259671
1151,Benzocaine,94-09-7,H4lle,2,96,9.89E-08,1.32E-04,1.33E-04,0.990681691
1152,Butylated hydroxyanisole,25013-16-5,H4lle,2,96,7.63E-07,6.19E-05,9.02E-05,0.686130849
1153,Cetirizine dihydrochloride,83881-52-1,H4lle,2,96,6.66E-08,1.46E-04,1.46E-04,0.999801852
1154,Cyclamate,139-05-9,H4lle,2,96,6.51E-08,0.000149164,0.000149167,1.000365602
1155,Cyclophosphamide,6055-19-2,H4lle,2,96,6.65E-08,0.000145871,0.000145953,0.999829995
1156,Cypermethrin,67375-30-8,H4lle,2,96,1.21E-05,5.84677E-07,0.000101848,0.005742934
1157,DEET,134-62-3,H4lle,2,96,1.36E-07,0.000123793,0.00012646,0.979296352
1158,Dexamethasone,50-02-2,H4lle,2,96,1.04E-07,1.31E-04,0.00013228,0.989154705
1159,Digoxin,20830-75-5,H4lle,2,96,7.26E-08,0.000141544,0.000141861,0.998152269
1160,Fenazaquin,120928-09-8,H4lle,2,96,5.46E-06,3.50118E-06,9.37855E-05,0.037346358
1161,Fenbuconazole,114369-43-6,H4lle,2,96,5.95E-07,7.36E-05,9.47E-05,0.777564681
1162,Fluazinam,79622-59-6,H4lle,2,96,1.41E-06,2.95818E-05,8.77628E-05,0.337196496
1163,Furosemide,54-31-9,H4lle,2,96,6.85E-08,0.000148186,0.00014992,0.988819057
1164,Glybenclamide,10238-21-8,H4lle,2,96,2.71E-06,8.10171E-06,9.75961E-05,0.083044954
1165,HC Red 3,2871-01-4,H4lle,2,96,6.52E-08,1.48E-04,1.48E-04,1.000249737
1166,Hydralazine hydrochloride,304-20-1,H4lle,2,96,6.67E-08,0.000145711,0.000145799,0.999787255
1167,Ketoconazole,65277-42-1,H4lle,2,96,1.77E-06,1.69E-05,9.41047E-05,0.179988856
1168,Metformin,1115-70-4,H4lle,2,96,6.51E-08,0.000149403,0.000149405,1.000377836
1169,Metoclopramide,364-62-5,H4lle,2,96,2.44E-07,1.07E-04,0.000113857,0.940508131
1170,Nitrofurantoin,67-20-9,H4lle,2,96,6.51E-08,0.000149039,0.000149044,1.000357685
1171,Oxytetracycline hydrochloride,2058-46-0,H4lle,2,96,6.52E-08,0.00014971,0.00014971,1.000387563
1172,Panthenol,16485-10-2 ,H4lle,2,96,6.51E-08,1.49E-04,0.000149421,1.000378555
1173,Paracetamol,103-90-2,H4lle,2,96,6.57E-08,0.000146936,0.000146982,1.000075203
1174,Topiramate,97240-79-4,H4lle,2,96,6.52E-08,0.000149665,0.000149665,1.000386574
1175,Trimellitic anhydride,552-30-7,H4lle,2,96,7.77E-08,0.000139124,0.000139633,0.99673725
1176,Verapamil hydrochloride,152-11-4,H4lle,2,96,1.89E-06,1.33751E-05,9.74572E-05,0.137294246
1177,Warfarin,129-06-6,H4lle,2,96,2.00E-07,0.000113097,0.000118197,0.957225144
1178,"2,4-Dinitrophenol",51-28-5,SH-SY5Y,2,96,5.65E-08,1.36E-04,1.37E-04,0.994283919
1179,Aldrin,309-00-2,SH-SY5Y,2,96,9.66E-06,7.20E-07,9.94E-05,0.007245657
1180,Azinphos-methyl,86-50-0,SH-SY5Y,2,96,2.39E-07,1.01E-04,1.10E-04,0.91971443
1181,Chlorpyrifos,2921-88-2,SH-SY5Y,2,96,2.63E-06,7.13E-06,9.68E-05,0.073737078
1182,"DDD-p,p'",50-29-3,SH-SY5Y,2,96,1.20E-05,3.43E-07,1.07E-04,0.003201257
1183,"DDT-o,p'",789-02-6,SH-SY5Y,2,96,1.02E-05,6.60E-07,1.02E-04,0.006455554
1184,"DDT-p,p'",72-54-8,SH-SY5Y,2,96,7.76E-06,1.40E-06,9.70E-05,0.014475667
1185,Diazinon,333-41-5,SH-SY5Y,2,96,1.00E-06,3.94E-05,8.67E-05,0.454744329
1186,Dicofol,115-32-2,SH-SY5Y,2,96,2.82E-06,6.64E-06,9.63E-05,0.068955307
1187,Dieldrin,60-57-1,SH-SY5Y,2,96,3.15E-06,5.87E-06,9.56E-05,0.061440283
1188,Disulfoton,298-04-4,SH-SY5Y,2,96,1.21E-06,2.92E-05,8.81E-05,0.331694573
1189,Endosulfan I,115-29-7,SH-SY5Y,2,96,1.02E-06,3.83E-05,8.67E-05,0.44251938
1190,Endrin,72-20-8,SH-SY5Y,2,96,4.34E-06,3.93E-06,9.43E-05,0.041634285
1191,Ethion,563-12-2,SH-SY5Y,2,96,2.98E-06,6.25E-06,9.60E-05,0.065127306
1192,Heptachlor,76-44-8,SH-SY5Y,2,96,7.64E-06,1.45E-06,9.67E-05,0.014982094
1193,Heptachlor epoxide B,1024-57-3,SH-SY5Y,2,96,2.70E-06,6.97E-06,9.67E-05,0.072120204
1194,Lindane,58-89-9,SH-SY5Y,2,96,9.06E-07,4.38E-05,8.60E-05,0.510217563
1195,"Methoxychlor-o,p'",72-43-5,SH-SY5Y,2,96,3.01E-06,6.17E-06,9.59E-05,0.06437867
1196,Parathion,56-38-2,SH-SY5Y,2,96,1.02E-06,3.84E-05,8.67E-05,0.44251938
1197,Trifluralin,1582-09-8,SH-SY5Y,2,96,3.96E-06,4.42E-06,9.44E-05,0.046854026
1198,Eugenol F,97-53-0,SH-SY5Y,2,96,1.13E-07,1.21E-04,1.24E-04,0.974200527
1199,Methyl-antranilate,134-20-3,SH-SY5Y,2,96,6.90E-08,1.32E-04,1.33E-04,0.99019704
1200,Lilyfore,285977-85-7,SH-SY5Y,2,96,5.05E-07,7.31E-05,9.45E-05,0.77326174
1201,Damascone beta,23726-91-2,SH-SY5Y,2,96,1.37E-06,1.77E-05,8.74E-05,0.202935234
1202,Veloutone,14595-54-1,SH-SY5Y,2,96,3.72E-06,4.78E-06,9.46E-05,0.050571755
1203,Verdox,82356-51-2,SH-SY5Y,2,96,9.45E-06,7.91E-07,9.94E-05,0.00796788
1204,Nirvanol,1506-02-1,SH-SY5Y,2,96,5.57E-06,2.69E-06,9.45E-05,0.028437992
1205,Cetalox,3738-00-9,SH-SY5Y,2,96,3.66E-06,3.56E-06,8.21E-05,0.043327129
1206,Tonalide,21145-77-7,SH-SY5Y,2,96,5.57E-06,2.69E-06,9.45E-05,0.028437992
1207,Caffeine,58-08-2,SH-SY5Y,2,96,3.68E-08,1.48E-04,1.48E-04,1.000304038
1208,Lamotrigine,84057-84-1,SH-SY5Y,2,96,1.83E-07,1.10E-04,1.16E-04,0.947481012
1209,Diclofenac,15307-79-6,SH-SY5Y,2,96,3.69E-08,1.50E-04,1.50E-04,0.999969329
1210,"2,4-Dichlorophenoxyacetic",94-75-7,SH-SY5Y,2,96,5.50E-08,1.39E-04,1.50E-04,0.924333076
1211,(S)-Naproxen,22204-53-1,SH-SY5Y,2,96,7.57E-08,1.24E-04,1.50E-04,0.828427689
1212,Ibuprofen,15687-27-1,SH-SY5Y,2,96,1.30E-07,8.22E-05,1.50E-04,0.549262767
1213,Torasemide,56211-40-6,SH-SY5Y,2,96,2.18E-07,1.01E-04,1.35E-04,0.743698713
1214,Warfarin,81-81-2,SH-SY5Y,2,96,5.19E-08,1.41E-04,1.50E-04,0.941505608
1215,di-n-butylphthalate,84-74-2,SH-SY5Y,2,96,1.74E-06,1.06E-05,1.01E-04,0.105854763
1216,hexachlorophene,70-30-4,SH-SY5Y,2,96,1.43E-05,1.36E-06,1.34E-04,0.010156585
1217,hexamethylenetetramine,100-97-0,SH-SY5Y,2,96,3.43E-08,1.40E-04,1.40E-04,1.000385412
1218,Malathion,121-75-5,SH-SY5Y,2,96,1.29E-07,1.18E-04,1.22E-04,0.967913055
1219,pentachlorophenol,87-86-5,SH-SY5Y,2,96,4.30E-07,1.22E-05,1.49E-04,0.08201945
1220,"2,2,2-trichloroethanol",115-20-8,SH-SY5Y,2,96,4.40E-08,1.29E-04,1.30E-04,0.997078122
1221,diethylphthalate,84-66-2,SH-SY5Y,2,96,1.46E-07,1.15E-04,1.19E-04,0.961116816
1222,4-chlorophenol,106-48-9,SH-SY5Y,2,96,1.35E-07,1.16E-04,1.21E-04,0.965509205
1223,permethrin,52645-53-1,SH-SY5Y,2,96,9.86E-06,7.35E-07,1.01E-04,0.007245657
1224,Aniline,62-53-3,SH-SY5Y,2,96,3.91E-08,1.43E-04,1.43E-04,0.999464278
1225,4-fluoroaniline,371-40-4,SH-SY5Y,2,96,4.14E-08,1.40E-04,1.40E-04,0.998681172
1226,"2,4,6-trichlorophenol",88-06-2,SH-SY5Y,2,96,8.68E-07,4.50E-05,8.52E-05,0.528719239
1227,Allyl alcohol,107-18-6,SH-SY5Y,2,96,3.50E-08,1.40E-04,1.40E-04,1.000235302
1228,N-methylaniline,100-61-8,SH-SY5Y,2,96,5.25E-08,1.28E-04,1.28E-04,0.994431355
1229,"3,4-dichloroaniline",95-76-1,SH-SY5Y,2,96,2.16E-07,1.04E-04,1.11E-04,0.930025578
1230,4-decylaniline,37529-30-9,SH-SY5Y,2,96,8.86E-06,1.01E-06,9.91E-05,0.01014587
1231,naphthalene,91-20-3,SH-SY5Y,2,96,4.06E-07,5.14E-05,6.89E-05,0.746223652
1232,"1,2,4-trichlorobenzene",120-82-1,SH-SY5Y,2,96,1.71E-07,4.42E-06,1.27E-05,0.348332316
1233,"1,2-dichlorobenzene",95-50-1,SH-SY5Y,2,96,6.98E-08,6.57E-06,9.65E-06,0.680785945
1234,dichloromethane,75-09-2,SH-SY5Y,2,96,3.49E-09,1.13E-05,1.13E-05,0.998206451
1235,tetrachloroethylene,127-18-4,SH-SY5Y,2,96,2.43E-08,2.45E-06,3.52E-06,0.696672964
1236,"2,3-dimethyl-1,3-butadiene",513-81-5,SH-SY5Y,2,96,4.10E-10,8.67E-08,1.03E-07,0.838476732
1237,cyclosporine A,59865-13-3,SH-SY5Y,2,96,3.13E-07,9.19E-05,1.04E-04,0.882653472
1238,chlorpromazine,50-53-3,SH-SY5Y,2,96,4.26E-06,4.03E-06,9.44E-05,0.042757652
1239,PBDE 47,5436-43-1,SH-SY5Y,2,96,1.15E-05,4.15E-07,1.06E-04,0.003929009
1240,PBDE 99,60348-60-9,SH-SY5Y,2,96,1.38E-05,1.52E-07,1.13E-04,0.001342522
1241,PBDE 153,68631-49-2,SH-SY5Y,2,96,1.57E-05,4.45E-08,1.20E-04,0.000372014
1242,amiodarone,1951-25-3,SH-SY5Y,2,96,1.47E-05,9.02E-08,1.16E-04,0.000776636
1243,PFBS,375-73-5,SH-SY5Y,2,96,4.97E-08,1.38E-04,1.39E-04,0.996361397
1244,4:2 FTS,757124-72-4,SH-SY5Y,2,96,6.06E-08,1.33E-04,1.34E-04,0.992782666
1245,PFNA,375-95-1,SH-SY5Y,2,96,7.45E-06,1.51E-06,9.60E-05,0.015768742
1246,PFHxA,307-24-4,SH-SY5Y,2,96,1.36E-06,2.16E-05,8.97E-05,0.241309502
1247,PFBA,375-22-4,SH-SY5Y,2,96,5.76E-08,1.32E-04,1.33E-04,0.993490514
1248,PFOA,335-67-1,SH-SY5Y,2,96,1.24E-06,2.33E-05,8.48E-05,0.27439223
1249,6:2 FTS,27619-97-2,SH-SY5Y,2,96,3.30E-07,8.71E-05,1.00E-04,0.869228551
1250,8:2 FTS,39108-34-4,SH-SY5Y,2,96,1.33E-06,2.22E-05,8.86E-05,0.250477863
1251,PFUnDA,2058-94-8,SH-SY5Y,2,96,1.47E-06,6.20E-06,1.48E-04,0.041751562
1252,PFOS,1763-23-1,SH-SY5Y,2,96,1.47E-06,6.20E-06,1.48E-04,0.041751562
1253,PFHpA,375-85-9,SH-SY5Y,2,96,6.92E-07,5.18E-05,8.30E-05,0.624882399
1254,PFPeA,2706-90-3,SH-SY5Y,2,96,1.17E-07,1.15E-04,1.18E-04,0.970870084
1255,PFHxS,355-46-4,SH-SY5Y,2,96,2.22E-07,1.02E-04,1.10E-04,0.926731714
1256,PFDA,335-76-2,SH-SY5Y,2,96,2.85E-06,4.21E-06,1.47E-04,0.028655711
1257,Azathioprine,446-86-6,SH-SY5Y,2,96,3.69E-08,1.48E-04,1.48E-04,1.000259671
1258,Benzocaine,94-09-7,SH-SY5Y,2,96,6.75E-08,1.32E-04,1.33E-04,0.990681691
1259,Butylated hydroxyanisole,25013-16-5,SH-SY5Y,2,96,6.43E-07,6.19E-05,9.03E-05,0.686130849
1260,Cetirizine dihydrochloride,83881-52-1,SH-SY5Y,2,96,3.84E-08,1.46E-04,1.46E-04,0.999801852
1261,Cyclamate,139-05-9,SH-SY5Y,2,96,3.67E-08,0.000149192,0.000149196,1.000365602
1262,Cyclophosphamide,6055-19-2,SH-SY5Y,2,96,3.83E-08,0.000145899,0.00014598,0.999829995
1263,Cypermethrin,67375-30-8,SH-SY5Y,2,96,1.05E-05,5.91599E-07,0.000103054,0.005742934
1264,DEET,134-62-3,SH-SY5Y,2,96,9.98E-08,0.000123823,0.00012649,0.979296352
1265,Dexamethasone,50-02-2,SH-SY5Y,2,96,7.21E-08,1.31E-04,0.000132308,0.989154705
1266,Digoxin,20830-75-5,SH-SY5Y,2,96,4.40E-08,0.000141571,0.000141889,0.998152269
1267,Fenazaquin,120928-09-8,SH-SY5Y,2,96,4.69E-06,3.51986E-06,9.42859E-05,0.037346358
1268,Fenbuconazole,114369-43-6,SH-SY5Y,2,96,4.98E-07,7.37E-05,9.48E-05,0.777564681
1269,Fluazinam,79622-59-6,SH-SY5Y,2,96,1.20E-06,2.96235E-05,8.78865E-05,0.337196496
1270,Furosemide,54-31-9,SH-SY5Y,2,96,3.99E-08,0.000148215,0.000149949,0.988819057
1271,Glybenclamide,10238-21-8,SH-SY5Y,2,96,2.32E-06,8.12327E-06,9.78559E-05,0.083044954
1272,HC Red 3,2871-01-4,SH-SY5Y,2,96,3.69E-08,1.48E-04,1.48E-04,1.000249737
1273,Hydralazine hydrochloride,304-20-1,SH-SY5Y,2,96,3.84E-08,0.000145738,0.000145826,0.999787255
1274,Ketoconazole,65277-42-1,SH-SY5Y,2,96,1.51E-06,1.70E-05,9.42696E-05,0.179988856
1275,Metformin,1115-70-4,SH-SY5Y,2,96,3.67E-08,0.000149431,0.000149433,1.000377836
1276,Metoclopramide,364-62-5,SH-SY5Y,2,96,1.94E-07,1.07E-04,0.000113895,0.940508131
1277,Nitrofurantoin,67-20-9,SH-SY5Y,2,96,3.67E-08,0.000149067,0.000149072,1.000357685
1278,Oxytetracycline hydrochloride,2058-46-0,SH-SY5Y,2,96,3.67E-08,0.000149738,0.000149738,1.000387563
1279,Panthenol,16485-10-2 ,SH-SY5Y,2,96,3.67E-08,1.49E-04,0.00014945,1.000378555
1280,Paracetamol,103-90-2,SH-SY5Y,2,96,3.75E-08,0.000146964,0.00014701,1.000075203
1281,Topiramate,97240-79-4,SH-SY5Y,2,96,3.67E-08,0.000149693,0.000149694,1.000386574
1282,Trimellitic anhydride,552-30-7,SH-SY5Y,2,96,4.86E-08,0.000139151,0.000139661,0.99673725
1283,Verapamil hydrochloride,152-11-4,SH-SY5Y,2,96,1.62E-06,1.34001E-05,9.76391E-05,0.137294246
1284,Warfarin,129-06-6,SH-SY5Y,2,96,1.56E-07,0.00011313,0.000118231,0.957225144
1285,"2,4-Dinitrophenol",51-28-5,HEK293H,2,96,1.56E-07,1.36E-04,1.37E-04,0.994283919
1286,Aldrin,309-00-2,HEK293H,2,96,3.70E-05,5.79E-07,8.00E-05,0.007245657
1287,Azinphos-methyl,86-50-0,HEK293H,2,96,1.04E-06,1.00E-04,1.09E-04,0.91971443
1288,Chlorpyrifos,2921-88-2,HEK293H,2,96,1.17E-05,6.69E-06,9.08E-05,0.073737078
1289,"DDD-p,p'",50-29-3,HEK293H,2,96,4.39E-05,2.64E-07,8.24E-05,0.003201257
1290,"DDT-o,p'",789-02-6,HEK293H,2,96,3.86E-05,5.26E-07,8.14E-05,0.006455554
1291,"DDT-p,p'",72-54-8,HEK293H,2,96,3.09E-05,1.18E-06,8.12E-05,0.014475667
1292,Diazinon,333-41-5,HEK293H,2,96,4.61E-06,3.84E-05,8.46E-05,0.454744329
1293,Dicofol,115-32-2,HEK293H,2,96,1.25E-05,6.20E-06,9.00E-05,0.068955307
1294,Dieldrin,60-57-1,HEK293H,2,96,1.39E-05,5.44E-06,8.86E-05,0.061440283
1295,Disulfoton,298-04-4,HEK293H,2,96,5.55E-06,2.83E-05,8.55E-05,0.331694573
1296,Endosulfan I,115-29-7,HEK293H,2,96,4.70E-06,3.74E-05,8.45E-05,0.44251938
1297,Endrin,72-20-8,HEK293H,2,96,1.86E-05,3.54E-06,8.51E-05,0.041634285
1298,Ethion,563-12-2,HEK293H,2,96,1.32E-05,5.81E-06,8.93E-05,0.065127306
1299,Heptachlor,76-44-8,HEK293H,2,96,3.05E-05,1.22E-06,8.12E-05,0.014982094
1300,Heptachlor epoxide B,1024-57-3,HEK293H,2,96,1.20E-05,6.53E-06,9.05E-05,0.072120204
1301,Lindane,58-89-9,HEK293H,2,96,4.17E-06,4.29E-05,8.41E-05,0.510217563
1302,"Methoxychlor-o,p'",72-43-5,HEK293H,2,96,1.33E-05,5.74E-06,8.92E-05,0.06437867
1303,Parathion,56-38-2,HEK293H,2,96,4.70E-06,3.74E-05,8.46E-05,0.44251938
1304,Trifluralin,1582-09-8,HEK293H,2,96,1.71E-05,4.02E-06,8.58E-05,0.046854026
1305,Eugenol F,97-53-0,HEK293H,2,96,4.37E-07,1.20E-04,1.24E-04,0.974200527
1306,Methyl-antranilate,134-20-3,HEK293H,2,96,2.19E-07,1.32E-04,1.33E-04,0.99019704
1307,Lilyfore,285977-85-7,HEK293H,2,96,2.31E-06,7.22E-05,9.34E-05,0.77326174
1308,Damascone beta,23726-91-2,HEK293H,2,96,6.30E-06,1.71E-05,8.45E-05,0.202935234
1309,Veloutone,14595-54-1,HEK293H,2,96,1.62E-05,4.38E-06,8.65E-05,0.050571755
1310,Verdox,82356-51-2,HEK293H,2,96,3.64E-05,6.40E-07,8.03E-05,0.00796788
1311,Nirvanol,1506-02-1,HEK293H,2,96,2.33E-05,2.36E-06,8.29E-05,0.028437992
1312,Cetalox,3738-00-9,HEK293H,2,96,1.60E-05,3.26E-06,7.52E-05,0.043327129
1313,Tonalide,21145-77-7,HEK293H,2,96,2.33E-05,2.36E-06,8.29E-05,0.028437992
1314,Caffeine,58-08-2,HEK293H,2,96,5.26E-08,1.48E-04,1.48E-04,1.000304038
1315,Lamotrigine,84057-84-1,HEK293H,2,96,7.62E-07,1.09E-04,1.15E-04,0.947481012
1316,Diclofenac,15307-79-6,HEK293H,2,96,5.18E-08,1.50E-04,1.50E-04,0.999969329
1317,"2,4-Dichlorophenoxyacetic",94-75-7,HEK293H,2,96,1.52E-07,1.38E-04,1.50E-04,0.924333076
1318,(S)-Naproxen,22204-53-1,HEK293H,2,96,2.66E-07,1.24E-04,1.50E-04,0.828427689
1319,Ibuprofen,15687-27-1,HEK293H,2,96,5.68E-07,8.20E-05,1.49E-04,0.549262767
1320,Torasemide,56211-40-6,HEK293H,2,96,9.56E-07,1.00E-04,1.35E-04,0.743698713
1321,Warfarin,81-81-2,HEK293H,2,96,1.34E-07,1.41E-04,1.50E-04,0.941505608
1322,di-n-butylphthalate,84-74-2,HEK293H,2,96,7.90E-06,1.02E-05,9.64E-05,0.105854763
1323,hexachlorophene,70-30-4,HEK293H,2,96,5.14E-05,9.89E-07,9.74E-05,0.010156585
1324,hexamethylenetetramine,100-97-0,HEK293H,2,96,4.78E-08,1.40E-04,1.40E-04,1.000385412
1325,Malathion,121-75-5,HEK293H,2,96,5.16E-07,1.17E-04,1.21E-04,0.967913055
1326,pentachlorophenol,87-86-5,HEK293H,2,96,2.09E-06,1.21E-05,1.48E-04,0.08201945
1327,"2,2,2-trichloroethanol",115-20-8,HEK293H,2,96,1.02E-07,1.29E-04,1.30E-04,0.997078122
1328,diethylphthalate,84-66-2,HEK293H,2,96,5.97E-07,1.14E-04,1.19E-04,0.961116816
1329,4-chlorophenol,106-48-9,HEK293H,2,96,5.44E-07,1.16E-04,1.20E-04,0.965509205
1330,permethrin,52645-53-1,HEK293H,2,96,3.76E-05,5.89E-07,8.13E-05,0.007245657
1331,Aniline,62-53-3,HEK293H,2,96,6.80E-08,1.43E-04,1.43E-04,0.999464278
1332,4-fluoroaniline,371-40-4,HEK293H,2,96,8.13E-08,1.40E-04,1.40E-04,0.998681172
1333,"2,4,6-trichlorophenol",88-06-2,HEK293H,2,96,4.00E-06,4.41E-05,8.34E-05,0.528719239
1334,Allyl alcohol,107-18-6,HEK293H,2,96,5.11E-08,1.40E-04,1.40E-04,1.000235302
1335,N-methylaniline,100-61-8,HEK293H,2,96,1.44E-07,1.27E-04,1.28E-04,0.994431355
1336,"3,4-dichloroaniline",95-76-1,HEK293H,2,96,9.37E-07,1.03E-04,1.11E-04,0.930025578
1337,4-decylaniline,37529-30-9,HEK293H,2,96,3.45E-05,8.22E-07,8.11E-05,0.01014587
1338,naphthalene,91-20-3,HEK293H,2,96,1.87E-06,5.09E-05,6.82E-05,0.746223652
1339,"1,2,4-trichlorobenzene",120-82-1,HEK293H,2,96,8.03E-07,4.40E-06,1.26E-05,0.348332316
1340,"1,2-dichlorobenzene",95-50-1,HEK293H,2,96,3.25E-07,6.56E-06,9.63E-06,0.680785945
1341,dichloromethane,75-09-2,HEK293H,2,96,7.29E-09,1.13E-05,1.13E-05,0.998206451
1342,tetrachloroethylene,127-18-4,HEK293H,2,96,1.13E-07,2.45E-06,3.52E-06,0.696672964
1343,"2,3-dimethyl-1,3-butadiene",513-81-5,HEK293H,2,96,1.87E-09,8.67E-08,1.03E-07,0.838476732
1344,cyclosporine A,59865-13-3,HEK293H,2,96,1.40E-06,9.12E-05,1.03E-04,0.882653472
1345,chlorpromazine,50-53-3,HEK293H,2,96,1.83E-05,3.65E-06,8.53E-05,0.042757652
1346,PBDE 47,5436-43-1,HEK293H,2,96,4.25E-05,3.22E-07,8.21E-05,0.003929009
1347,PBDE 99,60348-60-9,HEK293H,2,96,4.88E-05,1.13E-07,8.39E-05,0.001342522
1348,PBDE 153,68631-49-2,HEK293H,2,96,5.36E-05,3.20E-08,8.59E-05,0.000372014
1349,amiodarone,1951-25-3,HEK293H,2,96,5.12E-05,6.59E-08,8.48E-05,0.000776636
1350,PFBS,375-73-5,HEK293H,2,96,1.22E-07,1.38E-04,1.39E-04,0.996361397
1351,4:2 FTS,757124-72-4,HEK293H,2,96,1.78E-07,1.33E-04,1.34E-04,0.992782666
1352,PFNA,375-95-1,HEK293H,2,96,2.99E-05,1.28E-06,8.09E-05,0.015768742
1353,PFHxA,307-24-4,HEK293H,2,96,6.23E-06,2.09E-05,8.67E-05,0.241309502
1354,PFBA,375-22-4,HEK293H,2,96,1.65E-07,1.32E-04,1.33E-04,0.993490514
1355,PFOA,335-67-1,HEK293H,2,96,5.71E-06,2.26E-05,8.23E-05,0.27439223
1356,6:2 FTS,27619-97-2,HEK293H,2,96,1.48E-06,8.64E-05,9.94E-05,0.869228551
1357,8:2 FTS,39108-34-4,HEK293H,2,96,6.11E-06,2.15E-05,8.58E-05,0.250477863
1358,PFUnDA,2058-94-8,HEK293H,2,96,6.98E-06,5.97E-06,1.43E-04,0.041751562
1359,PFOS,1763-23-1,HEK293H,2,96,6.98E-06,5.97E-06,1.43E-04,0.041751562
1360,PFHpA,375-85-9,HEK293H,2,96,3.19E-06,5.10E-05,8.16E-05,0.624882399
1361,PFPeA,2706-90-3,HEK293H,2,96,4.62E-07,1.14E-04,1.18E-04,0.970870084
1362,PFHxS,355-46-4,HEK293H,2,96,9.63E-07,1.01E-04,1.09E-04,0.926731714
1363,PFDA,335-76-2,HEK293H,2,96,1.31E-05,3.92E-06,1.37E-04,0.028655711
1364,Azathioprine,446-86-6,HEK293H,2,96,5.35E-08,1.48E-04,1.48E-04,1.000259671
1365,Benzocaine,94-09-7,HEK293H,2,96,2.12E-07,1.32E-04,1.33E-04,0.990681691
1366,Butylated hydroxyanisole,25013-16-5,HEK293H,2,96,2.96E-06,6.10E-05,8.89E-05,0.686130849
1367,Cetirizine dihydrochloride,83881-52-1,HEK293H,2,96,6.23E-08,1.46E-04,1.46E-04,0.999801852
1368,Cyclamate,139-05-9,HEK293H,2,96,5.14E-08,0.000149177,0.000149181,1.000365602
1369,Cyclophosphamide,6055-19-2,HEK293H,2,96,6.18E-08,0.000145876,0.000145958,0.999829995
1370,Cypermethrin,67375-30-8,HEK293H,2,96,3.96E-05,4.68289E-07,8.15735E-05,0.005742934
1371,DEET,134-62-3,HEK293H,2,96,3.71E-07,0.000123599,0.000126261,0.979296352
1372,Dexamethasone,50-02-2,HEK293H,2,96,2.34E-07,1.31E-04,0.000132165,0.989154705
1373,Digoxin,20830-75-5,HEK293H,2,96,9.22E-08,0.000141526,0.000141843,0.998152269
1374,Fenazaquin,120928-09-8,HEK293H,2,96,1.99E-05,3.15021E-06,8.43842E-05,0.037346358
1375,Fenbuconazole,114369-43-6,HEK293H,2,96,2.27E-06,7.28E-05,9.37E-05,0.777564681
1376,Fluazinam,79622-59-6,HEK293H,2,96,5.50E-06,2.87669E-05,8.53451E-05,0.337196496
1377,Furosemide,54-31-9,HEK293H,2,96,6.85E-08,0.000148186,0.00014992,0.988819057
1378,Glybenclamide,10238-21-8,HEK293H,2,96,1.04E-05,7.67792E-06,9.2491E-05,0.083044954
1379,HC Red 3,2871-01-4,HEK293H,2,96,5.37E-08,1.48E-04,1.48E-04,1.000249737
1380,Hydralazine hydrochloride,304-20-1,HEK293H,2,96,6.26E-08,0.000145715,0.000145803,0.999787255
1381,Ketoconazole,65277-42-1,HEK293H,2,96,6.91E-06,1.63E-05,9.08451E-05,0.179988856
1382,Metformin,1115-70-4,HEK293H,2,96,5.12E-08,0.000149417,0.000149418,1.000377836
1383,Metoclopramide,364-62-5,HEK293H,2,96,8.29E-07,1.07E-04,0.000113412,0.940508131
1384,Nitrofurantoin,67-20-9,HEK293H,2,96,5.16E-08,0.000149053,0.000149057,1.000357685
1385,Oxytetracycline hydrochloride,2058-46-0,HEK293H,2,96,5.10E-08,0.000149724,0.000149724,1.000387563
1386,Panthenol,16485-10-2 ,HEK293H,2,96,5.12E-08,1.49E-04,0.000149435,1.000378555
1387,Paracetamol,103-90-2,HEK293H,2,96,5.71E-08,0.000146945,0.000146991,1.000075203
1388,Topiramate,97240-79-4,HEK293H,2,96,5.10E-08,0.000149679,0.000149679,1.000386574
1389,Trimellitic anhydride,552-30-7,HEK293H,2,96,1.16E-07,0.000139088,0.000139597,0.99673725
1390,Verapamil hydrochloride,152-11-4,HEK293H,2,96,7.37E-06,1.28805E-05,9.38532E-05,0.137294246
1391,Warfarin,129-06-6,HEK293H,2,96,6.43E-07,0.000112762,0.000117847,0.957225144
1392,"2,4-Dinitrophenol",51-28-5,Rat cerebellar granule cell,20,96,2.82E-06,1.27E-04,1.35E-04,0.945635936
1393,Aldrin,309-00-2,Rat cerebellar granule cell,20,96,8.34E-05,4.65E-08,6.39E-05,0.000729322
1394,Azinphos-methyl,86-50-0,Rat cerebellar granule cell,20,96,1.63E-05,5.87E-05,1.10E-04,0.533919875
1395,Chlorpyrifos,2921-88-2,Rat cerebellar granule cell,20,96,4.01E-05,8.19E-07,1.04E-04,0.007897835
1396,"DDD-p,p'",50-29-3,Rat cerebellar granule cell,20,96,8.89E-05,1.90E-08,5.94E-05,0.000321051
1397,"DDT-o,p'",789-02-6,Rat cerebellar granule cell,20,96,8.45E-05,4.09E-08,6.32E-05,0.000649328
1398,"DDT-p,p'",72-54-8,Rat cerebellar granule cell,20,96,7.61E-05,1.03E-07,7.06E-05,0.001466675
1399,Diazinon,333-41-5,Rat cerebellar granule cell,20,96,2.77E-05,8.36E-06,1.09E-04,0.07698005
1400,Dicofol,115-32-2,Rat cerebellar granule cell,20,96,4.21E-05,7.48E-07,1.02E-04,0.007351781
1401,Dieldrin,60-57-1,Rat cerebellar granule cell,20,96,4.55E-05,6.40E-07,9.88E-05,0.006503656
1402,Disulfoton,298-04-4,Rat cerebellar granule cell,20,96,2.83E-05,5.22E-06,1.11E-04,0.04728531
1403,Endosulfan I,115-29-7,Rat cerebellar granule cell,20,96,2.78E-05,8.00E-06,1.09E-04,0.073540874
1404,Endrin,72-20-8,Rat cerebellar granule cell,20,96,5.62E-05,3.83E-07,8.88E-05,0.004325509
1405,Ethion,563-12-2,Rat cerebellar granule cell,20,96,4.38E-05,6.93E-07,1.01E-04,0.00691824
1406,Heptachlor,76-44-8,Rat cerebellar granule cell,20,96,7.56E-05,1.07E-07,7.10E-05,0.001518687
1407,Heptachlor epoxide B,1024-57-3,Rat cerebellar granule cell,20,96,4.07E-05,7.95E-07,1.03E-04,0.007712633
1408,Lindane,58-89-9,Rat cerebellar granule cell,20,96,2.73E-05,1.02E-05,1.08E-04,0.094344232
1409,"Methoxychlor-o,p'",72-43-5,Rat cerebellar granule cell,20,96,4.42E-05,6.82E-07,1.00E-04,0.006833824
1410,Parathion,56-38-2,Rat cerebellar granule cell,20,96,2.78E-05,8.00E-06,1.09E-04,0.073540874
1411,Trifluralin,1582-09-8,Rat cerebellar granule cell,20,96,5.31E-05,4.46E-07,9.16E-05,0.004891678
1412,Eugenol F,97-53-0,Rat cerebellar granule cell,20,96,8.61E-06,9.52E-05,1.21E-04,0.790621879
1413,Methyl-antranilate,134-20-3,Rat cerebellar granule cell,20,96,4.30E-06,1.18E-04,1.31E-04,0.909918026
1414,Lilyfore,285977-85-7,Rat cerebellar granule cell,20,96,2.35E-05,2.69E-05,1.06E-04,0.254308513
1415,Damascone beta,23726-91-2,Rat cerebellar granule cell,20,96,2.83E-05,2.77E-06,1.12E-04,0.024828186
1416,Veloutone,14595-54-1,Rat cerebellar granule cell,20,96,5.11E-05,4.94E-07,9.36E-05,0.005298327
1417,Verdox,82356-51-2,Rat cerebellar granule cell,20,96,8.26E-05,5.17E-08,6.47E-05,0.000802543
1418,Nirvanol,1506-02-1,Rat cerebellar granule cell,20,96,6.49E-05,2.35E-07,8.08E-05,0.002918496
1419,Cetalox,3738-00-9,Rat cerebellar granule cell,20,96,5.44E-05,3.97E-07,8.84E-05,0.00450852
1420,Tonalide,21145-77-7,Rat cerebellar granule cell,20,96,6.49E-05,2.35E-07,8.08E-05,0.002918496
1421,Caffeine,58-08-2,Rat cerebellar granule cell,20,96,5.72E-08,1.48E-04,1.48E-04,1.003048724
1422,Lamotrigine,84057-84-1,Rat cerebellar granule cell,20,96,1.33E-05,7.30E-05,1.14E-04,0.643375935
1423,Diclofenac,15307-79-6,Rat cerebellar granule cell,20,96,2.97E-08,1.49E-04,1.50E-04,0.999693378
1424,"2,4-Dichlorophenoxyacetic",94-75-7,Rat cerebellar granule cell,20,96,2.16E-06,8.10E-05,1.48E-04,0.549870199
1425,(S)-Naproxen,22204-53-1,Rat cerebellar granule cell,20,96,3.04E-06,4.77E-05,1.47E-04,0.325620514
1426,Ibuprofen,15687-27-1,Rat cerebellar granule cell,20,96,3.68E-06,1.58E-05,1.46E-04,0.108622188
1427,Torasemide,56211-40-6,Rat cerebellar granule cell,20,96,8.39E-06,3.07E-05,1.37E-04,0.22490583
1428,Warfarin,81-81-2,Rat cerebellar granule cell,20,96,1.94E-06,9.09E-05,1.48E-04,0.616794456
1429,di-n-butylphthalate,84-74-2,Rat cerebellar granule cell,20,96,2.89E-05,1.34E-06,1.15E-04,0.01170014
1430,hexachlorophene,70-30-4,Rat cerebellar granule cell,20,96,9.73E-05,5.38E-08,5.27E-05,0.001025028
1431,hexamethylenetetramine,100-97-0,Rat cerebellar granule cell,20,96,4.07E-09,1.40E-04,1.40E-04,1.00386754
1432,Malathion,121-75-5,Rat cerebellar granule cell,20,96,9.92E-06,8.89E-05,1.19E-04,0.751029015
1433,pentachlorophenol,87-86-5,Rat cerebellar granule cell,20,96,7.61E-06,1.26E-06,1.42E-04,0.008855647
1434,"2,2,2-trichloroethanol",115-20-8,Rat cerebellar granule cell,20,96,1.54E-06,1.25E-04,1.29E-04,0.971529898
1435,diethylphthalate,84-66-2,Rat cerebellar granule cell,20,96,1.11E-05,8.28E-05,1.17E-04,0.71196546
1436,4-chlorophenol,106-48-9,Rat cerebellar granule cell,20,96,1.04E-05,8.65E-05,1.18E-04,0.736795306
1437,permethrin,52645-53-1,Rat cerebellar granule cell,20,96,8.35E-05,4.65E-08,6.40E-05,0.000729322
1438,Aniline,62-53-3,Rat cerebellar granule cell,20,96,5.21E-07,1.42E-04,1.43E-04,0.994668488
1439,4-fluoroaniline,371-40-4,Rat cerebellar granule cell,20,96,9.04E-07,1.37E-04,1.40E-04,0.986966426
1440,"2,4,6-trichlorophenol",88-06-2,Rat cerebellar granule cell,20,96,2.71E-05,1.08E-05,1.08E-04,0.100871226
1441,Allyl alcohol,107-18-6,Rat cerebellar granule cell,20,96,9.39E-08,1.40E-04,1.40E-04,1.002358012
1442,N-methylaniline,100-61-8,Rat cerebellar granule cell,20,96,2.60E-06,1.20E-04,1.27E-04,0.946971232
1443,"3,4-dichloroaniline",95-76-1,Rat cerebellar granule cell,20,96,1.53E-05,6.32E-05,1.11E-04,0.570648432
1444,4-decylaniline,37529-30-9,Rat cerebellar granule cell,20,96,8.03E-05,6.82E-08,6.68E-05,0.001023937
1445,naphthalene,91-20-3,Rat cerebellar granule cell,20,96,2.16E-05,2.14E-05,9.47E-05,0.227230992
1446,"1,2,4-trichlorobenzene",120-82-1,Rat cerebellar granule cell,20,96,1.36E-05,2.68E-06,5.30E-05,0.050740255
1447,"1,2-dichlorobenzene",95-50-1,Rat cerebellar granule cell,20,96,7.18E-06,5.26E-06,3.00E-05,0.175780755
1448,dichloromethane,75-09-2,Rat cerebellar granule cell,20,96,9.37E-08,1.12E-05,1.15E-05,0.982349427
1449,tetrachloroethylene,127-18-4,Rat cerebellar granule cell,20,96,2.87E-06,2.25E-06,1.21E-05,0.186778431
1450,"2,3-dimethyl-1,3-butadiene",513-81-5,Rat cerebellar granule cell,20,96,5.07E-08,8.63E-08,2.54E-07,0.341718023
1451,cyclosporine A,59865-13-3,Rat cerebellar granule cell,20,96,1.91E-05,4.62E-05,1.08E-04,0.429281369
1452,chlorpromazine,50-53-3,Rat cerebellar granule cell,20,96,5.55E-05,3.96E-07,8.94E-05,0.00444689
1453,PBDE 47,5436-43-1,Rat cerebellar granule cell,20,96,8.78E-05,2.37E-08,6.03E-05,0.000394295
1454,PBDE 99,60348-60-9,Rat cerebellar granule cell,20,96,9.24E-05,7.56E-09,5.64E-05,0.000134415
1455,PBDE 153,68631-49-2,Rat cerebellar granule cell,20,96,9.52E-05,2.01E-09,5.41E-05,3.72138E-05
1456,amiodarone,1951-25-3,Rat cerebellar granule cell,20,96,9.38E-05,4.28E-09,5.53E-05,7.77179E-05
1457,PFBS,375-73-5,Rat cerebellar granule cell,20,96,1.97E-06,1.32E-04,1.37E-04,0.964767737
1458,4:2 FTS,757124-72-4,Rat cerebellar granule cell,20,96,3.36E-06,1.22E-04,1.32E-04,0.932228803
1459,PFNA,375-95-1,Rat cerebellar granule cell,20,96,7.49E-05,1.14E-07,7.16E-05,1.60E-03
1460,PFHxA,307-24-4,Rat cerebellar granule cell,20,96,2.85E-05,3.44E-06,1.12E-04,3.08E-02
1461,PFBA,375-22-4,Rat cerebellar granule cell,20,96,3.06E-06,1.22E-04,1.31E-04,0.938507691
1462,PFOA,335-67-1,Rat cerebellar granule cell,20,96,2.82E-05,4.02E-06,1.11E-04,0.036437597
1463,6:2 FTS,27619-97-2,Rat cerebellar granule cell,20,96,1.97E-05,4.23E-05,1.06E-04,0.399288606
1464,8:2 FTS,39108-34-4,Rat cerebellar granule cell,20,96,2.84E-05,3.60E-06,1.12E-04,0.03233767
1465,PFUnDA,2058-94-8,Rat cerebellar granule cell,20,96,2.27E-05,5.50E-07,1.27E-04,0.004338169
1466,PFOS,1763-23-1,Rat cerebellar granule cell,20,96,2.27E-05,5.50E-07,1.27E-04,0.004338169
1467,PFHpA,375-85-9,Rat cerebellar granule cell,20,96,2.58E-05,1.49E-05,1.05E-04,0.142795717
1468,PFPeA,2706-90-3,Rat cerebellar granule cell,20,96,9.06E-06,8.91E-05,1.16E-04,0.769207526
1469,PFHxS,355-46-4,Rat cerebellar granule cell,20,96,1.55E-05,6.13E-05,1.10E-04,0.558469072
1470,PFDA,335-76-2,Rat cerebellar granule cell,20,96,3.86E-05,3.26E-07,1.11E-04,0.002941431
1471,Azathioprine,446-86-6,Rat cerebellar granule cell,20,96,8.44E-08,1.48E-04,1.48E-04,1.002602793
1472,Benzocaine,94-09-7,Rat cerebellar granule cell,20,96,4.13E-06,1.19E-04,1.31E-04,0.914027016
1473,Butylated hydroxyanisole,25013-16-5,Rat cerebellar granule cell,20,96,2.54E-05,1.90E-05,1.06E-04,0.179388945
1474,Cetirizine dihydrochloride,83881-52-1,Rat cerebellar granule cell,20,96,3.45E-07,1.45E-04,1.46E-04,0.998022052
1475,Cyclamate,139-05-9,Rat cerebellar granule cell,20,96,1.79E-08,0.000149175,0.000149212,1.003668093
1476,Cyclophosphamide,6055-19-2,Rat cerebellar granule cell,20,96,3.30E-07,0.000144888,0.000145702,0.998302548
1477,Cypermethrin,67375-30-8,Rat cerebellar granule cell,20,96,8.53E-05,3.59E-08,6.24394E-05,0.000577277
1478,DEET,134-62-3,Rat cerebellar granule cell,20,96,7.43E-06,0.000101408,0.000123328,0.825481961
1479,Dexamethasone,50-02-2,Rat cerebellar granule cell,20,96,4.64E-06,1.16E-04,0.00012963,0.901191512
1480,Digoxin,20830-75-5,Rat cerebellar granule cell,20,96,1.17E-06,0.000137841,0.000140943,0.981824932
1481,Fenazaquin,120928-09-8,Rat cerebellar granule cell,20,96,5.89E-05,3.3227E-07,8.63159E-05,0.003864529
1482,Fenbuconazole,114369-43-6,Rat cerebellar granule cell,20,96,2.34E-05,2.74E-05,1.06E-04,0.259022637
1483,Fluazinam,79622-59-6,Rat cerebellar granule cell,20,96,2.83E-05,5.33796E-06,0.000110694,0.048411384
1484,Furosemide,54-31-9,Rat cerebellar granule cell,20,96,5.77E-07,0.000133711,0.000149413,0.898413107
1485,Glybenclamide,10238-21-8,Rat cerebellar granule cell,20,96,3.64E-05,9.62611E-07,0.000107671,0.008975314
1486,HC Red 3,2871-01-4,Rat cerebellar granule cell,20,96,9.04E-08,1.48E-04,0.000147972,1.002502993
1487,Hydralazine hydrochloride,304-20-1,Rat cerebellar granule cell,20,96,3.53E-07,1.45E-04,0.000145528,0.997876614
1488,Ketoconazole,65277-42-1,Rat cerebellar granule cell,20,96,2.85E-05,2.43E-06,0.000113651,0.021478127
1489,Metformin,1115-70-4,Rat cerebellar granule cell,20,96,9.64E-09,0.00014944,0.000149458,1.003791247
1490,Metoclopramide,364-62-5,Rat cerebellar granule cell,20,96,1.41E-05,6.88E-05,0.000112738,0.61253856
1491,Nitrofurantoin,67-20-9,Rat cerebellar granule cell,20,96,2.31E-08,0.000149034,0.000149083,1.003588402
1492,Oxytetracycline hydrochloride,2058-46-0,Rat cerebellar granule cell,20,96,2.79E-09,0.000149768,0.000149771,1.003889191
1493,Panthenol,16485-10-2 ,Rat cerebellar granule cell,20,96,9.15E-09,1.49E-04,0.000149476,1.003798496
1494,Paracetamol,103-90-2,Rat cerebellar granule cell,20,96,1.93E-07,0.000146393,0.000146856,1.000752536
1495,Topiramate,97240-79-4,Rat cerebellar granule cell,20,96,3.51E-09,1.50E-04,0.000149726,1.00387924
1496,Trimellitic anhydride,552-30-7,Rat cerebellar granule cell,20,96,1.81E-06,0.000133381,0.000138287,0.968303269
1497,Verapamil hydrochloride,152-11-4,Rat cerebellar granule cell,20,96,2.85E-05,1.78996E-06,0.000114712,0.015665077
1498,Warfarin,129-06-6,Rat cerebellar granule cell,20,96,1.18E-05,7.97535E-05,0.000115844,0.69115041
1499,"2,4-Dinitrophenol",51-28-5,Balbc_3T3,20,96,4.06E-07,1.29E-04,1.37E-04,0.945635936
1500,Aldrin,309-00-2,Balbc_3T3,20,96,2.11E-05,8.99E-08,1.24E-04,0.000729322
1501,Azinphos-methyl,86-50-0,Balbc_3T3,20,96,2.40E-06,6.48E-05,1.22E-04,0.533919875
1502,Chlorpyrifos,2921-88-2,Balbc_3T3,20,96,6.86E-06,1.07E-06,1.36E-04,0.007897835
1503,"DDD-p,p'",50-29-3,Balbc_3T3,20,96,2.40E-05,3.92E-08,1.22E-04,0.000321051
1504,"DDT-o,p'",789-02-6,Balbc_3T3,20,96,2.17E-05,8.00E-08,1.24E-04,0.000649328
1505,"DDT-p,p'",72-54-8,Balbc_3T3,20,96,1.78E-05,1.84E-07,1.26E-04,0.001466675
1506,Diazinon,333-41-5,Balbc_3T3,20,96,4.36E-06,9.95E-06,1.30E-04,0.07698005
1507,Dicofol,115-32-2,Balbc_3T3,20,96,7.33E-06,9.89E-07,1.35E-04,0.007351781
1508,Dieldrin,60-57-1,Balbc_3T3,20,96,8.14E-06,8.70E-07,1.34E-04,0.006503656
1509,Disulfoton,298-04-4,Balbc_3T3,20,96,4.47E-06,6.24E-06,1.33E-04,0.04728531
1510,Endosulfan I,115-29-7,Balbc_3T3,20,96,4.38E-06,9.53E-06,1.30E-04,0.073540874
1511,Endrin,72-20-8,Balbc_3T3,20,96,1.09E-05,5.67E-07,1.32E-04,0.004325509
1512,Ethion,563-12-2,Balbc_3T3,20,96,7.72E-06,9.28E-07,1.35E-04,0.00691824
1513,Heptachlor,76-44-8,Balbc_3T3,20,96,1.77E-05,1.91E-07,1.26E-04,0.001518687
1514,Heptachlor epoxide B,1024-57-3,Balbc_3T3,20,96,7.02E-06,1.04E-06,1.35E-04,0.007712633
1515,Lindane,58-89-9,Balbc_3T3,20,96,4.28E-06,1.21E-05,1.28E-04,0.094344232
1516,"Methoxychlor-o,p'",72-43-5,Balbc_3T3,20,96,7.81E-06,9.16E-07,1.35E-04,0.006833824
1517,Parathion,56-38-2,Balbc_3T3,20,96,4.38E-06,9.53E-06,1.30E-04,0.073540874
1518,Trifluralin,1582-09-8,Balbc_3T3,20,96,1.01E-05,6.45E-07,1.32E-04,0.004891678
1519,Eugenol F,97-53-0,Balbc_3T3,20,96,1.22E-06,1.00E-04,1.27E-04,0.790621879
1520,Methyl-antranilate,134-20-3,Balbc_3T3,20,96,6.09E-07,1.21E-04,1.34E-04,0.909918026
1521,Lilyfore,285977-85-7,Balbc_3T3,20,96,3.61E-06,3.11E-05,1.23E-04,0.254308513
1522,Damascone beta,23726-91-2,Balbc_3T3,20,96,4.46E-06,3.32E-06,1.34E-04,0.024828186
1523,Veloutone,14595-54-1,Balbc_3T3,20,96,9.53E-06,7.01E-07,1.33E-04,0.005298327
1524,Verdox,82356-51-2,Balbc_3T3,20,96,2.08E-05,9.92E-08,1.24E-04,0.000802543
1525,Nirvanol,1506-02-1,Balbc_3T3,20,96,1.36E-05,3.76E-07,1.29E-04,0.002918496
1526,Cetalox,3738-00-9,Balbc_3T3,20,96,1.04E-05,5.80E-07,1.29E-04,0.00450852
1527,Tonalide,21145-77-7,Balbc_3T3,20,96,1.36E-05,3.76E-07,1.29E-04,0.002918496
1528,Caffeine,58-08-2,Balbc_3T3,20,96,3.68E-08,1.48E-04,1.48E-04,1.003048724
1529,Lamotrigine,84057-84-1,Balbc_3T3,20,96,1.92E-06,7.91E-05,1.23E-04,0.643375935
1530,Diclofenac,15307-79-6,Balbc_3T3,20,96,3.28E-08,1.49E-04,1.50E-04,0.999693378
1531,"2,4-Dichlorophenoxyacetic",94-75-7,Balbc_3T3,20,96,2.70E-07,8.20E-05,1.50E-04,0.549870199
1532,(S)-Naproxen,22204-53-1,Balbc_3T3,20,96,3.69E-07,4.85E-05,1.50E-04,0.325620514
1533,Ibuprofen,15687-27-1,Balbc_3T3,20,96,4.40E-07,1.62E-05,1.50E-04,0.108622188
1534,Torasemide,56211-40-6,Balbc_3T3,20,96,1.13E-06,3.23E-05,1.44E-04,0.22490583
1535,Warfarin,81-81-2,Balbc_3T3,20,96,2.47E-07,9.19E-05,1.50E-04,0.616794456
1536,di-n-butylphthalate,84-74-2,Balbc_3T3,20,96,4.58E-06,1.61E-06,1.38E-04,0.01170014
1537,hexachlorophene,70-30-4,Balbc_3T3,20,96,2.66E-05,1.26E-07,1.23E-04,0.001025028
1538,hexamethylenetetramine,100-97-0,Balbc_3T3,20,96,2.80E-08,1.40E-04,1.40E-04,1.00386754
1539,Malathion,121-75-5,Balbc_3T3,20,96,1.41E-06,9.42E-05,1.26E-04,0.751029015
1540,pentachlorophenol,87-86-5,Balbc_3T3,20,96,9.28E-07,1.31E-06,1.49E-04,0.008855647
1541,"2,2,2-trichloroethanol",115-20-8,Balbc_3T3,20,96,2.32E-07,1.26E-04,1.30E-04,0.971529898
1542,diethylphthalate,84-66-2,Balbc_3T3,20,96,1.60E-06,8.85E-05,1.25E-04,0.71196546
1543,4-chlorophenol,106-48-9,Balbc_3T3,20,96,1.48E-06,9.20E-05,1.25E-04,0.736795306
1544,permethrin,52645-53-1,Balbc_3T3,20,96,2.12E-05,9.01E-08,1.24E-04,0.000729322
1545,Aniline,62-53-3,Balbc_3T3,20,96,9.74E-08,1.42E-04,1.43E-04,0.994668488
1546,4-fluoroaniline,371-40-4,Balbc_3T3,20,96,1.48E-07,1.38E-04,1.40E-04,0.986966426
1547,"2,4,6-trichlorophenol",88-06-2,Balbc_3T3,20,96,4.24E-06,1.28E-05,1.27E-04,0.100871226
1548,Allyl alcohol,107-18-6,Balbc_3T3,20,96,4.00E-08,1.40E-04,1.40E-04,1.002358012
1549,N-methylaniline,100-61-8,Balbc_3T3,20,96,3.75E-07,1.22E-04,1.29E-04,0.946971232
1550,"3,4-dichloroaniline",95-76-1,Balbc_3T3,20,96,2.23E-06,6.93E-05,1.22E-04,0.570648432
1551,4-decylaniline,37529-30-9,Balbc_3T3,20,96,1.97E-05,1.27E-07,1.25E-04,0.001023937
1552,naphthalene,91-20-3,Balbc_3T3,20,96,3.26E-06,2.45E-05,1.08E-04,0.227230992
1553,"1,2,4-trichlorobenzene",120-82-1,Balbc_3T3,20,96,1.94E-06,2.91E-06,5.75E-05,0.050740255
1554,"1,2-dichlorobenzene",95-50-1,Balbc_3T3,20,96,9.91E-07,5.49E-06,3.13E-05,0.175780755
1555,dichloromethane,75-09-2,Balbc_3T3,20,96,1.47E-08,1.13E-05,1.15E-05,0.982349427
1556,tetrachloroethylene,127-18-4,Balbc_3T3,20,96,3.86E-07,2.29E-06,1.23E-05,0.186778431
1557,"2,3-dimethyl-1,3-butadiene",513-81-5,Balbc_3T3,20,96,6.73E-09,8.63E-08,2.54E-07,0.341718023
1558,cyclosporine A,59865-13-3,Balbc_3T3,20,96,2.85E-06,5.19E-05,1.21E-04,0.429281369
1559,chlorpromazine,50-53-3,Balbc_3T3,20,96,1.08E-05,5.84E-07,1.32E-04,0.00444689
1560,PBDE 47,5436-43-1,Balbc_3T3,20,96,2.34E-05,4.82E-08,1.23E-04,0.000394295
1561,PBDE 99,60348-60-9,Balbc_3T3,20,96,2.60E-05,1.63E-08,1.21E-04,0.000134415
1562,PBDE 153,68631-49-2,Balbc_3T3,20,96,2.78E-05,4.48E-09,1.21E-04,3.72138E-05
1563,amiodarone,1951-25-3,Balbc_3T3,20,96,2.69E-05,9.38E-09,1.21E-04,7.77179E-05
1564,PFBS,375-73-5,Balbc_3T3,20,96,2.91E-07,1.33E-04,1.39E-04,0.964767737
1565,4:2 FTS,757124-72-4,Balbc_3T3,20,96,4.80E-07,1.25E-04,1.35E-04,0.932228803
1566,PFNA,375-95-1,Balbc_3T3,20,96,1.73E-05,2.01E-07,1.26E-04,1.60E-03
1567,PFHxA,307-24-4,Balbc_3T3,20,96,4.49E-06,4.12E-06,1.34E-04,0.030825612
1568,PFBA,375-22-4,Balbc_3T3,20,96,4.38E-07,1.25E-04,1.33E-04,0.938507691
1569,PFOA,335-67-1,Balbc_3T3,20,96,4.45E-06,4.80E-06,1.32E-04,0.036437597
1570,6:2 FTS,27619-97-2,Balbc_3T3,20,96,2.94E-06,4.77E-05,1.20E-04,0.399288606
1571,8:2 FTS,39108-34-4,Balbc_3T3,20,96,4.48E-06,4.31E-06,1.34E-04,0.03233767
1572,PFUnDA,2058-94-8,Balbc_3T3,20,96,3.05E-06,6.35E-07,1.47E-04,0.004338169
1573,PFOS,1763-23-1,Balbc_3T3,20,96,3.05E-06,6.35E-07,1.47E-04,0.004338169
1574,PFHpA,375-85-9,Balbc_3T3,20,96,4.00E-06,1.76E-05,1.23E-04,0.142795717
1575,PFPeA,2706-90-3,Balbc_3T3,20,96,1.29E-06,9.40E-05,1.23E-04,0.769207526
1576,PFHxS,355-46-4,Balbc_3T3,20,96,2.27E-06,6.74E-05,1.21E-04,0.558469072
1577,PFDA,335-76-2,Balbc_3T3,20,96,5.81E-06,4.22E-07,1.44E-04,0.002941431
1578,Azathioprine,446-86-6,Balbc_3T3,20,96,4.03E-08,1.48E-04,1.48E-04,1.002602793
1579,Benzocaine,94-09-7,Balbc_3T3,20,96,5.86E-07,1.22E-04,1.34E-04,0.914027016
1580,Butylated hydroxyanisole,25013-16-5,Balbc_3T3,20,96,3.93E-06,2.23E-05,1.25E-04,0.179388945
1581,Cetirizine dihydrochloride,83881-52-1,Balbc_3T3,20,96,7.45E-08,1.45E-04,1.46E-04,0.998022052
1582,Cyclamate,139-05-9,Balbc_3T3,20,96,3.17E-08,0.000149161,0.000149198,1.003668093
1583,Cyclophosphamide,6055-19-2,Balbc_3T3,20,96,7.25E-08,0.000145137,0.000145953,0.998302548
1584,Cypermethrin,67375-30-8,Balbc_3T3,20,96,2.21E-05,7.10E-08,0.000123498,0.000577277
1585,DEET,134-62-3,Balbc_3T3,20,96,1.05E-06,0.000105947,0.000128848,0.825481961
1586,Dexamethasone,50-02-2,Balbc_3T3,20,96,6.56E-07,1.20E-04,0.000133184,0.901191512
1587,Digoxin,20830-75-5,Balbc_3T3,20,96,1.84E-07,0.000138759,0.00014188,0.981824932
1588,Fenazaquin,120928-09-8,Balbc_3T3,20,96,1.17E-05,5.0404E-07,0.000130938,0.003864529
1589,Fenbuconazole,114369-43-6,Balbc_3T3,20,96,3.59E-06,3.17E-05,0.0001228,0.259022637
1590,Fluazinam,79622-59-6,Balbc_3T3,20,96,4.46E-06,6.38295E-06,0.000132364,0.048411384
1591,Furosemide,54-31-9,Balbc_3T3,20,96,9.36E-08,0.000134144,0.000149896,0.898413107
1592,Glybenclamide,10238-21-8,Balbc_3T3,20,96,6.07E-06,1.21965E-06,0.000136422,0.008975314
1593,HC Red 3,2871-01-4,Balbc_3T3,20,96,4.11E-08,1.48E-04,0.000148021,1.002502993
1594,Hydralazine hydrochloride,304-20-1,Balbc_3T3,20,96,7.56E-08,1.45E-04,0.000145798,0.997876614
1595,Ketoconazole,65277-42-1,Balbc_3T3,20,96,4.51E-06,2.91E-06,0.000136148,0.021478127
1596,Metformin,1115-70-4,Balbc_3T3,20,96,3.06E-08,0.000149419,0.000149437,1.003791247
1597,Metoclopramide,364-62-5,Balbc_3T3,20,96,2.05E-06,7.49E-05,0.000122745,0.61253856
1598,Nitrofurantoin,67-20-9,Balbc_3T3,20,96,3.23E-08,0.000149025,0.000149074,1.003588402
1599,Oxytetracycline hydrochloride,2058-46-0,Balbc_3T3,20,96,2.98E-08,0.000149741,0.000149745,1.003889191
1600,Panthenol,16485-10-2 ,Balbc_3T3,20,96,3.06E-08,1.49E-04,0.000149454,1.003798496
1601,Paracetamol,103-90-2,Balbc_3T3,20,96,5.45E-08,0.000146529,0.000146991,1.000752536
1602,Topiramate,97240-79-4,Balbc_3T3,20,96,2.99E-08,1.50E-04,0.000149699,1.00387924
1603,Trimellitic anhydride,552-30-7,Balbc_3T3,20,96,2.70E-07,0.000134771,0.000139728,0.968303269
1604,Verapamil hydrochloride,152-11-4,Balbc_3T3,20,96,4.49E-06,2.14337E-06,0.00013736,0.015665077
1605,Warfarin,129-06-6,Balbc_3T3,20,96,1.69E-06,8.55806E-05,0.000124308,0.69115041
1606,"2,4-Dinitrophenol",51-28-5,FishRtgut,20,96,5.36E-08,1.29E-04,1.37E-04,0.945635936
1607,Aldrin,309-00-2,FishRtgut,20,96,2.29E-06,1.03E-07,1.42E-04,0.000729322
1608,Azinphos-methyl,86-50-0,FishRtgut,20,96,2.47E-07,6.57E-05,1.24E-04,0.533919875
1609,Chlorpyrifos,2921-88-2,FishRtgut,20,96,6.89E-07,1.11E-06,1.41E-04,0.007897835
1610,"DDD-p,p'",50-29-3,FishRtgut,20,96,2.64E-06,4.58E-08,1.43E-04,0.000321051
1611,"DDT-o,p'",789-02-6,FishRtgut,20,96,2.35E-06,9.21E-08,1.42E-04,0.000649328
1612,"DDT-p,p'",72-54-8,FishRtgut,20,96,1.90E-06,2.07E-07,1.41E-04,0.001466675
1613,Diazinon,333-41-5,FishRtgut,20,96,4.38E-07,1.02E-05,1.33E-04,0.07698005
1614,Dicofol,115-32-2,FishRtgut,20,96,7.37E-07,1.03E-06,1.41E-04,0.007351781
1615,Dieldrin,60-57-1,FishRtgut,20,96,8.21E-07,9.15E-07,1.41E-04,0.006503656
1616,Disulfoton,298-04-4,FishRtgut,20,96,4.48E-07,6.41E-06,1.36E-04,0.04728531
1617,Endosulfan I,115-29-7,FishRtgut,20,96,4.40E-07,9.79E-06,1.34E-04,0.073540874
1618,Endrin,72-20-8,FishRtgut,20,96,1.12E-06,6.07E-07,1.41E-04,0.004325509
1619,Ethion,563-12-2,FishRtgut,20,96,7.78E-07,9.73E-07,1.41E-04,0.00691824
1620,Heptachlor,76-44-8,FishRtgut,20,96,1.87E-06,2.14E-07,1.41E-04,0.001518687
1621,Heptachlor epoxide B,1024-57-3,FishRtgut,20,96,7.04E-07,1.09E-06,1.41E-04,0.007712633
1622,Lindane,58-89-9,FishRtgut,20,96,4.31E-07,1.24E-05,1.32E-04,0.094344232
1623,"Methoxychlor-o,p'",72-43-5,FishRtgut,20,96,7.87E-07,9.61E-07,1.41E-04,0.006833824
1624,Parathion,56-38-2,FishRtgut,20,96,4.40E-07,9.79E-06,1.34E-04,0.073540874
1625,Trifluralin,1582-09-8,FishRtgut,20,96,1.03E-06,6.87E-07,1.41E-04,0.004891678
1626,Eugenol F,97-53-0,FishRtgut,20,96,1.32E-07,1.01E-04,1.28E-04,0.790621879
1627,Methyl-antranilate,134-20-3,FishRtgut,20,96,7.31E-08,1.22E-04,1.34E-04,0.909918026
1628,Lilyfore,285977-85-7,FishRtgut,20,96,3.66E-07,3.18E-05,1.26E-04,0.254308513
1629,Damascone beta,23726-91-2,FishRtgut,20,96,4.45E-07,3.41E-06,1.38E-04,0.024828186
1630,Veloutone,14595-54-1,FishRtgut,20,96,9.69E-07,7.44E-07,1.41E-04,0.005298327
1631,Verdox,82356-51-2,FishRtgut,20,96,2.24E-06,1.13E-07,1.42E-04,0.000802543
1632,Nirvanol,1506-02-1,FishRtgut,20,96,1.42E-06,4.10E-07,1.41E-04,0.002918496
1633,Cetalox,3738-00-9,FishRtgut,20,96,1.06E-06,6.18E-07,1.38E-04,0.00450852
1634,Tonalide,21145-77-7,FishRtgut,20,96,1.42E-06,4.10E-07,1.41E-04,0.002918496
1635,Caffeine,58-08-2,FishRtgut,20,96,1.83E-08,1.48E-04,1.48E-04,1.003048724
1636,Lamotrigine,84057-84-1,FishRtgut,20,96,2.01E-07,8.00E-05,1.25E-04,0.643375935
1637,Diclofenac,15307-79-6,FishRtgut,20,96,1.78E-08,1.49E-04,1.50E-04,0.999693378
1638,"2,4-Dichlorophenoxyacetic",94-75-7,FishRtgut,20,96,1.89E-08,8.21E-05,1.50E-04,0.549870199
1639,(S)-Naproxen,22204-53-1,FishRtgut,20,96,1.89E-08,4.86E-05,1.50E-04,0.325620514
1640,Ibuprofen,15687-27-1,FishRtgut,20,96,1.81E-08,1.62E-05,1.50E-04,0.108622188
1641,Torasemide,56211-40-6,FishRtgut,20,96,9.52E-08,3.25E-05,1.45E-04,0.22490583
1642,Warfarin,81-81-2,FishRtgut,20,96,1.97E-08,9.21E-05,1.50E-04,0.616794456
1643,di-n-butylphthalate,84-74-2,FishRtgut,20,96,4.55E-07,1.66E-06,1.42E-04,0.01170014
1644,hexachlorophene,70-30-4,FishRtgut,20,96,1.29E-06,1.52E-07,1.49E-04,0.001025028
1645,hexamethylenetetramine,100-97-0,FishRtgut,20,96,1.66E-08,1.40E-04,1.40E-04,1.00386754
1646,Malathion,121-75-5,FishRtgut,20,96,1.51E-07,9.50E-05,1.27E-04,0.751029015
1647,pentachlorophenol,87-86-5,FishRtgut,20,96,3.52E-08,1.32E-06,1.50E-04,0.008855647
1648,"2,2,2-trichloroethanol",115-20-8,FishRtgut,20,96,3.58E-08,1.26E-04,1.30E-04,0.971529898
1649,diethylphthalate,84-66-2,FishRtgut,20,96,1.69E-07,8.93E-05,1.26E-04,0.71196546
1650,4-chlorophenol,106-48-9,FishRtgut,20,96,1.57E-07,9.28E-05,1.26E-04,0.736795306
1651,permethrin,52645-53-1,FishRtgut,20,96,2.29E-06,1.03E-07,1.42E-04,0.000729322
1652,Aniline,62-53-3,FishRtgut,20,96,2.38E-08,1.42E-04,1.43E-04,0.994668488
1653,4-fluoroaniline,371-40-4,FishRtgut,20,96,2.85E-08,1.38E-04,1.40E-04,0.986966426
1654,"2,4,6-trichlorophenol",88-06-2,FishRtgut,20,96,4.27E-07,1.31E-05,1.31E-04,0.100871226
1655,Allyl alcohol,107-18-6,FishRtgut,20,96,1.78E-08,1.40E-04,1.40E-04,1.002358012
1656,N-methylaniline,100-61-8,FishRtgut,20,96,4.97E-08,1.22E-04,1.29E-04,0.946971232
1657,"3,4-dichloroaniline",95-76-1,FishRtgut,20,96,2.31E-07,7.02E-05,1.24E-04,0.570648432
1658,4-decylaniline,37529-30-9,FishRtgut,20,96,2.11E-06,1.45E-07,1.42E-04,0.001023937
1659,naphthalene,91-20-3,FishRtgut,20,96,3.29E-07,2.50E-05,1.10E-04,0.227230992
1660,"1,2,4-trichlorobenzene",120-82-1,FishRtgut,20,96,1.91E-07,2.94E-06,5.82E-05,0.050740255
1661,"1,2-dichlorobenzene",95-50-1,FishRtgut,20,96,9.83E-08,5.52E-06,3.15E-05,0.175780755
1662,dichloromethane,75-09-2,FishRtgut,20,96,2.59E-09,1.13E-05,1.15E-05,0.982349427
1663,tetrachloroethylene,127-18-4,FishRtgut,20,96,3.81E-08,2.30E-06,1.23E-05,0.186778431
1664,"2,3-dimethyl-1,3-butadiene",513-81-5,FishRtgut,20,96,6.72E-10,8.63E-08,2.54E-07,0.341718023
1665,cyclosporine A,59865-13-3,FishRtgut,20,96,2.92E-07,5.28E-05,1.23E-04,0.429281369
1666,chlorpromazine,50-53-3,FishRtgut,20,96,1.10E-06,6.24E-07,1.41E-04,0.00444689
1667,PBDE 47,5436-43-1,FishRtgut,20,96,2.56E-06,5.62E-08,1.43E-04,0.000394295
1668,PBDE 99,60348-60-9,FishRtgut,20,96,2.88E-06,1.93E-08,1.44E-04,0.000134415
1669,PBDE 153,68631-49-2,FishRtgut,20,96,3.09E-06,5.38E-09,1.45E-04,3.72138E-05
1670,amiodarone,1951-25-3,FishRtgut,20,96,2.99E-06,1.12E-08,1.45E-04,7.77179E-05
1671,PFBS,375-73-5,FishRtgut,20,96,4.24E-08,1.34E-04,1.39E-04,0.964767737
1672,4:2 FTS,757124-72-4,FishRtgut,20,96,6.05E-08,1.25E-04,1.35E-04,0.932228803
1673,PFNA,375-95-1,FishRtgut,20,96,1.84E-06,2.25E-07,1.41E-04,1.60E-03
1674,PFHxA,307-24-4,FishRtgut,20,96,4.49E-07,4.24E-06,1.38E-04,0.030825612
1675,PFBA,375-22-4,FishRtgut,20,96,5.64E-08,1.25E-04,1.34E-04,0.938507691
1676,PFOA,335-67-1,FishRtgut,20,96,4.44E-07,4.93E-06,1.36E-04,0.036437597
1677,6:2 FTS,27619-97-2,FishRtgut,20,96,3.00E-07,4.85E-05,1.22E-04,0.399288606
1678,8:2 FTS,39108-34-4,FishRtgut,20,96,4.48E-07,4.43E-06,1.38E-04,0.03233767
1679,PFUnDA,2058-94-8,FishRtgut,20,96,1.12E-07,6.48E-07,1.50E-04,0.004338169
1680,PFOS,1763-23-1,FishRtgut,20,96,1.12E-07,6.48E-07,1.50E-04,0.004338169
1681,PFHpA,375-85-9,FishRtgut,20,96,4.04E-07,1.80E-05,1.26E-04,0.142795717
1682,PFPeA,2706-90-3,FishRtgut,20,96,1.38E-07,9.47E-05,1.24E-04,0.769207526
1683,PFHxS,355-46-4,FishRtgut,20,96,2.35E-07,6.83E-05,1.23E-04,0.558469072
1684,PFDA,335-76-2,FishRtgut,20,96,2.17E-07,4.39E-07,1.50E-04,0.002941431
1685,Azathioprine,446-86-6,FishRtgut,20,96,1.86E-08,1.48E-04,1.48E-04,1.002602793
1686,Benzocaine,94-09-7,FishRtgut,20,96,7.09E-08,1.23E-04,1.35E-04,0.914027016
1687,Butylated hydroxyanisole,25013-16-5,FishRtgut,20,96,3.97E-07,2.28E-05,1.28E-04,0.179388945
1688,Cetirizine dihydrochloride,83881-52-1,FishRtgut,20,96,2.18E-08,1.45E-04,1.46E-04,0.998022052
1689,Cyclamate,139-05-9,FishRtgut,20,96,1.79E-08,0.000149175,0.000149212,1.003668093
1690,Cyclophosphamide,6055-19-2,FishRtgut,20,96,2.16E-08,0.000145186,0.000146003,0.998302548
1691,Cypermethrin,67375-30-8,FishRtgut,20,96,2.40E-06,8.20E-08,0.000142531,0.000577277
1692,DEET,134-62-3,FishRtgut,20,96,1.16E-07,0.000106612,0.000129657,0.825481961
1693,Dexamethasone,50-02-2,FishRtgut,20,96,7.77E-08,1.20E-04,0.0001337,0.901191512
1694,Digoxin,20830-75-5,FishRtgut,20,96,3.23E-08,0.0001389,0.000142025,0.981824932
1695,Fenazaquin,120928-09-8,FishRtgut,20,96,1.21E-06,5.42404E-07,0.000140904,0.003864529
1696,Fenbuconazole,114369-43-6,FishRtgut,20,96,3.64E-07,3.24E-05,0.000125503,0.259022637
1697,Fluazinam,79622-59-6,FishRtgut,20,96,4.47E-07,6.55913E-06,0.000136017,0.048411384
1698,Furosemide,54-31-9,FishRtgut,20,96,1.83E-08,0.000134211,0.000149972,0.898413107
1699,Glybenclamide,10238-21-8,FishRtgut,20,96,6.07E-07,1.26596E-06,0.000141601,0.008975314
1700,HC Red 3,2871-01-4,FishRtgut,20,96,1.87E-08,1.48E-04,0.000148043,1.002502993
1701,Hydralazine hydrochloride,304-20-1,FishRtgut,20,96,2.19E-08,1.45E-04,0.00014585,0.997876614
1702,Ketoconazole,65277-42-1,FishRtgut,20,96,4.49E-07,2.99E-06,0.000139946,0.021478127
1703,Metformin,1115-70-4,FishRtgut,20,96,1.78E-08,0.000149432,0.00014945,1.003791247
1704,Metoclopramide,364-62-5,FishRtgut,20,96,2.13E-07,7.58E-05,0.000124269,0.61253856
1705,Nitrofurantoin,67-20-9,FishRtgut,20,96,1.79E-08,0.00014904,0.000149088,1.003588402
1706,Oxytetracycline hydrochloride,2058-46-0,FishRtgut,20,96,1.77E-08,0.000149753,0.000149757,1.003889191
1707,Panthenol,16485-10-2 ,FishRtgut,20,96,1.78E-08,1.49E-04,0.000149467,1.003798496
1708,Paracetamol,103-90-2,FishRtgut,20,96,2.00E-08,0.000146562,0.000147025,1.000752536
1709,Topiramate,97240-79-4,FishRtgut,20,96,1.77E-08,1.50E-04,0.000149711,1.00387924
1710,Trimellitic anhydride,552-30-7,FishRtgut,20,96,4.05E-08,0.000134978,0.000139942,0.968303269
1711,Verapamil hydrochloride,152-11-4,FishRtgut,20,96,4.47E-07,2.20299E-06,0.000141181,0.015665077
1712,Warfarin,129-06-6,FishRtgut,20,96,1.78E-07,8.64548E-05,0.000125578,0.69115041
1713,"2,4-Dinitrophenol",51-28-5,FishRtgill,20,96,2.81E-08,1.29E-04,1.37E-04,0.945635936
1714,Aldrin,309-00-2,FishRtgill,20,96,1.21E-06,1.04E-07,1.43E-04,0.000729322
1715,Azinphos-methyl,86-50-0,FishRtgill,20,96,1.30E-07,6.58E-05,1.24E-04,0.533919875
1716,Chlorpyrifos,2921-88-2,FishRtgill,20,96,3.62E-07,1.11E-06,1.42E-04,0.007897835
1717,"DDD-p,p'",50-29-3,FishRtgill,20,96,1.40E-06,4.62E-08,1.44E-04,0.000321051
1718,"DDT-o,p'",789-02-6,FishRtgill,20,96,1.24E-06,9.28E-08,1.43E-04,0.000649328
1719,"DDT-p,p'",72-54-8,FishRtgill,20,96,1.00E-06,2.08E-07,1.42E-04,0.001466675
1720,Diazinon,333-41-5,FishRtgill,20,96,2.30E-07,1.02E-05,1.34E-04,0.07698005
1721,Dicofol,115-32-2,FishRtgill,20,96,3.88E-07,1.04E-06,1.42E-04,0.007351781
1722,Dieldrin,60-57-1,FishRtgill,20,96,4.32E-07,9.17E-07,1.42E-04,0.006503656
1723,Disulfoton,298-04-4,FishRtgill,20,96,2.35E-07,6.42E-06,1.36E-04,0.04728531
1724,Endosulfan I,115-29-7,FishRtgill,20,96,2.31E-07,9.80E-06,1.34E-04,0.073540874
1725,Endrin,72-20-8,FishRtgill,20,96,5.90E-07,6.09E-07,1.41E-04,0.004325509
1726,Ethion,563-12-2,FishRtgill,20,96,4.10E-07,9.76E-07,1.42E-04,0.00691824
1727,Heptachlor,76-44-8,FishRtgill,20,96,9.89E-07,2.15E-07,1.42E-04,0.001518687
1728,Heptachlor epoxide B,1024-57-3,FishRtgill,20,96,3.71E-07,1.09E-06,1.42E-04,0.007712633
1729,Lindane,58-89-9,FishRtgill,20,96,2.26E-07,1.24E-05,1.32E-04,0.094344232
1730,"Methoxychlor-o,p'",72-43-5,FishRtgill,20,96,4.14E-07,9.64E-07,1.42E-04,0.006833824
1731,Parathion,56-38-2,FishRtgill,20,96,2.31E-07,9.80E-06,1.34E-04,0.073540874
1732,Trifluralin,1582-09-8,FishRtgill,20,96,5.41E-07,6.89E-07,1.41E-04,0.004891678
1733,Eugenol F,97-53-0,FishRtgill,20,96,6.95E-08,1.01E-04,1.28E-04,0.790621879
1734,Methyl-antranilate,134-20-3,FishRtgill,20,96,3.84E-08,1.22E-04,1.34E-04,0.909918026
1735,Lilyfore,285977-85-7,FishRtgill,20,96,1.92E-07,3.19E-05,1.26E-04,0.254308513
1736,Damascone beta,23726-91-2,FishRtgill,20,96,2.34E-07,3.41E-06,1.38E-04,0.024828186
1737,Veloutone,14595-54-1,FishRtgill,20,96,5.10E-07,7.46E-07,1.41E-04,0.005298327
1738,Verdox,82356-51-2,FishRtgill,20,96,1.18E-06,1.14E-07,1.43E-04,0.000802543
1739,Nirvanol,1506-02-1,FishRtgill,20,96,7.47E-07,4.12E-07,1.42E-04,0.002918496
1740,Cetalox,3738-00-9,FishRtgill,20,96,5.61E-07,6.21E-07,1.38E-04,0.00450852
1741,Tonalide,21145-77-7,FishRtgill,20,96,7.47E-07,4.12E-07,1.42E-04,0.002918496
1742,Caffeine,58-08-2,FishRtgill,20,96,9.62E-09,1.48E-04,1.48E-04,1.003048724
1743,Lamotrigine,84057-84-1,FishRtgill,20,96,1.06E-07,8.00E-05,1.25E-04,0.643375935
1744,Diclofenac,15307-79-6,FishRtgill,20,96,9.34E-09,1.49E-04,1.50E-04,0.999693378
1745,"2,4-Dichlorophenoxyacetic",94-75-7,FishRtgill,20,96,9.92E-09,8.21E-05,1.50E-04,0.549870199
1746,(S)-Naproxen,22204-53-1,FishRtgill,20,96,9.93E-09,4.86E-05,1.50E-04,0.325620514
1747,Ibuprofen,15687-27-1,FishRtgill,20,96,9.51E-09,1.62E-05,1.50E-04,0.108622188
1748,Torasemide,56211-40-6,FishRtgill,20,96,5.00E-08,3.25E-05,1.45E-04,0.22490583
1749,Warfarin,81-81-2,FishRtgill,20,96,1.04E-08,9.21E-05,1.50E-04,0.616794456
1750,di-n-butylphthalate,84-74-2,FishRtgill,20,96,2.39E-07,1.66E-06,1.42E-04,0.01170014
1751,hexachlorophene,70-30-4,FishRtgill,20,96,6.77E-07,1.52E-07,1.49E-04,0.001025028
1752,hexamethylenetetramine,100-97-0,FishRtgill,20,96,8.72E-09,1.40E-04,1.40E-04,1.00386754
1753,Malathion,121-75-5,FishRtgill,20,96,7.94E-08,9.51E-05,1.27E-04,0.751029015
1754,pentachlorophenol,87-86-5,FishRtgill,20,96,1.85E-08,1.32E-06,1.50E-04,0.008855647
1755,"2,2,2-trichloroethanol",115-20-8,FishRtgill,20,96,1.88E-08,1.26E-04,1.30E-04,0.971529898
1756,diethylphthalate,84-66-2,FishRtgill,20,96,8.87E-08,8.94E-05,1.26E-04,0.71196546
1757,4-chlorophenol,106-48-9,FishRtgill,20,96,8.27E-08,9.28E-05,1.26E-04,0.736795306
1758,permethrin,52645-53-1,FishRtgill,20,96,1.21E-06,1.04E-07,1.43E-04,0.000729322
1759,Aniline,62-53-3,FishRtgill,20,96,1.25E-08,1.42E-04,1.43E-04,0.994668488
1760,4-fluoroaniline,371-40-4,FishRtgill,20,96,1.50E-08,1.38E-04,1.40E-04,0.986966426
1761,"2,4,6-trichlorophenol",88-06-2,FishRtgill,20,96,2.24E-07,1.32E-05,1.31E-04,0.100871226
1762,Allyl alcohol,107-18-6,FishRtgill,20,96,9.36E-09,1.40E-04,1.40E-04,1.002358012
1763,N-methylaniline,100-61-8,FishRtgill,20,96,2.61E-08,1.22E-04,1.29E-04,0.946971232
1764,"3,4-dichloroaniline",95-76-1,FishRtgill,20,96,1.21E-07,7.03E-05,1.24E-04,0.570648432
1765,4-decylaniline,37529-30-9,FishRtgill,20,96,1.12E-06,1.46E-07,1.43E-04,0.001023937
1766,naphthalene,91-20-3,FishRtgill,20,96,1.73E-07,2.50E-05,1.10E-04,0.227230992
1767,"1,2,4-trichlorobenzene",120-82-1,FishRtgill,20,96,1.01E-07,2.94E-06,5.82E-05,0.050740255
1768,"1,2-dichlorobenzene",95-50-1,FishRtgill,20,96,5.16E-08,5.52E-06,3.15E-05,0.175780755
1769,dichloromethane,75-09-2,FishRtgill,20,96,1.36E-09,1.13E-05,1.15E-05,0.982349427
1770,tetrachloroethylene,127-18-4,FishRtgill,20,96,2.00E-08,2.30E-06,1.23E-05,0.186778431
1771,"2,3-dimethyl-1,3-butadiene",513-81-5,FishRtgill,20,96,3.53E-10,8.63E-08,2.54E-07,0.341718023
1772,cyclosporine A,59865-13-3,FishRtgill,20,96,1.53E-07,5.28E-05,1.24E-04,0.429281369
1773,chlorpromazine,50-53-3,FishRtgill,20,96,5.79E-07,6.26E-07,1.41E-04,0.00444689
1774,PBDE 47,5436-43-1,FishRtgill,20,96,1.36E-06,5.66E-08,1.44E-04,0.000394295
1775,PBDE 99,60348-60-9,FishRtgill,20,96,1.53E-06,1.95E-08,1.45E-04,0.000134415
1776,PBDE 153,68631-49-2,FishRtgill,20,96,1.64E-06,5.43E-09,1.47E-04,3.72138E-05
1777,amiodarone,1951-25-3,FishRtgill,20,96,1.58E-06,1.13E-08,1.46E-04,7.77179E-05
1778,PFBS,375-73-5,FishRtgill,20,96,2.23E-08,1.34E-04,1.39E-04,0.964767737
1779,4:2 FTS,757124-72-4,FishRtgill,20,96,3.18E-08,1.25E-04,1.35E-04,0.932228803
1780,PFNA,375-95-1,FishRtgill,20,96,9.70E-07,2.26E-07,1.42E-04,1.60E-03
1781,PFHxA,307-24-4,FishRtgill,20,96,2.36E-07,4.24E-06,1.38E-04,0.030825612
1782,PFBA,375-22-4,FishRtgill,20,96,2.96E-08,1.25E-04,1.34E-04,0.938507691
1783,PFOA,335-67-1,FishRtgill,20,96,2.34E-07,4.94E-06,1.36E-04,0.036437597
1784,6:2 FTS,27619-97-2,FishRtgill,20,96,1.58E-07,4.86E-05,1.22E-04,0.399288606
1785,8:2 FTS,39108-34-4,FishRtgill,20,96,2.36E-07,4.44E-06,1.38E-04,0.03233767
1786,PFUnDA,2058-94-8,FishRtgill,20,96,5.88E-08,6.48E-07,1.50E-04,0.004338169
1787,PFOS,1763-23-1,FishRtgill,20,96,5.88E-08,6.48E-07,1.50E-04,0.004338169
1788,PFHpA,375-85-9,FishRtgill,20,96,2.12E-07,1.80E-05,1.27E-04,0.142795717
1789,PFPeA,2706-90-3,FishRtgill,20,96,7.26E-08,9.48E-05,1.24E-04,0.769207526
1790,PFHxS,355-46-4,FishRtgill,20,96,1.23E-07,6.84E-05,1.23E-04,0.558469072
1791,PFDA,335-76-2,FishRtgill,20,96,1.14E-07,4.39E-07,1.50E-04,0.002941431
1792,Azathioprine,446-86-6,FishRtgill,20,96,9.79E-09,1.48E-04,1.48E-04,1.002602793
1793,Benzocaine,94-09-7,FishRtgill,20,96,3.72E-08,1.23E-04,1.35E-04,0.914027016
1794,Butylated hydroxyanisole,25013-16-5,FishRtgill,20,96,2.09E-07,2.29E-05,1.28E-04,0.179388945
1795,Cetirizine dihydrochloride,83881-52-1,FishRtgill,20,96,1.15E-08,1.45E-04,1.46E-04,0.998022052
1796,Cyclamate,139-05-9,FishRtgill,20,96,9.39E-09,0.000149184,0.00014922,1.003668093
1797,Cyclophosphamide,6055-19-2,FishRtgill,20,96,1.14E-08,0.000145196,0.000146013,0.998302548
1798,Cypermethrin,67375-30-8,FishRtgill,20,96,1.27E-06,8.26E-08,0.000143624,0.000577277
1799,DEET,134-62-3,FishRtgill,20,96,6.09E-08,0.000106651,0.000129704,0.825481961
1800,Dexamethasone,50-02-2,FishRtgill,20,96,4.08E-08,1.20E-04,0.000133733,0.901191512
1801,Digoxin,20830-75-5,FishRtgill,20,96,1.70E-08,0.000138914,0.000142039,0.981824932
1802,Fenazaquin,120928-09-8,FishRtgill,20,96,6.35E-07,5.44483E-07,0.000141444,0.003864529
1803,Fenbuconazole,114369-43-6,FishRtgill,20,96,1.91E-07,3.24E-05,0.000125648,0.259022637
1804,Fluazinam,79622-59-6,FishRtgill,20,96,2.35E-07,6.56843E-06,0.00013621,0.048411384
1805,Furosemide,54-31-9,FishRtgill,20,96,9.61E-09,0.000134219,0.00014998,0.898413107
1806,Glybenclamide,10238-21-8,FishRtgill,20,96,3.19E-07,1.2684E-06,0.000141874,0.008975314
1807,HC Red 3,2871-01-4,FishRtgill,20,96,9.83E-09,1.48E-04,0.000148051,1.002502993
1808,Hydralazine hydrochloride,304-20-1,FishRtgill,20,96,1.15E-08,1.45E-04,0.00014586,0.997876614
1809,Ketoconazole,65277-42-1,FishRtgill,20,96,2.36E-07,3.00E-06,0.000140145,0.021478127
1810,Metformin,1115-70-4,FishRtgill,20,96,9.35E-09,0.00014944,0.000149458,1.003791247
1811,Metoclopramide,364-62-5,FishRtgill,20,96,1.12E-07,7.59E-05,0.000124352,0.61253856
1812,Nitrofurantoin,67-20-9,FishRtgill,20,96,9.42E-09,0.000149048,0.000149096,1.003588402
1813,Oxytetracycline hydrochloride,2058-46-0,FishRtgill,20,96,9.32E-09,0.000149761,0.000149765,1.003889191
1814,Panthenol,16485-10-2 ,FishRtgill,20,96,9.34E-09,1.49E-04,0.000149475,1.003798496
1815,Paracetamol,103-90-2,FishRtgill,20,96,1.05E-08,0.000146572,0.000147035,1.000752536
1816,Topiramate,97240-79-4,FishRtgill,20,96,9.32E-09,1.50E-04,0.00014972,1.00387924
1817,Trimellitic anhydride,552-30-7,FishRtgill,20,96,2.13E-08,0.000134995,0.00013996,0.968303269
1818,Verapamil hydrochloride,152-11-4,FishRtgill,20,96,2.35E-07,2.20611E-06,0.000141381,0.015665077
1819,Warfarin,129-06-6,FishRtgill,20,96,9.37E-08,8.65036E-05,0.000125649,0.69115041
1820,"2,4-Dinitrophenol",51-28-5,Default,20,96,2.49E-07,1.29E-04,1.37E-04,0.945635936
1821,Aldrin,309-00-2,Default,20,96,1.04E-05,9.74E-08,1.34E-04,0.000729322
1822,Azinphos-methyl,86-50-0,Default,20,96,1.13E-06,6.53E-05,1.23E-04,0.533919875
1823,Chlorpyrifos,2921-88-2,Default,20,96,3.21E-06,1.09E-06,1.39E-04,0.007897835
1824,"DDD-p,p'",50-29-3,Default,20,96,1.20E-05,4.29E-08,1.34E-04,0.000321051
1825,"DDT-o,p'",789-02-6,Default,20,96,1.07E-05,8.69E-08,1.34E-04,0.000649328
1826,"DDT-p,p'",72-54-8,Default,20,96,8.68E-06,1.97E-07,1.35E-04,0.001466675
1827,Diazinon,333-41-5,Default,20,96,2.03E-06,1.01E-05,1.32E-04,0.07698005
1828,Dicofol,115-32-2,Default,20,96,3.43E-06,1.02E-06,1.39E-04,0.007351781
1829,Dieldrin,60-57-1,Default,20,96,3.82E-06,8.96E-07,1.38E-04,0.006503656
1830,Disulfoton,298-04-4,Default,20,96,2.07E-06,6.34E-06,1.35E-04,0.04728531
1831,Endosulfan I,115-29-7,Default,20,96,2.03E-06,9.68E-06,1.32E-04,0.073540874
1832,Endrin,72-20-8,Default,20,96,5.19E-06,5.91E-07,1.37E-04,0.004325509
1833,Ethion,563-12-2,Default,20,96,3.62E-06,9.55E-07,1.39E-04,0.00691824
1834,Heptachlor,76-44-8,Default,20,96,8.58E-06,2.04E-07,1.35E-04,0.001518687
1835,Heptachlor epoxide B,1024-57-3,Default,20,96,3.28E-06,1.07E-06,1.39E-04,0.007712633
1836,Lindane,58-89-9,Default,20,96,1.99E-06,1.22E-05,1.30E-04,0.094344232
1837,"Methoxychlor-o,p'",72-43-5,Default,20,96,3.66E-06,9.43E-07,1.39E-04,0.006833824
1838,Parathion,56-38-2,Default,20,96,2.03E-06,9.68E-06,1.32E-04,0.073540874
1839,Trifluralin,1582-09-8,Default,20,96,4.77E-06,6.69E-07,1.37E-04,0.004891678
1840,Eugenol F,97-53-0,Default,20,96,6.08E-07,1.01E-04,1.28E-04,0.790621879
1841,Methyl-antranilate,134-20-3,Default,20,96,3.38E-07,1.22E-04,1.34E-04,0.909918026
1842,Lilyfore,285977-85-7,Default,20,96,1.68E-06,3.15E-05,1.24E-04,0.254308513
1843,Damascone beta,23726-91-2,Default,20,96,2.07E-06,3.37E-06,1.36E-04,0.024828186
1844,Veloutone,14595-54-1,Default,20,96,4.50E-06,7.26E-07,1.38E-04,0.005298327
1845,Verdox,82356-51-2,Default,20,96,1.02E-05,1.07E-07,1.34E-04,0.000802543
1846,Nirvanol,1506-02-1,Default,20,96,6.53E-06,3.96E-07,1.36E-04,0.002918496
1847,Cetalox,3738-00-9,Default,20,96,4.94E-06,6.02E-07,1.34E-04,0.00450852
1848,Tonalide,21145-77-7,Default,20,96,6.53E-06,3.96E-07,1.36E-04,0.002918496
1849,Caffeine,58-08-2,Default,20,96,8.92E-08,1.48E-04,1.48E-04,1.003048724
1850,Lamotrigine,84057-84-1,Default,20,96,9.27E-07,7.96E-05,1.24E-04,0.643375935
1851,Diclofenac,15307-79-6,Default,20,96,8.78E-08,1.49E-04,1.50E-04,0.999693378
1852,"2,4-Dichlorophenoxyacetic",94-75-7,Default,20,96,1.60E-07,8.21E-05,1.50E-04,0.549870199
1853,(S)-Naproxen,22204-53-1,Default,20,96,1.87E-07,4.86E-05,1.50E-04,0.325620514
1854,Ibuprofen,15687-27-1,Default,20,96,2.03E-07,1.62E-05,1.50E-04,0.108622188
1855,Torasemide,56211-40-6,Default,20,96,5.28E-07,3.24E-05,1.45E-04,0.22490583
1856,Warfarin,81-81-2,Default,20,96,1.55E-07,9.20E-05,1.50E-04,0.616794456
1857,di-n-butylphthalate,84-74-2,Default,20,96,2.12E-06,1.64E-06,1.41E-04,0.01170014
1858,hexachlorophene,70-30-4,Default,20,96,1.31E-05,1.40E-07,1.37E-04,0.001025028
1859,hexamethylenetetramine,100-97-0,Default,20,96,8.11E-08,1.40E-04,1.40E-04,1.00386754
1860,Malathion,121-75-5,Default,20,96,6.94E-07,9.47E-05,1.27E-04,0.751029015
1861,pentachlorophenol,87-86-5,Default,20,96,4.13E-07,1.32E-06,1.50E-04,0.008855647
1862,"2,2,2-trichloroethanol",115-20-8,Default,20,96,1.67E-07,1.26E-04,1.30E-04,0.971529898
1863,diethylphthalate,84-66-2,Default,20,96,7.75E-07,8.90E-05,1.25E-04,0.71196546
1864,4-chlorophenol,106-48-9,Default,20,96,7.23E-07,9.24E-05,1.26E-04,0.736795306
1865,permethrin,52645-53-1,Default,20,96,1.04E-05,9.76E-08,1.34E-04,0.000729322
1866,Aniline,62-53-3,Default,20,96,1.14E-07,1.42E-04,1.43E-04,0.994668488
1867,4-fluoroaniline,371-40-4,Default,20,96,1.35E-07,1.38E-04,1.40E-04,0.986966426
1868,"2,4,6-trichlorophenol",88-06-2,Default,20,96,1.97E-06,1.30E-05,1.29E-04,0.100871226
1869,Allyl alcohol,107-18-6,Default,20,96,8.66E-08,1.40E-04,1.40E-04,1.002358012
1870,N-methylaniline,100-61-8,Default,20,96,2.30E-07,1.22E-04,1.29E-04,0.946971232
1871,"3,4-dichloroaniline",95-76-1,Default,20,96,1.06E-06,6.99E-05,1.23E-04,0.570648432
1872,4-decylaniline,37529-30-9,Default,20,96,9.65E-06,1.37E-07,1.35E-04,0.001023937
1873,naphthalene,91-20-3,Default,20,96,1.52E-06,2.48E-05,1.09E-04,0.227230992
1874,"1,2,4-trichlorobenzene",120-82-1,Default,20,96,8.92E-07,2.93E-06,5.79E-05,0.050740255
1875,"1,2-dichlorobenzene",95-50-1,Default,20,96,4.56E-07,5.51E-06,3.15E-05,0.175780755
1876,dichloromethane,75-09-2,Default,20,96,1.22E-08,1.13E-05,1.15E-05,0.982349427
1877,tetrachloroethylene,127-18-4,Default,20,96,1.77E-07,2.29E-06,1.23E-05,0.186778431
1878,"2,3-dimethyl-1,3-butadiene",513-81-5,Default,20,96,3.11E-09,8.63E-08,2.54E-07,0.341718023
1879,cyclosporine A,59865-13-3,Default,20,96,1.34E-06,5.24E-05,1.23E-04,0.429281369
1880,chlorpromazine,50-53-3,Default,20,96,5.10E-06,6.07E-07,1.37E-04,0.00444689
1881,PBDE 47,5436-43-1,Default,20,96,1.16E-05,5.27E-08,1.34E-04,0.000394295
1882,PBDE 99,60348-60-9,Default,20,96,1.31E-05,1.80E-08,1.34E-04,0.000134415
1883,PBDE 153,68631-49-2,Default,20,96,1.40E-05,4.98E-09,1.34E-04,3.72138E-05
1884,amiodarone,1951-25-3,Default,20,96,1.35E-05,1.04E-08,1.34E-04,7.77179E-05
1885,PFBS,375-73-5,Default,20,96,1.98E-07,1.33E-04,1.39E-04,0.964767737
1886,4:2 FTS,757124-72-4,Default,20,96,2.80E-07,1.25E-04,1.35E-04,0.932228803
1887,PFNA,375-95-1,Default,20,96,8.43E-06,2.15E-07,1.35E-04,1.60E-03
1888,PFHxA,307-24-4,Default,20,96,2.08E-06,4.19E-06,1.36E-04,0.030825612
1889,PFBA,375-22-4,Default,20,96,2.61E-07,1.25E-04,1.34E-04,0.938507691
1890,PFOA,335-67-1,Default,20,96,2.06E-06,4.88E-06,1.34E-04,0.036437597
1891,6:2 FTS,27619-97-2,Default,20,96,1.38E-06,4.82E-05,1.21E-04,0.399288606
1892,8:2 FTS,39108-34-4,Default,20,96,2.08E-06,4.38E-06,1.36E-04,0.03233767
1893,PFUnDA,2058-94-8,Default,20,96,1.36E-06,6.42E-07,1.49E-04,0.004338169
1894,PFOS,1763-23-1,Default,20,96,1.36E-06,6.42E-07,1.49E-04,0.004338169
1895,PFHpA,375-85-9,Default,20,96,1.86E-06,1.78E-05,1.25E-04,0.142795717
1896,PFPeA,2706-90-3,Default,20,96,6.35E-07,9.44E-05,1.23E-04,0.769207526
1897,PFHxS,355-46-4,Default,20,96,1.08E-06,6.79E-05,1.22E-04,0.558469072
1898,PFDA,335-76-2,Default,20,96,2.63E-06,4.32E-07,1.47E-04,0.002941431
1899,Azathioprine,446-86-6,Default,20,96,9.06E-08,1.48E-04,1.48E-04,1.002602793
1900,Benzocaine,94-09-7,Default,20,96,3.28E-07,1.22E-04,1.34E-04,0.914027016
1901,Butylated hydroxyanisole,25013-16-5,Default,20,96,1.83E-06,2.26E-05,1.27E-04,0.179388945
1902,Cetirizine dihydrochloride,83881-52-1,Default,20,96,1.05E-07,1.45E-04,1.46E-04,0.998022052
1903,Cyclamate,139-05-9,Default,20,96,8.73E-08,0.000149106,0.000149143,1.003668093
1904,Cyclophosphamide,6055-19-2,Default,20,96,1.04E-07,0.000145107,0.000145922,0.998302548
1905,Cypermethrin,67375-30-8,Default,20,96,1.09E-05,7.72E-08,0.000134288,0.000577277
1906,DEET,134-62-3,Default,20,96,5.33E-07,0.000106316,0.000129296,0.825481961
1907,Dexamethasone,50-02-2,Default,20,96,3.59E-07,1.20E-04,0.00013345,0.901191512
1908,Digoxin,20830-75-5,Default,20,96,1.52E-07,0.000138789,0.000141911,0.981824932
1909,Fenazaquin,120928-09-8,Default,20,96,5.58E-06,5.26466E-07,0.000136763,0.003864529
1910,Fenbuconazole,114369-43-6,Default,20,96,1.67E-06,3.21E-05,0.000124406,0.259022637
1911,Fluazinam,79622-59-6,Default,20,96,2.07E-06,6.48792E-06,0.000134541,0.048411384
1912,Furosemide,54-31-9,Default,20,96,1.07E-07,0.000134132,0.000149883,0.898413107
1913,Glybenclamide,10238-21-8,Default,20,96,2.83E-06,1.24714E-06,0.000139496,0.008975314
1914,HC Red 3,2871-01-4,Default,20,96,9.09E-08,1.48E-04,0.000147971,1.002502993
1915,Hydralazine hydrochloride,304-20-1,Default,20,96,1.05E-07,1.45E-04,0.000145769,0.997876614
1916,Ketoconazole,65277-42-1,Default,20,96,2.09E-06,2.96E-06,0.000138411,0.021478127
1917,Metformin,1115-70-4,Default,20,96,8.69E-08,0.000149363,0.000149381,1.003791247
1918,Metoclopramide,364-62-5,Default,20,96,9.78E-07,7.54E-05,0.000123634,0.61253856
1919,Nitrofurantoin,67-20-9,Default,20,96,8.75E-08,0.00014897,0.000149019,1.003588402
1920,Oxytetracycline hydrochloride,2058-46-0,Default,20,96,8.67E-08,0.000149684,0.000149688,1.003889191
1921,Panthenol,16485-10-2 ,Default,20,96,8.69E-08,1.49E-04,0.000149398,1.003798496
1922,Paracetamol,103-90-2,Default,20,96,9.64E-08,0.000146488,0.00014695,1.000752536
1923,Topiramate,97240-79-4,Default,20,96,8.67E-08,1.50E-04,0.000149643,1.00387924
1924,Trimellitic anhydride,552-30-7,Default,20,96,1.89E-07,0.000134844,0.000139803,0.968303269
1925,Verapamil hydrochloride,152-11-4,Default,20,96,2.08E-06,2.1789E-06,0.000139637,0.015665077
1926,Warfarin,129-06-6,Default,20,96,8.19E-07,8.60852E-05,0.000125041,0.69115041
1927,"2,4-Dinitrophenol",51-28-5,MCF7,20,96,2.23E-07,1.29E-04,1.37E-04,0.945635936
1928,Aldrin,309-00-2,MCF7,20,96,3.35E-06,1.02E-07,1.41E-04,0.000729322
1929,Azinphos-methyl,86-50-0,MCF7,20,96,4.24E-07,6.56E-05,1.23E-04,0.533919875
1930,Chlorpyrifos,2921-88-2,MCF7,20,96,9.97E-07,1.11E-06,1.41E-04,0.007897835
1931,"DDD-p,p'",50-29-3,MCF7,20,96,3.87E-06,4.54E-08,1.42E-04,0.000321051
1932,"DDT-o,p'",789-02-6,MCF7,20,96,3.44E-06,9.14E-08,1.41E-04,0.000649328
1933,"DDT-p,p'",72-54-8,MCF7,20,96,2.77E-06,2.05E-07,1.41E-04,0.001466675
1934,Diazinon,333-41-5,MCF7,20,96,6.38E-07,1.02E-05,1.33E-04,0.07698005
1935,Dicofol,115-32-2,MCF7,20,96,1.07E-06,1.03E-06,1.41E-04,0.007351781
1936,Dieldrin,60-57-1,MCF7,20,96,1.19E-06,9.12E-07,1.41E-04,0.006503656
1937,Disulfoton,298-04-4,MCF7,20,96,6.48E-07,6.40E-06,1.36E-04,0.04728531
1938,Endosulfan I,115-29-7,MCF7,20,96,6.39E-07,9.77E-06,1.33E-04,0.073540874
1939,Endrin,72-20-8,MCF7,20,96,1.63E-06,6.05E-07,1.40E-04,0.004325509
1940,Ethion,563-12-2,MCF7,20,96,1.13E-06,9.71E-07,1.41E-04,0.00691824
1941,Heptachlor,76-44-8,MCF7,20,96,2.73E-06,2.13E-07,1.41E-04,0.001518687
1942,Heptachlor epoxide B,1024-57-3,MCF7,20,96,1.02E-06,1.08E-06,1.41E-04,0.007712633
1943,Lindane,58-89-9,MCF7,20,96,6.29E-07,1.24E-05,1.32E-04,0.094344232
1944,"Methoxychlor-o,p'",72-43-5,MCF7,20,96,1.14E-06,9.59E-07,1.41E-04,0.006833824
1945,Parathion,56-38-2,MCF7,20,96,6.39E-07,9.77E-06,1.33E-04,0.073540874
1946,Trifluralin,1582-09-8,MCF7,20,96,1.49E-06,6.84E-07,1.40E-04,0.004891678
1947,Eugenol F,97-53-0,MCF7,20,96,3.02E-07,1.01E-04,1.28E-04,0.790621879
1948,Methyl-antranilate,134-20-3,MCF7,20,96,2.42E-07,1.22E-04,1.34E-04,0.909918026
1949,Lilyfore,285977-85-7,MCF7,20,96,5.55E-07,3.18E-05,1.25E-04,0.254308513
1950,Damascone beta,23726-91-2,MCF7,20,96,6.43E-07,3.40E-06,1.38E-04,0.024828186
1951,Veloutone,14595-54-1,MCF7,20,96,1.41E-06,7.42E-07,1.41E-04,0.005298327
1952,Verdox,82356-51-2,MCF7,20,96,3.28E-06,1.13E-07,1.41E-04,0.000802543
1953,Nirvanol,1506-02-1,MCF7,20,96,2.06E-06,4.08E-07,1.40E-04,0.002918496
1954,Cetalox,3738-00-9,MCF7,20,96,1.55E-06,6.16E-07,1.37E-04,0.00450852
1955,Tonalide,21145-77-7,MCF7,20,96,2.06E-06,4.08E-07,1.40E-04,0.002918496
1956,Caffeine,58-08-2,MCF7,20,96,1.96E-07,1.48E-04,1.48E-04,1.003048724
1957,Lamotrigine,84057-84-1,MCF7,20,96,3.90E-07,7.99E-05,1.25E-04,0.643375935
1958,Diclofenac,15307-79-6,MCF7,20,96,1.97E-07,1.49E-04,1.50E-04,0.999693378
1959,"2,4-Dichlorophenoxyacetic",94-75-7,MCF7,20,96,1.41E-07,8.21E-05,1.50E-04,0.549870199
1960,(S)-Naproxen,22204-53-1,MCF7,20,96,1.10E-07,4.86E-05,1.50E-04,0.325620514
1961,Ibuprofen,15687-27-1,MCF7,20,96,7.79E-08,1.62E-05,1.50E-04,0.108622188
1962,Torasemide,56211-40-6,MCF7,20,96,1.97E-07,3.25E-05,1.45E-04,0.22490583
1963,Warfarin,81-81-2,MCF7,20,96,1.51E-07,9.20E-05,1.50E-04,0.616794456
1964,di-n-butylphthalate,84-74-2,MCF7,20,96,6.57E-07,1.65E-06,1.42E-04,0.01170014
1965,hexachlorophene,70-30-4,MCF7,20,96,4.08E-06,1.49E-07,1.46E-04,0.001025028
1966,hexamethylenetetramine,100-97-0,MCF7,20,96,1.84E-07,1.40E-04,1.40E-04,1.00386754
1967,Malathion,121-75-5,MCF7,20,96,3.22E-07,9.49E-05,1.27E-04,0.751029015
1968,pentachlorophenol,87-86-5,MCF7,20,96,1.22E-07,1.32E-06,1.50E-04,0.008855647
1969,"2,2,2-trichloroethanol",115-20-8,MCF7,20,96,1.95E-07,1.26E-04,1.30E-04,0.971529898
1970,diethylphthalate,84-66-2,MCF7,20,96,3.40E-07,8.92E-05,1.26E-04,0.71196546
1971,4-chlorophenol,106-48-9,MCF7,20,96,3.28E-07,9.27E-05,1.26E-04,0.736795306
1972,permethrin,52645-53-1,MCF7,20,96,3.36E-06,1.03E-07,1.41E-04,0.000729322
1973,Aniline,62-53-3,MCF7,20,96,1.97E-07,1.42E-04,1.43E-04,0.994668488
1974,4-fluoroaniline,371-40-4,MCF7,20,96,1.98E-07,1.38E-04,1.40E-04,0.986966426
1975,"2,4,6-trichlorophenol",88-06-2,MCF7,20,96,6.24E-07,1.31E-05,1.31E-04,0.100871226
1976,Allyl alcohol,107-18-6,MCF7,20,96,1.86E-07,1.40E-04,1.40E-04,1.002358012
1977,N-methylaniline,100-61-8,MCF7,20,96,2.09E-07,1.22E-04,1.29E-04,0.946971232
1978,"3,4-dichloroaniline",95-76-1,MCF7,20,96,4.06E-07,7.02E-05,1.23E-04,0.570648432
1979,4-decylaniline,37529-30-9,MCF7,20,96,3.09E-06,1.44E-07,1.41E-04,0.001023937
1980,naphthalene,91-20-3,MCF7,20,96,4.97E-07,2.49E-05,1.10E-04,0.227230992
1981,"1,2,4-trichlorobenzene",120-82-1,MCF7,20,96,2.78E-07,2.94E-06,5.82E-05,0.050740255
1982,"1,2-dichlorobenzene",95-50-1,MCF7,20,96,1.46E-07,5.52E-06,3.15E-05,0.175780755
1983,dichloromethane,75-09-2,MCF7,20,96,1.66E-08,1.13E-05,1.15E-05,0.982349427
1984,tetrachloroethylene,127-18-4,MCF7,20,96,5.69E-08,2.30E-06,1.23E-05,0.186778431
1985,"2,3-dimethyl-1,3-butadiene",513-81-5,MCF7,20,96,1.05E-09,8.63E-08,2.54E-07,0.341718023
1986,cyclosporine A,59865-13-3,MCF7,20,96,4.73E-07,5.27E-05,1.23E-04,0.429281369
1987,chlorpromazine,50-53-3,MCF7,20,96,1.60E-06,6.22E-07,1.40E-04,0.00444689
1988,PBDE 47,5436-43-1,MCF7,20,96,3.76E-06,5.57E-08,1.42E-04,0.000394295
1989,PBDE 99,60348-60-9,MCF7,20,96,4.24E-06,1.91E-08,1.43E-04,0.000134415
1990,PBDE 153,68631-49-2,MCF7,20,96,4.58E-06,5.33E-09,1.44E-04,3.72138E-05
1991,amiodarone,1951-25-3,MCF7,20,96,4.41E-06,1.11E-08,1.43E-04,7.77179E-05
1992,PFBS,375-73-5,MCF7,20,96,2.13E-07,1.33E-04,1.39E-04,0.964767737
1993,4:2 FTS,757124-72-4,MCF7,20,96,2.28E-07,1.25E-04,1.35E-04,0.932228803
1994,PFNA,375-95-1,MCF7,20,96,2.68E-06,2.24E-07,1.40E-04,1.60E-03
1995,PFHxA,307-24-4,MCF7,20,96,6.49E-07,4.23E-06,1.38E-04,0.030825612
1996,PFBA,375-22-4,MCF7,20,96,2.22E-07,1.25E-04,1.34E-04,0.938507691
1997,PFOA,335-67-1,MCF7,20,96,6.43E-07,4.93E-06,1.36E-04,0.036437597
1998,6:2 FTS,27619-97-2,MCF7,20,96,4.81E-07,4.85E-05,1.22E-04,0.399288606
1999,8:2 FTS,39108-34-4,MCF7,20,96,6.48E-07,4.42E-06,1.37E-04,0.03233767
2000,PFUnDA,2058-94-8,MCF7,20,96,4.01E-07,6.46E-07,1.50E-04,0.004338169
2001,PFOS,1763-23-1,MCF7,20,96,4.01E-07,6.46E-07,1.50E-04,0.004338169
2002,PFHpA,375-85-9,MCF7,20,96,5.95E-07,1.80E-05,1.26E-04,0.142795717
2003,PFPeA,2706-90-3,MCF7,20,96,3.03E-07,9.46E-05,1.23E-04,0.769207526
2004,PFHxS,355-46-4,MCF7,20,96,4.10E-07,6.82E-05,1.23E-04,0.558469072
2005,PFDA,335-76-2,MCF7,20,96,7.75E-07,4.37E-07,1.49E-04,0.002941431
2006,Azathioprine,446-86-6,MCF7,20,96,1.96E-07,1.48E-04,1.48E-04,1.002602793
2007,Benzocaine,94-09-7,MCF7,20,96,2.40E-07,1.22E-04,1.34E-04,0.914027016
2008,Butylated hydroxyanisole,25013-16-5,MCF7,20,96,5.91E-07,2.28E-05,1.28E-04,0.179388945
2009,Cetirizine dihydrochloride,83881-52-1,MCF7,20,96,1.97E-07,1.45E-04,1.46E-04,0.998022052
2010,Cyclamate,139-05-9,MCF7,20,96,1.96E-07,0.000148998,0.000149034,1.003668093
2011,Cyclophosphamide,6055-19-2,MCF7,20,96,1.97E-07,0.000145017,0.000145832,0.998302548
2012,Cypermethrin,67375-30-8,MCF7,20,96,3.52E-06,8.13E-08,0.000141451,0.000577277
2013,DEET,134-62-3,MCF7,20,96,2.85E-07,0.000106492,0.00012951,0.825481961
2014,Dexamethasone,50-02-2,MCF7,20,96,2.47E-07,1.20E-04,0.00013355,0.901191512
2015,Digoxin,20830-75-5,MCF7,20,96,2.05E-07,0.00013874,0.000141861,0.981824932
2016,Fenazaquin,120928-09-8,MCF7,20,96,1.75E-06,5.40412E-07,0.000140386,0.003864529
2017,Fenbuconazole,114369-43-6,MCF7,20,96,5.53E-07,3.23E-05,0.000125344,0.259022637
2018,Fluazinam,79622-59-6,MCF7,20,96,6.48E-07,6.55032E-06,0.000135835,0.048411384
2019,Furosemide,54-31-9,MCF7,20,96,1.85E-07,0.000134062,0.000149805,0.898413107
2020,Glybenclamide,10238-21-8,MCF7,20,96,8.79E-07,1.26366E-06,0.000141344,0.008975314
2021,HC Red 3,2871-01-4,MCF7,20,96,1.96E-07,1.48E-04,0.000147868,1.002502993
2022,Hydralazine hydrochloride,304-20-1,MCF7,20,96,1.97E-07,1.45E-04,0.000145679,0.997876614
2023,Ketoconazole,65277-42-1,MCF7,20,96,6.49E-07,2.99E-06,0.000139758,0.021478127
2024,Metformin,1115-70-4,MCF7,20,96,1.97E-07,0.000149254,0.000149272,1.003791247
2025,Metoclopramide,364-62-5,MCF7,20,96,3.88E-07,7.57E-05,0.000124124,0.61253856
2026,Nitrofurantoin,67-20-9,MCF7,20,96,1.96E-07,0.000148862,0.000148911,1.003588402
2027,Oxytetracycline hydrochloride,2058-46-0,MCF7,20,96,1.97E-07,0.000149574,0.000149578,1.003889191
2028,Panthenol,16485-10-2 ,MCF7,20,96,1.97E-07,1.49E-04,0.000149289,1.003798496
2029,Paracetamol,103-90-2,MCF7,20,96,1.96E-07,0.00014639,0.000146853,1.000752536
2030,Topiramate,97240-79-4,MCF7,20,96,1.97E-07,1.50E-04,0.000149533,1.00387924
2031,Trimellitic anhydride,552-30-7,MCF7,20,96,2.12E-07,0.000134824,0.000139782,0.968303269
2032,Verapamil hydrochloride,152-11-4,MCF7,20,96,6.46E-07,2.20005E-06,0.000140993,0.015665077
2033,Warfarin,129-06-6,MCF7,20,96,3.50E-07,8.63555E-05,0.000125434,0.69115041
2034,"2,4-Dinitrophenol",51-28-5,HCT116,20,96,1.12E-07,1.29E-04,1.37E-04,0.945635936
2035,Aldrin,309-00-2,HCT116,20,96,4.54E-06,1.01E-07,1.40E-04,0.000729322
2036,Azinphos-methyl,86-50-0,HCT116,20,96,4.84E-07,6.56E-05,1.23E-04,0.533919875
2037,Chlorpyrifos,2921-88-2,HCT116,20,96,1.36E-06,1.11E-06,1.41E-04,0.007897835
2038,"DDD-p,p'",50-29-3,HCT116,20,96,5.24E-06,4.50E-08,1.41E-04,0.000321051
2039,"DDT-o,p'",789-02-6,HCT116,20,96,4.67E-06,9.06E-08,1.40E-04,0.000649328
2040,"DDT-p,p'",72-54-8,HCT116,20,96,3.76E-06,2.04E-07,1.40E-04,0.001466675
2041,Diazinon,333-41-5,HCT116,20,96,8.60E-07,1.02E-05,1.33E-04,0.07698005
2042,Dicofol,115-32-2,HCT116,20,96,1.46E-06,1.03E-06,1.41E-04,0.007351781
2043,Dieldrin,60-57-1,HCT116,20,96,1.63E-06,9.10E-07,1.40E-04,0.006503656
2044,Disulfoton,298-04-4,HCT116,20,96,8.79E-07,6.39E-06,1.36E-04,0.04728531
2045,Endosulfan I,115-29-7,HCT116,20,96,8.62E-07,9.76E-06,1.33E-04,0.073540874
2046,Endrin,72-20-8,HCT116,20,96,2.22E-06,6.03E-07,1.40E-04,0.004325509
2047,Ethion,563-12-2,HCT116,20,96,1.54E-06,9.68E-07,1.41E-04,0.00691824
2048,Heptachlor,76-44-8,HCT116,20,96,3.72E-06,2.11E-07,1.40E-04,0.001518687
2049,Heptachlor epoxide B,1024-57-3,HCT116,20,96,1.39E-06,1.08E-06,1.41E-04,0.007712633
2050,Lindane,58-89-9,HCT116,20,96,8.44E-07,1.23E-05,1.31E-04,0.094344232
2051,"Methoxychlor-o,p'",72-43-5,HCT116,20,96,1.56E-06,9.56E-07,1.40E-04,0.006833824
2052,Parathion,56-38-2,HCT116,20,96,8.62E-07,9.76E-06,1.33E-04,0.073540874
2053,Trifluralin,1582-09-8,HCT116,20,96,2.04E-06,6.82E-07,1.40E-04,0.004891678
2054,Eugenol F,97-53-0,HCT116,20,96,2.63E-07,1.01E-04,1.28E-04,0.790621879
2055,Methyl-antranilate,134-20-3,HCT116,20,96,1.49E-07,1.22E-04,1.34E-04,0.909918026
2056,Lilyfore,285977-85-7,HCT116,20,96,7.15E-07,3.17E-05,1.25E-04,0.254308513
2057,Damascone beta,23726-91-2,HCT116,20,96,8.76E-07,3.40E-06,1.37E-04,0.024828186
2058,Veloutone,14595-54-1,HCT116,20,96,1.92E-06,7.39E-07,1.40E-04,0.005298327
2059,Verdox,82356-51-2,HCT116,20,96,4.45E-06,1.12E-07,1.40E-04,0.000802543
2060,Nirvanol,1506-02-1,HCT116,20,96,2.81E-06,4.06E-07,1.40E-04,0.002918496
2061,Cetalox,3738-00-9,HCT116,20,96,2.11E-06,6.14E-07,1.37E-04,0.00450852
2062,Tonalide,21145-77-7,HCT116,20,96,2.81E-06,4.06E-07,1.40E-04,0.002918496
2063,Caffeine,58-08-2,HCT116,20,96,4.55E-08,1.48E-04,1.48E-04,1.003048724
2064,Lamotrigine,84057-84-1,HCT116,20,96,3.98E-07,7.99E-05,1.25E-04,0.643375935
2065,Diclofenac,15307-79-6,HCT116,20,96,4.49E-08,1.49E-04,1.50E-04,0.999693378
2066,"2,4-Dichlorophenoxyacetic",94-75-7,HCT116,20,96,6.62E-08,8.21E-05,1.50E-04,0.549870199
2067,(S)-Naproxen,22204-53-1,HCT116,20,96,7.37E-08,4.86E-05,1.50E-04,0.325620514
2068,Ibuprofen,15687-27-1,HCT116,20,96,7.69E-08,1.62E-05,1.50E-04,0.108622188
2069,Torasemide,56211-40-6,HCT116,20,96,2.18E-07,3.25E-05,1.45E-04,0.22490583
2070,Warfarin,81-81-2,HCT116,20,96,6.52E-08,9.20E-05,1.50E-04,0.616794456
2071,di-n-butylphthalate,84-74-2,HCT116,20,96,8.98E-07,1.65E-06,1.42E-04,0.01170014
2072,hexachlorophene,70-30-4,HCT116,20,96,5.19E-06,1.48E-07,1.45E-04,0.001025028
2073,hexamethylenetetramine,100-97-0,HCT116,20,96,4.17E-08,1.40E-04,1.40E-04,1.00386754
2074,Malathion,121-75-5,HCT116,20,96,2.99E-07,9.50E-05,1.27E-04,0.751029015
2075,pentachlorophenol,87-86-5,HCT116,20,96,1.54E-07,1.32E-06,1.50E-04,0.008855647
2076,"2,2,2-trichloroethanol",115-20-8,HCT116,20,96,7.74E-08,1.26E-04,1.30E-04,0.971529898
2077,diethylphthalate,84-66-2,HCT116,20,96,3.33E-07,8.92E-05,1.26E-04,0.71196546
2078,4-chlorophenol,106-48-9,HCT116,20,96,3.11E-07,9.27E-05,1.26E-04,0.736795306
2079,permethrin,52645-53-1,HCT116,20,96,4.56E-06,1.02E-07,1.40E-04,0.000729322
2080,Aniline,62-53-3,HCT116,20,96,5.56E-08,1.42E-04,1.43E-04,0.994668488
2081,4-fluoroaniline,371-40-4,HCT116,20,96,6.44E-08,1.38E-04,1.40E-04,0.986966426
2082,"2,4,6-trichlorophenol",88-06-2,HCT116,20,96,8.37E-07,1.31E-05,1.30E-04,0.100871226
2083,Allyl alcohol,107-18-6,HCT116,20,96,4.40E-08,1.40E-04,1.40E-04,1.002358012
2084,N-methylaniline,100-61-8,HCT116,20,96,1.04E-07,1.22E-04,1.29E-04,0.946971232
2085,"3,4-dichloroaniline",95-76-1,HCT116,20,96,4.53E-07,7.01E-05,1.23E-04,0.570648432
2086,4-decylaniline,37529-30-9,HCT116,20,96,4.19E-06,1.43E-07,1.40E-04,0.001023937
2087,naphthalene,91-20-3,HCT116,20,96,6.44E-07,2.49E-05,1.10E-04,0.227230992
2088,"1,2,4-trichlorobenzene",120-82-1,HCT116,20,96,3.77E-07,2.94E-06,5.81E-05,0.050740255
2089,"1,2-dichlorobenzene",95-50-1,HCT116,20,96,1.93E-07,5.52E-06,3.15E-05,0.175780755
2090,dichloromethane,75-09-2,HCT116,20,96,5.75E-09,1.13E-05,1.15E-05,0.982349427
2091,tetrachloroethylene,127-18-4,HCT116,20,96,7.48E-08,2.30E-06,1.23E-05,0.186778431
2092,"2,3-dimethyl-1,3-butadiene",513-81-5,HCT116,20,96,1.32E-09,8.63E-08,2.54E-07,0.341718023
2093,cyclosporine A,59865-13-3,HCT116,20,96,5.70E-07,5.27E-05,1.23E-04,0.429281369
2094,chlorpromazine,50-53-3,HCT116,20,96,2.18E-06,6.20E-07,1.40E-04,0.00444689
2095,PBDE 47,5436-43-1,HCT116,20,96,5.09E-06,5.52E-08,1.41E-04,0.000394295
2096,PBDE 99,60348-60-9,HCT116,20,96,5.74E-06,1.89E-08,1.41E-04,0.000134415
2097,PBDE 153,68631-49-2,HCT116,20,96,6.19E-06,5.27E-09,1.42E-04,3.72138E-05
2098,amiodarone,1951-25-3,HCT116,20,96,5.97E-06,1.10E-08,1.42E-04,7.77179E-05
2099,PFBS,375-73-5,HCT116,20,96,9.08E-08,1.33E-04,1.39E-04,0.964767737
2100,4:2 FTS,757124-72-4,HCT116,20,96,1.25E-07,1.25E-04,1.35E-04,0.932228803
2101,PFNA,375-95-1,HCT116,20,96,3.65E-06,2.22E-07,1.39E-04,1.60E-03
2102,PFHxA,307-24-4,HCT116,20,96,8.83E-07,4.22E-06,1.38E-04,0.030825612
2103,PFBA,375-22-4,HCT116,20,96,1.17E-07,1.25E-04,1.34E-04,0.938507691
2104,PFOA,335-67-1,HCT116,20,96,8.74E-07,4.92E-06,1.36E-04,0.036437597
2105,6:2 FTS,27619-97-2,HCT116,20,96,5.88E-07,4.84E-05,1.22E-04,0.399288606
2106,8:2 FTS,39108-34-4,HCT116,20,96,8.82E-07,4.42E-06,1.37E-04,0.03233767
2107,PFUnDA,2058-94-8,HCT116,20,96,5.09E-07,6.46E-07,1.49E-04,0.004338169
2108,PFOS,1763-23-1,HCT116,20,96,5.09E-07,6.46E-07,1.49E-04,0.004338169
2109,PFHpA,375-85-9,HCT116,20,96,7.90E-07,1.79E-05,1.26E-04,0.142795717
2110,PFPeA,2706-90-3,HCT116,20,96,2.74E-07,9.46E-05,1.24E-04,0.769207526
2111,PFHxS,355-46-4,HCT116,20,96,4.60E-07,6.82E-05,1.23E-04,0.558469072
2112,PFDA,335-76-2,HCT116,20,96,9.86E-07,4.37E-07,1.49E-04,0.002941431
2113,Azathioprine,446-86-6,HCT116,20,96,4.61E-08,1.48E-04,1.48E-04,1.002602793
2114,Benzocaine,94-09-7,HCT116,20,96,1.45E-07,1.22E-04,1.35E-04,0.914027016
2115,Butylated hydroxyanisole,25013-16-5,HCT116,20,96,7.77E-07,2.28E-05,1.27E-04,0.179388945
2116,Cetirizine dihydrochloride,83881-52-1,HCT116,20,96,5.20E-08,1.45E-04,1.46E-04,0.998022052
2117,Cyclamate,139-05-9,HCT116,20,96,4.48E-08,0.000149148,0.000149185,1.003668093
2118,Cyclophosphamide,6055-19-2,HCT116,20,96,5.16E-08,0.000145157,0.000145973,0.998302548
2119,Cypermethrin,67375-30-8,HCT116,20,96,4.78E-06,8.06E-08,0.000140238,0.000577277
2120,DEET,134-62-3,HCT116,20,96,2.31E-07,0.00010653,0.000129557,0.825481961
2121,Dexamethasone,50-02-2,HCT116,20,96,1.58E-07,1.20E-04,0.000133629,0.901191512
2122,Digoxin,20830-75-5,HCT116,20,96,7.16E-08,0.000138863,0.000141987,0.981824932
2123,Fenazaquin,120928-09-8,HCT116,20,96,2.39E-06,5.38086E-07,0.000139782,0.003864529
2124,Fenbuconazole,114369-43-6,HCT116,20,96,7.11E-07,3.23E-05,0.000125212,0.259022637
2125,Fluazinam,79622-59-6,HCT116,20,96,8.78E-07,6.54021E-06,0.000135625,0.048411384
2126,Furosemide,54-31-9,HCT116,20,96,5.09E-08,0.000134182,0.000149939,0.898413107
2127,Glybenclamide,10238-21-8,HCT116,20,96,1.20E-06,1.26093E-06,0.000141038,0.008975314
2128,HC Red 3,2871-01-4,HCT116,20,96,4.62E-08,1.48E-04,0.000148016,1.002502993
2129,Hydralazine hydrochloride,304-20-1,HCT116,20,96,5.22E-08,1.45E-04,0.00014582,0.997876614
2130,Ketoconazole,65277-42-1,HCT116,20,96,8.86E-07,2.99E-06,0.000139538,0.021478127
2131,Metformin,1115-70-4,HCT116,20,96,4.46E-08,0.000149405,0.000149423,1.003791247
2132,Metoclopramide,364-62-5,HCT116,20,96,4.18E-07,7.57E-05,0.000124098,0.61253856
2133,Nitrofurantoin,67-20-9,HCT116,20,96,4.49E-08,0.000149013,0.000149061,1.003588402
2134,Oxytetracycline hydrochloride,2058-46-0,HCT116,20,96,4.45E-08,0.000149726,0.00014973,1.003889191
2135,Panthenol,16485-10-2 ,HCT116,20,96,4.46E-08,1.49E-04,0.00014944,1.003798496
2136,Paracetamol,103-90-2,HCT116,20,96,4.85E-08,0.000146534,0.000146997,1.000752536
2137,Topiramate,97240-79-4,HCT116,20,96,4.45E-08,1.50E-04,0.000149685,1.00387924
2138,Trimellitic anhydride,552-30-7,HCT116,20,96,8.72E-08,0.000134936,0.000139898,0.968303269
2139,Verapamil hydrochloride,152-11-4,HCT116,20,96,8.82E-07,2.19658E-06,0.00014077,0.015665077
2140,Warfarin,129-06-6,HCT116,20,96,3.51E-07,8.63549E-05,0.000125433,0.69115041
2141,"2,4-Dinitrophenol",51-28-5,HEK293T,20,96,2.02E-07,1.29E-04,1.37E-04,0.945635936
2142,Aldrin,309-00-2,HEK293T,20,96,5.40E-06,1.01E-07,1.39E-04,0.000729322
2143,Azinphos-methyl,86-50-0,HEK293T,20,96,6.15E-07,6.55E-05,1.23E-04,0.533919875
2144,Chlorpyrifos,2921-88-2,HEK293T,20,96,1.63E-06,1.11E-06,1.41E-04,0.007897835
2145,"DDD-p,p'",50-29-3,HEK293T,20,96,6.22E-06,4.47E-08,1.40E-04,0.000321051
2146,"DDT-o,p'",789-02-6,HEK293T,20,96,5.55E-06,9.01E-08,1.39E-04,0.000649328
2147,"DDT-p,p'",72-54-8,HEK293T,20,96,4.48E-06,2.03E-07,1.39E-04,0.001466675
2148,Diazinon,333-41-5,HEK293T,20,96,1.03E-06,1.02E-05,1.33E-04,0.07698005
2149,Dicofol,115-32-2,HEK293T,20,96,1.74E-06,1.03E-06,1.40E-04,0.007351781
2150,Dieldrin,60-57-1,HEK293T,20,96,1.94E-06,9.08E-07,1.40E-04,0.006503656
2151,Disulfoton,298-04-4,HEK293T,20,96,1.06E-06,6.39E-06,1.36E-04,0.04728531
2152,Endosulfan I,115-29-7,HEK293T,20,96,1.04E-06,9.75E-06,1.33E-04,0.073540874
2153,Endrin,72-20-8,HEK293T,20,96,2.65E-06,6.01E-07,1.39E-04,0.004325509
2154,Ethion,563-12-2,HEK293T,20,96,1.84E-06,9.66E-07,1.40E-04,0.00691824
2155,Heptachlor,76-44-8,HEK293T,20,96,4.42E-06,2.10E-07,1.39E-04,0.001518687
2156,Heptachlor epoxide B,1024-57-3,HEK293T,20,96,1.67E-06,1.08E-06,1.40E-04,0.007712633
2157,Lindane,58-89-9,HEK293T,20,96,1.02E-06,1.23E-05,1.31E-04,0.094344232
2158,"Methoxychlor-o,p'",72-43-5,HEK293T,20,96,1.86E-06,9.54E-07,1.40E-04,0.006833824
2159,Parathion,56-38-2,HEK293T,20,96,1.04E-06,9.75E-06,1.33E-04,0.073540874
2160,Trifluralin,1582-09-8,HEK293T,20,96,2.43E-06,6.80E-07,1.40E-04,0.004891678
2161,Eugenol F,97-53-0,HEK293T,20,96,3.68E-07,1.01E-04,1.28E-04,0.790621879
2162,Methyl-antranilate,134-20-3,HEK293T,20,96,2.43E-07,1.22E-04,1.34E-04,0.909918026
2163,Lilyfore,285977-85-7,HEK293T,20,96,8.73E-07,3.17E-05,1.25E-04,0.254308513
2164,Damascone beta,23726-91-2,HEK293T,20,96,1.05E-06,3.39E-06,1.37E-04,0.024828186
2165,Veloutone,14595-54-1,HEK293T,20,96,2.29E-06,7.37E-07,1.40E-04,0.005298327
2166,Verdox,82356-51-2,HEK293T,20,96,5.29E-06,1.11E-07,1.39E-04,0.000802543
2167,Nirvanol,1506-02-1,HEK293T,20,96,3.35E-06,4.04E-07,1.39E-04,0.002918496
2168,Cetalox,3738-00-9,HEK293T,20,96,2.52E-06,6.12E-07,1.36E-04,0.00450852
2169,Tonalide,21145-77-7,HEK293T,20,96,3.35E-06,4.04E-07,1.39E-04,0.002918496
2170,Caffeine,58-08-2,HEK293T,20,96,1.32E-07,1.48E-04,1.48E-04,1.003048724
2171,Lamotrigine,84057-84-1,HEK293T,20,96,5.25E-07,7.98E-05,1.25E-04,0.643375935
2172,Diclofenac,15307-79-6,HEK293T,20,96,1.32E-07,1.49E-04,1.50E-04,0.999693378
2173,"2,4-Dichlorophenoxyacetic",94-75-7,HEK293T,20,96,1.19E-07,8.21E-05,1.50E-04,0.549870199
2174,(S)-Naproxen,22204-53-1,HEK293T,20,96,1.09E-07,4.86E-05,1.50E-04,0.325620514
2175,Ibuprofen,15687-27-1,HEK293T,20,96,9.52E-08,1.62E-05,1.50E-04,0.108622188
2176,Torasemide,56211-40-6,HEK293T,20,96,2.74E-07,3.25E-05,1.45E-04,0.22490583
2177,Warfarin,81-81-2,HEK293T,20,96,1.23E-07,9.20E-05,1.50E-04,0.616794456
2178,di-n-butylphthalate,84-74-2,HEK293T,20,96,1.08E-06,1.65E-06,1.41E-04,0.01170014
2179,hexachlorophene,70-30-4,HEK293T,20,96,5.82E-06,1.47E-07,1.44E-04,0.001025028
2180,hexamethylenetetramine,100-97-0,HEK293T,20,96,1.23E-07,1.40E-04,1.40E-04,1.00386754
2181,Malathion,121-75-5,HEK293T,20,96,4.08E-07,9.49E-05,1.27E-04,0.751029015
2182,pentachlorophenol,87-86-5,HEK293T,20,96,1.74E-07,1.32E-06,1.50E-04,0.008855647
2183,"2,2,2-trichloroethanol",115-20-8,HEK293T,20,96,1.59E-07,1.26E-04,1.30E-04,0.971529898
2184,diethylphthalate,84-66-2,HEK293T,20,96,4.46E-07,8.92E-05,1.26E-04,0.71196546
2185,4-chlorophenol,106-48-9,HEK293T,20,96,4.21E-07,9.26E-05,1.26E-04,0.736795306
2186,permethrin,52645-53-1,HEK293T,20,96,5.41E-06,1.01E-07,1.39E-04,0.000729322
2187,Aniline,62-53-3,HEK293T,20,96,1.41E-07,1.42E-04,1.43E-04,0.994668488
2188,4-fluoroaniline,371-40-4,HEK293T,20,96,1.49E-07,1.38E-04,1.40E-04,0.986966426
2189,"2,4,6-trichlorophenol",88-06-2,HEK293T,20,96,1.01E-06,1.31E-05,1.30E-04,0.100871226
2190,Allyl alcohol,107-18-6,HEK293T,20,96,1.26E-07,1.40E-04,1.40E-04,1.002358012
2191,N-methylaniline,100-61-8,HEK293T,20,96,1.88E-07,1.22E-04,1.29E-04,0.946971232
2192,"3,4-dichloroaniline",95-76-1,HEK293T,20,96,5.80E-07,7.01E-05,1.23E-04,0.570648432
2193,4-decylaniline,37529-30-9,HEK293T,20,96,4.99E-06,1.42E-07,1.39E-04,0.001023937
2194,naphthalene,91-20-3,HEK293T,20,96,7.85E-07,2.49E-05,1.10E-04,0.227230992
2195,"1,2,4-trichlorobenzene",120-82-1,HEK293T,20,96,4.53E-07,2.94E-06,5.81E-05,0.050740255
2196,"1,2-dichlorobenzene",95-50-1,HEK293T,20,96,2.34E-07,5.52E-06,3.15E-05,0.175780755
2197,dichloromethane,75-09-2,HEK293T,20,96,1.28E-08,1.13E-05,1.15E-05,0.982349427
2198,tetrachloroethylene,127-18-4,HEK293T,20,96,9.09E-08,2.30E-06,1.23E-05,0.186778431
2199,"2,3-dimethyl-1,3-butadiene",513-81-5,HEK293T,20,96,1.62E-09,8.63E-08,2.54E-07,0.341718023
2200,cyclosporine A,59865-13-3,HEK293T,20,96,7.11E-07,5.26E-05,1.23E-04,0.429281369
2201,chlorpromazine,50-53-3,HEK293T,20,96,2.60E-06,6.18E-07,1.40E-04,0.00444689
2202,PBDE 47,5436-43-1,HEK293T,20,96,6.05E-06,5.48E-08,1.40E-04,0.000394295
2203,PBDE 99,60348-60-9,HEK293T,20,96,6.81E-06,1.88E-08,1.40E-04,0.000134415
2204,PBDE 153,68631-49-2,HEK293T,20,96,7.33E-06,5.23E-09,1.41E-04,3.72138E-05
2205,amiodarone,1951-25-3,HEK293T,20,96,7.07E-06,1.09E-08,1.41E-04,7.77179E-05
2206,PFBS,375-73-5,HEK293T,20,96,1.79E-07,1.33E-04,1.39E-04,0.964767737
2207,4:2 FTS,757124-72-4,HEK293T,20,96,2.16E-07,1.25E-04,1.35E-04,0.932228803
2208,PFNA,375-95-1,HEK293T,20,96,4.34E-06,2.21E-07,1.39E-04,1.60E-03
2209,PFHxA,307-24-4,HEK293T,20,96,1.06E-06,4.22E-06,1.37E-04,0.030825612
2210,PFBA,375-22-4,HEK293T,20,96,2.06E-07,1.25E-04,1.34E-04,0.938507691
2211,PFOA,335-67-1,HEK293T,20,96,1.05E-06,4.91E-06,1.35E-04,0.036437597
2212,6:2 FTS,27619-97-2,HEK293T,20,96,7.30E-07,4.84E-05,1.22E-04,0.399288606
2213,8:2 FTS,39108-34-4,HEK293T,20,96,1.06E-06,4.41E-06,1.37E-04,0.03233767
2214,PFUnDA,2058-94-8,HEK293T,20,96,5.71E-07,6.46E-07,1.49E-04,0.004338169
2215,PFOS,1763-23-1,HEK293T,20,96,5.71E-07,6.46E-07,1.49E-04,0.004338169
2216,PFHpA,375-85-9,HEK293T,20,96,9.55E-07,1.79E-05,1.26E-04,0.142795717
2217,PFPeA,2706-90-3,HEK293T,20,96,3.78E-07,9.46E-05,1.23E-04,0.769207526
2218,PFHxS,355-46-4,HEK293T,20,96,5.88E-07,6.81E-05,1.23E-04,0.558469072
2219,PFDA,335-76-2,HEK293T,20,96,1.10E-06,4.36E-07,1.49E-04,0.002941431
2220,Azathioprine,446-86-6,HEK293T,20,96,1.33E-07,1.48E-04,1.48E-04,1.002602793
2221,Benzocaine,94-09-7,HEK293T,20,96,2.38E-07,1.22E-04,1.34E-04,0.914027016
2222,Butylated hydroxyanisole,25013-16-5,HEK293T,20,96,9.42E-07,2.27E-05,1.27E-04,0.179388945
2223,Cetirizine dihydrochloride,83881-52-1,HEK293T,20,96,1.38E-07,1.45E-04,1.46E-04,0.998022052
2224,Cyclamate,139-05-9,HEK293T,20,96,1.32E-07,0.000149062,0.000149099,1.003668093
2225,Cyclophosphamide,6055-19-2,HEK293T,20,96,1.38E-07,0.000145074,0.000145889,0.998302548
2226,Cypermethrin,67375-30-8,HEK293T,20,96,5.67E-06,8.01E-08,0.000139373,0.000577277
2227,DEET,134-62-3,HEK293T,20,96,3.33E-07,0.000106458,0.000129469,0.825481961
2228,Dexamethasone,50-02-2,HEK293T,20,96,2.52E-07,1.20E-04,0.000133544,0.901191512
2229,Digoxin,20830-75-5,HEK293T,20,96,1.59E-07,0.000138783,0.000141905,0.981824932
2230,Fenazaquin,120928-09-8,HEK293T,20,96,2.85E-06,5.36406E-07,0.000139346,0.003864529
2231,Fenbuconazole,114369-43-6,HEK293T,20,96,8.69E-07,3.23E-05,0.00012508,0.259022637
2232,Fluazinam,79622-59-6,HEK293T,20,96,1.06E-06,6.53247E-06,0.000135465,0.048411384
2233,Furosemide,54-31-9,HEK293T,20,96,1.30E-07,0.000134111,0.00014986,0.898413107
2234,Glybenclamide,10238-21-8,HEK293T,20,96,1.44E-06,1.25893E-06,0.000140815,0.008975314
2235,HC Red 3,2871-01-4,HEK293T,20,96,1.33E-07,1.48E-04,0.00014793,1.002502993
2236,Hydralazine hydrochloride,304-20-1,HEK293T,20,96,1.38E-07,1.45E-04,0.000145737,0.997876614
2237,Ketoconazole,65277-42-1,HEK293T,20,96,1.06E-06,2.98E-06,0.000139373,0.021478127
2238,Metformin,1115-70-4,HEK293T,20,96,1.32E-07,0.000149318,0.000149337,1.003791247
2239,Metoclopramide,364-62-5,HEK293T,20,96,5.41E-07,7.57E-05,0.000123996,0.61253856
2240,Nitrofurantoin,67-20-9,HEK293T,20,96,1.32E-07,0.000148927,0.000148975,1.003588402
2241,Oxytetracycline hydrochloride,2058-46-0,HEK293T,20,96,1.32E-07,0.000149639,0.000149643,1.003889191
2242,Panthenol,16485-10-2 ,HEK293T,20,96,1.32E-07,1.49E-04,0.000149354,1.003798496
2243,Paracetamol,103-90-2,HEK293T,20,96,1.35E-07,0.00014645,0.000146913,1.000752536
2244,Topiramate,97240-79-4,HEK293T,20,96,1.32E-07,1.50E-04,0.000149598,1.00387924
2245,Trimellitic anhydride,552-30-7,HEK293T,20,96,1.75E-07,0.000134857,0.000139816,0.968303269
2246,Verapamil hydrochloride,152-11-4,HEK293T,20,96,1.06E-06,2.19401E-06,0.000140605,0.015665077
2247,Warfarin,129-06-6,HEK293T,20,96,4.67E-07,8.62884E-05,0.000125336,0.69115041
2248,"2,4-Dinitrophenol",51-28-5,HepG2,20,96,1.48E-07,1.29E-04,1.37E-04,0.945635936
2249,Aldrin,309-00-2,HepG2,20,96,6.31E-06,1.00E-07,1.38E-04,0.000729322
2250,Azinphos-methyl,86-50-0,HepG2,20,96,6.74E-07,6.55E-05,1.23E-04,0.533919875
2251,Chlorpyrifos,2921-88-2,HepG2,20,96,1.91E-06,1.10E-06,1.40E-04,0.007897835
2252,"DDD-p,p'",50-29-3,HepG2,20,96,7.27E-06,4.44E-08,1.39E-04,0.000321051
2253,"DDT-o,p'",789-02-6,HepG2,20,96,6.48E-06,8.95E-08,1.38E-04,0.000649328
2254,"DDT-p,p'",72-54-8,HepG2,20,96,5.24E-06,2.02E-07,1.38E-04,0.001466675
2255,Diazinon,333-41-5,HepG2,20,96,1.20E-06,1.02E-05,1.33E-04,0.07698005
2256,Dicofol,115-32-2,HepG2,20,96,2.04E-06,1.03E-06,1.40E-04,0.007351781
2257,Dieldrin,60-57-1,HepG2,20,96,2.27E-06,9.06E-07,1.40E-04,0.006503656
2258,Disulfoton,298-04-4,HepG2,20,96,1.23E-06,6.38E-06,1.35E-04,0.04728531
2259,Endosulfan I,115-29-7,HepG2,20,96,1.21E-06,9.74E-06,1.33E-04,0.073540874
2260,Endrin,72-20-8,HepG2,20,96,3.10E-06,5.99E-07,1.39E-04,0.004325509
2261,Ethion,563-12-2,HepG2,20,96,2.16E-06,9.64E-07,1.40E-04,0.00691824
2262,Heptachlor,76-44-8,HepG2,20,96,5.17E-06,2.09E-07,1.38E-04,0.001518687
2263,Heptachlor epoxide B,1024-57-3,HepG2,20,96,1.95E-06,1.08E-06,1.40E-04,0.007712633
2264,Lindane,58-89-9,HepG2,20,96,1.18E-06,1.23E-05,1.31E-04,0.094344232
2265,"Methoxychlor-o,p'",72-43-5,HepG2,20,96,2.18E-06,9.52E-07,1.40E-04,0.006833824
2266,Parathion,56-38-2,HepG2,20,96,1.21E-06,9.74E-06,1.33E-04,0.073540874
2267,Trifluralin,1582-09-8,HepG2,20,96,2.85E-06,6.78E-07,1.39E-04,0.004891678
2268,Eugenol F,97-53-0,HepG2,20,96,3.62E-07,1.01E-04,1.28E-04,0.790621879
2269,Methyl-antranilate,134-20-3,HepG2,20,96,2.01E-07,1.22E-04,1.34E-04,0.909918026
2270,Lilyfore,285977-85-7,HepG2,20,96,9.99E-07,3.17E-05,1.25E-04,0.254308513
2271,Damascone beta,23726-91-2,HepG2,20,96,1.23E-06,3.39E-06,1.37E-04,0.024828186
2272,Veloutone,14595-54-1,HepG2,20,96,2.68E-06,7.35E-07,1.39E-04,0.005298327
2273,Verdox,82356-51-2,HepG2,20,96,6.18E-06,1.10E-07,1.38E-04,0.000802543
2274,Nirvanol,1506-02-1,HepG2,20,96,3.92E-06,4.03E-07,1.39E-04,0.002918496
2275,Cetalox,3738-00-9,HepG2,20,96,2.95E-06,6.11E-07,1.36E-04,0.00450852
2276,Tonalide,21145-77-7,HepG2,20,96,3.92E-06,4.03E-07,1.39E-04,0.002918496
2277,Caffeine,58-08-2,HepG2,20,96,5.37E-08,1.48E-04,1.48E-04,1.003048724
2278,Lamotrigine,84057-84-1,HepG2,20,96,5.51E-07,7.98E-05,1.25E-04,0.643375935
2279,Diclofenac,15307-79-6,HepG2,20,96,5.28E-08,1.49E-04,1.50E-04,0.999693378
2280,"2,4-Dichlorophenoxyacetic",94-75-7,HepG2,20,96,8.90E-08,8.21E-05,1.50E-04,0.549870199
2281,(S)-Naproxen,22204-53-1,HepG2,20,96,1.03E-07,4.86E-05,1.50E-04,0.325620514
2282,Ibuprofen,15687-27-1,HepG2,20,96,1.10E-07,1.62E-05,1.50E-04,0.108622188
2283,Torasemide,56211-40-6,HepG2,20,96,3.05E-07,3.25E-05,1.45E-04,0.22490583
2284,Warfarin,81-81-2,HepG2,20,96,8.68E-08,9.20E-05,1.50E-04,0.616794456
2285,di-n-butylphthalate,84-74-2,HepG2,20,96,1.26E-06,1.65E-06,1.41E-04,0.01170014
2286,hexachlorophene,70-30-4,HepG2,20,96,7.38E-06,1.45E-07,1.42E-04,0.001025028
2287,hexamethylenetetramine,100-97-0,HepG2,20,96,4.89E-08,1.40E-04,1.40E-04,1.00386754
2288,Malathion,121-75-5,HepG2,20,96,4.13E-07,9.49E-05,1.27E-04,0.751029015
2289,pentachlorophenol,87-86-5,HepG2,20,96,2.23E-07,1.32E-06,1.50E-04,0.008855647
2290,"2,2,2-trichloroethanol",115-20-8,HepG2,20,96,1.00E-07,1.26E-04,1.30E-04,0.971529898
2291,diethylphthalate,84-66-2,HepG2,20,96,4.61E-07,8.92E-05,1.26E-04,0.71196546
2292,4-chlorophenol,106-48-9,HepG2,20,96,4.30E-07,9.26E-05,1.26E-04,0.736795306
2293,permethrin,52645-53-1,HepG2,20,96,6.33E-06,1.01E-07,1.38E-04,0.000729322
2294,Aniline,62-53-3,HepG2,20,96,6.83E-08,1.42E-04,1.43E-04,0.994668488
2295,4-fluoroaniline,371-40-4,HepG2,20,96,8.08E-08,1.38E-04,1.40E-04,0.986966426
2296,"2,4,6-trichlorophenol",88-06-2,HepG2,20,96,1.17E-06,1.31E-05,1.30E-04,0.100871226
2297,Allyl alcohol,107-18-6,HepG2,20,96,5.21E-08,1.40E-04,1.40E-04,1.002358012
2298,N-methylaniline,100-61-8,HepG2,20,96,1.37E-07,1.22E-04,1.29E-04,0.946971232
2299,"3,4-dichloroaniline",95-76-1,HepG2,20,96,6.30E-07,7.01E-05,1.23E-04,0.570648432
2300,4-decylaniline,37529-30-9,HepG2,20,96,5.83E-06,1.41E-07,1.38E-04,0.001023937
2301,naphthalene,91-20-3,HepG2,20,96,9.01E-07,2.49E-05,1.10E-04,0.227230992
2302,"1,2,4-trichlorobenzene",120-82-1,HepG2,20,96,5.28E-07,2.93E-06,5.81E-05,0.050740255
2303,"1,2-dichlorobenzene",95-50-1,HepG2,20,96,2.70E-07,5.52E-06,3.15E-05,0.175780755
2304,dichloromethane,75-09-2,HepG2,20,96,7.30E-09,1.13E-05,1.15E-05,0.982349427
2305,tetrachloroethylene,127-18-4,HepG2,20,96,1.05E-07,2.29E-06,1.23E-05,0.186778431
2306,"2,3-dimethyl-1,3-butadiene",513-81-5,HepG2,20,96,1.84E-09,8.63E-08,2.54E-07,0.341718023
2307,cyclosporine A,59865-13-3,HepG2,20,96,7.96E-07,5.26E-05,1.23E-04,0.429281369
2308,chlorpromazine,50-53-3,HepG2,20,96,3.05E-06,6.16E-07,1.39E-04,0.00444689
2309,PBDE 47,5436-43-1,HepG2,20,96,7.07E-06,5.44E-08,1.39E-04,0.000394295
2310,PBDE 99,60348-60-9,HepG2,20,96,7.96E-06,1.86E-08,1.39E-04,0.000134415
2311,PBDE 153,68631-49-2,HepG2,20,96,8.57E-06,5.18E-09,1.40E-04,3.72138E-05
2312,amiodarone,1951-25-3,HepG2,20,96,8.26E-06,1.08E-08,1.39E-04,7.77179E-05
2313,PFBS,375-73-5,HepG2,20,96,1.18E-07,1.33E-04,1.39E-04,0.964767737
2314,4:2 FTS,757124-72-4,HepG2,20,96,1.67E-07,1.25E-04,1.35E-04,0.932228803
2315,PFNA,375-95-1,HepG2,20,96,5.08E-06,2.20E-07,1.38E-04,1.60E-03
2316,PFHxA,307-24-4,HepG2,20,96,1.24E-06,4.21E-06,1.37E-04,0.030825612
2317,PFBA,375-22-4,HepG2,20,96,1.56E-07,1.25E-04,1.34E-04,0.938507691
2318,PFOA,335-67-1,HepG2,20,96,1.22E-06,4.91E-06,1.35E-04,0.036437597
2319,6:2 FTS,27619-97-2,HepG2,20,96,8.20E-07,4.84E-05,1.22E-04,0.399288606
2320,8:2 FTS,39108-34-4,HepG2,20,96,1.23E-06,4.41E-06,1.37E-04,0.03233767
2321,PFUnDA,2058-94-8,HepG2,20,96,7.35E-07,6.45E-07,1.49E-04,0.004338169
2322,PFOS,1763-23-1,HepG2,20,96,7.35E-07,6.45E-07,1.49E-04,0.004338169
2323,PFHpA,375-85-9,HepG2,20,96,1.11E-06,1.79E-05,1.26E-04,0.142795717
2324,PFPeA,2706-90-3,HepG2,20,96,3.77E-07,9.46E-05,1.23E-04,0.769207526
2325,PFHxS,355-46-4,HepG2,20,96,6.40E-07,6.81E-05,1.22E-04,0.558469072
2326,PFDA,335-76-2,HepG2,20,96,1.42E-06,4.35E-07,1.49E-04,0.002941431
2327,Azathioprine,446-86-6,HepG2,20,96,5.45E-08,1.48E-04,1.48E-04,1.002602793
2328,Benzocaine,94-09-7,HepG2,20,96,1.95E-07,1.22E-04,1.34E-04,0.914027016
2329,Butylated hydroxyanisole,25013-16-5,HepG2,20,96,1.09E-06,2.27E-05,1.27E-04,0.179388945
2330,Cetirizine dihydrochloride,83881-52-1,HepG2,20,96,6.30E-08,1.45E-04,1.46E-04,0.998022052
2331,Cyclamate,139-05-9,HepG2,20,96,5.26E-08,0.000149141,0.000149177,1.003668093
2332,Cyclophosphamide,6055-19-2,HepG2,20,96,6.25E-08,0.000145147,0.000145963,0.998302548
2333,Cypermethrin,67375-30-8,HepG2,20,96,6.63E-06,7.96E-08,0.000138447,0.000577277
2334,DEET,134-62-3,HepG2,20,96,3.17E-07,0.000106469,0.000129483,0.825481961
2335,Dexamethasone,50-02-2,HepG2,20,96,2.14E-07,1.20E-04,0.000133579,0.901191512
2336,Digoxin,20830-75-5,HepG2,20,96,9.10E-08,0.000138845,0.000141969,0.981824932
2337,Fenazaquin,120928-09-8,HepG2,20,96,3.34E-06,5.34632E-07,0.000138885,0.003864529
2338,Fenbuconazole,114369-43-6,HepG2,20,96,9.94E-07,3.22E-05,0.000124975,0.259022637
2339,Fluazinam,79622-59-6,HepG2,20,96,1.23E-06,6.52478E-06,0.000135305,0.048411384
2340,Furosemide,54-31-9,HepG2,20,96,6.27E-08,0.000134171,0.000149927,0.898413107
2341,Glybenclamide,10238-21-8,HepG2,20,96,1.68E-06,1.25686E-06,0.000140583,0.008975314
2342,HC Red 3,2871-01-4,HepG2,20,96,5.47E-08,1.48E-04,0.000148007,1.002502993
2343,Hydralazine hydrochloride,304-20-1,HepG2,20,96,6.33E-08,1.45E-04,0.00014581,0.997876614
2344,Ketoconazole,65277-42-1,HepG2,20,96,1.24E-06,2.98E-06,0.000139205,0.021478127
2345,Metformin,1115-70-4,HepG2,20,96,5.24E-08,0.000149397,0.000149415,1.003791247
2346,Metoclopramide,364-62-5,HepG2,20,96,5.81E-07,7.56E-05,0.000123963,0.61253856
2347,Nitrofurantoin,67-20-9,HepG2,20,96,5.27E-08,0.000149005,0.000149053,1.003588402
2348,Oxytetracycline hydrochloride,2058-46-0,HepG2,20,96,5.22E-08,0.000149718,0.000149722,1.003889191
2349,Panthenol,16485-10-2 ,HepG2,20,96,5.24E-08,1.49E-04,0.000149432,1.003798496
2350,Paracetamol,103-90-2,HepG2,20,96,5.80E-08,0.000146525,0.000146988,1.000752536
2351,Topiramate,97240-79-4,HepG2,20,96,5.22E-08,1.50E-04,0.000149677,1.00387924
2352,Trimellitic anhydride,552-30-7,HepG2,20,96,1.13E-07,0.000134913,0.000139874,0.968303269
2353,Verapamil hydrochloride,152-11-4,HepG2,20,96,1.24E-06,2.19136E-06,0.000140436,0.015665077
2354,Warfarin,129-06-6,HepG2,20,96,4.87E-07,8.62768E-05,0.000125319,0.69115041
2355,"2,4-Dinitrophenol",51-28-5,Me_180,20,96,1.75E-07,1.29E-04,1.37E-04,0.945635936
2356,Aldrin,309-00-2,Me_180,20,96,7.18E-06,9.96E-08,1.37E-04,0.000729322
2357,Azinphos-methyl,86-50-0,Me_180,20,96,7.74E-07,6.55E-05,1.23E-04,0.533919875
2358,Chlorpyrifos,2921-88-2,Me_180,20,96,2.18E-06,1.10E-06,1.40E-04,0.007897835
2359,"DDD-p,p'",50-29-3,Me_180,20,96,8.26E-06,4.41E-08,1.38E-04,0.000321051
2360,"DDT-o,p'",789-02-6,Me_180,20,96,7.37E-06,8.90E-08,1.38E-04,0.000649328
2361,"DDT-p,p'",72-54-8,Me_180,20,96,5.96E-06,2.01E-07,1.38E-04,0.001466675
2362,Diazinon,333-41-5,Me_180,20,96,1.38E-06,1.02E-05,1.32E-04,0.07698005
2363,Dicofol,115-32-2,Me_180,20,96,2.33E-06,1.02E-06,1.40E-04,0.007351781
2364,Dieldrin,60-57-1,Me_180,20,96,2.60E-06,9.04E-07,1.39E-04,0.006503656
2365,Disulfoton,298-04-4,Me_180,20,96,1.41E-06,6.37E-06,1.35E-04,0.04728531
2366,Endosulfan I,115-29-7,Me_180,20,96,1.38E-06,9.72E-06,1.33E-04,0.073540874
2367,Endrin,72-20-8,Me_180,20,96,3.54E-06,5.97E-07,1.39E-04,0.004325509
2368,Ethion,563-12-2,Me_180,20,96,2.46E-06,9.62E-07,1.40E-04,0.00691824
2369,Heptachlor,76-44-8,Me_180,20,96,5.89E-06,2.08E-07,1.38E-04,0.001518687
2370,Heptachlor epoxide B,1024-57-3,Me_180,20,96,2.23E-06,1.08E-06,1.40E-04,0.007712633
2371,Lindane,58-89-9,Me_180,20,96,1.35E-06,1.23E-05,1.31E-04,0.094344232
2372,"Methoxychlor-o,p'",72-43-5,Me_180,20,96,2.49E-06,9.50E-07,1.40E-04,0.006833824
2373,Parathion,56-38-2,Me_180,20,96,1.38E-06,9.73E-06,1.33E-04,0.073540874
2374,Trifluralin,1582-09-8,Me_180,20,96,3.25E-06,6.76E-07,1.39E-04,0.004891678
2375,Eugenol F,97-53-0,Me_180,20,96,4.18E-07,1.01E-04,1.28E-04,0.790621879
2376,Methyl-antranilate,134-20-3,Me_180,20,96,2.35E-07,1.22E-04,1.34E-04,0.909918026
2377,Lilyfore,285977-85-7,Me_180,20,96,1.14E-06,3.17E-05,1.25E-04,0.254308513
2378,Damascone beta,23726-91-2,Me_180,20,96,1.40E-06,3.39E-06,1.37E-04,0.024828186
2379,Veloutone,14595-54-1,Me_180,20,96,3.06E-06,7.34E-07,1.39E-04,0.005298327
2380,Verdox,82356-51-2,Me_180,20,96,7.03E-06,1.10E-07,1.37E-04,0.000802543
2381,Nirvanol,1506-02-1,Me_180,20,96,4.47E-06,4.01E-07,1.38E-04,0.002918496
2382,Cetalox,3738-00-9,Me_180,20,96,3.37E-06,6.09E-07,1.36E-04,0.00450852
2383,Tonalide,21145-77-7,Me_180,20,96,4.47E-06,4.01E-07,1.38E-04,0.002918496
2384,Caffeine,58-08-2,Me_180,20,96,6.72E-08,1.48E-04,1.48E-04,1.003048724
2385,Lamotrigine,84057-84-1,Me_180,20,96,6.34E-07,7.97E-05,1.24E-04,0.643375935
2386,Diclofenac,15307-79-6,Me_180,20,96,6.62E-08,1.49E-04,1.50E-04,0.999693378
2387,"2,4-Dichlorophenoxyacetic",94-75-7,Me_180,20,96,1.04E-07,8.21E-05,1.50E-04,0.549870199
2388,(S)-Naproxen,22204-53-1,Me_180,20,96,1.18E-07,4.86E-05,1.50E-04,0.325620514
2389,Ibuprofen,15687-27-1,Me_180,20,96,1.25E-07,1.62E-05,1.50E-04,0.108622188
2390,Torasemide,56211-40-6,Me_180,20,96,3.50E-07,3.25E-05,1.45E-04,0.22490583
2391,Warfarin,81-81-2,Me_180,20,96,1.02E-07,9.20E-05,1.50E-04,0.616794456
2392,di-n-butylphthalate,84-74-2,Me_180,20,96,1.44E-06,1.65E-06,1.41E-04,0.01170014
2393,hexachlorophene,70-30-4,Me_180,20,96,8.28E-06,1.45E-07,1.42E-04,0.001025028
2394,hexamethylenetetramine,100-97-0,Me_180,20,96,6.13E-08,1.40E-04,1.40E-04,1.00386754
2395,Malathion,121-75-5,Me_180,20,96,4.76E-07,9.48E-05,1.27E-04,0.751029015
2396,pentachlorophenol,87-86-5,Me_180,20,96,2.51E-07,1.32E-06,1.50E-04,0.008855647
2397,"2,2,2-trichloroethanol",115-20-8,Me_180,20,96,1.19E-07,1.26E-04,1.30E-04,0.971529898
2398,diethylphthalate,84-66-2,Me_180,20,96,5.31E-07,8.91E-05,1.26E-04,0.71196546
2399,4-chlorophenol,106-48-9,Me_180,20,96,4.95E-07,9.26E-05,1.26E-04,0.736795306
2400,permethrin,52645-53-1,Me_180,20,96,7.20E-06,9.99E-08,1.38E-04,0.000729322
2401,Aniline,62-53-3,Me_180,20,96,8.37E-08,1.42E-04,1.43E-04,0.994668488
2402,4-fluoroaniline,371-40-4,Me_180,20,96,9.79E-08,1.38E-04,1.40E-04,0.986966426
2403,"2,4,6-trichlorophenol",88-06-2,Me_180,20,96,1.34E-06,1.31E-05,1.30E-04,0.100871226
2404,Allyl alcohol,107-18-6,Me_180,20,96,6.51E-08,1.40E-04,1.40E-04,1.002358012
2405,N-methylaniline,100-61-8,Me_180,20,96,1.62E-07,1.22E-04,1.29E-04,0.946971232
2406,"3,4-dichloroaniline",95-76-1,Me_180,20,96,7.24E-07,7.00E-05,1.23E-04,0.570648432
2407,4-decylaniline,37529-30-9,Me_180,20,96,6.64E-06,1.40E-07,1.37E-04,0.001023937
2408,naphthalene,91-20-3,Me_180,20,96,1.03E-06,2.49E-05,1.10E-04,0.227230992
2409,"1,2,4-trichlorobenzene",120-82-1,Me_180,20,96,6.05E-07,2.93E-06,5.80E-05,0.050740255
2410,"1,2-dichlorobenzene",95-50-1,Me_180,20,96,3.09E-07,5.51E-06,3.15E-05,0.175780755
2411,dichloromethane,75-09-2,Me_180,20,96,8.79E-09,1.13E-05,1.15E-05,0.982349427
2412,tetrachloroethylene,127-18-4,Me_180,20,96,1.20E-07,2.29E-06,1.23E-05,0.186778431
2413,"2,3-dimethyl-1,3-butadiene",513-81-5,Me_180,20,96,2.11E-09,8.63E-08,2.54E-07,0.341718023
2414,cyclosporine A,59865-13-3,Me_180,20,96,9.13E-07,5.26E-05,1.23E-04,0.429281369
2415,chlorpromazine,50-53-3,Me_180,20,96,3.48E-06,6.14E-07,1.39E-04,0.00444689
2416,PBDE 47,5436-43-1,Me_180,20,96,8.03E-06,5.41E-08,1.38E-04,0.000394295
2417,PBDE 99,60348-60-9,Me_180,20,96,9.03E-06,1.85E-08,1.38E-04,0.000134415
2418,PBDE 153,68631-49-2,Me_180,20,96,9.72E-06,5.14E-09,1.39E-04,3.72138E-05
2419,amiodarone,1951-25-3,Me_180,20,96,9.38E-06,1.07E-08,1.38E-04,7.77179E-05
2420,PFBS,375-73-5,Me_180,20,96,1.41E-07,1.33E-04,1.39E-04,0.964767737
2421,4:2 FTS,757124-72-4,Me_180,20,96,1.96E-07,1.25E-04,1.35E-04,0.932228803
2422,PFNA,375-95-1,Me_180,20,96,5.78E-06,2.19E-07,1.37E-04,1.60E-03
2423,PFHxA,307-24-4,Me_180,20,96,1.42E-06,4.21E-06,1.37E-04,0.030825612
2424,PFBA,375-22-4,Me_180,20,96,1.83E-07,1.25E-04,1.34E-04,0.938507691
2425,PFOA,335-67-1,Me_180,20,96,1.40E-06,4.90E-06,1.35E-04,0.036437597
2426,6:2 FTS,27619-97-2,Me_180,20,96,9.41E-07,4.83E-05,1.22E-04,0.399288606
2427,8:2 FTS,39108-34-4,Me_180,20,96,1.41E-06,4.40E-06,1.37E-04,0.03233767
2428,PFUnDA,2058-94-8,Me_180,20,96,8.29E-07,6.45E-07,1.49E-04,0.004338169
2429,PFOS,1763-23-1,Me_180,20,96,8.29E-07,6.45E-07,1.49E-04,0.004338169
2430,PFHpA,375-85-9,Me_180,20,96,1.27E-06,1.79E-05,1.26E-04,0.142795717
2431,PFPeA,2706-90-3,Me_180,20,96,4.36E-07,9.45E-05,1.23E-04,0.769207526
2432,PFHxS,355-46-4,Me_180,20,96,7.36E-07,6.81E-05,1.22E-04,0.558469072
2433,PFDA,335-76-2,Me_180,20,96,1.60E-06,4.35E-07,1.48E-04,0.002941431
2434,Azathioprine,446-86-6,Me_180,20,96,6.82E-08,1.48E-04,1.48E-04,1.002602793
2435,Benzocaine,94-09-7,Me_180,20,96,2.28E-07,1.22E-04,1.34E-04,0.914027016
2436,Butylated hydroxyanisole,25013-16-5,Me_180,20,96,1.24E-06,2.27E-05,1.27E-04,0.179388945
2437,Cetirizine dihydrochloride,83881-52-1,Me_180,20,96,7.77E-08,1.45E-04,1.46E-04,0.998022052
2438,Cyclamate,139-05-9,Me_180,20,96,6.60E-08,0.000149127,0.000149164,1.003668093
2439,Cyclophosphamide,6055-19-2,Me_180,20,96,7.71E-08,0.000145133,0.000145948,0.998302548
2440,Cypermethrin,67375-30-8,Me_180,20,96,7.54E-06,7.91E-08,0.00013757,0.000577277
2441,DEET,134-62-3,Me_180,20,96,3.67E-07,0.000106434,0.00012944,0.825481961
2442,Dexamethasone,50-02-2,Me_180,20,96,2.49E-07,1.20E-04,0.000133547,0.901191512
2443,Digoxin,20830-75-5,Me_180,20,96,1.10E-07,0.000138828,0.000141951,0.981824932
2444,Fenazaquin,120928-09-8,Me_180,20,96,3.81E-06,5.32918E-07,0.00013844,0.003864529
2445,Fenbuconazole,114369-43-6,Me_180,20,96,1.14E-06,3.22E-05,0.000124854,0.259022637
2446,Fluazinam,79622-59-6,Me_180,20,96,1.41E-06,6.51702E-06,0.000135144,0.048411384
2447,Furosemide,54-31-9,Me_180,20,96,7.67E-08,0.000134159,0.000149913,0.898413107
2448,Glybenclamide,10238-21-8,Me_180,20,96,1.92E-06,1.25482E-06,0.000140355,0.008975314
2449,HC Red 3,2871-01-4,Me_180,20,96,6.84E-08,1.48E-04,0.000147994,1.002502993
2450,Hydralazine hydrochloride,304-20-1,Me_180,20,96,7.80E-08,1.45E-04,0.000145795,0.997876614
2451,Ketoconazole,65277-42-1,Me_180,20,96,1.42E-06,2.97E-06,0.000139038,0.021478127
2452,Metformin,1115-70-4,Me_180,20,96,6.57E-08,0.000149384,0.000149402,1.003791247
2453,Metoclopramide,364-62-5,Me_180,20,96,6.68E-07,7.56E-05,0.000123891,0.61253856
2454,Nitrofurantoin,67-20-9,Me_180,20,96,6.61E-08,0.000148992,0.00014904,1.003588402
2455,Oxytetracycline hydrochloride,2058-46-0,Me_180,20,96,6.56E-08,0.000149705,0.000149709,1.003889191
2456,Panthenol,16485-10-2 ,Me_180,20,96,6.57E-08,1.49E-04,0.000149419,1.003798496
2457,Paracetamol,103-90-2,Me_180,20,96,7.21E-08,0.000146511,0.000146974,1.000752536
2458,Topiramate,97240-79-4,Me_180,20,96,6.56E-08,1.50E-04,0.000149664,1.00387924
2459,Trimellitic anhydride,552-30-7,Me_180,20,96,1.35E-07,0.000134893,0.000139854,0.968303269
2460,Verapamil hydrochloride,152-11-4,Me_180,20,96,1.41E-06,2.18875E-06,0.000140268,0.015665077
2461,Warfarin,129-06-6,Me_180,20,96,5.61E-07,8.62342E-05,0.000125257,0.69115041
2462,"2,4-Dinitrophenol",51-28-5,H4lle,20,96,8.26E-08,1.29E-04,1.37E-04,0.945635936
2463,Aldrin,309-00-2,H4lle,20,96,1.63E-06,1.03E-07,1.42E-04,0.000729322
2464,Azinphos-methyl,86-50-0,H4lle,20,96,1.93E-07,6.57E-05,1.24E-04,0.533919875
2465,Chlorpyrifos,2921-88-2,H4lle,20,96,4.84E-07,1.11E-06,1.42E-04,0.007897835
2466,"DDD-p,p'",50-29-3,H4lle,20,96,1.89E-06,4.60E-08,1.44E-04,0.000321051
2467,"DDT-o,p'",789-02-6,H4lle,20,96,1.68E-06,9.25E-08,1.43E-04,0.000649328
2468,"DDT-p,p'",72-54-8,H4lle,20,96,1.35E-06,2.07E-07,1.42E-04,0.001466675
2469,Diazinon,333-41-5,H4lle,20,96,3.08E-07,1.02E-05,1.33E-04,0.07698005
2470,Dicofol,115-32-2,H4lle,20,96,5.17E-07,1.04E-06,1.42E-04,0.007351781
2471,Dieldrin,60-57-1,H4lle,20,96,5.77E-07,9.16E-07,1.41E-04,0.006503656
2472,Disulfoton,298-04-4,H4lle,20,96,3.14E-07,6.42E-06,1.36E-04,0.04728531
2473,Endosulfan I,115-29-7,H4lle,20,96,3.09E-07,9.80E-06,1.34E-04,0.073540874
2474,Endrin,72-20-8,H4lle,20,96,7.90E-07,6.08E-07,1.41E-04,0.004325509
2475,Ethion,563-12-2,H4lle,20,96,5.47E-07,9.75E-07,1.41E-04,0.00691824
2476,Heptachlor,76-44-8,H4lle,20,96,1.33E-06,2.15E-07,1.42E-04,0.001518687
2477,Heptachlor epoxide B,1024-57-3,H4lle,20,96,4.95E-07,1.09E-06,1.42E-04,0.007712633
2478,Lindane,58-89-9,H4lle,20,96,3.03E-07,1.24E-05,1.32E-04,0.094344232
2479,"Methoxychlor-o,p'",72-43-5,H4lle,20,96,5.53E-07,9.63E-07,1.41E-04,0.006833824
2480,Parathion,56-38-2,H4lle,20,96,3.09E-07,9.80E-06,1.34E-04,0.073540874
2481,Trifluralin,1582-09-8,H4lle,20,96,7.24E-07,6.88E-07,1.41E-04,0.004891678
2482,Eugenol F,97-53-0,H4lle,20,96,1.26E-07,1.01E-04,1.28E-04,0.790621879
2483,Methyl-antranilate,134-20-3,H4lle,20,96,9.32E-08,1.22E-04,1.34E-04,0.909918026
2484,Lilyfore,285977-85-7,H4lle,20,96,2.64E-07,3.18E-05,1.26E-04,0.254308513
2485,Damascone beta,23726-91-2,H4lle,20,96,3.11E-07,3.41E-06,1.38E-04,0.024828186
2486,Veloutone,14595-54-1,H4lle,20,96,6.82E-07,7.45E-07,1.41E-04,0.005298327
2487,Verdox,82356-51-2,H4lle,20,96,1.60E-06,1.14E-07,1.42E-04,0.000802543
2488,Nirvanol,1506-02-1,H4lle,20,96,1.00E-06,4.11E-07,1.41E-04,0.002918496
2489,Cetalox,3738-00-9,H4lle,20,96,7.50E-07,6.20E-07,1.38E-04,0.00450852
2490,Tonalide,21145-77-7,H4lle,20,96,1.00E-06,4.11E-07,1.41E-04,0.002918496
2491,Caffeine,58-08-2,H4lle,20,96,6.53E-08,1.48E-04,1.48E-04,1.003048724
2492,Lamotrigine,84057-84-1,H4lle,20,96,1.72E-07,8.00E-05,1.25E-04,0.643375935
2493,Diclofenac,15307-79-6,H4lle,20,96,6.54E-08,1.49E-04,1.50E-04,0.999693378
2494,"2,4-Dichlorophenoxyacetic",94-75-7,H4lle,20,96,4.96E-08,8.21E-05,1.50E-04,0.549870199
2495,(S)-Naproxen,22204-53-1,H4lle,20,96,4.07E-08,4.86E-05,1.50E-04,0.325620514
2496,Ibuprofen,15687-27-1,H4lle,20,96,3.07E-08,1.62E-05,1.50E-04,0.108622188
2497,Torasemide,56211-40-6,H4lle,20,96,8.64E-08,3.25E-05,1.45E-04,0.22490583
2498,Warfarin,81-81-2,H4lle,20,96,5.27E-08,9.21E-05,1.50E-04,0.616794456
2499,di-n-butylphthalate,84-74-2,H4lle,20,96,3.18E-07,1.66E-06,1.42E-04,0.01170014
2500,hexachlorophene,70-30-4,H4lle,20,96,1.75E-06,1.51E-07,1.48E-04,0.001025028
2501,hexamethylenetetramine,100-97-0,H4lle,20,96,6.12E-08,1.40E-04,1.40E-04,1.00386754
2502,Malathion,121-75-5,H4lle,20,96,1.37E-07,9.51E-05,1.27E-04,0.751029015
2503,pentachlorophenol,87-86-5,H4lle,20,96,5.11E-08,1.32E-06,1.50E-04,0.008855647
2504,"2,2,2-trichloroethanol",115-20-8,H4lle,20,96,6.92E-08,1.26E-04,1.30E-04,0.971529898
2505,diethylphthalate,84-66-2,H4lle,20,96,1.48E-07,8.93E-05,1.26E-04,0.71196546
2506,4-chlorophenol,106-48-9,H4lle,20,96,1.41E-07,9.28E-05,1.26E-04,0.736795306
2507,permethrin,52645-53-1,H4lle,20,96,1.63E-06,1.04E-07,1.43E-04,0.000729322
2508,Aniline,62-53-3,H4lle,20,96,6.68E-08,1.42E-04,1.43E-04,0.994668488
2509,4-fluoroaniline,371-40-4,H4lle,20,96,6.86E-08,1.38E-04,1.40E-04,0.986966426
2510,"2,4,6-trichlorophenol",88-06-2,H4lle,20,96,3.01E-07,1.32E-05,1.31E-04,0.100871226
2511,Allyl alcohol,107-18-6,H4lle,20,96,6.20E-08,1.40E-04,1.40E-04,1.002358012
2512,N-methylaniline,100-61-8,H4lle,20,96,7.72E-08,1.22E-04,1.29E-04,0.946971232
2513,"3,4-dichloroaniline",95-76-1,H4lle,20,96,1.84E-07,7.03E-05,1.24E-04,0.570648432
2514,4-decylaniline,37529-30-9,H4lle,20,96,1.50E-06,1.45E-07,1.42E-04,0.001023937
2515,naphthalene,91-20-3,H4lle,20,96,2.36E-07,2.50E-05,1.10E-04,0.227230992
2516,"1,2,4-trichlorobenzene",120-82-1,H4lle,20,96,1.34E-07,2.94E-06,5.82E-05,0.050740255
2517,"1,2-dichlorobenzene",95-50-1,H4lle,20,96,6.99E-08,5.52E-06,3.15E-05,0.175780755
2518,dichloromethane,75-09-2,H4lle,20,96,5.77E-09,1.13E-05,1.15E-05,0.982349427
2519,tetrachloroethylene,127-18-4,H4lle,20,96,2.72E-08,2.30E-06,1.23E-05,0.186778431
2520,"2,3-dimethyl-1,3-butadiene",513-81-5,H4lle,20,96,4.94E-10,8.63E-08,2.54E-07,0.341718023
2521,cyclosporine A,59865-13-3,H4lle,20,96,2.20E-07,5.28E-05,1.24E-04,0.429281369
2522,chlorpromazine,50-53-3,H4lle,20,96,7.75E-07,6.26E-07,1.41E-04,0.00444689
2523,PBDE 47,5436-43-1,H4lle,20,96,1.83E-06,5.64E-08,1.44E-04,0.000394295
2524,PBDE 99,60348-60-9,H4lle,20,96,2.07E-06,1.94E-08,1.45E-04,0.000134415
2525,PBDE 153,68631-49-2,H4lle,20,96,2.23E-06,5.41E-09,1.46E-04,3.72138E-05
2526,amiodarone,1951-25-3,H4lle,20,96,2.15E-06,1.13E-08,1.45E-04,7.77179E-05
2527,PFBS,375-73-5,H4lle,20,96,7.64E-08,1.33E-04,1.39E-04,0.964767737
2528,4:2 FTS,757124-72-4,H4lle,20,96,8.59E-08,1.25E-04,1.35E-04,0.932228803
2529,PFNA,375-95-1,H4lle,20,96,1.30E-06,2.26E-07,1.42E-04,1.60E-03
2530,PFHxA,307-24-4,H4lle,20,96,3.14E-07,4.24E-06,1.38E-04,0.030825612
2531,PFBA,375-22-4,H4lle,20,96,8.29E-08,1.25E-04,1.34E-04,0.938507691
2532,PFOA,335-67-1,H4lle,20,96,3.11E-07,4.94E-06,1.36E-04,0.036437597
2533,6:2 FTS,27619-97-2,H4lle,20,96,2.24E-07,4.86E-05,1.22E-04,0.399288606
2534,8:2 FTS,39108-34-4,H4lle,20,96,3.14E-07,4.43E-06,1.38E-04,0.03233767
2535,PFUnDA,2058-94-8,H4lle,20,96,1.67E-07,6.47E-07,1.50E-04,0.004338169
2536,PFOS,1763-23-1,H4lle,20,96,1.67E-07,6.47E-07,1.50E-04,0.004338169
2537,PFHpA,375-85-9,H4lle,20,96,2.86E-07,1.80E-05,1.27E-04,0.142795717
2538,PFPeA,2706-90-3,H4lle,20,96,1.28E-07,9.47E-05,1.24E-04,0.769207526
2539,PFHxS,355-46-4,H4lle,20,96,1.86E-07,6.83E-05,1.23E-04,0.558469072
2540,PFDA,335-76-2,H4lle,20,96,3.24E-07,4.39E-07,1.50E-04,0.002941431
2541,Azathioprine,446-86-6,H4lle,20,96,6.54E-08,1.48E-04,1.48E-04,1.002602793
2542,Benzocaine,94-09-7,H4lle,20,96,9.20E-08,1.23E-04,1.35E-04,0.914027016
2543,Butylated hydroxyanisole,25013-16-5,H4lle,20,96,2.83E-07,2.28E-05,1.28E-04,0.179388945
2544,Cetirizine dihydrochloride,83881-52-1,H4lle,20,96,6.65E-08,1.45E-04,1.46E-04,0.998022052
2545,Cyclamate,139-05-9,H4lle,20,96,6.53E-08,0.000149128,0.000149165,1.003668093
2546,Cyclophosphamide,6055-19-2,H4lle,20,96,6.64E-08,0.000145143,0.000145959,0.998302548
2547,Cypermethrin,67375-30-8,H4lle,20,96,1.72E-06,8.23E-08,0.000143195,0.000577277
2548,DEET,134-62-3,H4lle,20,96,1.17E-07,0.000106611,0.000129656,0.825481961
2549,Dexamethasone,50-02-2,H4lle,20,96,9.58E-08,1.20E-04,0.000133684,0.901191512
2550,Digoxin,20830-75-5,H4lle,20,96,7.14E-08,0.000138863,0.000141987,0.981824932
2551,Fenazaquin,120928-09-8,H4lle,20,96,8.51E-07,5.43697E-07,0.00014124,0.003864529
2552,Fenbuconazole,114369-43-6,H4lle,20,96,2.63E-07,3.24E-05,0.000125588,0.259022637
2553,Fluazinam,79622-59-6,H4lle,20,96,3.13E-07,6.565E-06,0.000136139,0.048411384
2554,Furosemide,54-31-9,H4lle,20,96,6.22E-08,0.000134172,0.000149928,0.898413107
2555,Glybenclamide,10238-21-8,H4lle,20,96,4.26E-07,1.26749E-06,0.000141773,0.008975314
2556,HC Red 3,2871-01-4,H4lle,20,96,6.54E-08,1.48E-04,0.000147997,1.002502993
2557,Hydralazine hydrochloride,304-20-1,H4lle,20,96,6.65E-08,1.45E-04,0.000145806,0.997876614
2558,Ketoconazole,65277-42-1,H4lle,20,96,3.15E-07,3.00E-06,0.000140072,0.021478127
2559,Metformin,1115-70-4,H4lle,20,96,6.54E-08,0.000149384,0.000149402,1.003791247
2560,Metoclopramide,364-62-5,H4lle,20,96,1.73E-07,7.58E-05,0.000124302,0.61253856
2561,Nitrofurantoin,67-20-9,H4lle,20,96,6.53E-08,0.000148993,0.000149041,1.003588402
2562,Oxytetracycline hydrochloride,2058-46-0,H4lle,20,96,6.54E-08,0.000149705,0.000149709,1.003889191
2563,Panthenol,16485-10-2 ,H4lle,20,96,6.54E-08,1.49E-04,0.00014942,1.003798496
2564,Paracetamol,103-90-2,H4lle,20,96,6.58E-08,0.000146518,0.00014698,1.000752536
2565,Topiramate,97240-79-4,H4lle,20,96,6.54E-08,1.50E-04,0.000149664,1.00387924
2566,Trimellitic anhydride,552-30-7,H4lle,20,96,7.56E-08,0.000134946,0.000139909,0.968303269
2567,Verapamil hydrochloride,152-11-4,H4lle,20,96,3.13E-07,2.20496E-06,0.000141307,0.015665077
2568,Warfarin,129-06-6,H4lle,20,96,1.53E-07,8.64693E-05,0.000125599,0.69115041
2569,"2,4-Dinitrophenol",51-28-5,SH-SY5Y,20,96,5.40E-08,1.29E-04,1.37E-04,0.945635936
2570,Aldrin,309-00-2,SH-SY5Y,20,96,1.40E-06,1.04E-07,1.43E-04,0.000729322
2571,Azinphos-methyl,86-50-0,SH-SY5Y,20,96,1.56E-07,6.58E-05,1.24E-04,0.533919875
2572,Chlorpyrifos,2921-88-2,SH-SY5Y,20,96,4.13E-07,1.11E-06,1.42E-04,0.007897835
2573,"DDD-p,p'",50-29-3,SH-SY5Y,20,96,1.62E-06,4.61E-08,1.44E-04,0.000321051
2574,"DDT-o,p'",789-02-6,SH-SY5Y,20,96,1.44E-06,9.27E-08,1.43E-04,0.000649328
2575,"DDT-p,p'",72-54-8,SH-SY5Y,20,96,1.15E-06,2.08E-07,1.42E-04,0.001466675
2576,Diazinon,333-41-5,SH-SY5Y,20,96,2.61E-07,1.02E-05,1.33E-04,0.07698005
2577,Dicofol,115-32-2,SH-SY5Y,20,96,4.42E-07,1.04E-06,1.42E-04,0.007351781
2578,Dieldrin,60-57-1,SH-SY5Y,20,96,4.93E-07,9.17E-07,1.41E-04,0.006503656
2579,Disulfoton,298-04-4,SH-SY5Y,20,96,2.67E-07,6.42E-06,1.36E-04,0.04728531
2580,Endosulfan I,115-29-7,SH-SY5Y,20,96,2.62E-07,9.80E-06,1.34E-04,0.073540874
2581,Endrin,72-20-8,SH-SY5Y,20,96,6.75E-07,6.09E-07,1.41E-04,0.004325509
2582,Ethion,563-12-2,SH-SY5Y,20,96,4.67E-07,9.75E-07,1.42E-04,0.00691824
2583,Heptachlor,76-44-8,SH-SY5Y,20,96,1.14E-06,2.15E-07,1.42E-04,0.001518687
2584,Heptachlor epoxide B,1024-57-3,SH-SY5Y,20,96,4.22E-07,1.09E-06,1.42E-04,0.007712633
2585,Lindane,58-89-9,SH-SY5Y,20,96,2.57E-07,1.24E-05,1.32E-04,0.094344232
2586,"Methoxychlor-o,p'",72-43-5,SH-SY5Y,20,96,4.72E-07,9.63E-07,1.42E-04,0.006833824
2587,Parathion,56-38-2,SH-SY5Y,20,96,2.62E-07,9.80E-06,1.34E-04,0.073540874
2588,Trifluralin,1582-09-8,SH-SY5Y,20,96,6.19E-07,6.88E-07,1.41E-04,0.004891678
2589,Eugenol F,97-53-0,SH-SY5Y,20,96,9.49E-08,1.01E-04,1.28E-04,0.790621879
2590,Methyl-antranilate,134-20-3,SH-SY5Y,20,96,6.40E-08,1.22E-04,1.34E-04,0.909918026
2591,Lilyfore,285977-85-7,SH-SY5Y,20,96,2.21E-07,3.18E-05,1.26E-04,0.254308513
2592,Damascone beta,23726-91-2,SH-SY5Y,20,96,2.65E-07,3.41E-06,1.38E-04,0.024828186
2593,Veloutone,14595-54-1,SH-SY5Y,20,96,5.83E-07,7.46E-07,1.41E-04,0.005298327
2594,Verdox,82356-51-2,SH-SY5Y,20,96,1.37E-06,1.14E-07,1.43E-04,0.000802543
2595,Nirvanol,1506-02-1,SH-SY5Y,20,96,8.56E-07,4.11E-07,1.41E-04,0.002918496
2596,Cetalox,3738-00-9,SH-SY5Y,20,96,6.41E-07,6.20E-07,1.38E-04,0.00450852
2597,Tonalide,21145-77-7,SH-SY5Y,20,96,8.56E-07,4.11E-07,1.41E-04,0.002918496
2598,Caffeine,58-08-2,SH-SY5Y,20,96,3.69E-08,1.48E-04,1.48E-04,1.003048724
2599,Lamotrigine,84057-84-1,SH-SY5Y,20,96,1.34E-07,8.00E-05,1.25E-04,0.643375935
2600,Diclofenac,15307-79-6,SH-SY5Y,20,96,3.69E-08,1.49E-04,1.50E-04,0.999693378
2601,"2,4-Dichlorophenoxyacetic",94-75-7,SH-SY5Y,20,96,3.28E-08,8.21E-05,1.50E-04,0.549870199
2602,(S)-Naproxen,22204-53-1,SH-SY5Y,20,96,2.98E-08,4.86E-05,1.50E-04,0.325620514
2603,Ibuprofen,15687-27-1,SH-SY5Y,20,96,2.57E-08,1.62E-05,1.50E-04,0.108622188
2604,Torasemide,56211-40-6,SH-SY5Y,20,96,7.07E-08,3.25E-05,1.45E-04,0.22490583
2605,Warfarin,81-81-2,SH-SY5Y,20,96,3.40E-08,9.21E-05,1.50E-04,0.616794456
2606,di-n-butylphthalate,84-74-2,SH-SY5Y,20,96,2.72E-07,1.66E-06,1.42E-04,0.01170014
2607,hexachlorophene,70-30-4,SH-SY5Y,20,96,1.60E-06,1.51E-07,1.48E-04,0.001025028
2608,hexamethylenetetramine,100-97-0,SH-SY5Y,20,96,3.44E-08,1.40E-04,1.40E-04,1.00386754
2609,Malathion,121-75-5,SH-SY5Y,20,96,1.05E-07,9.51E-05,1.27E-04,0.751029015
2610,pentachlorophenol,87-86-5,SH-SY5Y,20,96,4.66E-08,1.32E-06,1.50E-04,0.008855647
2611,"2,2,2-trichloroethanol",115-20-8,SH-SY5Y,20,96,4.30E-08,1.26E-04,1.30E-04,0.971529898
2612,diethylphthalate,84-66-2,SH-SY5Y,20,96,1.14E-07,8.94E-05,1.26E-04,0.71196546
2613,4-chlorophenol,106-48-9,SH-SY5Y,20,96,1.08E-07,9.28E-05,1.26E-04,0.736795306
2614,permethrin,52645-53-1,SH-SY5Y,20,96,1.40E-06,1.04E-07,1.43E-04,0.000729322
2615,Aniline,62-53-3,SH-SY5Y,20,96,3.90E-08,1.42E-04,1.43E-04,0.994668488
2616,4-fluoroaniline,371-40-4,SH-SY5Y,20,96,4.09E-08,1.38E-04,1.40E-04,0.986966426
2617,"2,4,6-trichlorophenol",88-06-2,SH-SY5Y,20,96,2.55E-07,1.32E-05,1.31E-04,0.100871226
2618,Allyl alcohol,107-18-6,SH-SY5Y,20,96,3.51E-08,1.40E-04,1.40E-04,1.002358012
2619,N-methylaniline,100-61-8,SH-SY5Y,20,96,5.03E-08,1.22E-04,1.29E-04,0.946971232
2620,"3,4-dichloroaniline",95-76-1,SH-SY5Y,20,96,1.47E-07,7.03E-05,1.24E-04,0.570648432
2621,4-decylaniline,37529-30-9,SH-SY5Y,20,96,1.29E-06,1.45E-07,1.43E-04,0.001023937
2622,naphthalene,91-20-3,SH-SY5Y,20,96,1.98E-07,2.50E-05,1.10E-04,0.227230992
2623,"1,2,4-trichlorobenzene",120-82-1,SH-SY5Y,20,96,1.14E-07,2.94E-06,5.82E-05,0.050740255
2624,"1,2-dichlorobenzene",95-50-1,SH-SY5Y,20,96,5.89E-08,5.52E-06,3.15E-05,0.175780755
2625,dichloromethane,75-09-2,SH-SY5Y,20,96,3.49E-09,1.13E-05,1.15E-05,0.982349427
2626,tetrachloroethylene,127-18-4,SH-SY5Y,20,96,2.29E-08,2.30E-06,1.23E-05,0.186778431
2627,"2,3-dimethyl-1,3-butadiene",513-81-5,SH-SY5Y,20,96,4.09E-10,8.63E-08,2.54E-07,0.341718023
2628,cyclosporine A,59865-13-3,SH-SY5Y,20,96,1.80E-07,5.28E-05,1.24E-04,0.429281369
2629,chlorpromazine,50-53-3,SH-SY5Y,20,96,6.63E-07,6.26E-07,1.41E-04,0.00444689
2630,PBDE 47,5436-43-1,SH-SY5Y,20,96,1.57E-06,5.65E-08,1.44E-04,0.000394295
2631,PBDE 99,60348-60-9,SH-SY5Y,20,96,1.78E-06,1.94E-08,1.45E-04,0.000134415
2632,PBDE 153,68631-49-2,SH-SY5Y,20,96,1.92E-06,5.42E-09,1.46E-04,3.72138E-05
2633,amiodarone,1951-25-3,SH-SY5Y,20,96,1.85E-06,1.13E-08,1.46E-04,7.77179E-05
2634,PFBS,375-73-5,SH-SY5Y,20,96,4.82E-08,1.34E-04,1.39E-04,0.964767737
2635,4:2 FTS,757124-72-4,SH-SY5Y,20,96,5.73E-08,1.25E-04,1.35E-04,0.932228803
2636,PFNA,375-95-1,SH-SY5Y,20,96,1.12E-06,2.26E-07,1.42E-04,1.60E-03
2637,PFHxA,307-24-4,SH-SY5Y,20,96,2.68E-07,4.24E-06,1.38E-04,0.030825612
2638,PFBA,375-22-4,SH-SY5Y,20,96,5.48E-08,1.25E-04,1.34E-04,0.938507691
2639,PFOA,335-67-1,SH-SY5Y,20,96,2.65E-07,4.94E-06,1.36E-04,0.036437597
2640,6:2 FTS,27619-97-2,SH-SY5Y,20,96,1.85E-07,4.86E-05,1.22E-04,0.399288606
2641,8:2 FTS,39108-34-4,SH-SY5Y,20,96,2.67E-07,4.44E-06,1.38E-04,0.03233767
2642,PFUnDA,2058-94-8,SH-SY5Y,20,96,1.54E-07,6.48E-07,1.50E-04,0.004338169
2643,PFOS,1763-23-1,SH-SY5Y,20,96,1.54E-07,6.48E-07,1.50E-04,0.004338169
2644,PFHpA,375-85-9,SH-SY5Y,20,96,2.41E-07,1.80E-05,1.27E-04,0.142795717
2645,PFPeA,2706-90-3,SH-SY5Y,20,96,9.73E-08,9.47E-05,1.24E-04,0.769207526
2646,PFHxS,355-46-4,SH-SY5Y,20,96,1.49E-07,6.83E-05,1.23E-04,0.558469072
2647,PFDA,335-76-2,SH-SY5Y,20,96,2.98E-07,4.39E-07,1.50E-04,0.002941431
2648,Azathioprine,446-86-6,SH-SY5Y,20,96,3.70E-08,1.48E-04,1.48E-04,1.002602793
2649,Benzocaine,94-09-7,SH-SY5Y,20,96,6.28E-08,1.23E-04,1.35E-04,0.914027016
2650,Butylated hydroxyanisole,25013-16-5,SH-SY5Y,20,96,2.38E-07,2.29E-05,1.28E-04,0.179388945
2651,Cetirizine dihydrochloride,83881-52-1,SH-SY5Y,20,96,3.83E-08,1.45E-04,1.46E-04,0.998022052
2652,Cyclamate,139-05-9,SH-SY5Y,20,96,3.68E-08,0.000149156,0.000149193,1.003668093
2653,Cyclophosphamide,6055-19-2,SH-SY5Y,20,96,3.82E-08,0.00014517,0.000145986,0.998302548
2654,Cypermethrin,67375-30-8,SH-SY5Y,20,96,1.47E-06,8.25E-08,0.000143432,0.000577277
2655,DEET,134-62-3,SH-SY5Y,20,96,8.63E-08,0.000106633,0.000129682,0.825481961
2656,Dexamethasone,50-02-2,SH-SY5Y,20,96,6.64E-08,1.20E-04,0.00013371,0.901191512
2657,Digoxin,20830-75-5,SH-SY5Y,20,96,4.33E-08,0.000138889,0.000142014,0.981824932
2658,Fenazaquin,120928-09-8,SH-SY5Y,20,96,7.27E-07,5.44147E-07,0.000141357,0.003864529
2659,Fenbuconazole,114369-43-6,SH-SY5Y,20,96,2.20E-07,3.24E-05,0.000125624,0.259022637
2660,Fluazinam,79622-59-6,SH-SY5Y,20,96,2.66E-07,6.56705E-06,0.000136182,0.048411384
2661,Furosemide,54-31-9,SH-SY5Y,20,96,3.63E-08,0.000134195,0.000149954,0.898413107
2662,Glybenclamide,10238-21-8,SH-SY5Y,20,96,3.63E-07,1.26802E-06,0.000141832,0.008975314
2663,HC Red 3,2871-01-4,SH-SY5Y,20,96,3.70E-08,1.48E-04,0.000148025,1.002502993
2664,Hydralazine hydrochloride,304-20-1,SH-SY5Y,20,96,3.84E-08,1.45E-04,0.000145834,0.997876614
2665,Ketoconazole,65277-42-1,SH-SY5Y,20,96,2.68E-07,3.00E-06,0.000140115,0.021478127
2666,Metformin,1115-70-4,SH-SY5Y,20,96,3.68E-08,0.000149413,0.000149431,1.003791247
2667,Metoclopramide,364-62-5,SH-SY5Y,20,96,1.38E-07,7.59E-05,0.000124331,0.61253856
2668,Nitrofurantoin,67-20-9,SH-SY5Y,20,96,3.68E-08,0.000149021,0.000149069,1.003588402
2669,Oxytetracycline hydrochloride,2058-46-0,SH-SY5Y,20,96,3.68E-08,0.000149734,0.000149738,1.003889191
2670,Panthenol,16485-10-2 ,SH-SY5Y,20,96,3.68E-08,1.49E-04,0.000149448,1.003798496
2671,Paracetamol,103-90-2,SH-SY5Y,20,96,3.75E-08,0.000146545,0.000147008,1.000752536
2672,Topiramate,97240-79-4,SH-SY5Y,20,96,3.68E-08,1.50E-04,0.000149692,1.00387924
2673,Trimellitic anhydride,552-30-7,SH-SY5Y,20,96,4.73E-08,0.000134972,0.000139936,0.968303269
2674,Verapamil hydrochloride,152-11-4,SH-SY5Y,20,96,2.67E-07,2.20564E-06,0.000141351,0.015665077
2675,Warfarin,129-06-6,SH-SY5Y,20,96,1.19E-07,8.64888E-05,0.000125627,0.69115041
2676,"2,4-Dinitrophenol",51-28-5,HEK293H,20,96,1.49E-07,1.29E-04,1.37E-04,0.945635936
2677,Aldrin,309-00-2,HEK293H,20,96,6.42E-06,1.00E-07,1.38E-04,0.000729322
2678,Azinphos-methyl,86-50-0,HEK293H,20,96,6.85E-07,6.55E-05,1.23E-04,0.533919875
2679,Chlorpyrifos,2921-88-2,HEK293H,20,96,1.94E-06,1.10E-06,1.40E-04,0.007897835
2680,"DDD-p,p'",50-29-3,HEK293H,20,96,7.40E-06,4.43E-08,1.39E-04,0.000321051
2681,"DDT-o,p'",789-02-6,HEK293H,20,96,6.60E-06,8.94E-08,1.38E-04,0.000649328
2682,"DDT-p,p'",72-54-8,HEK293H,20,96,5.33E-06,2.02E-07,1.38E-04,0.001466675
2683,Diazinon,333-41-5,HEK293H,20,96,1.22E-06,1.02E-05,1.33E-04,0.07698005
2684,Dicofol,115-32-2,HEK293H,20,96,2.08E-06,1.03E-06,1.40E-04,0.007351781
2685,Dieldrin,60-57-1,HEK293H,20,96,2.31E-06,9.05E-07,1.40E-04,0.006503656
2686,Disulfoton,298-04-4,HEK293H,20,96,1.25E-06,6.38E-06,1.35E-04,0.04728531
2687,Endosulfan I,115-29-7,HEK293H,20,96,1.23E-06,9.73E-06,1.33E-04,0.073540874
2688,Endrin,72-20-8,HEK293H,20,96,3.16E-06,5.99E-07,1.39E-04,0.004325509
2689,Ethion,563-12-2,HEK293H,20,96,2.19E-06,9.64E-07,1.40E-04,0.00691824
2690,Heptachlor,76-44-8,HEK293H,20,96,5.26E-06,2.09E-07,1.38E-04,0.001518687
2691,Heptachlor epoxide B,1024-57-3,HEK293H,20,96,1.99E-06,1.08E-06,1.40E-04,0.007712633
2692,Lindane,58-89-9,HEK293H,20,96,1.20E-06,1.23E-05,1.31E-04,0.094344232
2693,"Methoxychlor-o,p'",72-43-5,HEK293H,20,96,2.22E-06,9.52E-07,1.40E-04,0.006833824
2694,Parathion,56-38-2,HEK293H,20,96,1.23E-06,9.74E-06,1.33E-04,0.073540874
2695,Trifluralin,1582-09-8,HEK293H,20,96,2.90E-06,6.78E-07,1.39E-04,0.004891678
2696,Eugenol F,97-53-0,HEK293H,20,96,3.67E-07,1.01E-04,1.28E-04,0.790621879
2697,Methyl-antranilate,134-20-3,HEK293H,20,96,2.03E-07,1.22E-04,1.34E-04,0.909918026
2698,Lilyfore,285977-85-7,HEK293H,20,96,1.02E-06,3.17E-05,1.25E-04,0.254308513
2699,Damascone beta,23726-91-2,HEK293H,20,96,1.25E-06,3.39E-06,1.37E-04,0.024828186
2700,Veloutone,14595-54-1,HEK293H,20,96,2.73E-06,7.35E-07,1.39E-04,0.005298327
2701,Verdox,82356-51-2,HEK293H,20,96,6.29E-06,1.10E-07,1.38E-04,0.000802543
2702,Nirvanol,1506-02-1,HEK293H,20,96,3.99E-06,4.03E-07,1.38E-04,0.002918496
2703,Cetalox,3738-00-9,HEK293H,20,96,3.00E-06,6.10E-07,1.36E-04,0.00450852
2704,Tonalide,21145-77-7,HEK293H,20,96,3.99E-06,4.03E-07,1.38E-04,0.002918496
2705,Caffeine,58-08-2,HEK293H,20,96,5.27E-08,1.48E-04,1.48E-04,1.003048724
2706,Lamotrigine,84057-84-1,HEK293H,20,96,5.59E-07,7.98E-05,1.24E-04,0.643375935
2707,Diclofenac,15307-79-6,HEK293H,20,96,5.18E-08,1.49E-04,1.50E-04,0.999693378
2708,"2,4-Dichlorophenoxyacetic",94-75-7,HEK293H,20,96,9.02E-08,8.21E-05,1.50E-04,0.549870199
2709,(S)-Naproxen,22204-53-1,HEK293H,20,96,1.05E-07,4.86E-05,1.50E-04,0.325620514
2710,Ibuprofen,15687-27-1,HEK293H,20,96,1.13E-07,1.62E-05,1.50E-04,0.108622188
2711,Torasemide,56211-40-6,HEK293H,20,96,3.11E-07,3.25E-05,1.45E-04,0.22490583
2712,Warfarin,81-81-2,HEK293H,20,96,8.77E-08,9.20E-05,1.50E-04,0.616794456
2713,di-n-butylphthalate,84-74-2,HEK293H,20,96,1.28E-06,1.65E-06,1.41E-04,0.01170014
2714,hexachlorophene,70-30-4,HEK293H,20,96,7.58E-06,1.45E-07,1.42E-04,0.001025028
2715,hexamethylenetetramine,100-97-0,HEK293H,20,96,4.79E-08,1.40E-04,1.40E-04,1.00386754
2716,Malathion,121-75-5,HEK293H,20,96,4.18E-07,9.49E-05,1.27E-04,0.751029015
2717,pentachlorophenol,87-86-5,HEK293H,20,96,2.29E-07,1.32E-06,1.50E-04,0.008855647
2718,"2,2,2-trichloroethanol",115-20-8,HEK293H,20,96,1.00E-07,1.26E-04,1.30E-04,0.971529898
2719,diethylphthalate,84-66-2,HEK293H,20,96,4.68E-07,8.92E-05,1.26E-04,0.71196546
2720,4-chlorophenol,106-48-9,HEK293H,20,96,4.36E-07,9.26E-05,1.26E-04,0.736795306
2721,permethrin,52645-53-1,HEK293H,20,96,6.44E-06,1.00E-07,1.38E-04,0.000729322
2722,Aniline,62-53-3,HEK293H,20,96,6.77E-08,1.42E-04,1.43E-04,0.994668488
2723,4-fluoroaniline,371-40-4,HEK293H,20,96,8.04E-08,1.38E-04,1.40E-04,0.986966426
2724,"2,4,6-trichlorophenol",88-06-2,HEK293H,20,96,1.19E-06,1.31E-05,1.30E-04,0.100871226
2725,Allyl alcohol,107-18-6,HEK293H,20,96,5.12E-08,1.40E-04,1.40E-04,1.002358012
2726,N-methylaniline,100-61-8,HEK293H,20,96,1.38E-07,1.22E-04,1.29E-04,0.946971232
2727,"3,4-dichloroaniline",95-76-1,HEK293H,20,96,6.40E-07,7.01E-05,1.23E-04,0.570648432
2728,4-decylaniline,37529-30-9,HEK293H,20,96,5.93E-06,1.41E-07,1.38E-04,0.001023937
2729,naphthalene,91-20-3,HEK293H,20,96,9.17E-07,2.49E-05,1.10E-04,0.227230992
2730,"1,2,4-trichlorobenzene",120-82-1,HEK293H,20,96,5.37E-07,2.93E-06,5.81E-05,0.050740255
2731,"1,2-dichlorobenzene",95-50-1,HEK293H,20,96,2.75E-07,5.52E-06,3.15E-05,0.175780755
2732,dichloromethane,75-09-2,HEK293H,20,96,7.28E-09,1.13E-05,1.15E-05,0.982349427
2733,tetrachloroethylene,127-18-4,HEK293H,20,96,1.07E-07,2.29E-06,1.23E-05,0.186778431
2734,"2,3-dimethyl-1,3-butadiene",513-81-5,HEK293H,20,96,1.87E-09,8.63E-08,2.54E-07,0.341718023
2735,cyclosporine A,59865-13-3,HEK293H,20,96,8.09E-07,5.26E-05,1.23E-04,0.429281369
2736,chlorpromazine,50-53-3,HEK293H,20,96,3.10E-06,6.16E-07,1.39E-04,0.00444689
2737,PBDE 47,5436-43-1,HEK293H,20,96,7.19E-06,5.44E-08,1.38E-04,0.000394295
2738,PBDE 99,60348-60-9,HEK293H,20,96,8.09E-06,1.86E-08,1.39E-04,0.000134415
2739,PBDE 153,68631-49-2,HEK293H,20,96,8.71E-06,5.17E-09,1.40E-04,3.72138E-05
2740,amiodarone,1951-25-3,HEK293H,20,96,8.41E-06,1.08E-08,1.39E-04,7.77179E-05
2741,PFBS,375-73-5,HEK293H,20,96,1.19E-07,1.33E-04,1.39E-04,0.964767737
2742,4:2 FTS,757124-72-4,HEK293H,20,96,1.68E-07,1.25E-04,1.35E-04,0.932228803
2743,PFNA,375-95-1,HEK293H,20,96,5.17E-06,2.20E-07,1.38E-04,1.60E-03
2744,PFHxA,307-24-4,HEK293H,20,96,1.26E-06,4.21E-06,1.37E-04,0.030825612
2745,PFBA,375-22-4,HEK293H,20,96,1.57E-07,1.25E-04,1.34E-04,0.938507691
2746,PFOA,335-67-1,HEK293H,20,96,1.25E-06,4.91E-06,1.35E-04,0.036437597
2747,6:2 FTS,27619-97-2,HEK293H,20,96,8.34E-07,4.84E-05,1.22E-04,0.399288606
2748,8:2 FTS,39108-34-4,HEK293H,20,96,1.26E-06,4.41E-06,1.37E-04,0.03233767
2749,PFUnDA,2058-94-8,HEK293H,20,96,7.57E-07,6.45E-07,1.49E-04,0.004338169
2750,PFOS,1763-23-1,HEK293H,20,96,7.57E-07,6.45E-07,1.49E-04,0.004338169
2751,PFHpA,375-85-9,HEK293H,20,96,1.12E-06,1.79E-05,1.26E-04,0.142795717
2752,PFPeA,2706-90-3,HEK293H,20,96,3.83E-07,9.46E-05,1.23E-04,0.769207526
2753,PFHxS,355-46-4,HEK293H,20,96,6.51E-07,6.81E-05,1.22E-04,0.558469072
2754,PFDA,335-76-2,HEK293H,20,96,1.46E-06,4.35E-07,1.49E-04,0.002941431
2755,Azathioprine,446-86-6,HEK293H,20,96,5.36E-08,1.48E-04,1.48E-04,1.002602793
2756,Benzocaine,94-09-7,HEK293H,20,96,1.97E-07,1.22E-04,1.34E-04,0.914027016
2757,Butylated hydroxyanisole,25013-16-5,HEK293H,20,96,1.11E-06,2.27E-05,1.27E-04,0.179388945
2758,Cetirizine dihydrochloride,83881-52-1,HEK293H,20,96,6.22E-08,1.45E-04,1.46E-04,0.998022052
2759,Cyclamate,139-05-9,HEK293H,20,96,5.16E-08,0.000149142,0.000149178,1.003668093
2760,Cyclophosphamide,6055-19-2,HEK293H,20,96,6.17E-08,0.000145148,0.000145964,0.998302548
2761,Cypermethrin,67375-30-8,HEK293H,20,96,6.75E-06,7.95E-08,0.000138336,0.000577277
2762,DEET,134-62-3,HEK293H,20,96,3.21E-07,0.000106466,0.000129479,0.825481961
2763,Dexamethasone,50-02-2,HEK293H,20,96,2.16E-07,1.20E-04,0.000133577,0.901191512
2764,Digoxin,20830-75-5,HEK293H,20,96,9.08E-08,0.000138845,0.000141969,0.981824932
2765,Fenazaquin,120928-09-8,HEK293H,20,96,3.40E-06,5.34419E-07,0.000138829,0.003864529
2766,Fenbuconazole,114369-43-6,HEK293H,20,96,1.01E-06,3.22E-05,0.000124961,0.259022637
2767,Fluazinam,79622-59-6,HEK293H,20,96,1.25E-06,6.52384E-06,0.000135286,0.048411384
2768,Furosemide,54-31-9,HEK293H,20,96,6.23E-08,0.000134172,0.000149928,0.898413107
2769,Glybenclamide,10238-21-8,HEK293H,20,96,1.71E-06,1.2566E-06,0.000140555,0.008975314
2770,HC Red 3,2871-01-4,HEK293H,20,96,5.38E-08,1.48E-04,0.000148008,1.002502993
2771,Hydralazine hydrochloride,304-20-1,HEK293H,20,96,6.25E-08,1.45E-04,0.00014581,0.997876614
2772,Ketoconazole,65277-42-1,HEK293H,20,96,1.26E-06,2.98E-06,0.000139185,0.021478127
2773,Metformin,1115-70-4,HEK293H,20,96,5.14E-08,0.000149398,0.000149416,1.003791247
2774,Metoclopramide,364-62-5,HEK293H,20,96,5.90E-07,7.56E-05,0.000123956,0.61253856
2775,Nitrofurantoin,67-20-9,HEK293H,20,96,5.17E-08,0.000149006,0.000149054,1.003588402
2776,Oxytetracycline hydrochloride,2058-46-0,HEK293H,20,96,5.12E-08,0.000149719,0.000149723,1.003889191
2777,Panthenol,16485-10-2 ,HEK293H,20,96,5.13E-08,1.49E-04,0.000149433,1.003798496
2778,Paracetamol,103-90-2,HEK293H,20,96,5.71E-08,0.000146526,0.000146989,1.000752536
2779,Topiramate,97240-79-4,HEK293H,20,96,5.12E-08,1.50E-04,0.000149678,1.00387924
2780,Trimellitic anhydride,552-30-7,HEK293H,20,96,1.13E-07,0.000134913,0.000139874,0.968303269
2781,Verapamil hydrochloride,152-11-4,HEK293H,20,96,1.26E-06,2.19104E-06,0.000140415,0.015665077
2782,Warfarin,129-06-6,HEK293H,20,96,4.94E-07,8.62726E-05,0.000125313,0.69115041
2783,"2,4-Dinitrophenol",51-28-5,Rat cerebellar granule cell,2,384,7.38E-07,3.17E-05,3.19E-05,0.994283919
2784,Aldrin,309-00-2,Rat cerebellar granule cell,2,384,3.50E-05,1.86E-08,2.57E-06,0.007245657
2785,Azinphos-methyl,86-50-0,Rat cerebellar granule cell,2,384,5.02E-06,1.72E-05,1.88E-05,0.91971443
2786,Chlorpyrifos,2921-88-2,Rat cerebellar granule cell,2,384,2.51E-05,4.91E-07,6.65E-06,0.073737078
2787,"DDD-p,p'",50-29-3,Rat cerebellar granule cell,2,384,3.61E-05,7.37E-09,2.30E-06,0.003201257
2788,"DDT-o,p'",789-02-6,Rat cerebellar granule cell,2,384,3.53E-05,1.63E-08,2.53E-06,0.006455554
2789,"DDT-p,p'",72-54-8,Rat cerebellar granule cell,2,384,3.37E-05,4.36E-08,3.01E-06,0.014475667
2790,Diazinon,333-41-5,Rat cerebellar granule cell,2,384,1.47E-05,4.24E-06,9.34E-06,0.454744329
2791,Dicofol,115-32-2,Rat cerebellar granule cell,2,384,2.57E-05,4.37E-07,6.34E-06,0.068955307
2792,Dieldrin,60-57-1,Rat cerebellar granule cell,2,384,2.67E-05,3.59E-07,5.85E-06,0.061440283
2793,Disulfoton,298-04-4,Rat cerebellar granule cell,2,384,1.67E-05,2.94E-06,8.86E-06,0.331694573
2794,Endosulfan I,115-29-7,Rat cerebellar granule cell,2,384,1.49E-05,4.10E-06,9.27E-06,0.44251938
2795,Endrin,72-20-8,Rat cerebellar granule cell,2,384,2.95E-05,1.92E-07,4.61E-06,0.041634285
2796,Ethion,563-12-2,Rat cerebellar granule cell,2,384,2.62E-05,3.96E-07,6.09E-06,0.065127306
2797,Heptachlor,76-44-8,Rat cerebellar granule cell,2,384,3.36E-05,4.56E-08,3.04E-06,0.014982094
2798,Heptachlor epoxide B,1024-57-3,Rat cerebellar granule cell,2,384,2.53E-05,4.72E-07,6.55E-06,0.072120204
2799,Lindane,58-89-9,Rat cerebellar granule cell,2,384,1.38E-05,4.91E-06,9.62E-06,0.510217563
2800,"Methoxychlor-o,p'",72-43-5,Rat cerebellar granule cell,2,384,2.63E-05,3.89E-07,6.04E-06,0.06437867
2801,Parathion,56-38-2,Rat cerebellar granule cell,2,384,1.49E-05,4.10E-06,9.28E-06,0.44251938
2802,Trifluralin,1582-09-8,Rat cerebellar granule cell,2,384,2.87E-05,2.31E-07,4.92E-06,0.046854026
2803,Eugenol F,97-53-0,Rat cerebellar granule cell,2,384,2.32E-06,2.46E-05,2.52E-05,0.974200527
2804,Methyl-antranilate,134-20-3,Rat cerebellar granule cell,2,384,1.13E-06,2.96E-05,2.99E-05,0.99019704
2805,Lilyfore,285977-85-7,Rat cerebellar granule cell,2,384,9.17E-06,1.00E-05,1.30E-05,0.77326174
2806,Damascone beta,23726-91-2,Rat cerebellar granule cell,2,384,1.84E-05,1.72E-06,8.48E-06,0.202935234
2807,Veloutone,14595-54-1,Rat cerebellar granule cell,2,384,2.82E-05,2.61E-07,5.15E-06,0.050571755
2808,Verdox,82356-51-2,Rat cerebellar granule cell,2,384,3.49E-05,2.09E-08,2.62E-06,0.00796788
2809,Nirvanol,1506-02-1,Rat cerebellar granule cell,2,384,3.14E-05,1.09E-07,3.82E-06,0.028437992
2810,Cetalox,3738-00-9,Rat cerebellar granule cell,2,384,2.82E-05,1.97E-07,4.54E-06,0.043327129
2811,Tonalide,21145-77-7,Rat cerebellar granule cell,2,384,3.14E-05,1.09E-07,3.82E-06,0.028437992
2812,Caffeine,58-08-2,Rat cerebellar granule cell,2,384,1.57E-08,3.90E-05,3.91E-05,1.000304038
2813,Lamotrigine,84057-84-1,Rat cerebellar granule cell,2,384,3.83E-06,2.02E-05,2.13E-05,0.947481012
2814,Diclofenac,15307-79-6,Rat cerebellar granule cell,2,384,8.31E-09,4.00E-05,4.00E-05,0.999969329
2815,"2,4-Dichlorophenoxyacetic",94-75-7,Rat cerebellar granule cell,2,384,1.01E-06,3.60E-05,3.90E-05,0.924333076
2816,(S)-Naproxen,22204-53-1,Rat cerebellar granule cell,2,384,2.09E-06,3.14E-05,3.79E-05,0.828427689
2817,Ibuprofen,15687-27-1,Rat cerebellar granule cell,2,384,4.70E-06,1.93E-05,3.52E-05,0.549262767
2818,Torasemide,56211-40-6,Rat cerebellar granule cell,2,384,5.80E-06,2.03E-05,2.73E-05,0.743698713
2819,Warfarin,81-81-2,Rat cerebellar granule cell,2,384,8.21E-07,3.68E-05,3.91E-05,0.941505608
2820,di-n-butylphthalate,84-74-2,Rat cerebellar granule cell,2,384,2.12E-05,9.38E-07,8.86E-06,0.105854763
2821,hexachlorophene,70-30-4,Rat cerebellar granule cell,2,384,3.80E-05,2.01E-08,1.98E-06,0.010156585
2822,hexamethylenetetramine,100-97-0,Rat cerebellar granule cell,2,384,1.11E-09,3.66E-05,3.66E-05,1.000385412
2823,Malathion,121-75-5,Rat cerebellar granule cell,2,384,2.72E-06,2.33E-05,2.41E-05,0.967913055
2824,pentachlorophenol,87-86-5,Rat cerebellar granule cell,2,384,1.36E-05,2.15E-06,2.63E-05,0.08201945
2825,"2,2,2-trichloroethanol",115-20-8,Rat cerebellar granule cell,2,384,4.01E-07,3.09E-05,3.10E-05,0.997078122
2826,diethylphthalate,84-66-2,Rat cerebellar granule cell,2,384,3.11E-06,2.21E-05,2.30E-05,0.961116816
2827,4-chlorophenol,106-48-9,Rat cerebellar granule cell,2,384,2.86E-06,2.28E-05,2.36E-05,0.965509205
2828,permethrin,52645-53-1,Rat cerebellar granule cell,2,384,3.51E-05,1.87E-08,2.58E-06,0.007245657
2829,Aniline,62-53-3,Rat cerebellar granule cell,2,384,1.40E-07,3.63E-05,3.63E-05,0.999464278
2830,4-fluoroaniline,371-40-4,Rat cerebellar granule cell,2,384,2.40E-07,3.48E-05,3.48E-05,0.998681172
2831,"2,4,6-trichlorophenol",88-06-2,Rat cerebellar granule cell,2,384,1.34E-05,5.12E-06,9.69E-06,0.528719239
2832,Allyl alcohol,107-18-6,Rat cerebellar granule cell,2,384,2.54E-08,3.62E-05,3.62E-05,1.000235302
2833,N-methylaniline,100-61-8,Rat cerebellar granule cell,2,384,6.73E-07,2.96E-05,2.98E-05,0.994431355
2834,"3,4-dichloroaniline",95-76-1,Rat cerebellar granule cell,2,384,4.59E-06,1.81E-05,1.95E-05,0.930025578
2835,4-decylaniline,37529-30-9,Rat cerebellar granule cell,2,384,3.45E-05,2.80E-08,2.76E-06,0.01014587
2836,naphthalene,91-20-3,Rat cerebellar granule cell,2,384,7.96E-06,7.55E-06,1.01E-05,0.746223652
2837,"1,2,4-trichlorobenzene",120-82-1,Rat cerebellar granule cell,2,384,4.21E-06,7.96E-07,2.29E-06,0.348332316
2838,"1,2-dichlorobenzene",95-50-1,Rat cerebellar granule cell,2,384,1.82E-06,1.27E-06,1.87E-06,0.680785945
2839,dichloromethane,75-09-2,Rat cerebellar granule cell,2,384,2.07E-08,2.38E-06,2.38E-06,0.998206451
2840,tetrachloroethylene,127-18-4,Rat cerebellar granule cell,2,384,6.61E-07,4.96E-07,7.13E-07,0.696672964
2841,"2,3-dimethyl-1,3-butadiene",513-81-5,Rat cerebellar granule cell,2,384,1.11E-08,1.80E-08,2.15E-08,0.838476732
2842,cyclosporine A,59865-13-3,Rat cerebellar granule cell,2,384,6.32E-06,1.46E-05,1.65E-05,0.882653472
2843,chlorpromazine,50-53-3,Rat cerebellar granule cell,2,384,2.93E-05,2.00E-07,4.67E-06,0.042757652
2844,PBDE 47,5436-43-1,Rat cerebellar granule cell,2,384,3.59E-05,9.26E-09,2.36E-06,0.003929009
2845,PBDE 99,60348-60-9,Rat cerebellar granule cell,2,384,3.68E-05,2.88E-09,2.14E-06,0.001342522
2846,PBDE 153,68631-49-2,Rat cerebellar granule cell,2,384,3.74E-05,7.53E-10,2.02E-06,0.000372014
2847,amiodarone,1951-25-3,Rat cerebellar granule cell,2,384,3.71E-05,1.62E-09,2.08E-06,0.000776636
2848,PFBS,375-73-5,Rat cerebellar granule cell,2,384,5.17E-07,3.31E-05,3.32E-05,0.996361397
2849,4:2 FTS,757124-72-4,Rat cerebellar granule cell,2,384,8.77E-07,3.06E-05,3.08E-05,0.992782666
2850,PFNA,375-95-1,Rat cerebellar granule cell,2,384,3.34E-05,4.86E-08,3.09E-06,1.58E-02
2851,PFHxA,307-24-4,Rat cerebellar granule cell,2,384,1.81E-05,2.09E-06,8.66E-06,0.241309502
2852,PFBA,375-22-4,Rat cerebellar granule cell,2,384,7.97E-07,3.05E-05,3.07E-05,0.993490514
2853,PFOA,335-67-1,Rat cerebellar granule cell,2,384,1.71E-05,2.34E-06,8.51E-06,0.27439223
2854,6:2 FTS,27619-97-2,Rat cerebellar granule cell,2,384,6.62E-06,1.36E-05,1.56E-05,0.869228551
2855,8:2 FTS,39108-34-4,Rat cerebellar granule cell,2,384,1.78E-05,2.16E-06,8.63E-06,0.250477863
2856,PFUnDA,2058-94-8,Rat cerebellar granule cell,2,384,2.57E-05,5.95E-07,1.43E-05,0.041751562
2857,PFOS,1763-23-1,Rat cerebellar granule cell,2,384,2.57E-05,5.95E-07,1.43E-05,0.041751562
2858,PFHpA,375-85-9,Rat cerebellar granule cell,2,384,1.16E-05,6.41E-06,1.03E-05,0.624882399
2859,PFPeA,2706-90-3,Rat cerebellar granule cell,2,384,2.45E-06,2.30E-05,2.37E-05,0.970870084
2860,PFHxS,355-46-4,Rat cerebellar granule cell,2,384,4.69E-06,1.77E-05,1.91E-05,0.926731714
2861,PFDA,335-76-2,Rat cerebellar granule cell,2,384,3.12E-05,2.52E-07,8.79E-06,0.028655711
2862,Azathioprine,446-86-6,Rat cerebellar granule cell,2,384,2.32E-08,3.88E-05,3.88E-05,1.000259671
2863,Benzocaine,94-09-7,Rat cerebellar granule cell,2,384,1.08E-06,2.98E-05,3.01E-05,0.990681691
2864,Butylated hydroxyanisole,25013-16-5,Rat cerebellar granule cell,2,384,1.09E-05,7.83E-06,1.14E-05,0.686130849
2865,Cetirizine dihydrochloride,83881-52-1,Rat cerebellar granule cell,2,384,9.34E-08,3.74E-05,3.74E-05,0.999801852
2866,Cyclamate,139-05-9,Rat cerebellar granule cell,2,384,4.95E-09,3.95E-05,3.95E-05,1.000365602
2867,Cyclophosphamide,6055-19-2,Rat cerebellar granule cell,2,384,8.93E-08,3.75E-05,3.75E-05,0.999829995
2868,Cypermethrin,67375-30-8,Rat cerebellar granule cell,2,384,3.54E-05,1.42E-08,2.48E-06,0.005742934
2869,DEET,134-62-3,Rat cerebellar granule cell,2,384,1.98E-06,2.59E-05,2.64E-05,0.979296352
2870,Dexamethasone,50-02-2,Rat cerebellar granule cell,2,384,1.22E-06,2.91E-05,2.95E-05,0.989154705
2871,Digoxin,20830-75-5,Rat cerebellar granule cell,2,384,3.11E-07,3.49E-05,3.50E-05,0.998152269
2872,Fenazaquin,120928-09-8,Rat cerebellar granule cell,2,384,3.01E-05,1.62E-07,4.35E-06,0.037346358
2873,Fenbuconazole,114369-43-6,Rat cerebellar granule cell,2,384,9.08E-06,1.01E-05,1.31E-05,0.777564681
2874,Fluazinam,79622-59-6,Rat cerebellar granule cell,2,384,1.66E-05,2.99E-06,8.87E-06,0.337196496
2875,Furosemide,54-31-9,Rat cerebellar granule cell,2,384,1.78E-07,3.94E-05,3.98E-05,0.988819057
2876,Glybenclamide,10238-21-8,Rat cerebellar granule cell,2,384,2.39E-05,6.05E-07,7.28E-06,0.083044954
2877,HC Red 3,2871-01-4,Rat cerebellar granule cell,2,384,2.48E-08,3.88E-05,3.88E-05,1.000249737
2878,Hydralazine hydrochloride,304-20-1,Rat cerebellar granule cell,2,384,9.55E-08,3.74E-05,3.74E-05,0.999787255
2879,Ketoconazole,65277-42-1,Rat cerebellar granule cell,2,384,1.93E-05,1.57E-06,8.75E-06,0.179988856
2880,Metformin,1115-70-4,Rat cerebellar granule cell,2,384,2.68E-09,3.97E-05,3.97E-05,1.000377836
2881,Metoclopramide,364-62-5,Rat cerebellar granule cell,2,384,4.14E-06,1.93E-05,2.05E-05,0.940508131
2882,Nitrofurantoin,67-20-9,Rat cerebellar granule cell,2,384,6.39E-09,3.94E-05,3.94E-05,1.000357685
2883,Oxytetracycline hydrochloride,2058-46-0,Rat cerebellar granule cell,2,384,7.76E-10,3.99E-05,3.99E-05,1.000387563
2884,Panthenol,16485-10-2 ,Rat cerebellar granule cell,2,384,2.54E-09,3.97E-05,3.97E-05,1.000378555
2885,Paracetamol,103-90-2,Rat cerebellar granule cell,2,384,5.25E-08,3.81E-05,3.81E-05,1.000075203
2886,Topiramate,97240-79-4,Rat cerebellar granule cell,2,384,9.77E-10,3.98E-05,3.98E-05,1.000386574
2887,Trimellitic anhydride,552-30-7,Rat cerebellar granule cell,2,384,4.77E-07,3.35E-05,3.36E-05,0.99673725
2888,Verapamil hydrochloride,152-11-4,Rat cerebellar granule cell,2,384,2.02E-05,1.22E-06,8.86E-06,0.137294246
2889,Warfarin,129-06-6,Rat cerebellar granule cell,2,384,3.32E-06,2.15E-05,2.24E-05,0.957225144
2890,"2,4-Dinitrophenol",51-28-5,Balbc_3T3,2,384,1.06E-07,3.23E-05,3.25E-05,0.994283919
2891,Aldrin,309-00-2,Balbc_3T3,2,384,1.91E-05,7.77E-08,1.07E-05,0.007245657
2892,Azinphos-methyl,86-50-0,Balbc_3T3,2,384,7.49E-07,1.93E-05,2.10E-05,0.91971443
2893,Chlorpyrifos,2921-88-2,Balbc_3T3,2,384,7.26E-06,1.08E-06,1.46E-05,0.073737078
2894,"DDD-p,p'",50-29-3,Balbc_3T3,2,384,2.20E-05,3.43E-08,1.07E-05,0.003201257
2895,"DDT-o,p'",789-02-6,Balbc_3T3,2,384,1.98E-05,6.98E-08,1.08E-05,0.006455554
2896,"DDT-p,p'",72-54-8,Balbc_3T3,2,384,1.64E-05,1.62E-07,1.12E-05,0.014475667
2897,Diazinon,333-41-5,Balbc_3T3,2,384,2.86E-06,6.24E-06,1.37E-05,0.454744329
2898,Dicofol,115-32-2,Balbc_3T3,2,384,7.67E-06,9.90E-07,1.44E-05,0.068955307
2899,Dieldrin,60-57-1,Balbc_3T3,2,384,8.37E-06,8.56E-07,1.39E-05,0.061440283
2900,Disulfoton,298-04-4,Balbc_3T3,2,384,3.45E-06,4.60E-06,1.39E-05,0.331694573
2901,Endosulfan I,115-29-7,Balbc_3T3,2,384,2.92E-06,6.07E-06,1.37E-05,0.44251938
2902,Endrin,72-20-8,Balbc_3T3,2,384,1.07E-05,5.32E-07,1.28E-05,0.041634285
2903,Ethion,563-12-2,Balbc_3T3,2,384,8.02E-06,9.21E-07,1.41E-05,0.065127306
2904,Heptachlor,76-44-8,Balbc_3T3,2,384,1.63E-05,1.68E-07,1.12E-05,0.014982094
2905,Heptachlor epoxide B,1024-57-3,Balbc_3T3,2,384,7.40E-06,1.05E-06,1.45E-05,0.072120204
2906,Lindane,58-89-9,Balbc_3T3,2,384,2.60E-06,7.01E-06,1.37E-05,0.510217563
2907,"Methoxychlor-o,p'",72-43-5,Balbc_3T3,2,384,8.09E-06,9.08E-07,1.41E-05,0.06437867
2908,Parathion,56-38-2,Balbc_3T3,2,384,2.92E-06,6.07E-06,1.37E-05,0.44251938
2909,Trifluralin,1582-09-8,Balbc_3T3,2,384,1.00E-05,6.12E-07,1.31E-05,0.046854026
2910,Eugenol F,97-53-0,Balbc_3T3,2,384,3.30E-07,2.59E-05,2.66E-05,0.974200527
2911,Methyl-antranilate,134-20-3,Balbc_3T3,2,384,1.59E-07,3.03E-05,3.06E-05,0.99019704
2912,Lilyfore,285977-85-7,Balbc_3T3,2,384,1.52E-06,1.25E-05,1.62E-05,0.77326174
2913,Damascone beta,23726-91-2,Balbc_3T3,2,384,4.03E-06,2.86E-06,1.41E-05,0.202935234
2914,Veloutone,14595-54-1,Balbc_3T3,2,384,9.56E-06,6.72E-07,1.33E-05,0.050571755
2915,Verdox,82356-51-2,Balbc_3T3,2,384,1.88E-05,8.60E-08,1.08E-05,0.00796788
2916,Nirvanol,1506-02-1,Balbc_3T3,2,384,1.30E-05,3.41E-07,1.20E-05,0.028437992
2917,Cetalox,3738-00-9,Balbc_3T3,2,384,9.56E-06,5.08E-07,1.17E-05,0.043327129
2918,Tonalide,21145-77-7,Balbc_3T3,2,384,1.30E-05,3.41E-07,1.20E-05,0.028437992
2919,Caffeine,58-08-2,Balbc_3T3,2,384,1.01E-08,3.91E-05,3.91E-05,1.000304038
2920,Lamotrigine,84057-84-1,Balbc_3T3,2,384,5.59E-07,2.20E-05,2.32E-05,0.947481012
2921,Diclofenac,15307-79-6,Balbc_3T3,2,384,9.18E-09,4.00E-05,4.00E-05,0.999969329
2922,"2,4-Dichlorophenoxyacetic",94-75-7,Balbc_3T3,2,384,1.27E-07,3.68E-05,3.99E-05,0.924333076
2923,(S)-Naproxen,22204-53-1,Balbc_3T3,2,384,2.62E-07,3.29E-05,3.97E-05,0.828427689
2924,Ibuprofen,15687-27-1,Balbc_3T3,2,384,6.14E-07,2.16E-05,3.93E-05,0.549262767
2925,Torasemide,56211-40-6,Balbc_3T3,2,384,8.50E-07,2.33E-05,3.13E-05,0.743698713
2926,Warfarin,81-81-2,Balbc_3T3,2,384,1.05E-07,3.74E-05,3.98E-05,0.941505608
2927,di-n-butylphthalate,84-74-2,Balbc_3T3,2,384,5.16E-06,1.73E-06,1.64E-05,0.105854763
2928,hexachlorophene,70-30-4,Balbc_3T3,2,384,2.74E-05,1.24E-07,1.22E-05,0.010156585
2929,hexamethylenetetramine,100-97-0,Balbc_3T3,2,384,7.66E-09,3.65E-05,3.65E-05,1.000385412
2930,Malathion,121-75-5,Balbc_3T3,2,384,3.88E-07,2.48E-05,2.56E-05,0.967913055
2931,pentachlorophenol,87-86-5,Balbc_3T3,2,384,2.28E-06,3.08E-06,3.76E-05,0.08201945
2932,"2,2,2-trichloroethanol",115-20-8,Balbc_3T3,2,384,6.01E-08,3.12E-05,3.13E-05,0.997078122
2933,diethylphthalate,84-66-2,Balbc_3T3,2,384,4.47E-07,2.37E-05,2.46E-05,0.961116816
2934,4-chlorophenol,106-48-9,Balbc_3T3,2,384,4.09E-07,2.43E-05,2.52E-05,0.965509205
2935,permethrin,52645-53-1,Balbc_3T3,2,384,1.93E-05,7.86E-08,1.08E-05,0.007245657
2936,Aniline,62-53-3,Balbc_3T3,2,384,2.61E-08,3.64E-05,3.64E-05,0.999464278
2937,4-fluoroaniline,371-40-4,Balbc_3T3,2,384,3.92E-08,3.49E-05,3.50E-05,0.998681172
2938,"2,4,6-trichlorophenol",88-06-2,Balbc_3T3,2,384,2.51E-06,7.23E-06,1.37E-05,0.528719239
2939,Allyl alcohol,107-18-6,Balbc_3T3,2,384,1.08E-08,3.62E-05,3.62E-05,1.000235302
2940,N-methylaniline,100-61-8,Balbc_3T3,2,384,9.68E-08,3.00E-05,3.02E-05,0.994431355
2941,"3,4-dichloroaniline",95-76-1,Balbc_3T3,2,384,6.79E-07,2.01E-05,2.17E-05,0.930025578
2942,4-decylaniline,37529-30-9,Balbc_3T3,2,384,1.80E-05,1.11E-07,1.10E-05,0.01014587
2943,naphthalene,91-20-3,Balbc_3T3,2,384,1.27E-06,9.13E-06,1.22E-05,0.746223652
2944,"1,2,4-trichlorobenzene",120-82-1,Balbc_3T3,2,384,6.12E-07,8.76E-07,2.52E-06,0.348332316
2945,"1,2-dichlorobenzene",95-50-1,Balbc_3T3,2,384,2.50E-07,1.33E-06,1.95E-06,0.680785945
2946,dichloromethane,75-09-2,Balbc_3T3,2,384,3.24E-09,2.38E-06,2.38E-06,0.998206451
2947,tetrachloroethylene,127-18-4,Balbc_3T3,2,384,8.87E-08,5.04E-07,7.23E-07,0.696672964
2948,"2,3-dimethyl-1,3-butadiene",513-81-5,Balbc_3T3,2,384,1.47E-09,1.80E-08,2.15E-08,0.838476732
2949,cyclosporine A,59865-13-3,Balbc_3T3,2,384,9.72E-07,1.69E-05,1.92E-05,0.882653472
2950,chlorpromazine,50-53-3,Balbc_3T3,2,384,1.06E-05,5.49E-07,1.28E-05,0.042757652
2951,PBDE 47,5436-43-1,Balbc_3T3,2,384,2.14E-05,4.21E-08,1.07E-05,0.003929009
2952,PBDE 99,60348-60-9,Balbc_3T3,2,384,2.41E-05,1.44E-08,1.07E-05,0.001342522
2953,PBDE 153,68631-49-2,Balbc_3T3,2,384,2.61E-05,4.02E-09,1.08E-05,0.000372014
2954,amiodarone,1951-25-3,Balbc_3T3,2,384,2.50E-05,8.35E-09,1.08E-05,0.000776636
2955,PFBS,375-73-5,Balbc_3T3,2,384,7.63E-08,3.34E-05,3.36E-05,0.996361397
2956,4:2 FTS,757124-72-4,Balbc_3T3,2,384,1.25E-07,3.11E-05,3.14E-05,0.992782666
2957,PFNA,375-95-1,Balbc_3T3,2,384,1.60E-05,1.77E-07,1.12E-05,0.015768742
2958,PFHxA,307-24-4,Balbc_3T3,2,384,3.92E-06,3.44E-06,1.42E-05,0.241309502
2959,PFBA,375-22-4,Balbc_3T3,2,384,1.14E-07,3.10E-05,3.12E-05,0.993490514
2960,PFOA,335-67-1,Balbc_3T3,2,384,3.60E-06,3.72E-06,1.36E-05,0.27439223
2961,6:2 FTS,27619-97-2,Balbc_3T3,2,384,1.03E-06,1.59E-05,1.83E-05,0.869228551
2962,8:2 FTS,39108-34-4,Balbc_3T3,2,384,3.84E-06,3.53E-06,1.41E-05,0.250477863
2963,PFUnDA,2058-94-8,Balbc_3T3,2,384,6.93E-06,1.38E-06,3.30E-05,0.041751562
2964,PFOS,1763-23-1,Balbc_3T3,2,384,6.93E-06,1.38E-06,3.30E-05,0.041751562
2965,PFHpA,375-85-9,Balbc_3T3,2,384,2.04E-06,8.55E-06,1.37E-05,0.624882399
2966,PFPeA,2706-90-3,Balbc_3T3,2,384,3.48E-07,2.43E-05,2.50E-05,0.970870084
2967,PFHxS,355-46-4,Balbc_3T3,2,384,6.95E-07,1.97E-05,2.13E-05,0.926731714
2968,PFDA,335-76-2,Balbc_3T3,2,384,1.17E-05,8.11E-07,2.83E-05,0.028655711
2969,Azathioprine,446-86-6,Balbc_3T3,2,384,1.11E-08,3.88E-05,3.88E-05,1.000259671
2970,Benzocaine,94-09-7,Balbc_3T3,2,384,1.53E-07,3.05E-05,3.08E-05,0.990681691
2971,Butylated hydroxyanisole,25013-16-5,Balbc_3T3,2,384,1.89E-06,1.03E-05,1.49E-05,0.686130849
2972,Cetirizine dihydrochloride,83881-52-1,Balbc_3T3,2,384,2.02E-08,3.75E-05,3.75E-05,0.999801852
2973,Cyclamate,139-05-9,Balbc_3T3,2,384,8.78E-09,3.95E-05,3.95E-05,1.000365602
2974,Cyclophosphamide,6055-19-2,Balbc_3T3,2,384,1.96E-08,3.75E-05,3.76E-05,0.999829995
2975,Cypermethrin,67375-30-8,Balbc_3T3,2,384,2.02E-05,6.19E-08,1.08E-05,0.005742934
2976,DEET,134-62-3,Balbc_3T3,2,384,2.80E-07,2.70E-05,2.76E-05,0.979296352
2977,Dexamethasone,50-02-2,Balbc_3T3,2,384,1.72E-07,2.99E-05,3.03E-05,0.989154705
2978,Digoxin,20830-75-5,Balbc_3T3,2,384,4.89E-08,3.51E-05,3.52E-05,0.998152269
2979,Fenazaquin,120928-09-8,Balbc_3T3,2,384,1.14E-05,4.68E-07,1.25E-05,0.037346358
2980,Fenbuconazole,114369-43-6,Balbc_3T3,2,384,1.50E-06,1.26E-05,1.63E-05,0.777564681
2981,Fluazinam,79622-59-6,Balbc_3T3,2,384,3.42E-06,4.67E-06,1.38E-05,0.337196496
2982,Furosemide,54-31-9,Balbc_3T3,2,384,2.88E-08,3.95E-05,4.00E-05,0.988819057
2983,Glybenclamide,10238-21-8,Balbc_3T3,2,384,6.55E-06,1.26E-06,1.52E-05,0.083044954
2984,HC Red 3,2871-01-4,Balbc_3T3,2,384,1.13E-08,3.88E-05,3.88E-05,1.000249737
2985,Hydralazine hydrochloride,304-20-1,Balbc_3T3,2,384,2.04E-08,3.74E-05,3.75E-05,0.999787255
2986,Ketoconazole,65277-42-1,Balbc_3T3,2,384,4.39E-06,2.71E-06,1.51E-05,0.179988856
2987,Metformin,1115-70-4,Balbc_3T3,2,384,8.51E-09,3.97E-05,3.97E-05,1.000377836
2988,Metoclopramide,364-62-5,Balbc_3T3,2,384,6.07E-07,2.12E-05,2.25E-05,0.940508131
2989,Nitrofurantoin,67-20-9,Balbc_3T3,2,384,8.96E-09,3.94E-05,3.94E-05,1.000357685
2990,Oxytetracycline hydrochloride,2058-46-0,Balbc_3T3,2,384,8.29E-09,3.98E-05,3.98E-05,1.000387563
2991,Panthenol,16485-10-2 ,Balbc_3T3,2,384,8.49E-09,3.97E-05,3.97E-05,1.000378555
2992,Paracetamol,103-90-2,Balbc_3T3,2,384,1.48E-08,3.82E-05,3.82E-05,1.000075203
2993,Topiramate,97240-79-4,Balbc_3T3,2,384,8.31E-09,3.98E-05,3.98E-05,1.000386574
2994,Trimellitic anhydride,552-30-7,Balbc_3T3,2,384,7.10E-08,3.39E-05,3.40E-05,0.99673725
2995,Verapamil hydrochloride,152-11-4,Balbc_3T3,2,384,4.76E-06,2.17E-06,1.58E-05,0.137294246
2996,Warfarin,129-06-6,Balbc_3T3,2,384,4.79E-07,2.31E-05,2.42E-05,0.957225144
2997,"2,4-Dinitrophenol",51-28-5,FishRtgut,2,384,1.40E-08,3.23E-05,3.25E-05,0.994283919
2998,Aldrin,309-00-2,FishRtgut,2,384,3.18E-06,1.37E-07,1.89E-05,0.007245657
2999,Azinphos-methyl,86-50-0,FishRtgut,2,384,7.74E-08,1.97E-05,2.14E-05,0.91971443
3000,Chlorpyrifos,2921-88-2,FishRtgut,2,384,8.36E-07,1.29E-06,1.75E-05,0.073737078
3001,"DDD-p,p'",50-29-3,FishRtgut,2,384,4.11E-06,6.83E-08,2.13E-05,0.003201257
3002,"DDT-o,p'",789-02-6,FishRtgut,2,384,3.37E-06,1.26E-07,1.96E-05,0.006455554
3003,"DDT-p,p'",72-54-8,FishRtgut,2,384,2.48E-06,2.58E-07,1.78E-05,0.014475667
3004,Diazinon,333-41-5,FishRtgut,2,384,2.99E-07,6.67E-06,1.47E-05,0.454744329
3005,Dicofol,115-32-2,FishRtgut,2,384,8.92E-07,1.20E-06,1.74E-05,0.068955307
3006,Dieldrin,60-57-1,FishRtgut,2,384,9.91E-07,1.06E-06,1.72E-05,0.061440283
3007,Disulfoton,298-04-4,FishRtgut,2,384,3.64E-07,4.99E-06,1.50E-05,0.331694573
3008,Endosulfan I,115-29-7,FishRtgut,2,384,3.05E-07,6.50E-06,1.47E-05,0.44251938
3009,Endrin,72-20-8,FishRtgut,2,384,1.36E-06,7.03E-07,1.69E-05,0.041634285
3010,Ethion,563-12-2,FishRtgut,2,384,9.41E-07,1.12E-06,1.73E-05,0.065127306
3011,Heptachlor,76-44-8,FishRtgut,2,384,2.44E-06,2.66E-07,1.78E-05,0.014982094
3012,Heptachlor epoxide B,1024-57-3,FishRtgut,2,384,8.54E-07,1.26E-06,1.75E-05,0.072120204
3013,Lindane,58-89-9,FishRtgut,2,384,2.71E-07,7.44E-06,1.46E-05,0.510217563
3014,"Methoxychlor-o,p'",72-43-5,FishRtgut,2,384,9.51E-07,1.11E-06,1.73E-05,0.06437867
3015,Parathion,56-38-2,FishRtgut,2,384,3.05E-07,6.50E-06,1.47E-05,0.44251938
3016,Trifluralin,1582-09-8,FishRtgut,2,384,1.24E-06,7.91E-07,1.69E-05,0.046854026
3017,Eugenol F,97-53-0,FishRtgut,2,384,3.58E-08,2.60E-05,2.68E-05,0.974200527
3018,Methyl-antranilate,134-20-3,FishRtgut,2,384,1.91E-08,3.04E-05,3.08E-05,0.99019704
3019,Lilyfore,285977-85-7,FishRtgut,2,384,1.56E-07,1.29E-05,1.67E-05,0.77326174
3020,Damascone beta,23726-91-2,FishRtgut,2,384,4.30E-07,3.15E-06,1.55E-05,0.202935234
3021,Veloutone,14595-54-1,FishRtgut,2,384,1.17E-06,8.57E-07,1.69E-05,0.050571755
3022,Verdox,82356-51-2,FishRtgut,2,384,3.10E-06,1.50E-07,1.88E-05,0.00796788
3023,Nirvanol,1506-02-1,FishRtgut,2,384,1.75E-06,4.83E-07,1.70E-05,0.028437992
3024,Cetalox,3738-00-9,FishRtgut,2,384,1.17E-06,6.48E-07,1.50E-05,0.043327129
3025,Tonalide,21145-77-7,FishRtgut,2,384,1.75E-06,4.83E-07,1.70E-05,0.028437992
3026,Caffeine,58-08-2,FishRtgut,2,384,5.05E-09,3.91E-05,3.91E-05,1.000304038
3027,Lamotrigine,84057-84-1,FishRtgut,2,384,5.87E-08,2.23E-05,2.35E-05,0.947481012
3028,Diclofenac,15307-79-6,FishRtgut,2,384,4.98E-09,4.00E-05,4.00E-05,0.999969329
3029,"2,4-Dichlorophenoxyacetic",94-75-7,FishRtgut,2,384,8.89E-09,3.69E-05,4.00E-05,0.924333076
3030,(S)-Naproxen,22204-53-1,FishRtgut,2,384,1.35E-08,3.31E-05,3.99E-05,0.828427689
3031,Ibuprofen,15687-27-1,FishRtgut,2,384,2.56E-08,2.19E-05,3.99E-05,0.549262767
3032,Torasemide,56211-40-6,FishRtgut,2,384,7.26E-08,2.37E-05,3.19E-05,0.743698713
3033,Warfarin,81-81-2,FishRtgut,2,384,8.42E-09,3.75E-05,3.99E-05,0.941505608
3034,di-n-butylphthalate,84-74-2,FishRtgut,2,384,5.64E-07,1.96E-06,1.86E-05,0.105854763
3035,hexachlorophene,70-30-4,FishRtgut,2,384,3.22E-06,3.63E-07,3.57E-05,0.010156585
3036,hexamethylenetetramine,100-97-0,FishRtgut,2,384,4.54E-09,3.66E-05,3.66E-05,1.000385412
3037,Malathion,121-75-5,FishRtgut,2,384,4.15E-08,2.50E-05,2.58E-05,0.967913055
3038,pentachlorophenol,87-86-5,FishRtgut,2,384,9.08E-08,3.26E-06,3.98E-05,0.08201945
3039,"2,2,2-trichloroethanol",115-20-8,FishRtgut,2,384,9.28E-09,3.12E-05,3.13E-05,0.997078122
3040,diethylphthalate,84-66-2,FishRtgut,2,384,4.73E-08,2.39E-05,2.49E-05,0.961116816
3041,4-chlorophenol,106-48-9,FishRtgut,2,384,4.35E-08,2.45E-05,2.54E-05,0.965509205
3042,permethrin,52645-53-1,FishRtgut,2,384,3.24E-06,1.40E-07,1.93E-05,0.007245657
3043,Aniline,62-53-3,FishRtgut,2,384,6.39E-09,3.64E-05,3.64E-05,0.999464278
3044,4-fluoroaniline,371-40-4,FishRtgut,2,384,7.56E-09,3.50E-05,3.50E-05,0.998681172
3045,"2,4,6-trichlorophenol",88-06-2,FishRtgut,2,384,2.60E-07,7.66E-06,1.45E-05,0.528719239
3046,Allyl alcohol,107-18-6,FishRtgut,2,384,4.82E-09,3.62E-05,3.62E-05,1.000235302
3047,N-methylaniline,100-61-8,FishRtgut,2,384,1.28E-08,3.01E-05,3.03E-05,0.994431355
3048,"3,4-dichloroaniline",95-76-1,FishRtgut,2,384,7.03E-08,2.05E-05,2.20E-05,0.930025578
3049,4-decylaniline,37529-30-9,FishRtgut,2,384,2.87E-06,1.88E-07,1.85E-05,0.01014587
3050,naphthalene,91-20-3,FishRtgut,2,384,1.30E-07,9.40E-06,1.26E-05,0.746223652
3051,"1,2,4-trichlorobenzene",120-82-1,FishRtgut,2,384,6.05E-08,8.89E-07,2.55E-06,0.348332316
3052,"1,2-dichlorobenzene",95-50-1,FishRtgut,2,384,2.48E-08,1.33E-06,1.96E-06,0.680785945
3053,dichloromethane,75-09-2,FishRtgut,2,384,5.72E-10,2.38E-06,2.38E-06,0.998206451
3054,tetrachloroethylene,127-18-4,FishRtgut,2,384,8.77E-09,5.05E-07,7.25E-07,0.696672964
3055,"2,3-dimethyl-1,3-butadiene",513-81-5,FishRtgut,2,384,1.46E-10,1.80E-08,2.15E-08,0.838476732
3056,cyclosporine A,59865-13-3,FishRtgut,2,384,9.99E-08,1.73E-05,1.96E-05,0.882653472
3057,chlorpromazine,50-53-3,FishRtgut,2,384,1.33E-06,7.22E-07,1.69E-05,0.042757652
3058,PBDE 47,5436-43-1,FishRtgut,2,384,3.90E-06,8.17E-08,2.08E-05,0.003929009
3059,PBDE 99,60348-60-9,FishRtgut,2,384,4.94E-06,3.16E-08,2.36E-05,0.001342522
3060,PBDE 153,68631-49-2,FishRtgut,2,384,5.91E-06,9.84E-09,2.65E-05,0.000372014
3061,amiodarone,1951-25-3,FishRtgut,2,384,5.39E-06,1.93E-08,2.49E-05,0.000776636
3062,PFBS,375-73-5,FishRtgut,2,384,1.11E-08,3.35E-05,3.36E-05,0.996361397
3063,4:2 FTS,757124-72-4,FishRtgut,2,384,1.58E-08,3.12E-05,3.15E-05,0.992782666
3064,PFNA,375-95-1,FishRtgut,2,384,2.37E-06,2.77E-07,1.76E-05,0.015768742
3065,PFHxA,307-24-4,FishRtgut,2,384,4.18E-07,3.77E-06,1.56E-05,0.241309502
3066,PFBA,375-22-4,FishRtgut,2,384,1.47E-08,3.11E-05,3.13E-05,0.993490514
3067,PFOA,335-67-1,FishRtgut,2,384,3.82E-07,4.05E-06,1.48E-05,0.27439223
3068,6:2 FTS,27619-97-2,FishRtgut,2,384,1.05E-07,1.63E-05,1.87E-05,0.869228551
3069,8:2 FTS,39108-34-4,FishRtgut,2,384,4.09E-07,3.86E-06,1.54E-05,0.250477863
3070,PFUnDA,2058-94-8,FishRtgut,2,384,2.99E-07,1.66E-06,3.97E-05,0.041751562
3071,PFOS,1763-23-1,FishRtgut,2,384,2.99E-07,1.66E-06,3.97E-05,0.041751562
3072,PFHpA,375-85-9,FishRtgut,2,384,2.10E-07,8.97E-06,1.44E-05,0.624882399
3073,PFPeA,2706-90-3,FishRtgut,2,384,3.74E-08,2.45E-05,2.52E-05,0.970870084
3074,PFHxS,355-46-4,FishRtgut,2,384,7.20E-08,2.00E-05,2.16E-05,0.926731714
3075,PFDA,335-76-2,FishRtgut,2,384,5.84E-07,1.13E-06,3.94E-05,0.028655711
3076,Azathioprine,446-86-6,FishRtgut,2,384,5.12E-09,3.88E-05,3.88E-05,1.000259671
3077,Benzocaine,94-09-7,FishRtgut,2,384,1.86E-08,3.06E-05,3.09E-05,0.990681691
3078,Butylated hydroxyanisole,25013-16-5,FishRtgut,2,384,1.95E-07,1.07E-05,1.56E-05,0.686130849
3079,Cetirizine dihydrochloride,83881-52-1,FishRtgut,2,384,5.90E-09,3.75E-05,3.75E-05,0.999801852
3080,Cyclamate,139-05-9,FishRtgut,2,384,4.96E-09,3.95E-05,3.95E-05,1.000365602
3081,Cyclophosphamide,6055-19-2,FishRtgut,2,384,5.86E-09,3.75E-05,3.76E-05,0.999829995
3082,Cypermethrin,67375-30-8,FishRtgut,2,384,3.50E-06,1.14E-07,1.99E-05,0.005742934
3083,DEET,134-62-3,FishRtgut,2,384,3.09E-08,2.72E-05,2.78E-05,0.979296352
3084,Dexamethasone,50-02-2,FishRtgut,2,384,2.04E-08,3.00E-05,3.04E-05,0.989154705
3085,Digoxin,20830-75-5,FishRtgut,2,384,8.56E-09,3.52E-05,3.52E-05,0.998152269
3086,Fenazaquin,120928-09-8,FishRtgut,2,384,1.47E-06,6.30E-07,1.69E-05,0.037346358
3087,Fenbuconazole,114369-43-6,FishRtgut,2,384,1.54E-07,1.31E-05,1.68E-05,0.777564681
3088,Fluazinam,79622-59-6,FishRtgut,2,384,3.61E-07,5.06E-06,1.50E-05,0.337196496
3089,Furosemide,54-31-9,FishRtgut,2,384,5.64E-09,3.95E-05,4.00E-05,0.988819057
3090,Glybenclamide,10238-21-8,FishRtgut,2,384,7.41E-07,1.48E-06,1.78E-05,0.083044954
3091,HC Red 3,2871-01-4,FishRtgut,2,384,5.14E-09,3.88E-05,3.88E-05,1.000249737
3092,Hydralazine hydrochloride,304-20-1,FishRtgut,2,384,5.93E-09,3.75E-05,3.75E-05,0.999787255
3093,Ketoconazole,65277-42-1,FishRtgut,2,384,4.73E-07,3.01E-06,1.67E-05,0.179988856
3094,Metformin,1115-70-4,FishRtgut,2,384,4.94E-09,3.97E-05,3.97E-05,1.000377836
3095,Metoclopramide,364-62-5,FishRtgut,2,384,6.32E-08,2.15E-05,2.29E-05,0.940508131
3096,Nitrofurantoin,67-20-9,FishRtgut,2,384,4.97E-09,3.94E-05,3.94E-05,1.000357685
3097,Oxytetracycline hydrochloride,2058-46-0,FishRtgut,2,384,4.94E-09,3.99E-05,3.99E-05,1.000387563
3098,Panthenol,16485-10-2 ,FishRtgut,2,384,4.94E-09,3.97E-05,3.97E-05,1.000378555
3099,Paracetamol,103-90-2,FishRtgut,2,384,5.44E-09,3.82E-05,3.82E-05,1.000075203
3100,Topiramate,97240-79-4,FishRtgut,2,384,4.94E-09,3.98E-05,3.98E-05,1.000386574
3101,Trimellitic anhydride,552-30-7,FishRtgut,2,384,1.07E-08,3.39E-05,3.40E-05,0.99673725
3102,Verapamil hydrochloride,152-11-4,FishRtgut,2,384,5.16E-07,2.43E-06,1.77E-05,0.137294246
3103,Warfarin,129-06-6,FishRtgut,2,384,5.05E-08,2.34E-05,2.45E-05,0.957225144
3104,"2,4-Dinitrophenol",51-28-5,FishRtgill,2,384,7.36E-09,3.23E-05,3.25E-05,0.994283919
3105,Aldrin,309-00-2,FishRtgill,2,384,1.74E-06,1.43E-07,1.97E-05,0.007245657
3106,Azinphos-methyl,86-50-0,FishRtgill,2,384,4.07E-08,1.97E-05,2.14E-05,0.91971443
3107,Chlorpyrifos,2921-88-2,FishRtgill,2,384,4.43E-07,1.30E-06,1.77E-05,0.073737078
3108,"DDD-p,p'",50-29-3,FishRtgill,2,384,2.27E-06,7.18E-08,2.24E-05,0.003201257
3109,"DDT-o,p'",789-02-6,FishRtgill,2,384,1.84E-06,1.32E-07,2.04E-05,0.006455554
3110,"DDT-p,p'",72-54-8,FishRtgill,2,384,1.34E-06,2.66E-07,1.84E-05,0.014475667
3111,Diazinon,333-41-5,FishRtgill,2,384,1.58E-07,6.70E-06,1.47E-05,0.454744329
3112,Dicofol,115-32-2,FishRtgill,2,384,4.73E-07,1.21E-06,1.76E-05,0.068955307
3113,Dieldrin,60-57-1,FishRtgill,2,384,5.27E-07,1.07E-06,1.74E-05,0.061440283
3114,Disulfoton,298-04-4,FishRtgill,2,384,1.92E-07,5.01E-06,1.51E-05,0.331694573
3115,Endosulfan I,115-29-7,FishRtgill,2,384,1.61E-07,6.52E-06,1.47E-05,0.44251938
3116,Endrin,72-20-8,FishRtgill,2,384,7.24E-07,7.14E-07,1.72E-05,0.041634285
3117,Ethion,563-12-2,FishRtgill,2,384,5.00E-07,1.14E-06,1.75E-05,0.065127306
3118,Heptachlor,76-44-8,FishRtgill,2,384,1.32E-06,2.74E-07,1.83E-05,0.014982094
3119,Heptachlor epoxide B,1024-57-3,FishRtgill,2,384,4.53E-07,1.27E-06,1.76E-05,0.072120204
3120,Lindane,58-89-9,FishRtgill,2,384,1.43E-07,7.47E-06,1.46E-05,0.510217563
3121,"Methoxychlor-o,p'",72-43-5,FishRtgill,2,384,5.05E-07,1.12E-06,1.75E-05,0.06437867
3122,Parathion,56-38-2,FishRtgill,2,384,1.61E-07,6.52E-06,1.47E-05,0.44251938
3123,Trifluralin,1582-09-8,FishRtgill,2,384,6.60E-07,8.03E-07,1.71E-05,0.046854026
3124,Eugenol F,97-53-0,FishRtgill,2,384,1.88E-08,2.61E-05,2.68E-05,0.974200527
3125,Methyl-antranilate,134-20-3,FishRtgill,2,384,1.00E-08,3.04E-05,3.08E-05,0.99019704
3126,Lilyfore,285977-85-7,FishRtgill,2,384,8.19E-08,1.30E-05,1.68E-05,0.77326174
3127,Damascone beta,23726-91-2,FishRtgill,2,384,2.27E-07,3.16E-06,1.56E-05,0.202935234
3128,Veloutone,14595-54-1,FishRtgill,2,384,6.22E-07,8.69E-07,1.72E-05,0.050571755
3129,Verdox,82356-51-2,FishRtgill,2,384,1.69E-06,1.56E-07,1.96E-05,0.00796788
3130,Nirvanol,1506-02-1,FishRtgill,2,384,9.36E-07,4.93E-07,1.73E-05,0.028437992
3131,Cetalox,3738-00-9,FishRtgill,2,384,6.21E-07,6.57E-07,1.52E-05,0.043327129
3132,Tonalide,21145-77-7,FishRtgill,2,384,9.36E-07,4.93E-07,1.73E-05,0.028437992
3133,Caffeine,58-08-2,FishRtgill,2,384,2.65E-09,3.91E-05,3.91E-05,1.000304038
3134,Lamotrigine,84057-84-1,FishRtgill,2,384,3.08E-08,2.23E-05,2.35E-05,0.947481012
3135,Diclofenac,15307-79-6,FishRtgill,2,384,2.62E-09,4.00E-05,4.00E-05,0.999969329
3136,"2,4-Dichlorophenoxyacetic",94-75-7,FishRtgill,2,384,4.67E-09,3.69E-05,4.00E-05,0.924333076
3137,(S)-Naproxen,22204-53-1,FishRtgill,2,384,7.06E-09,3.31E-05,3.99E-05,0.828427689
3138,Ibuprofen,15687-27-1,FishRtgill,2,384,1.34E-08,2.19E-05,3.99E-05,0.549262767
3139,Torasemide,56211-40-6,FishRtgill,2,384,3.82E-08,2.37E-05,3.19E-05,0.743698713
3140,Warfarin,81-81-2,FishRtgill,2,384,4.42E-09,3.75E-05,3.99E-05,0.941505608
3141,di-n-butylphthalate,84-74-2,FishRtgill,2,384,2.98E-07,1.98E-06,1.87E-05,0.105854763
3142,hexachlorophene,70-30-4,FishRtgill,2,384,1.76E-06,3.77E-07,3.72E-05,0.010156585
3143,hexamethylenetetramine,100-97-0,FishRtgill,2,384,2.38E-09,3.66E-05,3.66E-05,1.000385412
3144,Malathion,121-75-5,FishRtgill,2,384,2.18E-08,2.50E-05,2.58E-05,0.967913055
3145,pentachlorophenol,87-86-5,FishRtgill,2,384,4.77E-08,3.26E-06,3.98E-05,0.08201945
3146,"2,2,2-trichloroethanol",115-20-8,FishRtgill,2,384,4.87E-09,3.12E-05,3.13E-05,0.997078122
3147,diethylphthalate,84-66-2,FishRtgill,2,384,2.48E-08,2.39E-05,2.49E-05,0.961116816
3148,4-chlorophenol,106-48-9,FishRtgill,2,384,2.29E-08,2.45E-05,2.54E-05,0.965509205
3149,permethrin,52645-53-1,FishRtgill,2,384,1.77E-06,1.45E-07,2.01E-05,0.007245657
3150,Aniline,62-53-3,FishRtgill,2,384,3.36E-09,3.64E-05,3.64E-05,0.999464278
3151,4-fluoroaniline,371-40-4,FishRtgill,2,384,3.97E-09,3.50E-05,3.50E-05,0.998681172
3152,"2,4,6-trichlorophenol",88-06-2,FishRtgill,2,384,1.37E-07,7.69E-06,1.45E-05,0.528719239
3153,Allyl alcohol,107-18-6,FishRtgill,2,384,2.53E-09,3.62E-05,3.62E-05,1.000235302
3154,N-methylaniline,100-61-8,FishRtgill,2,384,6.74E-09,3.01E-05,3.03E-05,0.994431355
3155,"3,4-dichloroaniline",95-76-1,FishRtgill,2,384,3.70E-08,2.05E-05,2.20E-05,0.930025578
3156,4-decylaniline,37529-30-9,FishRtgill,2,384,1.56E-06,1.95E-07,1.92E-05,0.01014587
3157,naphthalene,91-20-3,FishRtgill,2,384,6.82E-08,9.41E-06,1.26E-05,0.746223652
3158,"1,2,4-trichlorobenzene",120-82-1,FishRtgill,2,384,3.18E-08,8.89E-07,2.55E-06,0.348332316
3159,"1,2-dichlorobenzene",95-50-1,FishRtgill,2,384,1.30E-08,1.33E-06,1.96E-06,0.680785945
3160,dichloromethane,75-09-2,FishRtgill,2,384,3.00E-10,2.38E-06,2.38E-06,0.998206451
3161,tetrachloroethylene,127-18-4,FishRtgill,2,384,4.61E-09,5.05E-07,7.25E-07,0.696672964
3162,"2,3-dimethyl-1,3-butadiene",513-81-5,FishRtgill,2,384,7.69E-11,1.80E-08,2.15E-08,0.838476732
3163,cyclosporine A,59865-13-3,FishRtgill,2,384,5.25E-08,1.73E-05,1.96E-05,0.882653472
3164,chlorpromazine,50-53-3,FishRtgill,2,384,7.10E-07,7.34E-07,1.72E-05,0.042757652
3165,PBDE 47,5436-43-1,FishRtgill,2,384,2.15E-06,8.57E-08,2.18E-05,0.003929009
3166,PBDE 99,60348-60-9,FishRtgill,2,384,2.75E-06,3.36E-08,2.50E-05,0.001342522
3167,PBDE 153,68631-49-2,FishRtgill,2,384,3.34E-06,1.06E-08,2.85E-05,0.000372014
3168,amiodarone,1951-25-3,FishRtgill,2,384,3.02E-06,2.06E-08,2.66E-05,0.000776636
3169,PFBS,375-73-5,FishRtgill,2,384,5.85E-09,3.35E-05,3.36E-05,0.996361397
3170,4:2 FTS,757124-72-4,FishRtgill,2,384,8.29E-09,3.12E-05,3.15E-05,0.992782666
3171,PFNA,375-95-1,FishRtgill,2,384,1.28E-06,2.86E-07,1.81E-05,0.015768742
3172,PFHxA,307-24-4,FishRtgill,2,384,2.20E-07,3.79E-06,1.57E-05,0.241309502
3173,PFBA,375-22-4,FishRtgill,2,384,7.70E-09,3.11E-05,3.13E-05,0.993490514
3174,PFOA,335-67-1,FishRtgill,2,384,2.01E-07,4.07E-06,1.48E-05,0.27439223
3175,6:2 FTS,27619-97-2,FishRtgill,2,384,5.53E-08,1.63E-05,1.87E-05,0.869228551
3176,8:2 FTS,39108-34-4,FishRtgill,2,384,2.16E-07,3.88E-06,1.55E-05,0.250477863
3177,PFUnDA,2058-94-8,FishRtgill,2,384,1.58E-07,1.66E-06,3.98E-05,0.041751562
3178,PFOS,1763-23-1,FishRtgill,2,384,1.58E-07,1.66E-06,3.98E-05,0.041751562
3179,PFHpA,375-85-9,FishRtgill,2,384,1.11E-07,8.99E-06,1.44E-05,0.624882399
3180,PFPeA,2706-90-3,FishRtgill,2,384,1.96E-08,2.45E-05,2.53E-05,0.970870084
3181,PFHxS,355-46-4,FishRtgill,2,384,3.78E-08,2.00E-05,2.16E-05,0.926731714
3182,PFDA,335-76-2,FishRtgill,2,384,3.09E-07,1.14E-06,3.97E-05,0.028655711
3183,Azathioprine,446-86-6,FishRtgill,2,384,2.69E-09,3.88E-05,3.88E-05,1.000259671
3184,Benzocaine,94-09-7,FishRtgill,2,384,9.74E-09,3.06E-05,3.09E-05,0.990681691
3185,Butylated hydroxyanisole,25013-16-5,FishRtgill,2,384,1.03E-07,1.07E-05,1.57E-05,0.686130849
3186,Cetirizine dihydrochloride,83881-52-1,FishRtgill,2,384,3.10E-09,3.75E-05,3.75E-05,0.999801852
3187,Cyclamate,139-05-9,FishRtgill,2,384,2.60E-09,3.95E-05,3.95E-05,1.000365602
3188,Cyclophosphamide,6055-19-2,FishRtgill,2,384,3.07E-09,3.75E-05,3.76E-05,0.999829995
3189,Cypermethrin,67375-30-8,FishRtgill,2,384,1.92E-06,1.19E-07,2.07E-05,0.005742934
3190,DEET,134-62-3,FishRtgill,2,384,1.62E-08,2.72E-05,2.78E-05,0.979296352
3191,Dexamethasone,50-02-2,FishRtgill,2,384,1.07E-08,3.01E-05,3.04E-05,0.989154705
3192,Digoxin,20830-75-5,FishRtgill,2,384,4.49E-09,3.52E-05,3.52E-05,0.998152269
3193,Fenazaquin,120928-09-8,FishRtgill,2,384,7.83E-07,6.41E-07,1.72E-05,0.037346358
3194,Fenbuconazole,114369-43-6,FishRtgill,2,384,8.08E-08,1.31E-05,1.69E-05,0.777564681
3195,Fluazinam,79622-59-6,FishRtgill,2,384,1.90E-07,5.08E-06,1.51E-05,0.337196496
3196,Furosemide,54-31-9,FishRtgill,2,384,2.96E-09,3.95E-05,4.00E-05,0.988819057
3197,Glybenclamide,10238-21-8,FishRtgill,2,384,3.92E-07,1.49E-06,1.79E-05,0.083044954
3198,HC Red 3,2871-01-4,FishRtgill,2,384,2.70E-09,3.88E-05,3.88E-05,1.000249737
3199,Hydralazine hydrochloride,304-20-1,FishRtgill,2,384,3.11E-09,3.75E-05,3.75E-05,0.999787255
3200,Ketoconazole,65277-42-1,FishRtgill,2,384,2.50E-07,3.03E-06,1.68E-05,0.179988856
3201,Metformin,1115-70-4,FishRtgill,2,384,2.60E-09,3.97E-05,3.97E-05,1.000377836
3202,Metoclopramide,364-62-5,FishRtgill,2,384,3.32E-08,2.15E-05,2.29E-05,0.940508131
3203,Nitrofurantoin,67-20-9,FishRtgill,2,384,2.61E-09,3.94E-05,3.94E-05,1.000357685
3204,Oxytetracycline hydrochloride,2058-46-0,FishRtgill,2,384,2.59E-09,3.99E-05,3.99E-05,1.000387563
3205,Panthenol,16485-10-2 ,FishRtgill,2,384,2.60E-09,3.97E-05,3.97E-05,1.000378555
3206,Paracetamol,103-90-2,FishRtgill,2,384,2.85E-09,3.82E-05,3.82E-05,1.000075203
3207,Topiramate,97240-79-4,FishRtgill,2,384,2.59E-09,3.98E-05,3.98E-05,1.000386574
3208,Trimellitic anhydride,552-30-7,FishRtgill,2,384,5.59E-09,3.39E-05,3.40E-05,0.99673725
3209,Verapamil hydrochloride,152-11-4,FishRtgill,2,384,2.72E-07,2.44E-06,1.78E-05,0.137294246
3210,Warfarin,129-06-6,FishRtgill,2,384,2.65E-08,2.34E-05,2.45E-05,0.957225144
3211,"2,4-Dinitrophenol",51-28-5,Default,2,384,6.50E-08,3.23E-05,3.25E-05,0.994283919
3212,Aldrin,309-00-2,Default,2,384,1.18E-05,1.05E-07,1.45E-05,0.007245657
3213,Azinphos-methyl,86-50-0,Default,2,384,3.55E-07,1.95E-05,2.12E-05,0.91971443
3214,Chlorpyrifos,2921-88-2,Default,2,384,3.67E-06,1.20E-06,1.62E-05,0.073737078
3215,"DDD-p,p'",50-29-3,Default,2,384,1.43E-05,4.89E-08,1.53E-05,0.003201257
3216,"DDT-o,p'",789-02-6,Default,2,384,1.23E-05,9.55E-08,1.48E-05,0.006455554
3217,"DDT-p,p'",72-54-8,Default,2,384,9.63E-06,2.09E-07,1.44E-05,0.014475667
3218,Diazinon,333-41-5,Default,2,384,1.36E-06,6.49E-06,1.43E-05,0.454744329
3219,Dicofol,115-32-2,Default,2,384,3.90E-06,1.11E-06,1.60E-05,0.068955307
3220,Dieldrin,60-57-1,Default,2,384,4.30E-06,9.66E-07,1.57E-05,0.061440283
3221,Disulfoton,298-04-4,Default,2,384,1.65E-06,4.83E-06,1.46E-05,0.331694573
3222,Endosulfan I,115-29-7,Default,2,384,1.39E-06,6.32E-06,1.43E-05,0.44251938
3223,Endrin,72-20-8,Default,2,384,5.73E-06,6.23E-07,1.50E-05,0.041634285
3224,Ethion,563-12-2,Default,2,384,4.10E-06,1.03E-06,1.59E-05,0.065127306
3225,Heptachlor,76-44-8,Default,2,384,9.50E-06,2.16E-07,1.44E-05,0.014982094
3226,Heptachlor epoxide B,1024-57-3,Default,2,384,3.75E-06,1.17E-06,1.62E-05,0.072120204
3227,Lindane,58-89-9,Default,2,384,1.23E-06,7.26E-06,1.42E-05,0.510217563
3228,"Methoxychlor-o,p'",72-43-5,Default,2,384,4.14E-06,1.02E-06,1.58E-05,0.06437867
3229,Parathion,56-38-2,Default,2,384,1.39E-06,6.32E-06,1.43E-05,0.44251938
3230,Trifluralin,1582-09-8,Default,2,384,5.28E-06,7.09E-07,1.51E-05,0.046854026
3231,Eugenol F,97-53-0,Default,2,384,1.64E-07,2.60E-05,2.67E-05,0.974200527
3232,Methyl-antranilate,134-20-3,Default,2,384,8.83E-08,3.04E-05,3.07E-05,0.99019704
3233,Lilyfore,285977-85-7,Default,2,384,7.12E-07,1.28E-05,1.65E-05,0.77326174
3234,Damascone beta,23726-91-2,Default,2,384,1.94E-06,3.03E-06,1.49E-05,0.202935234
3235,Veloutone,14595-54-1,Default,2,384,5.00E-06,7.72E-07,1.53E-05,0.050571755
3236,Verdox,82356-51-2,Default,2,384,1.15E-05,1.16E-07,1.45E-05,0.00796788
3237,Nirvanol,1506-02-1,Default,2,384,7.16E-06,4.14E-07,1.46E-05,0.028437992
3238,Cetalox,3738-00-9,Default,2,384,5.00E-06,5.84E-07,1.35E-05,0.043327129
3239,Tonalide,21145-77-7,Default,2,384,7.16E-06,4.14E-07,1.46E-05,0.028437992
3240,Caffeine,58-08-2,Default,2,384,2.46E-08,3.90E-05,3.90E-05,1.000304038
3241,Lamotrigine,84057-84-1,Default,2,384,2.70E-07,2.21E-05,2.34E-05,0.947481012
3242,Diclofenac,15307-79-6,Default,2,384,2.46E-08,4.00E-05,4.00E-05,0.999969329
3243,"2,4-Dichlorophenoxyacetic",94-75-7,Default,2,384,7.52E-08,3.69E-05,3.99E-05,0.924333076
3244,(S)-Naproxen,22204-53-1,Default,2,384,1.33E-07,3.30E-05,3.98E-05,0.828427689
3245,Ibuprofen,15687-27-1,Default,2,384,2.85E-07,2.17E-05,3.96E-05,0.549262767
3246,Torasemide,56211-40-6,Default,2,384,4.01E-07,2.35E-05,3.16E-05,0.743698713
3247,Warfarin,81-81-2,Default,2,384,6.59E-08,3.75E-05,3.98E-05,0.941505608
3248,di-n-butylphthalate,84-74-2,Default,2,384,2.53E-06,1.87E-06,1.76E-05,0.105854763
3249,hexachlorophene,70-30-4,Default,2,384,1.97E-05,2.00E-07,1.97E-05,0.010156585
3250,hexamethylenetetramine,100-97-0,Default,2,384,2.22E-08,3.65E-05,3.65E-05,1.000385412
3251,Malathion,121-75-5,Default,2,384,1.91E-07,2.49E-05,2.57E-05,0.967913055
3252,pentachlorophenol,87-86-5,Default,2,384,1.04E-06,3.18E-06,3.88E-05,0.08201945
3253,"2,2,2-trichloroethanol",115-20-8,Default,2,384,4.34E-08,3.12E-05,3.13E-05,0.997078122
3254,diethylphthalate,84-66-2,Default,2,384,2.17E-07,2.38E-05,2.48E-05,0.961116816
3255,4-chlorophenol,106-48-9,Default,2,384,2.00E-07,2.44E-05,2.53E-05,0.965509205
3256,permethrin,52645-53-1,Default,2,384,1.19E-05,1.07E-07,1.47E-05,0.007245657
3257,Aniline,62-53-3,Default,2,384,3.05E-08,3.64E-05,3.64E-05,0.999464278
3258,4-fluoroaniline,371-40-4,Default,2,384,3.57E-08,3.49E-05,3.50E-05,0.998681172
3259,"2,4,6-trichlorophenol",88-06-2,Default,2,384,1.19E-06,7.49E-06,1.42E-05,0.528719239
3260,Allyl alcohol,107-18-6,Default,2,384,2.34E-08,3.62E-05,3.62E-05,1.000235302
3261,N-methylaniline,100-61-8,Default,2,384,5.96E-08,3.01E-05,3.02E-05,0.994431355
3262,"3,4-dichloroaniline",95-76-1,Default,2,384,3.23E-07,2.03E-05,2.19E-05,0.930025578
3263,4-decylaniline,37529-30-9,Default,2,384,1.09E-05,1.48E-07,1.45E-05,0.01014587
3264,naphthalene,91-20-3,Default,2,384,5.95E-07,9.29E-06,1.25E-05,0.746223652
3265,"1,2,4-trichlorobenzene",120-82-1,Default,2,384,2.82E-07,8.84E-07,2.54E-06,0.348332316
3266,"1,2-dichlorobenzene",95-50-1,Default,2,384,1.15E-07,1.33E-06,1.95E-06,0.680785945
3267,dichloromethane,75-09-2,Default,2,384,2.69E-09,2.38E-06,2.38E-06,0.998206451
3268,tetrachloroethylene,127-18-4,Default,2,384,4.07E-08,5.04E-07,7.24E-07,0.696672964
3269,"2,3-dimethyl-1,3-butadiene",513-81-5,Default,2,384,6.78E-10,1.80E-08,2.15E-08,0.838476732
3270,cyclosporine A,59865-13-3,Default,2,384,4.58E-07,1.71E-05,1.94E-05,0.882653472
3271,chlorpromazine,50-53-3,Default,2,384,5.63E-06,6.42E-07,1.50E-05,0.042757652
3272,PBDE 47,5436-43-1,Default,2,384,1.37E-05,5.95E-08,1.51E-05,0.003929009
3273,PBDE 99,60348-60-9,Default,2,384,1.63E-05,2.14E-08,1.59E-05,0.001342522
3274,PBDE 153,68631-49-2,Default,2,384,1.84E-05,6.24E-09,1.68E-05,0.000372014
3275,amiodarone,1951-25-3,Default,2,384,1.73E-05,1.27E-08,1.63E-05,0.000776636
3276,PFBS,375-73-5,Default,2,384,5.19E-08,3.34E-05,3.36E-05,0.996361397
3277,4:2 FTS,757124-72-4,Default,2,384,7.31E-08,3.12E-05,3.14E-05,0.992782666
3278,PFNA,375-95-1,Default,2,384,9.29E-06,2.26E-07,1.44E-05,0.015768742
3279,PFHxA,307-24-4,Default,2,384,1.89E-06,3.63E-06,1.50E-05,0.241309502
3280,PFBA,375-22-4,Default,2,384,6.80E-08,3.11E-05,3.13E-05,0.993490514
3281,PFOA,335-67-1,Default,2,384,1.73E-06,3.91E-06,1.43E-05,0.27439223
3282,6:2 FTS,27619-97-2,Default,2,384,4.82E-07,1.61E-05,1.85E-05,0.869228551
3283,8:2 FTS,39108-34-4,Default,2,384,1.85E-06,3.72E-06,1.49E-05,0.250477863
3284,PFUnDA,2058-94-8,Default,2,384,3.39E-06,1.53E-06,3.66E-05,0.041751562
3285,PFOS,1763-23-1,Default,2,384,3.39E-06,1.53E-06,3.66E-05,0.041751562
3286,PFHpA,375-85-9,Default,2,384,9.61E-07,8.80E-06,1.41E-05,0.624882399
3287,PFPeA,2706-90-3,Default,2,384,1.72E-07,2.44E-05,2.52E-05,0.970870084
3288,PFHxS,355-46-4,Default,2,384,3.30E-07,1.99E-05,2.15E-05,0.926731714
3289,PFDA,335-76-2,Default,2,384,6.16E-06,9.68E-07,3.38E-05,0.028655711
3290,Azathioprine,446-86-6,Default,2,384,2.49E-08,3.88E-05,3.88E-05,1.000259671
3291,Benzocaine,94-09-7,Default,2,384,8.57E-08,3.06E-05,3.09E-05,0.990681691
3292,Butylated hydroxyanisole,25013-16-5,Default,2,384,8.90E-07,1.05E-05,1.53E-05,0.686130849
3293,Cetirizine dihydrochloride,83881-52-1,Default,2,384,2.83E-08,3.75E-05,3.75E-05,0.999801852
3294,Cyclamate,139-05-9,Default,2,384,2.42E-08,3.95E-05,3.95E-05,1.000365602
3295,Cyclophosphamide,6055-19-2,Default,2,384,2.81E-08,3.75E-05,3.75E-05,0.999829995
3296,Cypermethrin,67375-30-8,Default,2,384,1.27E-05,8.54E-08,1.49E-05,0.005742934
3297,DEET,134-62-3,Default,2,384,1.42E-07,2.71E-05,2.77E-05,0.979296352
3298,Dexamethasone,50-02-2,Default,2,384,9.39E-08,3.00E-05,3.03E-05,0.989154705
3299,Digoxin,20830-75-5,Default,2,384,4.03E-08,3.51E-05,3.52E-05,0.998152269
3300,Fenazaquin,120928-09-8,Default,2,384,6.14E-06,5.54E-07,1.48E-05,0.037346358
3301,Fenbuconazole,114369-43-6,Default,2,384,7.03E-07,1.29E-05,1.66E-05,0.777564681
3302,Fluazinam,79622-59-6,Default,2,384,1.63E-06,4.90E-06,1.45E-05,0.337196496
3303,Furosemide,54-31-9,Default,2,384,3.31E-08,3.95E-05,4.00E-05,0.988819057
3304,Glybenclamide,10238-21-8,Default,2,384,3.28E-06,1.38E-06,1.66E-05,0.083044954
3305,HC Red 3,2871-01-4,Default,2,384,2.50E-08,3.88E-05,3.88E-05,1.000249737
3306,Hydralazine hydrochloride,304-20-1,Default,2,384,2.85E-08,3.74E-05,3.75E-05,0.999787255
3307,Ketoconazole,65277-42-1,Default,2,384,2.13E-06,2.88E-06,1.60E-05,0.179988856
3308,Metformin,1115-70-4,Default,2,384,2.41E-08,3.96E-05,3.96E-05,1.000377836
3309,Metoclopramide,364-62-5,Default,2,384,2.90E-07,2.14E-05,2.27E-05,0.940508131
3310,Nitrofurantoin,67-20-9,Default,2,384,2.42E-08,3.94E-05,3.94E-05,1.000357685
3311,Oxytetracycline hydrochloride,2058-46-0,Default,2,384,2.41E-08,3.98E-05,3.98E-05,1.000387563
3312,Panthenol,16485-10-2 ,Default,2,384,2.41E-08,3.97E-05,3.97E-05,1.000378555
3313,Paracetamol,103-90-2,Default,2,384,2.63E-08,3.81E-05,3.82E-05,1.000075203
3314,Topiramate,97240-79-4,Default,2,384,2.41E-08,3.98E-05,3.98E-05,1.000386574
3315,Trimellitic anhydride,552-30-7,Default,2,384,4.97E-08,3.39E-05,3.40E-05,0.99673725
3316,Verapamil hydrochloride,152-11-4,Default,2,384,2.32E-06,2.32E-06,1.69E-05,0.137294246
3317,Warfarin,129-06-6,Default,2,384,2.32E-07,2.33E-05,2.43E-05,0.957225144
3318,"2,4-Dinitrophenol",51-28-5,MCF7,2,384,5.84E-08,3.23E-05,3.25E-05,0.994283919
3319,Aldrin,309-00-2,MCF7,2,384,4.52E-06,1.32E-07,1.82E-05,0.007245657
3320,Azinphos-methyl,86-50-0,MCF7,2,384,1.33E-07,1.96E-05,2.14E-05,0.91971443
3321,Chlorpyrifos,2921-88-2,MCF7,2,384,1.20E-06,1.28E-06,1.73E-05,0.073737078
3322,"DDD-p,p'",50-29-3,MCF7,2,384,5.80E-06,6.51E-08,2.03E-05,0.003201257
3323,"DDT-o,p'",789-02-6,MCF7,2,384,4.78E-06,1.21E-07,1.88E-05,0.006455554
3324,"DDT-p,p'",72-54-8,MCF7,2,384,3.54E-06,2.51E-07,1.73E-05,0.014475667
3325,Diazinon,333-41-5,MCF7,2,384,4.35E-07,6.65E-06,1.46E-05,0.454744329
3326,Dicofol,115-32-2,MCF7,2,384,1.28E-06,1.19E-06,1.72E-05,0.068955307
3327,Dieldrin,60-57-1,MCF7,2,384,1.42E-06,1.04E-06,1.70E-05,0.061440283
3328,Disulfoton,298-04-4,MCF7,2,384,5.26E-07,4.97E-06,1.50E-05,0.331694573
3329,Endosulfan I,115-29-7,MCF7,2,384,4.43E-07,6.47E-06,1.46E-05,0.44251938
3330,Endrin,72-20-8,MCF7,2,384,1.95E-06,6.92E-07,1.66E-05,0.041634285
3331,Ethion,563-12-2,MCF7,2,384,1.35E-06,1.11E-06,1.71E-05,0.065127306
3332,Heptachlor,76-44-8,MCF7,2,384,3.48E-06,2.59E-07,1.73E-05,0.014982094
3333,Heptachlor epoxide B,1024-57-3,MCF7,2,384,1.23E-06,1.25E-06,1.73E-05,0.072120204
3334,Lindane,58-89-9,MCF7,2,384,3.95E-07,7.42E-06,1.45E-05,0.510217563
3335,"Methoxychlor-o,p'",72-43-5,MCF7,2,384,1.37E-06,1.10E-06,1.71E-05,0.06437867
3336,Parathion,56-38-2,MCF7,2,384,4.43E-07,6.48E-06,1.46E-05,0.44251938
3337,Trifluralin,1582-09-8,MCF7,2,384,1.78E-06,7.80E-07,1.67E-05,0.046854026
3338,Eugenol F,97-53-0,MCF7,2,384,8.15E-08,2.60E-05,2.67E-05,0.974200527
3339,Methyl-antranilate,134-20-3,MCF7,2,384,6.33E-08,3.04E-05,3.07E-05,0.99019704
3340,Lilyfore,285977-85-7,MCF7,2,384,2.36E-07,1.29E-05,1.67E-05,0.77326174
3341,Damascone beta,23726-91-2,MCF7,2,384,6.19E-07,3.13E-06,1.54E-05,0.202935234
3342,Veloutone,14595-54-1,MCF7,2,384,1.68E-06,8.46E-07,1.67E-05,0.050571755
3343,Verdox,82356-51-2,MCF7,2,384,4.41E-06,1.45E-07,1.82E-05,0.00796788
3344,Nirvanol,1506-02-1,MCF7,2,384,2.50E-06,4.73E-07,1.66E-05,0.028437992
3345,Cetalox,3738-00-9,MCF7,2,384,1.68E-06,6.39E-07,1.48E-05,0.043327129
3346,Tonalide,21145-77-7,MCF7,2,384,2.50E-06,4.73E-07,1.66E-05,0.028437992
3347,Caffeine,58-08-2,MCF7,2,384,5.40E-08,3.90E-05,3.90E-05,1.000304038
3348,Lamotrigine,84057-84-1,MCF7,2,384,1.14E-07,2.22E-05,2.35E-05,0.947481012
3349,Diclofenac,15307-79-6,MCF7,2,384,5.51E-08,3.99E-05,3.99E-05,0.999969329
3350,"2,4-Dichlorophenoxyacetic",94-75-7,MCF7,2,384,6.62E-08,3.69E-05,3.99E-05,0.924333076
3351,(S)-Naproxen,22204-53-1,MCF7,2,384,7.85E-08,3.30E-05,3.99E-05,0.828427689
3352,Ibuprofen,15687-27-1,MCF7,2,384,1.10E-07,2.18E-05,3.98E-05,0.549262767
3353,Torasemide,56211-40-6,MCF7,2,384,1.50E-07,2.37E-05,3.18E-05,0.743698713
3354,Warfarin,81-81-2,MCF7,2,384,6.42E-08,3.75E-05,3.98E-05,0.941505608
3355,di-n-butylphthalate,84-74-2,MCF7,2,384,8.12E-07,1.95E-06,1.84E-05,0.105854763
3356,hexachlorophene,70-30-4,MCF7,2,384,8.83E-06,3.08E-07,3.03E-05,0.010156585
3357,hexamethylenetetramine,100-97-0,MCF7,2,384,5.03E-08,3.65E-05,3.65E-05,1.000385412
3358,Malathion,121-75-5,MCF7,2,384,8.84E-08,2.49E-05,2.58E-05,0.967913055
3359,pentachlorophenol,87-86-5,MCF7,2,384,3.13E-07,3.24E-06,3.95E-05,0.08201945
3360,"2,2,2-trichloroethanol",115-20-8,MCF7,2,384,5.05E-08,3.12E-05,3.13E-05,0.997078122
3361,diethylphthalate,84-66-2,MCF7,2,384,9.53E-08,2.39E-05,2.49E-05,0.961116816
3362,4-chlorophenol,106-48-9,MCF7,2,384,9.07E-08,2.45E-05,2.54E-05,0.965509205
3363,permethrin,52645-53-1,MCF7,2,384,4.61E-06,1.35E-07,1.86E-05,0.007245657
3364,Aniline,62-53-3,MCF7,2,384,5.27E-08,3.64E-05,3.64E-05,0.999464278
3365,4-fluoroaniline,371-40-4,MCF7,2,384,5.26E-08,3.49E-05,3.50E-05,0.998681172
3366,"2,4,6-trichlorophenol",88-06-2,MCF7,2,384,3.80E-07,7.64E-06,1.45E-05,0.528719239
3367,Allyl alcohol,107-18-6,MCF7,2,384,5.02E-08,3.62E-05,3.62E-05,1.000235302
3368,N-methylaniline,100-61-8,MCF7,2,384,5.41E-08,3.01E-05,3.02E-05,0.994431355
3369,"3,4-dichloroaniline",95-76-1,MCF7,2,384,1.24E-07,2.04E-05,2.20E-05,0.930025578
3370,4-decylaniline,37529-30-9,MCF7,2,384,4.09E-06,1.82E-07,1.79E-05,0.01014587
3371,naphthalene,91-20-3,MCF7,2,384,1.96E-07,9.38E-06,1.26E-05,0.746223652
3372,"1,2,4-trichlorobenzene",120-82-1,MCF7,2,384,8.78E-08,8.88E-07,2.55E-06,0.348332316
3373,"1,2-dichlorobenzene",95-50-1,MCF7,2,384,3.70E-08,1.33E-06,1.96E-06,0.680785945
3374,dichloromethane,75-09-2,MCF7,2,384,3.66E-09,2.38E-06,2.38E-06,0.998206451
3375,tetrachloroethylene,127-18-4,MCF7,2,384,1.31E-08,5.05E-07,7.25E-07,0.696672964
3376,"2,3-dimethyl-1,3-butadiene",513-81-5,MCF7,2,384,2.29E-10,1.80E-08,2.15E-08,0.838476732
3377,cyclosporine A,59865-13-3,MCF7,2,384,1.62E-07,1.73E-05,1.96E-05,0.882653472
3378,chlorpromazine,50-53-3,MCF7,2,384,1.91E-06,7.11E-07,1.66E-05,0.042757652
3379,PBDE 47,5436-43-1,MCF7,2,384,5.51E-06,7.81E-08,1.99E-05,0.003929009
3380,PBDE 99,60348-60-9,MCF7,2,384,6.93E-06,2.98E-08,2.22E-05,0.001342522
3381,PBDE 153,68631-49-2,MCF7,2,384,8.25E-06,9.17E-09,2.47E-05,0.000372014
3382,amiodarone,1951-25-3,MCF7,2,384,7.54E-06,1.81E-08,2.33E-05,0.000776636
3383,PFBS,375-73-5,MCF7,2,384,5.58E-08,3.34E-05,3.36E-05,0.996361397
3384,4:2 FTS,757124-72-4,MCF7,2,384,5.96E-08,3.12E-05,3.14E-05,0.992782666
3385,PFNA,375-95-1,MCF7,2,384,3.39E-06,2.70E-07,1.71E-05,0.015768742
3386,PFHxA,307-24-4,MCF7,2,384,6.02E-07,3.75E-06,1.56E-05,0.241309502
3387,PFBA,375-22-4,MCF7,2,384,5.79E-08,3.11E-05,3.13E-05,0.993490514
3388,PFOA,335-67-1,MCF7,2,384,5.50E-07,4.03E-06,1.47E-05,0.27439223
3389,6:2 FTS,27619-97-2,MCF7,2,384,1.68E-07,1.62E-05,1.87E-05,0.869228551
3390,8:2 FTS,39108-34-4,MCF7,2,384,5.89E-07,3.85E-06,1.54E-05,0.250477863
3391,PFUnDA,2058-94-8,MCF7,2,384,1.05E-06,1.62E-06,3.89E-05,0.041751562
3392,PFOS,1763-23-1,MCF7,2,384,1.05E-06,1.62E-06,3.89E-05,0.041751562
3393,PFHpA,375-85-9,MCF7,2,384,3.10E-07,8.94E-06,1.43E-05,0.624882399
3394,PFPeA,2706-90-3,MCF7,2,384,8.20E-08,2.45E-05,2.52E-05,0.970870084
3395,PFHxS,355-46-4,MCF7,2,384,1.26E-07,2.00E-05,2.16E-05,0.926731714
3396,PFDA,335-76-2,MCF7,2,384,2.02E-06,1.09E-06,3.79E-05,0.028655711
3397,Azathioprine,446-86-6,MCF7,2,384,5.38E-08,3.88E-05,3.88E-05,1.000259671
3398,Benzocaine,94-09-7,MCF7,2,384,6.28E-08,3.06E-05,3.09E-05,0.990681691
3399,Butylated hydroxyanisole,25013-16-5,MCF7,2,384,2.90E-07,1.07E-05,1.56E-05,0.686130849
3400,Cetirizine dihydrochloride,83881-52-1,MCF7,2,384,5.33E-08,3.74E-05,3.75E-05,0.999801852
3401,Cyclamate,139-05-9,MCF7,2,384,5.44E-08,3.95E-05,3.95E-05,1.000365602
3402,Cyclophosphamide,6055-19-2,MCF7,2,384,5.33E-08,3.75E-05,3.75E-05,0.999829995
3403,Cypermethrin,67375-30-8,MCF7,2,384,4.96E-06,1.09E-07,1.91E-05,0.005742934
3404,DEET,134-62-3,MCF7,2,384,7.61E-08,2.72E-05,2.78E-05,0.979296352
3405,Dexamethasone,50-02-2,MCF7,2,384,6.46E-08,3.00E-05,3.04E-05,0.989154705
3406,Digoxin,20830-75-5,MCF7,2,384,5.42E-08,3.51E-05,3.52E-05,0.998152269
3407,Fenazaquin,120928-09-8,MCF7,2,384,2.10E-06,6.20E-07,1.66E-05,0.037346358
3408,Fenbuconazole,114369-43-6,MCF7,2,384,2.34E-07,1.31E-05,1.68E-05,0.777564681
3409,Fluazinam,79622-59-6,MCF7,2,384,5.21E-07,5.04E-06,1.49E-05,0.337196496
3410,Furosemide,54-31-9,MCF7,2,384,5.70E-08,3.95E-05,3.99E-05,0.988819057
3411,Glybenclamide,10238-21-8,MCF7,2,384,1.07E-06,1.46E-06,1.76E-05,0.083044954
3412,HC Red 3,2871-01-4,MCF7,2,384,5.38E-08,3.87E-05,3.87E-05,1.000249737
3413,Hydralazine hydrochloride,304-20-1,MCF7,2,384,5.33E-08,3.74E-05,3.74E-05,0.999787255
3414,Ketoconazole,65277-42-1,MCF7,2,384,6.80E-07,2.99E-06,1.66E-05,0.179988856
3415,Metformin,1115-70-4,MCF7,2,384,5.46E-08,3.96E-05,3.96E-05,1.000377836
3416,Metoclopramide,364-62-5,MCF7,2,384,1.15E-07,2.15E-05,2.28E-05,0.940508131
3417,Nitrofurantoin,67-20-9,MCF7,2,384,5.43E-08,3.94E-05,3.94E-05,1.000357685
3418,Oxytetracycline hydrochloride,2058-46-0,MCF7,2,384,5.48E-08,3.98E-05,3.98E-05,1.000387563
3419,Panthenol,16485-10-2 ,MCF7,2,384,5.46E-08,3.96E-05,3.96E-05,1.000378555
3420,Paracetamol,103-90-2,MCF7,2,384,5.35E-08,3.81E-05,3.81E-05,1.000075203
3421,Topiramate,97240-79-4,MCF7,2,384,5.48E-08,3.98E-05,3.98E-05,1.000386574
3422,Trimellitic anhydride,552-30-7,MCF7,2,384,5.56E-08,3.39E-05,3.40E-05,0.99673725
3423,Verapamil hydrochloride,152-11-4,MCF7,2,384,7.42E-07,2.41E-06,1.76E-05,0.137294246
3424,Warfarin,129-06-6,MCF7,2,384,9.92E-08,2.34E-05,2.44E-05,0.957225144
3425,"2,4-Dinitrophenol",51-28-5,HCT116,2,384,2.93E-08,3.23E-05,3.25E-05,0.994283919
3426,Aldrin,309-00-2,HCT116,2,384,5.94E-06,1.27E-07,1.75E-05,0.007245657
3427,Azinphos-methyl,86-50-0,HCT116,2,384,1.52E-07,1.96E-05,2.14E-05,0.91971443
3428,Chlorpyrifos,2921-88-2,HCT116,2,384,1.63E-06,1.26E-06,1.71E-05,0.073737078
3429,"DDD-p,p'",50-29-3,HCT116,2,384,7.53E-06,6.18E-08,1.93E-05,0.003201257
3430,"DDT-o,p'",789-02-6,HCT116,2,384,6.27E-06,1.16E-07,1.80E-05,0.006455554
3431,"DDT-p,p'",72-54-8,HCT116,2,384,4.69E-06,2.43E-07,1.68E-05,0.014475667
3432,Diazinon,333-41-5,HCT116,2,384,5.85E-07,6.62E-06,1.46E-05,0.454744329
3433,Dicofol,115-32-2,HCT116,2,384,1.74E-06,1.17E-06,1.70E-05,0.068955307
3434,Dieldrin,60-57-1,HCT116,2,384,1.93E-06,1.03E-06,1.68E-05,0.061440283
3435,Disulfoton,298-04-4,HCT116,2,384,7.11E-07,4.94E-06,1.49E-05,0.331694573
3436,Endosulfan I,115-29-7,HCT116,2,384,5.96E-07,6.45E-06,1.46E-05,0.44251938
3437,Endrin,72-20-8,HCT116,2,384,2.62E-06,6.80E-07,1.63E-05,0.041634285
3438,Ethion,563-12-2,HCT116,2,384,1.83E-06,1.10E-06,1.69E-05,0.065127306
3439,Heptachlor,76-44-8,HCT116,2,384,4.61E-06,2.51E-07,1.67E-05,0.014982094
3440,Heptachlor epoxide B,1024-57-3,HCT116,2,384,1.66E-06,1.23E-06,1.71E-05,0.072120204
3441,Lindane,58-89-9,HCT116,2,384,5.29E-07,7.40E-06,1.45E-05,0.510217563
3442,"Methoxychlor-o,p'",72-43-5,HCT116,2,384,1.85E-06,1.09E-06,1.69E-05,0.06437867
3443,Parathion,56-38-2,HCT116,2,384,5.96E-07,6.45E-06,1.46E-05,0.44251938
3444,Trifluralin,1582-09-8,HCT116,2,384,2.40E-06,7.68E-07,1.64E-05,0.046854026
3445,Eugenol F,97-53-0,HCT116,2,384,7.10E-08,2.60E-05,2.67E-05,0.974200527
3446,Methyl-antranilate,134-20-3,HCT116,2,384,3.91E-08,3.04E-05,3.07E-05,0.99019704
3447,Lilyfore,285977-85-7,HCT116,2,384,3.04E-07,1.29E-05,1.67E-05,0.77326174
3448,Damascone beta,23726-91-2,HCT116,2,384,8.40E-07,3.11E-06,1.54E-05,0.202935234
3449,Veloutone,14595-54-1,HCT116,2,384,2.26E-06,8.33E-07,1.65E-05,0.050571755
3450,Verdox,82356-51-2,HCT116,2,384,5.80E-06,1.39E-07,1.75E-05,0.00796788
3451,Nirvanol,1506-02-1,HCT116,2,384,3.35E-06,4.62E-07,1.63E-05,0.028437992
3452,Cetalox,3738-00-9,HCT116,2,384,2.26E-06,6.29E-07,1.45E-05,0.043327129
3453,Tonalide,21145-77-7,HCT116,2,384,3.35E-06,4.62E-07,1.63E-05,0.028437992
3454,Caffeine,58-08-2,HCT116,2,384,1.25E-08,3.91E-05,3.91E-05,1.000304038
3455,Lamotrigine,84057-84-1,HCT116,2,384,1.16E-07,2.22E-05,2.35E-05,0.947481012
3456,Diclofenac,15307-79-6,HCT116,2,384,1.26E-08,4.00E-05,4.00E-05,0.999969329
3457,"2,4-Dichlorophenoxyacetic",94-75-7,HCT116,2,384,3.11E-08,3.69E-05,4.00E-05,0.924333076
3458,(S)-Naproxen,22204-53-1,HCT116,2,384,5.24E-08,3.30E-05,3.99E-05,0.828427689
3459,Ibuprofen,15687-27-1,HCT116,2,384,1.08E-07,2.18E-05,3.98E-05,0.549262767
3460,Torasemide,56211-40-6,HCT116,2,384,1.66E-07,2.37E-05,3.18E-05,0.743698713
3461,Warfarin,81-81-2,HCT116,2,384,2.78E-08,3.75E-05,3.99E-05,0.941505608
3462,di-n-butylphthalate,84-74-2,HCT116,2,384,1.10E-06,1.94E-06,1.83E-05,0.105854763
3463,hexachlorophene,70-30-4,HCT116,2,384,1.06E-05,2.90E-07,2.85E-05,0.010156585
3464,hexamethylenetetramine,100-97-0,HCT116,2,384,1.14E-08,3.65E-05,3.65E-05,1.000385412
3465,Malathion,121-75-5,HCT116,2,384,8.22E-08,2.49E-05,2.58E-05,0.967913055
3466,pentachlorophenol,87-86-5,HCT116,2,384,3.95E-07,3.23E-06,3.95E-05,0.08201945
3467,"2,2,2-trichloroethanol",115-20-8,HCT116,2,384,2.01E-08,3.12E-05,3.13E-05,0.997078122
3468,diethylphthalate,84-66-2,HCT116,2,384,9.33E-08,2.39E-05,2.49E-05,0.961116816
3469,4-chlorophenol,106-48-9,HCT116,2,384,8.60E-08,2.45E-05,2.54E-05,0.965509205
3470,permethrin,52645-53-1,HCT116,2,384,6.05E-06,1.29E-07,1.78E-05,0.007245657
3471,Aniline,62-53-3,HCT116,2,384,1.49E-08,3.64E-05,3.64E-05,0.999464278
3472,4-fluoroaniline,371-40-4,HCT116,2,384,1.71E-08,3.49E-05,3.50E-05,0.998681172
3473,"2,4,6-trichlorophenol",88-06-2,HCT116,2,384,5.08E-07,7.62E-06,1.44E-05,0.528719239
3474,Allyl alcohol,107-18-6,HCT116,2,384,1.19E-08,3.62E-05,3.62E-05,1.000235302
3475,N-methylaniline,100-61-8,HCT116,2,384,2.69E-08,3.01E-05,3.03E-05,0.994431355
3476,"3,4-dichloroaniline",95-76-1,HCT116,2,384,1.38E-07,2.04E-05,2.20E-05,0.930025578
3477,4-decylaniline,37529-30-9,HCT116,2,384,5.39E-06,1.75E-07,1.73E-05,0.01014587
3478,naphthalene,91-20-3,HCT116,2,384,2.54E-07,9.37E-06,1.26E-05,0.746223652
3479,"1,2,4-trichlorobenzene",120-82-1,HCT116,2,384,1.19E-07,8.87E-07,2.55E-06,0.348332316
3480,"1,2-dichlorobenzene",95-50-1,HCT116,2,384,4.87E-08,1.33E-06,1.96E-06,0.680785945
3481,dichloromethane,75-09-2,HCT116,2,384,1.27E-09,2.38E-06,2.38E-06,0.998206451
3482,tetrachloroethylene,127-18-4,HCT116,2,384,1.72E-08,5.05E-07,7.25E-07,0.696672964
3483,"2,3-dimethyl-1,3-butadiene",513-81-5,HCT116,2,384,2.87E-10,1.80E-08,2.15E-08,0.838476732
3484,cyclosporine A,59865-13-3,HCT116,2,384,1.95E-07,1.72E-05,1.95E-05,0.882653472
3485,chlorpromazine,50-53-3,HCT116,2,384,2.57E-06,6.99E-07,1.63E-05,0.042757652
3486,PBDE 47,5436-43-1,HCT116,2,384,7.18E-06,7.43E-08,1.89E-05,0.003929009
3487,PBDE 99,60348-60-9,HCT116,2,384,8.91E-06,2.80E-08,2.09E-05,0.001342522
3488,PBDE 153,68631-49-2,HCT116,2,384,1.05E-05,8.52E-09,2.29E-05,0.000372014
3489,amiodarone,1951-25-3,HCT116,2,384,9.64E-06,1.69E-08,2.18E-05,0.000776636
3490,PFBS,375-73-5,HCT116,2,384,2.38E-08,3.35E-05,3.36E-05,0.996361397
3491,4:2 FTS,757124-72-4,HCT116,2,384,3.27E-08,3.12E-05,3.15E-05,0.992782666
3492,PFNA,375-95-1,HCT116,2,384,4.50E-06,2.62E-07,1.66E-05,0.015768742
3493,PFHxA,307-24-4,HCT116,2,384,8.16E-07,3.73E-06,1.55E-05,0.241309502
3494,PFBA,375-22-4,HCT116,2,384,3.05E-08,3.11E-05,3.13E-05,0.993490514
3495,PFOA,335-67-1,HCT116,2,384,7.46E-07,4.01E-06,1.46E-05,0.27439223
3496,6:2 FTS,27619-97-2,HCT116,2,384,2.06E-07,1.62E-05,1.87E-05,0.869228551
3497,8:2 FTS,39108-34-4,HCT116,2,384,7.99E-07,3.82E-06,1.53E-05,0.250477863
3498,PFUnDA,2058-94-8,HCT116,2,384,1.33E-06,1.61E-06,3.86E-05,0.041751562
3499,PFOS,1763-23-1,HCT116,2,384,1.33E-06,1.61E-06,3.86E-05,0.041751562
3500,PFHpA,375-85-9,HCT116,2,384,4.11E-07,8.92E-06,1.43E-05,0.624882399
3501,PFPeA,2706-90-3,HCT116,2,384,7.41E-08,2.45E-05,2.52E-05,0.970870084
3502,PFHxS,355-46-4,HCT116,2,384,1.41E-07,2.00E-05,2.16E-05,0.926731714
3503,PFDA,335-76-2,HCT116,2,384,2.53E-06,1.07E-06,3.74E-05,0.028655711
3504,Azathioprine,446-86-6,HCT116,2,384,1.27E-08,3.88E-05,3.88E-05,1.000259671
3505,Benzocaine,94-09-7,HCT116,2,384,3.80E-08,3.06E-05,3.09E-05,0.990681691
3506,Butylated hydroxyanisole,25013-16-5,HCT116,2,384,3.81E-07,1.07E-05,1.55E-05,0.686130849
3507,Cetirizine dihydrochloride,83881-52-1,HCT116,2,384,1.41E-08,3.75E-05,3.75E-05,0.999801852
3508,Cyclamate,139-05-9,HCT116,2,384,1.24E-08,3.95E-05,3.95E-05,1.000365602
3509,Cyclophosphamide,6055-19-2,HCT116,2,384,1.40E-08,3.75E-05,3.76E-05,0.999829995
3510,Cypermethrin,67375-30-8,HCT116,2,384,6.49E-06,1.05E-07,1.82E-05,0.005742934
3511,DEET,134-62-3,HCT116,2,384,6.17E-08,2.72E-05,2.78E-05,0.979296352
3512,Dexamethasone,50-02-2,HCT116,2,384,4.14E-08,3.00E-05,3.04E-05,0.989154705
3513,Digoxin,20830-75-5,HCT116,2,384,1.90E-08,3.52E-05,3.52E-05,0.998152269
3514,Fenazaquin,120928-09-8,HCT116,2,384,2.83E-06,6.08E-07,1.63E-05,0.037346358
3515,Fenbuconazole,114369-43-6,HCT116,2,384,3.00E-07,1.30E-05,1.68E-05,0.777564681
3516,Fluazinam,79622-59-6,HCT116,2,384,7.05E-07,5.01E-06,1.49E-05,0.337196496
3517,Furosemide,54-31-9,HCT116,2,384,1.57E-08,3.95E-05,4.00E-05,0.988819057
3518,Glybenclamide,10238-21-8,HCT116,2,384,1.44E-06,1.45E-06,1.75E-05,0.083044954
3519,HC Red 3,2871-01-4,HCT116,2,384,1.27E-08,3.88E-05,3.88E-05,1.000249737
3520,Hydralazine hydrochloride,304-20-1,HCT116,2,384,1.41E-08,3.74E-05,3.75E-05,0.999787255
3521,Ketoconazole,65277-42-1,HCT116,2,384,9.23E-07,2.97E-06,1.65E-05,0.179988856
3522,Metformin,1115-70-4,HCT116,2,384,1.24E-08,3.97E-05,3.97E-05,1.000377836
3523,Metoclopramide,364-62-5,HCT116,2,384,1.24E-07,2.15E-05,2.28E-05,0.940508131
3524,Nitrofurantoin,67-20-9,HCT116,2,384,1.24E-08,3.94E-05,3.94E-05,1.000357685
3525,Oxytetracycline hydrochloride,2058-46-0,HCT116,2,384,1.24E-08,3.98E-05,3.98E-05,1.000387563
3526,Panthenol,16485-10-2 ,HCT116,2,384,1.24E-08,3.97E-05,3.97E-05,1.000378555
3527,Paracetamol,103-90-2,HCT116,2,384,1.32E-08,3.82E-05,3.82E-05,1.000075203
3528,Topiramate,97240-79-4,HCT116,2,384,1.24E-08,3.98E-05,3.98E-05,1.000386574
3529,Trimellitic anhydride,552-30-7,HCT116,2,384,2.29E-08,3.39E-05,3.40E-05,0.99673725
3530,Verapamil hydrochloride,152-11-4,HCT116,2,384,1.01E-06,2.40E-06,1.75E-05,0.137294246
3531,Warfarin,129-06-6,HCT116,2,384,9.95E-08,2.34E-05,2.44E-05,0.957225144
3532,"2,4-Dinitrophenol",51-28-5,HEK293T,2,384,5.28E-08,3.23E-05,3.25E-05,0.994283919
3533,Aldrin,309-00-2,HEK293T,2,384,6.90E-06,1.23E-07,1.70E-05,0.007245657
3534,Azinphos-methyl,86-50-0,HEK293T,2,384,1.92E-07,1.96E-05,2.13E-05,0.91971443
3535,Chlorpyrifos,2921-88-2,HEK293T,2,384,1.93E-06,1.25E-06,1.70E-05,0.073737078
3536,"DDD-p,p'",50-29-3,HEK293T,2,384,8.68E-06,5.96E-08,1.86E-05,0.003201257
3537,"DDT-o,p'",789-02-6,HEK293T,2,384,7.27E-06,1.13E-07,1.75E-05,0.006455554
3538,"DDT-p,p'",72-54-8,HEK293T,2,384,5.48E-06,2.38E-07,1.64E-05,0.014475667
3539,Diazinon,333-41-5,HEK293T,2,384,7.02E-07,6.60E-06,1.45E-05,0.454744329
3540,Dicofol,115-32-2,HEK293T,2,384,2.06E-06,1.16E-06,1.69E-05,0.068955307
3541,Dieldrin,60-57-1,HEK293T,2,384,2.28E-06,1.02E-06,1.66E-05,0.061440283
3542,Disulfoton,298-04-4,HEK293T,2,384,8.52E-07,4.93E-06,1.49E-05,0.331694573
3543,Endosulfan I,115-29-7,HEK293T,2,384,7.16E-07,6.43E-06,1.45E-05,0.44251938
3544,Endrin,72-20-8,HEK293T,2,384,3.10E-06,6.71E-07,1.61E-05,0.041634285
3545,Ethion,563-12-2,HEK293T,2,384,2.17E-06,1.09E-06,1.67E-05,0.065127306
3546,Heptachlor,76-44-8,HEK293T,2,384,5.40E-06,2.45E-07,1.64E-05,0.014982094
3547,Heptachlor epoxide B,1024-57-3,HEK293T,2,384,1.98E-06,1.22E-06,1.70E-05,0.072120204
3548,Lindane,58-89-9,HEK293T,2,384,6.37E-07,7.38E-06,1.45E-05,0.510217563
3549,"Methoxychlor-o,p'",72-43-5,HEK293T,2,384,2.19E-06,1.08E-06,1.67E-05,0.06437867
3550,Parathion,56-38-2,HEK293T,2,384,7.16E-07,6.43E-06,1.45E-05,0.44251938
3551,Trifluralin,1582-09-8,HEK293T,2,384,2.84E-06,7.59E-07,1.62E-05,0.046854026
3552,Eugenol F,97-53-0,HEK293T,2,384,9.94E-08,2.60E-05,2.67E-05,0.974200527
3553,Methyl-antranilate,134-20-3,HEK293T,2,384,6.35E-08,3.04E-05,3.07E-05,0.99019704
3554,Lilyfore,285977-85-7,HEK293T,2,384,3.71E-07,1.29E-05,1.67E-05,0.77326174
3555,Damascone beta,23726-91-2,HEK293T,2,384,1.00E-06,3.10E-06,1.53E-05,0.202935234
3556,Veloutone,14595-54-1,HEK293T,2,384,2.68E-06,8.23E-07,1.63E-05,0.050571755
3557,Verdox,82356-51-2,HEK293T,2,384,6.74E-06,1.35E-07,1.70E-05,0.00796788
3558,Nirvanol,1506-02-1,HEK293T,2,384,3.94E-06,4.55E-07,1.60E-05,0.028437992
3559,Cetalox,3738-00-9,HEK293T,2,384,2.68E-06,6.23E-07,1.44E-05,0.043327129
3560,Tonalide,21145-77-7,HEK293T,2,384,3.94E-06,4.55E-07,1.60E-05,0.028437992
3561,Caffeine,58-08-2,HEK293T,2,384,3.64E-08,3.90E-05,3.90E-05,1.000304038
3562,Lamotrigine,84057-84-1,HEK293T,2,384,1.53E-07,2.22E-05,2.34E-05,0.947481012
3563,Diclofenac,15307-79-6,HEK293T,2,384,3.69E-08,3.99E-05,4.00E-05,0.999969329
3564,"2,4-Dichlorophenoxyacetic",94-75-7,HEK293T,2,384,5.59E-08,3.69E-05,3.99E-05,0.924333076
3565,(S)-Naproxen,22204-53-1,HEK293T,2,384,7.76E-08,3.30E-05,3.99E-05,0.828427689
3566,Ibuprofen,15687-27-1,HEK293T,2,384,1.34E-07,2.18E-05,3.98E-05,0.549262767
3567,Torasemide,56211-40-6,HEK293T,2,384,2.08E-07,2.36E-05,3.18E-05,0.743698713
3568,Warfarin,81-81-2,HEK293T,2,384,5.26E-08,3.75E-05,3.98E-05,0.941505608
3569,di-n-butylphthalate,84-74-2,HEK293T,2,384,1.31E-06,1.93E-06,1.82E-05,0.105854763
3570,hexachlorophene,70-30-4,HEK293T,2,384,1.16E-05,2.80E-07,2.76E-05,0.010156585
3571,hexamethylenetetramine,100-97-0,HEK293T,2,384,3.36E-08,3.65E-05,3.65E-05,1.000385412
3572,Malathion,121-75-5,HEK293T,2,384,1.12E-07,2.49E-05,2.58E-05,0.967913055
3573,pentachlorophenol,87-86-5,HEK293T,2,384,4.45E-07,3.23E-06,3.94E-05,0.08201945
3574,"2,2,2-trichloroethanol",115-20-8,HEK293T,2,384,4.12E-08,3.12E-05,3.13E-05,0.997078122
3575,diethylphthalate,84-66-2,HEK293T,2,384,1.25E-07,2.39E-05,2.48E-05,0.961116816
3576,4-chlorophenol,106-48-9,HEK293T,2,384,1.17E-07,2.45E-05,2.54E-05,0.965509205
3577,permethrin,52645-53-1,HEK293T,2,384,7.02E-06,1.25E-07,1.73E-05,0.007245657
3578,Aniline,62-53-3,HEK293T,2,384,3.78E-08,3.64E-05,3.64E-05,0.999464278
3579,4-fluoroaniline,371-40-4,HEK293T,2,384,3.96E-08,3.49E-05,3.50E-05,0.998681172
3580,"2,4,6-trichlorophenol",88-06-2,HEK293T,2,384,6.12E-07,7.60E-06,1.44E-05,0.528719239
3581,Allyl alcohol,107-18-6,HEK293T,2,384,3.40E-08,3.62E-05,3.62E-05,1.000235302
3582,N-methylaniline,100-61-8,HEK293T,2,384,4.87E-08,3.01E-05,3.03E-05,0.994431355
3583,"3,4-dichloroaniline",95-76-1,HEK293T,2,384,1.77E-07,2.04E-05,2.19E-05,0.930025578
3584,4-decylaniline,37529-30-9,HEK293T,2,384,6.28E-06,1.71E-07,1.68E-05,0.01014587
3585,naphthalene,91-20-3,HEK293T,2,384,3.09E-07,9.36E-06,1.25E-05,0.746223652
3586,"1,2,4-trichlorobenzene",120-82-1,HEK293T,2,384,1.43E-07,8.87E-07,2.55E-06,0.348332316
3587,"1,2-dichlorobenzene",95-50-1,HEK293T,2,384,5.91E-08,1.33E-06,1.96E-06,0.680785945
3588,dichloromethane,75-09-2,HEK293T,2,384,2.83E-09,2.38E-06,2.38E-06,0.998206451
3589,tetrachloroethylene,127-18-4,HEK293T,2,384,2.09E-08,5.05E-07,7.25E-07,0.696672964
3590,"2,3-dimethyl-1,3-butadiene",513-81-5,HEK293T,2,384,3.54E-10,1.80E-08,2.15E-08,0.838476732
3591,cyclosporine A,59865-13-3,HEK293T,2,384,2.44E-07,1.72E-05,1.95E-05,0.882653472
3592,chlorpromazine,50-53-3,HEK293T,2,384,3.04E-06,6.90E-07,1.61E-05,0.042757652
3593,PBDE 47,5436-43-1,HEK293T,2,384,8.29E-06,7.18E-08,1.83E-05,0.003929009
3594,PBDE 99,60348-60-9,HEK293T,2,384,1.02E-05,2.69E-08,2.00E-05,0.001342522
3595,PBDE 153,68631-49-2,HEK293T,2,384,1.19E-05,8.11E-09,2.18E-05,0.000372014
3596,amiodarone,1951-25-3,HEK293T,2,384,1.10E-05,1.62E-08,2.09E-05,0.000776636
3597,PFBS,375-73-5,HEK293T,2,384,4.69E-08,3.34E-05,3.36E-05,0.996361397
3598,4:2 FTS,757124-72-4,HEK293T,2,384,5.63E-08,3.12E-05,3.14E-05,0.992782666
3599,PFNA,375-95-1,HEK293T,2,384,5.26E-06,2.56E-07,1.63E-05,0.015768742
3600,PFHxA,307-24-4,HEK293T,2,384,9.76E-07,3.72E-06,1.54E-05,0.241309502
3601,PFBA,375-22-4,HEK293T,2,384,5.36E-08,3.11E-05,3.13E-05,0.993490514
3602,PFOA,335-67-1,HEK293T,2,384,8.92E-07,4.00E-06,1.46E-05,0.27439223
3603,6:2 FTS,27619-97-2,HEK293T,2,384,2.55E-07,1.62E-05,1.86E-05,0.869228551
3604,8:2 FTS,39108-34-4,HEK293T,2,384,9.55E-07,3.81E-06,1.52E-05,0.250477863
3605,PFUnDA,2058-94-8,HEK293T,2,384,1.49E-06,1.61E-06,3.85E-05,0.041751562
3606,PFOS,1763-23-1,HEK293T,2,384,1.49E-06,1.61E-06,3.85E-05,0.041751562
3607,PFHpA,375-85-9,HEK293T,2,384,4.97E-07,8.90E-06,1.43E-05,0.624882399
3608,PFPeA,2706-90-3,HEK293T,2,384,1.02E-07,2.45E-05,2.52E-05,0.970870084
3609,PFHxS,355-46-4,HEK293T,2,384,1.80E-07,2.00E-05,2.16E-05,0.926731714
3610,PFDA,335-76-2,HEK293T,2,384,2.82E-06,1.06E-06,3.71E-05,0.028655711
3611,Azathioprine,446-86-6,HEK293T,2,384,3.64E-08,3.88E-05,3.88E-05,1.000259671
3612,Benzocaine,94-09-7,HEK293T,2,384,6.23E-08,3.06E-05,3.09E-05,0.990681691
3613,Butylated hydroxyanisole,25013-16-5,HEK293T,2,384,4.61E-07,1.06E-05,1.55E-05,0.686130849
3614,Cetirizine dihydrochloride,83881-52-1,HEK293T,2,384,3.73E-08,3.75E-05,3.75E-05,0.999801852
3615,Cyclamate,139-05-9,HEK293T,2,384,3.65E-08,3.95E-05,3.95E-05,1.000365602
3616,Cyclophosphamide,6055-19-2,HEK293T,2,384,3.73E-08,3.75E-05,3.75E-05,0.999829995
3617,Cypermethrin,67375-30-8,HEK293T,2,384,7.52E-06,1.01E-07,1.77E-05,0.005742934
3618,DEET,134-62-3,HEK293T,2,384,8.89E-08,2.72E-05,2.77E-05,0.979296352
3619,Dexamethasone,50-02-2,HEK293T,2,384,6.61E-08,3.00E-05,3.04E-05,0.989154705
3620,Digoxin,20830-75-5,HEK293T,2,384,4.20E-08,3.51E-05,3.52E-05,0.998152269
3621,Fenazaquin,120928-09-8,HEK293T,2,384,3.33E-06,6.00E-07,1.61E-05,0.037346358
3622,Fenbuconazole,114369-43-6,HEK293T,2,384,3.66E-07,1.30E-05,1.67E-05,0.777564681
3623,Fluazinam,79622-59-6,HEK293T,2,384,8.44E-07,5.00E-06,1.48E-05,0.337196496
3624,Furosemide,54-31-9,HEK293T,2,384,4.01E-08,3.95E-05,4.00E-05,0.988819057
3625,Glybenclamide,10238-21-8,HEK293T,2,384,1.72E-06,1.44E-06,1.73E-05,0.083044954
3626,HC Red 3,2871-01-4,HEK293T,2,384,3.64E-08,3.88E-05,3.88E-05,1.000249737
3627,Hydralazine hydrochloride,304-20-1,HEK293T,2,384,3.74E-08,3.74E-05,3.74E-05,0.999787255
3628,Ketoconazole,65277-42-1,HEK293T,2,384,1.10E-06,2.96E-06,1.65E-05,0.179988856
3629,Metformin,1115-70-4,HEK293T,2,384,3.65E-08,3.96E-05,3.96E-05,1.000377836
3630,Metoclopramide,364-62-5,HEK293T,2,384,1.60E-07,2.14E-05,2.28E-05,0.940508131
3631,Nitrofurantoin,67-20-9,HEK293T,2,384,3.64E-08,3.94E-05,3.94E-05,1.000357685
3632,Oxytetracycline hydrochloride,2058-46-0,HEK293T,2,384,3.66E-08,3.98E-05,3.98E-05,1.000387563
3633,Panthenol,16485-10-2 ,HEK293T,2,384,3.65E-08,3.96E-05,3.96E-05,1.000378555
3634,Paracetamol,103-90-2,HEK293T,2,384,3.67E-08,3.81E-05,3.81E-05,1.000075203
3635,Topiramate,97240-79-4,HEK293T,2,384,3.66E-08,3.98E-05,3.98E-05,1.000386574
3636,Trimellitic anhydride,552-30-7,HEK293T,2,384,4.60E-08,3.39E-05,3.40E-05,0.99673725
3637,Verapamil hydrochloride,152-11-4,HEK293T,2,384,1.20E-06,2.39E-06,1.74E-05,0.137294246
3638,Warfarin,129-06-6,HEK293T,2,384,1.32E-07,2.33E-05,2.44E-05,0.957225144
3639,"2,4-Dinitrophenol",51-28-5,HepG2,2,384,3.88E-08,3.23E-05,3.25E-05,0.994283919
3640,Aldrin,309-00-2,HepG2,2,384,7.88E-06,1.20E-07,1.65E-05,0.007245657
3641,Azinphos-methyl,86-50-0,HepG2,2,384,2.11E-07,1.96E-05,2.13E-05,0.91971443
3642,Chlorpyrifos,2921-88-2,HepG2,2,384,2.25E-06,1.24E-06,1.69E-05,0.073737078
3643,"DDD-p,p'",50-29-3,HepG2,2,384,9.84E-06,5.74E-08,1.79E-05,0.003201257
3644,"DDT-o,p'",789-02-6,HepG2,2,384,8.29E-06,1.09E-07,1.69E-05,0.006455554
3645,"DDT-p,p'",72-54-8,HepG2,2,384,6.29E-06,2.32E-07,1.60E-05,0.014475667
3646,Diazinon,333-41-5,HepG2,2,384,8.16E-07,6.59E-06,1.45E-05,0.454744329
3647,Dicofol,115-32-2,HepG2,2,384,2.40E-06,1.15E-06,1.67E-05,0.068955307
3648,Dieldrin,60-57-1,HepG2,2,384,2.66E-06,1.01E-06,1.64E-05,0.061440283
3649,Disulfoton,298-04-4,HepG2,2,384,9.91E-07,4.91E-06,1.48E-05,0.331694573
3650,Endosulfan I,115-29-7,HepG2,2,384,8.32E-07,6.41E-06,1.45E-05,0.44251938
3651,Endrin,72-20-8,HepG2,2,384,3.59E-06,6.62E-07,1.59E-05,0.041634285
3652,Ethion,563-12-2,HepG2,2,384,2.52E-06,1.08E-06,1.66E-05,0.065127306
3653,Heptachlor,76-44-8,HepG2,2,384,6.20E-06,2.39E-07,1.60E-05,0.014982094
3654,Heptachlor epoxide B,1024-57-3,HepG2,2,384,2.30E-06,1.21E-06,1.68E-05,0.072120204
3655,Lindane,58-89-9,HepG2,2,384,7.39E-07,7.36E-06,1.44E-05,0.510217563
3656,"Methoxychlor-o,p'",72-43-5,HepG2,2,384,2.55E-06,1.07E-06,1.66E-05,0.06437867
3657,Parathion,56-38-2,HepG2,2,384,8.32E-07,6.41E-06,1.45E-05,0.44251938
3658,Trifluralin,1582-09-8,HepG2,2,384,3.29E-06,7.49E-07,1.60E-05,0.046854026
3659,Eugenol F,97-53-0,HepG2,2,384,9.77E-08,2.60E-05,2.67E-05,0.974200527
3660,Methyl-antranilate,134-20-3,HepG2,2,384,5.26E-08,3.04E-05,3.07E-05,0.99019704
3661,Lilyfore,285977-85-7,HepG2,2,384,4.24E-07,1.29E-05,1.66E-05,0.77326174
3662,Damascone beta,23726-91-2,HepG2,2,384,1.17E-06,3.09E-06,1.52E-05,0.202935234
3663,Veloutone,14595-54-1,HepG2,2,384,3.11E-06,8.14E-07,1.61E-05,0.050571755
3664,Verdox,82356-51-2,HepG2,2,384,7.70E-06,1.31E-07,1.65E-05,0.00796788
3665,Nirvanol,1506-02-1,HepG2,2,384,4.55E-06,4.47E-07,1.57E-05,0.028437992
3666,Cetalox,3738-00-9,HepG2,2,384,3.11E-06,6.15E-07,1.42E-05,0.043327129
3667,Tonalide,21145-77-7,HepG2,2,384,4.55E-06,4.47E-07,1.57E-05,0.028437992
3668,Caffeine,58-08-2,HepG2,2,384,1.48E-08,3.90E-05,3.91E-05,1.000304038
3669,Lamotrigine,84057-84-1,HepG2,2,384,1.60E-07,2.22E-05,2.34E-05,0.947481012
3670,Diclofenac,15307-79-6,HepG2,2,384,1.48E-08,4.00E-05,4.00E-05,0.999969329
3671,"2,4-Dichlorophenoxyacetic",94-75-7,HepG2,2,384,4.19E-08,3.69E-05,3.99E-05,0.924333076
3672,(S)-Naproxen,22204-53-1,HepG2,2,384,7.29E-08,3.30E-05,3.99E-05,0.828427689
3673,Ibuprofen,15687-27-1,HepG2,2,384,1.55E-07,2.18E-05,3.97E-05,0.549262767
3674,Torasemide,56211-40-6,HepG2,2,384,2.32E-07,2.36E-05,3.18E-05,0.743698713
3675,Warfarin,81-81-2,HepG2,2,384,3.70E-08,3.75E-05,3.98E-05,0.941505608
3676,di-n-butylphthalate,84-74-2,HepG2,2,384,1.53E-06,1.92E-06,1.81E-05,0.105854763
3677,hexachlorophene,70-30-4,HepG2,2,384,1.37E-05,2.59E-07,2.55E-05,0.010156585
3678,hexamethylenetetramine,100-97-0,HepG2,2,384,1.34E-08,3.65E-05,3.65E-05,1.000385412
3679,Malathion,121-75-5,HepG2,2,384,1.13E-07,2.49E-05,2.58E-05,0.967913055
3680,pentachlorophenol,87-86-5,HepG2,2,384,5.68E-07,3.22E-06,3.93E-05,0.08201945
3681,"2,2,2-trichloroethanol",115-20-8,HepG2,2,384,2.59E-08,3.12E-05,3.13E-05,0.997078122
3682,diethylphthalate,84-66-2,HepG2,2,384,1.29E-07,2.39E-05,2.48E-05,0.961116816
3683,4-chlorophenol,106-48-9,HepG2,2,384,1.19E-07,2.45E-05,2.54E-05,0.965509205
3684,permethrin,52645-53-1,HepG2,2,384,8.01E-06,1.22E-07,1.68E-05,0.007245657
3685,Aniline,62-53-3,HepG2,2,384,1.83E-08,3.64E-05,3.64E-05,0.999464278
3686,4-fluoroaniline,371-40-4,HepG2,2,384,2.14E-08,3.49E-05,3.50E-05,0.998681172
3687,"2,4,6-trichlorophenol",88-06-2,HepG2,2,384,7.10E-07,7.58E-06,1.43E-05,0.528719239
3688,Allyl alcohol,107-18-6,HepG2,2,384,1.41E-08,3.62E-05,3.62E-05,1.000235302
3689,N-methylaniline,100-61-8,HepG2,2,384,3.55E-08,3.01E-05,3.03E-05,0.994431355
3690,"3,4-dichloroaniline",95-76-1,HepG2,2,384,1.92E-07,2.04E-05,2.19E-05,0.930025578
3691,4-decylaniline,37529-30-9,HepG2,2,384,7.19E-06,1.66E-07,1.64E-05,0.01014587
3692,naphthalene,91-20-3,HepG2,2,384,3.54E-07,9.35E-06,1.25E-05,0.746223652
3693,"1,2,4-trichlorobenzene",120-82-1,HepG2,2,384,1.67E-07,8.86E-07,2.55E-06,0.348332316
3694,"1,2-dichlorobenzene",95-50-1,HepG2,2,384,6.82E-08,1.33E-06,1.96E-06,0.680785945
3695,dichloromethane,75-09-2,HepG2,2,384,1.61E-09,2.38E-06,2.38E-06,0.998206451
3696,tetrachloroethylene,127-18-4,HepG2,2,384,2.41E-08,5.05E-07,7.24E-07,0.696672964
3697,"2,3-dimethyl-1,3-butadiene",513-81-5,HepG2,2,384,4.01E-10,1.80E-08,2.15E-08,0.838476732
3698,cyclosporine A,59865-13-3,HepG2,2,384,2.72E-07,1.72E-05,1.95E-05,0.882653472
3699,chlorpromazine,50-53-3,HepG2,2,384,3.52E-06,6.81E-07,1.59E-05,0.042757652
3700,PBDE 47,5436-43-1,HepG2,2,384,9.41E-06,6.93E-08,1.76E-05,0.003929009
3701,PBDE 99,60348-60-9,HepG2,2,384,1.15E-05,2.57E-08,1.92E-05,0.001342522
3702,PBDE 153,68631-49-2,HepG2,2,384,1.33E-05,7.70E-09,2.07E-05,0.000372014
3703,amiodarone,1951-25-3,HepG2,2,384,1.24E-05,1.54E-08,1.99E-05,0.000776636
3704,PFBS,375-73-5,HepG2,2,384,3.10E-08,3.35E-05,3.36E-05,0.996361397
3705,4:2 FTS,757124-72-4,HepG2,2,384,4.36E-08,3.12E-05,3.14E-05,0.992782666
3706,PFNA,375-95-1,HepG2,2,384,6.04E-06,2.50E-07,1.59E-05,0.015768742
3707,PFHxA,307-24-4,HepG2,2,384,1.14E-06,3.70E-06,1.53E-05,0.241309502
3708,PFBA,375-22-4,HepG2,2,384,4.05E-08,3.11E-05,3.13E-05,0.993490514
3709,PFOA,335-67-1,HepG2,2,384,1.04E-06,3.98E-06,1.45E-05,0.27439223
3710,6:2 FTS,27619-97-2,HepG2,2,384,2.87E-07,1.62E-05,1.86E-05,0.869228551
3711,8:2 FTS,39108-34-4,HepG2,2,384,1.11E-06,3.79E-06,1.52E-05,0.250477863
3712,PFUnDA,2058-94-8,HepG2,2,384,1.89E-06,1.59E-06,3.81E-05,0.041751562
3713,PFOS,1763-23-1,HepG2,2,384,1.89E-06,1.59E-06,3.81E-05,0.041751562
3714,PFHpA,375-85-9,HepG2,2,384,5.74E-07,8.88E-06,1.42E-05,0.624882399
3715,PFPeA,2706-90-3,HepG2,2,384,1.02E-07,2.45E-05,2.52E-05,0.970870084
3716,PFHxS,355-46-4,HepG2,2,384,1.96E-07,2.00E-05,2.15E-05,0.926731714
3717,PFDA,335-76-2,HepG2,2,384,3.56E-06,1.04E-06,3.64E-05,0.028655711
3718,Azathioprine,446-86-6,HepG2,2,384,1.50E-08,3.88E-05,3.88E-05,1.000259671
3719,Benzocaine,94-09-7,HepG2,2,384,5.10E-08,3.06E-05,3.09E-05,0.990681691
3720,Butylated hydroxyanisole,25013-16-5,HepG2,2,384,5.31E-07,1.06E-05,1.55E-05,0.686130849
3721,Cetirizine dihydrochloride,83881-52-1,HepG2,2,384,1.70E-08,3.75E-05,3.75E-05,0.999801852
3722,Cyclamate,139-05-9,HepG2,2,384,1.46E-08,3.95E-05,3.95E-05,1.000365602
3723,Cyclophosphamide,6055-19-2,HepG2,2,384,1.69E-08,3.75E-05,3.76E-05,0.999829995
3724,Cypermethrin,67375-30-8,HepG2,2,384,8.56E-06,9.82E-08,1.71E-05,0.005742934
3725,DEET,134-62-3,HepG2,2,384,8.46E-08,2.72E-05,2.77E-05,0.979296352
3726,Dexamethasone,50-02-2,HepG2,2,384,5.59E-08,3.00E-05,3.04E-05,0.989154705
3727,Digoxin,20830-75-5,HepG2,2,384,2.41E-08,3.51E-05,3.52E-05,0.998152269
3728,Fenazaquin,120928-09-8,HepG2,2,384,3.86E-06,5.91E-07,1.58E-05,0.037346358
3729,Fenbuconazole,114369-43-6,HepG2,2,384,4.19E-07,1.30E-05,1.67E-05,0.777564681
3730,Fluazinam,79622-59-6,HepG2,2,384,9.82E-07,4.98E-06,1.48E-05,0.337196496
3731,Furosemide,54-31-9,HepG2,2,384,1.93E-08,3.95E-05,4.00E-05,0.988819057
3732,Glybenclamide,10238-21-8,HepG2,2,384,2.00E-06,1.43E-06,1.72E-05,0.083044954
3733,HC Red 3,2871-01-4,HepG2,2,384,1.50E-08,3.88E-05,3.88E-05,1.000249737
3734,Hydralazine hydrochloride,304-20-1,HepG2,2,384,1.71E-08,3.74E-05,3.75E-05,0.999787255
3735,Ketoconazole,65277-42-1,HepG2,2,384,1.28E-06,2.95E-06,1.64E-05,0.179988856
3736,Metformin,1115-70-4,HepG2,2,384,1.45E-08,3.97E-05,3.97E-05,1.000377836
3737,Metoclopramide,364-62-5,HepG2,2,384,1.72E-07,2.14E-05,2.28E-05,0.940508131
3738,Nitrofurantoin,67-20-9,HepG2,2,384,1.46E-08,3.94E-05,3.94E-05,1.000357685
3739,Oxytetracycline hydrochloride,2058-46-0,HepG2,2,384,1.45E-08,3.98E-05,3.98E-05,1.000387563
3740,Panthenol,16485-10-2 ,HepG2,2,384,1.45E-08,3.97E-05,3.97E-05,1.000378555
3741,Paracetamol,103-90-2,HepG2,2,384,1.58E-08,3.82E-05,3.82E-05,1.000075203
3742,Topiramate,97240-79-4,HepG2,2,384,1.45E-08,3.98E-05,3.98E-05,1.000386574
3743,Trimellitic anhydride,552-30-7,HepG2,2,384,2.97E-08,3.39E-05,3.40E-05,0.99673725
3744,Verapamil hydrochloride,152-11-4,HepG2,2,384,1.40E-06,2.37E-06,1.73E-05,0.137294246
3745,Warfarin,129-06-6,HepG2,2,384,1.38E-07,2.33E-05,2.44E-05,0.957225144
3746,"2,4-Dinitrophenol",51-28-5,Me_180,2,384,4.57E-08,3.23E-05,3.25E-05,0.994283919
3747,Aldrin,309-00-2,Me_180,2,384,8.77E-06,1.16E-07,1.61E-05,0.007245657
3748,Azinphos-methyl,86-50-0,Me_180,2,384,2.42E-07,1.96E-05,2.13E-05,0.91971443
3749,Chlorpyrifos,2921-88-2,Me_180,2,384,2.55E-06,1.23E-06,1.67E-05,0.073737078
3750,"DDD-p,p'",50-29-3,Me_180,2,384,1.09E-05,5.54E-08,1.73E-05,0.003201257
3751,"DDT-o,p'",789-02-6,Me_180,2,384,9.21E-06,1.06E-07,1.65E-05,0.006455554
3752,"DDT-p,p'",72-54-8,Me_180,2,384,7.04E-06,2.27E-07,1.57E-05,0.014475667
3753,Diazinon,333-41-5,Me_180,2,384,9.31E-07,6.57E-06,1.44E-05,0.454744329
3754,Dicofol,115-32-2,Me_180,2,384,2.72E-06,1.14E-06,1.66E-05,0.068955307
3755,Dieldrin,60-57-1,Me_180,2,384,3.01E-06,1.00E-06,1.63E-05,0.061440283
3756,Disulfoton,298-04-4,Me_180,2,384,1.13E-06,4.89E-06,1.48E-05,0.331694573
3757,Endosulfan I,115-29-7,Me_180,2,384,9.50E-07,6.39E-06,1.44E-05,0.44251938
3758,Endrin,72-20-8,Me_180,2,384,4.05E-06,6.54E-07,1.57E-05,0.041634285
3759,Ethion,563-12-2,Me_180,2,384,2.86E-06,1.07E-06,1.64E-05,0.065127306
3760,Heptachlor,76-44-8,Me_180,2,384,6.94E-06,2.34E-07,1.56E-05,0.014982094
3761,Heptachlor epoxide B,1024-57-3,Me_180,2,384,2.61E-06,1.20E-06,1.67E-05,0.072120204
3762,Lindane,58-89-9,Me_180,2,384,8.44E-07,7.34E-06,1.44E-05,0.510217563
3763,"Methoxychlor-o,p'",72-43-5,Me_180,2,384,2.89E-06,1.06E-06,1.64E-05,0.06437867
3764,Parathion,56-38-2,Me_180,2,384,9.50E-07,6.39E-06,1.45E-05,0.44251938
3765,Trifluralin,1582-09-8,Me_180,2,384,3.72E-06,7.41E-07,1.58E-05,0.046854026
3766,Eugenol F,97-53-0,Me_180,2,384,1.13E-07,2.60E-05,2.67E-05,0.974200527
3767,Methyl-antranilate,134-20-3,Me_180,2,384,6.15E-08,3.04E-05,3.07E-05,0.99019704
3768,Lilyfore,285977-85-7,Me_180,2,384,4.86E-07,1.28E-05,1.66E-05,0.77326174
3769,Damascone beta,23726-91-2,Me_180,2,384,1.33E-06,3.08E-06,1.52E-05,0.202935234
3770,Veloutone,14595-54-1,Me_180,2,384,3.52E-06,8.05E-07,1.59E-05,0.050571755
3771,Verdox,82356-51-2,Me_180,2,384,8.57E-06,1.28E-07,1.60E-05,0.00796788
3772,Nirvanol,1506-02-1,Me_180,2,384,5.13E-06,4.40E-07,1.55E-05,0.028437992
3773,Cetalox,3738-00-9,Me_180,2,384,3.52E-06,6.09E-07,1.41E-05,0.043327129
3774,Tonalide,21145-77-7,Me_180,2,384,5.13E-06,4.40E-07,1.55E-05,0.028437992
3775,Caffeine,58-08-2,Me_180,2,384,1.85E-08,3.90E-05,3.90E-05,1.000304038
3776,Lamotrigine,84057-84-1,Me_180,2,384,1.85E-07,2.22E-05,2.34E-05,0.947481012
3777,Diclofenac,15307-79-6,Me_180,2,384,1.85E-08,4.00E-05,4.00E-05,0.999969329
3778,"2,4-Dichlorophenoxyacetic",94-75-7,Me_180,2,384,4.90E-08,3.69E-05,3.99E-05,0.924333076
3779,(S)-Naproxen,22204-53-1,Me_180,2,384,8.38E-08,3.30E-05,3.99E-05,0.828427689
3780,Ibuprofen,15687-27-1,Me_180,2,384,1.76E-07,2.18E-05,3.97E-05,0.549262767
3781,Torasemide,56211-40-6,Me_180,2,384,2.66E-07,2.36E-05,3.17E-05,0.743698713
3782,Warfarin,81-81-2,Me_180,2,384,4.35E-08,3.75E-05,3.98E-05,0.941505608
3783,di-n-butylphthalate,84-74-2,Me_180,2,384,1.74E-06,1.90E-06,1.80E-05,0.105854763
3784,hexachlorophene,70-30-4,Me_180,2,384,1.49E-05,2.48E-07,2.44E-05,0.010156585
3785,hexamethylenetetramine,100-97-0,Me_180,2,384,1.68E-08,3.65E-05,3.65E-05,1.000385412
3786,Malathion,121-75-5,Me_180,2,384,1.31E-07,2.49E-05,2.58E-05,0.967913055
3787,pentachlorophenol,87-86-5,Me_180,2,384,6.40E-07,3.21E-06,3.92E-05,0.08201945
3788,"2,2,2-trichloroethanol",115-20-8,Me_180,2,384,3.10E-08,3.12E-05,3.13E-05,0.997078122
3789,diethylphthalate,84-66-2,Me_180,2,384,1.49E-07,2.38E-05,2.48E-05,0.961116816
3790,4-chlorophenol,106-48-9,Me_180,2,384,1.37E-07,2.45E-05,2.54E-05,0.965509205
3791,permethrin,52645-53-1,Me_180,2,384,8.91E-06,1.18E-07,1.63E-05,0.007245657
3792,Aniline,62-53-3,Me_180,2,384,2.24E-08,3.64E-05,3.64E-05,0.999464278
3793,4-fluoroaniline,371-40-4,Me_180,2,384,2.59E-08,3.49E-05,3.50E-05,0.998681172
3794,"2,4,6-trichlorophenol",88-06-2,Me_180,2,384,8.11E-07,7.56E-06,1.43E-05,0.528719239
3795,Allyl alcohol,107-18-6,Me_180,2,384,1.76E-08,3.62E-05,3.62E-05,1.000235302
3796,N-methylaniline,100-61-8,Me_180,2,384,4.19E-08,3.01E-05,3.03E-05,0.994431355
3797,"3,4-dichloroaniline",95-76-1,Me_180,2,384,2.20E-07,2.04E-05,2.19E-05,0.930025578
3798,4-decylaniline,37529-30-9,Me_180,2,384,8.02E-06,1.62E-07,1.60E-05,0.01014587
3799,naphthalene,91-20-3,Me_180,2,384,4.06E-07,9.33E-06,1.25E-05,0.746223652
3800,"1,2,4-trichlorobenzene",120-82-1,Me_180,2,384,1.91E-07,8.86E-07,2.54E-06,0.348332316
3801,"1,2-dichlorobenzene",95-50-1,Me_180,2,384,7.82E-08,1.33E-06,1.96E-06,0.680785945
3802,dichloromethane,75-09-2,Me_180,2,384,1.94E-09,2.38E-06,2.38E-06,0.998206451
3803,tetrachloroethylene,127-18-4,Me_180,2,384,2.76E-08,5.04E-07,7.24E-07,0.696672964
3804,"2,3-dimethyl-1,3-butadiene",513-81-5,Me_180,2,384,4.60E-10,1.80E-08,2.15E-08,0.838476732
3805,cyclosporine A,59865-13-3,Me_180,2,384,3.12E-07,1.72E-05,1.95E-05,0.882653472
3806,chlorpromazine,50-53-3,Me_180,2,384,3.98E-06,6.72E-07,1.57E-05,0.042757652
3807,PBDE 47,5436-43-1,Me_180,2,384,1.04E-05,6.70E-08,1.71E-05,0.003929009
3808,PBDE 99,60348-60-9,Me_180,2,384,1.26E-05,2.47E-08,1.84E-05,0.001342522
3809,PBDE 153,68631-49-2,Me_180,2,384,1.45E-05,7.35E-09,1.98E-05,0.000372014
3810,amiodarone,1951-25-3,Me_180,2,384,1.35E-05,1.48E-08,1.90E-05,0.000776636
3811,PFBS,375-73-5,Me_180,2,384,3.69E-08,3.35E-05,3.36E-05,0.996361397
3812,4:2 FTS,757124-72-4,Me_180,2,384,5.12E-08,3.12E-05,3.14E-05,0.992782666
3813,PFNA,375-95-1,Me_180,2,384,6.77E-06,2.45E-07,1.55E-05,0.015768742
3814,PFHxA,307-24-4,Me_180,2,384,1.30E-06,3.69E-06,1.53E-05,0.241309502
3815,PFBA,375-22-4,Me_180,2,384,4.77E-08,3.11E-05,3.13E-05,0.993490514
3816,PFOA,335-67-1,Me_180,2,384,1.19E-06,3.97E-06,1.45E-05,0.27439223
3817,6:2 FTS,27619-97-2,Me_180,2,384,3.29E-07,1.62E-05,1.86E-05,0.869228551
3818,8:2 FTS,39108-34-4,Me_180,2,384,1.27E-06,3.78E-06,1.51E-05,0.250477863
3819,PFUnDA,2058-94-8,Me_180,2,384,2.13E-06,1.58E-06,3.78E-05,0.041751562
3820,PFOS,1763-23-1,Me_180,2,384,2.13E-06,1.58E-06,3.78E-05,0.041751562
3821,PFHpA,375-85-9,Me_180,2,384,6.56E-07,8.87E-06,1.42E-05,0.624882399
3822,PFPeA,2706-90-3,Me_180,2,384,1.18E-07,2.44E-05,2.52E-05,0.970870084
3823,PFHxS,355-46-4,Me_180,2,384,2.26E-07,1.99E-05,2.15E-05,0.926731714
3824,PFDA,335-76-2,Me_180,2,384,3.98E-06,1.03E-06,3.60E-05,0.028655711
3825,Azathioprine,446-86-6,Me_180,2,384,1.87E-08,3.88E-05,3.88E-05,1.000259671
3826,Benzocaine,94-09-7,Me_180,2,384,5.97E-08,3.06E-05,3.09E-05,0.990681691
3827,Butylated hydroxyanisole,25013-16-5,Me_180,2,384,6.08E-07,1.06E-05,1.55E-05,0.686130849
3828,Cetirizine dihydrochloride,83881-52-1,Me_180,2,384,2.10E-08,3.75E-05,3.75E-05,0.999801852
3829,Cyclamate,139-05-9,Me_180,2,384,1.83E-08,3.95E-05,3.95E-05,1.000365602
3830,Cyclophosphamide,6055-19-2,Me_180,2,384,2.09E-08,3.75E-05,3.76E-05,0.999829995
3831,Cypermethrin,67375-30-8,Me_180,2,384,9.50E-06,9.53E-08,1.66E-05,0.005742934
3832,DEET,134-62-3,Me_180,2,384,9.79E-08,2.72E-05,2.77E-05,0.979296352
3833,Dexamethasone,50-02-2,Me_180,2,384,6.53E-08,3.00E-05,3.04E-05,0.989154705
3834,Digoxin,20830-75-5,Me_180,2,384,2.90E-08,3.51E-05,3.52E-05,0.998152269
3835,Fenazaquin,120928-09-8,Me_180,2,384,4.36E-06,5.83E-07,1.56E-05,0.037346358
3836,Fenbuconazole,114369-43-6,Me_180,2,384,4.80E-07,1.30E-05,1.67E-05,0.777564681
3837,Fluazinam,79622-59-6,Me_180,2,384,1.12E-06,4.96E-06,1.47E-05,0.337196496
3838,Furosemide,54-31-9,Me_180,2,384,2.36E-08,3.95E-05,4.00E-05,0.988819057
3839,Glybenclamide,10238-21-8,Me_180,2,384,2.27E-06,1.42E-06,1.71E-05,0.083044954
3840,HC Red 3,2871-01-4,Me_180,2,384,1.88E-08,3.88E-05,3.88E-05,1.000249737
3841,Hydralazine hydrochloride,304-20-1,Me_180,2,384,2.11E-08,3.74E-05,3.75E-05,0.999787255
3842,Ketoconazole,65277-42-1,Me_180,2,384,1.46E-06,2.93E-06,1.63E-05,0.179988856
3843,Metformin,1115-70-4,Me_180,2,384,1.83E-08,3.96E-05,3.96E-05,1.000377836
3844,Metoclopramide,364-62-5,Me_180,2,384,1.98E-07,2.14E-05,2.28E-05,0.940508131
3845,Nitrofurantoin,67-20-9,Me_180,2,384,1.83E-08,3.94E-05,3.94E-05,1.000357685
3846,Oxytetracycline hydrochloride,2058-46-0,Me_180,2,384,1.83E-08,3.98E-05,3.98E-05,1.000387563
3847,Panthenol,16485-10-2 ,Me_180,2,384,1.82E-08,3.97E-05,3.97E-05,1.000378555
3848,Paracetamol,103-90-2,Me_180,2,384,1.96E-08,3.82E-05,3.82E-05,1.000075203
3849,Topiramate,97240-79-4,Me_180,2,384,1.83E-08,3.98E-05,3.98E-05,1.000386574
3850,Trimellitic anhydride,552-30-7,Me_180,2,384,3.54E-08,3.39E-05,3.40E-05,0.99673725
3851,Verapamil hydrochloride,152-11-4,Me_180,2,384,1.60E-06,2.36E-06,1.72E-05,0.137294246
3852,Warfarin,129-06-6,Me_180,2,384,1.59E-07,2.33E-05,2.44E-05,0.957225144
3853,"2,4-Dinitrophenol",51-28-5,H4lle,2,384,2.16E-08,3.23E-05,3.25E-05,0.994283919
3854,Aldrin,309-00-2,H4lle,2,384,2.31E-06,1.40E-07,1.94E-05,0.007245657
3855,Azinphos-methyl,86-50-0,H4lle,2,384,6.05E-08,1.97E-05,2.14E-05,0.91971443
3856,Chlorpyrifos,2921-88-2,H4lle,2,384,5.90E-07,1.30E-06,1.76E-05,0.073737078
3857,"DDD-p,p'",50-29-3,H4lle,2,384,3.02E-06,7.04E-08,2.20E-05,0.003201257
3858,"DDT-o,p'",789-02-6,H4lle,2,384,2.45E-06,1.29E-07,2.01E-05,0.006455554
3859,"DDT-p,p'",72-54-8,H4lle,2,384,1.79E-06,2.63E-07,1.82E-05,0.014475667
3860,Diazinon,333-41-5,H4lle,2,384,2.11E-07,6.69E-06,1.47E-05,0.454744329
3861,Dicofol,115-32-2,H4lle,2,384,6.30E-07,1.21E-06,1.75E-05,0.068955307
3862,Dieldrin,60-57-1,H4lle,2,384,7.01E-07,1.06E-06,1.73E-05,0.061440283
3863,Disulfoton,298-04-4,H4lle,2,384,2.56E-07,5.00E-06,1.51E-05,0.331694573
3864,Endosulfan I,115-29-7,H4lle,2,384,2.15E-07,6.51E-06,1.47E-05,0.44251938
3865,Endrin,72-20-8,H4lle,2,384,9.64E-07,7.10E-07,1.71E-05,0.041634285
3866,Ethion,563-12-2,H4lle,2,384,6.65E-07,1.13E-06,1.74E-05,0.065127306
3867,Heptachlor,76-44-8,H4lle,2,384,1.76E-06,2.71E-07,1.81E-05,0.014982094
3868,Heptachlor epoxide B,1024-57-3,H4lle,2,384,6.03E-07,1.27E-06,1.76E-05,0.072120204
3869,Lindane,58-89-9,H4lle,2,384,1.91E-07,7.46E-06,1.46E-05,0.510217563
3870,"Methoxychlor-o,p'",72-43-5,H4lle,2,384,6.72E-07,1.12E-06,1.74E-05,0.06437867
3871,Parathion,56-38-2,H4lle,2,384,2.15E-07,6.51E-06,1.47E-05,0.44251938
3872,Trifluralin,1582-09-8,H4lle,2,384,8.80E-07,7.99E-07,1.70E-05,0.046854026
3873,Eugenol F,97-53-0,H4lle,2,384,3.42E-08,2.61E-05,2.68E-05,0.974200527
3874,Methyl-antranilate,134-20-3,H4lle,2,384,2.44E-08,3.04E-05,3.07E-05,0.99019704
3875,Lilyfore,285977-85-7,H4lle,2,384,1.12E-07,1.30E-05,1.68E-05,0.77326174
3876,Damascone beta,23726-91-2,H4lle,2,384,3.02E-07,3.16E-06,1.56E-05,0.202935234
3877,Veloutone,14595-54-1,H4lle,2,384,8.28E-07,8.64E-07,1.71E-05,0.050571755
3878,Verdox,82356-51-2,H4lle,2,384,2.25E-06,1.53E-07,1.93E-05,0.00796788
3879,Nirvanol,1506-02-1,H4lle,2,384,1.25E-06,4.89E-07,1.72E-05,0.028437992
3880,Cetalox,3738-00-9,H4lle,2,384,8.28E-07,6.53E-07,1.51E-05,0.043327129
3881,Tonalide,21145-77-7,H4lle,2,384,1.25E-06,4.89E-07,1.72E-05,0.028437992
3882,Caffeine,58-08-2,H4lle,2,384,1.80E-08,3.90E-05,3.91E-05,1.000304038
3883,Lamotrigine,84057-84-1,H4lle,2,384,5.00E-08,2.23E-05,2.35E-05,0.947481012
3884,Diclofenac,15307-79-6,H4lle,2,384,1.83E-08,4.00E-05,4.00E-05,0.999969329
3885,"2,4-Dichlorophenoxyacetic",94-75-7,H4lle,2,384,2.33E-08,3.69E-05,4.00E-05,0.924333076
3886,(S)-Naproxen,22204-53-1,H4lle,2,384,2.89E-08,3.31E-05,3.99E-05,0.828427689
3887,Ibuprofen,15687-27-1,H4lle,2,384,4.34E-08,2.19E-05,3.99E-05,0.549262767
3888,Torasemide,56211-40-6,H4lle,2,384,6.59E-08,2.37E-05,3.19E-05,0.743698713
3889,Warfarin,81-81-2,H4lle,2,384,2.25E-08,3.75E-05,3.99E-05,0.941505608
3890,di-n-butylphthalate,84-74-2,H4lle,2,384,3.96E-07,1.97E-06,1.86E-05,0.105854763
3891,hexachlorophene,70-30-4,H4lle,2,384,4.27E-06,3.53E-07,3.47E-05,0.010156585
3892,hexamethylenetetramine,100-97-0,H4lle,2,384,1.67E-08,3.65E-05,3.65E-05,1.000385412
3893,Malathion,121-75-5,H4lle,2,384,3.78E-08,2.50E-05,2.58E-05,0.967913055
3894,pentachlorophenol,87-86-5,H4lle,2,384,1.32E-07,3.26E-06,3.97E-05,0.08201945
3895,"2,2,2-trichloroethanol",115-20-8,H4lle,2,384,1.79E-08,3.12E-05,3.13E-05,0.997078122
3896,diethylphthalate,84-66-2,H4lle,2,384,4.13E-08,2.39E-05,2.49E-05,0.961116816
3897,4-chlorophenol,106-48-9,H4lle,2,384,3.90E-08,2.45E-05,2.54E-05,0.965509205
3898,permethrin,52645-53-1,H4lle,2,384,2.36E-06,1.43E-07,1.98E-05,0.007245657
3899,Aniline,62-53-3,H4lle,2,384,1.79E-08,3.64E-05,3.64E-05,0.999464278
3900,4-fluoroaniline,371-40-4,H4lle,2,384,1.82E-08,3.49E-05,3.50E-05,0.998681172
3901,"2,4,6-trichlorophenol",88-06-2,H4lle,2,384,1.84E-07,7.68E-06,1.45E-05,0.528719239
3902,Allyl alcohol,107-18-6,H4lle,2,384,1.68E-08,3.62E-05,3.62E-05,1.000235302
3903,N-methylaniline,100-61-8,H4lle,2,384,2.00E-08,3.01E-05,3.03E-05,0.994431355
3904,"3,4-dichloroaniline",95-76-1,H4lle,2,384,5.60E-08,2.05E-05,2.20E-05,0.930025578
3905,4-decylaniline,37529-30-9,H4lle,2,384,2.08E-06,1.92E-07,1.89E-05,0.01014587
3906,naphthalene,91-20-3,H4lle,2,384,9.32E-08,9.41E-06,1.26E-05,0.746223652
3907,"1,2,4-trichlorobenzene",120-82-1,H4lle,2,384,4.24E-08,8.89E-07,2.55E-06,0.348332316
3908,"1,2-dichlorobenzene",95-50-1,H4lle,2,384,1.77E-08,1.33E-06,1.96E-06,0.680785945
3909,dichloromethane,75-09-2,H4lle,2,384,1.28E-09,2.38E-06,2.38E-06,0.998206451
3910,tetrachloroethylene,127-18-4,H4lle,2,384,6.25E-09,5.05E-07,7.25E-07,0.696672964
3911,"2,3-dimethyl-1,3-butadiene",513-81-5,H4lle,2,384,1.08E-10,1.80E-08,2.15E-08,0.838476732
3912,cyclosporine A,59865-13-3,H4lle,2,384,7.52E-08,1.73E-05,1.96E-05,0.882653472
3913,chlorpromazine,50-53-3,H4lle,2,384,9.45E-07,7.29E-07,1.71E-05,0.042757652
3914,PBDE 47,5436-43-1,H4lle,2,384,2.86E-06,8.41E-08,2.14E-05,0.003929009
3915,PBDE 99,60348-60-9,H4lle,2,384,3.66E-06,3.28E-08,2.44E-05,0.001342522
3916,PBDE 153,68631-49-2,H4lle,2,384,4.43E-06,1.03E-08,2.76E-05,0.000372014
3917,amiodarone,1951-25-3,H4lle,2,384,4.02E-06,2.01E-08,2.59E-05,0.000776636
3918,PFBS,375-73-5,H4lle,2,384,2.01E-08,3.35E-05,3.36E-05,0.996361397
3919,4:2 FTS,757124-72-4,H4lle,2,384,2.24E-08,3.12E-05,3.15E-05,0.992782666
3920,PFNA,375-95-1,H4lle,2,384,1.71E-06,2.82E-07,1.79E-05,0.015768742
3921,PFHxA,307-24-4,H4lle,2,384,2.93E-07,3.78E-06,1.57E-05,0.241309502
3922,PFBA,375-22-4,H4lle,2,384,2.16E-08,3.11E-05,3.13E-05,0.993490514
3923,PFOA,335-67-1,H4lle,2,384,2.68E-07,4.06E-06,1.48E-05,0.27439223
3924,6:2 FTS,27619-97-2,H4lle,2,384,7.86E-08,1.63E-05,1.87E-05,0.869228551
3925,8:2 FTS,39108-34-4,H4lle,2,384,2.87E-07,3.87E-06,1.55E-05,0.250477863
3926,PFUnDA,2058-94-8,H4lle,2,384,4.46E-07,1.65E-06,3.95E-05,0.041751562
3927,PFOS,1763-23-1,H4lle,2,384,4.46E-07,1.65E-06,3.95E-05,0.041751562
3928,PFHpA,375-85-9,H4lle,2,384,1.49E-07,8.98E-06,1.44E-05,0.624882399
3929,PFPeA,2706-90-3,H4lle,2,384,3.47E-08,2.45E-05,2.52E-05,0.970870084
3930,PFHxS,355-46-4,H4lle,2,384,5.69E-08,2.00E-05,2.16E-05,0.926731714
3931,PFDA,335-76-2,H4lle,2,384,8.67E-07,1.12E-06,3.91E-05,0.028655711
3932,Azathioprine,446-86-6,H4lle,2,384,1.80E-08,3.88E-05,3.88E-05,1.000259671
3933,Benzocaine,94-09-7,H4lle,2,384,2.41E-08,3.06E-05,3.09E-05,0.990681691
3934,Butylated hydroxyanisole,25013-16-5,H4lle,2,384,1.39E-07,1.07E-05,1.56E-05,0.686130849
3935,Cetirizine dihydrochloride,83881-52-1,H4lle,2,384,1.80E-08,3.75E-05,3.75E-05,0.999801852
3936,Cyclamate,139-05-9,H4lle,2,384,1.81E-08,3.95E-05,3.95E-05,1.000365602
3937,Cyclophosphamide,6055-19-2,H4lle,2,384,1.80E-08,3.75E-05,3.76E-05,0.999829995
3938,Cypermethrin,67375-30-8,H4lle,2,384,2.55E-06,1.17E-07,2.04E-05,0.005742934
3939,DEET,134-62-3,H4lle,2,384,3.13E-08,2.72E-05,2.78E-05,0.979296352
3940,Dexamethasone,50-02-2,H4lle,2,384,2.51E-08,3.00E-05,3.04E-05,0.989154705
3941,Digoxin,20830-75-5,H4lle,2,384,1.89E-08,3.52E-05,3.52E-05,0.998152269
3942,Fenazaquin,120928-09-8,H4lle,2,384,1.04E-06,6.37E-07,1.71E-05,0.037346358
3943,Fenbuconazole,114369-43-6,H4lle,2,384,1.11E-07,1.31E-05,1.68E-05,0.777564681
3944,Fluazinam,79622-59-6,H4lle,2,384,2.53E-07,5.07E-06,1.50E-05,0.337196496
3945,Furosemide,54-31-9,H4lle,2,384,1.92E-08,3.95E-05,4.00E-05,0.988819057
3946,Glybenclamide,10238-21-8,H4lle,2,384,5.22E-07,1.48E-06,1.79E-05,0.083044954
3947,HC Red 3,2871-01-4,H4lle,2,384,1.80E-08,3.88E-05,3.88E-05,1.000249737
3948,Hydralazine hydrochloride,304-20-1,H4lle,2,384,1.80E-08,3.74E-05,3.75E-05,0.999787255
3949,Ketoconazole,65277-42-1,H4lle,2,384,3.32E-07,3.02E-06,1.68E-05,0.179988856
3950,Metformin,1115-70-4,H4lle,2,384,1.81E-08,3.96E-05,3.96E-05,1.000377836
3951,Metoclopramide,364-62-5,H4lle,2,384,5.14E-08,2.15E-05,2.29E-05,0.940508131
3952,Nitrofurantoin,67-20-9,H4lle,2,384,1.81E-08,3.94E-05,3.94E-05,1.000357685
3953,Oxytetracycline hydrochloride,2058-46-0,H4lle,2,384,1.82E-08,3.98E-05,3.98E-05,1.000387563
3954,Panthenol,16485-10-2 ,H4lle,2,384,1.82E-08,3.97E-05,3.97E-05,1.000378555
3955,Paracetamol,103-90-2,H4lle,2,384,1.79E-08,3.82E-05,3.82E-05,1.000075203
3956,Topiramate,97240-79-4,H4lle,2,384,1.82E-08,3.98E-05,3.98E-05,1.000386574
3957,Trimellitic anhydride,552-30-7,H4lle,2,384,1.99E-08,3.39E-05,3.40E-05,0.99673725
3958,Verapamil hydrochloride,152-11-4,H4lle,2,384,3.62E-07,2.44E-06,1.78E-05,0.137294246
3959,Warfarin,129-06-6,H4lle,2,384,4.33E-08,2.34E-05,2.45E-05,0.957225144
3960,"2,4-Dinitrophenol",51-28-5,SH-SY5Y,2,384,1.41E-08,3.23E-05,3.25E-05,0.994283919
3961,Aldrin,309-00-2,SH-SY5Y,2,384,2.00E-06,1.42E-07,1.96E-05,0.007245657
3962,Azinphos-methyl,86-50-0,SH-SY5Y,2,384,4.90E-08,1.97E-05,2.14E-05,0.91971443
3963,Chlorpyrifos,2921-88-2,SH-SY5Y,2,384,5.04E-07,1.30E-06,1.76E-05,0.073737078
3964,"DDD-p,p'",50-29-3,SH-SY5Y,2,384,2.61E-06,7.11E-08,2.22E-05,0.003201257
3965,"DDT-o,p'",789-02-6,SH-SY5Y,2,384,2.12E-06,1.31E-07,2.02E-05,0.006455554
3966,"DDT-p,p'",72-54-8,SH-SY5Y,2,384,1.54E-06,2.65E-07,1.83E-05,0.014475667
3967,Diazinon,333-41-5,SH-SY5Y,2,384,1.79E-07,6.69E-06,1.47E-05,0.454744329
3968,Dicofol,115-32-2,SH-SY5Y,2,384,5.39E-07,1.21E-06,1.75E-05,0.068955307
3969,Dieldrin,60-57-1,SH-SY5Y,2,384,6.00E-07,1.07E-06,1.74E-05,0.061440283
3970,Disulfoton,298-04-4,SH-SY5Y,2,384,2.18E-07,5.01E-06,1.51E-05,0.331694573
3971,Endosulfan I,115-29-7,SH-SY5Y,2,384,1.82E-07,6.52E-06,1.47E-05,0.44251938
3972,Endrin,72-20-8,SH-SY5Y,2,384,8.26E-07,7.12E-07,1.71E-05,0.041634285
3973,Ethion,563-12-2,SH-SY5Y,2,384,5.69E-07,1.14E-06,1.74E-05,0.065127306
3974,Heptachlor,76-44-8,SH-SY5Y,2,384,1.51E-06,2.73E-07,1.82E-05,0.014982094
3975,Heptachlor epoxide B,1024-57-3,SH-SY5Y,2,384,5.16E-07,1.27E-06,1.76E-05,0.072120204
3976,Lindane,58-89-9,SH-SY5Y,2,384,1.62E-07,7.46E-06,1.46E-05,0.510217563
3977,"Methoxychlor-o,p'",72-43-5,SH-SY5Y,2,384,5.75E-07,1.12E-06,1.74E-05,0.06437867
3978,Parathion,56-38-2,SH-SY5Y,2,384,1.82E-07,6.52E-06,1.47E-05,0.44251938
3979,Trifluralin,1582-09-8,SH-SY5Y,2,384,7.53E-07,8.01E-07,1.71E-05,0.046854026
3980,Eugenol F,97-53-0,SH-SY5Y,2,384,2.57E-08,2.61E-05,2.68E-05,0.974200527
3981,Methyl-antranilate,134-20-3,SH-SY5Y,2,384,1.67E-08,3.04E-05,3.08E-05,0.99019704
3982,Lilyfore,285977-85-7,SH-SY5Y,2,384,9.40E-08,1.30E-05,1.68E-05,0.77326174
3983,Damascone beta,23726-91-2,SH-SY5Y,2,384,2.57E-07,3.16E-06,1.56E-05,0.202935234
3984,Veloutone,14595-54-1,SH-SY5Y,2,384,7.09E-07,8.67E-07,1.71E-05,0.050571755
3985,Verdox,82356-51-2,SH-SY5Y,2,384,1.94E-06,1.55E-07,1.94E-05,0.00796788
3986,Nirvanol,1506-02-1,SH-SY5Y,2,384,1.07E-06,4.91E-07,1.73E-05,0.028437992
3987,Cetalox,3738-00-9,SH-SY5Y,2,384,7.09E-07,6.55E-07,1.51E-05,0.043327129
3988,Tonalide,21145-77-7,SH-SY5Y,2,384,1.07E-06,4.91E-07,1.73E-05,0.028437992
3989,Caffeine,58-08-2,SH-SY5Y,2,384,1.02E-08,3.91E-05,3.91E-05,1.000304038
3990,Lamotrigine,84057-84-1,SH-SY5Y,2,384,3.91E-08,2.23E-05,2.35E-05,0.947481012
3991,Diclofenac,15307-79-6,SH-SY5Y,2,384,1.03E-08,4.00E-05,4.00E-05,0.999969329
3992,"2,4-Dichlorophenoxyacetic",94-75-7,SH-SY5Y,2,384,1.54E-08,3.69E-05,4.00E-05,0.924333076
3993,(S)-Naproxen,22204-53-1,SH-SY5Y,2,384,2.12E-08,3.31E-05,3.99E-05,0.828427689
3994,Ibuprofen,15687-27-1,SH-SY5Y,2,384,3.63E-08,2.19E-05,3.99E-05,0.549262767
3995,Torasemide,56211-40-6,SH-SY5Y,2,384,5.39E-08,2.37E-05,3.19E-05,0.743698713
3996,Warfarin,81-81-2,SH-SY5Y,2,384,1.45E-08,3.75E-05,3.99E-05,0.941505608
3997,di-n-butylphthalate,84-74-2,SH-SY5Y,2,384,3.38E-07,1.97E-06,1.87E-05,0.105854763
3998,hexachlorophene,70-30-4,SH-SY5Y,2,384,3.94E-06,3.56E-07,3.50E-05,0.010156585
3999,hexamethylenetetramine,100-97-0,SH-SY5Y,2,384,9.40E-09,3.65E-05,3.65E-05,1.000385412
4000,Malathion,121-75-5,SH-SY5Y,2,384,2.88E-08,2.50E-05,2.58E-05,0.967913055
4001,pentachlorophenol,87-86-5,SH-SY5Y,2,384,1.20E-07,3.26E-06,3.97E-05,0.08201945
4002,"2,2,2-trichloroethanol",115-20-8,SH-SY5Y,2,384,1.11E-08,3.12E-05,3.13E-05,0.997078122
4003,diethylphthalate,84-66-2,SH-SY5Y,2,384,3.20E-08,2.39E-05,2.49E-05,0.961116816
4004,4-chlorophenol,106-48-9,SH-SY5Y,2,384,2.99E-08,2.45E-05,2.54E-05,0.965509205
4005,permethrin,52645-53-1,SH-SY5Y,2,384,2.04E-06,1.44E-07,1.99E-05,0.007245657
4006,Aniline,62-53-3,SH-SY5Y,2,384,1.04E-08,3.64E-05,3.64E-05,0.999464278
4007,4-fluoroaniline,371-40-4,SH-SY5Y,2,384,1.08E-08,3.50E-05,3.50E-05,0.998681172
4008,"2,4,6-trichlorophenol",88-06-2,SH-SY5Y,2,384,1.56E-07,7.68E-06,1.45E-05,0.528719239
4009,Allyl alcohol,107-18-6,SH-SY5Y,2,384,9.50E-09,3.62E-05,3.62E-05,1.000235302
4010,N-methylaniline,100-61-8,SH-SY5Y,2,384,1.30E-08,3.01E-05,3.03E-05,0.994431355
4011,"3,4-dichloroaniline",95-76-1,SH-SY5Y,2,384,4.49E-08,2.05E-05,2.20E-05,0.930025578
4012,4-decylaniline,37529-30-9,SH-SY5Y,2,384,1.79E-06,1.93E-07,1.91E-05,0.01014587
4013,naphthalene,91-20-3,SH-SY5Y,2,384,7.82E-08,9.41E-06,1.26E-05,0.746223652
4014,"1,2,4-trichlorobenzene",120-82-1,SH-SY5Y,2,384,3.60E-08,8.89E-07,2.55E-06,0.348332316
4015,"1,2-dichlorobenzene",95-50-1,SH-SY5Y,2,384,1.49E-08,1.33E-06,1.96E-06,0.680785945
4016,dichloromethane,75-09-2,SH-SY5Y,2,384,7.71E-10,2.38E-06,2.38E-06,0.998206451
4017,tetrachloroethylene,127-18-4,SH-SY5Y,2,384,5.26E-09,5.05E-07,7.25E-07,0.696672964
4018,"2,3-dimethyl-1,3-butadiene",513-81-5,SH-SY5Y,2,384,8.93E-11,1.80E-08,2.15E-08,0.838476732
4019,cyclosporine A,59865-13-3,SH-SY5Y,2,384,6.18E-08,1.73E-05,1.96E-05,0.882653472
4020,chlorpromazine,50-53-3,SH-SY5Y,2,384,8.10E-07,7.32E-07,1.71E-05,0.042757652
4021,PBDE 47,5436-43-1,SH-SY5Y,2,384,2.47E-06,8.50E-08,2.16E-05,0.003929009
4022,PBDE 99,60348-60-9,SH-SY5Y,2,384,3.17E-06,3.32E-08,2.48E-05,0.001342522
4023,PBDE 153,68631-49-2,SH-SY5Y,2,384,3.86E-06,1.04E-08,2.81E-05,0.000372014
4024,amiodarone,1951-25-3,SH-SY5Y,2,384,3.49E-06,2.04E-08,2.62E-05,0.000776636
4025,PFBS,375-73-5,SH-SY5Y,2,384,1.26E-08,3.35E-05,3.36E-05,0.996361397
4026,4:2 FTS,757124-72-4,SH-SY5Y,2,384,1.49E-08,3.12E-05,3.15E-05,0.992782666
4027,PFNA,375-95-1,SH-SY5Y,2,384,1.47E-06,2.84E-07,1.80E-05,0.015768742
4028,PFHxA,307-24-4,SH-SY5Y,2,384,2.50E-07,3.79E-06,1.57E-05,0.241309502
4029,PFBA,375-22-4,SH-SY5Y,2,384,1.43E-08,3.11E-05,3.13E-05,0.993490514
4030,PFOA,335-67-1,SH-SY5Y,2,384,2.28E-07,4.06E-06,1.48E-05,0.27439223
4031,6:2 FTS,27619-97-2,SH-SY5Y,2,384,6.48E-08,1.63E-05,1.87E-05,0.869228551
4032,8:2 FTS,39108-34-4,SH-SY5Y,2,384,2.44E-07,3.88E-06,1.55E-05,0.250477863
4033,PFUnDA,2058-94-8,SH-SY5Y,2,384,4.10E-07,1.65E-06,3.96E-05,0.041751562
4034,PFOS,1763-23-1,SH-SY5Y,2,384,4.10E-07,1.65E-06,3.96E-05,0.041751562
4035,PFHpA,375-85-9,SH-SY5Y,2,384,1.26E-07,8.99E-06,1.44E-05,0.624882399
4036,PFPeA,2706-90-3,SH-SY5Y,2,384,2.63E-08,2.45E-05,2.52E-05,0.970870084
4037,PFHxS,355-46-4,SH-SY5Y,2,384,4.58E-08,2.00E-05,2.16E-05,0.926731714
4038,PFDA,335-76-2,SH-SY5Y,2,384,7.98E-07,1.12E-06,3.92E-05,0.028655711
4039,Azathioprine,446-86-6,SH-SY5Y,2,384,1.02E-08,3.88E-05,3.88E-05,1.000259671
4040,Benzocaine,94-09-7,SH-SY5Y,2,384,1.64E-08,3.06E-05,3.09E-05,0.990681691
4041,Butylated hydroxyanisole,25013-16-5,SH-SY5Y,2,384,1.17E-07,1.07E-05,1.56E-05,0.686130849
4042,Cetirizine dihydrochloride,83881-52-1,SH-SY5Y,2,384,1.04E-08,3.75E-05,3.75E-05,0.999801852
4043,Cyclamate,139-05-9,SH-SY5Y,2,384,1.02E-08,3.95E-05,3.95E-05,1.000365602
4044,Cyclophosphamide,6055-19-2,SH-SY5Y,2,384,1.03E-08,3.75E-05,3.76E-05,0.999829995
4045,Cypermethrin,67375-30-8,SH-SY5Y,2,384,2.20E-06,1.18E-07,2.06E-05,0.005742934
4046,DEET,134-62-3,SH-SY5Y,2,384,2.30E-08,2.72E-05,2.78E-05,0.979296352
4047,Dexamethasone,50-02-2,SH-SY5Y,2,384,1.74E-08,3.00E-05,3.04E-05,0.989154705
4048,Digoxin,20830-75-5,SH-SY5Y,2,384,1.15E-08,3.52E-05,3.52E-05,0.998152269
4049,Fenazaquin,120928-09-8,SH-SY5Y,2,384,8.94E-07,6.40E-07,1.71E-05,0.037346358
4050,Fenbuconazole,114369-43-6,SH-SY5Y,2,384,9.29E-08,1.31E-05,1.69E-05,0.777564681
4051,Fluazinam,79622-59-6,SH-SY5Y,2,384,2.16E-07,5.08E-06,1.51E-05,0.337196496
4052,Furosemide,54-31-9,SH-SY5Y,2,384,1.12E-08,3.95E-05,4.00E-05,0.988819057
4053,Glybenclamide,10238-21-8,SH-SY5Y,2,384,4.46E-07,1.49E-06,1.79E-05,0.083044954
4054,HC Red 3,2871-01-4,SH-SY5Y,2,384,1.02E-08,3.88E-05,3.88E-05,1.000249737
4055,Hydralazine hydrochloride,304-20-1,SH-SY5Y,2,384,1.04E-08,3.74E-05,3.75E-05,0.999787255
4056,Ketoconazole,65277-42-1,SH-SY5Y,2,384,2.83E-07,3.02E-06,1.68E-05,0.179988856
4057,Metformin,1115-70-4,SH-SY5Y,2,384,1.02E-08,3.97E-05,3.97E-05,1.000377836
4058,Metoclopramide,364-62-5,SH-SY5Y,2,384,4.09E-08,2.15E-05,2.29E-05,0.940508131
4059,Nitrofurantoin,67-20-9,SH-SY5Y,2,384,1.02E-08,3.94E-05,3.94E-05,1.000357685
4060,Oxytetracycline hydrochloride,2058-46-0,SH-SY5Y,2,384,1.02E-08,3.98E-05,3.98E-05,1.000387563
4061,Panthenol,16485-10-2 ,SH-SY5Y,2,384,1.02E-08,3.97E-05,3.97E-05,1.000378555
4062,Paracetamol,103-90-2,SH-SY5Y,2,384,1.02E-08,3.82E-05,3.82E-05,1.000075203
4063,Topiramate,97240-79-4,SH-SY5Y,2,384,1.02E-08,3.98E-05,3.98E-05,1.000386574
4064,Trimellitic anhydride,552-30-7,SH-SY5Y,2,384,1.24E-08,3.39E-05,3.40E-05,0.99673725
4065,Verapamil hydrochloride,152-11-4,SH-SY5Y,2,384,3.09E-07,2.44E-06,1.78E-05,0.137294246
4066,Warfarin,129-06-6,SH-SY5Y,2,384,3.38E-08,2.34E-05,2.45E-05,0.957225144
4067,"2,4-Dinitrophenol",51-28-5,HEK293H,2,384,3.90E-08,3.23E-05,3.25E-05,0.994283919
4068,Aldrin,309-00-2,HEK293H,2,384,8.00E-06,1.19E-07,1.65E-05,0.007245657
4069,Azinphos-methyl,86-50-0,HEK293H,2,384,2.14E-07,1.96E-05,2.13E-05,0.91971443
4070,Chlorpyrifos,2921-88-2,HEK293H,2,384,2.29E-06,1.24E-06,1.69E-05,0.073737078
4071,"DDD-p,p'",50-29-3,HEK293H,2,384,9.98E-06,5.71E-08,1.79E-05,0.003201257
4072,"DDT-o,p'",789-02-6,HEK293H,2,384,8.41E-06,1.09E-07,1.69E-05,0.006455554
4073,"DDT-p,p'",72-54-8,HEK293H,2,384,6.39E-06,2.31E-07,1.60E-05,0.014475667
4074,Diazinon,333-41-5,HEK293H,2,384,8.29E-07,6.58E-06,1.45E-05,0.454744329
4075,Dicofol,115-32-2,HEK293H,2,384,2.44E-06,1.15E-06,1.67E-05,0.068955307
4076,Dieldrin,60-57-1,HEK293H,2,384,2.70E-06,1.01E-06,1.64E-05,0.061440283
4077,Disulfoton,298-04-4,HEK293H,2,384,1.01E-06,4.91E-06,1.48E-05,0.331694573
4078,Endosulfan I,115-29-7,HEK293H,2,384,8.46E-07,6.41E-06,1.45E-05,0.44251938
4079,Endrin,72-20-8,HEK293H,2,384,3.65E-06,6.61E-07,1.59E-05,0.041634285
4080,Ethion,563-12-2,HEK293H,2,384,2.57E-06,1.08E-06,1.66E-05,0.065127306
4081,Heptachlor,76-44-8,HEK293H,2,384,6.29E-06,2.39E-07,1.59E-05,0.014982094
4082,Heptachlor epoxide B,1024-57-3,HEK293H,2,384,2.34E-06,1.21E-06,1.68E-05,0.072120204
4083,Lindane,58-89-9,HEK293H,2,384,7.52E-07,7.35E-06,1.44E-05,0.510217563
4084,"Methoxychlor-o,p'",72-43-5,HEK293H,2,384,2.59E-06,1.06E-06,1.65E-05,0.06437867
4085,Parathion,56-38-2,HEK293H,2,384,8.46E-07,6.41E-06,1.45E-05,0.44251938
4086,Trifluralin,1582-09-8,HEK293H,2,384,3.35E-06,7.48E-07,1.60E-05,0.046854026
4087,Eugenol F,97-53-0,HEK293H,2,384,9.90E-08,2.60E-05,2.67E-05,0.974200527
4088,Methyl-antranilate,134-20-3,HEK293H,2,384,5.31E-08,3.04E-05,3.07E-05,0.99019704
4089,Lilyfore,285977-85-7,HEK293H,2,384,4.32E-07,1.29E-05,1.66E-05,0.77326174
4090,Damascone beta,23726-91-2,HEK293H,2,384,1.19E-06,3.09E-06,1.52E-05,0.202935234
4091,Veloutone,14595-54-1,HEK293H,2,384,3.16E-06,8.13E-07,1.61E-05,0.050571755
4092,Verdox,82356-51-2,HEK293H,2,384,7.81E-06,1.31E-07,1.64E-05,0.00796788
4093,Nirvanol,1506-02-1,HEK293H,2,384,4.62E-06,4.46E-07,1.57E-05,0.028437992
4094,Cetalox,3738-00-9,HEK293H,2,384,3.16E-06,6.14E-07,1.42E-05,0.043327129
4095,Tonalide,21145-77-7,HEK293H,2,384,4.62E-06,4.46E-07,1.57E-05,0.028437992
4096,Caffeine,58-08-2,HEK293H,2,384,1.45E-08,3.91E-05,3.91E-05,1.000304038
4097,Lamotrigine,84057-84-1,HEK293H,2,384,1.63E-07,2.22E-05,2.34E-05,0.947481012
4098,Diclofenac,15307-79-6,HEK293H,2,384,1.45E-08,4.00E-05,4.00E-05,0.999969329
4099,"2,4-Dichlorophenoxyacetic",94-75-7,HEK293H,2,384,4.24E-08,3.69E-05,3.99E-05,0.924333076
4100,(S)-Naproxen,22204-53-1,HEK293H,2,384,7.45E-08,3.30E-05,3.99E-05,0.828427689
4101,Ibuprofen,15687-27-1,HEK293H,2,384,1.59E-07,2.18E-05,3.97E-05,0.549262767
4102,Torasemide,56211-40-6,HEK293H,2,384,2.37E-07,2.36E-05,3.18E-05,0.743698713
4103,Warfarin,81-81-2,HEK293H,2,384,3.74E-08,3.75E-05,3.98E-05,0.941505608
4104,di-n-butylphthalate,84-74-2,HEK293H,2,384,1.56E-06,1.91E-06,1.81E-05,0.105854763
4105,hexachlorophene,70-30-4,HEK293H,2,384,1.40E-05,2.56E-07,2.53E-05,0.010156585
4106,hexamethylenetetramine,100-97-0,HEK293H,2,384,1.31E-08,3.65E-05,3.65E-05,1.000385412
4107,Malathion,121-75-5,HEK293H,2,384,1.15E-07,2.49E-05,2.58E-05,0.967913055
4108,pentachlorophenol,87-86-5,HEK293H,2,384,5.84E-07,3.22E-06,3.93E-05,0.08201945
4109,"2,2,2-trichloroethanol",115-20-8,HEK293H,2,384,2.60E-08,3.12E-05,3.13E-05,0.997078122
4110,diethylphthalate,84-66-2,HEK293H,2,384,1.31E-07,2.39E-05,2.48E-05,0.961116816
4111,4-chlorophenol,106-48-9,HEK293H,2,384,1.21E-07,2.45E-05,2.54E-05,0.965509205
4112,permethrin,52645-53-1,HEK293H,2,384,8.13E-06,1.21E-07,1.67E-05,0.007245657
4113,Aniline,62-53-3,HEK293H,2,384,1.81E-08,3.64E-05,3.64E-05,0.999464278
4114,4-fluoroaniline,371-40-4,HEK293H,2,384,2.13E-08,3.49E-05,3.50E-05,0.998681172
4115,"2,4,6-trichlorophenol",88-06-2,HEK293H,2,384,7.22E-07,7.57E-06,1.43E-05,0.528719239
4116,Allyl alcohol,107-18-6,HEK293H,2,384,1.39E-08,3.62E-05,3.62E-05,1.000235302
4117,N-methylaniline,100-61-8,HEK293H,2,384,3.57E-08,3.01E-05,3.03E-05,0.994431355
4118,"3,4-dichloroaniline",95-76-1,HEK293H,2,384,1.95E-07,2.04E-05,2.19E-05,0.930025578
4119,4-decylaniline,37529-30-9,HEK293H,2,384,7.29E-06,1.66E-07,1.63E-05,0.01014587
4120,naphthalene,91-20-3,HEK293H,2,384,3.60E-07,9.35E-06,1.25E-05,0.746223652
4121,"1,2,4-trichlorobenzene",120-82-1,HEK293H,2,384,1.70E-07,8.86E-07,2.55E-06,0.348332316
4122,"1,2-dichlorobenzene",95-50-1,HEK293H,2,384,6.94E-08,1.33E-06,1.96E-06,0.680785945
4123,dichloromethane,75-09-2,HEK293H,2,384,1.61E-09,2.38E-06,2.38E-06,0.998206451
4124,tetrachloroethylene,127-18-4,HEK293H,2,384,2.45E-08,5.05E-07,7.24E-07,0.696672964
4125,"2,3-dimethyl-1,3-butadiene",513-81-5,HEK293H,2,384,4.08E-10,1.80E-08,2.15E-08,0.838476732
4126,cyclosporine A,59865-13-3,HEK293H,2,384,2.77E-07,1.72E-05,1.95E-05,0.882653472
4127,chlorpromazine,50-53-3,HEK293H,2,384,3.58E-06,6.80E-07,1.59E-05,0.042757652
4128,PBDE 47,5436-43-1,HEK293H,2,384,9.54E-06,6.90E-08,1.76E-05,0.003929009
4129,PBDE 99,60348-60-9,HEK293H,2,384,1.16E-05,2.56E-08,1.91E-05,0.001342522
4130,PBDE 153,68631-49-2,HEK293H,2,384,1.35E-05,7.65E-09,2.06E-05,0.000372014
4131,amiodarone,1951-25-3,HEK293H,2,384,1.25E-05,1.53E-08,1.98E-05,0.000776636
4132,PFBS,375-73-5,HEK293H,2,384,3.11E-08,3.35E-05,3.36E-05,0.996361397
4133,4:2 FTS,757124-72-4,HEK293H,2,384,4.39E-08,3.12E-05,3.14E-05,0.992782666
4134,PFNA,375-95-1,HEK293H,2,384,6.14E-06,2.50E-07,1.58E-05,0.015768742
4135,PFHxA,307-24-4,HEK293H,2,384,1.16E-06,3.70E-06,1.53E-05,0.241309502
4136,PFBA,375-22-4,HEK293H,2,384,4.08E-08,3.11E-05,3.13E-05,0.993490514
4137,PFOA,335-67-1,HEK293H,2,384,1.06E-06,3.98E-06,1.45E-05,0.27439223
4138,6:2 FTS,27619-97-2,HEK293H,2,384,2.92E-07,1.62E-05,1.86E-05,0.869228551
4139,8:2 FTS,39108-34-4,HEK293H,2,384,1.13E-06,3.79E-06,1.51E-05,0.250477863
4140,PFUnDA,2058-94-8,HEK293H,2,384,1.95E-06,1.59E-06,3.80E-05,0.041751562
4141,PFOS,1763-23-1,HEK293H,2,384,1.95E-06,1.59E-06,3.80E-05,0.041751562
4142,PFHpA,375-85-9,HEK293H,2,384,5.84E-07,8.88E-06,1.42E-05,0.624882399
4143,PFPeA,2706-90-3,HEK293H,2,384,1.04E-07,2.45E-05,2.52E-05,0.970870084
4144,PFHxS,355-46-4,HEK293H,2,384,1.99E-07,2.00E-05,2.15E-05,0.926731714
4145,PFDA,335-76-2,HEK293H,2,384,3.66E-06,1.04E-06,3.63E-05,0.028655711
4146,Azathioprine,446-86-6,HEK293H,2,384,1.47E-08,3.88E-05,3.88E-05,1.000259671
4147,Benzocaine,94-09-7,HEK293H,2,384,5.15E-08,3.06E-05,3.09E-05,0.990681691
4148,Butylated hydroxyanisole,25013-16-5,HEK293H,2,384,5.40E-07,1.06E-05,1.55E-05,0.686130849
4149,Cetirizine dihydrochloride,83881-52-1,HEK293H,2,384,1.68E-08,3.75E-05,3.75E-05,0.999801852
4150,Cyclamate,139-05-9,HEK293H,2,384,1.43E-08,3.95E-05,3.95E-05,1.000365602
4151,Cyclophosphamide,6055-19-2,HEK293H,2,384,1.67E-08,3.75E-05,3.76E-05,0.999829995
4152,Cypermethrin,67375-30-8,HEK293H,2,384,8.68E-06,9.78E-08,1.70E-05,0.005742934
4153,DEET,134-62-3,HEK293H,2,384,8.57E-08,2.72E-05,2.77E-05,0.979296352
4154,Dexamethasone,50-02-2,HEK293H,2,384,5.65E-08,3.00E-05,3.04E-05,0.989154705
4155,Digoxin,20830-75-5,HEK293H,2,384,2.40E-08,3.51E-05,3.52E-05,0.998152269
4156,Fenazaquin,120928-09-8,HEK293H,2,384,3.92E-06,5.90E-07,1.58E-05,0.037346358
4157,Fenbuconazole,114369-43-6,HEK293H,2,384,4.26E-07,1.30E-05,1.67E-05,0.777564681
4158,Fluazinam,79622-59-6,HEK293H,2,384,9.99E-07,4.98E-06,1.48E-05,0.337196496
4159,Furosemide,54-31-9,HEK293H,2,384,1.92E-08,3.95E-05,4.00E-05,0.988819057
4160,Glybenclamide,10238-21-8,HEK293H,2,384,2.03E-06,1.43E-06,1.72E-05,0.083044954
4161,HC Red 3,2871-01-4,HEK293H,2,384,1.48E-08,3.88E-05,3.88E-05,1.000249737
4162,Hydralazine hydrochloride,304-20-1,HEK293H,2,384,1.69E-08,3.74E-05,3.75E-05,0.999787255
4163,Ketoconazole,65277-42-1,HEK293H,2,384,1.31E-06,2.95E-06,1.64E-05,0.179988856
4164,Metformin,1115-70-4,HEK293H,2,384,1.43E-08,3.97E-05,3.97E-05,1.000377836
4165,Metoclopramide,364-62-5,HEK293H,2,384,1.75E-07,2.14E-05,2.28E-05,0.940508131
4166,Nitrofurantoin,67-20-9,HEK293H,2,384,1.43E-08,3.94E-05,3.94E-05,1.000357685
4167,Oxytetracycline hydrochloride,2058-46-0,HEK293H,2,384,1.43E-08,3.98E-05,3.98E-05,1.000387563
4168,Panthenol,16485-10-2 ,HEK293H,2,384,1.43E-08,3.97E-05,3.97E-05,1.000378555
4169,Paracetamol,103-90-2,HEK293H,2,384,1.56E-08,3.82E-05,3.82E-05,1.000075203
4170,Topiramate,97240-79-4,HEK293H,2,384,1.43E-08,3.98E-05,3.98E-05,1.000386574
4171,Trimellitic anhydride,552-30-7,HEK293H,2,384,2.98E-08,3.39E-05,3.40E-05,0.99673725
4172,Verapamil hydrochloride,152-11-4,HEK293H,2,384,1.42E-06,2.37E-06,1.73E-05,0.137294246
4173,Warfarin,129-06-6,HEK293H,2,384,1.40E-07,2.33E-05,2.44E-05,0.957225144
4174,"2,4-Dinitrophenol",51-28-5,Rat cerebellar granule cell,20,384,7.09E-07,3.04E-05,3.23E-05,0.945635936
4175,Aldrin,309-00-2,Rat cerebellar granule cell,20,384,2.22E-05,1.18E-08,1.62E-05,0.000729322
4176,Azinphos-methyl,86-50-0,Rat cerebellar granule cell,20,384,3.75E-06,1.28E-05,2.41E-05,0.533919875
4177,Chlorpyrifos,2921-88-2,Rat cerebellar granule cell,20,384,1.05E-05,2.05E-07,2.60E-05,0.007897835
4178,"DDD-p,p'",50-29-3,Rat cerebellar granule cell,20,384,2.38E-05,4.84E-09,1.51E-05,0.000321051
4179,"DDT-o,p'",789-02-6,Rat cerebellar granule cell,20,384,2.25E-05,1.04E-08,1.61E-05,0.000649328
4180,"DDT-p,p'",72-54-8,Rat cerebellar granule cell,20,384,2.02E-05,2.60E-08,1.78E-05,0.001466675
4181,Diazinon,333-41-5,Rat cerebellar granule cell,20,384,6.87E-06,1.97E-06,2.57E-05,0.07698005
4182,Dicofol,115-32-2,Rat cerebellar granule cell,20,384,1.11E-05,1.87E-07,2.55E-05,0.007351781
4183,Dieldrin,60-57-1,Rat cerebellar granule cell,20,384,1.20E-05,1.60E-07,2.47E-05,0.006503656
4184,Disulfoton,298-04-4,Rat cerebellar granule cell,20,384,7.15E-06,1.25E-06,2.66E-05,0.04728531
4185,Endosulfan I,115-29-7,Rat cerebellar granule cell,20,384,6.90E-06,1.89E-06,2.58E-05,0.073540874
4186,Endrin,72-20-8,Rat cerebellar granule cell,20,384,1.48E-05,9.58E-08,2.22E-05,0.004325509
4187,Ethion,563-12-2,Rat cerebellar granule cell,20,384,1.15E-05,1.73E-07,2.51E-05,0.00691824
4188,Heptachlor,76-44-8,Rat cerebellar granule cell,20,384,2.00E-05,2.71E-08,1.79E-05,0.001518687
4189,Heptachlor epoxide B,1024-57-3,Rat cerebellar granule cell,20,384,1.07E-05,1.99E-07,2.59E-05,0.007712633
4190,Lindane,58-89-9,Rat cerebellar granule cell,20,384,6.70E-06,2.37E-06,2.53E-05,0.094344232
4191,"Methoxychlor-o,p'",72-43-5,Rat cerebellar granule cell,20,384,1.16E-05,1.71E-07,2.50E-05,0.006833824
4192,Parathion,56-38-2,Rat cerebellar granule cell,20,384,6.90E-06,1.89E-06,2.58E-05,0.073540874
4193,Trifluralin,1582-09-8,Rat cerebellar granule cell,20,384,1.40E-05,1.12E-07,2.29E-05,0.004891678
4194,Eugenol F,97-53-0,Rat cerebellar granule cell,20,384,2.03E-06,2.13E-05,2.71E-05,0.790621879
4195,Methyl-antranilate,134-20-3,Rat cerebellar granule cell,20,384,1.06E-06,2.77E-05,3.05E-05,0.909918026
4196,Lilyfore,285977-85-7,Rat cerebellar granule cell,20,384,5.52E-06,6.01E-06,2.37E-05,0.254308513
4197,Damascone beta,23726-91-2,Rat cerebellar granule cell,20,384,7.29E-06,6.80E-07,2.75E-05,0.024828186
4198,Veloutone,14595-54-1,Rat cerebellar granule cell,20,384,1.34E-05,1.24E-07,2.34E-05,0.005298327
4199,Verdox,82356-51-2,Rat cerebellar granule cell,20,384,2.20E-05,1.31E-08,1.64E-05,0.000802543
4200,Nirvanol,1506-02-1,Rat cerebellar granule cell,20,384,1.71E-05,5.90E-08,2.03E-05,0.002918496
4201,Cetalox,3738-00-9,Rat cerebellar granule cell,20,384,1.43E-05,9.91E-08,2.21E-05,0.00450852
4202,Tonalide,21145-77-7,Rat cerebellar granule cell,20,384,1.71E-05,5.90E-08,2.03E-05,0.002918496
4203,Caffeine,58-08-2,Rat cerebellar granule cell,20,384,1.58E-08,3.90E-05,3.90E-05,1.003048724
4204,Lamotrigine,84057-84-1,Rat cerebellar granule cell,20,384,3.06E-06,1.61E-05,2.50E-05,0.643375935
4205,Diclofenac,15307-79-6,Rat cerebellar granule cell,20,384,8.31E-09,3.98E-05,4.00E-05,0.999693378
4206,"2,4-Dichlorophenoxyacetic",94-75-7,Rat cerebellar granule cell,20,384,6.04E-07,2.16E-05,3.94E-05,0.549870199
4207,(S)-Naproxen,22204-53-1,Rat cerebellar granule cell,20,384,8.50E-07,1.27E-05,3.91E-05,0.325620514
4208,Ibuprofen,15687-27-1,Rat cerebellar granule cell,20,384,1.03E-06,4.21E-06,3.90E-05,0.108622188
4209,Torasemide,56211-40-6,Rat cerebellar granule cell,20,384,2.25E-06,7.86E-06,3.51E-05,0.22490583
4210,Warfarin,81-81-2,Rat cerebellar granule cell,20,384,5.42E-07,2.42E-05,3.94E-05,0.616794456
4211,di-n-butylphthalate,84-74-2,Rat cerebellar granule cell,20,384,7.61E-06,3.36E-07,2.88E-05,0.01170014
4212,hexachlorophene,70-30-4,Rat cerebellar granule cell,20,384,2.64E-05,1.39E-08,1.36E-05,0.001025028
4213,hexamethylenetetramine,100-97-0,Rat cerebellar granule cell,20,384,1.11E-09,3.65E-05,3.65E-05,1.00386754
4214,Malathion,121-75-5,Rat cerebellar granule cell,20,384,2.32E-06,1.98E-05,2.64E-05,0.751029015
4215,pentachlorophenol,87-86-5,Rat cerebellar granule cell,20,384,2.12E-06,3.34E-07,3.79E-05,0.008855647
4216,"2,2,2-trichloroethanol",115-20-8,Rat cerebellar granule cell,20,384,3.93E-07,3.02E-05,3.12E-05,0.971529898
4217,diethylphthalate,84-66-2,Rat cerebellar granule cell,20,384,2.59E-06,1.83E-05,2.58E-05,0.71196546
4218,4-chlorophenol,106-48-9,Rat cerebellar granule cell,20,384,2.41E-06,1.92E-05,2.62E-05,0.736795306
4219,permethrin,52645-53-1,Rat cerebellar granule cell,20,384,2.23E-05,1.18E-08,1.63E-05,0.000729322
4220,Aniline,62-53-3,Rat cerebellar granule cell,20,384,1.39E-07,3.60E-05,3.63E-05,0.994668488
4221,4-fluoroaniline,371-40-4,Rat cerebellar granule cell,20,384,2.37E-07,3.43E-05,3.49E-05,0.986966426
4222,"2,4,6-trichlorophenol",88-06-2,Rat cerebellar granule cell,20,384,6.63E-06,2.52E-06,2.51E-05,0.100871226
4223,Allyl alcohol,107-18-6,Rat cerebellar granule cell,20,384,2.55E-08,3.61E-05,3.62E-05,1.002358012
4224,N-methylaniline,100-61-8,Rat cerebellar granule cell,20,384,6.48E-07,2.84E-05,3.01E-05,0.946971232
4225,"3,4-dichloroaniline",95-76-1,Rat cerebellar granule cell,20,384,3.51E-06,1.38E-05,2.43E-05,0.570648432
4226,4-decylaniline,37529-30-9,Rat cerebellar granule cell,20,384,2.14E-05,1.73E-08,1.69E-05,0.001023937
4227,naphthalene,91-20-3,Rat cerebellar granule cell,20,384,5.04E-06,4.77E-06,2.11E-05,0.227230992
4228,"1,2,4-trichlorobenzene",120-82-1,Rat cerebellar granule cell,20,384,3.16E-06,5.94E-07,1.18E-05,0.050740255
4229,"1,2-dichlorobenzene",95-50-1,Rat cerebellar granule cell,20,384,1.60E-06,1.12E-06,6.39E-06,0.175780755
4230,dichloromethane,75-09-2,Rat cerebellar granule cell,20,384,2.07E-08,2.37E-06,2.42E-06,0.982349427
4231,tetrachloroethylene,127-18-4,Rat cerebellar granule cell,20,384,6.30E-07,4.72E-07,2.54E-06,0.186778431
4232,"2,3-dimethyl-1,3-butadiene",513-81-5,Rat cerebellar granule cell,20,384,1.11E-08,1.79E-08,5.26E-08,0.341718023
4233,cyclosporine A,59865-13-3,Rat cerebellar granule cell,20,384,4.40E-06,1.01E-05,2.37E-05,0.429281369
4234,chlorpromazine,50-53-3,Rat cerebellar granule cell,20,384,1.46E-05,9.92E-08,2.24E-05,0.00444689
4235,PBDE 47,5436-43-1,Rat cerebellar granule cell,20,384,2.35E-05,6.04E-09,1.54E-05,0.000394295
4236,PBDE 99,60348-60-9,Rat cerebellar granule cell,20,384,2.48E-05,1.94E-09,1.45E-05,0.000134415
4237,PBDE 153,68631-49-2,Rat cerebellar granule cell,20,384,2.57E-05,5.15E-10,1.39E-05,3.72138E-05
4238,amiodarone,1951-25-3,Rat cerebellar granule cell,20,384,2.53E-05,1.10E-09,1.42E-05,7.77179E-05
4239,PFBS,375-73-5,Rat cerebellar granule cell,20,384,5.03E-07,3.21E-05,3.34E-05,0.964767737
4240,4:2 FTS,757124-72-4,Rat cerebellar granule cell,20,384,8.36E-07,2.90E-05,3.12E-05,0.932228803
4241,PFNA,375-95-1,Rat cerebellar granule cell,20,384,1.98E-05,2.88E-08,1.81E-05,1.60E-03
4242,PFHxA,307-24-4,Rat cerebellar granule cell,20,384,7.29E-06,8.40E-07,2.74E-05,3.08E-02
4243,PFBA,375-22-4,Rat cerebellar granule cell,20,384,7.63E-07,2.91E-05,3.11E-05,0.938507691
4244,PFOA,335-67-1,Rat cerebellar granule cell,20,384,7.17E-06,9.74E-07,2.68E-05,0.036437597
4245,6:2 FTS,27619-97-2,Rat cerebellar granule cell,20,384,4.53E-06,9.28E-06,2.33E-05,0.399288606
4246,8:2 FTS,39108-34-4,Rat cerebellar granule cell,20,384,7.26E-06,8.77E-07,2.72E-05,0.03233767
4247,PFUnDA,2058-94-8,Rat cerebellar granule cell,20,384,6.31E-06,1.46E-07,3.37E-05,0.004338169
4248,PFOS,1763-23-1,Rat cerebellar granule cell,20,384,6.31E-06,1.46E-07,3.37E-05,0.004338169
4249,PFHpA,375-85-9,Rat cerebellar granule cell,20,384,6.20E-06,3.42E-06,2.41E-05,0.142795717
4250,PFPeA,2706-90-3,Rat cerebellar granule cell,20,384,2.12E-06,1.98E-05,2.59E-05,0.769207526
4251,PFHxS,355-46-4,Rat cerebellar granule cell,20,384,3.57E-06,1.34E-05,2.41E-05,0.558469072
4252,PFDA,335-76-2,Rat cerebellar granule cell,20,384,1.07E-05,8.59E-08,2.93E-05,0.002941431
4253,Azathioprine,446-86-6,Rat cerebellar granule cell,20,384,2.32E-08,3.88E-05,3.88E-05,1.002602793
4254,Benzocaine,94-09-7,Rat cerebellar granule cell,20,384,1.02E-06,2.79E-05,3.07E-05,0.914027016
4255,Butylated hydroxyanisole,25013-16-5,Rat cerebellar granule cell,20,384,6.04E-06,4.32E-06,2.42E-05,0.179388945
4256,Cetirizine dihydrochloride,83881-52-1,Rat cerebellar granule cell,20,384,9.32E-08,3.72E-05,3.74E-05,0.998022052
4257,Cyclamate,139-05-9,Rat cerebellar granule cell,20,384,4.97E-09,3.95E-05,3.95E-05,1.003668093
4258,Cyclophosphamide,6055-19-2,Rat cerebellar granule cell,20,384,8.91E-08,3.73E-05,3.75E-05,0.998302548
4259,Cypermethrin,67375-30-8,Rat cerebellar granule cell,20,384,2.28E-05,9.13E-09,1.59E-05,0.000577277
4260,DEET,134-62-3,Rat cerebellar granule cell,20,384,1.77E-06,2.30E-05,2.79E-05,0.825481961
4261,Dexamethasone,50-02-2,Rat cerebellar granule cell,20,384,1.13E-06,2.71E-05,3.02E-05,0.901191512
4262,Digoxin,20830-75-5,Rat cerebellar granule cell,20,384,3.07E-07,3.43E-05,3.50E-05,0.981824932
4263,Fenazaquin,120928-09-8,Rat cerebellar granule cell,20,384,1.55E-05,8.33E-08,2.16E-05,0.003864529
4264,Fenbuconazole,114369-43-6,Rat cerebellar granule cell,20,384,5.49E-06,6.12E-06,2.37E-05,0.259022637
4265,Fluazinam,79622-59-6,Rat cerebellar granule cell,20,384,7.14E-06,1.28E-06,2.66E-05,0.048411384
4266,Furosemide,54-31-9,Rat cerebellar granule cell,20,384,1.61E-07,3.56E-05,3.98E-05,0.898413107
4267,Glybenclamide,10238-21-8,Rat cerebellar granule cell,20,384,9.56E-06,2.41E-07,2.69E-05,0.008975314
4268,HC Red 3,2871-01-4,Rat cerebellar granule cell,20,384,2.49E-08,3.87E-05,3.88E-05,1.002502993
4269,Hydralazine hydrochloride,304-20-1,Rat cerebellar granule cell,20,384,9.53E-08,3.72E-05,3.74E-05,0.997876614
4270,Ketoconazole,65277-42-1,Rat cerebellar granule cell,20,384,7.40E-06,6.00E-07,2.80E-05,0.021478127
4271,Metformin,1115-70-4,Rat cerebellar granule cell,20,384,2.69E-09,3.97E-05,3.97E-05,1.003791247
4272,Metoclopramide,364-62-5,Rat cerebellar granule cell,20,384,3.25E-06,1.51E-05,2.47E-05,0.61253856
4273,Nitrofurantoin,67-20-9,Rat cerebellar granule cell,20,384,6.41E-09,3.94E-05,3.94E-05,1.003588402
4274,Oxytetracycline hydrochloride,2058-46-0,Rat cerebellar granule cell,20,384,7.79E-10,3.99E-05,3.99E-05,1.003889191
4275,Panthenol,16485-10-2 ,Rat cerebellar granule cell,20,384,2.55E-09,3.97E-05,3.97E-05,1.003798496
4276,Paracetamol,103-90-2,Rat cerebellar granule cell,20,384,5.26E-08,3.80E-05,3.81E-05,1.000752536
4277,Topiramate,97240-79-4,Rat cerebellar granule cell,20,384,9.80E-10,3.98E-05,3.98E-05,1.00387924
4278,Trimellitic anhydride,552-30-7,Rat cerebellar granule cell,20,384,4.66E-07,3.26E-05,3.38E-05,0.968303269
4279,Verapamil hydrochloride,152-11-4,Rat cerebellar granule cell,20,384,7.44E-06,4.45E-07,2.85E-05,0.015665077
4280,Warfarin,129-06-6,Rat cerebellar granule cell,20,384,2.73E-06,1.76E-05,2.56E-05,0.69115041
4281,"2,4-Dinitrophenol",51-28-5,Balbc_3T3,20,384,1.02E-07,3.09E-05,3.28E-05,0.945635936
4282,Aldrin,309-00-2,Balbc_3T3,20,384,5.63E-06,2.28E-08,3.14E-05,0.000729322
4283,Azinphos-methyl,86-50-0,Balbc_3T3,20,384,5.43E-07,1.40E-05,2.63E-05,0.533919875
4284,Chlorpyrifos,2921-88-2,Balbc_3T3,20,384,1.79E-06,2.65E-07,3.37E-05,0.007897835
4285,"DDD-p,p'",50-29-3,Balbc_3T3,20,384,6.46E-06,1.00E-08,3.14E-05,0.000321051
4286,"DDT-o,p'",789-02-6,Balbc_3T3,20,384,5.78E-06,2.03E-08,3.15E-05,0.000649328
4287,"DDT-p,p'",72-54-8,Balbc_3T3,20,384,4.71E-06,4.64E-08,3.17E-05,0.001466675
4288,Diazinon,333-41-5,Balbc_3T3,20,384,1.07E-06,2.32E-06,3.02E-05,0.07698005
4289,Dicofol,115-32-2,Balbc_3T3,20,384,1.91E-06,2.46E-07,3.36E-05,0.007351781
4290,Dieldrin,60-57-1,Balbc_3T3,20,384,2.12E-06,2.16E-07,3.34E-05,0.006503656
4291,Disulfoton,298-04-4,Balbc_3T3,20,384,1.12E-06,1.49E-06,3.15E-05,0.04728531
4292,Endosulfan I,115-29-7,Balbc_3T3,20,384,1.07E-06,2.22E-06,3.03E-05,0.073540874
4293,Endrin,72-20-8,Balbc_3T3,20,384,2.86E-06,1.41E-07,3.28E-05,0.004325509
4294,Ethion,563-12-2,Balbc_3T3,20,384,2.02E-06,2.31E-07,3.35E-05,0.00691824
4295,Heptachlor,76-44-8,Balbc_3T3,20,384,4.66E-06,4.80E-08,3.18E-05,0.001518687
4296,Heptachlor epoxide B,1024-57-3,Balbc_3T3,20,384,1.83E-06,2.59E-07,3.37E-05,0.007712633
4297,Lindane,58-89-9,Balbc_3T3,20,384,1.04E-06,2.78E-06,2.96E-05,0.094344232
4298,"Methoxychlor-o,p'",72-43-5,Balbc_3T3,20,384,2.04E-06,2.28E-07,3.35E-05,0.006833824
4299,Parathion,56-38-2,Balbc_3T3,20,384,1.07E-06,2.22E-06,3.03E-05,0.073540874
4300,Trifluralin,1582-09-8,Balbc_3T3,20,384,2.63E-06,1.60E-07,3.29E-05,0.004891678
4301,Eugenol F,97-53-0,Balbc_3T3,20,384,2.86E-07,2.23E-05,2.83E-05,0.790621879
4302,Methyl-antranilate,134-20-3,Balbc_3T3,20,384,1.49E-07,2.83E-05,3.12E-05,0.909918026
4303,Lilyfore,285977-85-7,Balbc_3T3,20,384,8.31E-07,6.83E-06,2.69E-05,0.254308513
4304,Damascone beta,23726-91-2,Balbc_3T3,20,384,1.14E-06,8.08E-07,3.27E-05,0.024828186
4305,Veloutone,14595-54-1,Balbc_3T3,20,384,2.49E-06,1.74E-07,3.30E-05,0.005298327
4306,Verdox,82356-51-2,Balbc_3T3,20,384,5.52E-06,2.51E-08,3.14E-05,0.000802543
4307,Nirvanol,1506-02-1,Balbc_3T3,20,384,3.57E-06,9.38E-08,3.23E-05,0.002918496
4308,Cetalox,3738-00-9,Balbc_3T3,20,384,2.71E-06,1.44E-07,3.20E-05,0.00450852
4309,Tonalide,21145-77-7,Balbc_3T3,20,384,3.57E-06,9.38E-08,3.23E-05,0.002918496
4310,Caffeine,58-08-2,Balbc_3T3,20,384,1.02E-08,3.90E-05,3.91E-05,1.003048724
4311,Lamotrigine,84057-84-1,Balbc_3T3,20,384,4.38E-07,1.72E-05,2.68E-05,0.643375935
4312,Diclofenac,15307-79-6,Balbc_3T3,20,384,9.18E-09,3.98E-05,4.00E-05,0.999693378
4313,"2,4-Dichlorophenoxyacetic",94-75-7,Balbc_3T3,20,384,7.56E-08,2.19E-05,3.99E-05,0.549870199
4314,(S)-Naproxen,22204-53-1,Balbc_3T3,20,384,1.03E-07,1.29E-05,3.99E-05,0.325620514
4315,Ibuprofen,15687-27-1,Balbc_3T3,20,384,1.23E-07,4.31E-06,3.99E-05,0.108622188
4316,Torasemide,56211-40-6,Balbc_3T3,20,384,3.03E-07,8.26E-06,3.69E-05,0.22490583
4317,Warfarin,81-81-2,Balbc_3T3,20,384,6.91E-08,2.45E-05,3.99E-05,0.616794456
4318,di-n-butylphthalate,84-74-2,Balbc_3T3,20,384,1.20E-06,4.02E-07,3.45E-05,0.01170014
4319,hexachlorophene,70-30-4,Balbc_3T3,20,384,7.38E-06,3.32E-08,3.25E-05,0.001025028
4320,hexamethylenetetramine,100-97-0,Balbc_3T3,20,384,7.68E-09,3.65E-05,3.65E-05,1.00386754
4321,Malathion,121-75-5,Balbc_3T3,20,384,3.28E-07,2.08E-05,2.78E-05,0.751029015
4322,pentachlorophenol,87-86-5,Balbc_3T3,20,384,2.60E-07,3.50E-07,3.97E-05,0.008855647
4323,"2,2,2-trichloroethanol",115-20-8,Balbc_3T3,20,384,5.89E-08,3.04E-05,3.15E-05,0.971529898
4324,diethylphthalate,84-66-2,Balbc_3T3,20,384,3.68E-07,1.94E-05,2.74E-05,0.71196546
4325,4-chlorophenol,106-48-9,Balbc_3T3,20,384,3.42E-07,2.03E-05,2.76E-05,0.736795306
4326,permethrin,52645-53-1,Balbc_3T3,20,384,5.65E-06,2.29E-08,3.15E-05,0.000729322
4327,Aniline,62-53-3,Balbc_3T3,20,384,2.60E-08,3.61E-05,3.64E-05,0.994668488
4328,4-fluoroaniline,371-40-4,Balbc_3T3,20,384,3.88E-08,3.44E-05,3.50E-05,0.986966426
4329,"2,4,6-trichlorophenol",88-06-2,Balbc_3T3,20,384,1.02E-06,2.94E-06,2.93E-05,0.100871226
4330,Allyl alcohol,107-18-6,Balbc_3T3,20,384,1.08E-08,3.61E-05,3.62E-05,1.002358012
4331,N-methylaniline,100-61-8,Balbc_3T3,20,384,9.33E-08,2.88E-05,3.06E-05,0.946971232
4332,"3,4-dichloroaniline",95-76-1,Balbc_3T3,20,384,5.06E-07,1.50E-05,2.63E-05,0.570648432
4333,4-decylaniline,37529-30-9,Balbc_3T3,20,384,5.22E-06,3.22E-08,3.16E-05,0.001023937
4334,naphthalene,91-20-3,Balbc_3T3,20,384,7.49E-07,5.36E-06,2.37E-05,0.227230992
4335,"1,2,4-trichlorobenzene",120-82-1,Balbc_3T3,20,384,4.47E-07,6.38E-07,1.26E-05,0.050740255
4336,"1,2-dichlorobenzene",95-50-1,Balbc_3T3,20,384,2.20E-07,1.16E-06,6.62E-06,0.175780755
4337,dichloromethane,75-09-2,Balbc_3T3,20,384,3.24E-09,2.37E-06,2.42E-06,0.982349427
4338,tetrachloroethylene,127-18-4,Balbc_3T3,20,384,8.45E-08,4.78E-07,2.57E-06,0.186778431
4339,"2,3-dimethyl-1,3-butadiene",513-81-5,Balbc_3T3,20,384,1.47E-09,1.79E-08,5.26E-08,0.341718023
4340,cyclosporine A,59865-13-3,Balbc_3T3,20,384,6.46E-07,1.12E-05,2.62E-05,0.429281369
4341,chlorpromazine,50-53-3,Balbc_3T3,20,384,2.81E-06,1.45E-07,3.28E-05,0.00444689
4342,PBDE 47,5436-43-1,Balbc_3T3,20,384,6.29E-06,1.23E-08,3.14E-05,0.000394295
4343,PBDE 99,60348-60-9,Balbc_3T3,20,384,7.06E-06,4.21E-09,3.14E-05,0.000134415
4344,PBDE 153,68631-49-2,Balbc_3T3,20,384,7.60E-06,1.17E-09,3.15E-05,3.72138E-05
4345,amiodarone,1951-25-3,Balbc_3T3,20,384,7.33E-06,2.43E-09,3.14E-05,7.77179E-05
4346,PFBS,375-73-5,Balbc_3T3,20,384,7.42E-08,3.24E-05,3.37E-05,0.964767737
4347,4:2 FTS,757124-72-4,Balbc_3T3,20,384,1.19E-07,2.95E-05,3.18E-05,0.932228803
4348,PFNA,375-95-1,Balbc_3T3,20,384,4.58E-06,5.06E-08,3.18E-05,1.60E-03
4349,PFHxA,307-24-4,Balbc_3T3,20,384,1.14E-06,9.98E-07,3.25E-05,0.030825612
4350,PFBA,375-22-4,Balbc_3T3,20,384,1.09E-07,2.96E-05,3.16E-05,0.938507691
4351,PFOA,335-67-1,Balbc_3T3,20,384,1.12E-06,1.15E-06,3.18E-05,0.036437597
4352,6:2 FTS,27619-97-2,Balbc_3T3,20,384,6.67E-07,1.03E-05,2.59E-05,0.399288606
4353,8:2 FTS,39108-34-4,Balbc_3T3,20,384,1.14E-06,1.04E-06,3.23E-05,0.03233767
4354,PFUnDA,2058-94-8,Balbc_3T3,20,384,8.52E-07,1.69E-07,3.91E-05,0.004338169
4355,PFOS,1763-23-1,Balbc_3T3,20,384,8.52E-07,1.69E-07,3.91E-05,0.004338169
4356,PFHpA,375-85-9,Balbc_3T3,20,384,9.46E-07,3.95E-06,2.78E-05,0.142795717
4357,PFPeA,2706-90-3,Balbc_3T3,20,384,2.99E-07,2.08E-05,2.72E-05,0.769207526
4358,PFHxS,355-46-4,Balbc_3T3,20,384,5.15E-07,1.45E-05,2.61E-05,0.558469072
4359,PFDA,335-76-2,Balbc_3T3,20,384,1.62E-06,1.12E-07,3.84E-05,0.002941431
4360,Azathioprine,446-86-6,Balbc_3T3,20,384,1.11E-08,3.88E-05,3.88E-05,1.002602793
4361,Benzocaine,94-09-7,Balbc_3T3,20,384,1.44E-07,2.86E-05,3.14E-05,0.914027016
4362,Butylated hydroxyanisole,25013-16-5,Balbc_3T3,20,384,9.20E-07,4.97E-06,2.78E-05,0.179388945
4363,Cetirizine dihydrochloride,83881-52-1,Balbc_3T3,20,384,2.01E-08,3.73E-05,3.75E-05,0.998022052
4364,Cyclamate,139-05-9,Balbc_3T3,20,384,8.81E-09,3.95E-05,3.95E-05,1.003668093
4365,Cyclophosphamide,6055-19-2,Balbc_3T3,20,384,1.96E-08,3.73E-05,3.76E-05,0.998302548
4366,Cypermethrin,67375-30-8,Balbc_3T3,20,384,5.91E-06,1.81E-08,3.14E-05,0.000577277
4367,DEET,134-62-3,Balbc_3T3,20,384,2.48E-07,2.39E-05,2.90E-05,0.825481961
4368,Dexamethasone,50-02-2,Balbc_3T3,20,384,1.60E-07,2.78E-05,3.09E-05,0.901191512
4369,Digoxin,20830-75-5,Balbc_3T3,20,384,4.82E-08,3.45E-05,3.53E-05,0.981824932
4370,Fenazaquin,120928-09-8,Balbc_3T3,20,384,3.07E-06,1.26E-07,3.26E-05,0.003864529
4371,Fenbuconazole,114369-43-6,Balbc_3T3,20,384,8.25E-07,6.94E-06,2.69E-05,0.259022637
4372,Fluazinam,79622-59-6,Balbc_3T3,20,384,1.11E-06,1.52E-06,3.15E-05,0.048411384
4373,Furosemide,54-31-9,Balbc_3T3,20,384,2.62E-08,3.58E-05,4.00E-05,0.898413107
4374,Glybenclamide,10238-21-8,Balbc_3T3,20,384,1.59E-06,3.04E-07,3.40E-05,0.008975314
4375,HC Red 3,2871-01-4,Balbc_3T3,20,384,1.13E-08,3.87E-05,3.88E-05,1.002502993
4376,Hydralazine hydrochloride,304-20-1,Balbc_3T3,20,384,2.04E-08,3.72E-05,3.75E-05,0.997876614
4377,Ketoconazole,65277-42-1,Balbc_3T3,20,384,1.16E-06,7.15E-07,3.34E-05,0.021478127
4378,Metformin,1115-70-4,Balbc_3T3,20,384,8.53E-09,3.97E-05,3.97E-05,1.003791247
4379,Metoclopramide,364-62-5,Balbc_3T3,20,384,4.66E-07,1.62E-05,2.66E-05,0.61253856
4380,Nitrofurantoin,67-20-9,Balbc_3T3,20,384,8.98E-09,3.94E-05,3.94E-05,1.003588402
4381,Oxytetracycline hydrochloride,2058-46-0,Balbc_3T3,20,384,8.32E-09,3.98E-05,3.98E-05,1.003889191
4382,Panthenol,16485-10-2 ,Balbc_3T3,20,384,8.52E-09,3.97E-05,3.97E-05,1.003798496
4383,Paracetamol,103-90-2,Balbc_3T3,20,384,1.49E-08,3.80E-05,3.82E-05,1.000752536
4384,Topiramate,97240-79-4,Balbc_3T3,20,384,8.34E-09,3.98E-05,3.98E-05,1.00387924
4385,Trimellitic anhydride,552-30-7,Balbc_3T3,20,384,6.93E-08,3.29E-05,3.41E-05,0.968303269
4386,Verapamil hydrochloride,152-11-4,Balbc_3T3,20,384,1.17E-06,5.31E-07,3.40E-05,0.015665077
4387,Warfarin,129-06-6,Balbc_3T3,20,384,3.89E-07,1.87E-05,2.72E-05,0.69115041
4388,"2,4-Dinitrophenol",51-28-5,FishRtgut,20,384,1.35E-08,3.09E-05,3.28E-05,0.945635936
4389,Aldrin,309-00-2,FishRtgut,20,384,6.09E-07,2.61E-08,3.60E-05,0.000729322
4390,Azinphos-methyl,86-50-0,FishRtgut,20,384,5.58E-08,1.41E-05,2.66E-05,0.533919875
4391,Chlorpyrifos,2921-88-2,FishRtgut,20,384,1.80E-07,2.77E-07,3.52E-05,0.007897835
4392,"DDD-p,p'",50-29-3,FishRtgut,20,384,7.10E-07,1.18E-08,3.68E-05,0.000321051
4393,"DDT-o,p'",789-02-6,FishRtgut,20,384,6.27E-07,2.34E-08,3.62E-05,0.000649328
4394,"DDT-p,p'",72-54-8,FishRtgut,20,384,5.00E-07,5.19E-08,3.55E-05,0.001466675
4395,Diazinon,333-41-5,FishRtgut,20,384,1.07E-07,2.37E-06,3.10E-05,0.07698005
4396,Dicofol,115-32-2,FishRtgut,20,384,1.92E-07,2.57E-07,3.51E-05,0.007351781
4397,Dieldrin,60-57-1,FishRtgut,20,384,2.14E-07,2.27E-07,3.51E-05,0.006503656
4398,Disulfoton,298-04-4,FishRtgut,20,384,1.12E-07,1.52E-06,3.23E-05,0.04728531
4399,Endosulfan I,115-29-7,FishRtgut,20,384,1.07E-07,2.28E-06,3.11E-05,0.073540874
4400,Endrin,72-20-8,FishRtgut,20,384,2.92E-07,1.51E-07,3.50E-05,0.004325509
4401,Ethion,563-12-2,FishRtgut,20,384,2.03E-07,2.42E-07,3.51E-05,0.00691824
4402,Heptachlor,76-44-8,FishRtgut,20,384,4.94E-07,5.37E-08,3.55E-05,0.001518687
4403,Heptachlor epoxide B,1024-57-3,FishRtgut,20,384,1.84E-07,2.70E-07,3.51E-05,0.007712633
4404,Lindane,58-89-9,FishRtgut,20,384,1.04E-07,2.84E-06,3.03E-05,0.094344232
4405,"Methoxychlor-o,p'",72-43-5,FishRtgut,20,384,2.05E-07,2.39E-07,3.51E-05,0.006833824
4406,Parathion,56-38-2,FishRtgut,20,384,1.07E-07,2.28E-06,3.11E-05,0.073540874
4407,Trifluralin,1582-09-8,FishRtgut,20,384,2.68E-07,1.71E-07,3.50E-05,0.004891678
4408,Eugenol F,97-53-0,FishRtgut,20,384,3.10E-08,2.25E-05,2.85E-05,0.790621879
4409,Methyl-antranilate,134-20-3,FishRtgut,20,384,1.79E-08,2.84E-05,3.13E-05,0.909918026
4410,Lilyfore,285977-85-7,FishRtgut,20,384,8.39E-08,6.96E-06,2.75E-05,0.254308513
4411,Damascone beta,23726-91-2,FishRtgut,20,384,1.14E-07,8.29E-07,3.35E-05,0.024828186
4412,Veloutone,14595-54-1,FishRtgut,20,384,2.53E-07,1.85E-07,3.50E-05,0.005298327
4413,Verdox,82356-51-2,FishRtgut,20,384,5.96E-07,2.87E-08,3.59E-05,0.000802543
4414,Nirvanol,1506-02-1,FishRtgut,20,384,3.70E-07,1.02E-07,3.51E-05,0.002918496
4415,Cetalox,3738-00-9,FishRtgut,20,384,2.76E-07,1.53E-07,3.41E-05,0.00450852
4416,Tonalide,21145-77-7,FishRtgut,20,384,3.70E-07,1.02E-07,3.51E-05,0.002918496
4417,Caffeine,58-08-2,FishRtgut,20,384,5.06E-09,3.90E-05,3.91E-05,1.003048724
4418,Lamotrigine,84057-84-1,FishRtgut,20,384,4.59E-08,1.74E-05,2.71E-05,0.643375935
4419,Diclofenac,15307-79-6,FishRtgut,20,384,4.98E-09,3.98E-05,4.00E-05,0.999693378
4420,"2,4-Dichlorophenoxyacetic",94-75-7,FishRtgut,20,384,5.29E-09,2.19E-05,4.00E-05,0.549870199
4421,(S)-Naproxen,22204-53-1,FishRtgut,20,384,5.29E-09,1.30E-05,4.00E-05,0.325620514
4422,Ibuprofen,15687-27-1,FishRtgut,20,384,5.07E-09,4.33E-06,4.00E-05,0.108622188
4423,Torasemide,56211-40-6,FishRtgut,20,384,2.56E-08,8.32E-06,3.71E-05,0.22490583
4424,Warfarin,81-81-2,FishRtgut,20,384,5.52E-09,2.45E-05,3.99E-05,0.616794456
4425,di-n-butylphthalate,84-74-2,FishRtgut,20,384,1.19E-07,4.13E-07,3.55E-05,0.01170014
4426,hexachlorophene,70-30-4,FishRtgut,20,384,3.59E-07,4.04E-08,3.95E-05,0.001025028
4427,hexamethylenetetramine,100-97-0,FishRtgut,20,384,4.55E-09,3.65E-05,3.65E-05,1.00386754
4428,Malathion,121-75-5,FishRtgut,20,384,3.50E-08,2.10E-05,2.80E-05,0.751029015
4429,pentachlorophenol,87-86-5,FishRtgut,20,384,9.86E-09,3.53E-07,4.00E-05,0.008855647
4430,"2,2,2-trichloroethanol",115-20-8,FishRtgut,20,384,9.09E-09,3.05E-05,3.15E-05,0.971529898
4431,diethylphthalate,84-66-2,FishRtgut,20,384,3.88E-08,1.96E-05,2.76E-05,0.71196546
4432,4-chlorophenol,106-48-9,FishRtgut,20,384,3.64E-08,2.04E-05,2.78E-05,0.736795306
4433,permethrin,52645-53-1,FishRtgut,20,384,6.11E-07,2.62E-08,3.61E-05,0.000729322
4434,Aniline,62-53-3,FishRtgut,20,384,6.36E-09,3.61E-05,3.65E-05,0.994668488
4435,4-fluoroaniline,371-40-4,FishRtgut,20,384,7.48E-09,3.45E-05,3.51E-05,0.986966426
4436,"2,4,6-trichlorophenol",88-06-2,FishRtgut,20,384,1.03E-07,3.01E-06,3.00E-05,0.100871226
4437,Allyl alcohol,107-18-6,FishRtgut,20,384,4.83E-09,3.61E-05,3.62E-05,1.002358012
4438,N-methylaniline,100-61-8,FishRtgut,20,384,1.24E-08,2.89E-05,3.06E-05,0.946971232
4439,"3,4-dichloroaniline",95-76-1,FishRtgut,20,384,5.22E-08,1.51E-05,2.66E-05,0.570648432
4440,4-decylaniline,37529-30-9,FishRtgut,20,384,5.60E-07,3.65E-08,3.58E-05,0.001023937
4441,naphthalene,91-20-3,FishRtgut,20,384,7.54E-08,5.45E-06,2.41E-05,0.227230992
4442,"1,2,4-trichlorobenzene",120-82-1,FishRtgut,20,384,4.40E-08,6.44E-07,1.27E-05,0.050740255
4443,"1,2-dichlorobenzene",95-50-1,FishRtgut,20,384,2.18E-08,1.16E-06,6.65E-06,0.175780755
4444,dichloromethane,75-09-2,FishRtgut,20,384,5.71E-10,2.37E-06,2.42E-06,0.982349427
4445,tetrachloroethylene,127-18-4,FishRtgut,20,384,8.36E-09,4.79E-07,2.58E-06,0.186778431
4446,"2,3-dimethyl-1,3-butadiene",513-81-5,FishRtgut,20,384,1.46E-10,1.79E-08,5.26E-08,0.341718023
4447,cyclosporine A,59865-13-3,FishRtgut,20,384,6.58E-08,1.14E-05,2.65E-05,0.429281369
4448,chlorpromazine,50-53-3,FishRtgut,20,384,2.87E-07,1.55E-07,3.50E-05,0.00444689
4449,PBDE 47,5436-43-1,FishRtgut,20,384,6.88E-07,1.44E-08,3.66E-05,0.000394295
4450,PBDE 99,60348-60-9,FishRtgut,20,384,7.84E-07,5.01E-09,3.74E-05,0.000134415
4451,PBDE 153,68631-49-2,FishRtgut,20,384,8.51E-07,1.41E-09,3.81E-05,3.72138E-05
4452,amiodarone,1951-25-3,FishRtgut,20,384,8.18E-07,2.92E-09,3.77E-05,7.77179E-05
4453,PFBS,375-73-5,FishRtgut,20,384,1.08E-08,3.25E-05,3.38E-05,0.964767737
4454,4:2 FTS,757124-72-4,FishRtgut,20,384,1.50E-08,2.96E-05,3.19E-05,0.932228803
4455,PFNA,375-95-1,FishRtgut,20,384,4.84E-07,5.64E-08,3.54E-05,1.60E-03
4456,PFHxA,307-24-4,FishRtgut,20,384,1.14E-07,1.02E-06,3.34E-05,0.030825612
4457,PFBA,375-22-4,FishRtgut,20,384,1.40E-08,2.96E-05,3.17E-05,0.938507691
4458,PFOA,335-67-1,FishRtgut,20,384,1.12E-07,1.18E-06,3.26E-05,0.036437597
4459,6:2 FTS,27619-97-2,FishRtgut,20,384,6.79E-08,1.04E-05,2.63E-05,0.399288606
4460,8:2 FTS,39108-34-4,FishRtgut,20,384,1.14E-07,1.07E-06,3.32E-05,0.03233767
4461,PFUnDA,2058-94-8,FishRtgut,20,384,3.13E-08,1.73E-07,4.00E-05,0.004338169
4462,PFOS,1763-23-1,FishRtgut,20,384,3.13E-08,1.73E-07,4.00E-05,0.004338169
4463,PFHpA,375-85-9,FishRtgut,20,384,9.51E-08,4.04E-06,2.84E-05,0.142795717
4464,PFPeA,2706-90-3,FishRtgut,20,384,3.21E-08,2.09E-05,2.73E-05,0.769207526
4465,PFHxS,355-46-4,FishRtgut,20,384,5.31E-08,1.47E-05,2.64E-05,0.558469072
4466,PFDA,335-76-2,FishRtgut,20,384,6.08E-08,1.17E-07,3.99E-05,0.002941431
4467,Azathioprine,446-86-6,FishRtgut,20,384,5.13E-09,3.88E-05,3.88E-05,1.002602793
4468,Benzocaine,94-09-7,FishRtgut,20,384,1.74E-08,2.87E-05,3.15E-05,0.914027016
4469,Butylated hydroxyanisole,25013-16-5,FishRtgut,20,384,9.27E-08,5.08E-06,2.84E-05,0.179388945
4470,Cetirizine dihydrochloride,83881-52-1,FishRtgut,20,384,5.89E-09,3.73E-05,3.75E-05,0.998022052
4471,Cyclamate,139-05-9,FishRtgut,20,384,4.97E-09,3.95E-05,3.95E-05,1.003668093
4472,Cyclophosphamide,6055-19-2,FishRtgut,20,384,5.85E-09,3.74E-05,3.76E-05,0.998302548
4473,Cypermethrin,67375-30-8,FishRtgut,20,384,6.43E-07,2.09E-08,3.63E-05,0.000577277
4474,DEET,134-62-3,FishRtgut,20,384,2.74E-08,2.40E-05,2.92E-05,0.825481961
4475,Dexamethasone,50-02-2,FishRtgut,20,384,1.90E-08,2.79E-05,3.11E-05,0.901191512
4476,Digoxin,20830-75-5,FishRtgut,20,384,8.43E-09,3.45E-05,3.53E-05,0.981824932
4477,Fenazaquin,120928-09-8,FishRtgut,20,384,3.15E-07,1.35E-07,3.50E-05,0.003864529
4478,Fenbuconazole,114369-43-6,FishRtgut,20,384,8.34E-08,7.07E-06,2.74E-05,0.259022637
4479,Fluazinam,79622-59-6,FishRtgut,20,384,1.11E-07,1.56E-06,3.23E-05,0.048411384
4480,Furosemide,54-31-9,FishRtgut,20,384,5.13E-09,3.58E-05,4.00E-05,0.898413107
4481,Glybenclamide,10238-21-8,FishRtgut,20,384,1.59E-07,3.15E-07,3.52E-05,0.008975314
4482,HC Red 3,2871-01-4,FishRtgut,20,384,5.15E-09,3.87E-05,3.88E-05,1.002502993
4483,Hydralazine hydrochloride,304-20-1,FishRtgut,20,384,5.92E-09,3.73E-05,3.75E-05,0.997876614
4484,Ketoconazole,65277-42-1,FishRtgut,20,384,1.16E-07,7.34E-07,3.43E-05,0.021478127
4485,Metformin,1115-70-4,FishRtgut,20,384,4.96E-09,3.97E-05,3.97E-05,1.003791247
4486,Metoclopramide,364-62-5,FishRtgut,20,384,4.84E-08,1.64E-05,2.69E-05,0.61253856
4487,Nitrofurantoin,67-20-9,FishRtgut,20,384,4.98E-09,3.94E-05,3.94E-05,1.003588402
4488,Oxytetracycline hydrochloride,2058-46-0,FishRtgut,20,384,4.96E-09,3.99E-05,3.99E-05,1.003889191
4489,Panthenol,16485-10-2 ,FishRtgut,20,384,4.96E-09,3.97E-05,3.97E-05,1.003798496
4490,Paracetamol,103-90-2,FishRtgut,20,384,5.44E-09,3.81E-05,3.82E-05,1.000752536
4491,Topiramate,97240-79-4,FishRtgut,20,384,4.96E-09,3.98E-05,3.98E-05,1.00387924
4492,Trimellitic anhydride,552-30-7,FishRtgut,20,384,1.04E-08,3.30E-05,3.42E-05,0.968303269
4493,Verapamil hydrochloride,152-11-4,FishRtgut,20,384,1.16E-07,5.46E-07,3.50E-05,0.015665077
4494,Warfarin,129-06-6,FishRtgut,20,384,4.09E-08,1.89E-05,2.74E-05,0.69115041
4495,"2,4-Dinitrophenol",51-28-5,FishRtgill,20,384,7.07E-09,3.09E-05,3.28E-05,0.945635936
4496,Aldrin,309-00-2,FishRtgill,20,384,3.22E-07,2.63E-08,3.62E-05,0.000729322
4497,Azinphos-methyl,86-50-0,FishRtgill,20,384,2.93E-08,1.41E-05,2.66E-05,0.533919875
4498,Chlorpyrifos,2921-88-2,FishRtgill,20,384,9.46E-08,2.77E-07,3.52E-05,0.007897835
4499,"DDD-p,p'",50-29-3,FishRtgill,20,384,3.76E-07,1.19E-08,3.71E-05,0.000321051
4500,"DDT-o,p'",789-02-6,FishRtgill,20,384,3.32E-07,2.36E-08,3.65E-05,0.000649328
4501,"DDT-p,p'",72-54-8,FishRtgill,20,384,2.64E-07,5.22E-08,3.57E-05,0.001466675
4502,Diazinon,333-41-5,FishRtgill,20,384,5.62E-08,2.38E-06,3.10E-05,0.07698005
4503,Dicofol,115-32-2,FishRtgill,20,384,1.01E-07,2.58E-07,3.52E-05,0.007351781
4504,Dieldrin,60-57-1,FishRtgill,20,384,1.13E-07,2.28E-07,3.52E-05,0.006503656
4505,Disulfoton,298-04-4,FishRtgill,20,384,5.87E-08,1.53E-06,3.24E-05,0.04728531
4506,Endosulfan I,115-29-7,FishRtgill,20,384,5.65E-08,2.28E-06,3.11E-05,0.073540874
4507,Endrin,72-20-8,FishRtgill,20,384,1.54E-07,1.51E-07,3.51E-05,0.004325509
4508,Ethion,563-12-2,FishRtgill,20,384,1.07E-07,2.42E-07,3.52E-05,0.00691824
4509,Heptachlor,76-44-8,FishRtgill,20,384,2.61E-07,5.40E-08,3.57E-05,0.001518687
4510,Heptachlor epoxide B,1024-57-3,FishRtgill,20,384,9.68E-08,2.71E-07,3.52E-05,0.007712633
4511,Lindane,58-89-9,FishRtgill,20,384,5.46E-08,2.85E-06,3.03E-05,0.094344232
4512,"Methoxychlor-o,p'",72-43-5,FishRtgill,20,384,1.08E-07,2.39E-07,3.52E-05,0.006833824
4513,Parathion,56-38-2,FishRtgill,20,384,5.65E-08,2.28E-06,3.11E-05,0.073540874
4514,Trifluralin,1582-09-8,FishRtgill,20,384,1.41E-07,1.71E-07,3.51E-05,0.004891678
4515,Eugenol F,97-53-0,FishRtgill,20,384,1.63E-08,2.25E-05,2.85E-05,0.790621879
4516,Methyl-antranilate,134-20-3,FishRtgill,20,384,9.41E-09,2.84E-05,3.13E-05,0.909918026
4517,Lilyfore,285977-85-7,FishRtgill,20,384,4.41E-08,6.96E-06,2.75E-05,0.254308513
4518,Damascone beta,23726-91-2,FishRtgill,20,384,5.98E-08,8.30E-07,3.36E-05,0.024828186
4519,Veloutone,14595-54-1,FishRtgill,20,384,1.33E-07,1.85E-07,3.51E-05,0.005298327
4520,Verdox,82356-51-2,FishRtgill,20,384,3.15E-07,2.89E-08,3.62E-05,0.000802543
4521,Nirvanol,1506-02-1,FishRtgill,20,384,1.95E-07,1.03E-07,3.53E-05,0.002918496
4522,Cetalox,3738-00-9,FishRtgill,20,384,1.46E-07,1.53E-07,3.42E-05,0.00450852
4523,Tonalide,21145-77-7,FishRtgill,20,384,1.95E-07,1.03E-07,3.53E-05,0.002918496
4524,Caffeine,58-08-2,FishRtgill,20,384,2.66E-09,3.90E-05,3.91E-05,1.003048724
4525,Lamotrigine,84057-84-1,FishRtgill,20,384,2.41E-08,1.74E-05,2.71E-05,0.643375935
4526,Diclofenac,15307-79-6,FishRtgill,20,384,2.62E-09,3.98E-05,4.00E-05,0.999693378
4527,"2,4-Dichlorophenoxyacetic",94-75-7,FishRtgill,20,384,2.78E-09,2.19E-05,4.00E-05,0.549870199
4528,(S)-Naproxen,22204-53-1,FishRtgill,20,384,2.78E-09,1.30E-05,4.00E-05,0.325620514
4529,Ibuprofen,15687-27-1,FishRtgill,20,384,2.66E-09,4.33E-06,4.00E-05,0.108622188
4530,Torasemide,56211-40-6,FishRtgill,20,384,1.34E-08,8.32E-06,3.72E-05,0.22490583
4531,Warfarin,81-81-2,FishRtgill,20,384,2.90E-09,2.45E-05,3.99E-05,0.616794456
4532,di-n-butylphthalate,84-74-2,FishRtgill,20,384,6.27E-08,4.14E-07,3.55E-05,0.01170014
4533,hexachlorophene,70-30-4,FishRtgill,20,384,1.89E-07,4.05E-08,3.97E-05,0.001025028
4534,hexamethylenetetramine,100-97-0,FishRtgill,20,384,2.39E-09,3.65E-05,3.65E-05,1.00386754
4535,Malathion,121-75-5,FishRtgill,20,384,1.84E-08,2.10E-05,2.81E-05,0.751029015
4536,pentachlorophenol,87-86-5,FishRtgill,20,384,5.18E-09,3.53E-07,4.00E-05,0.008855647
4537,"2,2,2-trichloroethanol",115-20-8,FishRtgill,20,384,4.77E-09,3.05E-05,3.15E-05,0.971529898
4538,diethylphthalate,84-66-2,FishRtgill,20,384,2.04E-08,1.96E-05,2.76E-05,0.71196546
4539,4-chlorophenol,106-48-9,FishRtgill,20,384,1.91E-08,2.04E-05,2.78E-05,0.736795306
4540,permethrin,52645-53-1,FishRtgill,20,384,3.23E-07,2.64E-08,3.64E-05,0.000729322
4541,Aniline,62-53-3,FishRtgill,20,384,3.34E-09,3.61E-05,3.65E-05,0.994668488
4542,4-fluoroaniline,371-40-4,FishRtgill,20,384,3.93E-09,3.45E-05,3.51E-05,0.986966426
4543,"2,4,6-trichlorophenol",88-06-2,FishRtgill,20,384,5.39E-08,3.01E-06,3.00E-05,0.100871226
4544,Allyl alcohol,107-18-6,FishRtgill,20,384,2.54E-09,3.61E-05,3.62E-05,1.002358012
4545,N-methylaniline,100-61-8,FishRtgill,20,384,6.49E-09,2.89E-05,3.06E-05,0.946971232
4546,"3,4-dichloroaniline",95-76-1,FishRtgill,20,384,2.74E-08,1.52E-05,2.67E-05,0.570648432
4547,4-decylaniline,37529-30-9,FishRtgill,20,384,2.96E-07,3.68E-08,3.61E-05,0.001023937
4548,naphthalene,91-20-3,FishRtgill,20,384,3.96E-08,5.45E-06,2.41E-05,0.227230992
4549,"1,2,4-trichlorobenzene",120-82-1,FishRtgill,20,384,2.31E-08,6.45E-07,1.28E-05,0.050740255
4550,"1,2-dichlorobenzene",95-50-1,FishRtgill,20,384,1.14E-08,1.17E-06,6.65E-06,0.175780755
4551,dichloromethane,75-09-2,FishRtgill,20,384,3.00E-10,2.37E-06,2.42E-06,0.982349427
4552,tetrachloroethylene,127-18-4,FishRtgill,20,384,4.39E-09,4.79E-07,2.58E-06,0.186778431
4553,"2,3-dimethyl-1,3-butadiene",513-81-5,FishRtgill,20,384,7.68E-11,1.79E-08,5.26E-08,0.341718023
4554,cyclosporine A,59865-13-3,FishRtgill,20,384,3.46E-08,1.14E-05,2.66E-05,0.429281369
4555,chlorpromazine,50-53-3,FishRtgill,20,384,1.51E-07,1.56E-07,3.51E-05,0.00444689
4556,PBDE 47,5436-43-1,FishRtgill,20,384,3.64E-07,1.45E-08,3.69E-05,0.000394295
4557,PBDE 99,60348-60-9,FishRtgill,20,384,4.16E-07,5.05E-09,3.77E-05,0.000134415
4558,PBDE 153,68631-49-2,FishRtgill,20,384,4.51E-07,1.42E-09,3.84E-05,3.72138E-05
4559,amiodarone,1951-25-3,FishRtgill,20,384,4.33E-07,2.95E-09,3.81E-05,7.77179E-05
4560,PFBS,375-73-5,FishRtgill,20,384,5.69E-09,3.25E-05,3.38E-05,0.964767737
4561,4:2 FTS,757124-72-4,FishRtgill,20,384,7.89E-09,2.96E-05,3.19E-05,0.932228803
4562,PFNA,375-95-1,FishRtgill,20,384,2.56E-07,5.68E-08,3.56E-05,1.60E-03
4563,PFHxA,307-24-4,FishRtgill,20,384,5.99E-08,1.03E-06,3.34E-05,0.030825612
4564,PFBA,375-22-4,FishRtgill,20,384,7.37E-09,2.96E-05,3.17E-05,0.938507691
4565,PFOA,335-67-1,FishRtgill,20,384,5.88E-08,1.18E-06,3.26E-05,0.036437597
4566,6:2 FTS,27619-97-2,FishRtgill,20,384,3.57E-08,1.05E-05,2.63E-05,0.399288606
4567,8:2 FTS,39108-34-4,FishRtgill,20,384,5.97E-08,1.07E-06,3.32E-05,0.03233767
4568,PFUnDA,2058-94-8,FishRtgill,20,384,1.65E-08,1.73E-07,4.00E-05,0.004338169
4569,PFOS,1763-23-1,FishRtgill,20,384,1.65E-08,1.73E-07,4.00E-05,0.004338169
4570,PFHpA,375-85-9,FishRtgill,20,384,5.00E-08,4.04E-06,2.84E-05,0.142795717
4571,PFPeA,2706-90-3,FishRtgill,20,384,1.69E-08,2.10E-05,2.73E-05,0.769207526
4572,PFHxS,355-46-4,FishRtgill,20,384,2.79E-08,1.47E-05,2.65E-05,0.558469072
4573,PFDA,335-76-2,FishRtgill,20,384,3.20E-08,1.17E-07,4.00E-05,0.002941431
4574,Azathioprine,446-86-6,FishRtgill,20,384,2.69E-09,3.88E-05,3.88E-05,1.002602793
4575,Benzocaine,94-09-7,FishRtgill,20,384,9.15E-09,2.87E-05,3.15E-05,0.914027016
4576,Butylated hydroxyanisole,25013-16-5,FishRtgill,20,384,4.87E-08,5.08E-06,2.84E-05,0.179388945
4577,Cetirizine dihydrochloride,83881-52-1,FishRtgill,20,384,3.09E-09,3.73E-05,3.75E-05,0.998022052
4578,Cyclamate,139-05-9,FishRtgill,20,384,2.61E-09,3.95E-05,3.95E-05,1.003668093
4579,Cyclophosphamide,6055-19-2,FishRtgill,20,384,3.07E-09,3.74E-05,3.76E-05,0.998302548
4580,Cypermethrin,67375-30-8,FishRtgill,20,384,3.40E-07,2.10E-08,3.66E-05,0.000577277
4581,DEET,134-62-3,FishRtgill,20,384,1.44E-08,2.40E-05,2.92E-05,0.825481961
4582,Dexamethasone,50-02-2,FishRtgill,20,384,9.95E-09,2.79E-05,3.11E-05,0.901191512
4583,Digoxin,20830-75-5,FishRtgill,20,384,4.43E-09,3.45E-05,3.53E-05,0.981824932
4584,Fenazaquin,120928-09-8,FishRtgill,20,384,1.66E-07,1.35E-07,3.52E-05,0.003864529
4585,Fenbuconazole,114369-43-6,FishRtgill,20,384,4.38E-08,7.08E-06,2.74E-05,0.259022637
4586,Fluazinam,79622-59-6,FishRtgill,20,384,5.86E-08,1.56E-06,3.23E-05,0.048411384
4587,Furosemide,54-31-9,FishRtgill,20,384,2.69E-09,3.58E-05,4.00E-05,0.898413107
4588,Glybenclamide,10238-21-8,FishRtgill,20,384,8.34E-08,3.16E-07,3.53E-05,0.008975314
4589,HC Red 3,2871-01-4,FishRtgill,20,384,2.70E-09,3.87E-05,3.88E-05,1.002502993
4590,Hydralazine hydrochloride,304-20-1,FishRtgill,20,384,3.11E-09,3.73E-05,3.75E-05,0.997876614
4591,Ketoconazole,65277-42-1,FishRtgill,20,384,6.08E-08,7.35E-07,3.44E-05,0.021478127
4592,Metformin,1115-70-4,FishRtgill,20,384,2.60E-09,3.97E-05,3.97E-05,1.003791247
4593,Metoclopramide,364-62-5,FishRtgill,20,384,2.54E-08,1.64E-05,2.69E-05,0.61253856
4594,Nitrofurantoin,67-20-9,FishRtgill,20,384,2.62E-09,3.94E-05,3.94E-05,1.003588402
4595,Oxytetracycline hydrochloride,2058-46-0,FishRtgill,20,384,2.60E-09,3.99E-05,3.99E-05,1.003889191
4596,Panthenol,16485-10-2 ,FishRtgill,20,384,2.60E-09,3.97E-05,3.97E-05,1.003798496
4597,Paracetamol,103-90-2,FishRtgill,20,384,2.86E-09,3.81E-05,3.82E-05,1.000752536
4598,Topiramate,97240-79-4,FishRtgill,20,384,2.60E-09,3.98E-05,3.98E-05,1.00387924
4599,Trimellitic anhydride,552-30-7,FishRtgill,20,384,5.46E-09,3.30E-05,3.42E-05,0.968303269
4600,Verapamil hydrochloride,152-11-4,FishRtgill,20,384,6.11E-08,5.46E-07,3.50E-05,0.015665077
4601,Warfarin,129-06-6,FishRtgill,20,384,2.15E-08,1.89E-05,2.74E-05,0.69115041
4602,"2,4-Dinitrophenol",51-28-5,Default,20,384,6.24E-08,3.09E-05,3.28E-05,0.945635936
4603,Aldrin,309-00-2,Default,20,384,2.78E-06,2.47E-08,3.40E-05,0.000729322
4604,Azinphos-methyl,86-50-0,Default,20,384,2.56E-07,1.41E-05,2.64E-05,0.533919875
4605,Chlorpyrifos,2921-88-2,Default,20,384,8.37E-07,2.72E-07,3.46E-05,0.007897835
4606,"DDD-p,p'",50-29-3,Default,20,384,3.22E-06,1.10E-08,3.44E-05,0.000321051
4607,"DDT-o,p'",789-02-6,Default,20,384,2.86E-06,2.21E-08,3.42E-05,0.000649328
4608,"DDT-p,p'",72-54-8,Default,20,384,2.29E-06,4.96E-08,3.39E-05,0.001466675
4609,Diazinon,333-41-5,Default,20,384,4.94E-07,2.35E-06,3.07E-05,0.07698005
4610,Dicofol,115-32-2,Default,20,384,8.95E-07,2.53E-07,3.45E-05,0.007351781
4611,Dieldrin,60-57-1,Default,20,384,9.96E-07,2.23E-07,3.44E-05,0.006503656
4612,Disulfoton,298-04-4,Default,20,384,5.17E-07,1.51E-06,3.20E-05,0.04728531
4613,Endosulfan I,115-29-7,Default,20,384,4.97E-07,2.26E-06,3.08E-05,0.073540874
4614,Endrin,72-20-8,Default,20,384,1.36E-06,1.47E-07,3.41E-05,0.004325509
4615,Ethion,563-12-2,Default,20,384,9.45E-07,2.37E-07,3.44E-05,0.00691824
4616,Heptachlor,76-44-8,Default,20,384,2.26E-06,5.13E-08,3.39E-05,0.001518687
4617,Heptachlor epoxide B,1024-57-3,Default,20,384,8.56E-07,2.65E-07,3.46E-05,0.007712633
4618,Lindane,58-89-9,Default,20,384,4.80E-07,2.82E-06,3.00E-05,0.094344232
4619,"Methoxychlor-o,p'",72-43-5,Default,20,384,9.55E-07,2.34E-07,3.44E-05,0.006833824
4620,Parathion,56-38-2,Default,20,384,4.97E-07,2.26E-06,3.08E-05,0.073540874
4621,Trifluralin,1582-09-8,Default,20,384,1.24E-06,1.66E-07,3.41E-05,0.004891678
4622,Eugenol F,97-53-0,Default,20,384,1.42E-07,2.24E-05,2.85E-05,0.790621879
4623,Methyl-antranilate,134-20-3,Default,20,384,8.27E-08,2.84E-05,3.13E-05,0.909918026
4624,Lilyfore,285977-85-7,Default,20,384,3.86E-07,6.90E-06,2.73E-05,0.254308513
4625,Damascone beta,23726-91-2,Default,20,384,5.28E-07,8.21E-07,3.32E-05,0.024828186
4626,Veloutone,14595-54-1,Default,20,384,1.17E-06,1.80E-07,3.42E-05,0.005298327
4627,Verdox,82356-51-2,Default,20,384,2.72E-06,2.72E-08,3.40E-05,0.000802543
4628,Nirvanol,1506-02-1,Default,20,384,1.71E-06,9.86E-08,3.39E-05,0.002918496
4629,Cetalox,3738-00-9,Default,20,384,1.28E-06,1.49E-07,3.32E-05,0.00450852
4630,Tonalide,21145-77-7,Default,20,384,1.71E-06,9.86E-08,3.39E-05,0.002918496
4631,Caffeine,58-08-2,Default,20,384,2.46E-08,3.90E-05,3.90E-05,1.003048724
4632,Lamotrigine,84057-84-1,Default,20,384,2.11E-07,1.73E-05,2.70E-05,0.643375935
4633,Diclofenac,15307-79-6,Default,20,384,2.46E-08,3.98E-05,4.00E-05,0.999693378
4634,"2,4-Dichlorophenoxyacetic",94-75-7,Default,20,384,4.48E-08,2.19E-05,3.99E-05,0.549870199
4635,(S)-Naproxen,22204-53-1,Default,20,384,5.25E-08,1.30E-05,3.99E-05,0.325620514
4636,Ibuprofen,15687-27-1,Default,20,384,5.69E-08,4.32E-06,3.99E-05,0.108622188
4637,Torasemide,56211-40-6,Default,20,384,1.42E-07,8.30E-06,3.70E-05,0.22490583
4638,Warfarin,81-81-2,Default,20,384,4.33E-08,2.45E-05,3.99E-05,0.616794456
4639,di-n-butylphthalate,84-74-2,Default,20,384,5.56E-07,4.09E-07,3.51E-05,0.01170014
4640,hexachlorophene,70-30-4,Default,20,384,3.65E-06,3.70E-08,3.62E-05,0.001025028
4641,hexamethylenetetramine,100-97-0,Default,20,384,2.22E-08,3.65E-05,3.65E-05,1.00386754
4642,Malathion,121-75-5,Default,20,384,1.61E-07,2.09E-05,2.80E-05,0.751029015
4643,pentachlorophenol,87-86-5,Default,20,384,1.16E-07,3.52E-07,3.99E-05,0.008855647
4644,"2,2,2-trichloroethanol",115-20-8,Default,20,384,4.25E-08,3.05E-05,3.15E-05,0.971529898
4645,diethylphthalate,84-66-2,Default,20,384,1.78E-07,1.95E-05,2.75E-05,0.71196546
4646,4-chlorophenol,106-48-9,Default,20,384,1.67E-07,2.03E-05,2.77E-05,0.736795306
4647,permethrin,52645-53-1,Default,20,384,2.78E-06,2.48E-08,3.41E-05,0.000729322
4648,Aniline,62-53-3,Default,20,384,3.04E-08,3.61E-05,3.64E-05,0.994668488
4649,4-fluoroaniline,371-40-4,Default,20,384,3.54E-08,3.44E-05,3.50E-05,0.986966426
4650,"2,4,6-trichlorophenol",88-06-2,Default,20,384,4.74E-07,2.98E-06,2.97E-05,0.100871226
4651,Allyl alcohol,107-18-6,Default,20,384,2.35E-08,3.61E-05,3.62E-05,1.002358012
4652,N-methylaniline,100-61-8,Default,20,384,5.74E-08,2.89E-05,3.06E-05,0.946971232
4653,"3,4-dichloroaniline",95-76-1,Default,20,384,2.40E-07,1.51E-05,2.65E-05,0.570648432
4654,4-decylaniline,37529-30-9,Default,20,384,2.56E-06,3.47E-08,3.40E-05,0.001023937
4655,naphthalene,91-20-3,Default,20,384,3.48E-07,5.41E-06,2.39E-05,0.227230992
4656,"1,2,4-trichlorobenzene",120-82-1,Default,20,384,2.05E-07,6.42E-07,1.27E-05,0.050740255
4657,"1,2-dichlorobenzene",95-50-1,Default,20,384,1.01E-07,1.16E-06,6.64E-06,0.175780755
4658,dichloromethane,75-09-2,Default,20,384,2.69E-09,2.37E-06,2.42E-06,0.982349427
4659,tetrachloroethylene,127-18-4,Default,20,384,3.88E-08,4.79E-07,2.57E-06,0.186778431
4660,"2,3-dimethyl-1,3-butadiene",513-81-5,Default,20,384,6.77E-10,1.79E-08,5.26E-08,0.341718023
4661,cyclosporine A,59865-13-3,Default,20,384,3.03E-07,1.13E-05,2.64E-05,0.429281369
4662,chlorpromazine,50-53-3,Default,20,384,1.33E-06,1.51E-07,3.41E-05,0.00444689
4663,PBDE 47,5436-43-1,Default,20,384,3.13E-06,1.35E-08,3.43E-05,0.000394295
4664,PBDE 99,60348-60-9,Default,20,384,3.55E-06,4.65E-09,3.48E-05,0.000134415
4665,PBDE 153,68631-49-2,Default,20,384,3.85E-06,1.30E-09,3.51E-05,3.72138E-05
4666,amiodarone,1951-25-3,Default,20,384,3.70E-06,2.70E-09,3.49E-05,7.77179E-05
4667,PFBS,375-73-5,Default,20,384,5.05E-08,3.24E-05,3.38E-05,0.964767737
4668,4:2 FTS,757124-72-4,Default,20,384,6.95E-08,2.96E-05,3.18E-05,0.932228803
4669,PFNA,375-95-1,Default,20,384,2.22E-06,5.40E-08,3.39E-05,1.60E-03
4670,PFHxA,307-24-4,Default,20,384,5.29E-07,1.01E-06,3.30E-05,0.030825612
4671,PFBA,375-22-4,Default,20,384,6.50E-08,2.96E-05,3.17E-05,0.938507691
4672,PFOA,335-67-1,Default,20,384,5.19E-07,1.17E-06,3.23E-05,0.036437597
4673,6:2 FTS,27619-97-2,Default,20,384,3.12E-07,1.04E-05,2.61E-05,0.399288606
4674,8:2 FTS,39108-34-4,Default,20,384,5.27E-07,1.06E-06,3.28E-05,0.03233767
4675,PFUnDA,2058-94-8,Default,20,384,3.82E-07,1.71E-07,3.96E-05,0.004338169
4676,PFOS,1763-23-1,Default,20,384,3.82E-07,1.71E-07,3.96E-05,0.004338169
4677,PFHpA,375-85-9,Default,20,384,4.39E-07,4.01E-06,2.82E-05,0.142795717
4678,PFPeA,2706-90-3,Default,20,384,1.47E-07,2.09E-05,2.73E-05,0.769207526
4679,PFHxS,355-46-4,Default,20,384,2.44E-07,1.46E-05,2.63E-05,0.558469072
4680,PFDA,335-76-2,Default,20,384,7.35E-07,1.15E-07,3.93E-05,0.002941431
4681,Azathioprine,446-86-6,Default,20,384,2.49E-08,3.88E-05,3.88E-05,1.002602793
4682,Benzocaine,94-09-7,Default,20,384,8.05E-08,2.86E-05,3.14E-05,0.914027016
4683,Butylated hydroxyanisole,25013-16-5,Default,20,384,4.27E-07,5.03E-06,2.82E-05,0.179388945
4684,Cetirizine dihydrochloride,83881-52-1,Default,20,384,2.83E-08,3.73E-05,3.75E-05,0.998022052
4685,Cyclamate,139-05-9,Default,20,384,2.43E-08,3.95E-05,3.95E-05,1.003668093
4686,Cyclophosphamide,6055-19-2,Default,20,384,2.81E-08,3.73E-05,3.75E-05,0.998302548
4687,Cypermethrin,67375-30-8,Default,20,384,2.92E-06,1.97E-08,3.42E-05,0.000577277
4688,DEET,134-62-3,Default,20,384,1.26E-07,2.39E-05,2.91E-05,0.825481961
4689,Dexamethasone,50-02-2,Default,20,384,8.75E-08,2.78E-05,3.10E-05,0.901191512
4690,Digoxin,20830-75-5,Default,20,384,3.97E-08,3.45E-05,3.53E-05,0.981824932
4691,Fenazaquin,120928-09-8,Default,20,384,1.46E-06,1.31E-07,3.40E-05,0.003864529
4692,Fenbuconazole,114369-43-6,Default,20,384,3.84E-07,7.02E-06,2.72E-05,0.259022637
4693,Fluazinam,79622-59-6,Default,20,384,5.16E-07,1.54E-06,3.20E-05,0.048411384
4694,Furosemide,54-31-9,Default,20,384,3.00E-08,3.58E-05,4.00E-05,0.898413107
4695,Glybenclamide,10238-21-8,Default,20,384,7.39E-07,3.11E-07,3.47E-05,0.008975314
4696,HC Red 3,2871-01-4,Default,20,384,2.50E-08,3.87E-05,3.88E-05,1.002502993
4697,Hydralazine hydrochloride,304-20-1,Default,20,384,2.84E-08,3.72E-05,3.75E-05,0.997876614
4698,Ketoconazole,65277-42-1,Default,20,384,5.38E-07,7.26E-07,3.39E-05,0.021478127
4699,Metformin,1115-70-4,Default,20,384,2.42E-08,3.96E-05,3.96E-05,1.003791247
4700,Metoclopramide,364-62-5,Default,20,384,2.22E-07,1.63E-05,2.68E-05,0.61253856
4701,Nitrofurantoin,67-20-9,Default,20,384,2.43E-08,3.94E-05,3.94E-05,1.003588402
4702,Oxytetracycline hydrochloride,2058-46-0,Default,20,384,2.42E-08,3.98E-05,3.98E-05,1.003889191
4703,Panthenol,16485-10-2 ,Default,20,384,2.42E-08,3.96E-05,3.97E-05,1.003798496
4704,Paracetamol,103-90-2,Default,20,384,2.63E-08,3.80E-05,3.82E-05,1.000752536
4705,Topiramate,97240-79-4,Default,20,384,2.42E-08,3.98E-05,3.98E-05,1.00387924
4706,Trimellitic anhydride,552-30-7,Default,20,384,4.85E-08,3.29E-05,3.42E-05,0.968303269
4707,Verapamil hydrochloride,152-11-4,Default,20,384,5.42E-07,5.40E-07,3.46E-05,0.015665077
4708,Warfarin,129-06-6,Default,20,384,1.88E-07,1.88E-05,2.73E-05,0.69115041
4709,"2,4-Dinitrophenol",51-28-5,MCF7,20,384,5.61E-08,3.09E-05,3.28E-05,0.945635936
4710,Aldrin,309-00-2,MCF7,20,384,8.91E-07,2.59E-08,3.57E-05,0.000729322
4711,Azinphos-methyl,86-50-0,MCF7,20,384,9.59E-08,1.41E-05,2.66E-05,0.533919875
4712,Chlorpyrifos,2921-88-2,MCF7,20,384,2.60E-07,2.76E-07,3.51E-05,0.007897835
4713,"DDD-p,p'",50-29-3,MCF7,20,384,1.04E-06,1.17E-08,3.65E-05,0.000321051
4714,"DDT-o,p'",789-02-6,MCF7,20,384,9.18E-07,2.32E-08,3.59E-05,0.000649328
4715,"DDT-p,p'",72-54-8,MCF7,20,384,7.30E-07,5.16E-08,3.53E-05,0.001466675
4716,Diazinon,333-41-5,MCF7,20,384,1.56E-07,2.37E-06,3.09E-05,0.07698005
4717,Dicofol,115-32-2,MCF7,20,384,2.78E-07,2.57E-07,3.50E-05,0.007351781
4718,Dieldrin,60-57-1,MCF7,20,384,3.11E-07,2.27E-07,3.50E-05,0.006503656
4719,Disulfoton,298-04-4,MCF7,20,384,1.62E-07,1.52E-06,3.23E-05,0.04728531
4720,Endosulfan I,115-29-7,MCF7,20,384,1.56E-07,2.27E-06,3.11E-05,0.073540874
4721,Endrin,72-20-8,MCF7,20,384,4.25E-07,1.50E-07,3.49E-05,0.004325509
4722,Ethion,563-12-2,MCF7,20,384,2.94E-07,2.41E-07,3.50E-05,0.00691824
4723,Heptachlor,76-44-8,MCF7,20,384,7.21E-07,5.34E-08,3.53E-05,0.001518687
4724,Heptachlor epoxide B,1024-57-3,MCF7,20,384,2.66E-07,2.69E-07,3.51E-05,0.007712633
4725,Lindane,58-89-9,MCF7,20,384,1.52E-07,2.84E-06,3.02E-05,0.094344232
4726,"Methoxychlor-o,p'",72-43-5,MCF7,20,384,2.97E-07,2.38E-07,3.50E-05,0.006833824
4727,Parathion,56-38-2,MCF7,20,384,1.56E-07,2.28E-06,3.11E-05,0.073540874
4728,Trifluralin,1582-09-8,MCF7,20,384,3.89E-07,1.70E-07,3.49E-05,0.004891678
4729,Eugenol F,97-53-0,MCF7,20,384,7.06E-08,2.24E-05,2.85E-05,0.790621879
4730,Methyl-antranilate,134-20-3,MCF7,20,384,5.93E-08,2.84E-05,3.13E-05,0.909918026
4731,Lilyfore,285977-85-7,MCF7,20,384,1.28E-07,6.95E-06,2.74E-05,0.254308513
4732,Damascone beta,23726-91-2,MCF7,20,384,1.64E-07,8.28E-07,3.35E-05,0.024828186
4733,Veloutone,14595-54-1,MCF7,20,384,3.67E-07,1.84E-07,3.49E-05,0.005298327
4734,Verdox,82356-51-2,MCF7,20,384,8.72E-07,2.85E-08,3.57E-05,0.000802543
4735,Nirvanol,1506-02-1,MCF7,20,384,5.39E-07,1.02E-07,3.50E-05,0.002918496
4736,Cetalox,3738-00-9,MCF7,20,384,4.02E-07,1.53E-07,3.40E-05,0.00450852
4737,Tonalide,21145-77-7,MCF7,20,384,5.39E-07,1.02E-07,3.50E-05,0.002918496
4738,Caffeine,58-08-2,MCF7,20,384,5.42E-08,3.90E-05,3.90E-05,1.003048724
4739,Lamotrigine,84057-84-1,MCF7,20,384,8.90E-08,1.73E-05,2.71E-05,0.643375935
4740,Diclofenac,15307-79-6,MCF7,20,384,5.51E-08,3.98E-05,3.99E-05,0.999693378
4741,"2,4-Dichlorophenoxyacetic",94-75-7,MCF7,20,384,3.94E-08,2.19E-05,4.00E-05,0.549870199
4742,(S)-Naproxen,22204-53-1,MCF7,20,384,3.09E-08,1.30E-05,4.00E-05,0.325620514
4743,Ibuprofen,15687-27-1,MCF7,20,384,2.18E-08,4.32E-06,4.00E-05,0.108622188
4744,Torasemide,56211-40-6,MCF7,20,384,5.29E-08,8.32E-06,3.71E-05,0.22490583
4745,Warfarin,81-81-2,MCF7,20,384,4.21E-08,2.45E-05,3.99E-05,0.616794456
4746,di-n-butylphthalate,84-74-2,MCF7,20,384,1.72E-07,4.13E-07,3.54E-05,0.01170014
4747,hexachlorophene,70-30-4,MCF7,20,384,1.14E-06,3.96E-08,3.87E-05,0.001025028
4748,hexamethylenetetramine,100-97-0,MCF7,20,384,5.04E-08,3.65E-05,3.65E-05,1.00386754
4749,Malathion,121-75-5,MCF7,20,384,7.45E-08,2.10E-05,2.80E-05,0.751029015
4750,pentachlorophenol,87-86-5,MCF7,20,384,3.42E-08,3.52E-07,3.99E-05,0.008855647
4751,"2,2,2-trichloroethanol",115-20-8,MCF7,20,384,4.94E-08,3.04E-05,3.15E-05,0.971529898
4752,diethylphthalate,84-66-2,MCF7,20,384,7.82E-08,1.95E-05,2.76E-05,0.71196546
4753,4-chlorophenol,106-48-9,MCF7,20,384,7.57E-08,2.04E-05,2.78E-05,0.736795306
4754,permethrin,52645-53-1,MCF7,20,384,8.94E-07,2.60E-08,3.58E-05,0.000729322
4755,Aniline,62-53-3,MCF7,20,384,5.25E-08,3.61E-05,3.64E-05,0.994668488
4756,4-fluoroaniline,371-40-4,MCF7,20,384,5.20E-08,3.44E-05,3.50E-05,0.986966426
4757,"2,4,6-trichlorophenol",88-06-2,MCF7,20,384,1.50E-07,3.01E-06,2.99E-05,0.100871226
4758,Allyl alcohol,107-18-6,MCF7,20,384,5.03E-08,3.61E-05,3.61E-05,1.002358012
4759,N-methylaniline,100-61-8,MCF7,20,384,5.21E-08,2.89E-05,3.06E-05,0.946971232
4760,"3,4-dichloroaniline",95-76-1,MCF7,20,384,9.20E-08,1.51E-05,2.66E-05,0.570648432
4761,4-decylaniline,37529-30-9,MCF7,20,384,8.19E-07,3.63E-08,3.56E-05,0.001023937
4762,naphthalene,91-20-3,MCF7,20,384,1.14E-07,5.44E-06,2.40E-05,0.227230992
4763,"1,2,4-trichlorobenzene",120-82-1,MCF7,20,384,6.39E-08,6.44E-07,1.27E-05,0.050740255
4764,"1,2-dichlorobenzene",95-50-1,MCF7,20,384,3.24E-08,1.16E-06,6.65E-06,0.175780755
4765,dichloromethane,75-09-2,MCF7,20,384,3.66E-09,2.37E-06,2.42E-06,0.982349427
4766,tetrachloroethylene,127-18-4,MCF7,20,384,1.25E-08,4.79E-07,2.58E-06,0.186778431
4767,"2,3-dimethyl-1,3-butadiene",513-81-5,MCF7,20,384,2.29E-10,1.79E-08,5.26E-08,0.341718023
4768,cyclosporine A,59865-13-3,MCF7,20,384,1.07E-07,1.13E-05,2.65E-05,0.429281369
4769,chlorpromazine,50-53-3,MCF7,20,384,4.17E-07,1.55E-07,3.49E-05,0.00444689
4770,PBDE 47,5436-43-1,MCF7,20,384,1.01E-06,1.43E-08,3.63E-05,0.000394295
4771,PBDE 99,60348-60-9,MCF7,20,384,1.16E-06,4.96E-09,3.70E-05,0.000134415
4772,PBDE 153,68631-49-2,MCF7,20,384,1.26E-06,1.40E-09,3.77E-05,3.72138E-05
4773,amiodarone,1951-25-3,MCF7,20,384,1.21E-06,2.89E-09,3.73E-05,7.77179E-05
4774,PFBS,375-73-5,MCF7,20,384,5.43E-08,3.24E-05,3.37E-05,0.964767737
4775,4:2 FTS,757124-72-4,MCF7,20,384,5.67E-08,2.96E-05,3.19E-05,0.932228803
4776,PFNA,375-95-1,MCF7,20,384,7.06E-07,5.61E-08,3.52E-05,1.60E-03
4777,PFHxA,307-24-4,MCF7,20,384,1.65E-07,1.02E-06,3.33E-05,0.030825612
4778,PFBA,375-22-4,MCF7,20,384,5.53E-08,2.96E-05,3.17E-05,0.938507691
4779,PFOA,335-67-1,MCF7,20,384,1.62E-07,1.18E-06,3.26E-05,0.036437597
4780,6:2 FTS,27619-97-2,MCF7,20,384,1.09E-07,1.04E-05,2.62E-05,0.399288606
4781,8:2 FTS,39108-34-4,MCF7,20,384,1.64E-07,1.07E-06,3.31E-05,0.03233767
4782,PFUnDA,2058-94-8,MCF7,20,384,1.12E-07,1.72E-07,3.99E-05,0.004338169
4783,PFOS,1763-23-1,MCF7,20,384,1.12E-07,1.72E-07,3.99E-05,0.004338169
4784,PFHpA,375-85-9,MCF7,20,384,1.40E-07,4.04E-06,2.84E-05,0.142795717
4785,PFPeA,2706-90-3,MCF7,20,384,7.04E-08,2.09E-05,2.73E-05,0.769207526
4786,PFHxS,355-46-4,MCF7,20,384,9.27E-08,1.47E-05,2.64E-05,0.558469072
4787,PFDA,335-76-2,MCF7,20,384,2.17E-07,1.17E-07,3.98E-05,0.002941431
4788,Azathioprine,446-86-6,MCF7,20,384,5.40E-08,3.87E-05,3.88E-05,1.002602793
4789,Benzocaine,94-09-7,MCF7,20,384,5.89E-08,2.86E-05,3.15E-05,0.914027016
4790,Butylated hydroxyanisole,25013-16-5,MCF7,20,384,1.38E-07,5.07E-06,2.84E-05,0.179388945
4791,Cetirizine dihydrochloride,83881-52-1,MCF7,20,384,5.32E-08,3.72E-05,3.75E-05,0.998022052
4792,Cyclamate,139-05-9,MCF7,20,384,5.46E-08,3.95E-05,3.95E-05,1.003668093
4793,Cyclophosphamide,6055-19-2,MCF7,20,384,5.32E-08,3.73E-05,3.75E-05,0.998302548
4794,Cypermethrin,67375-30-8,MCF7,20,384,9.42E-07,2.07E-08,3.60E-05,0.000577277
4795,DEET,134-62-3,MCF7,20,384,6.74E-08,2.40E-05,2.92E-05,0.825481961
4796,Dexamethasone,50-02-2,MCF7,20,384,6.01E-08,2.78E-05,3.10E-05,0.901191512
4797,Digoxin,20830-75-5,MCF7,20,384,5.34E-08,3.45E-05,3.53E-05,0.981824932
4798,Fenazaquin,120928-09-8,MCF7,20,384,4.57E-07,1.34E-07,3.49E-05,0.003864529
4799,Fenbuconazole,114369-43-6,MCF7,20,384,1.27E-07,7.07E-06,2.74E-05,0.259022637
4800,Fluazinam,79622-59-6,MCF7,20,384,1.61E-07,1.55E-06,3.22E-05,0.048411384
4801,Furosemide,54-31-9,MCF7,20,384,5.18E-08,3.57E-05,3.99E-05,0.898413107
4802,Glybenclamide,10238-21-8,MCF7,20,384,2.30E-07,3.15E-07,3.52E-05,0.008975314
4803,HC Red 3,2871-01-4,MCF7,20,384,5.39E-08,3.87E-05,3.87E-05,1.002502993
4804,Hydralazine hydrochloride,304-20-1,MCF7,20,384,5.32E-08,3.72E-05,3.74E-05,0.997876614
4805,Ketoconazole,65277-42-1,MCF7,20,384,1.67E-07,7.33E-07,3.43E-05,0.021478127
4806,Metformin,1115-70-4,MCF7,20,384,5.48E-08,3.96E-05,3.96E-05,1.003791247
4807,Metoclopramide,364-62-5,MCF7,20,384,8.80E-08,1.64E-05,2.68E-05,0.61253856
4808,Nitrofurantoin,67-20-9,MCF7,20,384,5.45E-08,3.94E-05,3.94E-05,1.003588402
4809,Oxytetracycline hydrochloride,2058-46-0,MCF7,20,384,5.50E-08,3.98E-05,3.98E-05,1.003889191
4810,Panthenol,16485-10-2 ,MCF7,20,384,5.48E-08,3.96E-05,3.96E-05,1.003798496
4811,Paracetamol,103-90-2,MCF7,20,384,5.35E-08,3.80E-05,3.81E-05,1.000752536
4812,Topiramate,97240-79-4,MCF7,20,384,5.50E-08,3.98E-05,3.98E-05,1.00387924
4813,Trimellitic anhydride,552-30-7,MCF7,20,384,5.43E-08,3.29E-05,3.42E-05,0.968303269
4814,Verapamil hydrochloride,152-11-4,MCF7,20,384,1.68E-07,5.45E-07,3.49E-05,0.015665077
4815,Warfarin,129-06-6,MCF7,20,384,8.03E-08,1.89E-05,2.74E-05,0.69115041
4816,"2,4-Dinitrophenol",51-28-5,HCT116,20,384,2.81E-08,3.09E-05,3.28E-05,0.945635936
4817,Aldrin,309-00-2,HCT116,20,384,1.21E-06,2.57E-08,3.54E-05,0.000729322
4818,Azinphos-methyl,86-50-0,HCT116,20,384,1.09E-07,1.41E-05,2.65E-05,0.533919875
4819,Chlorpyrifos,2921-88-2,HCT116,20,384,3.56E-07,2.75E-07,3.50E-05,0.007897835
4820,"DDD-p,p'",50-29-3,HCT116,20,384,1.41E-06,1.16E-08,3.61E-05,0.000321051
4821,"DDT-o,p'",789-02-6,HCT116,20,384,1.25E-06,2.30E-08,3.56E-05,0.000649328
4822,"DDT-p,p'",72-54-8,HCT116,20,384,9.93E-07,5.13E-08,3.51E-05,0.001466675
4823,Diazinon,333-41-5,HCT116,20,384,2.10E-07,2.37E-06,3.09E-05,0.07698005
4824,Dicofol,115-32-2,HCT116,20,384,3.81E-07,2.56E-07,3.50E-05,0.007351781
4825,Dieldrin,60-57-1,HCT116,20,384,4.24E-07,2.26E-07,3.49E-05,0.006503656
4826,Disulfoton,298-04-4,HCT116,20,384,2.19E-07,1.52E-06,3.23E-05,0.04728531
4827,Endosulfan I,115-29-7,HCT116,20,384,2.11E-07,2.27E-06,3.10E-05,0.073540874
4828,Endrin,72-20-8,HCT116,20,384,5.80E-07,1.50E-07,3.48E-05,0.004325509
4829,Ethion,563-12-2,HCT116,20,384,4.02E-07,2.41E-07,3.49E-05,0.00691824
4830,Heptachlor,76-44-8,HCT116,20,384,9.80E-07,5.30E-08,3.51E-05,0.001518687
4831,Heptachlor epoxide B,1024-57-3,HCT116,20,384,3.64E-07,2.69E-07,3.50E-05,0.007712633
4832,Lindane,58-89-9,HCT116,20,384,2.04E-07,2.84E-06,3.02E-05,0.094344232
4833,"Methoxychlor-o,p'",72-43-5,HCT116,20,384,4.06E-07,2.38E-07,3.49E-05,0.006833824
4834,Parathion,56-38-2,HCT116,20,384,2.11E-07,2.27E-06,3.10E-05,0.073540874
4835,Trifluralin,1582-09-8,HCT116,20,384,5.31E-07,1.69E-07,3.48E-05,0.004891678
4836,Eugenol F,97-53-0,HCT116,20,384,6.15E-08,2.25E-05,2.85E-05,0.790621879
4837,Methyl-antranilate,134-20-3,HCT116,20,384,3.66E-08,2.84E-05,3.13E-05,0.909918026
4838,Lilyfore,285977-85-7,HCT116,20,384,1.64E-07,6.94E-06,2.74E-05,0.254308513
4839,Damascone beta,23726-91-2,HCT116,20,384,2.24E-07,8.27E-07,3.34E-05,0.024828186
4840,Veloutone,14595-54-1,HCT116,20,384,5.01E-07,1.84E-07,3.48E-05,0.005298327
4841,Verdox,82356-51-2,HCT116,20,384,1.18E-06,2.83E-08,3.54E-05,0.000802543
4842,Nirvanol,1506-02-1,HCT116,20,384,7.35E-07,1.01E-07,3.48E-05,0.002918496
4843,Cetalox,3738-00-9,HCT116,20,384,5.48E-07,1.52E-07,3.38E-05,0.00450852
4844,Tonalide,21145-77-7,HCT116,20,384,7.35E-07,1.01E-07,3.48E-05,0.002918496
4845,Caffeine,58-08-2,HCT116,20,384,1.26E-08,3.90E-05,3.91E-05,1.003048724
4846,Lamotrigine,84057-84-1,HCT116,20,384,9.06E-08,1.73E-05,2.71E-05,0.643375935
4847,Diclofenac,15307-79-6,HCT116,20,384,1.26E-08,3.98E-05,4.00E-05,0.999693378
4848,"2,4-Dichlorophenoxyacetic",94-75-7,HCT116,20,384,1.85E-08,2.19E-05,4.00E-05,0.549870199
4849,(S)-Naproxen,22204-53-1,HCT116,20,384,2.06E-08,1.30E-05,4.00E-05,0.325620514
4850,Ibuprofen,15687-27-1,HCT116,20,384,2.15E-08,4.32E-06,4.00E-05,0.108622188
4851,Torasemide,56211-40-6,HCT116,20,384,5.85E-08,8.31E-06,3.71E-05,0.22490583
4852,Warfarin,81-81-2,HCT116,20,384,1.82E-08,2.45E-05,3.99E-05,0.616794456
4853,di-n-butylphthalate,84-74-2,HCT116,20,384,2.35E-07,4.12E-07,3.54E-05,0.01170014
4854,hexachlorophene,70-30-4,HCT116,20,384,1.45E-06,3.92E-08,3.84E-05,0.001025028
4855,hexamethylenetetramine,100-97-0,HCT116,20,384,1.14E-08,3.65E-05,3.65E-05,1.00386754
4856,Malathion,121-75-5,HCT116,20,384,6.93E-08,2.10E-05,2.80E-05,0.751029015
4857,pentachlorophenol,87-86-5,HCT116,20,384,4.31E-08,3.52E-07,3.99E-05,0.008855647
4858,"2,2,2-trichloroethanol",115-20-8,HCT116,20,384,1.97E-08,3.05E-05,3.15E-05,0.971529898
4859,diethylphthalate,84-66-2,HCT116,20,384,7.66E-08,1.95E-05,2.76E-05,0.71196546
4860,4-chlorophenol,106-48-9,HCT116,20,384,7.18E-08,2.04E-05,2.78E-05,0.736795306
4861,permethrin,52645-53-1,HCT116,20,384,1.21E-06,2.58E-08,3.55E-05,0.000729322
4862,Aniline,62-53-3,HCT116,20,384,1.49E-08,3.61E-05,3.65E-05,0.994668488
4863,4-fluoroaniline,371-40-4,HCT116,20,384,1.69E-08,3.45E-05,3.51E-05,0.986966426
4864,"2,4,6-trichlorophenol",88-06-2,HCT116,20,384,2.01E-07,3.00E-06,2.99E-05,0.100871226
4865,Allyl alcohol,107-18-6,HCT116,20,384,1.19E-08,3.61E-05,3.62E-05,1.002358012
4866,N-methylaniline,100-61-8,HCT116,20,384,2.59E-08,2.89E-05,3.06E-05,0.946971232
4867,"3,4-dichloroaniline",95-76-1,HCT116,20,384,1.02E-07,1.51E-05,2.66E-05,0.570648432
4868,4-decylaniline,37529-30-9,HCT116,20,384,1.11E-06,3.60E-08,3.53E-05,0.001023937
4869,naphthalene,91-20-3,HCT116,20,384,1.48E-07,5.44E-06,2.40E-05,0.227230992
4870,"1,2,4-trichlorobenzene",120-82-1,HCT116,20,384,8.67E-08,6.44E-07,1.27E-05,0.050740255
4871,"1,2-dichlorobenzene",95-50-1,HCT116,20,384,4.27E-08,1.16E-06,6.65E-06,0.175780755
4872,dichloromethane,75-09-2,HCT116,20,384,1.27E-09,2.37E-06,2.42E-06,0.982349427
4873,tetrachloroethylene,127-18-4,HCT116,20,384,1.64E-08,4.79E-07,2.58E-06,0.186778431
4874,"2,3-dimethyl-1,3-butadiene",513-81-5,HCT116,20,384,2.87E-10,1.79E-08,5.26E-08,0.341718023
4875,cyclosporine A,59865-13-3,HCT116,20,384,1.29E-07,1.13E-05,2.65E-05,0.429281369
4876,chlorpromazine,50-53-3,HCT116,20,384,5.69E-07,1.54E-07,3.48E-05,0.00444689
4877,PBDE 47,5436-43-1,HCT116,20,384,1.37E-06,1.41E-08,3.60E-05,0.000394295
4878,PBDE 99,60348-60-9,HCT116,20,384,1.56E-06,4.91E-09,3.66E-05,0.000134415
4879,PBDE 153,68631-49-2,HCT116,20,384,1.70E-06,1.38E-09,3.72E-05,3.72138E-05
4880,amiodarone,1951-25-3,HCT116,20,384,1.63E-06,2.86E-09,3.69E-05,7.77179E-05
4881,PFBS,375-73-5,HCT116,20,384,2.32E-08,3.25E-05,3.38E-05,0.964767737
4882,4:2 FTS,757124-72-4,HCT116,20,384,3.11E-08,2.96E-05,3.19E-05,0.932228803
4883,PFNA,375-95-1,HCT116,20,384,9.61E-07,5.58E-08,3.50E-05,1.60E-03
4884,PFHxA,307-24-4,HCT116,20,384,2.24E-07,1.02E-06,3.33E-05,0.030825612
4885,PFBA,375-22-4,HCT116,20,384,2.91E-08,2.96E-05,3.17E-05,0.938507691
4886,PFOA,335-67-1,HCT116,20,384,2.20E-07,1.18E-06,3.25E-05,0.036437597
4887,6:2 FTS,27619-97-2,HCT116,20,384,1.33E-07,1.04E-05,2.62E-05,0.399288606
4888,8:2 FTS,39108-34-4,HCT116,20,384,2.23E-07,1.07E-06,3.31E-05,0.03233767
4889,PFUnDA,2058-94-8,HCT116,20,384,1.43E-07,1.72E-07,3.99E-05,0.004338169
4890,PFOS,1763-23-1,HCT116,20,384,1.43E-07,1.72E-07,3.99E-05,0.004338169
4891,PFHpA,375-85-9,HCT116,20,384,1.86E-07,4.03E-06,2.83E-05,0.142795717
4892,PFPeA,2706-90-3,HCT116,20,384,6.36E-08,2.09E-05,2.73E-05,0.769207526
4893,PFHxS,355-46-4,HCT116,20,384,1.04E-07,1.47E-05,2.64E-05,0.558469072
4894,PFDA,335-76-2,HCT116,20,384,2.76E-07,1.16E-07,3.97E-05,0.002941431
4895,Azathioprine,446-86-6,HCT116,20,384,1.27E-08,3.88E-05,3.88E-05,1.002602793
4896,Benzocaine,94-09-7,HCT116,20,384,3.56E-08,2.87E-05,3.15E-05,0.914027016
4897,Butylated hydroxyanisole,25013-16-5,HCT116,20,384,1.81E-07,5.06E-06,2.83E-05,0.179388945
4898,Cetirizine dihydrochloride,83881-52-1,HCT116,20,384,1.40E-08,3.73E-05,3.75E-05,0.998022052
4899,Cyclamate,139-05-9,HCT116,20,384,1.24E-08,3.95E-05,3.95E-05,1.003668093
4900,Cyclophosphamide,6055-19-2,HCT116,20,384,1.39E-08,3.74E-05,3.76E-05,0.998302548
4901,Cypermethrin,67375-30-8,HCT116,20,384,1.28E-06,2.05E-08,3.57E-05,0.000577277
4902,DEET,134-62-3,HCT116,20,384,5.46E-08,2.40E-05,2.92E-05,0.825481961
4903,Dexamethasone,50-02-2,HCT116,20,384,3.86E-08,2.79E-05,3.10E-05,0.901191512
4904,Digoxin,20830-75-5,HCT116,20,384,1.87E-08,3.45E-05,3.53E-05,0.981824932
4905,Fenazaquin,120928-09-8,HCT116,20,384,6.24E-07,1.34E-07,3.48E-05,0.003864529
4906,Fenbuconazole,114369-43-6,HCT116,20,384,1.63E-07,7.06E-06,2.74E-05,0.259022637
4907,Fluazinam,79622-59-6,HCT116,20,384,2.19E-07,1.55E-06,3.22E-05,0.048411384
4908,Furosemide,54-31-9,HCT116,20,384,1.42E-08,3.58E-05,4.00E-05,0.898413107
4909,Glybenclamide,10238-21-8,HCT116,20,384,3.14E-07,3.14E-07,3.51E-05,0.008975314
4910,HC Red 3,2871-01-4,HCT116,20,384,1.27E-08,3.87E-05,3.88E-05,1.002502993
4911,Hydralazine hydrochloride,304-20-1,HCT116,20,384,1.41E-08,3.72E-05,3.75E-05,0.997876614
4912,Ketoconazole,65277-42-1,HCT116,20,384,2.28E-07,7.32E-07,3.42E-05,0.021478127
4913,Metformin,1115-70-4,HCT116,20,384,1.24E-08,3.96E-05,3.97E-05,1.003791247
4914,Metoclopramide,364-62-5,HCT116,20,384,9.50E-08,1.64E-05,2.68E-05,0.61253856
4915,Nitrofurantoin,67-20-9,HCT116,20,384,1.25E-08,3.94E-05,3.94E-05,1.003588402
4916,Oxytetracycline hydrochloride,2058-46-0,HCT116,20,384,1.24E-08,3.98E-05,3.98E-05,1.003889191
4917,Panthenol,16485-10-2 ,HCT116,20,384,1.24E-08,3.97E-05,3.97E-05,1.003798496
4918,Paracetamol,103-90-2,HCT116,20,384,1.32E-08,3.80E-05,3.82E-05,1.000752536
4919,Topiramate,97240-79-4,HCT116,20,384,1.24E-08,3.98E-05,3.98E-05,1.00387924
4920,Trimellitic anhydride,552-30-7,HCT116,20,384,2.24E-08,3.30E-05,3.42E-05,0.968303269
4921,Verapamil hydrochloride,152-11-4,HCT116,20,384,2.29E-07,5.44E-07,3.49E-05,0.015665077
4922,Warfarin,129-06-6,HCT116,20,384,8.06E-08,1.89E-05,2.74E-05,0.69115041
4923,"2,4-Dinitrophenol",51-28-5,HEK293T,20,384,5.07E-08,3.09E-05,3.28E-05,0.945635936
4924,Aldrin,309-00-2,HEK293T,20,384,1.44E-06,2.56E-08,3.52E-05,0.000729322
4925,Azinphos-methyl,86-50-0,HEK293T,20,384,1.39E-07,1.41E-05,2.65E-05,0.533919875
4926,Chlorpyrifos,2921-88-2,HEK293T,20,384,4.25E-07,2.75E-07,3.49E-05,0.007897835
4927,"DDD-p,p'",50-29-3,HEK293T,20,384,1.68E-06,1.15E-08,3.59E-05,0.000321051
4928,"DDT-o,p'",789-02-6,HEK293T,20,384,1.48E-06,2.29E-08,3.54E-05,0.000649328
4929,"DDT-p,p'",72-54-8,HEK293T,20,384,1.18E-06,5.10E-08,3.49E-05,0.001466675
4930,Diazinon,333-41-5,HEK293T,20,384,2.52E-07,2.37E-06,3.08E-05,0.07698005
4931,Dicofol,115-32-2,HEK293T,20,384,4.55E-07,2.56E-07,3.49E-05,0.007351781
4932,Dieldrin,60-57-1,HEK293T,20,384,5.07E-07,2.26E-07,3.48E-05,0.006503656
4933,Disulfoton,298-04-4,HEK293T,20,384,2.63E-07,1.52E-06,3.22E-05,0.04728531
4934,Endosulfan I,115-29-7,HEK293T,20,384,2.54E-07,2.27E-06,3.10E-05,0.073540874
4935,Endrin,72-20-8,HEK293T,20,384,6.92E-07,1.49E-07,3.47E-05,0.004325509
4936,Ethion,563-12-2,HEK293T,20,384,4.80E-07,2.40E-07,3.49E-05,0.00691824
4937,Heptachlor,76-44-8,HEK293T,20,384,1.17E-06,5.28E-08,3.49E-05,0.001518687
4938,Heptachlor epoxide B,1024-57-3,HEK293T,20,384,4.35E-07,2.68E-07,3.49E-05,0.007712633
4939,Lindane,58-89-9,HEK293T,20,384,2.46E-07,2.83E-06,3.02E-05,0.094344232
4940,"Methoxychlor-o,p'",72-43-5,HEK293T,20,384,4.86E-07,2.37E-07,3.48E-05,0.006833824
4941,Parathion,56-38-2,HEK293T,20,384,2.54E-07,2.27E-06,3.10E-05,0.073540874
4942,Trifluralin,1582-09-8,HEK293T,20,384,6.34E-07,1.69E-07,3.47E-05,0.004891678
4943,Eugenol F,97-53-0,HEK293T,20,384,8.61E-08,2.24E-05,2.85E-05,0.790621879
4944,Methyl-antranilate,134-20-3,HEK293T,20,384,5.95E-08,2.84E-05,3.13E-05,0.909918026
4945,Lilyfore,285977-85-7,HEK293T,20,384,2.01E-07,6.94E-06,2.74E-05,0.254308513
4946,Damascone beta,23726-91-2,HEK293T,20,384,2.68E-07,8.26E-07,3.34E-05,0.024828186
4947,Veloutone,14595-54-1,HEK293T,20,384,5.98E-07,1.83E-07,3.47E-05,0.005298327
4948,Verdox,82356-51-2,HEK293T,20,384,1.41E-06,2.81E-08,3.52E-05,0.000802543
4949,Nirvanol,1506-02-1,HEK293T,20,384,8.76E-07,1.01E-07,3.47E-05,0.002918496
4950,Cetalox,3738-00-9,HEK293T,20,384,6.54E-07,1.52E-07,3.37E-05,0.00450852
4951,Tonalide,21145-77-7,HEK293T,20,384,8.76E-07,1.01E-07,3.47E-05,0.002918496
4952,Caffeine,58-08-2,HEK293T,20,384,3.65E-08,3.90E-05,3.90E-05,1.003048724
4953,Lamotrigine,84057-84-1,HEK293T,20,384,1.20E-07,1.73E-05,2.70E-05,0.643375935
4954,Diclofenac,15307-79-6,HEK293T,20,384,3.69E-08,3.98E-05,4.00E-05,0.999693378
4955,"2,4-Dichlorophenoxyacetic",94-75-7,HEK293T,20,384,3.33E-08,2.19E-05,4.00E-05,0.549870199
4956,(S)-Naproxen,22204-53-1,HEK293T,20,384,3.06E-08,1.30E-05,4.00E-05,0.325620514
4957,Ibuprofen,15687-27-1,HEK293T,20,384,2.67E-08,4.32E-06,4.00E-05,0.108622188
4958,Torasemide,56211-40-6,HEK293T,20,384,7.36E-08,8.31E-06,3.71E-05,0.22490583
4959,Warfarin,81-81-2,HEK293T,20,384,3.45E-08,2.45E-05,3.99E-05,0.616794456
4960,di-n-butylphthalate,84-74-2,HEK293T,20,384,2.82E-07,4.12E-07,3.53E-05,0.01170014
4961,hexachlorophene,70-30-4,HEK293T,20,384,1.63E-06,3.91E-08,3.83E-05,0.001025028
4962,hexamethylenetetramine,100-97-0,HEK293T,20,384,3.37E-08,3.65E-05,3.65E-05,1.00386754
4963,Malathion,121-75-5,HEK293T,20,384,9.46E-08,2.09E-05,2.80E-05,0.751029015
4964,pentachlorophenol,87-86-5,HEK293T,20,384,4.87E-08,3.52E-07,3.99E-05,0.008855647
4965,"2,2,2-trichloroethanol",115-20-8,HEK293T,20,384,4.03E-08,3.05E-05,3.15E-05,0.971529898
4966,diethylphthalate,84-66-2,HEK293T,20,384,1.03E-07,1.95E-05,2.75E-05,0.71196546
4967,4-chlorophenol,106-48-9,HEK293T,20,384,9.74E-08,2.04E-05,2.78E-05,0.736795306
4968,permethrin,52645-53-1,HEK293T,20,384,1.44E-06,2.57E-08,3.53E-05,0.000729322
4969,Aniline,62-53-3,HEK293T,20,384,3.76E-08,3.61E-05,3.64E-05,0.994668488
4970,4-fluoroaniline,371-40-4,HEK293T,20,384,3.92E-08,3.44E-05,3.50E-05,0.986966426
4971,"2,4,6-trichlorophenol",88-06-2,HEK293T,20,384,2.43E-07,3.00E-06,2.98E-05,0.100871226
4972,Allyl alcohol,107-18-6,HEK293T,20,384,3.41E-08,3.61E-05,3.62E-05,1.002358012
4973,N-methylaniline,100-61-8,HEK293T,20,384,4.69E-08,2.89E-05,3.06E-05,0.946971232
4974,"3,4-dichloroaniline",95-76-1,HEK293T,20,384,1.31E-07,1.51E-05,2.66E-05,0.570648432
4975,4-decylaniline,37529-30-9,HEK293T,20,384,1.32E-06,3.58E-08,3.51E-05,0.001023937
4976,naphthalene,91-20-3,HEK293T,20,384,1.80E-07,5.43E-06,2.40E-05,0.227230992
4977,"1,2,4-trichlorobenzene",120-82-1,HEK293T,20,384,1.04E-07,6.43E-07,1.27E-05,0.050740255
4978,"1,2-dichlorobenzene",95-50-1,HEK293T,20,384,5.18E-08,1.16E-06,6.65E-06,0.175780755
4979,dichloromethane,75-09-2,HEK293T,20,384,2.82E-09,2.37E-06,2.42E-06,0.982349427
4980,tetrachloroethylene,127-18-4,HEK293T,20,384,1.99E-08,4.79E-07,2.58E-06,0.186778431
4981,"2,3-dimethyl-1,3-butadiene",513-81-5,HEK293T,20,384,3.54E-10,1.79E-08,5.26E-08,0.341718023
4982,cyclosporine A,59865-13-3,HEK293T,20,384,1.61E-07,1.13E-05,2.65E-05,0.429281369
4983,chlorpromazine,50-53-3,HEK293T,20,384,6.79E-07,1.54E-07,3.47E-05,0.00444689
4984,PBDE 47,5436-43-1,HEK293T,20,384,1.63E-06,1.40E-08,3.57E-05,0.000394295
4985,PBDE 99,60348-60-9,HEK293T,20,384,1.85E-06,4.87E-09,3.64E-05,0.000134415
4986,PBDE 153,68631-49-2,HEK293T,20,384,2.02E-06,1.37E-09,3.69E-05,3.72138E-05
4987,amiodarone,1951-25-3,HEK293T,20,384,1.93E-06,2.84E-09,3.66E-05,7.77179E-05
4988,PFBS,375-73-5,HEK293T,20,384,4.56E-08,3.24E-05,3.38E-05,0.964767737
4989,4:2 FTS,757124-72-4,HEK293T,20,384,5.35E-08,2.96E-05,3.19E-05,0.932228803
4990,PFNA,375-95-1,HEK293T,20,384,1.14E-06,5.55E-08,3.48E-05,1.60E-03
4991,PFHxA,307-24-4,HEK293T,20,384,2.69E-07,1.02E-06,3.32E-05,0.030825612
4992,PFBA,375-22-4,HEK293T,20,384,5.12E-08,2.96E-05,3.17E-05,0.938507691
4993,PFOA,335-67-1,HEK293T,20,384,2.64E-07,1.18E-06,3.25E-05,0.036437597
4994,6:2 FTS,27619-97-2,HEK293T,20,384,1.65E-07,1.04E-05,2.62E-05,0.399288606
4995,8:2 FTS,39108-34-4,HEK293T,20,384,2.68E-07,1.06E-06,3.30E-05,0.03233767
4996,PFUnDA,2058-94-8,HEK293T,20,384,1.60E-07,1.72E-07,3.98E-05,0.004338169
4997,PFOS,1763-23-1,HEK293T,20,384,1.60E-07,1.72E-07,3.98E-05,0.004338169
4998,PFHpA,375-85-9,HEK293T,20,384,2.25E-07,4.03E-06,2.83E-05,0.142795717
4999,PFPeA,2706-90-3,HEK293T,20,384,8.78E-08,2.09E-05,2.73E-05,0.769207526
5000,PFHxS,355-46-4,HEK293T,20,384,1.33E-07,1.47E-05,2.64E-05,0.558469072
5001,PFDA,335-76-2,HEK293T,20,384,3.09E-07,1.16E-07,3.97E-05,0.002941431
5002,Azathioprine,446-86-6,HEK293T,20,384,3.65E-08,3.88E-05,3.88E-05,1.002602793
5003,Benzocaine,94-09-7,HEK293T,20,384,5.85E-08,2.86E-05,3.15E-05,0.914027016
5004,Butylated hydroxyanisole,25013-16-5,HEK293T,20,384,2.20E-07,5.06E-06,2.83E-05,0.179388945
5005,Cetirizine dihydrochloride,83881-52-1,HEK293T,20,384,3.73E-08,3.73E-05,3.75E-05,0.998022052
5006,Cyclamate,139-05-9,HEK293T,20,384,3.66E-08,3.95E-05,3.95E-05,1.003668093
5007,Cyclophosphamide,6055-19-2,HEK293T,20,384,3.72E-08,3.73E-05,3.75E-05,0.998302548
5008,Cypermethrin,67375-30-8,HEK293T,20,384,1.52E-06,2.04E-08,3.55E-05,0.000577277
5009,DEET,134-62-3,HEK293T,20,384,7.87E-08,2.40E-05,2.91E-05,0.825481961
5010,Dexamethasone,50-02-2,HEK293T,20,384,6.16E-08,2.78E-05,3.10E-05,0.901191512
5011,Digoxin,20830-75-5,HEK293T,20,384,4.14E-08,3.45E-05,3.53E-05,0.981824932
5012,Fenazaquin,120928-09-8,HEK293T,20,384,7.44E-07,1.33E-07,3.47E-05,0.003864529
5013,Fenbuconazole,114369-43-6,HEK293T,20,384,1.99E-07,7.05E-06,2.73E-05,0.259022637
5014,Fluazinam,79622-59-6,HEK293T,20,384,2.63E-07,1.55E-06,3.22E-05,0.048411384
5015,Furosemide,54-31-9,HEK293T,20,384,3.65E-08,3.58E-05,4.00E-05,0.898413107
5016,Glybenclamide,10238-21-8,HEK293T,20,384,3.75E-07,3.13E-07,3.51E-05,0.008975314
5017,HC Red 3,2871-01-4,HEK293T,20,384,3.65E-08,3.87E-05,3.88E-05,1.002502993
5018,Hydralazine hydrochloride,304-20-1,HEK293T,20,384,3.73E-08,3.72E-05,3.75E-05,0.997876614
5019,Ketoconazole,65277-42-1,HEK293T,20,384,2.73E-07,7.31E-07,3.42E-05,0.021478127
5020,Metformin,1115-70-4,HEK293T,20,384,3.66E-08,3.96E-05,3.96E-05,1.003791247
5021,Metoclopramide,364-62-5,HEK293T,20,384,1.23E-07,1.64E-05,2.68E-05,0.61253856
5022,Nitrofurantoin,67-20-9,HEK293T,20,384,3.65E-08,3.94E-05,3.94E-05,1.003588402
5023,Oxytetracycline hydrochloride,2058-46-0,HEK293T,20,384,3.68E-08,3.98E-05,3.98E-05,1.003889191
5024,Panthenol,16485-10-2 ,HEK293T,20,384,3.67E-08,3.96E-05,3.96E-05,1.003798496
5025,Paracetamol,103-90-2,HEK293T,20,384,3.67E-08,3.80E-05,3.81E-05,1.000752536
5026,Topiramate,97240-79-4,HEK293T,20,384,3.67E-08,3.98E-05,3.98E-05,1.00387924
5027,Trimellitic anhydride,552-30-7,HEK293T,20,384,4.49E-08,3.29E-05,3.42E-05,0.968303269
5028,Verapamil hydrochloride,152-11-4,HEK293T,20,384,2.75E-07,5.43E-07,3.48E-05,0.015665077
5029,Warfarin,129-06-6,HEK293T,20,384,1.07E-07,1.88E-05,2.74E-05,0.69115041
5030,"2,4-Dinitrophenol",51-28-5,HepG2,20,384,3.72E-08,3.09E-05,3.28E-05,0.945635936
5031,Aldrin,309-00-2,HepG2,20,384,1.68E-06,2.54E-08,3.50E-05,0.000729322
5032,Azinphos-methyl,86-50-0,HepG2,20,384,1.52E-07,1.41E-05,2.65E-05,0.533919875
5033,Chlorpyrifos,2921-88-2,HepG2,20,384,4.98E-07,2.74E-07,3.49E-05,0.007897835
5034,"DDD-p,p'",50-29-3,HepG2,20,384,1.96E-06,1.14E-08,3.56E-05,0.000321051
5035,"DDT-o,p'",789-02-6,HepG2,20,384,1.73E-06,2.28E-08,3.52E-05,0.000649328
5036,"DDT-p,p'",72-54-8,HepG2,20,384,1.38E-06,5.07E-08,3.47E-05,0.001466675
5037,Diazinon,333-41-5,HepG2,20,384,2.94E-07,2.36E-06,3.08E-05,0.07698005
5038,Dicofol,115-32-2,HepG2,20,384,5.33E-07,2.55E-07,3.48E-05,0.007351781
5039,Dieldrin,60-57-1,HepG2,20,384,5.94E-07,2.25E-07,3.47E-05,0.006503656
5040,Disulfoton,298-04-4,HepG2,20,384,3.07E-07,1.52E-06,3.22E-05,0.04728531
5041,Endosulfan I,115-29-7,HepG2,20,384,2.95E-07,2.27E-06,3.09E-05,0.073540874
5042,Endrin,72-20-8,HepG2,20,384,8.10E-07,1.49E-07,3.46E-05,0.004325509
5043,Ethion,563-12-2,HepG2,20,384,5.63E-07,2.40E-07,3.48E-05,0.00691824
5044,Heptachlor,76-44-8,HepG2,20,384,1.36E-06,5.25E-08,3.47E-05,0.001518687
5045,Heptachlor epoxide B,1024-57-3,HepG2,20,384,5.09E-07,2.68E-07,3.49E-05,0.007712633
5046,Lindane,58-89-9,HepG2,20,384,2.85E-07,2.83E-06,3.01E-05,0.094344232
5047,"Methoxychlor-o,p'",72-43-5,HepG2,20,384,5.69E-07,2.37E-07,3.48E-05,0.006833824
5048,Parathion,56-38-2,HepG2,20,384,2.95E-07,2.27E-06,3.09E-05,0.073540874
5049,Trifluralin,1582-09-8,HepG2,20,384,7.43E-07,1.69E-07,3.46E-05,0.004891678
5050,Eugenol F,97-53-0,HepG2,20,384,8.46E-08,2.24E-05,2.85E-05,0.790621879
5051,Methyl-antranilate,134-20-3,HepG2,20,384,4.93E-08,2.84E-05,3.13E-05,0.909918026
5052,Lilyfore,285977-85-7,HepG2,20,384,2.30E-07,6.93E-06,2.74E-05,0.254308513
5053,Damascone beta,23726-91-2,HepG2,20,384,3.14E-07,8.25E-07,3.34E-05,0.024828186
5054,Veloutone,14595-54-1,HepG2,20,384,7.00E-07,1.83E-07,3.46E-05,0.005298327
5055,Verdox,82356-51-2,HepG2,20,384,1.64E-06,2.80E-08,3.50E-05,0.000802543
5056,Nirvanol,1506-02-1,HepG2,20,384,1.03E-06,1.00E-07,3.45E-05,0.002918496
5057,Cetalox,3738-00-9,HepG2,20,384,7.66E-07,1.51E-07,3.36E-05,0.00450852
5058,Tonalide,21145-77-7,HepG2,20,384,1.03E-06,1.00E-07,3.45E-05,0.002918496
5059,Caffeine,58-08-2,HepG2,20,384,1.48E-08,3.90E-05,3.91E-05,1.003048724
5060,Lamotrigine,84057-84-1,HepG2,20,384,1.26E-07,1.73E-05,2.70E-05,0.643375935
5061,Diclofenac,15307-79-6,HepG2,20,384,1.48E-08,3.98E-05,4.00E-05,0.999693378
5062,"2,4-Dichlorophenoxyacetic",94-75-7,HepG2,20,384,2.49E-08,2.19E-05,4.00E-05,0.549870199
5063,(S)-Naproxen,22204-53-1,HepG2,20,384,2.87E-08,1.30E-05,4.00E-05,0.325620514
5064,Ibuprofen,15687-27-1,HepG2,20,384,3.08E-08,4.32E-06,3.99E-05,0.108622188
5065,Torasemide,56211-40-6,HepG2,20,384,8.20E-08,8.31E-06,3.71E-05,0.22490583
5066,Warfarin,81-81-2,HepG2,20,384,2.43E-08,2.45E-05,3.99E-05,0.616794456
5067,di-n-butylphthalate,84-74-2,HepG2,20,384,3.30E-07,4.11E-07,3.53E-05,0.01170014
5068,hexachlorophene,70-30-4,HepG2,20,384,2.06E-06,3.86E-08,3.78E-05,0.001025028
5069,hexamethylenetetramine,100-97-0,HepG2,20,384,1.34E-08,3.65E-05,3.65E-05,1.00386754
5070,Malathion,121-75-5,HepG2,20,384,9.56E-08,2.09E-05,2.80E-05,0.751029015
5071,pentachlorophenol,87-86-5,HepG2,20,384,6.23E-08,3.52E-07,3.99E-05,0.008855647
5072,"2,2,2-trichloroethanol",115-20-8,HepG2,20,384,2.54E-08,3.05E-05,3.15E-05,0.971529898
5073,diethylphthalate,84-66-2,HepG2,20,384,1.06E-07,1.95E-05,2.75E-05,0.71196546
5074,4-chlorophenol,106-48-9,HepG2,20,384,9.93E-08,2.04E-05,2.78E-05,0.736795306
5075,permethrin,52645-53-1,HepG2,20,384,1.69E-06,2.55E-08,3.51E-05,0.000729322
5076,Aniline,62-53-3,HepG2,20,384,1.82E-08,3.61E-05,3.64E-05,0.994668488
5077,4-fluoroaniline,371-40-4,HepG2,20,384,2.12E-08,3.45E-05,3.51E-05,0.986966426
5078,"2,4,6-trichlorophenol",88-06-2,HepG2,20,384,2.82E-07,3.00E-06,2.98E-05,0.100871226
5079,Allyl alcohol,107-18-6,HepG2,20,384,1.41E-08,3.61E-05,3.62E-05,1.002358012
5080,N-methylaniline,100-61-8,HepG2,20,384,3.42E-08,2.89E-05,3.06E-05,0.946971232
5081,"3,4-dichloroaniline",95-76-1,HepG2,20,384,1.43E-07,1.51E-05,2.66E-05,0.570648432
5082,4-decylaniline,37529-30-9,HepG2,20,384,1.55E-06,3.56E-08,3.49E-05,0.001023937
5083,naphthalene,91-20-3,HepG2,20,384,2.07E-07,5.43E-06,2.40E-05,0.227230992
5084,"1,2,4-trichlorobenzene",120-82-1,HepG2,20,384,1.22E-07,6.43E-07,1.27E-05,0.050740255
5085,"1,2-dichlorobenzene",95-50-1,HepG2,20,384,5.98E-08,1.16E-06,6.65E-06,0.175780755
5086,dichloromethane,75-09-2,HepG2,20,384,1.61E-09,2.37E-06,2.42E-06,0.982349427
5087,tetrachloroethylene,127-18-4,HepG2,20,384,2.30E-08,4.79E-07,2.57E-06,0.186778431
5088,"2,3-dimethyl-1,3-butadiene",513-81-5,HepG2,20,384,4.01E-10,1.79E-08,5.26E-08,0.341718023
5089,cyclosporine A,59865-13-3,HepG2,20,384,1.80E-07,1.13E-05,2.65E-05,0.429281369
5090,chlorpromazine,50-53-3,HepG2,20,384,7.95E-07,1.53E-07,3.46E-05,0.00444689
5091,PBDE 47,5436-43-1,HepG2,20,384,1.90E-06,1.39E-08,3.55E-05,0.000394295
5092,PBDE 99,60348-60-9,HepG2,20,384,2.17E-06,4.83E-09,3.61E-05,0.000134415
5093,PBDE 153,68631-49-2,HepG2,20,384,2.36E-06,1.36E-09,3.66E-05,3.72138E-05
5094,amiodarone,1951-25-3,HepG2,20,384,2.26E-06,2.81E-09,3.63E-05,7.77179E-05
5095,PFBS,375-73-5,HepG2,20,384,3.02E-08,3.25E-05,3.38E-05,0.964767737
5096,4:2 FTS,757124-72-4,HepG2,20,384,4.15E-08,2.96E-05,3.19E-05,0.932228803
5097,PFNA,375-95-1,HepG2,20,384,1.34E-06,5.52E-08,3.47E-05,1.60E-03
5098,PFHxA,307-24-4,HepG2,20,384,3.14E-07,1.02E-06,3.32E-05,0.030825612
5099,PFBA,375-22-4,HepG2,20,384,3.87E-08,2.96E-05,3.17E-05,0.938507691
5100,PFOA,335-67-1,HepG2,20,384,3.08E-07,1.18E-06,3.24E-05,0.036437597
5101,6:2 FTS,27619-97-2,HepG2,20,384,1.85E-07,1.04E-05,2.62E-05,0.399288606
5102,8:2 FTS,39108-34-4,HepG2,20,384,3.13E-07,1.06E-06,3.30E-05,0.03233767
5103,PFUnDA,2058-94-8,HepG2,20,384,2.06E-07,1.72E-07,3.98E-05,0.004338169
5104,PFOS,1763-23-1,HepG2,20,384,2.06E-07,1.72E-07,3.98E-05,0.004338169
5105,PFHpA,375-85-9,HepG2,20,384,2.61E-07,4.02E-06,2.83E-05,0.142795717
5106,PFPeA,2706-90-3,HepG2,20,384,8.77E-08,2.09E-05,2.73E-05,0.769207526
5107,PFHxS,355-46-4,HepG2,20,384,1.45E-07,1.47E-05,2.64E-05,0.558469072
5108,PFDA,335-76-2,HepG2,20,384,3.98E-07,1.16E-07,3.96E-05,0.002941431
5109,Azathioprine,446-86-6,HepG2,20,384,1.50E-08,3.88E-05,3.88E-05,1.002602793
5110,Benzocaine,94-09-7,HepG2,20,384,4.79E-08,2.86E-05,3.15E-05,0.914027016
5111,Butylated hydroxyanisole,25013-16-5,HepG2,20,384,2.54E-07,5.05E-06,2.83E-05,0.179388945
5112,Cetirizine dihydrochloride,83881-52-1,HepG2,20,384,1.70E-08,3.73E-05,3.75E-05,0.998022052
5113,Cyclamate,139-05-9,HepG2,20,384,1.46E-08,3.95E-05,3.95E-05,1.003668093
5114,Cyclophosphamide,6055-19-2,HepG2,20,384,1.69E-08,3.73E-05,3.76E-05,0.998302548
5115,Cypermethrin,67375-30-8,HepG2,20,384,1.77E-06,2.03E-08,3.53E-05,0.000577277
5116,DEET,134-62-3,HepG2,20,384,7.49E-08,2.40E-05,2.91E-05,0.825481961
5117,Dexamethasone,50-02-2,HepG2,20,384,5.21E-08,2.79E-05,3.10E-05,0.901191512
5118,Digoxin,20830-75-5,HepG2,20,384,2.38E-08,3.45E-05,3.53E-05,0.981824932
5119,Fenazaquin,120928-09-8,HepG2,20,384,8.72E-07,1.33E-07,3.45E-05,0.003864529
5120,Fenbuconazole,114369-43-6,HepG2,20,384,2.28E-07,7.05E-06,2.73E-05,0.259022637
5121,Fluazinam,79622-59-6,HepG2,20,384,3.07E-07,1.55E-06,3.21E-05,0.048411384
5122,Furosemide,54-31-9,HepG2,20,384,1.76E-08,3.58E-05,4.00E-05,0.898413107
5123,Glybenclamide,10238-21-8,HepG2,20,384,4.39E-07,3.13E-07,3.50E-05,0.008975314
5124,HC Red 3,2871-01-4,HepG2,20,384,1.51E-08,3.87E-05,3.88E-05,1.002502993
5125,Hydralazine hydrochloride,304-20-1,HepG2,20,384,1.71E-08,3.72E-05,3.75E-05,0.997876614
5126,Ketoconazole,65277-42-1,HepG2,20,384,3.19E-07,7.30E-07,3.41E-05,0.021478127
5127,Metformin,1115-70-4,HepG2,20,384,1.46E-08,3.96E-05,3.97E-05,1.003791247
5128,Metoclopramide,364-62-5,HepG2,20,384,1.32E-07,1.64E-05,2.68E-05,0.61253856
5129,Nitrofurantoin,67-20-9,HepG2,20,384,1.46E-08,3.94E-05,3.94E-05,1.003588402
5130,Oxytetracycline hydrochloride,2058-46-0,HepG2,20,384,1.46E-08,3.98E-05,3.98E-05,1.003889191
5131,Panthenol,16485-10-2 ,HepG2,20,384,1.46E-08,3.97E-05,3.97E-05,1.003798496
5132,Paracetamol,103-90-2,HepG2,20,384,1.58E-08,3.80E-05,3.82E-05,1.000752536
5133,Topiramate,97240-79-4,HepG2,20,384,1.46E-08,3.98E-05,3.98E-05,1.00387924
5134,Trimellitic anhydride,552-30-7,HepG2,20,384,2.90E-08,3.30E-05,3.42E-05,0.968303269
5135,Verapamil hydrochloride,152-11-4,HepG2,20,384,3.22E-07,5.43E-07,3.48E-05,0.015665077
5136,Warfarin,129-06-6,HepG2,20,384,1.12E-07,1.88E-05,2.74E-05,0.69115041
5137,"2,4-Dinitrophenol",51-28-5,Me_180,20,384,4.39E-08,3.09E-05,3.28E-05,0.945635936
5138,Aldrin,309-00-2,Me_180,20,384,1.91E-06,2.53E-08,3.48E-05,0.000729322
5139,Azinphos-methyl,86-50-0,Me_180,20,384,1.75E-07,1.41E-05,2.65E-05,0.533919875
5140,Chlorpyrifos,2921-88-2,Me_180,20,384,5.69E-07,2.74E-07,3.48E-05,0.007897835
5141,"DDD-p,p'",50-29-3,Me_180,20,384,2.23E-06,1.13E-08,3.54E-05,0.000321051
5142,"DDT-o,p'",789-02-6,Me_180,20,384,1.97E-06,2.26E-08,3.50E-05,0.000649328
5143,"DDT-p,p'",72-54-8,Me_180,20,384,1.57E-06,5.05E-08,3.46E-05,0.001466675
5144,Diazinon,333-41-5,Me_180,20,384,3.36E-07,2.36E-06,3.08E-05,0.07698005
5145,Dicofol,115-32-2,Me_180,20,384,6.09E-07,2.55E-07,3.48E-05,0.007351781
5146,Dieldrin,60-57-1,Me_180,20,384,6.78E-07,2.25E-07,3.47E-05,0.006503656
5147,Disulfoton,298-04-4,Me_180,20,384,3.52E-07,1.51E-06,3.22E-05,0.04728531
5148,Endosulfan I,115-29-7,Me_180,20,384,3.38E-07,2.26E-06,3.09E-05,0.073540874
5149,Endrin,72-20-8,Me_180,20,384,9.24E-07,1.48E-07,3.45E-05,0.004325509
5150,Ethion,563-12-2,Me_180,20,384,6.43E-07,2.39E-07,3.47E-05,0.00691824
5151,Heptachlor,76-44-8,Me_180,20,384,1.55E-06,5.23E-08,3.45E-05,0.001518687
5152,Heptachlor epoxide B,1024-57-3,Me_180,20,384,5.82E-07,2.67E-07,3.48E-05,0.007712633
5153,Lindane,58-89-9,Me_180,20,384,3.27E-07,2.83E-06,3.01E-05,0.094344232
5154,"Methoxychlor-o,p'",72-43-5,Me_180,20,384,6.50E-07,2.36E-07,3.47E-05,0.006833824
5155,Parathion,56-38-2,Me_180,20,384,3.38E-07,2.26E-06,3.09E-05,0.073540874
5156,Trifluralin,1582-09-8,Me_180,20,384,8.48E-07,1.68E-07,3.45E-05,0.004891678
5157,Eugenol F,97-53-0,Me_180,20,384,9.78E-08,2.24E-05,2.85E-05,0.790621879
5158,Methyl-antranilate,134-20-3,Me_180,20,384,5.76E-08,2.84E-05,3.13E-05,0.909918026
5159,Lilyfore,285977-85-7,Me_180,20,384,2.63E-07,6.93E-06,2.73E-05,0.254308513
5160,Damascone beta,23726-91-2,Me_180,20,384,3.59E-07,8.24E-07,3.33E-05,0.024828186
5161,Veloutone,14595-54-1,Me_180,20,384,7.99E-07,1.82E-07,3.45E-05,0.005298327
5162,Verdox,82356-51-2,Me_180,20,384,1.87E-06,2.78E-08,3.48E-05,0.000802543
5163,Nirvanol,1506-02-1,Me_180,20,384,1.17E-06,1.00E-07,3.44E-05,0.002918496
5164,Cetalox,3738-00-9,Me_180,20,384,8.74E-07,1.51E-07,3.36E-05,0.00450852
5165,Tonalide,21145-77-7,Me_180,20,384,1.17E-06,1.00E-07,3.44E-05,0.002918496
5166,Caffeine,58-08-2,Me_180,20,384,1.86E-08,3.90E-05,3.90E-05,1.003048724
5167,Lamotrigine,84057-84-1,Me_180,20,384,1.45E-07,1.73E-05,2.70E-05,0.643375935
5168,Diclofenac,15307-79-6,Me_180,20,384,1.85E-08,3.98E-05,4.00E-05,0.999693378
5169,"2,4-Dichlorophenoxyacetic",94-75-7,Me_180,20,384,2.91E-08,2.19E-05,4.00E-05,0.549870199
5170,(S)-Naproxen,22204-53-1,Me_180,20,384,3.30E-08,1.30E-05,3.99E-05,0.325620514
5171,Ibuprofen,15687-27-1,Me_180,20,384,3.49E-08,4.32E-06,3.99E-05,0.108622188
5172,Torasemide,56211-40-6,Me_180,20,384,9.39E-08,8.31E-06,3.71E-05,0.22490583
5173,Warfarin,81-81-2,Me_180,20,384,2.85E-08,2.45E-05,3.99E-05,0.616794456
5174,di-n-butylphthalate,84-74-2,Me_180,20,384,3.77E-07,4.11E-07,3.52E-05,0.01170014
5175,hexachlorophene,70-30-4,Me_180,20,384,2.31E-06,3.84E-08,3.76E-05,0.001025028
5176,hexamethylenetetramine,100-97-0,Me_180,20,384,1.68E-08,3.65E-05,3.65E-05,1.00386754
5177,Malathion,121-75-5,Me_180,20,384,1.10E-07,2.09E-05,2.80E-05,0.751029015
5178,pentachlorophenol,87-86-5,Me_180,20,384,7.03E-08,3.52E-07,3.99E-05,0.008855647
5179,"2,2,2-trichloroethanol",115-20-8,Me_180,20,384,3.03E-08,3.05E-05,3.15E-05,0.971529898
5180,diethylphthalate,84-66-2,Me_180,20,384,1.22E-07,1.95E-05,2.75E-05,0.71196546
5181,4-chlorophenol,106-48-9,Me_180,20,384,1.14E-07,2.04E-05,2.78E-05,0.736795306
5182,permethrin,52645-53-1,Me_180,20,384,1.92E-06,2.54E-08,3.49E-05,0.000729322
5183,Aniline,62-53-3,Me_180,20,384,2.23E-08,3.61E-05,3.64E-05,0.994668488
5184,4-fluoroaniline,371-40-4,Me_180,20,384,2.57E-08,3.45E-05,3.50E-05,0.986966426
5185,"2,4,6-trichlorophenol",88-06-2,Me_180,20,384,3.22E-07,2.99E-06,2.98E-05,0.100871226
5186,Allyl alcohol,107-18-6,Me_180,20,384,1.76E-08,3.61E-05,3.62E-05,1.002358012
5187,N-methylaniline,100-61-8,Me_180,20,384,4.04E-08,2.89E-05,3.06E-05,0.946971232
5188,"3,4-dichloroaniline",95-76-1,Me_180,20,384,1.64E-07,1.51E-05,2.66E-05,0.570648432
5189,4-decylaniline,37529-30-9,Me_180,20,384,1.76E-06,3.54E-08,3.47E-05,0.001023937
5190,naphthalene,91-20-3,Me_180,20,384,2.37E-07,5.43E-06,2.40E-05,0.227230992
5191,"1,2,4-trichlorobenzene",120-82-1,Me_180,20,384,1.39E-07,6.43E-07,1.27E-05,0.050740255
5192,"1,2-dichlorobenzene",95-50-1,Me_180,20,384,6.85E-08,1.16E-06,6.64E-06,0.175780755
5193,dichloromethane,75-09-2,Me_180,20,384,1.94E-09,2.37E-06,2.42E-06,0.982349427
5194,tetrachloroethylene,127-18-4,Me_180,20,384,2.63E-08,4.79E-07,2.57E-06,0.186778431
5195,"2,3-dimethyl-1,3-butadiene",513-81-5,Me_180,20,384,4.60E-10,1.79E-08,5.26E-08,0.341718023
5196,cyclosporine A,59865-13-3,Me_180,20,384,2.06E-07,1.13E-05,2.65E-05,0.429281369
5197,chlorpromazine,50-53-3,Me_180,20,384,9.07E-07,1.53E-07,3.45E-05,0.00444689
5198,PBDE 47,5436-43-1,Me_180,20,384,2.16E-06,1.38E-08,3.52E-05,0.000394295
5199,PBDE 99,60348-60-9,Me_180,20,384,2.46E-06,4.79E-09,3.58E-05,0.000134415
5200,PBDE 153,68631-49-2,Me_180,20,384,2.67E-06,1.34E-09,3.63E-05,3.72138E-05
5201,amiodarone,1951-25-3,Me_180,20,384,2.56E-06,2.79E-09,3.60E-05,7.77179E-05
5202,PFBS,375-73-5,Me_180,20,384,3.59E-08,3.24E-05,3.38E-05,0.964767737
5203,4:2 FTS,757124-72-4,Me_180,20,384,4.87E-08,2.96E-05,3.19E-05,0.932228803
5204,PFNA,375-95-1,Me_180,20,384,1.52E-06,5.50E-08,3.45E-05,1.60E-03
5205,PFHxA,307-24-4,Me_180,20,384,3.59E-07,1.02E-06,3.31E-05,0.030825612
5206,PFBA,375-22-4,Me_180,20,384,4.56E-08,2.96E-05,3.17E-05,0.938507691
5207,PFOA,335-67-1,Me_180,20,384,3.53E-07,1.18E-06,3.24E-05,0.036437597
5208,6:2 FTS,27619-97-2,Me_180,20,384,2.13E-07,1.04E-05,2.62E-05,0.399288606
5209,8:2 FTS,39108-34-4,Me_180,20,384,3.58E-07,1.06E-06,3.30E-05,0.03233767
5210,PFUnDA,2058-94-8,Me_180,20,384,2.32E-07,1.72E-07,3.98E-05,0.004338169
5211,PFOS,1763-23-1,Me_180,20,384,2.32E-07,1.72E-07,3.98E-05,0.004338169
5212,PFHpA,375-85-9,Me_180,20,384,2.99E-07,4.02E-06,2.83E-05,0.142795717
5213,PFPeA,2706-90-3,Me_180,20,384,1.01E-07,2.09E-05,2.73E-05,0.769207526
5214,PFHxS,355-46-4,Me_180,20,384,1.66E-07,1.47E-05,2.64E-05,0.558469072
5215,PFDA,335-76-2,Me_180,20,384,4.48E-07,1.16E-07,3.95E-05,0.002941431
5216,Azathioprine,446-86-6,Me_180,20,384,1.88E-08,3.88E-05,3.88E-05,1.002602793
5217,Benzocaine,94-09-7,Me_180,20,384,5.60E-08,2.86E-05,3.15E-05,0.914027016
5218,Butylated hydroxyanisole,25013-16-5,Me_180,20,384,2.91E-07,5.05E-06,2.83E-05,0.179388945
5219,Cetirizine dihydrochloride,83881-52-1,Me_180,20,384,2.10E-08,3.73E-05,3.75E-05,0.998022052
5220,Cyclamate,139-05-9,Me_180,20,384,1.83E-08,3.95E-05,3.95E-05,1.003668093
5221,Cyclophosphamide,6055-19-2,Me_180,20,384,2.08E-08,3.73E-05,3.76E-05,0.998302548
5222,Cypermethrin,67375-30-8,Me_180,20,384,2.02E-06,2.01E-08,3.50E-05,0.000577277
5223,DEET,134-62-3,Me_180,20,384,8.67E-08,2.40E-05,2.91E-05,0.825481961
5224,Dexamethasone,50-02-2,Me_180,20,384,6.08E-08,2.78E-05,3.10E-05,0.901191512
5225,Digoxin,20830-75-5,Me_180,20,384,2.86E-08,3.45E-05,3.53E-05,0.981824932
5226,Fenazaquin,120928-09-8,Me_180,20,384,9.94E-07,1.33E-07,3.44E-05,0.003864529
5227,Fenbuconazole,114369-43-6,Me_180,20,384,2.61E-07,7.04E-06,2.73E-05,0.259022637
5228,Fluazinam,79622-59-6,Me_180,20,384,3.51E-07,1.55E-06,3.21E-05,0.048411384
5229,Furosemide,54-31-9,Me_180,20,384,2.15E-08,3.58E-05,4.00E-05,0.898413107
5230,Glybenclamide,10238-21-8,Me_180,20,384,5.02E-07,3.12E-07,3.49E-05,0.008975314
5231,HC Red 3,2871-01-4,Me_180,20,384,1.88E-08,3.87E-05,3.88E-05,1.002502993
5232,Hydralazine hydrochloride,304-20-1,Me_180,20,384,2.11E-08,3.72E-05,3.75E-05,0.997876614
5233,Ketoconazole,65277-42-1,Me_180,20,384,3.65E-07,7.29E-07,3.41E-05,0.021478127
5234,Metformin,1115-70-4,Me_180,20,384,1.83E-08,3.96E-05,3.96E-05,1.003791247
5235,Metoclopramide,364-62-5,Me_180,20,384,1.52E-07,1.64E-05,2.68E-05,0.61253856
5236,Nitrofurantoin,67-20-9,Me_180,20,384,1.84E-08,3.94E-05,3.94E-05,1.003588402
5237,Oxytetracycline hydrochloride,2058-46-0,Me_180,20,384,1.83E-08,3.98E-05,3.98E-05,1.003889191
5238,Panthenol,16485-10-2 ,Me_180,20,384,1.83E-08,3.97E-05,3.97E-05,1.003798496
5239,Paracetamol,103-90-2,Me_180,20,384,1.96E-08,3.80E-05,3.82E-05,1.000752536
5240,Topiramate,97240-79-4,Me_180,20,384,1.83E-08,3.98E-05,3.98E-05,1.00387924
5241,Trimellitic anhydride,552-30-7,Me_180,20,384,3.45E-08,3.30E-05,3.42E-05,0.968303269
5242,Verapamil hydrochloride,152-11-4,Me_180,20,384,3.68E-07,5.42E-07,3.47E-05,0.015665077
5243,Warfarin,129-06-6,Me_180,20,384,1.29E-07,1.88E-05,2.74E-05,0.69115041
5244,"2,4-Dinitrophenol",51-28-5,H4lle,20,384,2.07E-08,3.09E-05,3.28E-05,0.945635936
5245,Aldrin,309-00-2,H4lle,20,384,4.34E-07,2.62E-08,3.61E-05,0.000729322
5246,Azinphos-methyl,86-50-0,H4lle,20,384,4.37E-08,1.41E-05,2.66E-05,0.533919875
5247,Chlorpyrifos,2921-88-2,H4lle,20,384,1.26E-07,2.77E-07,3.52E-05,0.007897835
5248,"DDD-p,p'",50-29-3,H4lle,20,384,5.09E-07,1.18E-08,3.70E-05,0.000321051
5249,"DDT-o,p'",789-02-6,H4lle,20,384,4.47E-07,2.35E-08,3.64E-05,0.000649328
5250,"DDT-p,p'",72-54-8,H4lle,20,384,3.55E-07,5.21E-08,3.57E-05,0.001466675
5251,Diazinon,333-41-5,H4lle,20,384,7.51E-08,2.38E-06,3.10E-05,0.07698005
5252,Dicofol,115-32-2,H4lle,20,384,1.35E-07,2.58E-07,3.52E-05,0.007351781
5253,Dieldrin,60-57-1,H4lle,20,384,1.51E-07,2.28E-07,3.51E-05,0.006503656
5254,Disulfoton,298-04-4,H4lle,20,384,7.82E-08,1.52E-06,3.24E-05,0.04728531
5255,Endosulfan I,115-29-7,H4lle,20,384,7.54E-08,2.28E-06,3.11E-05,0.073540874
5256,Endrin,72-20-8,H4lle,20,384,2.06E-07,1.51E-07,3.51E-05,0.004325509
5257,Ethion,563-12-2,H4lle,20,384,1.43E-07,2.42E-07,3.51E-05,0.00691824
5258,Heptachlor,76-44-8,H4lle,20,384,3.51E-07,5.39E-08,3.56E-05,0.001518687
5259,Heptachlor epoxide B,1024-57-3,H4lle,20,384,1.29E-07,2.70E-07,3.52E-05,0.007712633
5260,Lindane,58-89-9,H4lle,20,384,7.32E-08,2.85E-06,3.03E-05,0.094344232
5261,"Methoxychlor-o,p'",72-43-5,H4lle,20,384,1.44E-07,2.39E-07,3.51E-05,0.006833824
5262,Parathion,56-38-2,H4lle,20,384,7.54E-08,2.28E-06,3.11E-05,0.073540874
5263,Trifluralin,1582-09-8,H4lle,20,384,1.89E-07,1.71E-07,3.51E-05,0.004891678
5264,Eugenol F,97-53-0,H4lle,20,384,2.96E-08,2.25E-05,2.85E-05,0.790621879
5265,Methyl-antranilate,134-20-3,H4lle,20,384,2.28E-08,2.84E-05,3.13E-05,0.909918026
5266,Lilyfore,285977-85-7,H4lle,20,384,6.06E-08,6.96E-06,2.75E-05,0.254308513
5267,Damascone beta,23726-91-2,H4lle,20,384,7.96E-08,8.30E-07,3.36E-05,0.024828186
5268,Veloutone,14595-54-1,H4lle,20,384,1.78E-07,1.85E-07,3.51E-05,0.005298327
5269,Verdox,82356-51-2,H4lle,20,384,4.25E-07,2.88E-08,3.61E-05,0.000802543
5270,Nirvanol,1506-02-1,H4lle,20,384,2.62E-07,1.02E-07,3.52E-05,0.002918496
5271,Cetalox,3738-00-9,H4lle,20,384,1.95E-07,1.53E-07,3.41E-05,0.00450852
5272,Tonalide,21145-77-7,H4lle,20,384,2.62E-07,1.02E-07,3.52E-05,0.002918496
5273,Caffeine,58-08-2,H4lle,20,384,1.80E-08,3.90E-05,3.90E-05,1.003048724
5274,Lamotrigine,84057-84-1,H4lle,20,384,3.91E-08,1.74E-05,2.71E-05,0.643375935
5275,Diclofenac,15307-79-6,H4lle,20,384,1.83E-08,3.98E-05,4.00E-05,0.999693378
5276,"2,4-Dichlorophenoxyacetic",94-75-7,H4lle,20,384,1.39E-08,2.19E-05,4.00E-05,0.549870199
5277,(S)-Naproxen,22204-53-1,H4lle,20,384,1.14E-08,1.30E-05,4.00E-05,0.325620514
5278,Ibuprofen,15687-27-1,H4lle,20,384,8.61E-09,4.32E-06,4.00E-05,0.108622188
5279,Torasemide,56211-40-6,H4lle,20,384,2.32E-08,8.32E-06,3.71E-05,0.22490583
5280,Warfarin,81-81-2,H4lle,20,384,1.47E-08,2.45E-05,3.99E-05,0.616794456
5281,di-n-butylphthalate,84-74-2,H4lle,20,384,8.35E-08,4.14E-07,3.55E-05,0.01170014
5282,hexachlorophene,70-30-4,H4lle,20,384,4.89E-07,4.02E-08,3.94E-05,0.001025028
5283,hexamethylenetetramine,100-97-0,H4lle,20,384,1.68E-08,3.65E-05,3.65E-05,1.00386754
5284,Malathion,121-75-5,H4lle,20,384,3.18E-08,2.10E-05,2.80E-05,0.751029015
5285,pentachlorophenol,87-86-5,H4lle,20,384,1.43E-08,3.53E-07,4.00E-05,0.008855647
5286,"2,2,2-trichloroethanol",115-20-8,H4lle,20,384,1.76E-08,3.05E-05,3.15E-05,0.971529898
5287,diethylphthalate,84-66-2,H4lle,20,384,3.39E-08,1.96E-05,2.76E-05,0.71196546
5288,4-chlorophenol,106-48-9,H4lle,20,384,3.25E-08,2.04E-05,2.78E-05,0.736795306
5289,permethrin,52645-53-1,H4lle,20,384,4.36E-07,2.63E-08,3.63E-05,0.000729322
5290,Aniline,62-53-3,H4lle,20,384,1.78E-08,3.61E-05,3.64E-05,0.994668488
5291,4-fluoroaniline,371-40-4,H4lle,20,384,1.80E-08,3.45E-05,3.51E-05,0.986966426
5292,"2,4,6-trichlorophenol",88-06-2,H4lle,20,384,7.23E-08,3.01E-06,3.00E-05,0.100871226
5293,Allyl alcohol,107-18-6,H4lle,20,384,1.68E-08,3.61E-05,3.62E-05,1.002358012
5294,N-methylaniline,100-61-8,H4lle,20,384,1.92E-08,2.89E-05,3.06E-05,0.946971232
5295,"3,4-dichloroaniline",95-76-1,H4lle,20,384,4.16E-08,1.51E-05,2.66E-05,0.570648432
5296,4-decylaniline,37529-30-9,H4lle,20,384,3.99E-07,3.67E-08,3.60E-05,0.001023937
5297,naphthalene,91-20-3,H4lle,20,384,5.42E-08,5.45E-06,2.41E-05,0.227230992
5298,"1,2,4-trichlorobenzene",120-82-1,H4lle,20,384,3.08E-08,6.45E-07,1.28E-05,0.050740255
5299,"1,2-dichlorobenzene",95-50-1,H4lle,20,384,1.55E-08,1.17E-06,6.65E-06,0.175780755
5300,dichloromethane,75-09-2,H4lle,20,384,1.27E-09,2.37E-06,2.42E-06,0.982349427
5301,tetrachloroethylene,127-18-4,H4lle,20,384,5.96E-09,4.79E-07,2.58E-06,0.186778431
5302,"2,3-dimethyl-1,3-butadiene",513-81-5,H4lle,20,384,1.08E-10,1.79E-08,5.26E-08,0.341718023
5303,cyclosporine A,59865-13-3,H4lle,20,384,4.96E-08,1.14E-05,2.66E-05,0.429281369
5304,chlorpromazine,50-53-3,H4lle,20,384,2.02E-07,1.55E-07,3.51E-05,0.00444689
5305,PBDE 47,5436-43-1,H4lle,20,384,4.93E-07,1.45E-08,3.68E-05,0.000394295
5306,PBDE 99,60348-60-9,H4lle,20,384,5.64E-07,5.03E-09,3.76E-05,0.000134415
5307,PBDE 153,68631-49-2,H4lle,20,384,6.15E-07,1.42E-09,3.83E-05,3.72138E-05
5308,amiodarone,1951-25-3,H4lle,20,384,5.89E-07,2.94E-09,3.79E-05,7.77179E-05
5309,PFBS,375-73-5,H4lle,20,384,1.95E-08,3.25E-05,3.38E-05,0.964767737
5310,4:2 FTS,757124-72-4,H4lle,20,384,2.13E-08,2.96E-05,3.19E-05,0.932228803
5311,PFNA,375-95-1,H4lle,20,384,3.44E-07,5.66E-08,3.56E-05,1.60E-03
5312,PFHxA,307-24-4,H4lle,20,384,7.98E-08,1.03E-06,3.34E-05,0.030825612
5313,PFBA,375-22-4,H4lle,20,384,2.06E-08,2.96E-05,3.17E-05,0.938507691
5314,PFOA,335-67-1,H4lle,20,384,7.83E-08,1.18E-06,3.26E-05,0.036437597
5315,6:2 FTS,27619-97-2,H4lle,20,384,5.07E-08,1.04E-05,2.63E-05,0.399288606
5316,8:2 FTS,39108-34-4,H4lle,20,384,7.95E-08,1.07E-06,3.32E-05,0.03233767
5317,PFUnDA,2058-94-8,H4lle,20,384,4.68E-08,1.73E-07,3.99E-05,0.004338169
5318,PFOS,1763-23-1,H4lle,20,384,4.68E-08,1.73E-07,3.99E-05,0.004338169
5319,PFHpA,375-85-9,H4lle,20,384,6.74E-08,4.04E-06,2.84E-05,0.142795717
5320,PFPeA,2706-90-3,H4lle,20,384,2.98E-08,2.09E-05,2.73E-05,0.769207526
5321,PFHxS,355-46-4,H4lle,20,384,4.20E-08,1.47E-05,2.64E-05,0.558469072
5322,PFDA,335-76-2,H4lle,20,384,9.08E-08,1.17E-07,3.99E-05,0.002941431
5323,Azathioprine,446-86-6,H4lle,20,384,1.80E-08,3.88E-05,3.88E-05,1.002602793
5324,Benzocaine,94-09-7,H4lle,20,384,2.26E-08,2.87E-05,3.15E-05,0.914027016
5325,Butylated hydroxyanisole,25013-16-5,H4lle,20,384,6.60E-08,5.08E-06,2.84E-05,0.179388945
5326,Cetirizine dihydrochloride,83881-52-1,H4lle,20,384,1.80E-08,3.73E-05,3.75E-05,0.998022052
5327,Cyclamate,139-05-9,H4lle,20,384,1.82E-08,3.95E-05,3.95E-05,1.003668093
5328,Cyclophosphamide,6055-19-2,H4lle,20,384,1.79E-08,3.73E-05,3.76E-05,0.998302548
5329,Cypermethrin,67375-30-8,H4lle,20,384,4.59E-07,2.10E-08,3.65E-05,0.000577277
5330,DEET,134-62-3,H4lle,20,384,2.77E-08,2.40E-05,2.92E-05,0.825481961
5331,Dexamethasone,50-02-2,H4lle,20,384,2.34E-08,2.79E-05,3.10E-05,0.901191512
5332,Digoxin,20830-75-5,H4lle,20,384,1.86E-08,3.45E-05,3.53E-05,0.981824932
5333,Fenazaquin,120928-09-8,H4lle,20,384,2.22E-07,1.35E-07,3.51E-05,0.003864529
5334,Fenbuconazole,114369-43-6,H4lle,20,384,6.02E-08,7.08E-06,2.74E-05,0.259022637
5335,Fluazinam,79622-59-6,H4lle,20,384,7.81E-08,1.56E-06,3.23E-05,0.048411384
5336,Furosemide,54-31-9,H4lle,20,384,1.74E-08,3.58E-05,4.00E-05,0.898413107
5337,Glybenclamide,10238-21-8,H4lle,20,384,1.11E-07,3.15E-07,3.53E-05,0.008975314
5338,HC Red 3,2871-01-4,H4lle,20,384,1.80E-08,3.87E-05,3.88E-05,1.002502993
5339,Hydralazine hydrochloride,304-20-1,H4lle,20,384,1.80E-08,3.72E-05,3.75E-05,0.997876614
5340,Ketoconazole,65277-42-1,H4lle,20,384,8.10E-08,7.35E-07,3.43E-05,0.021478127
5341,Metformin,1115-70-4,H4lle,20,384,1.82E-08,3.96E-05,3.96E-05,1.003791247
5342,Metoclopramide,364-62-5,H4lle,20,384,3.94E-08,1.64E-05,2.69E-05,0.61253856
5343,Nitrofurantoin,67-20-9,H4lle,20,384,1.81E-08,3.94E-05,3.94E-05,1.003588402
5344,Oxytetracycline hydrochloride,2058-46-0,H4lle,20,384,1.83E-08,3.98E-05,3.98E-05,1.003889191
5345,Panthenol,16485-10-2 ,H4lle,20,384,1.82E-08,3.97E-05,3.97E-05,1.003798496
5346,Paracetamol,103-90-2,H4lle,20,384,1.79E-08,3.80E-05,3.82E-05,1.000752536
5347,Topiramate,97240-79-4,H4lle,20,384,1.83E-08,3.98E-05,3.98E-05,1.00387924
5348,Trimellitic anhydride,552-30-7,H4lle,20,384,1.94E-08,3.30E-05,3.42E-05,0.968303269
5349,Verapamil hydrochloride,152-11-4,H4lle,20,384,8.14E-08,5.46E-07,3.50E-05,0.015665077
5350,Warfarin,129-06-6,H4lle,20,384,3.51E-08,1.89E-05,2.74E-05,0.69115041
5351,"2,4-Dinitrophenol",51-28-5,SH-SY5Y,20,384,1.35E-08,3.09E-05,3.28E-05,0.945635936
5352,Aldrin,309-00-2,SH-SY5Y,20,384,3.72E-07,2.63E-08,3.62E-05,0.000729322
5353,Azinphos-methyl,86-50-0,SH-SY5Y,20,384,3.53E-08,1.41E-05,2.66E-05,0.533919875
5354,Chlorpyrifos,2921-88-2,SH-SY5Y,20,384,1.08E-07,2.77E-07,3.52E-05,0.007897835
5355,"DDD-p,p'",50-29-3,SH-SY5Y,20,384,4.36E-07,1.18E-08,3.70E-05,0.000321051
5356,"DDT-o,p'",789-02-6,SH-SY5Y,20,384,3.83E-07,2.36E-08,3.64E-05,0.000649328
5357,"DDT-p,p'",72-54-8,SH-SY5Y,20,384,3.04E-07,5.22E-08,3.57E-05,0.001466675
5358,Diazinon,333-41-5,SH-SY5Y,20,384,6.37E-08,2.38E-06,3.10E-05,0.07698005
5359,Dicofol,115-32-2,SH-SY5Y,20,384,1.15E-07,2.58E-07,3.52E-05,0.007351781
5360,Dieldrin,60-57-1,SH-SY5Y,20,384,1.29E-07,2.28E-07,3.51E-05,0.006503656
5361,Disulfoton,298-04-4,SH-SY5Y,20,384,6.65E-08,1.53E-06,3.24E-05,0.04728531
5362,Endosulfan I,115-29-7,SH-SY5Y,20,384,6.40E-08,2.28E-06,3.11E-05,0.073540874
5363,Endrin,72-20-8,SH-SY5Y,20,384,1.76E-07,1.51E-07,3.51E-05,0.004325509
5364,Ethion,563-12-2,SH-SY5Y,20,384,1.22E-07,2.42E-07,3.52E-05,0.00691824
5365,Heptachlor,76-44-8,SH-SY5Y,20,384,3.00E-07,5.40E-08,3.57E-05,0.001518687
5366,Heptachlor epoxide B,1024-57-3,SH-SY5Y,20,384,1.10E-07,2.71E-07,3.52E-05,0.007712633
5367,Lindane,58-89-9,SH-SY5Y,20,384,6.20E-08,2.85E-06,3.03E-05,0.094344232
5368,"Methoxychlor-o,p'",72-43-5,SH-SY5Y,20,384,1.23E-07,2.39E-07,3.52E-05,0.006833824
5369,Parathion,56-38-2,SH-SY5Y,20,384,6.40E-08,2.28E-06,3.11E-05,0.073540874
5370,Trifluralin,1582-09-8,SH-SY5Y,20,384,1.61E-07,1.71E-07,3.51E-05,0.004891678
5371,Eugenol F,97-53-0,SH-SY5Y,20,384,2.22E-08,2.25E-05,2.85E-05,0.790621879
5372,Methyl-antranilate,134-20-3,SH-SY5Y,20,384,1.57E-08,2.84E-05,3.13E-05,0.909918026
5373,Lilyfore,285977-85-7,SH-SY5Y,20,384,5.07E-08,6.96E-06,2.75E-05,0.254308513
5374,Damascone beta,23726-91-2,SH-SY5Y,20,384,6.78E-08,8.30E-07,3.36E-05,0.024828186
5375,Veloutone,14595-54-1,SH-SY5Y,20,384,1.52E-07,1.85E-07,3.51E-05,0.005298327
5376,Verdox,82356-51-2,SH-SY5Y,20,384,3.64E-07,2.89E-08,3.61E-05,0.000802543
5377,Nirvanol,1506-02-1,SH-SY5Y,20,384,2.24E-07,1.02E-07,3.52E-05,0.002918496
5378,Cetalox,3738-00-9,SH-SY5Y,20,384,1.67E-07,1.53E-07,3.42E-05,0.00450852
5379,Tonalide,21145-77-7,SH-SY5Y,20,384,2.24E-07,1.02E-07,3.52E-05,0.002918496
5380,Caffeine,58-08-2,SH-SY5Y,20,384,1.02E-08,3.90E-05,3.91E-05,1.003048724
5381,Lamotrigine,84057-84-1,SH-SY5Y,20,384,3.06E-08,1.74E-05,2.71E-05,0.643375935
5382,Diclofenac,15307-79-6,SH-SY5Y,20,384,1.03E-08,3.98E-05,4.00E-05,0.999693378
5383,"2,4-Dichlorophenoxyacetic",94-75-7,SH-SY5Y,20,384,9.17E-09,2.19E-05,4.00E-05,0.549870199
5384,(S)-Naproxen,22204-53-1,SH-SY5Y,20,384,8.34E-09,1.30E-05,4.00E-05,0.325620514
5385,Ibuprofen,15687-27-1,SH-SY5Y,20,384,7.19E-09,4.32E-06,4.00E-05,0.108622188
5386,Torasemide,56211-40-6,SH-SY5Y,20,384,1.90E-08,8.32E-06,3.72E-05,0.22490583
5387,Warfarin,81-81-2,SH-SY5Y,20,384,9.52E-09,2.45E-05,3.99E-05,0.616794456
5388,di-n-butylphthalate,84-74-2,SH-SY5Y,20,384,7.12E-08,4.14E-07,3.55E-05,0.01170014
5389,hexachlorophene,70-30-4,SH-SY5Y,20,384,4.47E-07,4.03E-08,3.94E-05,0.001025028
5390,hexamethylenetetramine,100-97-0,SH-SY5Y,20,384,9.43E-09,3.65E-05,3.65E-05,1.00386754
5391,Malathion,121-75-5,SH-SY5Y,20,384,2.43E-08,2.10E-05,2.80E-05,0.751029015
5392,pentachlorophenol,87-86-5,SH-SY5Y,20,384,1.31E-08,3.53E-07,4.00E-05,0.008855647
5393,"2,2,2-trichloroethanol",115-20-8,SH-SY5Y,20,384,1.09E-08,3.05E-05,3.15E-05,0.971529898
5394,diethylphthalate,84-66-2,SH-SY5Y,20,384,2.63E-08,1.96E-05,2.76E-05,0.71196546
5395,4-chlorophenol,106-48-9,SH-SY5Y,20,384,2.50E-08,2.04E-05,2.78E-05,0.736795306
5396,permethrin,52645-53-1,SH-SY5Y,20,384,3.73E-07,2.64E-08,3.63E-05,0.000729322
5397,Aniline,62-53-3,SH-SY5Y,20,384,1.04E-08,3.61E-05,3.65E-05,0.994668488
5398,4-fluoroaniline,371-40-4,SH-SY5Y,20,384,1.07E-08,3.45E-05,3.51E-05,0.986966426
5399,"2,4,6-trichlorophenol",88-06-2,SH-SY5Y,20,384,6.12E-08,3.01E-06,3.00E-05,0.100871226
5400,Allyl alcohol,107-18-6,SH-SY5Y,20,384,9.52E-09,3.61E-05,3.62E-05,1.002358012
5401,N-methylaniline,100-61-8,SH-SY5Y,20,384,1.25E-08,2.89E-05,3.06E-05,0.946971232
5402,"3,4-dichloroaniline",95-76-1,SH-SY5Y,20,384,3.34E-08,1.51E-05,2.66E-05,0.570648432
5403,4-decylaniline,37529-30-9,SH-SY5Y,20,384,3.41E-07,3.67E-08,3.60E-05,0.001023937
5404,naphthalene,91-20-3,SH-SY5Y,20,384,4.54E-08,5.45E-06,2.41E-05,0.227230992
5405,"1,2,4-trichlorobenzene",120-82-1,SH-SY5Y,20,384,2.62E-08,6.45E-07,1.28E-05,0.050740255
5406,"1,2-dichlorobenzene",95-50-1,SH-SY5Y,20,384,1.30E-08,1.17E-06,6.65E-06,0.175780755
5407,dichloromethane,75-09-2,SH-SY5Y,20,384,7.70E-10,2.37E-06,2.42E-06,0.982349427
5408,tetrachloroethylene,127-18-4,SH-SY5Y,20,384,5.01E-09,4.79E-07,2.58E-06,0.186778431
5409,"2,3-dimethyl-1,3-butadiene",513-81-5,SH-SY5Y,20,384,8.92E-11,1.79E-08,5.26E-08,0.341718023
5410,cyclosporine A,59865-13-3,SH-SY5Y,20,384,4.07E-08,1.14E-05,2.66E-05,0.429281369
5411,chlorpromazine,50-53-3,SH-SY5Y,20,384,1.73E-07,1.56E-07,3.51E-05,0.00444689
5412,PBDE 47,5436-43-1,SH-SY5Y,20,384,4.22E-07,1.45E-08,3.69E-05,0.000394295
5413,PBDE 99,60348-60-9,SH-SY5Y,20,384,4.84E-07,5.04E-09,3.77E-05,0.000134415
5414,PBDE 153,68631-49-2,SH-SY5Y,20,384,5.28E-07,1.42E-09,3.84E-05,3.72138E-05
5415,amiodarone,1951-25-3,SH-SY5Y,20,384,5.06E-07,2.94E-09,3.80E-05,7.77179E-05
5416,PFBS,375-73-5,SH-SY5Y,20,384,1.23E-08,3.25E-05,3.38E-05,0.964767737
5417,4:2 FTS,757124-72-4,SH-SY5Y,20,384,1.42E-08,2.96E-05,3.19E-05,0.932228803
5418,PFNA,375-95-1,SH-SY5Y,20,384,2.94E-07,5.67E-08,3.56E-05,1.60E-03
5419,PFHxA,307-24-4,SH-SY5Y,20,384,6.79E-08,1.03E-06,3.34E-05,0.030825612
5420,PFBA,375-22-4,SH-SY5Y,20,384,1.36E-08,2.96E-05,3.17E-05,0.938507691
5421,PFOA,335-67-1,SH-SY5Y,20,384,6.67E-08,1.18E-06,3.26E-05,0.036437597
5422,6:2 FTS,27619-97-2,SH-SY5Y,20,384,4.18E-08,1.05E-05,2.63E-05,0.399288606
5423,8:2 FTS,39108-34-4,SH-SY5Y,20,384,6.76E-08,1.07E-06,3.32E-05,0.03233767
5424,PFUnDA,2058-94-8,SH-SY5Y,20,384,4.30E-08,1.73E-07,4.00E-05,0.004338169
5425,PFOS,1763-23-1,SH-SY5Y,20,384,4.30E-08,1.73E-07,4.00E-05,0.004338169
5426,PFHpA,375-85-9,SH-SY5Y,20,384,5.69E-08,4.04E-06,2.84E-05,0.142795717
5427,PFPeA,2706-90-3,SH-SY5Y,20,384,2.26E-08,2.09E-05,2.73E-05,0.769207526
5428,PFHxS,355-46-4,SH-SY5Y,20,384,3.38E-08,1.47E-05,2.65E-05,0.558469072
5429,PFDA,335-76-2,SH-SY5Y,20,384,8.34E-08,1.17E-07,3.99E-05,0.002941431
5430,Azathioprine,446-86-6,SH-SY5Y,20,384,1.02E-08,3.88E-05,3.88E-05,1.002602793
5431,Benzocaine,94-09-7,SH-SY5Y,20,384,1.54E-08,2.87E-05,3.15E-05,0.914027016
5432,Butylated hydroxyanisole,25013-16-5,SH-SY5Y,20,384,5.56E-08,5.08E-06,2.84E-05,0.179388945
5433,Cetirizine dihydrochloride,83881-52-1,SH-SY5Y,20,384,1.03E-08,3.73E-05,3.75E-05,0.998022052
5434,Cyclamate,139-05-9,SH-SY5Y,20,384,1.02E-08,3.95E-05,3.95E-05,1.003668093
5435,Cyclophosphamide,6055-19-2,SH-SY5Y,20,384,1.03E-08,3.74E-05,3.76E-05,0.998302548
5436,Cypermethrin,67375-30-8,SH-SY5Y,20,384,3.93E-07,2.10E-08,3.65E-05,0.000577277
5437,DEET,134-62-3,SH-SY5Y,20,384,2.04E-08,2.40E-05,2.92E-05,0.825481961
5438,Dexamethasone,50-02-2,SH-SY5Y,20,384,1.62E-08,2.79E-05,3.11E-05,0.901191512
5439,Digoxin,20830-75-5,SH-SY5Y,20,384,1.13E-08,3.45E-05,3.53E-05,0.981824932
5440,Fenazaquin,120928-09-8,SH-SY5Y,20,384,1.90E-07,1.35E-07,3.51E-05,0.003864529
5441,Fenbuconazole,114369-43-6,SH-SY5Y,20,384,5.04E-08,7.08E-06,2.74E-05,0.259022637
5442,Fluazinam,79622-59-6,SH-SY5Y,20,384,6.64E-08,1.56E-06,3.23E-05,0.048411384
5443,Furosemide,54-31-9,SH-SY5Y,20,384,1.02E-08,3.58E-05,4.00E-05,0.898413107
5444,Glybenclamide,10238-21-8,SH-SY5Y,20,384,9.50E-08,3.16E-07,3.53E-05,0.008975314
5445,HC Red 3,2871-01-4,SH-SY5Y,20,384,1.02E-08,3.87E-05,3.88E-05,1.002502993
5446,Hydralazine hydrochloride,304-20-1,SH-SY5Y,20,384,1.03E-08,3.72E-05,3.75E-05,0.997876614
5447,Ketoconazole,65277-42-1,SH-SY5Y,20,384,6.90E-08,7.35E-07,3.43E-05,0.021478127
5448,Metformin,1115-70-4,SH-SY5Y,20,384,1.02E-08,3.97E-05,3.97E-05,1.003791247
5449,Metoclopramide,364-62-5,SH-SY5Y,20,384,3.13E-08,1.64E-05,2.69E-05,0.61253856
5450,Nitrofurantoin,67-20-9,SH-SY5Y,20,384,1.02E-08,3.94E-05,3.94E-05,1.003588402
5451,Oxytetracycline hydrochloride,2058-46-0,SH-SY5Y,20,384,1.03E-08,3.98E-05,3.98E-05,1.003889191
5452,Panthenol,16485-10-2 ,SH-SY5Y,20,384,1.03E-08,3.97E-05,3.97E-05,1.003798496
5453,Paracetamol,103-90-2,SH-SY5Y,20,384,1.02E-08,3.81E-05,3.82E-05,1.000752536
5454,Topiramate,97240-79-4,SH-SY5Y,20,384,1.03E-08,3.98E-05,3.98E-05,1.00387924
5455,Trimellitic anhydride,552-30-7,SH-SY5Y,20,384,1.21E-08,3.30E-05,3.42E-05,0.968303269
5456,Verapamil hydrochloride,152-11-4,SH-SY5Y,20,384,6.94E-08,5.46E-07,3.50E-05,0.015665077
5457,Warfarin,129-06-6,SH-SY5Y,20,384,2.74E-08,1.89E-05,2.74E-05,0.69115041
5458,"2,4-Dinitrophenol",51-28-5,HEK293H,20,384,3.75E-08,3.09E-05,3.28E-05,0.945635936
5459,Aldrin,309-00-2,HEK293H,20,384,1.71E-06,2.54E-08,3.50E-05,0.000729322
5460,Azinphos-methyl,86-50-0,HEK293H,20,384,1.55E-07,1.41E-05,2.65E-05,0.533919875
5461,Chlorpyrifos,2921-88-2,HEK293H,20,384,5.07E-07,2.74E-07,3.49E-05,0.007897835
5462,"DDD-p,p'",50-29-3,HEK293H,20,384,1.99E-06,1.14E-08,3.56E-05,0.000321051
5463,"DDT-o,p'",789-02-6,HEK293H,20,384,1.76E-06,2.27E-08,3.52E-05,0.000649328
5464,"DDT-p,p'",72-54-8,HEK293H,20,384,1.41E-06,5.07E-08,3.47E-05,0.001466675
5465,Diazinon,333-41-5,HEK293H,20,384,2.99E-07,2.36E-06,3.08E-05,0.07698005
5466,Dicofol,115-32-2,HEK293H,20,384,5.42E-07,2.55E-07,3.48E-05,0.007351781
5467,Dieldrin,60-57-1,HEK293H,20,384,6.04E-07,2.25E-07,3.47E-05,0.006503656
5468,Disulfoton,298-04-4,HEK293H,20,384,3.13E-07,1.52E-06,3.22E-05,0.04728531
5469,Endosulfan I,115-29-7,HEK293H,20,384,3.00E-07,2.27E-06,3.09E-05,0.073540874
5470,Endrin,72-20-8,HEK293H,20,384,8.24E-07,1.49E-07,3.45E-05,0.004325509
5471,Ethion,563-12-2,HEK293H,20,384,5.72E-07,2.40E-07,3.48E-05,0.00691824
5472,Heptachlor,76-44-8,HEK293H,20,384,1.39E-06,5.25E-08,3.47E-05,0.001518687
5473,Heptachlor epoxide B,1024-57-3,HEK293H,20,384,5.18E-07,2.68E-07,3.49E-05,0.007712633
5474,Lindane,58-89-9,HEK293H,20,384,2.90E-07,2.83E-06,3.01E-05,0.094344232
5475,"Methoxychlor-o,p'",72-43-5,HEK293H,20,384,5.79E-07,2.37E-07,3.48E-05,0.006833824
5476,Parathion,56-38-2,HEK293H,20,384,3.00E-07,2.27E-06,3.09E-05,0.073540874
5477,Trifluralin,1582-09-8,HEK293H,20,384,7.56E-07,1.68E-07,3.46E-05,0.004891678
5478,Eugenol F,97-53-0,HEK293H,20,384,8.57E-08,2.24E-05,2.85E-05,0.790621879
5479,Methyl-antranilate,134-20-3,HEK293H,20,384,4.97E-08,2.84E-05,3.13E-05,0.909918026
5480,Lilyfore,285977-85-7,HEK293H,20,384,2.33E-07,6.93E-06,2.74E-05,0.254308513
5481,Damascone beta,23726-91-2,HEK293H,20,384,3.19E-07,8.25E-07,3.34E-05,0.024828186
5482,Veloutone,14595-54-1,HEK293H,20,384,7.12E-07,1.83E-07,3.46E-05,0.005298327
5483,Verdox,82356-51-2,HEK293H,20,384,1.67E-06,2.79E-08,3.50E-05,0.000802543
5484,Nirvanol,1506-02-1,HEK293H,20,384,1.04E-06,1.00E-07,3.45E-05,0.002918496
5485,Cetalox,3738-00-9,HEK293H,20,384,7.80E-07,1.51E-07,3.36E-05,0.00450852
5486,Tonalide,21145-77-7,HEK293H,20,384,1.04E-06,1.00E-07,3.45E-05,0.002918496
5487,Caffeine,58-08-2,HEK293H,20,384,1.46E-08,3.90E-05,3.91E-05,1.003048724
5488,Lamotrigine,84057-84-1,HEK293H,20,384,1.27E-07,1.73E-05,2.70E-05,0.643375935
5489,Diclofenac,15307-79-6,HEK293H,20,384,1.45E-08,3.98E-05,4.00E-05,0.999693378
5490,"2,4-Dichlorophenoxyacetic",94-75-7,HEK293H,20,384,2.53E-08,2.19E-05,4.00E-05,0.549870199
5491,(S)-Naproxen,22204-53-1,HEK293H,20,384,2.93E-08,1.30E-05,4.00E-05,0.325620514
5492,Ibuprofen,15687-27-1,HEK293H,20,384,3.16E-08,4.32E-06,3.99E-05,0.108622188
5493,Torasemide,56211-40-6,HEK293H,20,384,8.36E-08,8.31E-06,3.71E-05,0.22490583
5494,Warfarin,81-81-2,HEK293H,20,384,2.45E-08,2.45E-05,3.99E-05,0.616794456
5495,di-n-butylphthalate,84-74-2,HEK293H,20,384,3.36E-07,4.11E-07,3.53E-05,0.01170014
5496,hexachlorophene,70-30-4,HEK293H,20,384,2.11E-06,3.86E-08,3.78E-05,0.001025028
5497,hexamethylenetetramine,100-97-0,HEK293H,20,384,1.31E-08,3.65E-05,3.65E-05,1.00386754
5498,Malathion,121-75-5,HEK293H,20,384,9.70E-08,2.09E-05,2.80E-05,0.751029015
5499,pentachlorophenol,87-86-5,HEK293H,20,384,6.41E-08,3.52E-07,3.99E-05,0.008855647
5500,"2,2,2-trichloroethanol",115-20-8,HEK293H,20,384,2.54E-08,3.05E-05,3.15E-05,0.971529898
5501,diethylphthalate,84-66-2,HEK293H,20,384,1.08E-07,1.95E-05,2.75E-05,0.71196546
5502,4-chlorophenol,106-48-9,HEK293H,20,384,1.01E-07,2.04E-05,2.78E-05,0.736795306
5503,permethrin,52645-53-1,HEK293H,20,384,1.72E-06,2.55E-08,3.51E-05,0.000729322
5504,Aniline,62-53-3,HEK293H,20,384,1.81E-08,3.61E-05,3.64E-05,0.994668488
5505,4-fluoroaniline,371-40-4,HEK293H,20,384,2.11E-08,3.45E-05,3.51E-05,0.986966426
5506,"2,4,6-trichlorophenol",88-06-2,HEK293H,20,384,2.87E-07,3.00E-06,2.98E-05,0.100871226
5507,Allyl alcohol,107-18-6,HEK293H,20,384,1.39E-08,3.61E-05,3.62E-05,1.002358012
5508,N-methylaniline,100-61-8,HEK293H,20,384,3.44E-08,2.89E-05,3.06E-05,0.946971232
5509,"3,4-dichloroaniline",95-76-1,HEK293H,20,384,1.45E-07,1.51E-05,2.66E-05,0.570648432
5510,4-decylaniline,37529-30-9,HEK293H,20,384,1.57E-06,3.56E-08,3.49E-05,0.001023937
5511,naphthalene,91-20-3,HEK293H,20,384,2.10E-07,5.43E-06,2.40E-05,0.227230992
5512,"1,2,4-trichlorobenzene",120-82-1,HEK293H,20,384,1.24E-07,6.43E-07,1.27E-05,0.050740255
5513,"1,2-dichlorobenzene",95-50-1,HEK293H,20,384,6.08E-08,1.16E-06,6.65E-06,0.175780755
5514,dichloromethane,75-09-2,HEK293H,20,384,1.61E-09,2.37E-06,2.42E-06,0.982349427
5515,tetrachloroethylene,127-18-4,HEK293H,20,384,2.34E-08,4.79E-07,2.57E-06,0.186778431
5516,"2,3-dimethyl-1,3-butadiene",513-81-5,HEK293H,20,384,4.08E-10,1.79E-08,5.26E-08,0.341718023
5517,cyclosporine A,59865-13-3,HEK293H,20,384,1.83E-07,1.13E-05,2.65E-05,0.429281369
5518,chlorpromazine,50-53-3,HEK293H,20,384,8.09E-07,1.53E-07,3.46E-05,0.00444689
5519,PBDE 47,5436-43-1,HEK293H,20,384,1.93E-06,1.39E-08,3.55E-05,0.000394295
5520,PBDE 99,60348-60-9,HEK293H,20,384,2.20E-06,4.82E-09,3.60E-05,0.000134415
5521,PBDE 153,68631-49-2,HEK293H,20,384,2.40E-06,1.35E-09,3.66E-05,3.72138E-05
5522,amiodarone,1951-25-3,HEK293H,20,384,2.30E-06,2.81E-09,3.63E-05,7.77179E-05
5523,PFBS,375-73-5,HEK293H,20,384,3.03E-08,3.25E-05,3.38E-05,0.964767737
5524,4:2 FTS,757124-72-4,HEK293H,20,384,4.18E-08,2.96E-05,3.19E-05,0.932228803
5525,PFNA,375-95-1,HEK293H,20,384,1.36E-06,5.52E-08,3.46E-05,1.60E-03
5526,PFHxA,307-24-4,HEK293H,20,384,3.20E-07,1.02E-06,3.32E-05,0.030825612
5527,PFBA,375-22-4,HEK293H,20,384,3.90E-08,2.96E-05,3.17E-05,0.938507691
5528,PFOA,335-67-1,HEK293H,20,384,3.14E-07,1.18E-06,3.24E-05,0.036437597
5529,6:2 FTS,27619-97-2,HEK293H,20,384,1.89E-07,1.04E-05,2.62E-05,0.399288606
5530,8:2 FTS,39108-34-4,HEK293H,20,384,3.18E-07,1.06E-06,3.30E-05,0.03233767
5531,PFUnDA,2058-94-8,HEK293H,20,384,2.12E-07,1.72E-07,3.98E-05,0.004338169
5532,PFOS,1763-23-1,HEK293H,20,384,2.12E-07,1.72E-07,3.98E-05,0.004338169
5533,PFHpA,375-85-9,HEK293H,20,384,2.65E-07,4.02E-06,2.83E-05,0.142795717
5534,PFPeA,2706-90-3,HEK293H,20,384,8.89E-08,2.09E-05,2.73E-05,0.769207526
5535,PFHxS,355-46-4,HEK293H,20,384,1.47E-07,1.47E-05,2.64E-05,0.558469072
5536,PFDA,335-76-2,HEK293H,20,384,4.09E-07,1.16E-07,3.96E-05,0.002941431
5537,Azathioprine,446-86-6,HEK293H,20,384,1.48E-08,3.88E-05,3.88E-05,1.002602793
5538,Benzocaine,94-09-7,HEK293H,20,384,4.84E-08,2.86E-05,3.15E-05,0.914027016
5539,Butylated hydroxyanisole,25013-16-5,HEK293H,20,384,2.58E-07,5.05E-06,2.83E-05,0.179388945
5540,Cetirizine dihydrochloride,83881-52-1,HEK293H,20,384,1.68E-08,3.73E-05,3.75E-05,0.998022052
5541,Cyclamate,139-05-9,HEK293H,20,384,1.43E-08,3.95E-05,3.95E-05,1.003668093
5542,Cyclophosphamide,6055-19-2,HEK293H,20,384,1.67E-08,3.73E-05,3.76E-05,0.998302548
5543,Cypermethrin,67375-30-8,HEK293H,20,384,1.80E-06,2.03E-08,3.52E-05,0.000577277
5544,DEET,134-62-3,HEK293H,20,384,7.59E-08,2.40E-05,2.91E-05,0.825481961
5545,Dexamethasone,50-02-2,HEK293H,20,384,5.26E-08,2.79E-05,3.10E-05,0.901191512
5546,Digoxin,20830-75-5,HEK293H,20,384,2.37E-08,3.45E-05,3.53E-05,0.981824932
5547,Fenazaquin,120928-09-8,HEK293H,20,384,8.87E-07,1.33E-07,3.45E-05,0.003864529
5548,Fenbuconazole,114369-43-6,HEK293H,20,384,2.32E-07,7.05E-06,2.73E-05,0.259022637
5549,Fluazinam,79622-59-6,HEK293H,20,384,3.12E-07,1.55E-06,3.21E-05,0.048411384
5550,Furosemide,54-31-9,HEK293H,20,384,1.74E-08,3.58E-05,4.00E-05,0.898413107
5551,Glybenclamide,10238-21-8,HEK293H,20,384,4.47E-07,3.13E-07,3.50E-05,0.008975314
5552,HC Red 3,2871-01-4,HEK293H,20,384,1.48E-08,3.87E-05,3.88E-05,1.002502993
5553,Hydralazine hydrochloride,304-20-1,HEK293H,20,384,1.69E-08,3.72E-05,3.75E-05,0.997876614
5554,Ketoconazole,65277-42-1,HEK293H,20,384,3.25E-07,7.30E-07,3.41E-05,0.021478127
5555,Metformin,1115-70-4,HEK293H,20,384,1.43E-08,3.96E-05,3.97E-05,1.003791247
5556,Metoclopramide,364-62-5,HEK293H,20,384,1.34E-07,1.64E-05,2.68E-05,0.61253856
5557,Nitrofurantoin,67-20-9,HEK293H,20,384,1.44E-08,3.94E-05,3.94E-05,1.003588402
5558,Oxytetracycline hydrochloride,2058-46-0,HEK293H,20,384,1.43E-08,3.98E-05,3.98E-05,1.003889191
5559,Panthenol,16485-10-2 ,HEK293H,20,384,1.43E-08,3.97E-05,3.97E-05,1.003798496
5560,Paracetamol,103-90-2,HEK293H,20,384,1.56E-08,3.80E-05,3.82E-05,1.000752536
5561,Topiramate,97240-79-4,HEK293H,20,384,1.43E-08,3.98E-05,3.98E-05,1.00387924
5562,Trimellitic anhydride,552-30-7,HEK293H,20,384,2.91E-08,3.30E-05,3.42E-05,0.968303269
5563,Verapamil hydrochloride,152-11-4,HEK293H,20,384,3.27E-07,5.43E-07,3.48E-05,0.015665077
5564,Warfarin,129-06-6,HEK293H,20,384,1.13E-07,1.88E-05,2.74E-05,0.69115041
