,Chemical,CAS,Cell.type,FBS,Well,Q_cells,Q_media_free,Q_media,F_free_media,IOC,pKa
1,Caffeine,58-08-2,Rat cerebellar granule cell,2,96,1.65E-08,0.000149968,0.000149977,0.999785,N,
2,Lamotrigine,84057-84-1,Rat cerebellar granule cell,2,96,5.22E-06,0.000136694,0.000142525,0.911291,B,6.6
3,Diclofenac,15307-79-6,Rat cerebellar granule cell,2,96,1.62E-07,0.000149739,0.0001498,0.998262,B,17.6
4,"2,4-Dichlorophenoxyacetic",94-75-7,Rat cerebellar granule cell,2,96,1.27E-10,0.000135739,0.000146174,0.904926,A,2.7
5,(S)-Naproxen,22204-53-1,Rat cerebellar granule cell,2,96,1.41E-08,0.000119283,0.000142302,0.795219,A,4.4
6,Ibuprofen,15687-27-1,Rat cerebellar granule cell,2,96,4.38E-07,7.56E-05,0.000132926,0.504036,A,5.4
7,Torasemide,56211-40-6,Rat cerebellar granule cell,2,96,5.80E-09,0.000106526,0.000139505,0.710171,A,4
8,Warfarin,81-81-2,Rat cerebellar granule cell,2,96,7.48E-09,0.000138815,0.000146932,0.925435,A,4.5
9,di-n-butylphthalate,84-74-2,Rat cerebellar granule cell,2,96,5.11E-05,1.05E-05,8.24E-05,0.0699544,N,
10,hexachlorophene,70-30-4,Rat cerebellar granule cell,2,96,2.27E-05,9.41E-08,2.46E-05,0.000627269,A,6.2
11,hexamethylenetetramine,100-97-0,Rat cerebellar granule cell,2,96,3.31E-09,0.000149811,0.000149811,0.998739,B,6.4
12,Malathion,121-75-5,Rat cerebellar granule cell,2,96,3.87E-06,0.0001411,0.000144678,0.940668,N,
13,pentachlorophenol,87-86-5,Rat cerebellar granule cell,2,96,4.18E-07,7.99E-06,0.000110378,0.0532674,A,5
14,"2,2,2-trichloroethanol",115-20-8,Rat cerebellar granule cell,2,96,4.69E-07,0.000148737,0.0001491,0.991577,N,
15,diethylphthalate,84-66-2,Rat cerebellar granule cell,2,96,4.59E-06,0.000139374,0.000143687,0.929162,N,
16,4-chlorophenol,106-48-9,Rat cerebellar granule cell,2,96,4.12E-06,0.00014048,0.000144318,0.936531,N,
17,permethrin,52645-53-1,Rat cerebellar granule cell,2,96,0.000103426,2.74E-07,1.73E-05,0.0018237,N,
18,Aniline,62-53-3,Rat cerebellar granule cell,2,96,1.43E-07,0.000149668,0.000149769,0.997789,N,
19,4-fluoroaniline,371-40-4,Rat cerebellar granule cell,2,96,2.54E-07,0.000149401,0.000149587,0.996005,N,
20,"2,4,6-trichlorophenol",88-06-2,Rat cerebellar granule cell,2,96,8.75E-06,7.48E-05,0.000126186,0.498599,A,6.8
21,Allyl alcohol,107-18-6,Rat cerebellar granule cell,2,96,2.77E-08,0.000149783,0.000149799,0.998552,N,
22,N-methylaniline,100-61-8,Rat cerebellar granule cell,2,96,8.10E-07,0.000148007,0.000148665,0.986713,N,
23,"3,4-dichloroaniline",95-76-1,Rat cerebellar granule cell,2,96,7.72E-06,0.000131828,0.000139427,0.878851,N,
24,4-decylaniline,37529-30-9,Rat cerebellar granule cell,2,96,0.000101044,4.05E-07,2.00E-05,0.00269669,N,
25,naphthalene,91-20-3,Rat cerebellar granule cell,2,96,2.24E-05,9.38E-05,0.000118432,0.625109,N,
26,"1,2,4-trichlorobenzene",120-82-1,Rat cerebellar granule cell,2,96,3.85E-05,3.29E-05,8.12E-05,0.219553,N,
27,"1,2-dichlorobenzene",95-50-1,Rat cerebellar granule cell,2,96,2.22E-05,6.91E-05,9.42E-05,0.460437,N,
28,dichloromethane,75-09-2,Rat cerebellar granule cell,2,96,2.59E-07,0.000121442,0.000121636,0.809613,N,
29,tetrachloroethylene,127-18-4,Rat cerebellar granule cell,2,96,1.60E-05,5.32E-05,7.11E-05,0.354434,N,
30,"2,3-dimethyl-1,3-butadiene",513-81-5,Rat cerebellar granule cell,2,96,6.35E-07,4.52E-06,5.19E-06,0.0301522,N,
31,Eugenol F,97-53-0,Rat cerebellar granule cell,2,96,3.18E-06,0.000142717,0.00014561,0.951446,N,
32,Methyl-antranilate,134-20-3,Rat cerebellar granule cell,2,96,1.33E-06,0.000147017,0.000148146,0.980112,N,
33,Lilyfore,285977-85-7,Rat cerebellar granule cell,2,96,2.07E-05,9.95E-05,0.000122006,0.663128,N,
34,Damascone beta,23726-91-2,Rat cerebellar granule cell,2,96,4.86E-05,2.08E-05,8.52E-05,0.1389,N,
35,Veloutone,14595-54-1,Rat cerebellar granule cell,2,96,7.42E-05,3.26E-06,5.30E-05,0.0217059,N,
36,Verdox,82356-51-2,Rat cerebellar granule cell,2,96,0.000102806,3.05E-07,1.80E-05,0.00203396,N,
37,Nirvanol,1506-02-1,Rat cerebellar granule cell,2,96,8.80E-05,1.47E-06,3.57E-05,0.00979231,N,
38,Cetalox,3738-00-9,Rat cerebellar granule cell,2,96,7.84E-05,2.61E-06,4.74E-05,0.0174039,N,
39,Tonalide,21145-77-7,Rat cerebellar granule cell,2,96,8.80E-05,1.47E-06,3.57E-05,0.00979231,N,
40,"2,4-Dinitrophenol",51-28-5,Rat cerebellar granule cell,2,96,4.72E-10,0.000148998,0.00014967,0.993322,A,4.1
41,Aldrin,309-00-2,Rat cerebellar granule cell,2,96,0.000103412,2.74E-07,1.73E-05,0.00182345,N,
42,Azinphos-methyl,86-50-0,Rat cerebellar granule cell,2,96,8.70E-06,0.000129441,0.000138105,0.862942,N,
43,Chlorpyrifos,2921-88-2,Rat cerebellar granule cell,2,96,6.14E-05,5.63E-06,6.93E-05,0.0375092,N,
44,"DDD-p,p'",50-29-3,Rat cerebellar granule cell,2,96,0.000107192,1.10E-07,1.33E-05,0.00073533,N,
45,"DDT-o,p'",789-02-6,Rat cerebellar granule cell,2,96,0.00010411,2.40E-07,1.65E-05,0.00159887,N,
46,"DDT-p,p'",72-54-8,Rat cerebellar granule cell,2,96,9.77E-05,6.20E-07,2.39E-05,0.00413386,N,
47,Diazinon,333-41-5,Rat cerebellar granule cell,2,96,3.90E-05,5.05E-05,9.77E-05,0.336587,N,
48,Dicofol,115-32-2,Rat cerebellar granule cell,2,96,6.39E-05,5.10E-06,6.61E-05,0.0340032,N,
49,Dieldrin,60-57-1,Rat cerebellar granule cell,2,96,6.79E-05,4.31E-06,6.09E-05,0.0287388,N,
50,Disulfoton,298-04-4,Rat cerebellar granule cell,2,96,4.42E-05,3.53E-05,9.10E-05,0.235243,N,
51,Endosulfan I,115-29-7,Rat cerebellar granule cell,2,96,3.95E-05,4.89E-05,9.70E-05,0.326032,N,
52,Endrin,72-20-8,Rat cerebellar granule cell,2,96,7.96E-05,2.47E-06,4.62E-05,0.0164859,N,
53,Ethion,563-12-2,Rat cerebellar granule cell,2,96,6.59E-05,4.69E-06,6.35E-05,0.0312828,N,
54,Heptachlor,76-44-8,Rat cerebellar granule cell,2,96,9.74E-05,6.47E-07,2.43E-05,0.00431206,N,
55,Heptachlor epoxide B,1024-57-3,Rat cerebellar granule cell,2,96,6.22E-05,5.45E-06,6.83E-05,0.0363108,N,
56,Lindane,58-89-9,Rat cerebellar granule cell,2,96,3.63E-05,5.79E-05,0.000101189,0.385895,N,
57,"Methoxychlor-o,p'",72-43-5,Rat cerebellar granule cell,2,96,6.63E-05,4.61E-06,6.30E-05,0.0307601,N,
58,Parathion,56-38-2,Rat cerebellar granule cell,2,96,3.95E-05,4.89E-05,9.70E-05,0.326036,N,
59,Trifluralin,1582-09-8,Rat cerebellar granule cell,2,96,7.64E-05,2.92E-06,5.02E-05,0.01947,N,
60,Cisapride,81098-60-4,Rat cerebellar granule cell,2,96,9.85E-06,9.06E-05,0.000128483,0.604019,B,7.8
61,Citalopram hydrobromide,59729-33-8,Rat cerebellar granule cell,2,96,1.94E-05,0.000102602,0.000123646,0.684015,N,
62,Dofetilide,115256-11-6,Rat cerebellar granule cell,2,96,3.12E-07,0.000145972,0.000148579,0.973149,B,8.4
63,Moxifloxacin hydrochloride,186826-86-8,Rat cerebellar granule cell,2,96,9.79E-09,0.000149715,0.000149891,0.9981,A,6
64,N-acetylpro-cainamide,32795-44-1,Rat cerebellar granule cell,2,96,1.40E-08,0.000149675,0.000149875,0.997836,B,9.2
65,Quinidine sulfate,50-54-4,Rat cerebellar granule cell,2,96,7.41E-07,0.000115841,0.000140971,0.772275,B,9.3
66,Sematilide,101526-83-4,Rat cerebellar granule cell,2,96,1.28E-08,0.000149731,0.000149895,0.998207,B,9.1
67,Sotalol hydrochloride,959-24-0,Rat cerebellar granule cell,2,96,5.32E-09,0.000149962,0.000149981,0.999749,B,9
68,Mifepristone,84371-65-3,Rat cerebellar granule cell,2,96,5.78E-05,6.42E-06,7.38E-05,0.0428127,N,
69,Perfluorobutanesulfonic_acid,375-73-5,Rat cerebellar granule cell,2,96,7.94E-11,0.000149333,0.000149774,0.995553,A,-2.9
70,4_2_Fluorotelomer_sulfonic_acid,757124-72-4,Rat cerebellar granule cell,2,96,7.92E-11,0.000148759,0.000149598,0.991726,A,1.4
71,Perfluorononanoic_acid,375-95-1,Rat cerebellar granule cell,2,96,3.27E-11,2.04E-06,6.66E-05,0.0135801,A,0.1
72,Perfluorohexanoic_acid,307-24-4,Rat cerebellar granule cell,2,96,2.72E-11,3.69E-05,0.000126829,0.245736,A,0.1
73,Perfluorobutanoic_acid,375-22-4,Rat cerebellar granule cell,2,96,7.90E-11,0.000148872,0.000149632,0.992479,A,0.1
74,Perfluorooctanoic_acid,335-67-1,Rat cerebellar granule cell,2,96,2.96E-11,4.18E-05,0.000127526,0.278682,A,0.1
75,6_2_Fluorotelomer_sulfonic_acid,27619-97-2,Rat cerebellar granule cell,2,96,7.66E-11,0.000129898,0.000144765,0.865986,A,1.4
76,8_2_Fluorotelomer_sulfonic_acid,39108-34-4,Rat cerebellar granule cell,2,96,5.79E-11,3.82E-05,0.000127017,0.254876,A,1.4
77,Perfluoroundecanoic_acid,2058-94-8,Rat cerebellar granule cell,2,96,3.06E-11,2.49E-06,7.21E-05,0.0165771,A,0.1
78,Perfluorooctanesulfonic_acid,1763-23-1,Rat cerebellar granule cell,2,96,1.36E-12,2.49E-06,7.21E-05,0.0165771,A,-2.9
79,Perfluoroheptanoic_acid,375-85-9,Rat cerebellar granule cell,2,96,5.38E-11,9.36E-05,0.000136818,0.624332,A,0.1
80,Perfluoropentanoic_acid,2706-90-3,Rat cerebellar granule cell,2,96,7.74E-11,0.000145327,0.000148629,0.968846,A,0.1
81,Perfluorohexanesulfonic_acid,355-46-4,Rat cerebellar granule cell,2,96,7.37E-11,0.000138569,0.000146876,0.923797,A,-2.9
82,Perfluorodecanoic_acid,335-76-2,Rat cerebellar granule cell,2,96,3.82E-11,1.13E-06,5.29E-05,0.00756489,A,0.1
83,cyclosporine A,59865-13-3,Rat cerebellar granule cell,2,96,1.21E-05,0.000121195,0.000133579,0.80797,N,
84,chlorpromazine,50-53-3,Rat cerebellar granule cell,2,96,4.88E-06,5.37E-06,9.48E-05,0.0357725,B,9.4
85,PBDE 47,5436-43-1,Rat cerebellar granule cell,2,96,0.000106452,1.38E-07,1.41E-05,0.000919337,N,
86,PBDE 99,60348-60-9,Rat cerebellar granule cell,2,96,0.000109336,4.38E-08,1.14E-05,0.000291801,N,
87,PBDE 153,68631-49-2,Rat cerebellar granule cell,2,96,0.000110747,1.17E-08,1.08E-05,7.77E-05,N,
88,amiodarone,1951-25-3,Rat cerebellar granule cell,2,96,1.73E-05,9.21E-08,2.52E-05,0.000613944,B,9
89,Azathioprine,446-86-6,Rat cerebellar granule cell,2,96,2.06E-08,0.000149956,0.000149969,0.999705,A,8.2
90,Benzocaine,94-09-7,Rat cerebellar granule cell,2,96,1.28E-06,0.000147152,0.000148227,0.981011,N,
91,Butylated hydroxyanisole,25013-16-5,Rat cerebellar granule cell,2,96,2.65E-05,8.43E-05,0.000114201,0.562038,N,
92,Cetirizine dihydrochloride,83881-52-1,Rat cerebellar granule cell,2,96,5.63E-10,0.000149897,0.00014996,0.999316,A,4.7
93,Cyclamate,139-05-9,Rat cerebellar granule cell,2,96,1.62E-07,0.000149833,0.000149835,0.998886,B,17.6
94,Cyclophosphamide,6055-19-2,Rat cerebellar granule cell,2,96,8.63E-08,0.000149816,0.000149876,0.998773,B,6.1
95,Cypermethrin,67375-30-8,Rat cerebellar granule cell,2,96,0.000104743,2.10E-07,1.59E-05,0.00140103,N,
96,DEET,134-62-3,Rat cerebellar granule cell,2,96,2.61E-06,0.000144063,0.000146397,0.96042,N,
97,Dexamethasone,50-02-2,Rat cerebellar granule cell,2,96,1.46E-06,0.000146728,0.000147973,0.978188,N,
98,Digoxin,20830-75-5,Rat cerebellar granule cell,2,96,3.26E-07,0.000149297,0.000149542,0.995312,N,
99,Fenazaquin,120928-09-8,Rat cerebellar granule cell,2,96,8.23E-05,2.13E-06,4.28E-05,0.0141742,N,
100,Fenbuconazole,114369-43-6,Rat cerebellar granule cell,2,96,2.04E-05,0.000100262,0.00012242,0.668416,N,
101,Fluazinam,79622-59-6,Rat cerebellar granule cell,2,96,4.40E-05,3.59E-05,9.13E-05,0.239556,N,
102,Furosemide,54-31-9,Rat cerebellar granule cell,2,96,1.18E-10,0.000147641,0.000149271,0.98427,A,3
103,Glybenclamide,10238-21-8,Rat cerebellar granule cell,2,96,3.05E-07,1.09E-05,0.000120516,0.0724588,A,5
104,HC Red 3,2871-01-4,Rat cerebellar granule cell,2,96,2.54E-08,0.000149949,0.000149964,0.999661,N,
105,Hydralazine hydrochloride,304-20-1,Rat cerebellar granule cell,2,96,9.32E-08,0.000149802,0.000149867,0.998679,B,6
106,Ketoconazole,65277-42-1,Rat cerebellar granule cell,2,96,4.45E-05,1.93E-05,8.85E-05,0.128913,B,6.6
107,Metformin,1115-70-4,Rat cerebellar granule cell,2,96,7.04E-09,0.000149991,0.000149992,0.999937,B,9.6
108,Metoclopramide,364-62-5,Rat cerebellar granule cell,2,96,2.99E-07,0.000140384,0.000147112,0.935893,B,9
109,Nitrofurantoin,67-20-9,Rat cerebellar granule cell,2,96,3.72E-09,0.00014999,0.000149993,0.999935,A,7.3
110,Oxytetracycline hydrochloride,2058-46-0,Rat cerebellar granule cell,2,96,3.65E-10,0.000149999,0.000149999,0.999994,A,4.5
111,Panthenol,16485-10-2 ,Rat cerebellar granule cell,2,96,3.49E-09,0.000149994,0.000149995,0.999962,N,
112,Paracetamol,103-90-2,Rat cerebellar granule cell,2,96,5.29E-08,0.000149891,0.000149925,0.999275,N,
113,Topiramate,97240-79-4,Rat cerebellar granule cell,2,96,1.92E-09,0.000149997,0.000149998,0.999983,A,9.2
114,Trimellitic anhydride,552-30-7,Rat cerebellar granule cell,2,96,1.33E-10,0.000149394,0.000149793,0.995959,A,3.3
115,Verapamil hydrochloride,152-11-4,Rat cerebellar granule cell,2,96,2.58E-06,2.08E-05,0.000122938,0.13894,B,9.2
116,Warfarin,129-06-6,Rat cerebellar granule cell,2,96,5.00E-06,0.000138403,0.000143135,0.92269,N,
117,Caffeine,58-08-2,Balbc_3T3,2,96,2.24E-08,0.000149962,0.000149971,0.999745,N,
118,Lamotrigine,84057-84-1,Balbc_3T3,2,96,6.77E-07,0.000140984,0.000146998,0.939893,B,6.6
119,Diclofenac,15307-79-6,Balbc_3T3,2,96,2.72E-06,0.000147182,0.000147242,0.981215,B,17.6
120,"2,4-Dichlorophenoxyacetic",94-75-7,Balbc_3T3,2,96,1.40E-09,0.000135738,0.000146172,0.904918,A,2.7
121,(S)-Naproxen,22204-53-1,Balbc_3T3,2,96,6.21E-09,0.000119289,0.00014231,0.795261,A,4.4
122,Ibuprofen,15687-27-1,Balbc_3T3,2,96,5.77E-08,7.58E-05,0.000133265,0.505318,A,5.4
123,Torasemide,56211-40-6,Balbc_3T3,2,96,3.50E-09,0.000106527,0.000139507,0.710182,A,4
124,Warfarin,81-81-2,Balbc_3T3,2,96,6.60E-09,0.000138816,0.000146933,0.925441,A,4.5
125,di-n-butylphthalate,84-74-2,Balbc_3T3,2,96,8.72E-06,1.50E-05,0.000117737,0.0999421,N,
126,hexachlorophene,70-30-4,Balbc_3T3,2,96,3.23E-06,1.08E-07,2.83E-05,0.000723199,A,6.2
127,hexamethylenetetramine,100-97-0,Balbc_3T3,2,96,4.17E-08,0.000149773,0.000149773,0.998483,B,6.4
128,Malathion,121-75-5,Balbc_3T3,2,96,4.86E-07,0.000144364,0.000148025,0.962426,N,
129,pentachlorophenol,87-86-5,Balbc_3T3,2,96,5.07E-08,8.01E-06,0.000110649,0.0533982,A,5
130,"2,2,2-trichloroethanol",115-20-8,Balbc_3T3,2,96,7.55E-08,0.000149128,0.000149493,0.994186,N,
131,diethylphthalate,84-66-2,Balbc_3T3,2,96,5.76E-07,0.000143223,0.000147655,0.954818,N,
132,4-chlorophenol,106-48-9,Balbc_3T3,2,96,5.18E-07,0.000143953,0.000147886,0.959684,N,
133,permethrin,52645-53-1,Balbc_3T3,2,96,3.19E-05,6.94E-07,4.39E-05,0.00462518,N,
134,Aniline,62-53-3,Balbc_3T3,2,96,3.72E-08,0.000149774,0.000149875,0.998496,N,
135,4-fluoroaniline,371-40-4,Balbc_3T3,2,96,5.02E-08,0.000149604,0.00014979,0.997357,N,
136,"2,4,6-trichlorophenol",88-06-2,Balbc_3T3,2,96,1.10E-06,7.88E-05,0.000133014,0.525582,A,6.8
137,Allyl alcohol,107-18-6,Balbc_3T3,2,96,2.37E-08,0.000149787,0.000149803,0.998579,N,
138,N-methylaniline,100-61-8,Balbc_3T3,2,96,1.16E-07,0.000148696,0.000149356,0.991304,N,
139,"3,4-dichloroaniline",95-76-1,Balbc_3T3,2,96,9.73E-07,0.00013808,0.000146039,0.92053,N,
140,4-decylaniline,37529-30-9,Balbc_3T3,2,96,3.00E-05,9.91E-07,4.90E-05,0.00660833,N,
141,naphthalene,91-20-3,Balbc_3T3,2,96,3.06E-06,0.00010795,0.000136347,0.719668,N,
142,"1,2,4-trichlorobenzene",120-82-1,Balbc_3T3,2,96,5.91E-06,4.25E-05,0.00010488,0.283664,N,
143,"1,2-dichlorobenzene",95-50-1,Balbc_3T3,2,96,3.04E-06,7.94E-05,0.000108315,0.529579,N,
144,dichloromethane,75-09-2,Balbc_3T3,2,96,4.70E-08,0.000121614,0.000121809,0.810759,N,
145,tetrachloroethylene,127-18-4,Balbc_3T3,2,96,2.09E-06,5.87E-05,7.85E-05,0.391117,N,
146,"2,3-dimethyl-1,3-butadiene",513-81-5,Balbc_3T3,2,96,7.60E-08,4.54E-06,5.21E-06,0.0302649,N,
147,Eugenol F,97-53-0,Balbc_3T3,2,96,4.01E-07,0.000145417,0.000148364,0.969444,N,
148,Methyl-antranilate,134-20-3,Balbc_3T3,2,96,1.78E-07,0.00014816,0.000149298,0.987734,N,
149,Lilyfore,285977-85-7,Balbc_3T3,2,96,2.80E-06,0.000113212,0.000138863,0.754749,N,
150,Damascone beta,23726-91-2,Balbc_3T3,2,96,8.10E-06,2.91E-05,0.00011924,0.194329,N,
151,Veloutone,14595-54-1,Balbc_3T3,2,96,1.58E-05,5.76E-06,9.38E-05,0.0384281,N,
152,Verdox,82356-51-2,Balbc_3T3,2,96,3.14E-05,7.67E-07,4.52E-05,0.00511203,N,
153,Nirvanol,1506-02-1,Balbc_3T3,2,96,2.19E-05,3.04E-06,7.37E-05,0.0202355,N,
154,Cetalox,3738-00-9,Balbc_3T3,2,96,1.74E-05,4.83E-06,8.78E-05,0.0322226,N,
155,Tonalide,21145-77-7,Balbc_3T3,2,96,2.19E-05,3.04E-06,7.37E-05,0.0202355,N,
156,"2,4-Dinitrophenol",51-28-5,Balbc_3T3,2,96,4.39E-09,0.000148994,0.000149666,0.993297,A,4.1
157,Aldrin,309-00-2,Balbc_3T3,2,96,3.19E-05,6.94E-07,4.39E-05,0.00462359,N,
158,Azinphos-methyl,86-50-0,Balbc_3T3,2,96,1.10E-06,0.000136406,0.000145536,0.909375,N,
159,Chlorpyrifos,2921-88-2,Balbc_3T3,2,96,1.15E-05,8.79E-06,0.000108348,0.0586128,N,
160,"DDD-p,p'",50-29-3,Balbc_3T3,2,96,3.51E-05,2.96E-07,3.57E-05,0.00197296,N,
161,"DDT-o,p'",789-02-6,Balbc_3T3,2,96,3.24E-05,6.14E-07,4.24E-05,0.00409591,N,
162,"DDT-p,p'",72-54-8,Balbc_3T3,2,96,2.77E-05,1.45E-06,5.59E-05,0.00967437,N,
163,Diazinon,333-41-5,Balbc_3T3,2,96,6.01E-06,6.55E-05,0.000126764,0.436526,N,
164,Dicofol,115-32-2,Balbc_3T3,2,96,1.22E-05,8.16E-06,0.000105759,0.0543814,N,
165,Dieldrin,60-57-1,Balbc_3T3,2,96,1.35E-05,7.17E-06,0.000101283,0.0477922,N,
166,Disulfoton,298-04-4,Balbc_3T3,2,96,7.10E-06,4.77E-05,0.000122864,0.317672,N,
167,Endosulfan I,115-29-7,Balbc_3T3,2,96,6.12E-06,6.37E-05,0.000126354,0.424639,N,
168,Endrin,72-20-8,Balbc_3T3,2,96,1.79E-05,4.64E-06,8.66E-05,0.0309169,N,
169,Ethion,563-12-2,Balbc_3T3,2,96,1.29E-05,7.65E-06,0.000103544,0.0510149,N,
170,Heptachlor,76-44-8,Balbc_3T3,2,96,2.74E-05,1.51E-06,5.66E-05,0.0100402,N,
171,Heptachlor epoxide B,1024-57-3,Balbc_3T3,2,96,1.17E-05,8.58E-06,0.000107494,0.0571792,N,
172,Lindane,58-89-9,Balbc_3T3,2,96,5.49E-06,7.36E-05,0.000128635,0.490561,N,
173,"Methoxychlor-o,p'",72-43-5,Balbc_3T3,2,96,1.30E-05,7.55E-06,0.000103096,0.050359,N,
174,Parathion,56-38-2,Balbc_3T3,2,96,6.12E-06,6.37E-05,0.000126356,0.424645,N,
175,Trifluralin,1582-09-8,Balbc_3T3,2,96,1.66E-05,5.29E-06,9.09E-05,0.0352798,N,
176,Cisapride,81098-60-4,Balbc_3T3,2,96,1.27E-06,9.62E-05,0.000136351,0.641011,B,7.8
177,Citalopram hydrobromide,59729-33-8,Balbc_3T3,2,96,2.61E-06,0.000115829,0.000139586,0.772195,N,
178,Dofetilide,115256-11-6,Balbc_3T3,2,96,8.85E-08,0.00014619,0.000148801,0.974602,B,8.4
179,Moxifloxacin hydrochloride,186826-86-8,Balbc_3T3,2,96,1.51E-08,0.00014971,0.000149886,0.998064,A,6
180,N-acetylpro-cainamide,32795-44-1,Balbc_3T3,2,96,8.06E-08,0.000149609,0.000149809,0.997393,B,9.2
181,Quinidine sulfate,50-54-4,Balbc_3T3,2,96,1.55E-07,0.000116296,0.000141525,0.775308,B,9.3
182,Sematilide,101526-83-4,Balbc_3T3,2,96,7.44E-08,0.000149669,0.000149833,0.997797,B,9.1
183,Sotalol hydrochloride,959-24-0,Balbc_3T3,2,96,6.87E-08,0.000149899,0.000149918,0.999327,B,9
184,Mifepristone,84371-65-3,Balbc_3T3,2,96,1.05E-05,9.72E-06,0.000111801,0.0648185,N,
185,Perfluorobutanesulfonic_acid,375-73-5,Balbc_3T3,2,96,1.35E-09,0.000149332,0.000149773,0.995545,A,-2.9
186,4_2_Fluorotelomer_sulfonic_acid,757124-72-4,Balbc_3T3,2,96,1.34E-09,0.000148758,0.000149597,0.991717,A,1.4
187,Perfluorononanoic_acid,375-95-1,Balbc_3T3,2,96,2.22E-11,2.04E-06,6.66E-05,0.0135801,A,0.1
188,Perfluorohexanoic_acid,307-24-4,Balbc_3T3,2,96,3.34E-10,3.69E-05,0.000126829,0.245736,A,0.1
189,Perfluorobutanoic_acid,375-22-4,Balbc_3T3,2,96,1.34E-09,0.000148871,0.000149631,0.992471,A,0.1
190,Perfluorooctanoic_acid,335-67-1,Balbc_3T3,2,96,3.79E-10,4.18E-05,0.000127526,0.278681,A,0.1
191,6_2_Fluorotelomer_sulfonic_acid,27619-97-2,Balbc_3T3,2,96,1.17E-09,0.000129897,0.000144764,0.86598,A,1.4
192,8_2_Fluorotelomer_sulfonic_acid,39108-34-4,Balbc_3T3,2,96,3.49E-10,3.82E-05,0.000127017,0.254876,A,1.4
193,Perfluoroundecanoic_acid,2058-94-8,Balbc_3T3,2,96,2.60E-11,2.49E-06,7.21E-05,0.0165771,A,0.1
194,Perfluorooctanesulfonic_acid,1763-23-1,Balbc_3T3,2,96,2.25E-11,2.49E-06,7.21E-05,0.0165771,A,-2.9
195,Perfluoroheptanoic_acid,375-85-9,Balbc_3T3,2,96,8.47E-10,9.36E-05,0.000136817,0.624329,A,0.1
196,Perfluoropentanoic_acid,2706-90-3,Balbc_3T3,2,96,1.31E-09,0.000145326,0.000148627,0.968838,A,0.1
197,Perfluorohexanesulfonic_acid,355-46-4,Balbc_3T3,2,96,1.26E-09,0.000138568,0.000146875,0.923789,A,-2.9
198,Perfluorodecanoic_acid,335-76-2,Balbc_3T3,2,96,1.48E-11,1.13E-06,5.29E-05,0.0075649,A,0.1
199,cyclosporine A,59865-13-3,Balbc_3T3,2,96,1.55E-06,0.000130423,0.00014375,0.869489,N,
200,chlorpromazine,50-53-3,Balbc_3T3,2,96,6.07E-07,5.52E-06,9.76E-05,0.0368256,B,9.4
201,PBDE 47,5436-43-1,Balbc_3T3,2,96,3.45E-05,3.66E-07,3.73E-05,0.00243909,N,
202,PBDE 99,60348-60-9,Balbc_3T3,2,96,3.73E-05,1.21E-07,3.17E-05,0.000809046,N,
203,PBDE 153,68631-49-2,Balbc_3T3,2,96,3.89E-05,3.30E-08,3.06E-05,0.000220062,N,
204,amiodarone,1951-25-3,Balbc_3T3,2,96,2.37E-06,1.02E-07,2.80E-05,0.000682943,B,9
205,Azathioprine,446-86-6,Balbc_3T3,2,96,2.22E-08,0.000149954,0.000149968,0.999695,A,8.2
206,Benzocaine,94-09-7,Balbc_3T3,2,96,1.71E-07,0.000148244,0.000149328,0.988296,N,
207,Butylated hydroxyanisole,25013-16-5,Balbc_3T3,2,96,3.73E-06,9.99E-05,0.000135268,0.665719,N,
208,Cetirizine dihydrochloride,83881-52-1,Balbc_3T3,2,96,7.23E-09,0.000149891,0.000149954,0.999271,A,4.7
209,Cyclamate,139-05-9,Balbc_3T3,2,96,2.72E-06,0.000147273,0.000147275,0.981819,B,17.6
210,Cyclophosphamide,6055-19-2,Balbc_3T3,2,96,4.57E-08,0.000149857,0.000149917,0.999043,B,6.1
211,Cypermethrin,67375-30-8,Balbc_3T3,2,96,3.30E-05,5.43E-07,4.10E-05,0.00362293,N,
212,DEET,134-62-3,Balbc_3T3,2,96,3.32E-07,0.000146288,0.000148658,0.975254,N,
213,Dexamethasone,50-02-2,Balbc_3T3,2,96,1.93E-07,0.00014798,0.000149235,0.986531,N,
214,Digoxin,20830-75-5,Balbc_3T3,2,96,5.87E-08,0.000149563,0.000149809,0.99709,N,
215,Fenazaquin,120928-09-8,Balbc_3T3,2,96,1.91E-05,4.11E-06,8.27E-05,0.0273863,N,
216,Fenbuconazole,114369-43-6,Balbc_3T3,2,96,2.75E-06,0.000113879,0.000139047,0.759196,N,
217,Fluazinam,79622-59-6,Balbc_3T3,2,96,7.05E-06,4.84E-05,0.000123026,0.322949,N,
218,Furosemide,54-31-9,Balbc_3T3,2,96,1.72E-09,0.000147639,0.000149269,0.98426,A,3
219,Glybenclamide,10238-21-8,Balbc_3T3,2,96,3.72E-08,1.09E-05,0.000120732,0.0725885,A,5
220,HC Red 3,2871-01-4,Balbc_3T3,2,96,2.34E-08,0.000149951,0.000149966,0.999674,N,
221,Hydralazine hydrochloride,304-20-1,Balbc_3T3,2,96,4.46E-08,0.00014985,0.000149915,0.999002,B,6
222,Ketoconazole,65277-42-1,Balbc_3T3,2,96,7.18E-06,2.62E-05,0.000119819,0.174489,B,6.6
223,Metformin,1115-70-4,Balbc_3T3,2,96,1.19E-07,0.000149879,0.00014988,0.999192,B,9.6
224,Metoclopramide,364-62-5,Balbc_3T3,2,96,9.92E-08,0.000140572,0.000147309,0.937145,B,9
225,Nitrofurantoin,67-20-9,Balbc_3T3,2,96,1.80E-08,0.000149976,0.000149979,0.999839,A,7.3
226,Oxytetracycline hydrochloride,2058-46-0,Balbc_3T3,2,96,6.22E-09,0.000149993,0.000149994,0.999955,A,4.5
227,Panthenol,16485-10-2 ,Balbc_3T3,2,96,2.09E-08,0.000149977,0.000149978,0.999846,N,
228,Paracetamol,103-90-2,Balbc_3T3,2,96,2.66E-08,0.000149918,0.000149951,0.99945,N,
229,Topiramate,97240-79-4,Balbc_3T3,2,96,2.06E-08,0.000149979,0.000149979,0.999858,A,9.2
230,Trimellitic anhydride,552-30-7,Balbc_3T3,2,96,2.09E-09,0.000149392,0.000149791,0.995946,A,3.3
231,Verapamil hydrochloride,152-11-4,Balbc_3T3,2,96,3.23E-07,2.12E-05,0.000124818,0.141064,B,9.2
232,Warfarin,129-06-6,Balbc_3T3,2,96,6.26E-07,0.000142577,0.00014745,0.95051,N,
233,Caffeine,58-08-2,FishRtgut,2,96,9.58E-09,0.000149975,0.000149984,0.999831,N,
234,Lamotrigine,84057-84-1,FishRtgut,2,96,4.92E-08,0.000141577,0.000147616,0.943845,B,6.6
235,Diclofenac,15307-79-6,FishRtgut,2,96,1.27E-06,0.000148635,0.000148695,0.990898,B,17.6
236,"2,4-Dichlorophenoxyacetic",94-75-7,FishRtgut,2,96,6.46E-10,0.000135738,0.000146173,0.904923,A,2.7
237,(S)-Naproxen,22204-53-1,FishRtgut,2,96,2.18E-09,0.000119292,0.000142314,0.795283,A,4.4
238,Ibuprofen,15687-27-1,FishRtgut,2,96,5.23E-09,7.58E-05,0.000133311,0.505495,A,5.4
239,Torasemide,56211-40-6,FishRtgut,2,96,1.34E-09,0.000106529,0.000139509,0.710192,A,4
240,Warfarin,81-81-2,FishRtgut,2,96,2.69E-09,0.00013882,0.000146937,0.925465,A,4.5
241,di-n-butylphthalate,84-74-2,FishRtgut,2,96,5.01E-07,1.59E-05,0.000124584,0.105754,N,
242,hexachlorophene,70-30-4,FishRtgut,2,96,2.47E-07,1.11E-07,2.89E-05,0.000737879,A,6.2
243,hexamethylenetetramine,100-97-0,FishRtgut,2,96,1.92E-08,0.000149795,0.000149795,0.998633,B,6.4
244,Malathion,121-75-5,FishRtgut,2,96,3.06E-08,0.000144803,0.000148475,0.965355,N,
245,pentachlorophenol,87-86-5,FishRtgut,2,96,3.07E-09,8.01E-06,0.000110684,0.0534152,A,5
246,"2,2,2-trichloroethanol",115-20-8,FishRtgut,2,96,1.19E-08,0.000149191,0.000149556,0.994608,N,
247,diethylphthalate,84-66-2,FishRtgut,2,96,3.48E-08,0.000143741,0.000148189,0.958274,N,
248,4-chlorophenol,106-48-9,FishRtgut,2,96,3.21E-08,0.00014442,0.000148366,0.962801,N,
249,permethrin,52645-53-1,FishRtgut,2,96,2.62E-06,8.66E-07,5.48E-05,0.00577082,N,
250,Aniline,62-53-3,FishRtgut,2,96,1.02E-08,0.000149801,0.000149902,0.998676,N,
251,4-fluoroaniline,371-40-4,FishRtgut,2,96,1.08E-08,0.000149643,0.00014983,0.997619,N,
252,"2,4,6-trichlorophenol",88-06-2,FishRtgut,2,96,5.92E-08,7.94E-05,0.000133946,0.529263,A,6.8
253,Allyl alcohol,107-18-6,FishRtgut,2,96,9.62E-09,0.000149801,0.000149817,0.998673,N,
254,N-methylaniline,100-61-8,FishRtgut,2,96,1.36E-08,0.000148797,0.000149458,0.991981,N,
255,"3,4-dichloroaniline",95-76-1,FishRtgut,2,96,5.37E-08,0.000138931,0.00014694,0.926209,N,
256,4-decylaniline,37529-30-9,FishRtgut,2,96,2.39E-06,1.22E-06,6.03E-05,0.00813107,N,
257,naphthalene,91-20-3,FishRtgut,2,96,1.58E-07,0.000110084,0.000139042,0.733891,N,
258,"1,2,4-trichlorobenzene",120-82-1,FishRtgut,2,96,3.18E-07,4.42E-05,0.000108951,0.294677,N,
259,"1,2-dichlorobenzene",95-50-1,FishRtgut,2,96,1.57E-07,8.10E-05,0.000110437,0.539955,N,
260,dichloromethane,75-09-2,FishRtgut,2,96,9.02E-09,0.000121643,0.000121838,0.810954,N,
261,tetrachloroethylene,127-18-4,FishRtgut,2,96,1.08E-07,5.95E-05,7.95E-05,0.39636,N,
262,"2,3-dimethyl-1,3-butadiene",513-81-5,FishRtgut,2,96,3.90E-09,4.54E-06,5.22E-06,0.0302775,N,
263,Eugenol F,97-53-0,FishRtgut,2,96,2.67E-08,0.000145781,0.000148736,0.971871,N,
264,Methyl-antranilate,134-20-3,FishRtgut,2,96,1.64E-08,0.00014832,0.000149459,0.988802,N,
265,Lilyfore,285977-85-7,FishRtgut,2,96,1.45E-07,0.000115253,0.000141366,0.768355,N,
266,Damascone beta,23726-91-2,FishRtgut,2,96,4.51E-07,3.07E-05,0.000125663,0.204797,N,
267,Veloutone,14595-54-1,FishRtgut,2,96,1.01E-06,6.40E-06,0.000104109,0.0426501,N,
268,Verdox,82356-51-2,FishRtgut,2,96,2.56E-06,9.53E-07,5.62E-05,0.00635446,N,
269,Nirvanol,1506-02-1,FishRtgut,2,96,1.53E-06,3.52E-06,8.54E-05,0.0234553,N,
270,Cetalox,3738-00-9,FishRtgut,2,96,1.15E-06,5.43E-06,9.86E-05,0.0361831,N,
271,Tonalide,21145-77-7,FishRtgut,2,96,1.53E-06,3.52E-06,8.54E-05,0.0234553,N,
272,"2,4-Dinitrophenol",51-28-5,FishRtgut,2,96,2.02E-09,0.000148997,0.000149669,0.993312,A,4.1
273,Aldrin,309-00-2,FishRtgut,2,96,2.62E-06,8.65E-07,5.47E-05,0.00576834,N,
274,Azinphos-methyl,86-50-0,FishRtgut,2,96,5.99E-08,0.00013736,0.000146554,0.915734,N,
275,Chlorpyrifos,2921-88-2,FishRtgut,2,96,6.93E-07,9.48E-06,0.00011678,0.0631744,N,
276,"DDD-p,p'",50-29-3,FishRtgut,2,96,3.11E-06,3.78E-07,4.57E-05,0.00252307,N,
277,"DDT-o,p'",789-02-6,FishRtgut,2,96,2.70E-06,7.70E-07,5.31E-05,0.00513206,N,
278,"DDT-p,p'",72-54-8,FishRtgut,2,96,2.11E-06,1.75E-06,6.75E-05,0.0116962,N,
279,Diazinon,333-41-5,FishRtgut,2,96,3.20E-07,6.81E-05,0.000131772,0.453771,N,
280,Dicofol,115-32-2,FishRtgut,2,96,7.46E-07,8.84E-06,0.000114573,0.0589137,N,
281,Dieldrin,60-57-1,FishRtgut,2,96,8.42E-07,7.84E-06,0.000110709,0.0522397,N,
282,Disulfoton,298-04-4,FishRtgut,2,96,3.86E-07,4.99E-05,0.000128635,0.332592,N,
283,Endosulfan I,115-29-7,FishRtgut,2,96,3.27E-07,6.63E-05,0.000131443,0.441739,N,
284,Endrin,72-20-8,FishRtgut,2,96,1.19E-06,5.23E-06,9.76E-05,0.0348377,N,
285,Ethion,563-12-2,FishRtgut,2,96,7.93E-07,8.33E-06,0.000112669,0.0555104,N,
286,Heptachlor,76-44-8,FishRtgut,2,96,2.09E-06,1.82E-06,6.83E-05,0.0121157,N,
287,Heptachlor epoxide B,1024-57-3,FishRtgut,2,96,7.10E-07,9.26E-06,0.000116055,0.0617329,N,
288,Lindane,58-89-9,FishRtgut,2,96,2.90E-07,7.62E-05,0.000133261,0.508203,N,
289,"Methoxychlor-o,p'",72-43-5,FishRtgut,2,96,8.03E-07,8.23E-06,0.000112281,0.0548457,N,
290,Parathion,56-38-2,FishRtgut,2,96,3.27E-07,6.63E-05,0.000131445,0.441746,N,
291,Trifluralin,1582-09-8,FishRtgut,2,96,1.08E-06,5.91E-06,0.000101525,0.0393906,N,
292,Cisapride,81098-60-4,FishRtgut,2,96,7.68E-08,9.69E-05,0.000137446,0.646159,B,7.8
293,Citalopram hydrobromide,59729-33-8,FishRtgut,2,96,1.35E-07,0.000117776,0.000141932,0.785172,N,
294,Dofetilide,115256-11-6,FishRtgut,2,96,2.57E-08,0.000146252,0.000148863,0.97501,B,8.4
295,Moxifloxacin hydrochloride,186826-86-8,FishRtgut,2,96,6.52E-09,0.000149718,0.000149894,0.998121,A,6
296,N-acetylpro-cainamide,32795-44-1,FishRtgut,2,96,3.67E-08,0.000149653,0.000149852,0.997685,B,9.2
297,Quinidine sulfate,50-54-4,FishRtgut,2,96,3.54E-08,0.000116389,0.000141638,0.775928,B,9.3
298,Sematilide,101526-83-4,FishRtgut,2,96,3.39E-08,0.00014971,0.000149873,0.998066,B,9.1
299,Sotalol hydrochloride,959-24-0,FishRtgut,2,96,3.16E-08,0.000149936,0.000149955,0.999574,B,9
300,Mifepristone,84371-65-3,FishRtgut,2,96,6.24E-07,1.04E-05,0.000119695,0.0693949,N,
301,Perfluorobutanesulfonic_acid,375-73-5,FishRtgut,2,96,6.24E-10,0.000149332,0.000149774,0.99555,A,-2.9
302,4_2_Fluorotelomer_sulfonic_acid,757124-72-4,FishRtgut,2,96,6.18E-10,0.000148758,0.000149598,0.991722,A,1.4
303,Perfluorononanoic_acid,375-95-1,FishRtgut,2,96,8.73E-12,2.04E-06,6.66E-05,0.0135801,A,0.1
304,Perfluorohexanoic_acid,307-24-4,FishRtgut,2,96,1.54E-10,3.69E-05,0.000126829,0.245736,A,0.1
305,Perfluorobutanoic_acid,375-22-4,FishRtgut,2,96,6.20E-10,0.000148871,0.000149632,0.992475,A,0.1
306,Perfluorooctanoic_acid,335-67-1,FishRtgut,2,96,1.74E-10,4.18E-05,0.000127526,0.278681,A,0.1
307,6_2_Fluorotelomer_sulfonic_acid,27619-97-2,FishRtgut,2,96,5.40E-10,0.000129898,0.000144765,0.865983,A,1.4
308,8_2_Fluorotelomer_sulfonic_acid,39108-34-4,FishRtgut,2,96,1.59E-10,3.82E-05,0.000127017,0.254876,A,1.4
309,Perfluoroundecanoic_acid,2058-94-8,FishRtgut,2,96,1.06E-11,2.49E-06,7.21E-05,0.0165771,A,0.1
310,Perfluorooctanesulfonic_acid,1763-23-1,FishRtgut,2,96,1.04E-11,2.49E-06,7.21E-05,0.0165771,A,-2.9
311,Perfluoroheptanoic_acid,375-85-9,FishRtgut,2,96,3.90E-10,9.36E-05,0.000136817,0.624331,A,0.1
312,Perfluoropentanoic_acid,2706-90-3,FishRtgut,2,96,6.06E-10,0.000145326,0.000148628,0.968843,A,0.1
313,Perfluorohexanesulfonic_acid,355-46-4,FishRtgut,2,96,5.79E-10,0.000138569,0.000146875,0.923793,A,-2.9
314,Perfluorodecanoic_acid,335-76-2,FishRtgut,2,96,5.03E-12,1.13E-06,5.29E-05,0.0075649,A,0.1
315,cyclosporine A,59865-13-3,FishRtgut,2,96,8.18E-08,0.000131713,0.000145171,0.878088,N,
316,chlorpromazine,50-53-3,FishRtgut,2,96,3.71E-08,5.54E-06,9.80E-05,0.036966,B,9.4
317,PBDE 47,5436-43-1,FishRtgut,2,96,3.00E-06,4.65E-07,4.75E-05,0.00310324,N,
318,PBDE 99,60348-60-9,FishRtgut,2,96,3.53E-06,1.58E-07,4.12E-05,0.00105104,N,
319,PBDE 153,68631-49-2,FishRtgut,2,96,4.03E-06,4.34E-08,4.02E-05,0.000289102,N,
320,amiodarone,1951-25-3,FishRtgut,2,96,1.82E-07,1.04E-07,2.84E-05,0.000693079,B,9
321,Azathioprine,446-86-6,FishRtgut,2,96,9.27E-09,0.000149967,0.000149981,0.999781,A,8.2
322,Benzocaine,94-09-7,FishRtgut,2,96,1.61E-08,0.000148398,0.000149482,0.98932,N,
323,Butylated hydroxyanisole,25013-16-5,FishRtgut,2,96,1.94E-07,0.000102274,0.00013854,0.681826,N,
324,Cetirizine dihydrochloride,83881-52-1,FishRtgut,2,96,3.33E-09,0.000149895,0.000149957,0.999297,A,4.7
325,Cyclamate,139-05-9,FishRtgut,2,96,1.27E-06,0.000148727,0.000148729,0.991513,B,17.6
326,Cyclophosphamide,6055-19-2,FishRtgut,2,96,1.69E-08,0.000149885,0.000149946,0.999235,B,6.1
327,Cypermethrin,67375-30-8,FishRtgut,2,96,2.78E-06,6.84E-07,5.16E-05,0.00455765,N,
328,DEET,134-62-3,FishRtgut,2,96,2.34E-08,0.000146589,0.000148965,0.977263,N,
329,Dexamethasone,50-02-2,FishRtgut,2,96,1.71E-08,0.000148154,0.000149411,0.987692,N,
330,Digoxin,20830-75-5,FishRtgut,2,96,1.11E-08,0.000149611,0.000149857,0.997406,N,
331,Fenazaquin,120928-09-8,FishRtgut,2,96,1.28E-06,4.67E-06,9.40E-05,0.0311167,N,
332,Fenbuconazole,114369-43-6,FishRtgut,2,96,1.42E-07,0.000115897,0.00014151,0.772647,N,
333,Fluazinam,79622-59-6,FishRtgut,2,96,3.83E-07,5.07E-05,0.000128764,0.338012,N,
334,Furosemide,54-31-9,FishRtgut,2,96,7.90E-10,0.00014764,0.00014927,0.984266,A,3
335,Glybenclamide,10238-21-8,FishRtgut,2,96,2.32E-09,1.09E-05,0.00012076,0.0726054,A,5
336,HC Red 3,2871-01-4,FishRtgut,2,96,9.62E-09,0.000149965,0.00014998,0.999766,N,
337,Hydralazine hydrochloride,304-20-1,FishRtgut,2,96,1.61E-08,0.000149879,0.000149944,0.999192,B,6
338,Ketoconazole,65277-42-1,FishRtgut,2,96,4.02E-07,2.74E-05,0.000125506,0.18277,B,6.6
339,Metformin,1115-70-4,FishRtgut,2,96,5.48E-08,0.000149943,0.000149944,0.999619,B,9.6
340,Metoclopramide,364-62-5,FishRtgut,2,96,3.13E-08,0.000140635,0.000147375,0.937569,B,9
341,Nitrofurantoin,67-20-9,FishRtgut,2,96,8.17E-09,0.000149986,0.000149989,0.999905,A,7.3
342,Oxytetracycline hydrochloride,2058-46-0,FishRtgut,2,96,2.87E-09,0.000149997,0.000149997,0.999978,A,4.5
343,Panthenol,16485-10-2 ,FishRtgut,2,96,9.51E-09,0.000149988,0.000149989,0.999922,N,
344,Paracetamol,103-90-2,FishRtgut,2,96,9.75E-09,0.000149934,0.000149968,0.999563,N,
345,Topiramate,97240-79-4,FishRtgut,2,96,9.47E-09,0.00014999,0.00014999,0.999932,A,9.2
346,Trimellitic anhydride,552-30-7,FishRtgut,2,96,9.63E-10,0.000149393,0.000149793,0.995953,A,3.3
347,Verapamil hydrochloride,152-11-4,FishRtgut,2,96,2.19E-08,2.12E-05,0.000125069,0.141348,B,9.2
348,Warfarin,129-06-6,FishRtgut,2,96,3.72E-08,0.000143139,0.000148032,0.95426,N,
349,Caffeine,58-08-2,FishRtgill,2,96,5.03E-09,0.000149979,0.000149988,0.999861,N,
350,Lamotrigine,84057-84-1,FishRtgill,2,96,2.58E-08,0.000141599,0.000147639,0.943992,B,6.6
351,Diclofenac,15307-79-6,FishRtgill,2,96,6.68E-07,0.000149234,0.000149294,0.994892,B,17.6
352,"2,4-Dichlorophenoxyacetic",94-75-7,FishRtgill,2,96,3.39E-10,0.000135739,0.000146173,0.904925,A,2.7
353,(S)-Naproxen,22204-53-1,FishRtgill,2,96,1.15E-09,0.000119293,0.000142315,0.795288,A,4.4
354,Ibuprofen,15687-27-1,FishRtgill,2,96,2.75E-09,7.58E-05,0.000133313,0.505504,A,5.4
355,Torasemide,56211-40-6,FishRtgill,2,96,7.04E-10,0.000106529,0.00013951,0.710195,A,4
356,Warfarin,81-81-2,FishRtgill,2,96,1.41E-09,0.000138821,0.000146938,0.925473,A,4.5
357,di-n-butylphthalate,84-74-2,FishRtgill,2,96,2.63E-07,1.59E-05,0.000124782,0.105922,N,
358,hexachlorophene,70-30-4,FishRtgill,2,96,1.30E-07,1.11E-07,2.89E-05,0.000738457,A,6.2
359,hexamethylenetetramine,100-97-0,FishRtgill,2,96,1.01E-08,0.000149804,0.000149805,0.998694,B,6.4
360,Malathion,121-75-5,FishRtgill,2,96,1.61E-08,0.000144817,0.00014849,0.965449,N,
361,pentachlorophenol,87-86-5,FishRtgill,2,96,1.61E-09,8.01E-06,0.000110685,0.0534157,A,5
362,"2,2,2-trichloroethanol",115-20-8,FishRtgill,2,96,6.22E-09,0.000149197,0.000149562,0.994646,N,
363,diethylphthalate,84-66-2,FishRtgill,2,96,1.83E-08,0.000143757,0.000148206,0.958379,N,
364,4-chlorophenol,106-48-9,FishRtgill,2,96,1.68E-08,0.000144435,0.000148381,0.962899,N,
365,permethrin,52645-53-1,FishRtgill,2,96,1.39E-06,8.73E-07,5.52E-05,0.00581918,N,
366,Aniline,62-53-3,FishRtgill,2,96,5.36E-09,0.000149806,0.000149907,0.998708,N,
367,4-fluoroaniline,371-40-4,FishRtgill,2,96,5.65E-09,0.000149648,0.000149835,0.997653,N,
368,"2,4,6-trichlorophenol",88-06-2,FishRtgill,2,96,3.11E-08,7.94E-05,0.000133971,0.529362,A,6.8
369,Allyl alcohol,107-18-6,FishRtgill,2,96,5.05E-09,0.000149805,0.000149822,0.998703,N,
370,N-methylaniline,100-61-8,FishRtgill,2,96,7.16E-09,0.000148804,0.000149465,0.992023,N,
371,"3,4-dichloroaniline",95-76-1,FishRtgill,2,96,2.82E-08,0.000138955,0.000146965,0.926366,N,
372,4-decylaniline,37529-30-9,FishRtgill,2,96,1.26E-06,1.23E-06,6.08E-05,0.008193,N,
373,naphthalene,91-20-3,FishRtgill,2,96,8.32E-08,0.000110139,0.000139111,0.734259,N,
374,"1,2,4-trichlorobenzene",120-82-1,FishRtgill,2,96,1.67E-07,4.42E-05,0.000109061,0.294973,N,
375,"1,2-dichlorobenzene",95-50-1,FishRtgill,2,96,8.25E-08,8.10E-05,0.000110492,0.540221,N,
376,dichloromethane,75-09-2,FishRtgill,2,96,4.73E-09,0.000121646,0.000121841,0.810974,N,
377,tetrachloroethylene,127-18-4,FishRtgill,2,96,5.65E-08,5.95E-05,7.95E-05,0.396491,N,
378,"2,3-dimethyl-1,3-butadiene",513-81-5,FishRtgill,2,96,2.05E-09,4.54E-06,5.22E-06,0.0302772,N,
379,Eugenol F,97-53-0,FishRtgill,2,96,1.40E-08,0.000145793,0.000148748,0.971953,N,
380,Methyl-antranilate,134-20-3,FishRtgill,2,96,8.64E-09,0.000148328,0.000149467,0.988853,N,
381,Lilyfore,285977-85-7,FishRtgill,2,96,7.61E-08,0.000115306,0.000141431,0.768708,N,
382,Damascone beta,23726-91-2,FishRtgill,2,96,2.37E-07,3.08E-05,0.000125843,0.20509,N,
383,Veloutone,14595-54-1,FishRtgill,2,96,5.32E-07,6.42E-06,0.000104443,0.042787,N,
384,Verdox,82356-51-2,FishRtgill,2,96,1.35E-06,9.61E-07,5.66E-05,0.00640637,N,
385,Nirvanol,1506-02-1,FishRtgill,2,96,8.08E-07,3.54E-06,8.58E-05,0.0235696,N,
386,Cetalox,3738-00-9,FishRtgill,2,96,6.03E-07,5.45E-06,9.89E-05,0.0363148,N,
387,Tonalide,21145-77-7,FishRtgill,2,96,8.08E-07,3.54E-06,8.58E-05,0.0235696,N,
388,"2,4-Dinitrophenol",51-28-5,FishRtgill,2,96,1.06E-09,0.000148998,0.00014967,0.993319,A,4.1
389,Aldrin,309-00-2,FishRtgill,2,96,1.39E-06,8.72E-07,5.52E-05,0.00581665,N,
390,Azinphos-methyl,86-50-0,FishRtgill,2,96,3.14E-08,0.000137386,0.000146582,0.915908,N,
391,Chlorpyrifos,2921-88-2,FishRtgill,2,96,3.65E-07,9.50E-06,0.000117037,0.0633133,N,
392,"DDD-p,p'",50-29-3,FishRtgill,2,96,1.65E-06,3.82E-07,4.62E-05,0.00254821,N,
393,"DDT-o,p'",789-02-6,FishRtgill,2,96,1.43E-06,7.76E-07,5.36E-05,0.00517632,N,
394,"DDT-p,p'",72-54-8,FishRtgill,2,96,1.12E-06,1.77E-06,6.80E-05,0.011775,N,
395,Diazinon,333-41-5,FishRtgill,2,96,1.68E-07,6.81E-05,0.000131906,0.454232,N,
396,Dicofol,115-32-2,FishRtgill,2,96,3.93E-07,8.86E-06,0.000114844,0.0590532,N,
397,Dieldrin,60-57-1,FishRtgill,2,96,4.43E-07,7.86E-06,0.000111005,0.0523793,N,
398,Disulfoton,298-04-4,FishRtgill,2,96,2.03E-07,4.99E-05,0.000128792,0.332998,N,
399,Endosulfan I,115-29-7,FishRtgill,2,96,1.72E-07,6.63E-05,0.000131579,0.442197,N,
400,Endrin,72-20-8,FishRtgill,2,96,6.25E-07,5.25E-06,9.79E-05,0.034969,N,
401,Ethion,563-12-2,FishRtgill,2,96,4.18E-07,8.35E-06,0.000112952,0.0556502,N,
402,Heptachlor,76-44-8,FishRtgill,2,96,1.10E-06,1.83E-06,6.88E-05,0.0121962,N,
403,Heptachlor epoxide B,1024-57-3,FishRtgill,2,96,3.74E-07,9.28E-06,0.000116316,0.0618721,N,
404,Lindane,58-89-9,FishRtgill,2,96,1.53E-07,7.63E-05,0.000133384,0.508671,N,
405,"Methoxychlor-o,p'",72-43-5,FishRtgill,2,96,4.23E-07,8.25E-06,0.000112567,0.0549855,N,
406,Parathion,56-38-2,FishRtgill,2,96,1.72E-07,6.63E-05,0.000131581,0.442204,N,
407,Trifluralin,1582-09-8,FishRtgill,2,96,5.68E-07,5.93E-06,0.000101873,0.0395257,N,
408,Cisapride,81098-60-4,FishRtgill,2,96,4.03E-08,9.69E-05,0.00013748,0.646316,B,7.8
409,Citalopram hydrobromide,59729-33-8,FishRtgill,2,96,7.10E-08,0.000117826,0.000141993,0.785509,N,
410,Dofetilide,115256-11-6,FishRtgill,2,96,1.35E-08,0.000146263,0.000148875,0.975089,B,8.4
411,Moxifloxacin hydrochloride,186826-86-8,FishRtgill,2,96,3.42E-09,0.000149721,0.000149898,0.998142,A,6
412,N-acetylpro-cainamide,32795-44-1,FishRtgill,2,96,1.93E-08,0.00014967,0.00014987,0.997801,B,9.2
413,Quinidine sulfate,50-54-4,FishRtgill,2,96,1.86E-08,0.000116402,0.000141654,0.776015,B,9.3
414,Sematilide,101526-83-4,FishRtgill,2,96,1.78E-08,0.000149726,0.00014989,0.998173,B,9.1
415,Sotalol hydrochloride,959-24-0,FishRtgill,2,96,1.66E-08,0.000149951,0.00014997,0.999674,B,9
416,Mifepristone,84371-65-3,FishRtgill,2,96,3.28E-07,1.04E-05,0.000119932,0.0695321,N,
417,Perfluorobutanesulfonic_acid,375-73-5,FishRtgill,2,96,3.28E-10,0.000149333,0.000149774,0.995552,A,-2.9
418,4_2_Fluorotelomer_sulfonic_acid,757124-72-4,FishRtgill,2,96,3.25E-10,0.000148759,0.000149598,0.991724,A,1.4
419,Perfluorononanoic_acid,375-95-1,FishRtgill,2,96,4.58E-12,2.04E-06,6.66E-05,0.0135801,A,0.1
420,Perfluorohexanoic_acid,307-24-4,FishRtgill,2,96,8.07E-11,3.69E-05,0.000126829,0.245736,A,0.1
421,Perfluorobutanoic_acid,375-22-4,FishRtgill,2,96,3.26E-10,0.000148872,0.000149632,0.992477,A,0.1
422,Perfluorooctanoic_acid,335-67-1,FishRtgill,2,96,9.15E-11,4.18E-05,0.000127526,0.278681,A,0.1
423,6_2_Fluorotelomer_sulfonic_acid,27619-97-2,FishRtgill,2,96,2.84E-10,0.000129898,0.000144765,0.865985,A,1.4
424,8_2_Fluorotelomer_sulfonic_acid,39108-34-4,FishRtgill,2,96,8.36E-11,3.82E-05,0.000127017,0.254876,A,1.4
425,Perfluoroundecanoic_acid,2058-94-8,FishRtgill,2,96,5.56E-12,2.49E-06,7.21E-05,0.0165771,A,0.1
426,Perfluorooctanesulfonic_acid,1763-23-1,FishRtgill,2,96,5.46E-12,2.49E-06,7.21E-05,0.0165771,A,-2.9
427,Perfluoroheptanoic_acid,375-85-9,FishRtgill,2,96,2.05E-10,9.36E-05,0.000136818,0.624332,A,0.1
428,Perfluoropentanoic_acid,2706-90-3,FishRtgill,2,96,3.18E-10,0.000145327,0.000148628,0.968845,A,0.1
429,Perfluorohexanesulfonic_acid,355-46-4,FishRtgill,2,96,3.04E-10,0.000138569,0.000146875,0.923795,A,-2.9
430,Perfluorodecanoic_acid,335-76-2,FishRtgill,2,96,2.64E-12,1.13E-06,5.29E-05,0.0075649,A,0.1
431,cyclosporine A,59865-13-3,FishRtgill,2,96,4.30E-08,0.000131747,0.000145209,0.878316,N,
432,chlorpromazine,50-53-3,FishRtgill,2,96,1.95E-08,5.55E-06,9.80E-05,0.0369704,B,9.4
433,PBDE 47,5436-43-1,FishRtgill,2,96,1.59E-06,4.70E-07,4.79E-05,0.00313302,N,
434,PBDE 99,60348-60-9,FishRtgill,2,96,1.88E-06,1.59E-07,4.16E-05,0.00106293,N,
435,PBDE 153,68631-49-2,FishRtgill,2,96,2.14E-06,4.39E-08,4.07E-05,0.000292839,N,
436,amiodarone,1951-25-3,FishRtgill,2,96,9.54E-08,1.04E-07,2.85E-05,0.000693478,B,9
437,Azathioprine,446-86-6,FishRtgill,2,96,4.87E-09,0.000149971,0.000149985,0.99981,A,8.2
438,Benzocaine,94-09-7,FishRtgill,2,96,8.47E-09,0.000148406,0.00014949,0.98937,N,
439,Butylated hydroxyanisole,25013-16-5,FishRtgill,2,96,1.02E-07,0.000102337,0.000138625,0.682245,N,
440,Cetirizine dihydrochloride,83881-52-1,FishRtgill,2,96,1.75E-09,0.000149896,0.000149959,0.999308,A,4.7
441,Cyclamate,139-05-9,FishRtgill,2,96,6.69E-07,0.000149327,0.000149329,0.995512,B,17.6
442,Cyclophosphamide,6055-19-2,FishRtgill,2,96,8.90E-09,0.000149893,0.000149954,0.999289,B,6.1
443,Cypermethrin,67375-30-8,FishRtgill,2,96,1.47E-06,6.90E-07,5.20E-05,0.00459807,N,
444,DEET,134-62-3,FishRtgill,2,96,1.23E-08,0.0001466,0.000148976,0.977335,N,
445,Dexamethasone,50-02-2,FishRtgill,2,96,8.99E-09,0.000148162,0.000149419,0.987745,N,
446,Digoxin,20830-75-5,FishRtgill,2,96,5.84E-09,0.000149616,0.000149862,0.997441,N,
447,Fenazaquin,120928-09-8,FishRtgill,2,96,6.77E-07,4.69E-06,9.44E-05,0.0312438,N,
448,Fenbuconazole,114369-43-6,FishRtgill,2,96,7.48E-08,0.000115949,0.000141574,0.772996,N,
449,Fluazinam,79622-59-6,FishRtgill,2,96,2.01E-07,5.08E-05,0.00012892,0.338422,N,
450,Furosemide,54-31-9,FishRtgill,2,96,4.15E-10,0.00014764,0.000149271,0.984269,A,3
451,Glybenclamide,10238-21-8,FishRtgill,2,96,1.22E-09,1.09E-05,0.000120761,0.072606,A,5
452,HC Red 3,2871-01-4,FishRtgill,2,96,5.05E-09,0.00014997,0.000149984,0.999797,N,
453,Hydralazine hydrochloride,304-20-1,FishRtgill,2,96,8.45E-09,0.000149886,0.000149951,0.999243,B,6
454,Ketoconazole,65277-42-1,FishRtgill,2,96,2.11E-07,2.75E-05,0.000125666,0.183003,B,6.6
455,Metformin,1115-70-4,FishRtgill,2,96,2.88E-08,0.000149969,0.00014997,0.999792,B,9.6
456,Metoclopramide,364-62-5,FishRtgill,2,96,1.64E-08,0.000140649,0.00014739,0.937662,B,9
457,Nitrofurantoin,67-20-9,FishRtgill,2,96,4.29E-09,0.00014999,0.000149993,0.999931,A,7.3
458,Oxytetracycline hydrochloride,2058-46-0,FishRtgill,2,96,1.51E-09,0.000149998,0.000149998,0.999987,A,4.5
459,Panthenol,16485-10-2 ,FishRtgill,2,96,5.00E-09,0.000149993,0.000149994,0.999952,N,
460,Paracetamol,103-90-2,FishRtgill,2,96,5.12E-09,0.000149939,0.000149973,0.999594,N,
461,Topiramate,97240-79-4,FishRtgill,2,96,4.97E-09,0.000149994,0.000149995,0.999962,A,9.2
462,Trimellitic anhydride,552-30-7,FishRtgill,2,96,5.06E-10,0.000149393,0.000149793,0.995956,A,3.3
463,Verapamil hydrochloride,152-11-4,FishRtgill,2,96,1.15E-08,2.12E-05,0.000125078,0.141358,B,9.2
464,Warfarin,129-06-6,FishRtgill,2,96,1.95E-08,0.000143156,0.000148049,0.954372,N,
465,Caffeine,58-08-2,Default,2,96,4.93E-08,0.000149935,0.000149944,0.999566,N,
466,Lamotrigine,84057-84-1,Default,2,96,3.80E-07,0.000141265,0.00014729,0.941764,B,6.6
467,Diclofenac,15307-79-6,Default,2,96,6.25E-06,0.000143651,0.000143709,0.957671,B,17.6
468,"2,4-Dichlorophenoxyacetic",94-75-7,Default,2,96,3.30E-09,0.000135736,0.00014617,0.904907,A,2.7
469,(S)-Naproxen,22204-53-1,Default,2,96,1.15E-08,0.000119285,0.000142305,0.795233,A,4.4
470,Ibuprofen,15687-27-1,Default,2,96,3.62E-08,7.58E-05,0.000133284,0.505391,A,5.4
471,Torasemide,56211-40-6,Default,2,96,6.97E-09,0.000106525,0.000139504,0.710165,A,4
472,Warfarin,81-81-2,Default,2,96,1.39E-08,0.000138809,0.000146926,0.925396,A,4.5
473,di-n-butylphthalate,84-74-2,Default,2,96,3.97E-06,1.55E-05,0.000121693,0.1033,N,
474,hexachlorophene,70-30-4,Default,2,96,1.44E-06,1.10E-07,2.87E-05,0.000732014,A,6.2
475,hexamethylenetetramine,100-97-0,Default,2,96,9.80E-08,0.000149716,0.000149717,0.998109,B,6.4
476,Malathion,121-75-5,Default,2,96,2.52E-07,0.000144589,0.000148256,0.963929,N,
477,pentachlorophenol,87-86-5,Default,2,96,2.32E-08,8.01E-06,0.000110669,0.053408,A,5
478,"2,2,2-trichloroethanol",115-20-8,Default,2,96,7.25E-08,0.000149131,0.000149496,0.994207,N,
479,diethylphthalate,84-66-2,Default,2,96,2.92E-07,0.000143495,0.000147935,0.956633,N,
480,4-chlorophenol,106-48-9,Default,2,96,2.66E-07,0.000144195,0.000148135,0.961298,N,
481,permethrin,52645-53-1,Default,2,96,1.59E-05,7.87E-07,4.98E-05,0.00524988,N,
482,Aniline,62-53-3,Default,2,96,5.58E-08,0.000149756,0.000149856,0.998372,N,
483,4-fluoroaniline,371-40-4,Default,2,96,6.14E-08,0.000149592,0.000149779,0.997282,N,
484,"2,4,6-trichlorophenol",88-06-2,Default,2,96,5.03E-07,7.92E-05,0.000133549,0.527695,A,6.8
485,Allyl alcohol,107-18-6,Default,2,96,4.98E-08,0.000149761,0.000149777,0.998405,N,
486,N-methylaniline,100-61-8,Default,2,96,9.01E-08,0.000148721,0.000149382,0.991475,N,
487,"3,4-dichloroaniline",95-76-1,Default,2,96,4.66E-07,0.000138549,0.000146536,0.923661,N,
488,4-decylaniline,37529-30-9,Default,2,96,1.49E-05,1.12E-06,5.52E-05,0.00744254,N,
489,naphthalene,91-20-3,Default,2,96,1.39E-06,0.000109178,0.000137897,0.727851,N,
490,"1,2,4-trichlorobenzene",120-82-1,Default,2,96,2.67E-06,4.35E-05,0.000107241,0.29005,N,
491,"1,2-dichlorobenzene",95-50-1,Default,2,96,1.37E-06,8.03E-05,0.000109545,0.535591,N,
492,dichloromethane,75-09-2,Default,2,96,5.27E-08,0.000121612,0.000121807,0.810747,N,
493,tetrachloroethylene,127-18-4,Default,2,96,9.45E-07,5.91E-05,7.91E-05,0.394179,N,
494,"2,3-dimethyl-1,3-butadiene",513-81-5,Default,2,96,3.47E-08,4.54E-06,5.22E-06,0.0302769,N,
495,Eugenol F,97-53-0,Default,2,96,2.15E-07,0.000145597,0.000148549,0.97065,N,
496,Methyl-antranilate,134-20-3,Default,2,96,1.18E-07,0.00014822,0.000149359,0.988136,N,
497,Lilyfore,285977-85-7,Default,2,96,1.27E-06,0.000114384,0.0001403,0.762562,N,
498,Damascone beta,23726-91-2,Default,2,96,3.68E-06,3.01E-05,0.000122949,0.200373,N,
499,Veloutone,14595-54-1,Default,2,96,7.37E-06,6.12E-06,9.97E-05,0.0408293,N,
500,Verdox,82356-51-2,Default,2,96,1.56E-05,8.69E-07,5.12E-05,0.00579035,N,
501,Nirvanol,1506-02-1,Default,2,96,1.05E-05,3.31E-06,8.02E-05,0.0220378,N,
502,Cetalox,3738-00-9,Default,2,96,8.21E-06,5.17E-06,9.39E-05,0.0344656,N,
503,Tonalide,21145-77-7,Default,2,96,1.05E-05,3.31E-06,8.02E-05,0.0220378,N,
504,"2,4-Dinitrophenol",51-28-5,Default,2,96,1.03E-08,0.000148989,0.000149661,0.993257,A,4.1
505,Aldrin,309-00-2,Default,2,96,1.59E-05,7.87E-07,4.98E-05,0.00524783,N,
506,Azinphos-methyl,86-50-0,Default,2,96,5.23E-07,0.000136936,0.000146101,0.912908,N,
507,Chlorpyrifos,2921-88-2,Default,2,96,5.28E-06,9.19E-06,0.000113194,0.0612342,N,
508,"DDD-p,p'",50-29-3,Default,2,96,1.78E-05,3.41E-07,4.11E-05,0.00227079,N,
509,"DDT-o,p'",789-02-6,Default,2,96,1.62E-05,6.99E-07,4.82E-05,0.00466015,N,
510,"DDT-p,p'",72-54-8,Default,2,96,1.36E-05,1.62E-06,6.23E-05,0.0107889,N,
511,Diazinon,333-41-5,Default,2,96,2.72E-06,6.70E-05,0.000129657,0.446488,N,
512,Dicofol,115-32-2,Default,2,96,5.64E-06,8.55E-06,0.000110815,0.0569813,N,
513,Dieldrin,60-57-1,Default,2,96,6.28E-06,7.55E-06,0.000106673,0.0503355,N,
514,Disulfoton,298-04-4,Default,2,96,3.22E-06,4.89E-05,0.000126197,0.326288,N,
515,Endosulfan I,115-29-7,Default,2,96,2.77E-06,6.52E-05,0.000129294,0.434517,N,
516,Endrin,72-20-8,Default,2,96,8.46E-06,4.97E-06,9.28E-05,0.0331345,N,
517,Ethion,563-12-2,Default,2,96,5.96E-06,8.04E-06,0.000108771,0.0535898,N,
518,Heptachlor,76-44-8,Default,2,96,1.34E-05,1.68E-06,6.31E-05,0.011185,N,
519,Heptachlor epoxide B,1024-57-3,Default,2,96,5.40E-06,8.97E-06,0.000112411,0.0597945,N,
520,Lindane,58-89-9,Default,2,96,2.49E-06,7.51E-05,0.000131307,0.500752,N,
521,"Methoxychlor-o,p'",72-43-5,Default,2,96,6.02E-06,7.94E-06,0.000108355,0.052928,N,
522,Parathion,56-38-2,Default,2,96,2.77E-06,6.52E-05,0.000129296,0.434524,N,
523,Trifluralin,1582-09-8,Default,2,96,7.80E-06,5.64E-06,9.69E-05,0.0376127,N,
524,Cisapride,81098-60-4,Default,2,96,6.24E-07,9.66E-05,0.000136944,0.6438,B,7.8
525,Citalopram hydrobromide,59729-33-8,Default,2,96,1.19E-06,0.000116946,0.000140931,0.779638,N,
526,Dofetilide,115256-11-6,Default,2,96,1.39E-07,0.000146141,0.000148751,0.974276,B,8.4
527,Moxifloxacin hydrochloride,186826-86-8,Default,2,96,3.35E-08,0.000149691,0.000149867,0.997942,A,6
528,N-acetylpro-cainamide,32795-44-1,Default,2,96,1.88E-07,0.000149502,0.000149702,0.996681,B,9.2
529,Quinidine sulfate,50-54-4,Default,2,96,1.98E-07,0.000116263,0.000141485,0.775089,B,9.3
530,Sematilide,101526-83-4,Default,2,96,1.73E-07,0.000149571,0.000149734,0.997139,B,9.1
531,Sotalol hydrochloride,959-24-0,Default,2,96,1.61E-07,0.000149806,0.000149825,0.998709,B,9
532,Mifepristone,84371-65-3,Default,2,96,4.80E-06,1.01E-05,0.000116348,0.0674544,N,
533,Perfluorobutanesulfonic_acid,375-73-5,Default,2,96,3.19E-09,0.00014933,0.000149771,0.995533,A,-2.9
534,4_2_Fluorotelomer_sulfonic_acid,757124-72-4,Default,2,96,3.16E-09,0.000148756,0.000149595,0.991705,A,1.4
535,Perfluorononanoic_acid,375-95-1,Default,2,96,4.50E-11,2.04E-06,6.66E-05,0.0135801,A,0.1
536,Perfluorohexanoic_acid,307-24-4,Default,2,96,7.85E-10,3.69E-05,0.000126829,0.245735,A,0.1
537,Perfluorobutanoic_acid,375-22-4,Default,2,96,3.17E-09,0.000148869,0.000149629,0.992458,A,0.1
538,Perfluorooctanoic_acid,335-67-1,Default,2,96,8.90E-10,4.18E-05,0.000127525,0.27868,A,0.1
539,6_2_Fluorotelomer_sulfonic_acid,27619-97-2,Default,2,96,2.76E-09,0.000129896,0.000144763,0.865971,A,1.4
540,8_2_Fluorotelomer_sulfonic_acid,39108-34-4,Default,2,96,8.13E-10,3.82E-05,0.000127017,0.254875,A,1.4
541,Perfluoroundecanoic_acid,2058-94-8,Default,2,96,5.45E-11,2.49E-06,7.21E-05,0.0165771,A,0.1
542,Perfluorooctanesulfonic_acid,1763-23-1,Default,2,96,5.31E-11,2.49E-06,7.21E-05,0.0165771,A,-2.9
543,Perfluoroheptanoic_acid,375-85-9,Default,2,96,1.99E-09,9.36E-05,0.000136816,0.624324,A,0.1
544,Perfluoropentanoic_acid,2706-90-3,Default,2,96,3.09E-09,0.000145324,0.000148626,0.968827,A,0.1
545,Perfluorohexanesulfonic_acid,355-46-4,Default,2,96,2.96E-09,0.000138567,0.000146873,0.923779,A,-2.9
546,Perfluorodecanoic_acid,335-76-2,Default,2,96,2.62E-11,1.13E-06,5.29E-05,0.00756489,A,0.1
547,cyclosporine A,59865-13-3,Default,2,96,7.21E-07,0.000131152,0.000144553,0.874347,N,
548,chlorpromazine,50-53-3,Default,2,96,2.75E-07,5.54E-06,9.78E-05,0.0369075,B,9.4
549,PBDE 47,5436-43-1,Default,2,96,1.74E-05,4.20E-07,4.28E-05,0.00279913,N,
550,PBDE 99,60348-60-9,Default,2,96,1.90E-05,1.41E-07,3.68E-05,0.000939718,N,
551,PBDE 153,68631-49-2,Default,2,96,2.00E-05,3.86E-08,3.58E-05,0.000257426,N,
552,amiodarone,1951-25-3,Default,2,96,1.05E-06,1.03E-07,2.83E-05,0.000689045,B,9
553,Azathioprine,446-86-6,Default,2,96,4.78E-08,0.000149929,0.000149942,0.999523,A,8.2
554,Benzocaine,94-09-7,Default,2,96,1.14E-07,0.000148301,0.000149384,0.988671,N,
555,Butylated hydroxyanisole,25013-16-5,Default,2,96,1.69E-06,0.000101251,0.000137154,0.675005,N,
556,Cetirizine dihydrochloride,83881-52-1,Default,2,96,1.70E-08,0.000149881,0.000149944,0.999206,A,4.7
557,Cyclamate,139-05-9,Default,2,96,6.26E-06,0.000143737,0.000143739,0.958246,B,17.6
558,Cyclophosphamide,6055-19-2,Default,2,96,8.87E-08,0.000149814,0.000149874,0.998757,B,6.1
559,Cypermethrin,67375-30-8,Default,2,96,1.65E-05,6.20E-07,4.68E-05,0.0041313,N,
560,DEET,134-62-3,Default,2,96,1.85E-07,0.000146432,0.000148804,0.976212,N,
561,Dexamethasone,50-02-2,Default,2,96,1.24E-07,0.000148048,0.000149304,0.986987,N,
562,Digoxin,20830-75-5,Default,2,96,6.52E-08,0.000149557,0.000149803,0.997047,N,
563,Fenazaquin,120928-09-8,Default,2,96,9.06E-06,4.42E-06,8.91E-05,0.0294898,N,
564,Fenbuconazole,114369-43-6,Default,2,96,1.25E-06,0.000115038,0.000140461,0.766918,N,
565,Fluazinam,79622-59-6,Default,2,96,3.20E-06,4.97E-05,0.000126339,0.331648,N,
566,Furosemide,54-31-9,Default,2,96,4.04E-09,0.000147637,0.000149267,0.984245,A,3
567,Glybenclamide,10238-21-8,Default,2,96,1.76E-08,1.09E-05,0.000120748,0.072598,A,5
568,HC Red 3,2871-01-4,Default,2,96,4.97E-08,0.000149925,0.00014994,0.999499,N,
569,Hydralazine hydrochloride,304-20-1,Default,2,96,8.45E-08,0.00014981,0.000149875,0.998736,B,6
570,Ketoconazole,65277-42-1,Default,2,96,3.26E-06,2.69E-05,0.000123106,0.179275,B,6.6
571,Metformin,1115-70-4,Default,2,96,2.79E-07,0.000149718,0.000149719,0.998121,B,9.6
572,Metoclopramide,364-62-5,Default,2,96,1.67E-07,0.000140508,0.000147242,0.936723,B,9
573,Nitrofurantoin,67-20-9,Default,2,96,4.18E-08,0.000149952,0.000149955,0.999681,A,7.3
574,Oxytetracycline hydrochloride,2058-46-0,Default,2,96,1.46E-08,0.000149985,0.000149985,0.999899,A,4.5
575,Panthenol,16485-10-2 ,Default,2,96,4.86E-08,0.000149949,0.00014995,0.999661,N,
576,Paracetamol,103-90-2,Default,2,96,5.12E-08,0.000149893,0.000149927,0.999287,N,
577,Topiramate,97240-79-4,Default,2,96,4.84E-08,0.000149951,0.000149951,0.999673,A,9.2
578,Trimellitic anhydride,552-30-7,Default,2,96,4.92E-09,0.000149389,0.000149789,0.995927,A,3.3
579,Verapamil hydrochloride,152-11-4,Default,2,96,1.64E-07,2.12E-05,0.00012495,0.141214,B,9.2
580,Warfarin,129-06-6,Default,2,96,3.14E-07,0.000142875,0.000147759,0.952499,N,
581,Caffeine,58-08-2,MCF7,2,96,9.97E-08,0.000149885,0.000149894,0.99923,N,
582,Lamotrigine,84057-84-1,MCF7,2,96,2.85E-07,0.000141354,0.000147384,0.94236,B,6.6
583,Diclofenac,15307-79-6,MCF7,2,96,1.23E-05,0.000137616,0.000137672,0.917443,B,17.6
584,"2,4-Dichlorophenoxyacetic",94-75-7,MCF7,2,96,6.76E-09,0.000135733,0.000146167,0.904886,A,2.7
585,(S)-Naproxen,22204-53-1,MCF7,2,96,2.23E-08,0.000119276,0.000142295,0.795176,A,4.4
586,Ibuprofen,15687-27-1,MCF7,2,96,3.39E-08,7.58E-05,0.000133286,0.505399,A,5.4
587,Torasemide,56211-40-6,MCF7,2,96,1.38E-08,0.00010652,0.000139498,0.710133,A,4
588,Warfarin,81-81-2,MCF7,2,96,2.79E-08,0.000138796,0.000146912,0.925309,A,4.5
589,di-n-butylphthalate,84-74-2,MCF7,2,96,1.18E-06,1.58E-05,0.000124019,0.105274,N,
590,hexachlorophene,70-30-4,MCF7,2,96,4.33E-07,1.11E-07,2.89E-05,0.000736965,A,6.2
591,hexamethylenetetramine,100-97-0,MCF7,2,96,2.01E-07,0.000149614,0.000149614,0.997424,B,6.4
592,Malathion,121-75-5,MCF7,2,96,1.55E-07,0.000144684,0.000148353,0.964557,N,
593,pentachlorophenol,87-86-5,MCF7,2,96,8.70E-09,8.01E-06,0.00011068,0.0534131,A,5
594,"2,2,2-trichloroethanol",115-20-8,MCF7,2,96,1.06E-07,0.000149098,0.000149462,0.993986,N,
595,diethylphthalate,84-66-2,MCF7,2,96,1.65E-07,0.000143616,0.00014806,0.95744,N,
596,4-chlorophenol,106-48-9,MCF7,2,96,1.58E-07,0.000144299,0.000148241,0.96199,N,
597,permethrin,52645-53-1,MCF7,2,96,5.07E-06,8.51E-07,5.38E-05,0.00567487,N,
598,Aniline,62-53-3,MCF7,2,96,1.01E-07,0.00014971,0.000149811,0.998068,N,
599,4-fluoroaniline,371-40-4,MCF7,2,96,1.03E-07,0.000149551,0.000149738,0.997006,N,
600,"2,4,6-trichlorophenol",88-06-2,MCF7,2,96,1.81E-07,7.93E-05,0.000133838,0.528835,A,6.8
601,Allyl alcohol,107-18-6,MCF7,2,96,9.97E-08,0.000149711,0.000149727,0.998073,N,
602,N-methylaniline,100-61-8,MCF7,2,96,1.11E-07,0.000148701,0.000149362,0.99134,N,
603,"3,4-dichloroaniline",95-76-1,MCF7,2,96,2.13E-07,0.000138784,0.000146785,0.925227,N,
604,4-decylaniline,37529-30-9,MCF7,2,96,4.71E-06,1.20E-06,5.94E-05,0.00800323,N,
605,naphthalene,91-20-3,MCF7,2,96,4.64E-07,0.00010986,0.000138759,0.732398,N,
606,"1,2,4-trichlorobenzene",120-82-1,MCF7,2,96,8.04E-07,4.41E-05,0.000108605,0.29374,N,
607,"1,2-dichlorobenzene",95-50-1,MCF7,2,96,4.42E-07,8.08E-05,0.000110236,0.538973,N,
608,dichloromethane,75-09-2,MCF7,2,96,8.45E-08,0.000121592,0.000121786,0.810611,N,
609,tetrachloroethylene,127-18-4,MCF7,2,96,3.06E-07,5.94E-05,7.94E-05,0.395908,N,
610,"2,3-dimethyl-1,3-butadiene",513-81-5,MCF7,2,96,1.25E-08,4.54E-06,5.22E-06,0.0302883,N,
611,Eugenol F,97-53-0,MCF7,2,96,1.45E-07,0.000145666,0.000148619,0.971107,N,
612,Methyl-antranilate,134-20-3,MCF7,2,96,1.18E-07,0.00014822,0.000149358,0.988131,N,
613,Lilyfore,285977-85-7,MCF7,2,96,4.33E-07,0.000115032,0.000141094,0.766879,N,
614,Damascone beta,23726-91-2,MCF7,2,96,1.10E-06,3.06E-05,0.00012512,0.203912,N,
615,Veloutone,14595-54-1,MCF7,2,96,2.22E-06,6.35E-06,0.000103261,0.0423026,N,
616,Verdox,82356-51-2,MCF7,2,96,4.98E-06,9.38E-07,5.53E-05,0.00625031,N,
617,Nirvanol,1506-02-1,MCF7,2,96,3.23E-06,3.48E-06,8.44E-05,0.0231871,N,
618,Cetalox,3738-00-9,MCF7,2,96,2.49E-06,5.38E-06,9.77E-05,0.0358563,N,
619,Tonalide,21145-77-7,MCF7,2,96,3.23E-06,3.48E-06,8.44E-05,0.0231871,N,
620,"2,4-Dinitrophenol",51-28-5,MCF7,2,96,2.11E-08,0.000148978,0.00014965,0.993186,A,4.1
621,Aldrin,309-00-2,MCF7,2,96,5.07E-06,8.51E-07,5.38E-05,0.00567247,N,
622,Azinphos-methyl,86-50-0,MCF7,2,96,2.28E-07,0.000137206,0.000146389,0.914708,N,
623,Chlorpyrifos,2921-88-2,MCF7,2,96,1.57E-06,9.42E-06,0.00011609,0.0628012,N,
624,"DDD-p,p'",50-29-3,MCF7,2,96,5.76E-06,3.72E-07,4.49E-05,0.00247771,N,
625,"DDT-o,p'",789-02-6,MCF7,2,96,5.19E-06,7.57E-07,5.22E-05,0.0050454,N,
626,"DDT-p,p'",72-54-8,MCF7,2,96,4.26E-06,1.73E-06,6.66E-05,0.0115265,N,
627,Diazinon,333-41-5,MCF7,2,96,8.31E-07,6.78E-05,0.000131322,0.452222,N,
628,Dicofol,115-32-2,MCF7,2,96,1.69E-06,8.78E-06,0.000113851,0.0585426,N,
629,Dieldrin,60-57-1,MCF7,2,96,1.88E-06,7.78E-06,0.000109936,0.051875,N,
630,Disulfoton,298-04-4,MCF7,2,96,9.70E-07,4.97E-05,0.000128132,0.331293,N,
631,Endosulfan I,115-29-7,MCF7,2,96,8.45E-07,6.60E-05,0.000130987,0.440209,N,
632,Endrin,72-20-8,MCF7,2,96,2.57E-06,5.18E-06,9.67E-05,0.0345137,N,
633,Ethion,563-12-2,MCF7,2,96,1.78E-06,8.27E-06,0.000111921,0.0551421,N,
634,Heptachlor,76-44-8,MCF7,2,96,4.21E-06,1.79E-06,6.73E-05,0.0119415,N,
635,Heptachlor epoxide B,1024-57-3,MCF7,2,96,1.61E-06,9.20E-06,0.000115354,0.0613603,N,
636,Lindane,58-89-9,MCF7,2,96,7.65E-07,7.60E-05,0.000132838,0.50659,N,
637,"Methoxychlor-o,p'",72-43-5,MCF7,2,96,1.80E-06,8.17E-06,0.000111529,0.0544781,N,
638,Parathion,56-38-2,MCF7,2,96,8.45E-07,6.60E-05,0.000130989,0.440215,N,
639,Trifluralin,1582-09-8,MCF7,2,96,2.36E-06,5.86E-06,0.000100652,0.0390518,N,
640,Cisapride,81098-60-4,MCF7,2,96,3.15E-07,9.68E-05,0.000137228,0.645134,B,7.8
641,Citalopram hydrobromide,59729-33-8,MCF7,2,96,4.10E-07,0.00011756,0.000141672,0.783733,N,
642,Dofetilide,115256-11-6,MCF7,2,96,2.56E-07,0.000146027,0.000148635,0.973514,B,8.4
643,Moxifloxacin hydrochloride,186826-86-8,MCF7,2,96,6.79E-08,0.000149657,0.000149833,0.997713,A,6
644,N-acetylpro-cainamide,32795-44-1,MCF7,2,96,3.84E-07,0.000149307,0.000149506,0.995377,B,9.2
645,Quinidine sulfate,50-54-4,MCF7,2,96,3.37E-07,0.000116155,0.000141353,0.774367,B,9.3
646,Sematilide,101526-83-4,MCF7,2,96,3.54E-07,0.00014939,0.000149553,0.995934,B,9.1
647,Sotalol hydrochloride,959-24-0,MCF7,2,96,3.31E-07,0.000149637,0.000149656,0.997581,B,9
648,Mifepristone,84371-65-3,MCF7,2,96,1.43E-06,1.04E-05,0.000119049,0.0690207,N,
649,Perfluorobutanesulfonic_acid,375-73-5,MCF7,2,96,6.54E-09,0.000149327,0.000149768,0.99551,A,-2.9
650,4_2_Fluorotelomer_sulfonic_acid,757124-72-4,MCF7,2,96,6.48E-09,0.000148753,0.000149592,0.991683,A,1.4
651,Perfluorononanoic_acid,375-95-1,MCF7,2,96,8.94E-11,2.04E-06,6.66E-05,0.0135801,A,0.1
652,Perfluorohexanoic_acid,307-24-4,MCF7,2,96,1.61E-09,3.69E-05,0.000126828,0.245734,A,0.1
653,Perfluorobutanoic_acid,375-22-4,MCF7,2,96,6.50E-09,0.000148865,0.000149626,0.992436,A,0.1
654,Perfluorooctanoic_acid,335-67-1,MCF7,2,96,1.82E-09,4.18E-05,0.000127525,0.278678,A,0.1
655,6_2_Fluorotelomer_sulfonic_acid,27619-97-2,MCF7,2,96,5.66E-09,0.000129893,0.00014476,0.865954,A,1.4
656,8_2_Fluorotelomer_sulfonic_acid,39108-34-4,MCF7,2,96,1.67E-09,3.82E-05,0.000127016,0.254873,A,1.4
657,Perfluoroundecanoic_acid,2058-94-8,MCF7,2,96,1.09E-10,2.49E-06,7.21E-05,0.0165771,A,0.1
658,Perfluorooctanesulfonic_acid,1763-23-1,MCF7,2,96,1.09E-10,2.49E-06,7.21E-05,0.0165771,A,-2.9
659,Perfluoroheptanoic_acid,375-85-9,MCF7,2,96,4.09E-09,9.36E-05,0.000136814,0.624315,A,0.1
660,Perfluoropentanoic_acid,2706-90-3,MCF7,2,96,6.34E-09,0.000145321,0.000148622,0.968806,A,0.1
661,Perfluorohexanesulfonic_acid,355-46-4,MCF7,2,96,6.07E-09,0.000138564,0.00014687,0.92376,A,-2.9
662,Perfluorodecanoic_acid,335-76-2,MCF7,2,96,5.01E-11,1.13E-06,5.29E-05,0.00756489,A,0.1
663,cyclosporine A,59865-13-3,MCF7,2,96,2.82E-07,0.000131538,0.000144978,0.876918,N,
664,chlorpromazine,50-53-3,MCF7,2,96,9.47E-08,5.54E-06,9.79E-05,0.0369518,B,9.4
665,PBDE 47,5436-43-1,MCF7,2,96,5.61E-06,4.57E-07,4.66E-05,0.00304819,N,
666,PBDE 99,60348-60-9,MCF7,2,96,6.23E-06,1.55E-07,4.04E-05,0.00103167,N,
667,PBDE 153,68631-49-2,MCF7,2,96,6.64E-06,4.26E-08,3.94E-05,0.000283923,N,
668,amiodarone,1951-25-3,MCF7,2,96,3.17E-07,1.04E-07,2.84E-05,0.000692452,B,9
669,Azathioprine,446-86-6,MCF7,2,96,9.64E-08,0.00014988,0.000149894,0.9992,A,8.2
670,Benzocaine,94-09-7,MCF7,2,96,1.17E-07,0.000148298,0.000149382,0.988652,N,
671,Butylated hydroxyanisole,25013-16-5,MCF7,2,96,5.47E-07,0.000102033,0.000138213,0.680217,N,
672,Cetirizine dihydrochloride,83881-52-1,MCF7,2,96,3.49E-08,0.000149863,0.000149926,0.999087,A,4.7
673,Cyclamate,139-05-9,MCF7,2,96,1.23E-05,0.000137695,0.000137698,0.91797,B,17.6
674,Cyclophosphamide,6055-19-2,MCF7,2,96,1.74E-07,0.000149728,0.000149788,0.998188,B,6.1
675,Cypermethrin,67375-30-8,MCF7,2,96,5.30E-06,6.72E-07,5.07E-05,0.00447961,N,
676,DEET,134-62-3,MCF7,2,96,1.36E-07,0.000146479,0.000148853,0.976527,N,
677,Dexamethasone,50-02-2,MCF7,2,96,1.20E-07,0.000148052,0.000149308,0.987015,N,
678,Digoxin,20830-75-5,MCF7,2,96,1.04E-07,0.000149518,0.000149764,0.996789,N,
679,Fenazaquin,120928-09-8,MCF7,2,96,2.76E-06,4.62E-06,9.31E-05,0.0308077,N,
680,Fenbuconazole,114369-43-6,MCF7,2,96,4.27E-07,0.000115677,0.000141241,0.77118,N,
681,Fluazinam,79622-59-6,MCF7,2,96,9.64E-07,5.05E-05,0.000128264,0.336699,N,
682,Furosemide,54-31-9,MCF7,2,96,8.28E-09,0.000147633,0.000149263,0.984217,A,3
683,Glybenclamide,10238-21-8,MCF7,2,96,7.77E-09,1.09E-05,0.000120756,0.0726028,A,5
684,HC Red 3,2871-01-4,MCF7,2,96,9.98E-08,0.000149875,0.00014989,0.999165,N,
685,Hydralazine hydrochloride,304-20-1,MCF7,2,96,1.65E-07,0.00014973,0.000149795,0.9982,B,6
686,Ketoconazole,65277-42-1,MCF7,2,96,9.90E-07,2.73E-05,0.000125013,0.182052,B,6.6
687,Metformin,1115-70-4,MCF7,2,96,5.72E-07,0.000149425,0.000149427,0.996169,B,9.6
688,Metoclopramide,364-62-5,MCF7,2,96,3.14E-07,0.00014037,0.000147097,0.935799,B,9
689,Nitrofurantoin,67-20-9,MCF7,2,96,8.55E-08,0.000149908,0.000149912,0.99939,A,7.3
690,Oxytetracycline hydrochloride,2058-46-0,MCF7,2,96,3.00E-08,0.000149969,0.00014997,0.999796,A,4.5
691,Panthenol,16485-10-2 ,MCF7,2,96,9.95E-08,0.000149898,0.000149899,0.999322,N,
692,Paracetamol,103-90-2,MCF7,2,96,1.00E-07,0.000149844,0.000149878,0.99896,N,
693,Topiramate,97240-79-4,MCF7,2,96,9.91E-08,0.0001499,0.000149901,0.999335,A,9.2
694,Trimellitic anhydride,552-30-7,MCF7,2,96,1.01E-08,0.000149384,0.000149783,0.995892,A,3.3
695,Verapamil hydrochloride,152-11-4,MCF7,2,96,9.41E-08,2.12E-05,0.000125009,0.14128,B,9.2
696,Warfarin,129-06-6,MCF7,2,96,1.71E-07,0.000143011,0.0001479,0.953406,N,
697,Caffeine,58-08-2,HCT116,2,96,2.56E-08,0.000149959,0.000149968,0.999724,N,
698,Lamotrigine,84057-84-1,HCT116,2,96,1.58E-07,0.000141474,0.000147509,0.94316,B,6.6
699,Diclofenac,15307-79-6,HCT116,2,96,3.33E-06,0.000146569,0.000146629,0.977129,B,17.6
700,"2,4-Dichlorophenoxyacetic",94-75-7,HCT116,2,96,1.72E-09,0.000135737,0.000146172,0.904916,A,2.7
701,(S)-Naproxen,22204-53-1,HCT116,2,96,5.89E-09,0.000119289,0.00014231,0.795263,A,4.4
702,Ibuprofen,15687-27-1,HCT116,2,96,1.57E-08,7.58E-05,0.000133302,0.50546,A,5.4
703,Torasemide,56211-40-6,HCT116,2,96,3.60E-09,0.000106527,0.000139507,0.710181,A,4
704,Warfarin,81-81-2,HCT116,2,96,7.22E-09,0.000138816,0.000146932,0.925437,A,4.5
705,di-n-butylphthalate,84-74-2,HCT116,2,96,1.54E-06,1.58E-05,0.000123716,0.105017,N,
706,hexachlorophene,70-30-4,HCT116,2,96,5.71E-07,1.10E-07,2.88E-05,0.000736283,A,6.2
707,hexamethylenetetramine,100-97-0,HCT116,2,96,5.12E-08,0.000149763,0.000149763,0.99842,B,6.4
708,Malathion,121-75-5,HCT116,2,96,1.02E-07,0.000144734,0.000148405,0.964896,N,
709,pentachlorophenol,87-86-5,HCT116,2,96,9.06E-09,8.01E-06,0.00011068,0.053413,A,5
710,"2,2,2-trichloroethanol",115-20-8,HCT116,2,96,3.43E-08,0.000149169,0.000149534,0.99446,N,
711,diethylphthalate,84-66-2,HCT116,2,96,1.17E-07,0.000143663,0.000148108,0.95775,N,
712,4-chlorophenol,106-48-9,HCT116,2,96,1.07E-07,0.000144348,0.000148292,0.962319,N,
713,permethrin,52645-53-1,HCT116,2,96,6.63E-06,8.42E-07,5.33E-05,0.00561396,N,
714,Aniline,62-53-3,HCT116,2,96,2.81E-08,0.000149784,0.000149884,0.998557,N,
715,4-fluoroaniline,371-40-4,HCT116,2,96,3.02E-08,0.000149624,0.00014981,0.99749,N,
716,"2,4,6-trichlorophenol",88-06-2,HCT116,2,96,1.94E-07,7.93E-05,0.000133825,0.528786,A,6.8
717,Allyl alcohol,107-18-6,HCT116,2,96,2.58E-08,0.000149785,0.000149801,0.998565,N,
718,N-methylaniline,100-61-8,HCT116,2,96,4.09E-08,0.00014877,0.000149431,0.9918,N,
719,"3,4-dichloroaniline",95-76-1,HCT116,2,96,1.83E-07,0.000138812,0.000146814,0.925412,N,
720,4-decylaniline,37529-30-9,HCT116,2,96,6.16E-06,1.19E-06,5.88E-05,0.00792349,N,
721,naphthalene,91-20-3,HCT116,2,96,5.35E-07,0.000109807,0.000138692,0.732048,N,
722,"1,2,4-trichlorobenzene",120-82-1,HCT116,2,96,1.03E-06,4.40E-05,0.000108435,0.293281,N,
723,"1,2-dichlorobenzene",95-50-1,HCT116,2,96,5.27E-07,8.08E-05,0.000110166,0.53863,N,
724,dichloromethane,75-09-2,HCT116,2,96,2.56E-08,0.000121631,0.000121826,0.810876,N,
725,tetrachloroethylene,127-18-4,HCT116,2,96,3.62E-07,5.94E-05,7.94E-05,0.395701,N,
726,"2,3-dimethyl-1,3-butadiene",513-81-5,HCT116,2,96,1.33E-08,4.54E-06,5.22E-06,0.0302778,N,
727,Eugenol F,97-53-0,HCT116,2,96,8.79E-08,0.000145721,0.000148675,0.971474,N,
728,Methyl-antranilate,134-20-3,HCT116,2,96,5.12E-08,0.000148286,0.000149425,0.988573,N,
729,Lilyfore,285977-85-7,HCT116,2,96,4.90E-07,0.000114988,0.00014104,0.766585,N,
730,Damascone beta,23726-91-2,HCT116,2,96,1.43E-06,3.05E-05,0.000124845,0.203463,N,
731,Veloutone,14595-54-1,HCT116,2,96,2.92E-06,6.32E-06,0.000102775,0.0421036,N,
732,Verdox,82356-51-2,HCT116,2,96,6.50E-06,9.28E-07,5.47E-05,0.00618453,N,
733,Nirvanol,1506-02-1,HCT116,2,96,4.23E-06,3.45E-06,8.39E-05,0.0230285,N,
734,Cetalox,3738-00-9,HCT116,2,96,3.27E-06,5.35E-06,9.71E-05,0.0356672,N,
735,Tonalide,21145-77-7,HCT116,2,96,4.23E-06,3.45E-06,8.39E-05,0.0230285,N,
736,"2,4-Dinitrophenol",51-28-5,HCT116,2,96,5.38E-09,0.000148994,0.000149665,0.99329,A,4.1
737,Aldrin,309-00-2,HCT116,2,96,6.63E-06,8.42E-07,5.32E-05,0.00561161,N,
738,Azinphos-methyl,86-50-0,HCT116,2,96,2.04E-07,0.000137228,0.000146413,0.914854,N,
739,Chlorpyrifos,2921-88-2,HCT116,2,96,2.07E-06,9.39E-06,0.000115706,0.0625932,N,
740,"DDD-p,p'",50-29-3,HCT116,2,96,7.51E-06,3.67E-07,4.43E-05,0.00244759,N,
741,"DDT-o,p'",789-02-6,HCT116,2,96,6.78E-06,7.49E-07,5.16E-05,0.00499005,N,
742,"DDT-p,p'",72-54-8,HCT116,2,96,5.57E-06,1.71E-06,6.60E-05,0.0114225,N,
743,Diazinon,333-41-5,HCT116,2,96,1.05E-06,6.77E-05,0.000131131,0.451564,N,
744,Dicofol,115-32-2,HCT116,2,96,2.21E-06,8.75E-06,0.000113447,0.0583346,N,
745,Dieldrin,60-57-1,HCT116,2,96,2.47E-06,7.75E-06,0.000109499,0.0516687,N,
746,Disulfoton,298-04-4,HCT116,2,96,1.24E-06,4.96E-05,0.000127897,0.330685,N,
747,Endosulfan I,115-29-7,HCT116,2,96,1.07E-06,6.59E-05,0.000130792,0.439551,N,
748,Endrin,72-20-8,HCT116,2,96,3.37E-06,5.15E-06,9.61E-05,0.0343259,N,
749,Ethion,563-12-2,HCT116,2,96,2.34E-06,8.24E-06,0.0001115,0.0549347,N,
750,Heptachlor,76-44-8,HCT116,2,96,5.51E-06,1.78E-06,6.67E-05,0.011835,N,
751,Heptachlor epoxide B,1024-57-3,HCT116,2,96,2.11E-06,9.17E-06,0.000114963,0.0611521,N,
752,Lindane,58-89-9,HCT116,2,96,9.56E-07,7.59E-05,0.000132668,0.505943,N,
753,"Methoxychlor-o,p'",72-43-5,HCT116,2,96,2.37E-06,8.14E-06,0.000111104,0.0542709,N,
754,Parathion,56-38-2,HCT116,2,96,1.07E-06,6.59E-05,0.000130793,0.439557,N,
755,Trifluralin,1582-09-8,HCT116,2,96,3.10E-06,5.83E-06,0.000100149,0.0388568,N,
756,Cisapride,81098-60-4,HCT116,2,96,2.48E-07,9.68E-05,0.000137289,0.645421,B,7.8
757,Citalopram hydrobromide,59729-33-8,HCT116,2,96,4.58E-07,0.000117522,0.000141626,0.78348,N,
758,Dofetilide,115256-11-6,HCT116,2,96,7.01E-08,0.000146208,0.000148819,0.974721,B,8.4
759,Moxifloxacin hydrochloride,186826-86-8,HCT116,2,96,1.74E-08,0.000149707,0.000149884,0.998049,A,6
760,N-acetylpro-cainamide,32795-44-1,HCT116,2,96,9.80E-08,0.000149592,0.000149791,0.997277,B,9.2
761,Quinidine sulfate,50-54-4,HCT116,2,96,9.77E-08,0.000116341,0.000141579,0.775605,B,9.3
762,Sematilide,101526-83-4,HCT116,2,96,9.05E-08,0.000149653,0.000149817,0.997689,B,9.1
763,Sotalol hydrochloride,959-24-0,HCT116,2,96,8.43E-08,0.000149883,0.000149902,0.999222,B,9
764,Mifepristone,84371-65-3,HCT116,2,96,1.87E-06,1.03E-05,0.000118692,0.0688137,N,
765,Perfluorobutanesulfonic_acid,375-73-5,HCT116,2,96,1.67E-09,0.000149331,0.000149773,0.995543,A,-2.9
766,4_2_Fluorotelomer_sulfonic_acid,757124-72-4,HCT116,2,96,1.65E-09,0.000148757,0.000149597,0.991715,A,1.4
767,Perfluorononanoic_acid,375-95-1,HCT116,2,96,2.33E-11,2.04E-06,6.66E-05,0.0135801,A,0.1
768,Perfluorohexanoic_acid,307-24-4,HCT116,2,96,4.10E-10,3.69E-05,0.000126829,0.245736,A,0.1
769,Perfluorobutanoic_acid,375-22-4,HCT116,2,96,1.65E-09,0.00014887,0.000149631,0.992468,A,0.1
770,Perfluorooctanoic_acid,335-67-1,HCT116,2,96,4.65E-10,4.18E-05,0.000127526,0.278681,A,0.1
771,6_2_Fluorotelomer_sulfonic_acid,27619-97-2,HCT116,2,96,1.44E-09,0.000129897,0.000144764,0.865978,A,1.4
772,8_2_Fluorotelomer_sulfonic_acid,39108-34-4,HCT116,2,96,4.25E-10,3.82E-05,0.000127017,0.254876,A,1.4
773,Perfluoroundecanoic_acid,2058-94-8,HCT116,2,96,2.82E-11,2.49E-06,7.21E-05,0.0165771,A,0.1
774,Perfluorooctanesulfonic_acid,1763-23-1,HCT116,2,96,2.77E-11,2.49E-06,7.21E-05,0.0165771,A,-2.9
775,Perfluoroheptanoic_acid,375-85-9,HCT116,2,96,1.04E-09,9.36E-05,0.000136817,0.624328,A,0.1
776,Perfluoropentanoic_acid,2706-90-3,HCT116,2,96,1.62E-09,0.000145325,0.000148627,0.968836,A,0.1
777,Perfluorohexanesulfonic_acid,355-46-4,HCT116,2,96,1.55E-09,0.000138568,0.000146874,0.923787,A,-2.9
778,Perfluorodecanoic_acid,335-76-2,HCT116,2,96,1.34E-11,1.13E-06,5.29E-05,0.0075649,A,0.1
779,cyclosporine A,59865-13-3,HCT116,2,96,2.79E-07,0.00013154,0.00014498,0.876933,N,
780,chlorpromazine,50-53-3,HCT116,2,96,1.07E-07,5.54E-06,9.79E-05,0.0369488,B,9.4
781,PBDE 47,5436-43-1,HCT116,2,96,7.32E-06,4.52E-07,4.61E-05,0.00301207,N,
782,PBDE 99,60348-60-9,HCT116,2,96,8.12E-06,1.53E-07,3.99E-05,0.0010181,N,
783,PBDE 153,68631-49-2,HCT116,2,96,8.65E-06,4.20E-08,3.89E-05,0.000279944,N,
784,amiodarone,1951-25-3,HCT116,2,96,4.18E-07,1.04E-07,2.84E-05,0.000691984,B,9
785,Azathioprine,446-86-6,HCT116,2,96,2.49E-08,0.000149952,0.000149965,0.999677,A,8.2
786,Benzocaine,94-09-7,HCT116,2,96,5.01E-08,0.000148364,0.000149449,0.989096,N,
787,Butylated hydroxyanisole,25013-16-5,HCT116,2,96,6.50E-07,0.000101962,0.000138118,0.679749,N,
788,Cetirizine dihydrochloride,83881-52-1,HCT116,2,96,8.88E-09,0.000149889,0.000149952,0.99926,A,4.7
789,Cyclamate,139-05-9,HCT116,2,96,3.34E-06,0.000146659,0.000146661,0.977727,B,17.6
790,Cyclophosphamide,6055-19-2,HCT116,2,96,4.57E-08,0.000149857,0.000149917,0.999043,B,6.1
791,Cypermethrin,67375-30-8,HCT116,2,96,6.92E-06,6.64E-07,5.01E-05,0.00442945,N,
792,DEET,134-62-3,HCT116,2,96,7.65E-08,0.000146538,0.000148912,0.976917,N,
793,Dexamethasone,50-02-2,HCT116,2,96,5.37E-08,0.000148118,0.000149374,0.987451,N,
794,Digoxin,20830-75-5,HCT116,2,96,3.16E-08,0.000149591,0.000149836,0.99727,N,
795,Fenazaquin,120928-09-8,HCT116,2,96,3.62E-06,4.59E-06,9.25E-05,0.0306275,N,
796,Fenbuconazole,114369-43-6,HCT116,2,96,4.82E-07,0.000115634,0.00014119,0.770896,N,
797,Fluazinam,79622-59-6,HCT116,2,96,1.23E-06,5.04E-05,0.00012803,0.336087,N,
798,Furosemide,54-31-9,HCT116,2,96,2.11E-09,0.000147639,0.000149269,0.984257,A,3
799,Glybenclamide,10238-21-8,HCT116,2,96,6.95E-09,1.09E-05,0.000120757,0.0726032,A,5
800,HC Red 3,2871-01-4,HCT116,2,96,2.58E-08,0.000149949,0.000149964,0.999658,N,
801,Hydralazine hydrochloride,304-20-1,HCT116,2,96,4.35E-08,0.000149851,0.000149916,0.99901,B,6
802,Ketoconazole,65277-42-1,HCT116,2,96,1.26E-06,2.73E-05,0.000124784,0.181718,B,6.6
803,Metformin,1115-70-4,HCT116,2,96,1.46E-07,0.000149851,0.000149853,0.99901,B,9.6
804,Metoclopramide,364-62-5,HCT116,2,96,8.49E-08,0.000140585,0.000147323,0.937234,B,9
805,Nitrofurantoin,67-20-9,HCT116,2,96,2.18E-08,0.000149972,0.000149975,0.999814,A,7.3
806,Oxytetracycline hydrochloride,2058-46-0,HCT116,2,96,7.65E-09,0.000149992,0.000149992,0.999946,A,4.5
807,Panthenol,16485-10-2 ,HCT116,2,96,2.54E-08,0.000149972,0.000149974,0.999816,N,
808,Paracetamol,103-90-2,HCT116,2,96,2.63E-08,0.000149918,0.000149951,0.999452,N,
809,Topiramate,97240-79-4,HCT116,2,96,2.53E-08,0.000149974,0.000149974,0.999827,A,9.2
810,Trimellitic anhydride,552-30-7,HCT116,2,96,2.57E-09,0.000149391,0.000149791,0.995942,A,3.3
811,Verapamil hydrochloride,152-11-4,HCT116,2,96,6.63E-08,2.12E-05,0.000125032,0.141306,B,9.2
812,Warfarin,129-06-6,HCT116,2,96,1.25E-07,0.000143055,0.000147945,0.9537,N,
813,Caffeine,58-08-2,HEK293T,2,96,7.26E-08,0.000149912,0.000149921,0.999411,N,
814,Lamotrigine,84057-84-1,HEK293T,2,96,2.66E-07,0.000141372,0.000147403,0.942482,B,6.6
815,Diclofenac,15307-79-6,HEK293T,2,96,9.13E-06,0.000140774,0.000140831,0.938491,B,17.6
816,"2,4-Dichlorophenoxyacetic",94-75-7,HEK293T,2,96,4.91E-09,0.000135735,0.000146169,0.904897,A,2.7
817,(S)-Naproxen,22204-53-1,HEK293T,2,96,1.63E-08,0.000119281,0.0001423,0.795208,A,4.4
818,Ibuprofen,15687-27-1,HEK293T,2,96,2.94E-08,7.58E-05,0.00013329,0.505414,A,5.4
819,Torasemide,56211-40-6,HEK293T,2,96,1.01E-08,0.000106523,0.000139501,0.710151,A,4
820,Warfarin,81-81-2,HEK293T,2,96,2.04E-08,0.000138803,0.000146919,0.925356,A,4.5
821,di-n-butylphthalate,84-74-2,HEK293T,2,96,1.71E-06,1.57E-05,0.000123579,0.104901,N,
822,hexachlorophene,70-30-4,HEK293T,2,96,6.31E-07,1.10E-07,2.88E-05,0.000735988,A,6.2
823,hexamethylenetetramine,100-97-0,HEK293T,2,96,1.46E-07,0.000149668,0.000149669,0.99779,B,6.4
824,Malathion,121-75-5,HEK293T,2,96,1.55E-07,0.000144683,0.000148352,0.964553,N,
825,pentachlorophenol,87-86-5,HEK293T,2,96,1.10E-08,8.01E-06,0.000110678,0.0534123,A,5
826,"2,2,2-trichloroethanol",115-20-8,HEK293T,2,96,8.19E-08,0.000149122,0.000149486,0.994144,N,
827,diethylphthalate,84-66-2,HEK293T,2,96,1.71E-07,0.00014361,0.000148054,0.957401,N,
828,4-chlorophenol,106-48-9,HEK293T,2,96,1.61E-07,0.000144296,0.000148239,0.961973,N,
829,permethrin,52645-53-1,HEK293T,2,96,7.30E-06,8.38E-07,5.30E-05,0.00558792,N,
830,Aniline,62-53-3,HEK293T,2,96,7.52E-08,0.000149736,0.000149837,0.998243,N,
831,4-fluoroaniline,371-40-4,HEK293T,2,96,7.75E-08,0.000149576,0.000149763,0.997176,N,
832,"2,4,6-trichlorophenol",88-06-2,HEK293T,2,96,2.33E-07,7.93E-05,0.000133791,0.528649,A,6.8
833,Allyl alcohol,107-18-6,HEK293T,2,96,7.27E-08,0.000149738,0.000149754,0.998253,N,
834,N-methylaniline,100-61-8,HEK293T,2,96,8.91E-08,0.000148722,0.000149383,0.991482,N,
835,"3,4-dichloroaniline",95-76-1,HEK293T,2,96,2.43E-07,0.000138756,0.000146755,0.925041,N,
836,4-decylaniline,37529-30-9,HEK293T,2,96,6.78E-06,1.18E-06,5.85E-05,0.00788935,N,
837,naphthalene,91-20-3,HEK293T,2,96,6.23E-07,0.000109742,0.000138611,0.731617,N,
838,"1,2,4-trichlorobenzene",120-82-1,HEK293T,2,96,1.15E-06,4.40E-05,0.000108351,0.293054,N,
839,"1,2-dichlorobenzene",95-50-1,HEK293T,2,96,6.06E-07,8.08E-05,0.000110113,0.53837,N,
840,dichloromethane,75-09-2,HEK293T,2,96,6.42E-08,0.000121605,0.0001218,0.810702,N,
841,tetrachloroethylene,127-18-4,HEK293T,2,96,4.17E-07,5.93E-05,7.94E-05,0.395592,N,
842,"2,3-dimethyl-1,3-butadiene",513-81-5,HEK293T,2,96,1.61E-08,4.54E-06,5.22E-06,0.0302838,N,
843,Eugenol F,97-53-0,HEK293T,2,96,1.40E-07,0.00014567,0.000148623,0.971136,N,
844,Methyl-antranilate,134-20-3,HEK293T,2,96,1.00E-07,0.000148237,0.000149376,0.988249,N,
845,Lilyfore,285977-85-7,HEK293T,2,96,5.75E-07,0.000114922,0.00014096,0.766148,N,
846,Damascone beta,23726-91-2,HEK293T,2,96,1.58E-06,3.05E-05,0.000124713,0.203248,N,
847,Veloutone,14595-54-1,HEK293T,2,96,3.22E-06,6.30E-06,0.000102563,0.0420169,N,
848,Verdox,82356-51-2,HEK293T,2,96,7.15E-06,9.23E-07,5.44E-05,0.0061564,N,
849,Nirvanol,1506-02-1,HEK293T,2,96,4.67E-06,3.44E-06,8.36E-05,0.02296,N,
850,Cetalox,3738-00-9,HEK293T,2,96,3.61E-06,5.34E-06,9.69E-05,0.0355852,N,
851,Tonalide,21145-77-7,HEK293T,2,96,4.67E-06,3.44E-06,8.36E-05,0.02296,N,
852,"2,4-Dinitrophenol",51-28-5,HEK293T,2,96,1.53E-08,0.000148984,0.000149656,0.993224,A,4.1
853,Aldrin,309-00-2,HEK293T,2,96,7.29E-06,8.38E-07,5.30E-05,0.0055856,N,
854,Azinphos-methyl,86-50-0,HEK293T,2,96,2.66E-07,0.000137171,0.000146352,0.914476,N,
855,Chlorpyrifos,2921-88-2,HEK293T,2,96,2.28E-06,9.38E-06,0.000115536,0.0625013,N,
856,"DDD-p,p'",50-29-3,HEK293T,2,96,8.26E-06,3.65E-07,4.41E-05,0.00243474,N,
857,"DDT-o,p'",789-02-6,HEK293T,2,96,7.46E-06,7.45E-07,5.14E-05,0.0049664,N,
858,"DDT-p,p'",72-54-8,HEK293T,2,96,6.14E-06,1.71E-06,6.57E-05,0.0113779,N,
859,Diazinon,333-41-5,HEK293T,2,96,1.18E-06,6.77E-05,0.000131017,0.451171,N,
860,Dicofol,115-32-2,HEK293T,2,96,2.45E-06,8.74E-06,0.000113269,0.058243,N,
861,Dieldrin,60-57-1,HEK293T,2,96,2.73E-06,7.74E-06,0.000109307,0.0515784,N,
862,Disulfoton,298-04-4,HEK293T,2,96,1.39E-06,4.96E-05,0.000127773,0.330364,N,
863,Endosulfan I,115-29-7,HEK293T,2,96,1.20E-06,6.59E-05,0.000130676,0.439164,N,
864,Endrin,72-20-8,HEK293T,2,96,3.72E-06,5.14E-06,9.59E-05,0.0342445,N,
865,Ethion,563-12-2,HEK293T,2,96,2.59E-06,8.23E-06,0.000111315,0.0548436,N,
866,Heptachlor,76-44-8,HEK293T,2,96,6.07E-06,1.77E-06,6.65E-05,0.0117893,N,
867,Heptachlor epoxide B,1024-57-3,HEK293T,2,96,2.34E-06,9.16E-06,0.00011479,0.0610603,N,
868,Lindane,58-89-9,HEK293T,2,96,1.08E-06,7.58E-05,0.00013256,0.505528,N,
869,"Methoxychlor-o,p'",72-43-5,HEK293T,2,96,2.61E-06,8.13E-06,0.000110918,0.0541799,N,
870,Parathion,56-38-2,HEK293T,2,96,1.20E-06,6.59E-05,0.000130678,0.439171,N,
871,Trifluralin,1582-09-8,HEK293T,2,96,3.42E-06,5.82E-06,9.99E-05,0.0387719,N,
872,Cisapride,81098-60-4,HEK293T,2,96,3.44E-07,9.68E-05,0.000137201,0.645007,B,7.8
873,Citalopram hydrobromide,59729-33-8,HEK293T,2,96,5.41E-07,0.000117457,0.000141548,0.783047,N,
874,Dofetilide,115256-11-6,HEK293T,2,96,1.89E-07,0.000146092,0.000148701,0.973947,B,8.4
875,Moxifloxacin hydrochloride,186826-86-8,HEK293T,2,96,4.94E-08,0.000149675,0.000149852,0.997836,A,6
876,N-acetylpro-cainamide,32795-44-1,HEK293T,2,96,2.79E-07,0.000149411,0.00014961,0.996074,B,9.2
877,Quinidine sulfate,50-54-4,HEK293T,2,96,2.53E-07,0.00011622,0.000141432,0.774802,B,9.3
878,Sematilide,101526-83-4,HEK293T,2,96,2.58E-07,0.000149487,0.00014965,0.996577,B,9.1
879,Sotalol hydrochloride,959-24-0,HEK293T,2,96,2.40E-07,0.000149727,0.000149746,0.998183,B,9
880,Mifepristone,84371-65-3,HEK293T,2,96,2.07E-06,1.03E-05,0.000118534,0.0687218,N,
881,Perfluorobutanesulfonic_acid,375-73-5,HEK293T,2,96,4.75E-09,0.000149328,0.00014977,0.995522,A,-2.9
882,4_2_Fluorotelomer_sulfonic_acid,757124-72-4,HEK293T,2,96,4.70E-09,0.000148754,0.000149593,0.991695,A,1.4
883,Perfluorononanoic_acid,375-95-1,HEK293T,2,96,6.53E-11,2.04E-06,6.66E-05,0.0135801,A,0.1
884,Perfluorohexanoic_acid,307-24-4,HEK293T,2,96,1.17E-09,3.69E-05,0.000126828,0.245734,A,0.1
885,Perfluorobutanoic_acid,375-22-4,HEK293T,2,96,4.72E-09,0.000148867,0.000149628,0.992448,A,0.1
886,Perfluorooctanoic_acid,335-67-1,HEK293T,2,96,1.33E-09,4.18E-05,0.000127525,0.278679,A,0.1
887,6_2_Fluorotelomer_sulfonic_acid,27619-97-2,HEK293T,2,96,4.11E-09,0.000129894,0.000144761,0.865963,A,1.4
888,8_2_Fluorotelomer_sulfonic_acid,39108-34-4,HEK293T,2,96,1.21E-09,3.82E-05,0.000127016,0.254874,A,1.4
889,Perfluoroundecanoic_acid,2058-94-8,HEK293T,2,96,7.95E-11,2.49E-06,7.21E-05,0.0165771,A,0.1
890,Perfluorooctanesulfonic_acid,1763-23-1,HEK293T,2,96,7.91E-11,2.49E-06,7.21E-05,0.0165771,A,-2.9
891,Perfluoroheptanoic_acid,375-85-9,HEK293T,2,96,2.97E-09,9.36E-05,0.000136815,0.62432,A,0.1
892,Perfluoropentanoic_acid,2706-90-3,HEK293T,2,96,4.61E-09,0.000145323,0.000148624,0.968817,A,0.1
893,Perfluorohexanesulfonic_acid,355-46-4,HEK293T,2,96,4.41E-09,0.000138565,0.000146871,0.92377,A,-2.9
894,Perfluorodecanoic_acid,335-76-2,HEK293T,2,96,3.68E-11,1.13E-06,5.29E-05,0.00756489,A,0.1
895,cyclosporine A,59865-13-3,HEK293T,2,96,3.47E-07,0.00013148,0.000144914,0.876535,N,
896,chlorpromazine,50-53-3,HEK293T,2,96,1.26E-07,5.54E-06,9.79E-05,0.0369442,B,9.4
897,PBDE 47,5436-43-1,HEK293T,2,96,8.05E-06,4.49E-07,4.58E-05,0.00299665,N,
898,PBDE 99,60348-60-9,HEK293T,2,96,8.93E-06,1.52E-07,3.96E-05,0.00101232,N,
899,PBDE 153,68631-49-2,HEK293T,2,96,9.51E-06,4.17E-08,3.87E-05,0.000278253,N,
900,amiodarone,1951-25-3,HEK293T,2,96,4.62E-07,1.04E-07,2.84E-05,0.000691781,B,9
901,Azathioprine,446-86-6,HEK293T,2,96,7.02E-08,0.000149906,0.00014992,0.999374,A,8.2
902,Benzocaine,94-09-7,HEK293T,2,96,9.91E-08,0.000148316,0.0001494,0.988773,N,
903,Butylated hydroxyanisole,25013-16-5,HEK293T,2,96,7.48E-07,0.000101895,0.000138028,0.679302,N,
904,Cetirizine dihydrochloride,83881-52-1,HEK293T,2,96,2.53E-08,0.000149873,0.000149935,0.999151,A,4.7
905,Cyclamate,139-05-9,HEK293T,2,96,9.14E-06,0.000140856,0.000140859,0.939043,B,17.6
906,Cyclophosphamide,6055-19-2,HEK293T,2,96,1.27E-07,0.000149775,0.000149835,0.998499,B,6.1
907,Cypermethrin,67375-30-8,HEK293T,2,96,7.61E-06,6.61E-07,4.99E-05,0.00440802,N,
908,DEET,134-62-3,HEK293T,2,96,1.28E-07,0.000146487,0.000148861,0.976583,N,
909,Dexamethasone,50-02-2,HEK293T,2,96,1.03E-07,0.000148069,0.000149325,0.987126,N,
910,Digoxin,20830-75-5,HEK293T,2,96,7.90E-08,0.000149543,0.000149789,0.996954,N,
911,Fenazaquin,120928-09-8,HEK293T,2,96,4.00E-06,4.58E-06,9.23E-05,0.0305495,N,
912,Fenbuconazole,114369-43-6,HEK293T,2,96,5.67E-07,0.000115569,0.00014111,0.77046,N,
913,Fluazinam,79622-59-6,HEK293T,2,96,1.38E-06,5.04E-05,0.000127907,0.335762,N,
914,Furosemide,54-31-9,HEK293T,2,96,6.01E-09,0.000147635,0.000149265,0.984232,A,3
915,Glybenclamide,10238-21-8,HEK293T,2,96,9.06E-09,1.09E-05,0.000120755,0.0726022,A,5
916,HC Red 3,2871-01-4,HEK293T,2,96,7.28E-08,0.000149902,0.000149917,0.999345,N,
917,Hydralazine hydrochloride,304-20-1,HEK293T,2,96,1.21E-07,0.000149774,0.000149839,0.998494,B,6
918,Ketoconazole,65277-42-1,HEK293T,2,96,1.41E-06,2.72E-05,0.000124659,0.181536,B,6.6
919,Metformin,1115-70-4,HEK293T,2,96,4.16E-07,0.000149582,0.000149583,0.99721,B,9.6
920,Metoclopramide,364-62-5,HEK293T,2,96,2.32E-07,0.000140447,0.000147178,0.936316,B,9
921,Nitrofurantoin,67-20-9,HEK293T,2,96,6.21E-08,0.000149932,0.000149935,0.999545,A,7.3
922,Oxytetracycline hydrochloride,2058-46-0,HEK293T,2,96,2.18E-08,0.000149978,0.000149978,0.999851,A,4.5
923,Panthenol,16485-10-2 ,HEK293T,2,96,7.23E-08,0.000149925,0.000149927,0.999503,N,
924,Paracetamol,103-90-2,HEK293T,2,96,7.33E-08,0.000149871,0.000149904,0.999139,N,
925,Topiramate,97240-79-4,HEK293T,2,96,7.20E-08,0.000149927,0.000149928,0.999515,A,9.2
926,Trimellitic anhydride,552-30-7,HEK293T,2,96,7.33E-09,0.000149387,0.000149786,0.995911,A,3.3
927,Verapamil hydrochloride,152-11-4,HEK293T,2,96,9.75E-08,2.12E-05,0.000125006,0.141277,B,9.2
928,Warfarin,129-06-6,HEK293T,2,96,1.80E-07,0.000143002,0.000147891,0.953348,N,
929,Caffeine,58-08-2,HepG2,2,96,2.95E-08,0.000149955,0.000149964,0.999698,N,
930,Lamotrigine,84057-84-1,HepG2,2,96,2.13E-07,0.000141422,0.000147455,0.942814,B,6.6
931,Diclofenac,15307-79-6,HepG2,2,96,3.81E-06,0.000146095,0.000146154,0.973965,B,17.6
932,"2,4-Dichlorophenoxyacetic",94-75-7,HepG2,2,96,1.97E-09,0.000135737,0.000146172,0.904915,A,2.7
933,(S)-Naproxen,22204-53-1,HepG2,2,96,6.83E-09,0.000119289,0.000142309,0.795258,A,4.4
934,Ibuprofen,15687-27-1,HepG2,2,96,2.06E-08,7.58E-05,0.000133298,0.505444,A,5.4
935,Torasemide,56211-40-6,HepG2,2,96,4.16E-09,0.000106527,0.000139507,0.710179,A,4
936,Warfarin,81-81-2,HepG2,2,96,8.32E-09,0.000138815,0.000146931,0.92543,A,4.5
937,di-n-butylphthalate,84-74-2,HepG2,2,96,2.22E-06,1.57E-05,0.000123149,0.104536,N,
938,hexachlorophene,70-30-4,HepG2,2,96,8.26E-07,1.10E-07,2.88E-05,0.000735026,A,6.2
939,hexamethylenetetramine,100-97-0,HepG2,2,96,5.87E-08,0.000149756,0.000149756,0.99837,B,6.4
940,Malathion,121-75-5,HepG2,2,96,1.40E-07,0.000144697,0.000148367,0.96465,N,
941,pentachlorophenol,87-86-5,HepG2,2,96,1.29E-08,8.01E-06,0.000110677,0.0534116,A,5
942,"2,2,2-trichloroethanol",115-20-8,HepG2,2,96,4.21E-08,0.000149161,0.000149526,0.994408,N,
943,diethylphthalate,84-66-2,HepG2,2,96,1.62E-07,0.000143619,0.000148064,0.957463,N,
944,4-chlorophenol,106-48-9,HepG2,2,96,1.48E-07,0.000144309,0.000148252,0.962058,N,
945,permethrin,52645-53-1,HepG2,2,96,9.42E-06,8.26E-07,5.22E-05,0.00550469,N,
946,Aniline,62-53-3,HepG2,2,96,3.30E-08,0.000149779,0.000149879,0.998524,N,
947,4-fluoroaniline,371-40-4,HepG2,2,96,3.61E-08,0.000149618,0.000149805,0.997451,N,
948,"2,4,6-trichlorophenol",88-06-2,HepG2,2,96,2.78E-07,7.93E-05,0.00013375,0.52849,A,6.8
949,Allyl alcohol,107-18-6,HepG2,2,96,2.98E-08,0.000149781,0.000149797,0.998539,N,
950,N-methylaniline,100-61-8,HepG2,2,96,5.17E-08,0.000148759,0.00014942,0.991729,N,
951,"3,4-dichloroaniline",95-76-1,HepG2,2,96,2.57E-07,0.000138743,0.000146741,0.92495,N,
952,4-decylaniline,37529-30-9,HepG2,2,96,8.76E-06,1.17E-06,5.77E-05,0.0077801,N,
953,naphthalene,91-20-3,HepG2,2,96,7.68E-07,0.000109636,0.000138476,0.730905,N,
954,"1,2,4-trichlorobenzene",120-82-1,HepG2,2,96,1.48E-06,4.39E-05,0.000108104,0.292385,N,
955,"1,2-dichlorobenzene",95-50-1,HepG2,2,96,7.58E-07,8.07E-05,0.000109996,0.537799,N,
956,dichloromethane,75-09-2,HepG2,2,96,3.08E-08,0.000121628,0.000121822,0.810851,N,
957,tetrachloroethylene,127-18-4,HepG2,2,96,5.21E-07,5.93E-05,7.93E-05,0.395284,N,
958,"2,3-dimethyl-1,3-butadiene",513-81-5,HepG2,2,96,1.91E-08,4.54E-06,5.22E-06,0.0302772,N,
959,Eugenol F,97-53-0,HepG2,2,96,1.20E-07,0.00014569,0.000148643,0.971267,N,
960,Methyl-antranilate,134-20-3,HepG2,2,96,6.66E-08,0.000148271,0.000149409,0.988471,N,
961,Lilyfore,285977-85-7,HepG2,2,96,7.03E-07,0.000114824,0.000140839,0.765492,N,
962,Damascone beta,23726-91-2,HepG2,2,96,2.06E-06,3.04E-05,0.000124316,0.202601,N,
963,Veloutone,14595-54-1,HepG2,2,96,4.19E-06,6.26E-06,0.000101884,0.0417388,N,
964,Verdox,82356-51-2,HepG2,2,96,9.24E-06,9.10E-07,5.36E-05,0.00606644,N,
965,Nirvanol,1506-02-1,HepG2,2,96,6.06E-06,3.41E-06,8.28E-05,0.0227402,N,
966,Cetalox,3738-00-9,HepG2,2,96,4.69E-06,5.30E-06,9.62E-05,0.0353217,N,
967,Tonalide,21145-77-7,HepG2,2,96,6.06E-06,3.41E-06,8.28E-05,0.0227402,N,
968,"2,4-Dinitrophenol",51-28-5,HepG2,2,96,6.16E-09,0.000148993,0.000149665,0.993285,A,4.1
969,Aldrin,309-00-2,HepG2,2,96,9.42E-06,8.25E-07,5.22E-05,0.00550243,N,
970,Azinphos-methyl,86-50-0,HepG2,2,96,2.88E-07,0.000137151,0.00014633,0.914338,N,
971,Chlorpyrifos,2921-88-2,HepG2,2,96,2.98E-06,9.33E-06,0.000114995,0.0622084,N,
972,"DDD-p,p'",50-29-3,HepG2,2,96,1.06E-05,3.59E-07,4.34E-05,0.00239376,N,
973,"DDT-o,p'",789-02-6,HepG2,2,96,9.62E-06,7.34E-07,5.06E-05,0.00489082,N,
974,"DDT-p,p'",72-54-8,HepG2,2,96,7.94E-06,1.69E-06,6.49E-05,0.0112351,N,
975,Diazinon,333-41-5,HepG2,2,96,1.51E-06,6.75E-05,0.000130723,0.450161,N,
976,Dicofol,115-32-2,HepG2,2,96,3.19E-06,8.69E-06,0.0001127,0.0579507,N,
977,Dieldrin,60-57-1,HepG2,2,96,3.56E-06,7.69E-06,0.000108695,0.0512892,N,
978,Disulfoton,298-04-4,HepG2,2,96,1.79E-06,4.94E-05,0.000127425,0.329464,N,
979,Endosulfan I,115-29-7,HepG2,2,96,1.54E-06,6.57E-05,0.000130377,0.438159,N,
980,Endrin,72-20-8,HepG2,2,96,4.84E-06,5.10E-06,9.52E-05,0.0339829,N,
981,Ethion,563-12-2,HepG2,2,96,3.37E-06,8.18E-06,0.000110725,0.0545525,N,
982,Heptachlor,76-44-8,HepG2,2,96,7.86E-06,1.75E-06,6.57E-05,0.0116429,N,
983,Heptachlor epoxide B,1024-57-3,HepG2,2,96,3.04E-06,9.12E-06,0.00011424,0.0607675,N,
984,Lindane,58-89-9,HepG2,2,96,1.38E-06,7.57E-05,0.000132293,0.504512,N,
985,"Methoxychlor-o,p'",72-43-5,HepG2,2,96,3.40E-06,8.08E-06,0.000110323,0.0538892,N,
986,Parathion,56-38-2,HepG2,2,96,1.54E-06,6.57E-05,0.000130379,0.438166,N,
987,Trifluralin,1582-09-8,HepG2,2,96,4.45E-06,5.77E-06,9.92E-05,0.0384998,N,
988,Cisapride,81098-60-4,HepG2,2,96,3.47E-07,9.67E-05,0.000137198,0.644994,B,7.8
989,Citalopram hydrobromide,59729-33-8,HepG2,2,96,6.57E-07,0.000117366,0.000141437,0.782438,N,
990,Dofetilide,115256-11-6,HepG2,2,96,8.22E-08,0.000146196,0.000148807,0.974643,B,8.4
991,Moxifloxacin hydrochloride,186826-86-8,HepG2,2,96,2.00E-08,0.000149705,0.000149881,0.998031,A,6
992,N-acetylpro-cainamide,32795-44-1,HepG2,2,96,1.12E-07,0.000149577,0.000149777,0.997182,B,9.2
993,Quinidine sulfate,50-54-4,HepG2,2,96,1.16E-07,0.000116326,0.000141561,0.775508,B,9.3
994,Sematilide,101526-83-4,HepG2,2,96,1.04E-07,0.00014964,0.000149804,0.997601,B,9.1
995,Sotalol hydrochloride,959-24-0,HepG2,2,96,9.67E-08,0.000149871,0.00014989,0.99914,B,9
996,Mifepristone,84371-65-3,HepG2,2,96,2.70E-06,1.03E-05,0.00011803,0.0684299,N,
997,Perfluorobutanesulfonic_acid,375-73-5,HepG2,2,96,1.91E-09,0.000149331,0.000149772,0.995541,A,-2.9
998,4_2_Fluorotelomer_sulfonic_acid,757124-72-4,HepG2,2,96,1.89E-09,0.000148757,0.000149596,0.991714,A,1.4
999,Perfluorononanoic_acid,375-95-1,HepG2,2,96,2.69E-11,2.04E-06,6.66E-05,0.0135801,A,0.1
1000,Perfluorohexanoic_acid,307-24-4,HepG2,2,96,4.70E-10,3.69E-05,0.000126829,0.245735,A,0.1
1001,Perfluorobutanoic_acid,375-22-4,HepG2,2,96,1.90E-09,0.00014887,0.00014963,0.992467,A,0.1
1002,Perfluorooctanoic_acid,335-67-1,HepG2,2,96,5.33E-10,4.18E-05,0.000127526,0.278681,A,0.1
1003,6_2_Fluorotelomer_sulfonic_acid,27619-97-2,HepG2,2,96,1.65E-09,0.000129897,0.000144764,0.865977,A,1.4
1004,8_2_Fluorotelomer_sulfonic_acid,39108-34-4,HepG2,2,96,4.87E-10,3.82E-05,0.000127017,0.254875,A,1.4
1005,Perfluoroundecanoic_acid,2058-94-8,HepG2,2,96,3.26E-11,2.49E-06,7.21E-05,0.0165771,A,0.1
1006,Perfluorooctanesulfonic_acid,1763-23-1,HepG2,2,96,3.18E-11,2.49E-06,7.21E-05,0.0165771,A,-2.9
1007,Perfluoroheptanoic_acid,375-85-9,HepG2,2,96,1.19E-09,9.36E-05,0.000136817,0.624328,A,0.1
1008,Perfluoropentanoic_acid,2706-90-3,HepG2,2,96,1.85E-09,0.000145325,0.000148627,0.968835,A,0.1
1009,Perfluorohexanesulfonic_acid,355-46-4,HepG2,2,96,1.77E-09,0.000138568,0.000146874,0.923786,A,-2.9
1010,Perfluorodecanoic_acid,335-76-2,HepG2,2,96,1.56E-11,1.13E-06,5.29E-05,0.0075649,A,0.1
1011,cyclosporine A,59865-13-3,HepG2,2,96,3.97E-07,0.000131436,0.000144866,0.876241,N,
1012,chlorpromazine,50-53-3,HepG2,2,96,1.53E-07,5.54E-06,9.79E-05,0.0369373,B,9.4
1013,PBDE 47,5436-43-1,HepG2,2,96,1.04E-05,4.42E-07,4.51E-05,0.00294746,N,
1014,PBDE 99,60348-60-9,HepG2,2,96,1.15E-05,1.49E-07,3.89E-05,0.00099392,N,
1015,PBDE 153,68631-49-2,HepG2,2,96,1.22E-05,4.09E-08,3.79E-05,0.000272875,N,
1016,amiodarone,1951-25-3,HepG2,2,96,6.05E-07,1.04E-07,2.84E-05,0.000691119,B,9
1017,Azathioprine,446-86-6,HepG2,2,96,2.86E-08,0.000149948,0.000149961,0.999652,A,8.2
1018,Benzocaine,94-09-7,HepG2,2,96,6.49E-08,0.00014835,0.000149434,0.988998,N,
1019,Butylated hydroxyanisole,25013-16-5,HepG2,2,96,9.35E-07,0.000101768,0.000137855,0.678452,N,
1020,Cetirizine dihydrochloride,83881-52-1,HepG2,2,96,1.02E-08,0.000149888,0.000149951,0.999252,A,4.7
1021,Cyclamate,139-05-9,HepG2,2,96,3.81E-06,0.000146184,0.000146186,0.974559,B,17.6
1022,Cyclophosphamide,6055-19-2,HepG2,2,96,5.29E-08,0.000149849,0.00014991,0.998996,B,6.1
1023,Cypermethrin,67375-30-8,HepG2,2,96,9.82E-06,6.51E-07,4.91E-05,0.00433958,N,
1024,DEET,134-62-3,HepG2,2,96,1.03E-07,0.000146511,0.000148885,0.976742,N,
1025,Dexamethasone,50-02-2,HepG2,2,96,7.02E-08,0.000148101,0.000149358,0.987342,N,
1026,Digoxin,20830-75-5,HepG2,2,96,3.81E-08,0.000149584,0.00014983,0.997227,N,
1027,Fenazaquin,120928-09-8,HepG2,2,96,5.19E-06,4.54E-06,9.15E-05,0.030299,N,
1028,Fenbuconazole,114369-43-6,HepG2,2,96,6.92E-07,0.000115472,0.000140992,0.769816,N,
1029,Fluazinam,79622-59-6,HepG2,2,96,1.78E-06,5.02E-05,0.000127561,0.334854,N,
1030,Furosemide,54-31-9,HepG2,2,96,2.42E-09,0.000147638,0.000149269,0.984255,A,3
1031,Glybenclamide,10238-21-8,HepG2,2,96,9.83E-09,1.09E-05,0.000120754,0.0726018,A,5
1032,HC Red 3,2871-01-4,HepG2,2,96,2.97E-08,0.000149945,0.00014996,0.999632,N,
1033,Hydralazine hydrochloride,304-20-1,HepG2,2,96,5.03E-08,0.000149845,0.00014991,0.998964,B,6
1034,Ketoconazole,65277-42-1,HepG2,2,96,1.82E-06,2.72E-05,0.000124316,0.181037,B,6.6
1035,Metformin,1115-70-4,HepG2,2,96,1.67E-07,0.00014983,0.000149831,0.998868,B,9.6
1036,Metoclopramide,364-62-5,HepG2,2,96,9.90E-08,0.000140572,0.000147309,0.937146,B,9
1037,Nitrofurantoin,67-20-9,HepG2,2,96,2.50E-08,0.000149969,0.000149972,0.999793,A,7.3
1038,Oxytetracycline hydrochloride,2058-46-0,HepG2,2,96,8.77E-09,0.000149991,0.000149991,0.999938,A,4.5
1039,Panthenol,16485-10-2 ,HepG2,2,96,2.91E-08,0.000149969,0.00014997,0.999791,N,
1040,Paracetamol,103-90-2,HepG2,2,96,3.05E-08,0.000149914,0.000149947,0.999425,N,
1041,Topiramate,97240-79-4,HepG2,2,96,2.90E-08,0.00014997,0.000149971,0.999802,A,9.2
1042,Trimellitic anhydride,552-30-7,HepG2,2,96,2.94E-09,0.000149391,0.000149791,0.99594,A,3.3
1043,Verapamil hydrochloride,152-11-4,HepG2,2,96,9.19E-08,2.12E-05,0.00012501,0.141282,B,9.2
1044,Warfarin,129-06-6,HepG2,2,96,1.74E-07,0.000143008,0.000147897,0.953389,N,
1045,Caffeine,58-08-2,Me_180,2,96,3.74E-08,0.000149947,0.000149956,0.999645,N,
1046,Lamotrigine,84057-84-1,Me_180,2,96,2.49E-07,0.000141388,0.00014742,0.942589,B,6.6
1047,Diclofenac,15307-79-6,Me_180,2,96,4.81E-06,0.000145095,0.000145154,0.967301,B,17.6
1048,"2,4-Dichlorophenoxyacetic",94-75-7,Me_180,2,96,2.51E-09,0.000135737,0.000146171,0.904912,A,2.7
1049,(S)-Naproxen,22204-53-1,Me_180,2,96,8.63E-09,0.000119287,0.000142308,0.795248,A,4.4
1050,Ibuprofen,15687-27-1,Me_180,2,96,2.43E-08,7.58E-05,0.000133294,0.505431,A,5.4
1051,Torasemide,56211-40-6,Me_180,2,96,5.26E-09,0.000106526,0.000139506,0.710173,A,4
1052,Warfarin,81-81-2,Me_180,2,96,1.05E-08,0.000138812,0.000146929,0.925416,A,4.5
1053,di-n-butylphthalate,84-74-2,Me_180,2,96,2.50E-06,1.57E-05,0.000122916,0.104338,N,
1054,hexachlorophene,70-30-4,Me_180,2,96,9.31E-07,1.10E-07,2.88E-05,0.000734509,A,6.2
1055,hexamethylenetetramine,100-97-0,Me_180,2,96,7.46E-08,0.00014974,0.00014974,0.998264,B,6.4
1056,Malathion,121-75-5,Me_180,2,96,1.62E-07,0.000144676,0.000148345,0.964509,N,
1057,pentachlorophenol,87-86-5,Me_180,2,96,1.47E-08,8.01E-06,0.000110675,0.053411,A,5
1058,"2,2,2-trichloroethanol",115-20-8,Me_180,2,96,5.16E-08,0.000149152,0.000149516,0.994345,N,
1059,diethylphthalate,84-66-2,Me_180,2,96,1.86E-07,0.000143596,0.000148039,0.957305,N,
1060,4-chlorophenol,106-48-9,Me_180,2,96,1.71E-07,0.000144287,0.000148229,0.961911,N,
1061,permethrin,52645-53-1,Me_180,2,96,1.05E-05,8.19E-07,5.18E-05,0.00546089,N,
1062,Aniline,62-53-3,Me_180,2,96,4.14E-08,0.00014977,0.000149871,0.998468,N,
1063,4-fluoroaniline,371-40-4,Me_180,2,96,4.48E-08,0.000149609,0.000149796,0.997393,N,
1064,"2,4,6-trichlorophenol",88-06-2,Me_180,2,96,3.15E-07,7.93E-05,0.000133717,0.528359,A,6.8
1065,Allyl alcohol,107-18-6,Me_180,2,96,3.77E-08,0.000149773,0.000149789,0.998486,N,
1066,N-methylaniline,100-61-8,Me_180,2,96,6.24E-08,0.000148749,0.00014941,0.991658,N,
1067,"3,4-dichloroaniline",95-76-1,Me_180,2,96,2.94E-07,0.000138709,0.000146705,0.924724,N,
1068,4-decylaniline,37529-30-9,Me_180,2,96,9.80E-06,1.16E-06,5.73E-05,0.00772252,N,
1069,naphthalene,91-20-3,Me_180,2,96,8.69E-07,0.000109562,0.000138383,0.730413,N,
1070,"1,2,4-trichlorobenzene",120-82-1,Me_180,2,96,1.67E-06,4.38E-05,0.000107967,0.292015,N,
1071,"1,2-dichlorobenzene",95-50-1,Me_180,2,96,8.57E-07,8.06E-05,0.000109924,0.537448,N,
1072,dichloromethane,75-09-2,Me_180,2,96,3.81E-08,0.000121623,0.000121817,0.810817,N,
1073,tetrachloroethylene,127-18-4,Me_180,2,96,5.89E-07,5.93E-05,7.93E-05,0.395111,N,
1074,"2,3-dimethyl-1,3-butadiene",513-81-5,Me_180,2,96,2.16E-08,4.54E-06,5.22E-06,0.0302778,N,
1075,Eugenol F,97-53-0,Me_180,2,96,1.39E-07,0.000145671,0.000148624,0.971141,N,
1076,Methyl-antranilate,134-20-3,Me_180,2,96,7.92E-08,0.000148258,0.000149397,0.988388,N,
1077,Lilyfore,285977-85-7,Me_180,2,96,7.96E-07,0.000114753,0.000140752,0.765018,N,
1078,Damascone beta,23726-91-2,Me_180,2,96,2.31E-06,3.03E-05,0.000124098,0.202246,N,
1079,Veloutone,14595-54-1,Me_180,2,96,4.71E-06,6.24E-06,0.000101522,0.0415903,N,
1080,Verdox,82356-51-2,Me_180,2,96,1.03E-05,9.03E-07,5.32E-05,0.00601909,N,
1081,Nirvanol,1506-02-1,Me_180,2,96,6.80E-06,3.39E-06,8.24E-05,0.0226235,N,
1082,Cetalox,3738-00-9,Me_180,2,96,5.27E-06,5.28E-06,9.58E-05,0.0351812,N,
1083,Tonalide,21145-77-7,Me_180,2,96,6.80E-06,3.39E-06,8.24E-05,0.0226235,N,
1084,"2,4-Dinitrophenol",51-28-5,Me_180,2,96,7.83E-09,0.000148991,0.000149663,0.993274,A,4.1
1085,Aldrin,309-00-2,Me_180,2,96,1.05E-05,8.19E-07,5.18E-05,0.00545867,N,
1086,Azinphos-methyl,86-50-0,Me_180,2,96,3.29E-07,0.000137114,0.000146291,0.914091,N,
1087,Chlorpyrifos,2921-88-2,Me_180,2,96,3.35E-06,9.31E-06,0.000114704,0.0620511,N,
1088,"DDD-p,p'",50-29-3,Me_180,2,96,1.19E-05,3.56E-07,4.30E-05,0.00237227,N,
1089,"DDT-o,p'",789-02-6,Me_180,2,96,1.08E-05,7.28E-07,5.02E-05,0.00485107,N,
1090,"DDT-p,p'",72-54-8,Me_180,2,96,8.90E-06,1.67E-06,6.44E-05,0.0111596,N,
1091,Diazinon,333-41-5,Me_180,2,96,1.70E-06,6.74E-05,0.000130554,0.449577,N,
1092,Dicofol,115-32-2,Me_180,2,96,3.58E-06,8.67E-06,0.000112395,0.0577939,N,
1093,Dieldrin,60-57-1,Me_180,2,96,4.00E-06,7.67E-06,0.000108366,0.0511344,N,
1094,Disulfoton,298-04-4,Me_180,2,96,2.02E-06,4.93E-05,0.00012723,0.328959,N,
1095,Endosulfan I,115-29-7,Me_180,2,96,1.74E-06,6.56E-05,0.000130205,0.43758,N,
1096,Endrin,72-20-8,Me_180,2,96,5.43E-06,5.08E-06,9.48E-05,0.0338436,N,
1097,Ethion,563-12-2,Me_180,2,96,3.79E-06,8.16E-06,0.000110408,0.0543965,N,
1098,Heptachlor,76-44-8,Me_180,2,96,8.80E-06,1.73E-06,6.52E-05,0.0115655,N,
1099,Heptachlor epoxide B,1024-57-3,Me_180,2,96,3.43E-06,9.09E-06,0.000113944,0.0606103,N,
1100,Lindane,58-89-9,Me_180,2,96,1.55E-06,7.56E-05,0.000132136,0.503914,N,
1101,"Methoxychlor-o,p'",72-43-5,Me_180,2,96,3.83E-06,8.06E-06,0.000110004,0.0537334,N,
1102,Parathion,56-38-2,Me_180,2,96,1.74E-06,6.56E-05,0.000130207,0.437587,N,
1103,Trifluralin,1582-09-8,Me_180,2,96,5.00E-06,5.75E-06,9.89E-05,0.0383546,N,
1104,Cisapride,81098-60-4,Me_180,2,96,3.98E-07,9.67E-05,0.000137152,0.644775,B,7.8
1105,Citalopram hydrobromide,59729-33-8,Me_180,2,96,7.44E-07,0.000117297,0.000141355,0.781983,N,
1106,Dofetilide,115256-11-6,Me_180,2,96,1.03E-07,0.000146176,0.000148786,0.974506,B,8.4
1107,Moxifloxacin hydrochloride,186826-86-8,Me_180,2,96,2.54E-08,0.000149699,0.000149876,0.997995,A,6
1108,N-acetylpro-cainamide,32795-44-1,Me_180,2,96,1.43E-07,0.000149547,0.000149746,0.996979,B,9.2
1109,Quinidine sulfate,50-54-4,Me_180,2,96,1.45E-07,0.000116304,0.000141534,0.775361,B,9.3
1110,Sematilide,101526-83-4,Me_180,2,96,1.32E-07,0.000149612,0.000149776,0.997414,B,9.1
1111,Sotalol hydrochloride,959-24-0,Me_180,2,96,1.23E-07,0.000149845,0.000149864,0.998966,B,9
1112,Mifepristone,84371-65-3,Me_180,2,96,3.04E-06,1.02E-05,0.00011776,0.0682728,N,
1113,Perfluorobutanesulfonic_acid,375-73-5,Me_180,2,96,2.43E-09,0.000149331,0.000149772,0.995538,A,-2.9
1114,4_2_Fluorotelomer_sulfonic_acid,757124-72-4,Me_180,2,96,2.40E-09,0.000148757,0.000149596,0.99171,A,1.4
1115,Perfluorononanoic_acid,375-95-1,Me_180,2,96,3.41E-11,2.04E-06,6.66E-05,0.0135801,A,0.1
1116,Perfluorohexanoic_acid,307-24-4,Me_180,2,96,5.97E-10,3.69E-05,0.000126829,0.245735,A,0.1
1117,Perfluorobutanoic_acid,375-22-4,Me_180,2,96,2.41E-09,0.00014887,0.00014963,0.992463,A,0.1
1118,Perfluorooctanoic_acid,335-67-1,Me_180,2,96,6.77E-10,4.18E-05,0.000127526,0.27868,A,0.1
1119,6_2_Fluorotelomer_sulfonic_acid,27619-97-2,Me_180,2,96,2.10E-09,0.000129896,0.000144763,0.865974,A,1.4
1120,8_2_Fluorotelomer_sulfonic_acid,39108-34-4,Me_180,2,96,6.19E-10,3.82E-05,0.000127017,0.254875,A,1.4
1121,Perfluoroundecanoic_acid,2058-94-8,Me_180,2,96,4.13E-11,2.49E-06,7.21E-05,0.0165771,A,0.1
1122,Perfluorooctanesulfonic_acid,1763-23-1,Me_180,2,96,4.04E-11,2.49E-06,7.21E-05,0.0165771,A,-2.9
1123,Perfluoroheptanoic_acid,375-85-9,Me_180,2,96,1.52E-09,9.36E-05,0.000136816,0.624326,A,0.1
1124,Perfluoropentanoic_acid,2706-90-3,Me_180,2,96,2.35E-09,0.000145325,0.000148626,0.968832,A,0.1
1125,Perfluorohexanesulfonic_acid,355-46-4,Me_180,2,96,2.25E-09,0.000138567,0.000146874,0.923783,A,-2.9
1126,Perfluorodecanoic_acid,335-76-2,Me_180,2,96,1.97E-11,1.13E-06,5.29E-05,0.00756489,A,0.1
1127,cyclosporine A,59865-13-3,Me_180,2,96,4.51E-07,0.000131388,0.000144813,0.875923,N,
1128,chlorpromazine,50-53-3,Me_180,2,96,1.74E-07,5.54E-06,9.79E-05,0.0369323,B,9.4
1129,PBDE 47,5436-43-1,Me_180,2,96,1.16E-05,4.38E-07,4.47E-05,0.00292164,N,
1130,PBDE 99,60348-60-9,Me_180,2,96,1.28E-05,1.48E-07,3.85E-05,0.00098429,N,
1131,PBDE 153,68631-49-2,Me_180,2,96,1.36E-05,4.05E-08,3.75E-05,0.000270065,N,
1132,amiodarone,1951-25-3,Me_180,2,96,6.82E-07,1.04E-07,2.83E-05,0.000690763,B,9
1133,Azathioprine,446-86-6,Me_180,2,96,3.63E-08,0.00014994,0.000149954,0.999601,A,8.2
1134,Benzocaine,94-09-7,Me_180,2,96,7.74E-08,0.000148337,0.000149421,0.988916,N,
1135,Butylated hydroxyanisole,25013-16-5,Me_180,2,96,1.06E-06,0.000101685,0.000137743,0.6779,N,
1136,Cetirizine dihydrochloride,83881-52-1,Me_180,2,96,1.29E-08,0.000149885,0.000149948,0.999233,A,4.7
1137,Cyclamate,139-05-9,Me_180,2,96,4.81E-06,0.000145183,0.000145186,0.967888,B,17.6
1138,Cyclophosphamide,6055-19-2,Me_180,2,96,6.69E-08,0.000149835,0.000149896,0.998902,B,6.1
1139,Cypermethrin,67375-30-8,Me_180,2,96,1.10E-05,6.46E-07,4.87E-05,0.0043036,N,
1140,DEET,134-62-3,Me_180,2,96,1.21E-07,0.000146495,0.000148868,0.97663,N,
1141,Dexamethasone,50-02-2,Me_180,2,96,8.33E-08,0.000148088,0.000149345,0.987256,N,
1142,Digoxin,20830-75-5,Me_180,2,96,4.71E-08,0.000149575,0.000149821,0.997167,N,
1143,Fenazaquin,120928-09-8,Me_180,2,96,5.83E-06,4.52E-06,9.11E-05,0.0301656,N,
1144,Fenbuconazole,114369-43-6,Me_180,2,96,7.83E-07,0.000115402,0.000140906,0.769346,N,
1145,Fluazinam,79622-59-6,Me_180,2,96,2.01E-06,5.02E-05,0.000127367,0.334345,N,
1146,Furosemide,54-31-9,Me_180,2,96,3.07E-09,0.000147638,0.000149268,0.984251,A,3
1147,Glybenclamide,10238-21-8,Me_180,2,96,1.12E-08,1.09E-05,0.000120753,0.0726011,A,5
1148,HC Red 3,2871-01-4,Me_180,2,96,3.77E-08,0.000149937,0.000149952,0.999579,N,
1149,Hydralazine hydrochloride,304-20-1,Me_180,2,96,6.36E-08,0.000149831,0.000149896,0.998875,B,6
1150,Ketoconazole,65277-42-1,Me_180,2,96,2.05E-06,2.71E-05,0.000124123,0.180755,B,6.6
1151,Metformin,1115-70-4,Me_180,2,96,2.13E-07,0.000149785,0.000149786,0.998565,B,9.6
1152,Metoclopramide,364-62-5,Me_180,2,96,1.25E-07,0.000140548,0.000147284,0.936985,B,9
1153,Nitrofurantoin,67-20-9,Me_180,2,96,3.18E-08,0.000149962,0.000149965,0.999747,A,7.3
1154,Oxytetracycline hydrochloride,2058-46-0,Me_180,2,96,1.12E-08,0.000149988,0.000149989,0.999922,A,4.5
1155,Panthenol,16485-10-2 ,Me_180,2,96,3.70E-08,0.000149961,0.000149962,0.999738,N,
1156,Paracetamol,103-90-2,Me_180,2,96,3.85E-08,0.000149906,0.000149939,0.999371,N,
1157,Topiramate,97240-79-4,Me_180,2,96,3.68E-08,0.000149962,0.000149963,0.99975,A,9.2
1158,Trimellitic anhydride,552-30-7,Me_180,2,96,3.74E-09,0.00014939,0.00014979,0.995935,A,3.3
1159,Verapamil hydrochloride,152-11-4,Me_180,2,96,1.06E-07,2.12E-05,0.000124999,0.141269,B,9.2
1160,Warfarin,129-06-6,Me_180,2,96,2.00E-07,0.000142983,0.000147871,0.953223,N,
1161,Caffeine,58-08-2,H4lle,2,96,3.49E-08,0.000149949,0.000149958,0.999662,N,
1162,Lamotrigine,84057-84-1,H4lle,2,96,1.05E-07,0.000141524,0.000147561,0.943491,B,6.6
1163,Diclofenac,15307-79-6,H4lle,2,96,4.54E-06,0.000145364,0.000145423,0.969095,B,17.6
1164,"2,4-Dichlorophenoxyacetic",94-75-7,H4lle,2,96,2.36E-09,0.000135737,0.000146171,0.904913,A,2.7
1165,(S)-Naproxen,22204-53-1,H4lle,2,96,7.80E-09,0.000119288,0.000142308,0.795253,A,4.4
1166,Ibuprofen,15687-27-1,H4lle,2,96,1.23E-08,7.58E-05,0.000133305,0.505471,A,5.4
1167,Torasemide,56211-40-6,H4lle,2,96,4.82E-09,0.000106526,0.000139506,0.710175,A,4
1168,Warfarin,81-81-2,H4lle,2,96,9.77E-09,0.000138813,0.00014693,0.925421,A,4.5
1169,di-n-butylphthalate,84-74-2,H4lle,2,96,4.96E-07,1.59E-05,0.000124587,0.105757,N,
1170,hexachlorophene,70-30-4,H4lle,2,96,1.82E-07,1.11E-07,2.89E-05,0.0007382,A,6.2
1171,hexamethylenetetramine,100-97-0,H4lle,2,96,7.03E-08,0.000149744,0.000149744,0.998293,B,6.4
1172,Malathion,121-75-5,H4lle,2,96,5.82E-08,0.000144777,0.000148448,0.965177,N,
1173,pentachlorophenol,87-86-5,H4lle,2,96,3.49E-09,8.01E-06,0.000110684,0.053415,A,5
1174,"2,2,2-trichloroethanol",115-20-8,H4lle,2,96,3.75E-08,0.000149166,0.00014953,0.994438,N,
1175,diethylphthalate,84-66-2,H4lle,2,96,6.28E-08,0.000143714,0.000148162,0.958095,N,
1176,4-chlorophenol,106-48-9,H4lle,2,96,5.98E-08,0.000144393,0.000148339,0.962623,N,
1177,permethrin,52645-53-1,H4lle,2,96,2.17E-06,8.68E-07,5.49E-05,0.00578845,N,
1178,Aniline,62-53-3,H4lle,2,96,3.56E-08,0.000149776,0.000149876,0.998506,N,
1179,4-fluoroaniline,371-40-4,H4lle,2,96,3.63E-08,0.000149617,0.000149804,0.99745,N,
1180,"2,4,6-trichlorophenol",88-06-2,H4lle,2,96,7.30E-08,7.94E-05,0.000133934,0.529214,A,6.8
1181,Allyl alcohol,107-18-6,H4lle,2,96,3.49E-08,0.000149776,0.000149792,0.998504,N,
1182,N-methylaniline,100-61-8,H4lle,2,96,3.95E-08,0.000148771,0.000149432,0.991809,N,
1183,"3,4-dichloroaniline",95-76-1,H4lle,2,96,8.29E-08,0.000138904,0.000146912,0.926029,N,
1184,4-decylaniline,37529-30-9,H4lle,2,96,2.01E-06,1.22E-06,6.05E-05,0.00815162,N,
1185,naphthalene,91-20-3,H4lle,2,96,1.90E-07,0.000110061,0.000139012,0.733737,N,
1186,"1,2,4-trichlorobenzene",120-82-1,H4lle,2,96,3.37E-07,4.42E-05,0.00010894,0.294646,N,
1187,"1,2-dichlorobenzene",95-50-1,H4lle,2,96,1.82E-07,8.10E-05,0.000110421,0.539876,N,
1188,dichloromethane,75-09-2,H4lle,2,96,2.98E-08,0.000121629,0.000121824,0.81086,N,
1189,tetrachloroethylene,127-18-4,H4lle,2,96,1.26E-07,5.94E-05,7.95E-05,0.396332,N,
1190,"2,3-dimethyl-1,3-butadiene",513-81-5,H4lle,2,96,5.04E-09,4.54E-06,5.22E-06,0.0302808,N,
1191,Eugenol F,97-53-0,H4lle,2,96,5.40E-08,0.000145754,0.000148709,0.971694,N,
1192,Methyl-antranilate,134-20-3,H4lle,2,96,4.27E-08,0.000148294,0.000149433,0.988629,N,
1193,Lilyfore,285977-85-7,H4lle,2,96,1.77E-07,0.000115229,0.000141336,0.768192,N,
1194,Damascone beta,23726-91-2,H4lle,2,96,4.62E-07,3.07E-05,0.000125655,0.204783,N,
1195,Veloutone,14595-54-1,H4lle,2,96,9.42E-07,6.40E-06,0.000104157,0.0426697,N,
1196,Verdox,82356-51-2,H4lle,2,96,2.13E-06,9.56E-07,5.63E-05,0.00637291,N,
1197,Nirvanol,1506-02-1,H4lle,2,96,1.37E-06,3.52E-06,8.55E-05,0.0234804,N,
1198,Cetalox,3738-00-9,H4lle,2,96,1.06E-06,5.43E-06,9.86E-05,0.0362049,N,
1199,Tonalide,21145-77-7,H4lle,2,96,1.37E-06,3.52E-06,8.55E-05,0.0234804,N,
1200,"2,4-Dinitrophenol",51-28-5,H4lle,2,96,7.38E-09,0.000148992,0.000149663,0.993277,A,4.1
1201,Aldrin,309-00-2,H4lle,2,96,2.17E-06,8.68E-07,5.49E-05,0.00578595,N,
1202,Azinphos-methyl,86-50-0,H4lle,2,96,8.94E-08,0.000137333,0.000146525,0.915554,N,
1203,Chlorpyrifos,2921-88-2,H4lle,2,96,6.65E-07,9.48E-06,0.000116802,0.0631862,N,
1204,"DDD-p,p'",50-29-3,H4lle,2,96,2.47E-06,3.80E-07,4.59E-05,0.00253411,N,
1205,"DDT-o,p'",789-02-6,H4lle,2,96,2.22E-06,7.72E-07,5.33E-05,0.00514868,N,
1206,"DDT-p,p'",72-54-8,H4lle,2,96,1.82E-06,1.76E-06,6.77E-05,0.0117195,N,
1207,Diazinon,333-41-5,H4lle,2,96,3.47E-07,6.81E-05,0.000131748,0.45369,N,
1208,Dicofol,115-32-2,H4lle,2,96,7.13E-07,8.84E-06,0.000114599,0.058927,N,
1209,Dieldrin,60-57-1,H4lle,2,96,7.96E-07,7.84E-06,0.000110743,0.0522556,N,
1210,Disulfoton,298-04-4,H4lle,2,96,4.06E-07,4.99E-05,0.000128617,0.332545,N,
1211,Endosulfan I,115-29-7,H4lle,2,96,3.53E-07,6.62E-05,0.00013142,0.441662,N,
1212,Endrin,72-20-8,H4lle,2,96,1.09E-06,5.23E-06,9.76E-05,0.0348601,N,
1213,Ethion,563-12-2,H4lle,2,96,7.54E-07,8.33E-06,0.000112699,0.0555251,N,
1214,Heptachlor,76-44-8,H4lle,2,96,1.80E-06,1.82E-06,6.85E-05,0.0121392,N,
1215,Heptachlor epoxide B,1024-57-3,H4lle,2,96,6.81E-07,9.26E-06,0.000116078,0.0617452,N,
1216,Lindane,58-89-9,H4lle,2,96,3.19E-07,7.62E-05,0.000133236,0.508106,N,
1217,"Methoxychlor-o,p'",72-43-5,H4lle,2,96,7.62E-07,8.23E-06,0.000112312,0.0548607,N,
1218,Parathion,56-38-2,H4lle,2,96,3.53E-07,6.63E-05,0.000131422,0.441668,N,
1219,Trifluralin,1582-09-8,H4lle,2,96,1.00E-06,5.91E-06,0.000101579,0.0394115,N,
1220,Cisapride,81098-60-4,H4lle,2,96,1.21E-07,9.69E-05,0.000137405,0.645967,B,7.8
1221,Citalopram hydrobromide,59729-33-8,H4lle,2,96,1.67E-07,0.000117751,0.000141902,0.785006,N,
1222,Dofetilide,115256-11-6,H4lle,2,96,8.98E-08,0.000146189,0.000148799,0.974593,B,8.4
1223,Moxifloxacin hydrochloride,186826-86-8,H4lle,2,96,2.38E-08,0.000149701,0.000149877,0.998007,A,6
1224,N-acetylpro-cainamide,32795-44-1,H4lle,2,96,1.34E-07,0.000149555,0.000149755,0.997035,B,9.2
1225,Quinidine sulfate,50-54-4,H4lle,2,96,1.19E-07,0.000116324,0.000141559,0.775496,B,9.3
1226,Sematilide,101526-83-4,H4lle,2,96,1.24E-07,0.00014962,0.000149783,0.997466,B,9.1
1227,Sotalol hydrochloride,959-24-0,H4lle,2,96,1.16E-07,0.000149852,0.000149871,0.999013,B,9
1228,Mifepristone,84371-65-3,H4lle,2,96,6.03E-07,1.04E-05,0.000119711,0.0694044,N,
1229,Perfluorobutanesulfonic_acid,375-73-5,H4lle,2,96,2.29E-09,0.000149331,0.000149772,0.995539,A,-2.9
1230,4_2_Fluorotelomer_sulfonic_acid,757124-72-4,H4lle,2,96,2.26E-09,0.000148757,0.000149596,0.991711,A,1.4
1231,Perfluorononanoic_acid,375-95-1,H4lle,2,96,3.13E-11,2.04E-06,6.66E-05,0.0135801,A,0.1
1232,Perfluorohexanoic_acid,307-24-4,H4lle,2,96,5.63E-10,3.69E-05,0.000126829,0.245735,A,0.1
1233,Perfluorobutanoic_acid,375-22-4,H4lle,2,96,2.27E-09,0.00014887,0.00014963,0.992464,A,0.1
1234,Perfluorooctanoic_acid,335-67-1,H4lle,2,96,6.38E-10,4.18E-05,0.000127526,0.27868,A,0.1
1235,6_2_Fluorotelomer_sulfonic_acid,27619-97-2,H4lle,2,96,1.98E-09,0.000129896,0.000144764,0.865975,A,1.4
1236,8_2_Fluorotelomer_sulfonic_acid,39108-34-4,H4lle,2,96,5.82E-10,3.82E-05,0.000127017,0.254875,A,1.4
1237,Perfluoroundecanoic_acid,2058-94-8,H4lle,2,96,3.81E-11,2.49E-06,7.21E-05,0.0165771,A,0.1
1238,Perfluorooctanesulfonic_acid,1763-23-1,H4lle,2,96,3.81E-11,2.49E-06,7.21E-05,0.0165771,A,-2.9
1239,Perfluoroheptanoic_acid,375-85-9,H4lle,2,96,1.43E-09,9.36E-05,0.000136817,0.624327,A,0.1
1240,Perfluoropentanoic_acid,2706-90-3,H4lle,2,96,2.22E-09,0.000145325,0.000148627,0.968833,A,0.1
1241,Perfluorohexanesulfonic_acid,355-46-4,H4lle,2,96,2.12E-09,0.000138568,0.000146874,0.923784,A,-2.9
1242,Perfluorodecanoic_acid,335-76-2,H4lle,2,96,1.76E-11,1.13E-06,5.29E-05,0.0075649,A,0.1
1243,cyclosporine A,59865-13-3,H4lle,2,96,1.12E-07,0.000131686,0.000145142,0.87791,N,
1244,chlorpromazine,50-53-3,H4lle,2,96,3.86E-08,5.54E-06,9.80E-05,0.0369657,B,9.4
1245,PBDE 47,5436-43-1,H4lle,2,96,2.41E-06,4.67E-07,4.77E-05,0.00311578,N,
1246,PBDE 99,60348-60-9,H4lle,2,96,2.68E-06,1.59E-07,4.14E-05,0.00105715,N,
1247,PBDE 153,68631-49-2,H4lle,2,96,2.86E-06,4.37E-08,4.05E-05,0.00029141,N,
1248,amiodarone,1951-25-3,H4lle,2,96,1.33E-07,1.04E-07,2.84E-05,0.000693303,B,9
1249,Azathioprine,446-86-6,H4lle,2,96,3.37E-08,0.000149943,0.000149956,0.999618,A,8.2
1250,Benzocaine,94-09-7,H4lle,2,96,4.24E-08,0.000148372,0.000149456,0.989147,N,
1251,Butylated hydroxyanisole,25013-16-5,H4lle,2,96,2.26E-07,0.000102252,0.000138511,0.681681,N,
1252,Cetirizine dihydrochloride,83881-52-1,H4lle,2,96,1.22E-08,0.000149886,0.000149949,0.999238,A,4.7
1253,Cyclamate,139-05-9,H4lle,2,96,4.54E-06,0.000145452,0.000145455,0.969683,B,17.6
1254,Cyclophosphamide,6055-19-2,H4lle,2,96,6.10E-08,0.000149841,0.000149901,0.998941,B,6.1
1255,Cypermethrin,67375-30-8,H4lle,2,96,2.27E-06,6.86E-07,5.18E-05,0.00457327,N,
1256,DEET,134-62-3,H4lle,2,96,5.05E-08,0.000146563,0.000148938,0.977087,N,
1257,Dexamethasone,50-02-2,H4lle,2,96,4.35E-08,0.000148128,0.000149384,0.987518,N,
1258,Digoxin,20830-75-5,H4lle,2,96,3.67E-08,0.000149585,0.000149831,0.997236,N,
1259,Fenazaquin,120928-09-8,H4lle,2,96,1.17E-06,4.67E-06,9.41E-05,0.0311402,N,
1260,Fenbuconazole,114369-43-6,H4lle,2,96,1.74E-07,0.000115872,0.00014148,0.772483,N,
1261,Fluazinam,79622-59-6,H4lle,2,96,4.04E-07,5.07E-05,0.000128746,0.337964,N,
1262,Furosemide,54-31-9,H4lle,2,96,2.89E-09,0.000147638,0.000149268,0.984252,A,3
1263,Glybenclamide,10238-21-8,H4lle,2,96,3.04E-09,1.09E-05,0.00012076,0.0726051,A,5
1264,HC Red 3,2871-01-4,H4lle,2,96,3.49E-08,0.00014994,0.000149954,0.999598,N,
1265,Hydralazine hydrochloride,304-20-1,H4lle,2,96,5.78E-08,0.000149837,0.000149902,0.998914,B,6
1266,Ketoconazole,65277-42-1,H4lle,2,96,4.15E-07,2.74E-05,0.000125495,0.182755,B,6.6
1267,Metformin,1115-70-4,H4lle,2,96,2.01E-07,0.000149797,0.000149798,0.998647,B,9.6
1268,Metoclopramide,364-62-5,H4lle,2,96,1.10E-07,0.000140561,0.000147298,0.937075,B,9
1269,Nitrofurantoin,67-20-9,H4lle,2,96,2.99E-08,0.000149964,0.000149967,0.99976,A,7.3
1270,Oxytetracycline hydrochloride,2058-46-0,H4lle,2,96,1.05E-08,0.000149989,0.000149989,0.999927,A,4.5
1271,Panthenol,16485-10-2 ,H4lle,2,96,3.48E-08,0.000149963,0.000149964,0.999753,N,
1272,Paracetamol,103-90-2,H4lle,2,96,3.51E-08,0.000149909,0.000149943,0.999394,N,
1273,Topiramate,97240-79-4,H4lle,2,96,3.47E-08,0.000149965,0.000149965,0.999764,A,9.2
1274,Trimellitic anhydride,552-30-7,H4lle,2,96,3.53E-09,0.00014939,0.00014979,0.995936,A,3.3
1275,Verapamil hydrochloride,152-11-4,H4lle,2,96,3.57E-08,2.12E-05,0.000125057,0.141335,B,9.2
1276,Warfarin,129-06-6,H4lle,2,96,6.53E-08,0.000143112,0.000148004,0.954081,N,
1277,Caffeine,58-08-2,SH-SY5Y,2,96,1.95E-08,0.000149965,0.000149974,0.999765,N,
1278,Lamotrigine,84057-84-1,SH-SY5Y,2,96,7.14E-08,0.000141556,0.000147594,0.943705,B,6.6
1279,Diclofenac,15307-79-6,SH-SY5Y,2,96,2.57E-06,0.000147337,0.000147396,0.982243,B,17.6
1280,"2,4-Dichlorophenoxyacetic",94-75-7,SH-SY5Y,2,96,1.32E-09,0.000135738,0.000146172,0.904919,A,2.7
1281,(S)-Naproxen,22204-53-1,SH-SY5Y,2,96,4.38E-09,0.000119291,0.000142312,0.795271,A,4.4
1282,Ibuprofen,15687-27-1,SH-SY5Y,2,96,7.91E-09,7.58E-05,0.000133309,0.505486,A,5.4
1283,Torasemide,56211-40-6,SH-SY5Y,2,96,2.70E-09,0.000106528,0.000139508,0.710185,A,4
1284,Warfarin,81-81-2,SH-SY5Y,2,96,5.47E-09,0.000138817,0.000146934,0.925448,A,4.5
1285,di-n-butylphthalate,84-74-2,SH-SY5Y,2,96,4.62E-07,1.59E-05,0.000124616,0.105781,N,
1286,hexachlorophene,70-30-4,SH-SY5Y,2,96,1.70E-07,1.11E-07,2.89E-05,0.00073826,A,6.2
1287,hexamethylenetetramine,100-97-0,SH-SY5Y,2,96,3.92E-08,0.000149775,0.000149775,0.9985,B,6.4
1288,Malathion,121-75-5,SH-SY5Y,2,96,4.17E-08,0.000144793,0.000148464,0.965284,N,
1289,pentachlorophenol,87-86-5,SH-SY5Y,2,96,2.96E-09,8.01E-06,0.000110684,0.0534152,A,5
1290,"2,2,2-trichloroethanol",115-20-8,SH-SY5Y,2,96,2.20E-08,0.000149181,0.000149546,0.994541,N,
1291,diethylphthalate,84-66-2,SH-SY5Y,2,96,4.61E-08,0.00014373,0.000148178,0.958202,N,
1292,4-chlorophenol,106-48-9,SH-SY5Y,2,96,4.33E-08,0.000144409,0.000148355,0.962729,N,
1293,permethrin,52645-53-1,SH-SY5Y,2,96,2.03E-06,8.69E-07,5.50E-05,0.00579405,N,
1294,Aniline,62-53-3,SH-SY5Y,2,96,2.02E-08,0.000149791,0.000149892,0.998609,N,
1295,4-fluoroaniline,371-40-4,SH-SY5Y,2,96,2.08E-08,0.000149633,0.00014982,0.997552,N,
1296,"2,4,6-trichlorophenol",88-06-2,SH-SY5Y,2,96,6.27E-08,7.94E-05,0.000133943,0.529251,A,6.8
1297,Allyl alcohol,107-18-6,SH-SY5Y,2,96,1.95E-08,0.000149791,0.000149807,0.998607,N,
1298,N-methylaniline,100-61-8,SH-SY5Y,2,96,2.39E-08,0.000148787,0.000149448,0.991912,N,
1299,"3,4-dichloroaniline",95-76-1,SH-SY5Y,2,96,6.53E-08,0.000138921,0.000146929,0.926138,N,
1300,4-decylaniline,37529-30-9,SH-SY5Y,2,96,1.88E-06,1.22E-06,6.05E-05,0.00815893,N,
1301,naphthalene,91-20-3,SH-SY5Y,2,96,1.68E-07,0.000110077,0.000139033,0.733845,N,
1302,"1,2,4-trichlorobenzene",120-82-1,SH-SY5Y,2,96,3.10E-07,4.42E-05,0.000108958,0.294694,N,
1303,"1,2-dichlorobenzene",95-50-1,SH-SY5Y,2,96,1.63E-07,8.10E-05,0.000110434,0.539937,N,
1304,dichloromethane,75-09-2,SH-SY5Y,2,96,1.72E-08,0.000121638,0.000121832,0.810917,N,
1305,tetrachloroethylene,127-18-4,SH-SY5Y,2,96,1.12E-07,5.95E-05,7.95E-05,0.396355,N,
1306,"2,3-dimethyl-1,3-butadiene",513-81-5,SH-SY5Y,2,96,4.31E-09,4.54E-06,5.22E-06,0.0302788,N,
1307,Eugenol F,97-53-0,SH-SY5Y,2,96,3.77E-08,0.00014577,0.000148725,0.9718,N,
1308,Methyl-antranilate,134-20-3,SH-SY5Y,2,96,2.70E-08,0.00014831,0.000149449,0.988733,N,
1309,Lilyfore,285977-85-7,SH-SY5Y,2,96,1.55E-07,0.000115246,0.000141356,0.768303,N,
1310,Damascone beta,23726-91-2,SH-SY5Y,2,96,4.28E-07,3.07E-05,0.000125683,0.204829,N,
1311,Veloutone,14595-54-1,SH-SY5Y,2,96,8.79E-07,6.40E-06,0.000104201,0.0426878,N,
1312,Verdox,82356-51-2,SH-SY5Y,2,96,1.99E-06,9.57E-07,5.64E-05,0.00637896,N,
1313,Nirvanol,1506-02-1,SH-SY5Y,2,96,1.28E-06,3.52E-06,8.56E-05,0.0234948,N,
1314,Cetalox,3738-00-9,SH-SY5Y,2,96,9.85E-07,5.43E-06,9.87E-05,0.036222,N,
1315,Tonalide,21145-77-7,SH-SY5Y,2,96,1.28E-06,3.52E-06,8.56E-05,0.0234948,N,
1316,"2,4-Dinitrophenol",51-28-5,SH-SY5Y,2,96,4.12E-09,0.000148995,0.000149667,0.993298,A,4.1
1317,Aldrin,309-00-2,SH-SY5Y,2,96,2.03E-06,8.69E-07,5.50E-05,0.00579155,N,
1318,Azinphos-methyl,86-50-0,SH-SY5Y,2,96,7.15E-08,0.000137349,0.000146542,0.915663,N,
1319,Chlorpyrifos,2921-88-2,SH-SY5Y,2,96,6.20E-07,9.48E-06,0.000116837,0.0632052,N,
1320,"DDD-p,p'",50-29-3,SH-SY5Y,2,96,2.31E-06,3.81E-07,4.60E-05,0.0025369,N,
1321,"DDT-o,p'",789-02-6,SH-SY5Y,2,96,2.08E-06,7.73E-07,5.33E-05,0.00515377,N,
1322,"DDT-p,p'",72-54-8,SH-SY5Y,2,96,1.70E-06,1.76E-06,6.77E-05,0.011729,N,
1323,Diazinon,333-41-5,SH-SY5Y,2,96,3.18E-07,6.81E-05,0.000131774,0.453778,N,
1324,Dicofol,115-32-2,SH-SY5Y,2,96,6.65E-07,8.84E-06,0.000114636,0.058946,N,
1325,Dieldrin,60-57-1,SH-SY5Y,2,96,7.43E-07,7.84E-06,0.000110782,0.0522744,N,
1326,Disulfoton,298-04-4,SH-SY5Y,2,96,3.75E-07,4.99E-05,0.000128644,0.332615,N,
1327,Endosulfan I,115-29-7,SH-SY5Y,2,96,3.24E-07,6.63E-05,0.000131445,0.441748,N,
1328,Endrin,72-20-8,SH-SY5Y,2,96,1.02E-06,5.23E-06,9.77E-05,0.0348771,N,
1329,Ethion,563-12-2,SH-SY5Y,2,96,7.03E-07,8.33E-06,0.000112737,0.0555439,N,
1330,Heptachlor,76-44-8,SH-SY5Y,2,96,1.68E-06,1.82E-06,6.85E-05,0.0121489,N,
1331,Heptachlor epoxide B,1024-57-3,SH-SY5Y,2,96,6.35E-07,9.26E-06,0.000116114,0.0617642,N,
1332,Lindane,58-89-9,SH-SY5Y,2,96,2.91E-07,7.62E-05,0.00013326,0.5082,N,
1333,"Methoxychlor-o,p'",72-43-5,SH-SY5Y,2,96,7.11E-07,8.23E-06,0.00011235,0.0548795,N,
1334,Parathion,56-38-2,SH-SY5Y,2,96,3.24E-07,6.63E-05,0.000131447,0.441754,N,
1335,Trifluralin,1582-09-8,SH-SY5Y,2,96,9.33E-07,5.91E-06,0.000101624,0.0394291,N,
1336,Cisapride,81098-60-4,SH-SY5Y,2,96,9.25E-08,9.69E-05,0.000137432,0.646091,B,7.8
1337,Citalopram hydrobromide,59729-33-8,SH-SY5Y,2,96,1.46E-07,0.000117768,0.000141922,0.785118,N,
1338,Dofetilide,115256-11-6,SH-SY5Y,2,96,5.08E-08,0.000146227,0.000148838,0.974846,B,8.4
1339,Moxifloxacin hydrochloride,186826-86-8,SH-SY5Y,2,96,1.33E-08,0.000149711,0.000149888,0.998076,A,6
1340,N-acetylpro-cainamide,32795-44-1,SH-SY5Y,2,96,7.50E-08,0.000149615,0.000149814,0.99743,B,9.2
1341,Quinidine sulfate,50-54-4,SH-SY5Y,2,96,6.80E-08,0.000116364,0.000141607,0.775759,B,9.3
1342,Sematilide,101526-83-4,SH-SY5Y,2,96,6.93E-08,0.000149675,0.000149838,0.997831,B,9.1
1343,Sotalol hydrochloride,959-24-0,SH-SY5Y,2,96,6.46E-08,0.000149903,0.000149922,0.999354,B,9
1344,Mifepristone,84371-65-3,SH-SY5Y,2,96,5.62E-07,1.04E-05,0.000119744,0.0694234,N,
1345,Perfluorobutanesulfonic_acid,375-73-5,SH-SY5Y,2,96,1.28E-09,0.000149332,0.000149773,0.995545,A,-2.9
1346,4_2_Fluorotelomer_sulfonic_acid,757124-72-4,SH-SY5Y,2,96,1.26E-09,0.000148758,0.000149597,0.991718,A,1.4
1347,Perfluorononanoic_acid,375-95-1,SH-SY5Y,2,96,1.75E-11,2.04E-06,6.66E-05,0.0135801,A,0.1
1348,Perfluorohexanoic_acid,307-24-4,SH-SY5Y,2,96,3.14E-10,3.69E-05,0.000126829,0.245736,A,0.1
1349,Perfluorobutanoic_acid,375-22-4,SH-SY5Y,2,96,1.27E-09,0.000148871,0.000149631,0.992471,A,0.1
1350,Perfluorooctanoic_acid,335-67-1,SH-SY5Y,2,96,3.56E-10,4.18E-05,0.000127526,0.278681,A,0.1
1351,6_2_Fluorotelomer_sulfonic_acid,27619-97-2,SH-SY5Y,2,96,1.10E-09,0.000129897,0.000144764,0.86598,A,1.4
1352,8_2_Fluorotelomer_sulfonic_acid,39108-34-4,SH-SY5Y,2,96,3.25E-10,3.82E-05,0.000127017,0.254876,A,1.4
1353,Perfluoroundecanoic_acid,2058-94-8,SH-SY5Y,2,96,2.13E-11,2.49E-06,7.21E-05,0.0165771,A,0.1
1354,Perfluorooctanesulfonic_acid,1763-23-1,SH-SY5Y,2,96,2.12E-11,2.49E-06,7.21E-05,0.0165771,A,-2.9
1355,Perfluoroheptanoic_acid,375-85-9,SH-SY5Y,2,96,7.97E-10,9.36E-05,0.000136817,0.624329,A,0.1
1356,Perfluoropentanoic_acid,2706-90-3,SH-SY5Y,2,96,1.24E-09,0.000145326,0.000148627,0.968839,A,0.1
1357,Perfluorohexanesulfonic_acid,355-46-4,SH-SY5Y,2,96,1.18E-09,0.000138568,0.000146875,0.92379,A,-2.9
1358,Perfluorodecanoic_acid,335-76-2,SH-SY5Y,2,96,9.89E-12,1.13E-06,5.29E-05,0.0075649,A,0.1
1359,cyclosporine A,59865-13-3,SH-SY5Y,2,96,9.34E-08,0.000131703,0.00014516,0.878021,N,
1360,chlorpromazine,50-53-3,SH-SY5Y,2,96,3.38E-08,5.55E-06,9.80E-05,0.0369668,B,9.4
1361,PBDE 47,5436-43-1,SH-SY5Y,2,96,2.25E-06,4.68E-07,4.77E-05,0.00311912,N,
1362,PBDE 99,60348-60-9,SH-SY5Y,2,96,2.51E-06,1.59E-07,4.14E-05,0.00105841,N,
1363,PBDE 153,68631-49-2,SH-SY5Y,2,96,2.68E-06,4.38E-08,4.05E-05,0.000291781,N,
1364,amiodarone,1951-25-3,SH-SY5Y,2,96,1.24E-07,1.04E-07,2.84E-05,0.000693344,B,9
1365,Azathioprine,446-86-6,SH-SY5Y,2,96,1.89E-08,0.000149957,0.000149971,0.999717,A,8.2
1366,Benzocaine,94-09-7,SH-SY5Y,2,96,2.66E-08,0.000148388,0.000149472,0.989251,N,
1367,Butylated hydroxyanisole,25013-16-5,SH-SY5Y,2,96,2.02E-07,0.000102269,0.000138533,0.68179,N,
1368,Cetirizine dihydrochloride,83881-52-1,SH-SY5Y,2,96,6.80E-09,0.000149891,0.000149954,0.999274,A,4.7
1369,Cyclamate,139-05-9,SH-SY5Y,2,96,2.57E-06,0.000147427,0.00014743,0.982848,B,17.6
1370,Cyclophosphamide,6055-19-2,SH-SY5Y,2,96,3.42E-08,0.000149868,0.000149928,0.99912,B,6.1
1371,Cypermethrin,67375-30-8,SH-SY5Y,2,96,2.12E-06,6.87E-07,5.18E-05,0.00457789,N,
1372,DEET,134-62-3,SH-SY5Y,2,96,3.43E-08,0.000146579,0.000148954,0.977192,N,
1373,Dexamethasone,50-02-2,SH-SY5Y,2,96,2.77E-08,0.000148143,0.0001494,0.987622,N,
1374,Digoxin,20830-75-5,SH-SY5Y,2,96,2.12E-08,0.000149601,0.000149846,0.997339,N,
1375,Fenazaquin,120928-09-8,SH-SY5Y,2,96,1.09E-06,4.67E-06,9.41E-05,0.0311565,N,
1376,Fenbuconazole,114369-43-6,SH-SY5Y,2,96,1.53E-07,0.000115889,0.000141501,0.772595,N,
1377,Fluazinam,79622-59-6,SH-SY5Y,2,96,3.73E-07,5.07E-05,0.000128773,0.338035,N,
1378,Furosemide,54-31-9,SH-SY5Y,2,96,1.61E-09,0.000147639,0.000149269,0.984261,A,3
1379,Glybenclamide,10238-21-8,SH-SY5Y,2,96,2.43E-09,1.09E-05,0.00012076,0.0726054,A,5
1380,HC Red 3,2871-01-4,SH-SY5Y,2,96,1.95E-08,0.000149955,0.00014997,0.9997,N,
1381,Hydralazine hydrochloride,304-20-1,SH-SY5Y,2,96,3.25E-08,0.000149862,0.000149927,0.999083,B,6
1382,Ketoconazole,65277-42-1,SH-SY5Y,2,96,3.82E-07,2.74E-05,0.000125523,0.182795,B,6.6
1383,Metformin,1115-70-4,SH-SY5Y,2,96,1.12E-07,0.000149886,0.000149887,0.999238,B,9.6
1384,Metoclopramide,364-62-5,SH-SY5Y,2,96,6.23E-08,0.000140606,0.000147345,0.937375,B,9
1385,Nitrofurantoin,67-20-9,SH-SY5Y,2,96,1.67E-08,0.000149977,0.000149981,0.999848,A,7.3
1386,Oxytetracycline hydrochloride,2058-46-0,SH-SY5Y,2,96,5.86E-09,0.000149994,0.000149994,0.999958,A,4.5
1387,Panthenol,16485-10-2 ,SH-SY5Y,2,96,1.94E-08,0.000149978,0.000149979,0.999856,N,
1388,Paracetamol,103-90-2,SH-SY5Y,2,96,1.97E-08,0.000149924,0.000149958,0.999496,N,
1389,Topiramate,97240-79-4,SH-SY5Y,2,96,1.93E-08,0.00014998,0.00014998,0.999866,A,9.2
1390,Trimellitic anhydride,552-30-7,SH-SY5Y,2,96,1.97E-09,0.000149392,0.000149792,0.995946,A,3.3
1391,Verapamil hydrochloride,152-11-4,SH-SY5Y,2,96,2.62E-08,2.12E-05,0.000125065,0.141344,B,9.2
1392,Warfarin,129-06-6,SH-SY5Y,2,96,4.85E-08,0.000143128,0.000148021,0.954188,N,
1393,Caffeine,58-08-2,HEK293H,2,96,2.85E-08,0.000149956,0.000149965,0.999705,N,
1394,Lamotrigine,84057-84-1,HEK293H,2,96,2.15E-07,0.00014142,0.000147452,0.942798,B,6.6
1395,Diclofenac,15307-79-6,HEK293H,2,96,3.68E-06,0.000146226,0.000146285,0.974842,B,17.6
1396,"2,4-Dichlorophenoxyacetic",94-75-7,HEK293H,2,96,1.90E-09,0.000135737,0.000146172,0.904915,A,2.7
1397,(S)-Naproxen,22204-53-1,HEK293H,2,96,6.62E-09,0.000119289,0.00014231,0.795259,A,4.4
1398,Ibuprofen,15687-27-1,HEK293H,2,96,2.07E-08,7.58E-05,0.000133298,0.505443,A,5.4
1399,Torasemide,56211-40-6,HEK293H,2,96,4.02E-09,0.000106527,0.000139507,0.710179,A,4
1400,Warfarin,81-81-2,HEK293H,2,96,8.04E-09,0.000138815,0.000146931,0.925432,A,4.5
1401,di-n-butylphthalate,84-74-2,HEK293H,2,96,2.29E-06,1.57E-05,0.000123094,0.104489,N,
1402,hexachlorophene,70-30-4,HEK293H,2,96,8.51E-07,1.10E-07,2.88E-05,0.000734903,A,6.2
1403,hexamethylenetetramine,100-97-0,HEK293H,2,96,5.66E-08,0.000149758,0.000149758,0.998384,B,6.4
1404,Malathion,121-75-5,HEK293H,2,96,1.43E-07,0.000144695,0.000148365,0.964634,N,
1405,pentachlorophenol,87-86-5,HEK293H,2,96,1.33E-08,8.01E-06,0.000110677,0.0534115,A,5
1406,"2,2,2-trichloroethanol",115-20-8,HEK293H,2,96,4.14E-08,0.000149162,0.000149527,0.994412,N,
1407,diethylphthalate,84-66-2,HEK293H,2,96,1.65E-07,0.000143616,0.000148061,0.957443,N,
1408,4-chlorophenol,106-48-9,HEK293H,2,96,1.50E-07,0.000144306,0.000148249,0.962041,N,
1409,permethrin,52645-53-1,HEK293H,2,96,9.69E-06,8.24E-07,5.21E-05,0.00549423,N,
1410,Aniline,62-53-3,HEK293H,2,96,3.21E-08,0.00014978,0.00014988,0.99853,N,
1411,4-fluoroaniline,371-40-4,HEK293H,2,96,3.53E-08,0.000149618,0.000149805,0.997456,N,
1412,"2,4,6-trichlorophenol",88-06-2,HEK293H,2,96,2.86E-07,7.93E-05,0.000133744,0.528463,A,6.8
1413,Allyl alcohol,107-18-6,HEK293H,2,96,2.87E-08,0.000149782,0.000149798,0.998545,N,
1414,N-methylaniline,100-61-8,HEK293H,2,96,5.14E-08,0.00014876,0.000149421,0.991731,N,
1415,"3,4-dichloroaniline",95-76-1,HEK293H,2,96,2.63E-07,0.000138737,0.000146735,0.924913,N,
1416,4-decylaniline,37529-30-9,HEK293H,2,96,9.01E-06,1.16E-06,5.76E-05,0.00776636,N,
1417,naphthalene,91-20-3,HEK293H,2,96,7.90E-07,0.00010962,0.000138456,0.730798,N,
1418,"1,2,4-trichlorobenzene",120-82-1,HEK293H,2,96,1.53E-06,4.38E-05,0.000108072,0.292298,N,
1419,"1,2-dichlorobenzene",95-50-1,HEK293H,2,96,7.80E-07,8.07E-05,0.00010998,0.537719,N,
1420,dichloromethane,75-09-2,HEK293H,2,96,3.02E-08,0.000121628,0.000121823,0.810854,N,
1421,tetrachloroethylene,127-18-4,HEK293H,2,96,5.36E-07,5.93E-05,7.93E-05,0.395243,N,
1422,"2,3-dimethyl-1,3-butadiene",513-81-5,HEK293H,2,96,1.96E-08,4.54E-06,5.22E-06,0.030277,N,
1423,Eugenol F,97-53-0,HEK293H,2,96,1.22E-07,0.000145688,0.000148642,0.971255,N,
1424,Methyl-antranilate,134-20-3,HEK293H,2,96,6.68E-08,0.000148271,0.000149409,0.98847,N,
1425,Lilyfore,285977-85-7,HEK293H,2,96,7.23E-07,0.000114809,0.000140821,0.765391,N,
1426,Damascone beta,23726-91-2,HEK293H,2,96,2.12E-06,3.04E-05,0.000124264,0.202517,N,
1427,Veloutone,14595-54-1,HEK293H,2,96,4.32E-06,6.26E-06,0.000101798,0.0417035,N,
1428,Verdox,82356-51-2,HEK293H,2,96,9.50E-06,9.08E-07,5.35E-05,0.00605513,N,
1429,Nirvanol,1506-02-1,HEK293H,2,96,6.23E-06,3.41E-06,8.27E-05,0.0227124,N,
1430,Cetalox,3738-00-9,HEK293H,2,96,4.83E-06,5.29E-06,9.61E-05,0.0352883,N,
1431,Tonalide,21145-77-7,HEK293H,2,96,6.23E-06,3.41E-06,8.27E-05,0.0227124,N,
1432,"2,4-Dinitrophenol",51-28-5,HEK293H,2,96,5.95E-09,0.000148993,0.000149665,0.993286,A,4.1
1433,Aldrin,309-00-2,HEK293H,2,96,9.68E-06,8.24E-07,5.21E-05,0.00549198,N,
1434,Azinphos-methyl,86-50-0,HEK293H,2,96,2.95E-07,0.000137144,0.000146323,0.914296,N,
1435,Chlorpyrifos,2921-88-2,HEK293H,2,96,3.06E-06,9.33E-06,0.000114926,0.0621711,N,
1436,"DDD-p,p'",50-29-3,HEK293H,2,96,1.09E-05,3.58E-07,4.33E-05,0.00238863,N,
1437,"DDT-o,p'",789-02-6,HEK293H,2,96,9.90E-06,7.32E-07,5.05E-05,0.00488133,N,
1438,"DDT-p,p'",72-54-8,HEK293H,2,96,8.17E-06,1.68E-06,6.48E-05,0.0112171,N,
1439,Diazinon,333-41-5,HEK293H,2,96,1.56E-06,6.75E-05,0.000130684,0.450027,N,
1440,Dicofol,115-32-2,HEK293H,2,96,3.28E-06,8.69E-06,0.000112628,0.0579135,N,
1441,Dieldrin,60-57-1,HEK293H,2,96,3.66E-06,7.69E-06,0.000108617,0.0512525,N,
1442,Disulfoton,298-04-4,HEK293H,2,96,1.85E-06,4.94E-05,0.000127379,0.329346,N,
1443,Endosulfan I,115-29-7,HEK293H,2,96,1.59E-06,6.57E-05,0.000130338,0.438026,N,
1444,Endrin,72-20-8,HEK293H,2,96,4.98E-06,5.09E-06,9.51E-05,0.0339498,N,
1445,Ethion,563-12-2,HEK293H,2,96,3.47E-06,8.18E-06,0.000110649,0.0545155,N,
1446,Heptachlor,76-44-8,HEK293H,2,96,8.08E-06,1.74E-06,6.56E-05,0.0116244,N,
1447,Heptachlor epoxide B,1024-57-3,HEK293H,2,96,3.14E-06,9.11E-06,0.00011417,0.0607302,N,
1448,Lindane,58-89-9,HEK293H,2,96,1.42E-06,7.57E-05,0.000132257,0.504375,N,
1449,"Methoxychlor-o,p'",72-43-5,HEK293H,2,96,3.51E-06,8.08E-06,0.000110247,0.0538522,N,
1450,Parathion,56-38-2,HEK293H,2,96,1.59E-06,6.57E-05,0.00013034,0.438032,N,
1451,Trifluralin,1582-09-8,HEK293H,2,96,4.58E-06,5.77E-06,9.91E-05,0.0384653,N,
1452,Cisapride,81098-60-4,HEK293H,2,96,3.55E-07,9.67E-05,0.000137192,0.644962,B,7.8
1453,Citalopram hydrobromide,59729-33-8,HEK293H,2,96,6.76E-07,0.000117351,0.00014142,0.782341,N,
1454,Dofetilide,115256-11-6,HEK293H,2,96,7.98E-08,0.000146199,0.000148809,0.974658,B,8.4
1455,Moxifloxacin hydrochloride,186826-86-8,HEK293H,2,96,1.93E-08,0.000149705,0.000149882,0.998036,A,6
1456,N-acetylpro-cainamide,32795-44-1,HEK293H,2,96,1.08E-07,0.000149581,0.000149781,0.997208,B,9.2
1457,Quinidine sulfate,50-54-4,HEK293H,2,96,1.14E-07,0.000116328,0.000141564,0.775523,B,9.3
1458,Sematilide,101526-83-4,HEK293H,2,96,1.00E-07,0.000149644,0.000149807,0.997625,B,9.1
1459,Sotalol hydrochloride,959-24-0,HEK293H,2,96,9.32E-08,0.000149874,0.000149893,0.999163,B,9
1460,Mifepristone,84371-65-3,HEK293H,2,96,2.78E-06,1.03E-05,0.000117966,0.0683926,N,
1461,Perfluorobutanesulfonic_acid,375-73-5,HEK293H,2,96,1.84E-09,0.000149331,0.000149772,0.995542,A,-2.9
1462,4_2_Fluorotelomer_sulfonic_acid,757124-72-4,HEK293H,2,96,1.82E-09,0.000148757,0.000149596,0.991714,A,1.4
1463,Perfluorononanoic_acid,375-95-1,HEK293H,2,96,2.60E-11,2.04E-06,6.66E-05,0.0135801,A,0.1
1464,Perfluorohexanoic_acid,307-24-4,HEK293H,2,96,4.53E-10,3.69E-05,0.000126829,0.245735,A,0.1
1465,Perfluorobutanoic_acid,375-22-4,HEK293H,2,96,1.83E-09,0.00014887,0.00014963,0.992467,A,0.1
1466,Perfluorooctanoic_acid,335-67-1,HEK293H,2,96,5.14E-10,4.18E-05,0.000127526,0.278681,A,0.1
1467,6_2_Fluorotelomer_sulfonic_acid,27619-97-2,HEK293H,2,96,1.59E-09,0.000129897,0.000144764,0.865977,A,1.4
1468,8_2_Fluorotelomer_sulfonic_acid,39108-34-4,HEK293H,2,96,4.70E-10,3.82E-05,0.000127017,0.254876,A,1.4
1469,Perfluoroundecanoic_acid,2058-94-8,HEK293H,2,96,3.15E-11,2.49E-06,7.21E-05,0.0165771,A,0.1
1470,Perfluorooctanesulfonic_acid,1763-23-1,HEK293H,2,96,3.07E-11,2.49E-06,7.21E-05,0.0165771,A,-2.9
1471,Perfluoroheptanoic_acid,375-85-9,HEK293H,2,96,1.15E-09,9.36E-05,0.000136817,0.624328,A,0.1
1472,Perfluoropentanoic_acid,2706-90-3,HEK293H,2,96,1.79E-09,0.000145325,0.000148627,0.968835,A,0.1
1473,Perfluorohexanesulfonic_acid,355-46-4,HEK293H,2,96,1.71E-09,0.000138568,0.000146874,0.923786,A,-2.9
1474,Perfluorodecanoic_acid,335-76-2,HEK293H,2,96,1.51E-11,1.13E-06,5.29E-05,0.0075649,A,0.1
1475,cyclosporine A,59865-13-3,HEK293H,2,96,4.08E-07,0.000131427,0.000144856,0.87618,N,
1476,chlorpromazine,50-53-3,HEK293H,2,96,1.58E-07,5.54E-06,9.79E-05,0.0369363,B,9.4
1477,PBDE 47,5436-43-1,HEK293H,2,96,1.07E-05,4.41E-07,4.50E-05,0.00294129,N,
1478,PBDE 99,60348-60-9,HEK293H,2,96,1.18E-05,1.49E-07,3.88E-05,0.000991618,N,
1479,PBDE 153,68631-49-2,HEK293H,2,96,1.26E-05,4.08E-08,3.78E-05,0.000272202,N,
1480,amiodarone,1951-25-3,HEK293H,2,96,6.24E-07,1.04E-07,2.84E-05,0.000691034,B,9
1481,Azathioprine,446-86-6,HEK293H,2,96,2.76E-08,0.000149949,0.000149962,0.999658,A,8.2
1482,Benzocaine,94-09-7,HEK293H,2,96,6.50E-08,0.00014835,0.000149434,0.988997,N,
1483,Butylated hydroxyanisole,25013-16-5,HEK293H,2,96,9.62E-07,0.000101749,0.00013783,0.67833,N,
1484,Cetirizine dihydrochloride,83881-52-1,HEK293H,2,96,9.82E-09,0.000149888,0.000149951,0.999254,A,4.7
1485,Cyclamate,139-05-9,HEK293H,2,96,3.68E-06,0.000146316,0.000146318,0.975437,B,17.6
1486,Cyclophosphamide,6055-19-2,HEK293H,2,96,5.12E-08,0.000149851,0.000149911,0.999007,B,6.1
1487,Cypermethrin,67375-30-8,HEK293H,2,96,1.01E-05,6.50E-07,4.90E-05,0.00433099,N,
1488,DEET,134-62-3,HEK293H,2,96,1.05E-07,0.00014651,0.000148884,0.976734,N,
1489,Dexamethasone,50-02-2,HEK293H,2,96,7.05E-08,0.000148101,0.000149358,0.98734,N,
1490,Digoxin,20830-75-5,HEK293H,2,96,3.74E-08,0.000149585,0.00014983,0.997232,N,
1491,Fenazaquin,120928-09-8,HEK293H,2,96,5.34E-06,4.54E-06,9.14E-05,0.0302672,N,
1492,Fenbuconazole,114369-43-6,HEK293H,2,96,7.11E-07,0.000115457,0.000140973,0.769716,N,
1493,Fluazinam,79622-59-6,HEK293H,2,96,1.83E-06,5.02E-05,0.000127516,0.334736,N,
1494,Furosemide,54-31-9,HEK293H,2,96,2.33E-09,0.000147638,0.000149269,0.984256,A,3
1495,Glybenclamide,10238-21-8,HEK293H,2,96,1.01E-08,1.09E-05,0.000120754,0.0726017,A,5
1496,HC Red 3,2871-01-4,HEK293H,2,96,2.87E-08,0.000149946,0.000149961,0.999639,N,
1497,Hydralazine hydrochloride,304-20-1,HEK293H,2,96,4.87E-08,0.000149846,0.000149911,0.998975,B,6
1498,Ketoconazole,65277-42-1,HEK293H,2,96,1.87E-06,2.71E-05,0.000124271,0.180972,B,6.6
1499,Metformin,1115-70-4,HEK293H,2,96,1.62E-07,0.000149836,0.000149837,0.998907,B,9.6
1500,Metoclopramide,364-62-5,HEK293H,2,96,9.61E-08,0.000140575,0.000147312,0.937164,B,9
1501,Nitrofurantoin,67-20-9,HEK293H,2,96,2.41E-08,0.00014997,0.000149973,0.999799,A,7.3
1502,Oxytetracycline hydrochloride,2058-46-0,HEK293H,2,96,8.46E-09,0.000149991,0.000149991,0.99994,A,4.5
1503,Panthenol,16485-10-2 ,HEK293H,2,96,2.81E-08,0.00014997,0.000149971,0.999798,N,
1504,Paracetamol,103-90-2,HEK293H,2,96,2.95E-08,0.000149915,0.000149948,0.999431,N,
1505,Topiramate,97240-79-4,HEK293H,2,96,2.79E-08,0.000149971,0.000149972,0.999809,A,9.2
1506,Trimellitic anhydride,552-30-7,HEK293H,2,96,2.84E-09,0.000149391,0.000149791,0.995941,A,3.3
1507,Verapamil hydrochloride,152-11-4,HEK293H,2,96,9.36E-08,2.12E-05,0.000125009,0.141281,B,9.2
1508,Warfarin,129-06-6,HEK293H,2,96,1.77E-07,0.000143005,0.000147894,0.953367,N,
1509,Caffeine,58-08-2,Rat cerebellar granule cell,20,96,1.65E-08,0.000149887,0.000149977,0.999245,N,
1510,Lamotrigine,84057-84-1,Rat cerebellar granule cell,20,96,3.87E-06,0.000101266,0.000144462,0.675104,B,6.6
1511,Diclofenac,15307-79-6,Rat cerebellar granule cell,20,96,1.62E-07,0.000149198,0.0001498,0.994653,B,17.6
1512,"2,4-Dichlorophenoxyacetic",94-75-7,Rat cerebellar granule cell,20,96,7.81E-11,8.35E-05,0.000147647,0.556509,A,2.7
1513,(S)-Naproxen,22204-53-1,Rat cerebellar granule cell,20,96,5.94E-09,5.01E-05,0.000146767,0.333962,A,4.4
1514,Ibuprofen,15687-27-1,Rat cerebellar granule cell,20,96,9.87E-08,1.70E-05,0.000146154,0.113541,A,5.4
1515,Torasemide,56211-40-6,Rat cerebellar granule cell,20,96,1.95E-09,3.58E-05,0.000146477,0.23841,A,4
1516,Warfarin,81-81-2,Rat cerebellar granule cell,20,96,5.03E-09,9.34E-05,0.000147937,0.622354,A,4.5
1517,di-n-butylphthalate,84-74-2,Rat cerebellar granule cell,20,96,9.62E-06,1.97E-06,0.000137283,0.0131616,N,
1518,hexachlorophene,70-30-4,Rat cerebellar granule cell,20,96,9.19E-06,3.81E-08,9.92E-05,0.000254116,A,6.2
1519,hexamethylenetetramine,100-97-0,Rat cerebellar granule cell,20,96,3.31E-09,0.000149807,0.000149811,0.998712,B,6.4
1520,Malathion,121-75-5,Rat cerebellar granule cell,20,96,3.18E-06,0.000116161,0.000145619,0.774409,N,
1521,pentachlorophenol,87-86-5,Rat cerebellar granule cell,20,96,5.85E-08,1.12E-06,0.000144453,0.00745701,A,5
1522,"2,2,2-trichloroethanol",115-20-8,Rat cerebellar granule cell,20,96,4.59E-07,0.000145561,0.000149119,0.970404,N,
1523,diethylphthalate,84-66-2,Rat cerebellar granule cell,20,96,3.65E-06,0.000110722,0.000144985,0.738146,N,
1524,4-chlorophenol,106-48-9,Rat cerebellar granule cell,20,96,3.35E-06,0.000114182,0.000145382,0.761212,N,
1525,permethrin,52645-53-1,Rat cerebellar granule cell,20,96,5.12E-05,1.35E-07,8.44E-05,0.000902011,N,
1526,Aniline,62-53-3,Rat cerebellar granule cell,20,96,1.42E-07,0.000148773,0.00014977,0.991818,N,
1527,4-fluoroaniline,371-40-4,Rat cerebellar granule cell,20,96,2.51E-07,0.000147747,0.000149592,0.984978,N,
1528,"2,4,6-trichlorophenol",88-06-2,Rat cerebellar granule cell,20,96,2.14E-06,1.83E-05,0.000144168,0.122094,A,6.8
1529,Allyl alcohol,107-18-6,Rat cerebellar granule cell,20,96,2.77E-08,0.000149636,0.000149799,0.997575,N,
1530,N-methylaniline,100-61-8,Rat cerebellar granule cell,20,96,7.79E-07,0.000142389,0.000148715,0.949263,N,
1531,"3,4-dichloroaniline",95-76-1,Rat cerebellar granule cell,20,96,5.30E-06,9.05E-05,0.000142738,0.603618,N,
1532,4-decylaniline,37529-30-9,Rat cerebellar granule cell,20,96,4.64E-05,1.86E-07,9.03E-05,0.00123939,N,
1533,naphthalene,91-20-3,Rat cerebellar granule cell,20,96,9.02E-06,3.78E-05,0.000137271,0.252066,N,
1534,"1,2,4-trichlorobenzene",120-82-1,Rat cerebellar granule cell,20,96,9.88E-06,8.46E-06,0.000132328,0.0563743,N,
1535,"1,2-dichlorobenzene",95-50-1,Rat cerebellar granule cell,20,96,8.87E-06,2.76E-05,0.000127727,0.183699,N,
1536,dichloromethane,75-09-2,Rat cerebellar granule cell,20,96,2.56E-07,0.000120041,0.000121964,0.800274,N,
1537,tetrachloroethylene,127-18-4,Rat cerebellar granule cell,20,96,7.69E-06,2.56E-05,0.000111999,0.170711,N,
1538,"2,3-dimethyl-1,3-butadiene",513-81-5,Rat cerebellar granule cell,20,96,6.11E-07,4.35E-06,1.08E-05,0.0289849,N,
1539,Eugenol F,97-53-0,Rat cerebellar granule cell,20,96,2.71E-06,0.000121608,0.000146259,0.810722,N,
1540,Methyl-antranilate,134-20-3,Rat cerebellar granule cell,20,96,1.25E-06,0.000137688,0.000148264,0.917922,N,
1541,Lilyfore,285977-85-7,Rat cerebellar granule cell,20,96,8.79E-06,4.23E-05,0.000138099,0.281919,N,
1542,Damascone beta,23726-91-2,Rat cerebellar granule cell,20,96,9.99E-06,4.28E-06,0.000136683,0.0285589,N,
1543,Veloutone,14595-54-1,Rat cerebellar granule cell,20,96,1.86E-05,8.17E-07,0.000125647,0.00544869,N,
1544,Verdox,82356-51-2,Rat cerebellar granule cell,20,96,4.99E-05,1.48E-07,8.59E-05,0.000987009,N,
1545,Nirvanol,1506-02-1,Rat cerebellar granule cell,20,96,2.88E-05,4.81E-07,0.000112528,0.00320915,N,
1546,Cetalox,3738-00-9,Rat cerebellar granule cell,20,96,2.13E-05,7.08E-07,0.000122177,0.00471971,N,
1547,Tonalide,21145-77-7,Rat cerebellar granule cell,20,96,2.88E-05,4.81E-07,0.000112528,0.00320915,N,
1548,"2,4-Dinitrophenol",51-28-5,Rat cerebellar granule cell,20,96,4.53E-10,0.000143224,0.000149683,0.954826,A,4.1
1549,Aldrin,309-00-2,Rat cerebellar granule cell,20,96,5.12E-05,1.35E-07,8.44E-05,0.00090195,N,
1550,Azinphos-methyl,86-50-0,Rat cerebellar granule cell,20,96,5.73E-06,8.52E-05,0.000142173,0.567795,N,
1551,Chlorpyrifos,2921-88-2,Rat cerebellar granule cell,20,96,1.27E-05,1.17E-06,0.000133274,0.00777773,N,
1552,"DDD-p,p'",50-29-3,Rat cerebellar granule cell,20,96,5.98E-05,6.15E-08,7.38E-05,0.000410208,N,
1553,"DDT-o,p'",789-02-6,Rat cerebellar granule cell,20,96,5.26E-05,1.21E-07,8.26E-05,0.000808105,N,
1554,"DDT-p,p'",72-54-8,Rat cerebellar granule cell,20,96,4.08E-05,2.59E-07,9.73E-05,0.00172589,N,
1555,Diazinon,333-41-5,Rat cerebellar granule cell,20,96,1.02E-05,1.32E-05,0.000136374,0.0877612,N,
1556,Dicofol,115-32-2,Rat cerebellar granule cell,20,96,1.37E-05,1.09E-06,0.000132008,0.00729423,N,
1557,Dieldrin,60-57-1,Rat cerebellar granule cell,20,96,1.55E-05,9.81E-07,0.000129731,0.00653804,N,
1558,Disulfoton,298-04-4,Rat cerebellar granule cell,20,96,1.02E-05,8.13E-06,0.000136408,0.0541806,N,
1559,Endosulfan I,115-29-7,Rat cerebellar granule cell,20,96,1.02E-05,1.26E-05,0.000136366,0.0838883,N,
1560,Endrin,72-20-8,Rat cerebellar granule cell,20,96,2.20E-05,6.83E-07,0.000121335,0.00455158,N,
1561,Ethion,563-12-2,Rat cerebellar granule cell,20,96,1.46E-05,1.04E-06,0.000130896,0.00690857,N,
1562,Heptachlor,76-44-8,Rat cerebellar granule cell,20,96,4.02E-05,2.67E-07,9.81E-05,0.00178169,N,
1563,Heptachlor epoxide B,1024-57-3,Rat cerebellar granule cell,20,96,1.30E-05,1.14E-06,0.00013286,0.00761401,N,
1564,Lindane,58-89-9,Rat cerebellar granule cell,20,96,1.01E-05,1.61E-05,0.000136435,0.107243,N,
1565,"Methoxychlor-o,p'",72-43-5,Rat cerebellar granule cell,20,96,1.47E-05,1.02E-06,0.000130667,0.00683327,N,
1566,Parathion,56-38-2,Rat cerebellar granule cell,20,96,1.02E-05,1.26E-05,0.000136367,0.0838886,N,
1567,Trifluralin,1582-09-8,Rat cerebellar granule cell,20,96,1.99E-05,7.61E-07,0.000123976,0.00507602,N,
1568,Cisapride,81098-60-4,Rat cerebellar granule cell,20,96,3.01E-06,2.77E-05,0.000143425,0.184558,B,7.8
1569,Citalopram hydrobromide,59729-33-8,Rat cerebellar granule cell,20,96,8.59E-06,4.53E-05,0.000138353,0.30231,N,
1570,Dofetilide,115256-11-6,Rat cerebellar granule cell,20,96,2.70E-07,0.00012623,0.000148771,0.841535,B,8.4
1571,Moxifloxacin hydrochloride,186826-86-8,Rat cerebellar granule cell,20,96,9.69E-09,0.000148148,0.000149892,0.987655,A,6
1572,N-acetylpro-cainamide,32795-44-1,Rat cerebellar granule cell,20,96,1.38E-08,0.000147903,0.000149877,0.986018,B,9.2
1573,Quinidine sulfate,50-54-4,Rat cerebellar granule cell,20,96,2.96E-07,4.62E-05,0.0001464,0.307951,B,9.3
1574,Sematilide,101526-83-4,Rat cerebellar granule cell,20,96,1.27E-08,0.000148276,0.000149896,0.988505,B,9.1
1575,Sotalol hydrochloride,959-24-0,Rat cerebellar granule cell,20,96,5.31E-09,0.000149792,0.000149981,0.998613,B,9
1576,Mifepristone,84371-65-3,Rat cerebellar granule cell,20,96,1.15E-05,1.27E-06,0.000134906,0.00848552,N,
1577,Perfluorobutanesulfonic_acid,375-73-5,Rat cerebellar granule cell,20,96,7.74E-11,0.000145482,0.00014978,0.969878,A,-2.9
1578,4_2_Fluorotelomer_sulfonic_acid,757124-72-4,Rat cerebellar granule cell,20,96,7.54E-11,0.000141628,0.000149617,0.944184,A,1.4
1579,Perfluorononanoic_acid,375-95-1,Rat cerebellar granule cell,20,96,6.71E-12,4.18E-07,0.000132879,0.00278706,A,0.1
1580,Perfluorohexanoic_acid,307-24-4,Rat cerebellar granule cell,20,96,4.26E-12,5.76E-06,0.000146379,0.0384075,A,0.1
1581,Perfluorobutanoic_acid,375-22-4,Rat cerebellar granule cell,20,96,7.55E-11,0.000142377,0.000149648,0.949179,A,0.1
1582,Perfluorooctanoic_acid,335-67-1,Rat cerebellar granule cell,20,96,4.82E-12,6.80E-06,0.000146342,0.0453625,A,0.1
1583,6_2_Fluorotelomer_sulfonic_acid,27619-97-2,Rat cerebellar granule cell,20,96,4.05E-11,6.87E-05,0.000147233,0.457698,A,1.4
1584,8_2_Fluorotelomer_sulfonic_acid,39108-34-4,Rat cerebellar granule cell,20,96,9.15E-12,6.04E-06,0.000146368,0.0402829,A,1.4
1585,Perfluoroundecanoic_acid,2058-94-8,Rat cerebellar granule cell,20,96,5.91E-12,4.80E-07,0.000134956,0.00320181,A,0.1
1586,Perfluorooctanesulfonic_acid,1763-23-1,Rat cerebellar granule cell,20,96,2.63E-13,4.80E-07,0.000134956,0.00320181,A,-2.9
1587,Perfluoroheptanoic_acid,375-85-9,Rat cerebellar granule cell,20,96,1.50E-11,2.61E-05,0.000146328,0.173905,A,0.1
1588,Perfluoropentanoic_acid,2706-90-3,Rat cerebellar granule cell,20,96,6.46E-11,0.000121298,0.000148855,0.808652,A,0.1
1589,Perfluorohexanesulfonic_acid,355-46-4,Rat cerebellar granule cell,20,96,4.92E-11,9.25E-05,0.000147915,0.616534,A,-2.9
1590,Perfluorodecanoic_acid,335-76-2,Rat cerebellar granule cell,20,96,9.32E-12,2.76E-07,0.000126344,0.00184276,A,0.1
1591,cyclosporine A,59865-13-3,Rat cerebellar granule cell,20,96,6.92E-06,6.95E-05,0.000140579,0.463551,N,
1592,chlorpromazine,50-53-3,Rat cerebellar granule cell,20,96,7.66E-07,8.43E-07,0.00014133,0.00561908,B,9.4
1593,PBDE 47,5436-43-1,Rat cerebellar granule cell,20,96,5.80E-05,7.51E-08,7.59E-05,0.00050091,N,
1594,PBDE 99,60348-60-9,Rat cerebellar granule cell,20,96,6.50E-05,2.60E-08,6.77E-05,0.000173394,N,
1595,PBDE 153,68631-49-2,Rat cerebellar granule cell,20,96,6.72E-05,7.08E-09,6.55E-05,4.72E-05,N,
1596,amiodarone,1951-25-3,Rat cerebellar granule cell,20,96,6.90E-06,3.68E-08,0.000100193,0.000245003,B,9
1597,Azathioprine,446-86-6,Rat cerebellar granule cell,20,96,2.06E-08,0.000149833,0.000149969,0.998883,A,8.2
1598,Benzocaine,94-09-7,Rat cerebellar granule cell,20,96,1.20E-06,0.000138233,0.000148335,0.921553,N,
1599,Butylated hydroxyanisole,25013-16-5,Rat cerebellar granule cell,20,96,9.49E-06,3.02E-05,0.000137186,0.201181,N,
1600,Cetirizine dihydrochloride,83881-52-1,Rat cerebellar granule cell,20,96,5.61E-10,0.000149334,0.00014996,0.995562,A,4.7
1601,Cyclamate,139-05-9,Rat cerebellar granule cell,20,96,1.62E-07,0.000149811,0.000149835,0.998738,B,17.6
1602,Cyclophosphamide,6055-19-2,Rat cerebellar granule cell,20,96,8.60E-08,0.000149276,0.000149877,0.995175,B,6.1
1603,Cypermethrin,67375-30-8,Rat cerebellar granule cell,20,96,5.40E-05,1.08E-07,8.08E-05,0.000722576,N,
1604,DEET,134-62-3,Rat cerebellar granule cell,20,96,2.29E-06,0.000126365,0.00014684,0.842431,N,
1605,Dexamethasone,50-02-2,Rat cerebellar granule cell,20,96,1.36E-06,0.00013653,0.000148114,0.910201,N,
1606,Digoxin,20830-75-5,Rat cerebellar granule cell,20,96,3.21E-07,0.000147133,0.000149549,0.980885,N,
1607,Fenazaquin,120928-09-8,Rat cerebellar granule cell,20,96,2.39E-05,6.18E-07,0.000118854,0.00411876,N,
1608,Fenbuconazole,114369-43-6,Rat cerebellar granule cell,20,96,8.74E-06,4.30E-05,0.000138161,0.286939,N,
1609,Fluazinam,79622-59-6,Rat cerebellar granule cell,20,96,1.02E-05,8.32E-06,0.000136401,0.0554598,N,
1610,Furosemide,54-31-9,Rat cerebellar granule cell,20,96,1.07E-10,0.000134485,0.000149336,0.896566,A,3
1611,Glybenclamide,10238-21-8,Rat cerebellar granule cell,20,96,4.03E-08,1.43E-06,0.00014611,0.00956066,A,5
1612,HC Red 3,2871-01-4,Rat cerebellar granule cell,20,96,2.54E-08,0.000149816,0.000149964,0.998774,N,
1613,Hydralazine hydrochloride,304-20-1,Rat cerebellar granule cell,20,96,9.28E-08,0.00014922,0.000149867,0.994803,B,6
1614,Ketoconazole,65277-42-1,Rat cerebellar granule cell,20,96,8.64E-06,3.75E-06,0.000138065,0.025026,B,6.6
1615,Metformin,1115-70-4,Rat cerebellar granule cell,20,96,7.04E-09,0.00014998,0.000149992,0.999864,B,9.6
1616,Metoclopramide,364-62-5,Rat cerebellar granule cell,20,96,2.13E-07,0.000100012,0.000147942,0.666747,B,9
1617,Nitrofurantoin,67-20-9,Rat cerebellar granule cell,20,96,3.72E-09,0.00014996,0.000149993,0.999736,A,7.3
1618,Oxytetracycline hydrochloride,2058-46-0,Rat cerebellar granule cell,20,96,3.65E-10,0.000149997,0.000149999,0.99998,A,4.5
1619,Panthenol,16485-10-2 ,Rat cerebellar granule cell,20,96,3.49E-09,0.000149984,0.000149995,0.999893,N,
1620,Paracetamol,103-90-2,Rat cerebellar granule cell,20,96,5.28E-08,0.00014959,0.000149925,0.997263,N,
1621,Topiramate,97240-79-4,Rat cerebellar granule cell,20,96,1.92E-09,0.000149994,0.000149998,0.999962,A,9.2
1622,Trimellitic anhydride,552-30-7,Rat cerebellar granule cell,20,96,1.30E-10,0.000145896,0.000149798,0.972639,A,3.3
1623,Verapamil hydrochloride,152-11-4,Rat cerebellar granule cell,20,96,3.62E-07,2.92E-06,0.000146202,0.0194981,B,9.2
1624,Warfarin,129-06-6,Rat cerebellar granule cell,20,96,3.89E-06,0.000107802,0.000144653,0.718678,N,
1625,Caffeine,58-08-2,Balbc_3T3,20,96,2.24E-08,0.000149881,0.000149971,0.999206,N,
1626,Lamotrigine,84057-84-1,Balbc_3T3,20,96,4.98E-07,0.000103601,0.000147794,0.690674,B,6.6
1627,Diclofenac,15307-79-6,Balbc_3T3,20,96,2.71E-06,0.000146659,0.000147252,0.977728,B,17.6
1628,"2,4-Dichlorophenoxyacetic",94-75-7,Balbc_3T3,20,96,8.64E-10,8.35E-05,0.000147646,0.556506,A,2.7
1629,(S)-Naproxen,22204-53-1,Balbc_3T3,20,96,2.61E-09,5.01E-05,0.000146771,0.333969,A,4.4
1630,Ibuprofen,15687-27-1,Balbc_3T3,20,96,1.30E-08,1.70E-05,0.000146238,0.113605,A,5.4
1631,Torasemide,56211-40-6,Balbc_3T3,20,96,1.18E-09,3.58E-05,0.000146478,0.238411,A,4
1632,Warfarin,81-81-2,Balbc_3T3,20,96,4.44E-09,9.34E-05,0.000147937,0.622356,A,4.5
1633,di-n-butylphthalate,84-74-2,Balbc_3T3,20,96,1.22E-06,2.09E-06,0.000145497,0.0139491,N,
1634,hexachlorophene,70-30-4,Balbc_3T3,20,96,1.20E-06,4.03E-08,0.000104818,0.000268547,A,6.2
1635,hexamethylenetetramine,100-97-0,Balbc_3T3,20,96,4.17E-08,0.000149768,0.000149773,0.998456,B,6.4
1636,Malathion,121-75-5,Balbc_3T3,20,96,3.98E-07,0.000118364,0.000148381,0.789095,N,
1637,pentachlorophenol,87-86-5,Balbc_3T3,20,96,7.08E-09,1.12E-06,0.000144503,0.00745957,A,5
1638,"2,2,2-trichloroethanol",115-20-8,Balbc_3T3,20,96,7.39E-08,0.000145935,0.000149503,0.972902,N,
1639,diethylphthalate,84-66-2,Balbc_3T3,20,96,4.55E-07,0.000113137,0.000148147,0.754246,N,
1640,4-chlorophenol,106-48-9,Balbc_3T3,20,96,4.19E-07,0.000116466,0.00014829,0.776437,N,
1641,permethrin,52645-53-1,Balbc_3T3,20,96,8.88E-06,1.93E-07,0.000120454,0.00128782,N,
1642,Aniline,62-53-3,Balbc_3T3,20,96,3.70E-08,0.000148877,0.000149876,0.992516,N,
1643,4-fluoroaniline,371-40-4,Balbc_3T3,20,96,4.96E-08,0.000147945,0.000149793,0.986301,N,
1644,"2,4,6-trichlorophenol",88-06-2,Balbc_3T3,20,96,2.59E-07,1.85E-05,0.000146004,0.123648,A,6.8
1645,Allyl alcohol,107-18-6,Balbc_3T3,20,96,2.36E-08,0.00014964,0.000149803,0.997602,N,
1646,N-methylaniline,100-61-8,Balbc_3T3,20,96,1.11E-07,0.000143027,0.000149381,0.953511,N,
1647,"3,4-dichloroaniline",95-76-1,Balbc_3T3,20,96,6.59E-07,9.34E-05,0.00014732,0.622992,N,
1648,4-decylaniline,37529-30-9,Balbc_3T3,20,96,7.74E-06,2.55E-07,0.000123982,0.00170257,N,
1649,naphthalene,91-20-3,Balbc_3T3,20,96,1.13E-06,3.99E-05,0.00014495,0.266168,N,
1650,"1,2,4-trichlorobenzene",120-82-1,Balbc_3T3,20,96,1.25E-06,8.98E-06,0.000140481,0.0598474,N,
1651,"1,2-dichlorobenzene",95-50-1,Balbc_3T3,20,96,1.11E-06,2.91E-05,0.000134746,0.193794,N,
1652,dichloromethane,75-09-2,Balbc_3T3,20,96,4.65E-08,0.000120209,0.000122134,0.801393,N,
1653,tetrachloroethylene,127-18-4,Balbc_3T3,20,96,9.57E-07,2.68E-05,0.000117298,0.178788,N,
1654,"2,3-dimethyl-1,3-butadiene",513-81-5,Balbc_3T3,20,96,7.31E-08,4.36E-06,1.08E-05,0.029089,N,
1655,Eugenol F,97-53-0,Balbc_3T3,20,96,3.41E-07,0.000123563,0.00014861,0.823753,N,
1656,Methyl-antranilate,134-20-3,Balbc_3T3,20,96,1.67E-07,0.000138691,0.000149343,0.924605,N,
1657,Lilyfore,285977-85-7,Balbc_3T3,20,96,1.10E-06,4.46E-05,0.000145613,0.29726,N,
1658,Damascone beta,23726-91-2,Balbc_3T3,20,96,1.26E-06,4.55E-06,0.000145198,0.0303381,N,
1659,Veloutone,14595-54-1,Balbc_3T3,20,96,2.51E-06,9.18E-07,0.000141055,0.00611686,N,
1660,Verdox,82356-51-2,Balbc_3T3,20,96,8.56E-06,2.09E-07,0.000121413,0.00139445,N,
1661,Nirvanol,1506-02-1,Balbc_3T3,20,96,4.18E-06,5.79E-07,0.000135434,0.0038624,N,
1662,Cetalox,3738-00-9,Balbc_3T3,20,96,2.92E-06,8.09E-07,0.000139585,0.0053922,N,
1663,Tonalide,21145-77-7,Balbc_3T3,20,96,4.18E-06,5.79E-07,0.000135434,0.0038624,N,
1664,"2,4-Dinitrophenol",51-28-5,Balbc_3T3,20,96,4.22E-09,0.00014322,0.000149679,0.954802,A,4.1
1665,Aldrin,309-00-2,Balbc_3T3,20,96,8.88E-06,1.93E-07,0.000120442,0.0012877,N,
1666,Azinphos-methyl,86-50-0,Balbc_3T3,20,96,7.11E-07,8.81E-05,0.000147116,0.587533,N,
1667,Chlorpyrifos,2921-88-2,Balbc_3T3,20,96,1.65E-06,1.26E-06,0.000144027,0.00840525,N,
1668,"DDD-p,p'",50-29-3,Balbc_3T3,20,96,1.12E-05,9.47E-08,0.000113455,0.000631032,N,
1669,"DDT-o,p'",789-02-6,Balbc_3T3,20,96,9.25E-06,1.75E-07,0.000119315,0.001168,N,
1670,"DDT-p,p'",72-54-8,Balbc_3T3,20,96,6.49E-06,3.40E-07,0.000127931,0.00226823,N,
1671,Diazinon,333-41-5,Balbc_3T3,20,96,1.28E-06,1.40E-05,0.000145032,0.0933327,N,
1672,Dicofol,115-32-2,Balbc_3T3,20,96,1.78E-06,1.19E-06,0.000143547,0.00793183,N,
1673,Dieldrin,60-57-1,Balbc_3T3,20,96,2.04E-06,1.08E-06,0.000142671,0.00719017,N,
1674,Disulfoton,298-04-4,Balbc_3T3,20,96,1.29E-06,8.64E-06,0.000145078,0.0576244,N,
1675,Endosulfan I,115-29-7,Balbc_3T3,20,96,1.29E-06,1.34E-05,0.000145032,0.089219,N,
1676,Endrin,72-20-8,Balbc_3T3,20,96,3.03E-06,7.84E-07,0.000139284,0.00522491,N,
1677,Ethion,563-12-2,Balbc_3T3,20,96,1.91E-06,1.13E-06,0.000143121,0.00755382,N,
1678,Heptachlor,76-44-8,Balbc_3T3,20,96,6.37E-06,3.50E-07,0.000128318,0.00233123,N,
1679,Heptachlor epoxide B,1024-57-3,Balbc_3T3,20,96,1.69E-06,1.24E-06,0.000143871,0.00824499,N,
1680,Lindane,58-89-9,Balbc_3T3,20,96,1.28E-06,1.71E-05,0.000145035,0.114003,N,
1681,"Methoxychlor-o,p'",72-43-5,Balbc_3T3,20,96,1.93E-06,1.12E-06,0.000143033,0.00747996,N,
1682,Parathion,56-38-2,Balbc_3T3,20,96,1.29E-06,1.34E-05,0.000145032,0.0892193,N,
1683,Trifluralin,1582-09-8,Balbc_3T3,20,96,2.71E-06,8.62E-07,0.000140377,0.0057475,N,
1684,Cisapride,81098-60-4,Balbc_3T3,20,96,3.73E-07,2.82E-05,0.000146,0.187871,B,7.8
1685,Citalopram hydrobromide,59729-33-8,Balbc_3T3,20,96,1.08E-06,4.78E-05,0.000145706,0.318378,N,
1686,Dofetilide,115256-11-6,Balbc_3T3,20,96,7.65E-08,0.000126393,0.000148963,0.842621,B,8.4
1687,Moxifloxacin hydrochloride,186826-86-8,Balbc_3T3,20,96,1.49E-08,0.000148143,0.000149887,0.987621,A,6
1688,N-acetylpro-cainamide,32795-44-1,Balbc_3T3,20,96,7.97E-08,0.000147838,0.000149811,0.985585,B,9.2
1689,Quinidine sulfate,50-54-4,Balbc_3T3,20,96,6.17E-08,4.63E-05,0.000146628,0.308432,B,9.3
1690,Sematilide,101526-83-4,Balbc_3T3,20,96,7.37E-08,0.000148215,0.000149835,0.988103,B,9.1
1691,Sotalol hydrochloride,959-24-0,Balbc_3T3,20,96,6.86E-08,0.000149729,0.000149918,0.998192,B,9
1692,Mifepristone,84371-65-3,Balbc_3T3,20,96,1.47E-06,1.36E-06,0.000144639,0.00909769,N,
1693,Perfluorobutanesulfonic_acid,375-73-5,Balbc_3T3,20,96,1.32E-09,0.00014548,0.000149779,0.96987,A,-2.9
1694,4_2_Fluorotelomer_sulfonic_acid,757124-72-4,Balbc_3T3,20,96,1.28E-09,0.000141626,0.000149616,0.944176,A,1.4
1695,Perfluorononanoic_acid,375-95-1,Balbc_3T3,20,96,4.56E-12,4.18E-07,0.000132879,0.00278706,A,0.1
1696,Perfluorohexanoic_acid,307-24-4,Balbc_3T3,20,96,5.22E-11,5.76E-06,0.000146378,0.0384075,A,0.1
1697,Perfluorobutanoic_acid,375-22-4,Balbc_3T3,20,96,1.29E-09,0.000142376,0.000149647,0.949171,A,0.1
1698,Perfluorooctanoic_acid,335-67-1,Balbc_3T3,20,96,6.16E-11,6.80E-06,0.000146342,0.0453625,A,0.1
1699,6_2_Fluorotelomer_sulfonic_acid,27619-97-2,Balbc_3T3,20,96,6.19E-10,6.87E-05,0.000147233,0.457697,A,1.4
1700,8_2_Fluorotelomer_sulfonic_acid,39108-34-4,Balbc_3T3,20,96,5.52E-11,6.04E-06,0.000146368,0.0402829,A,1.4
1701,Perfluoroundecanoic_acid,2058-94-8,Balbc_3T3,20,96,5.02E-12,4.80E-07,0.000134956,0.00320181,A,0.1
1702,Perfluorooctanesulfonic_acid,1763-23-1,Balbc_3T3,20,96,4.35E-12,4.80E-07,0.000134956,0.00320181,A,-2.9
1703,Perfluoroheptanoic_acid,375-85-9,Balbc_3T3,20,96,2.36E-10,2.61E-05,0.000146328,0.173905,A,0.1
1704,Perfluoropentanoic_acid,2706-90-3,Balbc_3T3,20,96,1.10E-09,0.000121297,0.000148854,0.808646,A,0.1
1705,Perfluorohexanesulfonic_acid,355-46-4,Balbc_3T3,20,96,8.38E-10,9.25E-05,0.000147914,0.61653,A,-2.9
1706,Perfluorodecanoic_acid,335-76-2,Balbc_3T3,20,96,3.61E-12,2.76E-07,0.000126344,0.00184276,A,0.1
1707,cyclosporine A,59865-13-3,Balbc_3T3,20,96,8.61E-07,7.25E-05,0.000146527,0.483164,N,
1708,chlorpromazine,50-53-3,Balbc_3T3,20,96,9.30E-08,8.47E-07,0.000141968,0.00564443,B,9.4
1709,PBDE 47,5436-43-1,Balbc_3T3,20,96,1.07E-05,1.14E-07,0.00011496,0.000758372,N,
1710,PBDE 99,60348-60-9,Balbc_3T3,20,96,1.29E-05,4.19E-08,0.000109105,0.000279624,N,
1711,PBDE 153,68631-49-2,Balbc_3T3,20,96,1.37E-05,1.17E-08,0.000107833,7.77E-05,N,
1712,amiodarone,1951-25-3,Balbc_3T3,20,96,8.87E-07,3.83E-08,0.000104402,0.000255296,B,9
1713,Azathioprine,446-86-6,Balbc_3T3,20,96,2.22E-08,0.000149831,0.000149968,0.998873,A,8.2
1714,Benzocaine,94-09-7,Balbc_3T3,20,96,1.61E-07,0.000139197,0.000149369,0.927978,N,
1715,Butylated hydroxyanisole,25013-16-5,Balbc_3T3,20,96,1.19E-06,3.20E-05,0.000145285,0.213059,N,
1716,Cetirizine dihydrochloride,83881-52-1,Balbc_3T3,20,96,7.21E-09,0.000149328,0.000149954,0.995518,A,4.7
1717,Cyclamate,139-05-9,Balbc_3T3,20,96,2.72E-06,0.000147251,0.000147276,0.981675,B,17.6
1718,Cyclophosphamide,6055-19-2,Balbc_3T3,20,96,4.55E-08,0.000149317,0.000149917,0.995444,B,6.1
1719,Cypermethrin,67375-30-8,Balbc_3T3,20,96,9.62E-06,1.59E-07,0.000118206,0.00105686,N,
1720,DEET,134-62-3,Balbc_3T3,20,96,2.90E-07,0.000128073,0.000148825,0.853821,N,
1721,Dexamethasone,50-02-2,Balbc_3T3,20,96,1.80E-07,0.000137613,0.000149289,0.91742,N,
1722,Digoxin,20830-75-5,Balbc_3T3,20,96,5.79E-08,0.000147392,0.000149812,0.982611,N,
1723,Fenazaquin,120928-09-8,Balbc_3T3,20,96,3.34E-06,7.19E-07,0.000138233,0.0047903,N,
1724,Fenbuconazole,114369-43-6,Balbc_3T3,20,96,1.10E-06,4.54E-05,0.000145636,0.302464,N,
1725,Fluazinam,79622-59-6,Balbc_3T3,20,96,1.29E-06,8.85E-06,0.000145073,0.0589861,N,
1726,Furosemide,54-31-9,Balbc_3T3,20,96,1.56E-09,0.000134484,0.000149334,0.896557,A,3
1727,Glybenclamide,10238-21-8,Balbc_3T3,20,96,4.90E-09,1.43E-06,0.000146144,0.00956291,A,5
1728,HC Red 3,2871-01-4,Balbc_3T3,20,96,2.34E-08,0.000149818,0.000149966,0.998788,N,
1729,Hydralazine hydrochloride,304-20-1,Balbc_3T3,20,96,4.44E-08,0.000149269,0.000149916,0.995124,B,6
1730,Ketoconazole,65277-42-1,Balbc_3T3,20,96,1.08E-06,3.95E-06,0.00014544,0.0263627,B,6.6
1731,Metformin,1115-70-4,Balbc_3T3,20,96,1.19E-07,0.000149868,0.00014988,0.999119,B,9.6
1732,Metoclopramide,364-62-5,Balbc_3T3,20,96,7.06E-08,0.000100107,0.000148083,0.667382,B,9
1733,Nitrofurantoin,67-20-9,Balbc_3T3,20,96,1.80E-08,0.000149946,0.000149979,0.999641,A,7.3
1734,Oxytetracycline hydrochloride,2058-46-0,Balbc_3T3,20,96,6.22E-09,0.000149991,0.000149994,0.999941,A,4.5
1735,Panthenol,16485-10-2 ,Balbc_3T3,20,96,2.09E-08,0.000149967,0.000149978,0.999777,N,
1736,Paracetamol,103-90-2,Balbc_3T3,20,96,2.66E-08,0.000149616,0.000149951,0.997438,N,
1737,Topiramate,97240-79-4,Balbc_3T3,20,96,2.06E-08,0.000149976,0.000149979,0.999838,A,9.2
1738,Trimellitic anhydride,552-30-7,Balbc_3T3,20,96,2.04E-09,0.000145894,0.000149796,0.972627,A,3.3
1739,Verapamil hydrochloride,152-11-4,Balbc_3T3,20,96,4.48E-08,2.93E-06,0.000146512,0.0195394,B,9.2
1740,Warfarin,129-06-6,Balbc_3T3,20,96,4.85E-07,0.000110317,0.000148027,0.735444,N,
1741,Caffeine,58-08-2,FishRtgut,20,96,9.57E-09,0.000149894,0.000149984,0.999291,N,
1742,Lamotrigine,84057-84-1,FishRtgut,20,96,3.61E-08,0.000103921,0.00014825,0.692806,B,6.6
1743,Diclofenac,15307-79-6,FishRtgut,20,96,1.26E-06,0.000148101,0.000148699,0.987342,B,17.6
1744,"2,4-Dichlorophenoxyacetic",94-75-7,FishRtgut,20,96,3.97E-10,8.35E-05,0.000147646,0.556507,A,2.7
1745,(S)-Naproxen,22204-53-1,FishRtgut,20,96,9.18E-10,5.01E-05,0.000146772,0.333973,A,4.4
1746,Ibuprofen,15687-27-1,FishRtgut,20,96,1.18E-09,1.70E-05,0.000146249,0.113614,A,5.4
1747,Torasemide,56211-40-6,FishRtgut,20,96,4.50E-10,3.58E-05,0.000146478,0.238413,A,4
1748,Warfarin,81-81-2,FishRtgut,20,96,1.81E-09,9.34E-05,0.00014794,0.622367,A,4.5
1749,di-n-butylphthalate,84-74-2,FishRtgut,20,96,6.66E-08,2.11E-06,0.000146622,0.0140569,N,
1750,hexachlorophene,70-30-4,FishRtgut,20,96,9.07E-08,4.06E-08,0.000105598,0.000270546,A,6.2
1751,hexamethylenetetramine,100-97-0,FishRtgut,20,96,1.92E-08,0.000149791,0.000149795,0.998606,B,6.4
1752,Malathion,121-75-5,FishRtgut,20,96,2.51E-08,0.00011866,0.000148751,0.791063,N,
1753,pentachlorophenol,87-86-5,FishRtgut,20,96,4.29E-10,1.12E-06,0.000144509,0.0074599,A,5
1754,"2,2,2-trichloroethanol",115-20-8,FishRtgut,20,96,1.16E-08,0.000145996,0.000149566,0.973306,N,
1755,diethylphthalate,84-66-2,FishRtgut,20,96,2.75E-08,0.00011346,0.000148571,0.756401,N,
1756,4-chlorophenol,106-48-9,FishRtgut,20,96,2.59E-08,0.000116771,0.000148679,0.778477,N,
1757,permethrin,52645-53-1,FishRtgut,20,96,6.20E-07,2.04E-07,0.000127501,0.00136317,N,
1758,Aniline,62-53-3,FishRtgut,20,96,1.01E-08,0.000148904,0.000149902,0.992694,N,
1759,4-fluoroaniline,371-40-4,FishRtgut,20,96,1.06E-08,0.000147984,0.000149832,0.986558,N,
1760,"2,4,6-trichlorophenol",88-06-2,FishRtgut,20,96,1.39E-08,1.86E-05,0.000146243,0.123851,A,6.8
1761,Allyl alcohol,107-18-6,FishRtgut,20,96,9.61E-09,0.000149654,0.000149817,0.997695,N,
1762,N-methylaniline,100-61-8,FishRtgut,20,96,1.31E-08,0.00014312,0.000149479,0.954137,N,
1763,"3,4-dichloroaniline",95-76-1,FishRtgut,20,96,3.63E-08,9.38E-05,0.000147933,0.625588,N,
1764,4-decylaniline,37529-30-9,FishRtgut,20,96,5.25E-07,2.68E-07,0.000130267,0.00178888,N,
1765,naphthalene,91-20-3,FishRtgut,20,96,5.79E-08,4.02E-05,0.000145997,0.26809,N,
1766,"1,2,4-trichlorobenzene",120-82-1,FishRtgut,20,96,6.51E-08,9.05E-06,0.000141597,0.060323,N,
1767,"1,2-dichlorobenzene",95-50-1,FishRtgut,20,96,5.68E-08,2.93E-05,0.0001357,0.195166,N,
1768,dichloromethane,75-09-2,FishRtgut,20,96,8.91E-09,0.000120238,0.000122163,0.801584,N,
1769,tetrachloroethylene,127-18-4,FishRtgut,20,96,4.88E-08,2.70E-05,0.000118012,0.179875,N,
1770,"2,3-dimethyl-1,3-butadiene",513-81-5,FishRtgut,20,96,3.75E-09,4.37E-06,1.08E-05,0.0291006,N,
1771,Eugenol F,97-53-0,FishRtgut,20,96,2.26E-08,0.000123826,0.000148926,0.825505,N,
1772,Methyl-antranilate,134-20-3,FishRtgut,20,96,1.54E-08,0.000138831,0.000149494,0.92554,N,
1773,Lilyfore,285977-85-7,FishRtgut,20,96,5.64E-08,4.49E-05,0.000146636,0.299348,N,
1774,Damascone beta,23726-91-2,FishRtgut,20,96,6.74E-08,4.59E-06,0.000146366,0.0305821,N,
1775,Veloutone,14595-54-1,FishRtgut,20,96,1.47E-07,9.32E-07,0.000143313,0.00621478,N,
1776,Verdox,82356-51-2,FishRtgut,20,96,5.93E-07,2.21E-07,0.000128253,0.00147302,N,
1777,Nirvanol,1506-02-1,FishRtgut,20,96,2.59E-07,5.95E-07,0.000139078,0.00396633,N,
1778,Cetalox,3738-00-9,FishRtgut,20,96,1.74E-07,8.24E-07,0.00014219,0.00549281,N,
1779,Tonalide,21145-77-7,FishRtgut,20,96,2.59E-07,5.95E-07,0.000139078,0.00396633,N,
1780,"2,4-Dinitrophenol",51-28-5,FishRtgut,20,96,1.94E-09,0.000143223,0.000149682,0.954817,A,4.1
1781,Aldrin,309-00-2,FishRtgut,20,96,6.20E-07,2.04E-07,0.000127488,0.00136303,N,
1782,Azinphos-methyl,86-50-0,FishRtgut,20,96,3.86E-08,8.85E-05,0.000147779,0.590181,N,
1783,Chlorpyrifos,2921-88-2,FishRtgut,20,96,9.32E-08,1.27E-06,0.000145534,0.00849319,N,
1784,"DDD-p,p'",50-29-3,FishRtgut,20,96,8.37E-07,1.02E-07,0.00012196,0.000678336,N,
1785,"DDT-o,p'",789-02-6,FishRtgut,20,96,6.52E-07,1.86E-07,0.000126604,0.00123935,N,
1786,"DDT-p,p'",72-54-8,FishRtgut,20,96,4.27E-07,3.55E-07,0.000133335,0.00236404,N,
1787,Diazinon,333-41-5,FishRtgut,20,96,6.64E-08,1.41E-05,0.00014622,0.0940972,N,
1788,Dicofol,115-32-2,FishRtgut,20,96,1.02E-07,1.20E-06,0.000145176,0.00802185,N,
1789,Dieldrin,60-57-1,FishRtgut,20,96,1.17E-07,1.09E-06,0.000144522,0.00728346,N,
1790,Disulfoton,298-04-4,FishRtgut,20,96,6.74E-08,8.71E-06,0.000146268,0.0580971,N,
1791,Endosulfan I,115-29-7,FishRtgut,20,96,6.65E-08,1.35E-05,0.000146221,0.0899507,N,
1792,Endrin,72-20-8,FishRtgut,20,96,1.81E-07,7.99E-07,0.000141985,0.00532621,N,
1793,Ethion,563-12-2,FishRtgut,20,96,1.09E-07,1.15E-06,0.000144858,0.0076455,N,
1794,Heptachlor,76-44-8,FishRtgut,20,96,4.18E-07,3.64E-07,0.000133633,0.0024278,N,
1795,Heptachlor epoxide B,1024-57-3,FishRtgut,20,96,9.59E-08,1.25E-06,0.000145418,0.00833363,N,
1796,Lindane,58-89-9,FishRtgut,20,96,6.56E-08,1.72E-05,0.000146214,0.11493,N,
1797,"Methoxychlor-o,p'",72-43-5,FishRtgut,20,96,1.11E-07,1.14E-06,0.000144793,0.00757196,N,
1798,Parathion,56-38-2,FishRtgut,20,96,6.65E-08,1.35E-05,0.000146222,0.0899509,N,
1799,Trifluralin,1582-09-8,FishRtgut,20,96,1.60E-07,8.77E-07,0.000142805,0.00584691,N,
1800,Cisapride,81098-60-4,FishRtgut,20,96,2.24E-08,2.82E-05,0.000146341,0.188311,B,7.8
1801,Citalopram hydrobromide,59729-33-8,FishRtgut,20,96,5.52E-08,4.81E-05,0.000146706,0.320563,N,
1802,Dofetilide,115256-11-6,FishRtgut,20,96,2.22E-08,0.000126439,0.000149017,0.842926,B,8.4
1803,Moxifloxacin hydrochloride,186826-86-8,FishRtgut,20,96,6.45E-09,0.000148152,0.000149896,0.987677,A,6
1804,N-acetylpro-cainamide,32795-44-1,FishRtgut,20,96,3.63E-08,0.000147881,0.000149854,0.98587,B,9.2
1805,Quinidine sulfate,50-54-4,FishRtgut,20,96,1.41E-08,4.63E-05,0.000146675,0.30853,B,9.3
1806,Sematilide,101526-83-4,FishRtgut,20,96,3.36E-08,0.000148255,0.000149875,0.988367,B,9.1
1807,Sotalol hydrochloride,959-24-0,FishRtgut,20,96,3.16E-08,0.000149766,0.000149955,0.998438,B,9
1808,Mifepristone,84371-65-3,FishRtgut,20,96,8.25E-08,1.38E-06,0.00014599,0.00918269,N,
1809,Perfluorobutanesulfonic_acid,375-73-5,FishRtgut,20,96,6.08E-10,0.000145481,0.00014978,0.969874,A,-2.9
1810,4_2_Fluorotelomer_sulfonic_acid,757124-72-4,FishRtgut,20,96,5.89E-10,0.000141627,0.000149617,0.94418,A,1.4
1811,Perfluorononanoic_acid,375-95-1,FishRtgut,20,96,1.79E-12,4.18E-07,0.000132879,0.00278706,A,0.1
1812,Perfluorohexanoic_acid,307-24-4,FishRtgut,20,96,2.40E-11,5.76E-06,0.000146378,0.0384075,A,0.1
1813,Perfluorobutanoic_acid,375-22-4,FishRtgut,20,96,5.93E-10,0.000142376,0.000149648,0.949176,A,0.1
1814,Perfluorooctanoic_acid,335-67-1,FishRtgut,20,96,2.84E-11,6.80E-06,0.000146342,0.0453625,A,0.1
1815,6_2_Fluorotelomer_sulfonic_acid,27619-97-2,FishRtgut,20,96,2.85E-10,6.87E-05,0.000147233,0.457698,A,1.4
1816,8_2_Fluorotelomer_sulfonic_acid,39108-34-4,FishRtgut,20,96,2.52E-11,6.04E-06,0.000146368,0.0402829,A,1.4
1817,Perfluoroundecanoic_acid,2058-94-8,FishRtgut,20,96,2.04E-12,4.80E-07,0.000134956,0.00320181,A,0.1
1818,Perfluorooctanesulfonic_acid,1763-23-1,FishRtgut,20,96,2.01E-12,4.80E-07,0.000134956,0.00320181,A,-2.9
1819,Perfluoroheptanoic_acid,375-85-9,FishRtgut,20,96,1.09E-10,2.61E-05,0.000146328,0.173905,A,0.1
1820,Perfluoropentanoic_acid,2706-90-3,FishRtgut,20,96,5.06E-10,0.000121297,0.000148855,0.808649,A,0.1
1821,Perfluorohexanesulfonic_acid,355-46-4,FishRtgut,20,96,3.87E-10,9.25E-05,0.000147915,0.616532,A,-2.9
1822,Perfluorodecanoic_acid,335-76-2,FishRtgut,20,96,1.22E-12,2.76E-07,0.000126344,0.00184276,A,0.1
1823,cyclosporine A,59865-13-3,FishRtgut,20,96,4.53E-08,7.29E-05,0.000147329,0.485807,N,
1824,chlorpromazine,50-53-3,FishRtgut,20,96,5.67E-09,8.47E-07,0.00014205,0.00564772,B,9.4
1825,PBDE 47,5436-43-1,FishRtgut,20,96,7.86E-07,1.22E-07,0.000123155,0.000812434,N,
1826,PBDE 99,60348-60-9,FishRtgut,20,96,1.02E-06,4.56E-08,0.000118538,0.000303799,N,
1827,PBDE 153,68631-49-2,FishRtgut,20,96,1.18E-06,1.27E-08,0.000117762,8.49E-05,N,
1828,amiodarone,1951-25-3,FishRtgut,20,96,6.73E-08,3.85E-08,0.000104976,0.000256699,B,9
1829,Azathioprine,446-86-6,FishRtgut,20,96,9.26E-09,0.000149844,0.000149981,0.998959,A,8.2
1830,Benzocaine,94-09-7,FishRtgut,20,96,1.51E-08,0.000139332,0.000149514,0.928881,N,
1831,Butylated hydroxyanisole,25013-16-5,FishRtgut,20,96,6.10E-08,3.22E-05,0.000146392,0.214682,N,
1832,Cetirizine dihydrochloride,83881-52-1,FishRtgut,20,96,3.32E-09,0.000149332,0.000149958,0.995544,A,4.7
1833,Cyclamate,139-05-9,FishRtgut,20,96,1.27E-06,0.000148705,0.00014873,0.991367,B,17.6
1834,Cyclophosphamide,6055-19-2,FishRtgut,20,96,1.69E-08,0.000149345,0.000149946,0.995634,B,6.1
1835,Cypermethrin,67375-30-8,FishRtgut,20,96,6.85E-07,1.69E-07,0.000125728,0.00112412,N,
1836,DEET,134-62-3,FishRtgut,20,96,2.05E-08,0.000128304,0.000149094,0.855361,N,
1837,Dexamethasone,50-02-2,FishRtgut,20,96,1.59E-08,0.000137764,0.000149452,0.918424,N,
1838,Digoxin,20830-75-5,FishRtgut,20,96,1.10E-08,0.000147438,0.000149859,0.982918,N,
1839,Fenazaquin,120928-09-8,FishRtgut,20,96,2.02E-07,7.34E-07,0.000141193,0.0048929,N,
1840,Fenbuconazole,114369-43-6,FishRtgut,20,96,5.61E-08,4.57E-05,0.000146653,0.304577,N,
1841,Fluazinam,79622-59-6,FishRtgut,20,96,6.73E-08,8.92E-06,0.000146264,0.0594701,N,
1842,Furosemide,54-31-9,FishRtgut,20,96,7.20E-10,0.000134484,0.000149335,0.896562,A,3
1843,Glybenclamide,10238-21-8,FishRtgut,20,96,3.06E-10,1.43E-06,0.000146149,0.00956321,A,5
1844,HC Red 3,2871-01-4,FishRtgut,20,96,9.61E-09,0.000149832,0.00014998,0.998879,N,
1845,Hydralazine hydrochloride,304-20-1,FishRtgut,20,96,1.60E-08,0.000149297,0.000149944,0.995313,B,6
1846,Ketoconazole,65277-42-1,FishRtgut,20,96,5.83E-08,3.98E-06,0.000146443,0.0265445,B,6.6
1847,Metformin,1115-70-4,FishRtgut,20,96,5.48E-08,0.000149932,0.000149944,0.999546,B,9.6
1848,Metoclopramide,364-62-5,FishRtgut,20,96,2.23E-08,0.00010014,0.000148131,0.667597,B,9
1849,Nitrofurantoin,67-20-9,FishRtgut,20,96,8.17E-09,0.000149956,0.000149989,0.999707,A,7.3
1850,Oxytetracycline hydrochloride,2058-46-0,FishRtgut,20,96,2.87E-09,0.000149995,0.000149997,0.999963,A,4.5
1851,Panthenol,16485-10-2 ,FishRtgut,20,96,9.51E-09,0.000149978,0.000149989,0.999852,N,
1852,Paracetamol,103-90-2,FishRtgut,20,96,9.73E-09,0.000149632,0.000149968,0.99755,N,
1853,Topiramate,97240-79-4,FishRtgut,20,96,9.47E-09,0.000149987,0.00014999,0.999912,A,9.2
1854,Trimellitic anhydride,552-30-7,FishRtgut,20,96,9.41E-10,0.000145895,0.000149797,0.972634,A,3.3
1855,Verapamil hydrochloride,152-11-4,FishRtgut,20,96,3.03E-09,2.93E-06,0.000146553,0.0195448,B,9.2
1856,Warfarin,129-06-6,FishRtgut,20,96,2.87E-08,0.000110653,0.000148479,0.737686,N,
1857,Caffeine,58-08-2,FishRtgill,20,96,5.02E-09,0.000149898,0.000149988,0.999322,N,
1858,Lamotrigine,84057-84-1,FishRtgill,20,96,1.90E-08,0.000103933,0.000148267,0.692885,B,6.6
1859,Diclofenac,15307-79-6,FishRtgill,20,96,6.66E-07,0.000148696,0.000149297,0.991307,B,17.6
1860,"2,4-Dichlorophenoxyacetic",94-75-7,FishRtgill,20,96,2.08E-10,8.35E-05,0.000147647,0.556508,A,2.7
1861,(S)-Naproxen,22204-53-1,FishRtgill,20,96,4.82E-10,5.01E-05,0.000146773,0.333974,A,4.4
1862,Ibuprofen,15687-27-1,FishRtgill,20,96,6.17E-10,1.70E-05,0.00014625,0.113615,A,5.4
1863,Torasemide,56211-40-6,FishRtgill,20,96,2.36E-10,3.58E-05,0.000146478,0.238413,A,4
1864,Warfarin,81-81-2,FishRtgill,20,96,9.51E-10,9.34E-05,0.000147941,0.622371,A,4.5
1865,di-n-butylphthalate,84-74-2,FishRtgill,20,96,3.50E-08,2.11E-06,0.000146653,0.0140599,N,
1866,hexachlorophene,70-30-4,FishRtgill,20,96,4.76E-08,4.06E-08,0.000105629,0.000270624,A,6.2
1867,hexamethylenetetramine,100-97-0,FishRtgill,20,96,1.01E-08,0.0001498,0.000149805,0.998667,B,6.4
1868,Malathion,121-75-5,FishRtgill,20,96,1.32E-08,0.000118669,0.000148762,0.791126,N,
1869,pentachlorophenol,87-86-5,FishRtgill,20,96,2.25E-10,1.12E-06,0.000144509,0.00745991,A,5
1870,"2,2,2-trichloroethanol",115-20-8,FishRtgill,20,96,6.09E-09,0.000146001,0.000149571,0.973342,N,
1871,diethylphthalate,84-66-2,FishRtgill,20,96,1.44E-08,0.00011347,0.000148584,0.756466,N,
1872,4-chlorophenol,106-48-9,FishRtgill,20,96,1.36E-08,0.000116781,0.000148691,0.778541,N,
1873,permethrin,52645-53-1,FishRtgill,20,96,3.26E-07,2.05E-07,0.000127752,0.00136585,N,
1874,Aniline,62-53-3,FishRtgill,20,96,5.32E-09,0.000148909,0.000149907,0.992726,N,
1875,4-fluoroaniline,371-40-4,FishRtgill,20,96,5.58E-09,0.000147989,0.000149837,0.986591,N,
1876,"2,4,6-trichlorophenol",88-06-2,FishRtgill,20,96,7.28E-09,1.86E-05,0.00014625,0.123856,A,6.8
1877,Allyl alcohol,107-18-6,FishRtgill,20,96,5.05E-09,0.000149659,0.000149822,0.997725,N,
1878,N-methylaniline,100-61-8,FishRtgill,20,96,6.89E-09,0.000143126,0.000149485,0.954176,N,
1879,"3,4-dichloroaniline",95-76-1,FishRtgill,20,96,1.90E-08,9.38E-05,0.00014795,0.62566,N,
1880,4-decylaniline,37529-30-9,FishRtgill,20,96,2.76E-07,2.69E-07,0.000130484,0.00179186,N,
1881,naphthalene,91-20-3,FishRtgill,20,96,3.04E-08,4.02E-05,0.000146024,0.268139,N,
1882,"1,2,4-trichlorobenzene",120-82-1,FishRtgill,20,96,3.42E-08,9.05E-06,0.000141626,0.0603354,N,
1883,"1,2-dichlorobenzene",95-50-1,FishRtgill,20,96,2.98E-08,2.93E-05,0.000135724,0.195201,N,
1884,dichloromethane,75-09-2,FishRtgill,20,96,4.68E-09,0.000120241,0.000122166,0.801603,N,
1885,tetrachloroethylene,127-18-4,FishRtgill,20,96,2.56E-08,2.70E-05,0.000118029,0.179902,N,
1886,"2,3-dimethyl-1,3-butadiene",513-81-5,FishRtgill,20,96,1.97E-09,4.37E-06,1.08E-05,0.0291004,N,
1887,Eugenol F,97-53-0,FishRtgill,20,96,1.19E-08,0.000123835,0.000148937,0.825564,N,
1888,Methyl-antranilate,134-20-3,FishRtgill,20,96,8.08E-09,0.000138838,0.000149501,0.925585,N,
1889,Lilyfore,285977-85-7,FishRtgill,20,96,2.96E-08,4.49E-05,0.000146662,0.299402,N,
1890,Damascone beta,23726-91-2,FishRtgill,20,96,3.54E-08,4.59E-06,0.000146397,0.0305887,N,
1891,Veloutone,14595-54-1,FishRtgill,20,96,7.74E-08,9.33E-07,0.00014338,0.00621768,N,
1892,Verdox,82356-51-2,FishRtgill,20,96,3.12E-07,2.21E-07,0.000128494,0.00147579,N,
1893,Nirvanol,1506-02-1,FishRtgill,20,96,1.36E-07,5.95E-07,0.000139192,0.00396959,N,
1894,Cetalox,3738-00-9,FishRtgill,20,96,9.13E-08,8.24E-07,0.000142268,0.00549584,N,
1895,Tonalide,21145-77-7,FishRtgill,20,96,1.36E-07,5.95E-07,0.000139192,0.00396959,N,
1896,"2,4-Dinitrophenol",51-28-5,FishRtgill,20,96,1.02E-09,0.000143223,0.000149683,0.954823,A,4.1
1897,Aldrin,309-00-2,FishRtgill,20,96,3.26E-07,2.05E-07,0.000127739,0.00136571,N,
1898,Azinphos-methyl,86-50-0,FishRtgill,20,96,2.03E-08,8.85E-05,0.000147797,0.590253,N,
1899,Chlorpyrifos,2921-88-2,FishRtgill,20,96,4.89E-08,1.27E-06,0.000145577,0.0084957,N,
1900,"DDD-p,p'",50-29-3,FishRtgill,20,96,4.41E-07,1.02E-07,0.000122284,0.00068014,N,
1901,"DDT-o,p'",789-02-6,FishRtgill,20,96,3.43E-07,1.86E-07,0.000126866,0.00124192,N,
1902,"DDT-p,p'",72-54-8,FishRtgill,20,96,2.25E-07,3.55E-07,0.000133515,0.00236724,N,
1903,Diazinon,333-41-5,FishRtgill,20,96,3.49E-08,1.41E-05,0.000146251,0.094117,N,
1904,Dicofol,115-32-2,FishRtgill,20,96,5.34E-08,1.20E-06,0.000145223,0.00802443,N,
1905,Dieldrin,60-57-1,FishRtgill,20,96,6.17E-08,1.09E-06,0.000144576,0.00728617,N,
1906,Disulfoton,298-04-4,FishRtgill,20,96,3.54E-08,8.72E-06,0.000146299,0.0581095,N,
1907,Endosulfan I,115-29-7,FishRtgill,20,96,3.49E-08,1.35E-05,0.000146252,0.0899696,N,
1908,Endrin,72-20-8,FishRtgill,20,96,9.52E-08,7.99E-07,0.000142066,0.00532927,N,
1909,Ethion,563-12-2,FishRtgill,20,96,5.74E-08,1.15E-06,0.000144908,0.00764814,N,
1910,Heptachlor,76-44-8,FishRtgill,20,96,2.20E-07,3.65E-07,0.00013381,0.00243102,N,
1911,Heptachlor epoxide B,1024-57-3,FishRtgill,20,96,5.04E-08,1.25E-06,0.000145462,0.00833616,N,
1912,Lindane,58-89-9,FishRtgill,20,96,3.45E-08,1.72E-05,0.000146245,0.114954,N,
1913,"Methoxychlor-o,p'",72-43-5,FishRtgill,20,96,5.82E-08,1.14E-06,0.000144843,0.00757462,N,
1914,Parathion,56-38-2,FishRtgill,20,96,3.49E-08,1.35E-05,0.000146252,0.0899699,N,
1915,Trifluralin,1582-09-8,FishRtgill,20,96,8.41E-08,8.77E-07,0.000142877,0.00584988,N,
1916,Cisapride,81098-60-4,FishRtgill,20,96,1.17E-08,2.82E-05,0.000146352,0.188324,B,7.8
1917,Citalopram hydrobromide,59729-33-8,FishRtgill,20,96,2.90E-08,4.81E-05,0.000146732,0.320619,N,
1918,Dofetilide,115256-11-6,FishRtgill,20,96,1.17E-08,0.000126448,0.000149028,0.842985,B,8.4
1919,Moxifloxacin hydrochloride,186826-86-8,FishRtgill,20,96,3.39E-09,0.000148155,0.000149899,0.987697,A,6
1920,N-acetylpro-cainamide,32795-44-1,FishRtgill,20,96,1.91E-08,0.000147898,0.000149871,0.985984,B,9.2
1921,Quinidine sulfate,50-54-4,FishRtgill,20,96,7.40E-09,4.63E-05,0.000146681,0.308544,B,9.3
1922,Sematilide,101526-83-4,FishRtgill,20,96,1.76E-08,0.000148271,0.000149891,0.988472,B,9.1
1923,Sotalol hydrochloride,959-24-0,FishRtgill,20,96,1.66E-08,0.000149781,0.00014997,0.998538,B,9
1924,Mifepristone,84371-65-3,FishRtgill,20,96,4.33E-08,1.38E-06,0.000146028,0.00918509,N,
1925,Perfluorobutanesulfonic_acid,375-73-5,FishRtgill,20,96,3.19E-10,0.000145481,0.00014978,0.969876,A,-2.9
1926,4_2_Fluorotelomer_sulfonic_acid,757124-72-4,FishRtgill,20,96,3.09E-10,0.000141627,0.000149617,0.944182,A,1.4
1927,Perfluorononanoic_acid,375-95-1,FishRtgill,20,96,9.41E-13,4.18E-07,0.000132879,0.00278706,A,0.1
1928,Perfluorohexanoic_acid,307-24-4,FishRtgill,20,96,1.26E-11,5.76E-06,0.000146379,0.0384075,A,0.1
1929,Perfluorobutanoic_acid,375-22-4,FishRtgill,20,96,3.12E-10,0.000142377,0.000149648,0.949177,A,0.1
1930,Perfluorooctanoic_acid,335-67-1,FishRtgill,20,96,1.49E-11,6.80E-06,0.000146342,0.0453625,A,0.1
1931,6_2_Fluorotelomer_sulfonic_acid,27619-97-2,FishRtgill,20,96,1.50E-10,6.87E-05,0.000147233,0.457698,A,1.4
1932,8_2_Fluorotelomer_sulfonic_acid,39108-34-4,FishRtgill,20,96,1.32E-11,6.04E-06,0.000146368,0.0402829,A,1.4
1933,Perfluoroundecanoic_acid,2058-94-8,FishRtgill,20,96,1.07E-12,4.80E-07,0.000134956,0.00320181,A,0.1
1934,Perfluorooctanesulfonic_acid,1763-23-1,FishRtgill,20,96,1.05E-12,4.80E-07,0.000134956,0.00320181,A,-2.9
1935,Perfluoroheptanoic_acid,375-85-9,FishRtgill,20,96,5.71E-11,2.61E-05,0.000146328,0.173905,A,0.1
1936,Perfluoropentanoic_acid,2706-90-3,FishRtgill,20,96,2.65E-10,0.000121298,0.000148855,0.808651,A,0.1
1937,Perfluorohexanesulfonic_acid,355-46-4,FishRtgill,20,96,2.03E-10,9.25E-05,0.000147915,0.616533,A,-2.9
1938,Perfluorodecanoic_acid,335-76-2,FishRtgill,20,96,6.43E-13,2.76E-07,0.000126344,0.00184276,A,0.1
1939,cyclosporine A,59865-13-3,FishRtgill,20,96,2.38E-08,7.29E-05,0.00014735,0.485877,N,
1940,chlorpromazine,50-53-3,FishRtgill,20,96,2.97E-09,8.47E-07,0.000142053,0.00564782,B,9.4
1941,PBDE 47,5436-43-1,FishRtgill,20,96,4.14E-07,1.22E-07,0.000123462,0.000814461,N,
1942,PBDE 99,60348-60-9,FishRtgill,20,96,5.38E-07,4.57E-08,0.000118922,0.000304785,N,
1943,PBDE 153,68631-49-2,FishRtgill,20,96,6.23E-07,1.28E-08,0.000118205,8.52E-05,N,
1944,amiodarone,1951-25-3,FishRtgill,20,96,3.53E-08,3.85E-08,0.000104998,0.000256754,B,9
1945,Azathioprine,446-86-6,FishRtgill,20,96,4.86E-09,0.000149848,0.000149985,0.998988,A,8.2
1946,Benzocaine,94-09-7,FishRtgill,20,96,7.95E-09,0.000139339,0.000149521,0.928925,N,
1947,Butylated hydroxyanisole,25013-16-5,FishRtgill,20,96,3.20E-08,3.22E-05,0.00014642,0.214723,N,
1948,Cetirizine dihydrochloride,83881-52-1,FishRtgill,20,96,1.74E-09,0.000149333,0.000149959,0.995554,A,4.7
1949,Cyclamate,139-05-9,FishRtgill,20,96,6.69E-07,0.000149305,0.000149329,0.995364,B,17.6
1950,Cyclophosphamide,6055-19-2,FishRtgill,20,96,8.86E-09,0.000149353,0.000149954,0.995687,B,6.1
1951,Cypermethrin,67375-30-8,FishRtgill,20,96,3.60E-07,1.69E-07,0.000126001,0.00112656,N,
1952,DEET,134-62-3,FishRtgill,20,96,1.08E-08,0.000128312,0.000149103,0.855417,N,
1953,Dexamethasone,50-02-2,FishRtgill,20,96,8.36E-09,0.000137771,0.00014946,0.918471,N,
1954,Digoxin,20830-75-5,FishRtgill,20,96,5.76E-09,0.000147443,0.000149864,0.982952,N,
1955,Fenazaquin,120928-09-8,FishRtgill,20,96,1.06E-07,7.34E-07,0.000141284,0.00489603,N,
1956,Fenbuconazole,114369-43-6,FishRtgill,20,96,2.95E-08,4.57E-05,0.000146679,0.304631,N,
1957,Fluazinam,79622-59-6,FishRtgill,20,96,3.54E-08,8.92E-06,0.000146295,0.0594828,N,
1958,Furosemide,54-31-9,FishRtgill,20,96,3.78E-10,0.000134485,0.000149336,0.896564,A,3
1959,Glybenclamide,10238-21-8,FishRtgill,20,96,1.61E-10,1.43E-06,0.000146149,0.00956321,A,5
1960,HC Red 3,2871-01-4,FishRtgill,20,96,5.05E-09,0.000149836,0.000149984,0.99891,N,
1961,Hydralazine hydrochloride,304-20-1,FishRtgill,20,96,8.41E-09,0.000149304,0.000149952,0.995363,B,6
1962,Ketoconazole,65277-42-1,FishRtgill,20,96,3.06E-08,3.98E-06,0.00014647,0.0265494,B,6.6
1963,Metformin,1115-70-4,FishRtgill,20,96,2.88E-08,0.000149958,0.00014997,0.999719,B,9.6
1964,Metoclopramide,364-62-5,FishRtgill,20,96,1.17E-08,0.000100147,0.000148142,0.667644,B,9
1965,Nitrofurantoin,67-20-9,FishRtgill,20,96,4.29E-09,0.00014996,0.000149993,0.999732,A,7.3
1966,Oxytetracycline hydrochloride,2058-46-0,FishRtgill,20,96,1.51E-09,0.000149996,0.000149998,0.999972,A,4.5
1967,Panthenol,16485-10-2 ,FishRtgill,20,96,5.00E-09,0.000149982,0.000149994,0.999882,N,
1968,Paracetamol,103-90-2,FishRtgill,20,96,5.11E-09,0.000149637,0.000149973,0.99758,N,
1969,Topiramate,97240-79-4,FishRtgill,20,96,4.97E-09,0.000149991,0.000149995,0.999942,A,9.2
1970,Trimellitic anhydride,552-30-7,FishRtgill,20,96,4.94E-10,0.000145895,0.000149798,0.972637,A,3.3
1971,Verapamil hydrochloride,152-11-4,FishRtgill,20,96,1.59E-09,2.93E-06,0.000146554,0.019545,B,9.2
1972,Warfarin,129-06-6,FishRtgill,20,96,1.51E-08,0.000110663,0.000148492,0.737754,N,
1973,Caffeine,58-08-2,Default,20,96,4.93E-08,0.000149854,0.000149944,0.999027,N,
1974,Lamotrigine,84057-84-1,Default,20,96,2.79E-07,0.000103753,0.00014801,0.691684,B,6.6
1975,Diclofenac,15307-79-6,Default,20,96,6.23E-06,0.000143152,0.000143731,0.954349,B,17.6
1976,"2,4-Dichlorophenoxyacetic",94-75-7,Default,20,96,2.03E-09,8.35E-05,0.000147645,0.556501,A,2.7
1977,(S)-Naproxen,22204-53-1,Default,20,96,4.82E-09,5.01E-05,0.000146768,0.333964,A,4.4
1978,Ibuprofen,15687-27-1,Default,20,96,8.15E-09,1.70E-05,0.000146242,0.113609,A,5.4
1979,Torasemide,56211-40-6,Default,20,96,2.34E-09,3.58E-05,0.000146476,0.23841,A,4
1980,Warfarin,81-81-2,Default,20,96,9.37E-09,9.34E-05,0.000147932,0.622336,A,4.5
1981,di-n-butylphthalate,84-74-2,Default,20,96,5.38E-07,2.10E-06,0.00014616,0.0140127,N,
1982,hexachlorophene,70-30-4,Default,20,96,5.30E-07,4.05E-08,0.000105289,0.000269753,A,6.2
1983,hexamethylenetetramine,100-97-0,Default,20,96,9.80E-08,0.000149712,0.000149717,0.998082,B,6.4
1984,Malathion,121-75-5,Default,20,96,2.07E-07,0.000118516,0.000148571,0.790105,N,
1985,pentachlorophenol,87-86-5,Default,20,96,3.24E-09,1.12E-06,0.000144506,0.00745976,A,5
1986,"2,2,2-trichloroethanol",115-20-8,Default,20,96,7.09E-08,0.000145938,0.000149506,0.972922,N,
1987,diethylphthalate,84-66-2,Default,20,96,2.30E-07,0.000113307,0.00014837,0.755378,N,
1988,4-chlorophenol,106-48-9,Default,20,96,2.15E-07,0.000116624,0.000148491,0.777494,N,
1989,permethrin,52645-53-1,Default,20,96,4.04E-06,2.00E-07,0.000124581,0.00133195,N,
1990,Aniline,62-53-3,Default,20,96,5.54E-08,0.000148859,0.000149857,0.992394,N,
1991,4-fluoroaniline,371-40-4,Default,20,96,6.08E-08,0.000147934,0.000149782,0.986228,N,
1992,"2,4,6-trichlorophenol",88-06-2,Default,20,96,1.18E-07,1.86E-05,0.000146142,0.123765,A,6.8
1993,Allyl alcohol,107-18-6,Default,20,96,4.98E-08,0.000149614,0.000149777,0.997428,N,
1994,N-methylaniline,100-61-8,Default,20,96,8.67E-08,0.00014305,0.000149406,0.953669,N,
1995,"3,4-dichloroaniline",95-76-1,Default,20,96,3.15E-07,9.37E-05,0.000147658,0.624425,N,
1996,4-decylaniline,37529-30-9,Default,20,96,3.51E-06,2.63E-07,0.000127669,0.0017532,N,
1997,naphthalene,91-20-3,Default,20,96,5.11E-07,4.01E-05,0.000145556,0.26728,N,
1998,"1,2,4-trichlorobenzene",120-82-1,Default,20,96,5.54E-07,9.02E-06,0.000141136,0.0601267,N,
1999,"1,2-dichlorobenzene",95-50-1,Default,20,96,4.99E-07,2.92E-05,0.000135302,0.194593,N,
2000,dichloromethane,75-09-2,Default,20,96,5.21E-08,0.000120207,0.000122133,0.801382,N,
2001,tetrachloroethylene,127-18-4,Default,20,96,4.30E-07,2.69E-05,0.000117716,0.179425,N,
2002,"2,3-dimethyl-1,3-butadiene",513-81-5,Default,20,96,3.33E-08,4.37E-06,1.08E-05,0.0291,N,
2003,Eugenol F,97-53-0,Default,20,96,1.83E-07,0.000123693,0.000148767,0.824623,N,
2004,Methyl-antranilate,134-20-3,Default,20,96,1.10E-07,0.000138743,0.0001494,0.924956,N,
2005,Lilyfore,285977-85-7,Default,20,96,4.99E-07,4.48E-05,0.000146204,0.298465,N,
2006,Damascone beta,23726-91-2,Default,20,96,5.60E-07,4.57E-06,0.000145885,0.0304816,N,
2007,Veloutone,14595-54-1,Default,20,96,1.11E-06,9.26E-07,0.000142388,0.00617466,N,
2008,Verdox,82356-51-2,Default,20,96,3.89E-06,2.16E-07,0.000125421,0.00144048,N,
2009,Nirvanol,1506-02-1,Default,20,96,1.87E-06,5.89E-07,0.000137582,0.00392365,N,
2010,Cetalox,3738-00-9,Default,20,96,1.30E-06,8.18E-07,0.000141122,0.00545157,N,
2011,Tonalide,21145-77-7,Default,20,96,1.87E-06,5.89E-07,0.000137582,0.00392365,N,
2012,"2,4-Dinitrophenol",51-28-5,Default,20,96,9.89E-09,0.000143215,0.000149674,0.954766,A,4.1
2013,Aldrin,309-00-2,Default,20,96,4.04E-06,2.00E-07,0.000124569,0.00133182,N,
2014,Azinphos-methyl,86-50-0,Default,20,96,3.37E-07,8.84E-05,0.000147485,0.589006,N,
2015,Chlorpyrifos,2921-88-2,Default,20,96,7.29E-07,1.27E-06,0.000144917,0.00845717,N,
2016,"DDD-p,p'",50-29-3,Default,20,96,5.16E-06,9.88E-08,0.000118422,0.000658663,N,
2017,"DDT-o,p'",789-02-6,Default,20,96,4.22E-06,1.81E-07,0.000123582,0.00120977,N,
2018,"DDT-p,p'",72-54-8,Default,20,96,2.93E-06,3.49E-07,0.000131106,0.00232452,N,
2019,Diazinon,333-41-5,Default,20,96,5.72E-07,1.41E-05,0.000145727,0.09378,N,
2020,Dicofol,115-32-2,Default,20,96,7.91E-07,1.20E-06,0.000144509,0.00798497,N,
2021,Dieldrin,60-57-1,Default,20,96,9.04E-07,1.09E-06,0.000143764,0.00724525,N,
2022,Disulfoton,298-04-4,Default,20,96,5.72E-07,8.69E-06,0.000145776,0.0579017,N,
2023,Endosulfan I,115-29-7,Default,20,96,5.72E-07,1.34E-05,0.000145728,0.0896472,N,
2024,Endrin,72-20-8,Default,20,96,1.35E-06,7.93E-07,0.000140877,0.00528468,N,
2025,Ethion,563-12-2,Default,20,96,8.46E-07,1.14E-06,0.000144147,0.00760794,N,
2026,Heptachlor,76-44-8,Default,20,96,2.87E-06,3.58E-07,0.000131442,0.00238798,N,
2027,Heptachlor epoxide B,1024-57-3,Default,20,96,7.49E-07,1.24E-06,0.000144784,0.00829732,N,
2028,Lindane,58-89-9,Default,20,96,5.68E-07,1.72E-05,0.000145724,0.114545,N,
2029,"Methoxychlor-o,p'",72-43-5,Default,20,96,8.57E-07,1.13E-06,0.000144072,0.00753428,N,
2030,Parathion,56-38-2,Default,20,96,5.72E-07,1.34E-05,0.000145728,0.0896475,N,
2031,Trifluralin,1582-09-8,Default,20,96,1.20E-06,8.71E-07,0.00014181,0.00580617,N,
2032,Cisapride,81098-60-4,Default,20,96,1.82E-07,2.82E-05,0.000146185,0.18811,B,7.8
2033,Citalopram hydrobromide,59729-33-8,Default,20,96,4.89E-07,4.79E-05,0.000146282,0.319637,N,
2034,Dofetilide,115256-11-6,Default,20,96,1.20E-07,0.000126357,0.00014892,0.842378,B,8.4
2035,Moxifloxacin hydrochloride,186826-86-8,Default,20,96,3.32E-08,0.000148125,0.000149869,0.987501,A,6
2036,N-acetylpro-cainamide,32795-44-1,Default,20,96,1.85E-07,0.000147733,0.000149705,0.98489,B,9.2
2037,Quinidine sulfate,50-54-4,Default,20,96,7.86E-08,4.63E-05,0.000146612,0.308398,B,9.3
2038,Sematilide,101526-83-4,Default,20,96,1.72E-07,0.000148119,0.000149737,0.987458,B,9.1
2039,Sotalol hydrochloride,959-24-0,Default,20,96,1.61E-07,0.000149636,0.000149825,0.997575,B,9
2040,Mifepristone,84371-65-3,Default,20,96,6.51E-07,1.37E-06,0.000145436,0.00914787,N,
2041,Perfluorobutanesulfonic_acid,375-73-5,Default,20,96,3.11E-09,0.000145479,0.000149777,0.969858,A,-2.9
2042,4_2_Fluorotelomer_sulfonic_acid,757124-72-4,Default,20,96,3.01E-09,0.000141625,0.000149614,0.944165,A,1.4
2043,Perfluorononanoic_acid,375-95-1,Default,20,96,9.24E-12,4.18E-07,0.000132879,0.00278706,A,0.1
2044,Perfluorohexanoic_acid,307-24-4,Default,20,96,1.23E-10,5.76E-06,0.000146378,0.0384075,A,0.1
2045,Perfluorobutanoic_acid,375-22-4,Default,20,96,3.03E-09,0.000142374,0.000149645,0.94916,A,0.1
2046,Perfluorooctanoic_acid,335-67-1,Default,20,96,1.45E-10,6.80E-06,0.000146342,0.0453625,A,0.1
2047,6_2_Fluorotelomer_sulfonic_acid,27619-97-2,Default,20,96,1.46E-09,6.87E-05,0.000147232,0.457694,A,1.4
2048,8_2_Fluorotelomer_sulfonic_acid,39108-34-4,Default,20,96,1.29E-10,6.04E-06,0.000146367,0.0402829,A,1.4
2049,Perfluoroundecanoic_acid,2058-94-8,Default,20,96,1.05E-11,4.80E-07,0.000134956,0.00320181,A,0.1
2050,Perfluorooctanesulfonic_acid,1763-23-1,Default,20,96,1.03E-11,4.80E-07,0.000134956,0.00320181,A,-2.9
2051,Perfluoroheptanoic_acid,375-85-9,Default,20,96,5.55E-10,2.61E-05,0.000146328,0.173904,A,0.1
2052,Perfluoropentanoic_acid,2706-90-3,Default,20,96,2.58E-09,0.000121296,0.000148853,0.808638,A,0.1
2053,Perfluorohexanesulfonic_acid,355-46-4,Default,20,96,1.97E-09,9.25E-05,0.000147913,0.616526,A,-2.9
2054,Perfluorodecanoic_acid,335-76-2,Default,20,96,6.37E-12,2.76E-07,0.000126344,0.00184276,A,0.1
2055,cyclosporine A,59865-13-3,Default,20,96,3.99E-07,7.27E-05,0.000146981,0.48466,N,
2056,chlorpromazine,50-53-3,Default,20,96,4.20E-08,8.47E-07,0.000142016,0.00564636,B,9.4
2057,PBDE 47,5436-43-1,Default,20,96,4.91E-06,1.18E-07,0.000119749,0.000789965,N,
2058,PBDE 99,60348-60-9,Default,20,96,5.95E-06,4.41E-08,0.000114613,0.000293741,N,
2059,PBDE 153,68631-49-2,Default,20,96,6.37E-06,1.23E-08,0.000113657,8.19E-05,N,
2060,amiodarone,1951-25-3,Default,20,96,3.92E-07,3.84E-08,0.000104749,0.000256144,B,9
2061,Azathioprine,446-86-6,Default,20,96,4.78E-08,0.000149805,0.000149942,0.998702,A,8.2
2062,Benzocaine,94-09-7,Default,20,96,1.07E-07,0.000139246,0.000149422,0.928309,N,
2063,Butylated hydroxyanisole,25013-16-5,Default,20,96,5.37E-07,3.21E-05,0.000145927,0.214001,N,
2064,Cetirizine dihydrochloride,83881-52-1,Default,20,96,1.69E-08,0.000149318,0.000149944,0.995453,A,4.7
2065,Cyclamate,139-05-9,Default,20,96,6.26E-06,0.000143716,0.00014374,0.958109,B,17.6
2066,Cyclophosphamide,6055-19-2,Default,20,96,8.84E-08,0.000149274,0.000149874,0.995159,B,6.1
2067,Cypermethrin,67375-30-8,Default,20,96,4.39E-06,1.64E-07,0.000122607,0.00109621,N,
2068,DEET,134-62-3,Default,20,96,1.62E-07,0.000128183,0.000148953,0.854556,N,
2069,Dexamethasone,50-02-2,Default,20,96,1.15E-07,0.000137672,0.000149353,0.917815,N,
2070,Digoxin,20830-75-5,Default,20,96,6.42E-08,0.000147385,0.000149805,0.982569,N,
2071,Fenazaquin,120928-09-8,Default,20,96,1.49E-06,7.28E-07,0.000139979,0.00485082,N,
2072,Fenbuconazole,114369-43-6,Default,20,96,4.96E-07,4.56E-05,0.000146223,0.303682,N,
2073,Fluazinam,79622-59-6,Default,20,96,5.72E-07,8.89E-06,0.000145772,0.05927,N,
2074,Furosemide,54-31-9,Default,20,96,3.68E-09,0.000134482,0.000149332,0.896544,A,3
2075,Glybenclamide,10238-21-8,Default,20,96,2.32E-09,1.43E-06,0.000146147,0.00956308,A,5
2076,HC Red 3,2871-01-4,Default,20,96,4.97E-08,0.000149792,0.00014994,0.998612,N,
2077,Hydralazine hydrochloride,304-20-1,Default,20,96,8.42E-08,0.000149229,0.000149876,0.99486,B,6
2078,Ketoconazole,65277-42-1,Default,20,96,4.82E-07,3.97E-06,0.000146029,0.0264695,B,6.6
2079,Metformin,1115-70-4,Default,20,96,2.79E-07,0.000149707,0.000149719,0.998048,B,9.6
2080,Metoclopramide,364-62-5,Default,20,96,1.19E-07,0.000100075,0.000148036,0.667168,B,9
2081,Nitrofurantoin,67-20-9,Default,20,96,4.18E-08,0.000149922,0.000149955,0.999483,A,7.3
2082,Oxytetracycline hydrochloride,2058-46-0,Default,20,96,1.46E-08,0.000149983,0.000149985,0.999885,A,4.5
2083,Panthenol,16485-10-2 ,Default,20,96,4.86E-08,0.000149939,0.00014995,0.999592,N,
2084,Paracetamol,103-90-2,Default,20,96,5.11E-08,0.000149591,0.000149927,0.997275,N,
2085,Topiramate,97240-79-4,Default,20,96,4.84E-08,0.000149948,0.000149951,0.999653,A,9.2
2086,Trimellitic anhydride,552-30-7,Default,20,96,4.80E-09,0.000145891,0.000149794,0.972609,A,3.3
2087,Verapamil hydrochloride,152-11-4,Default,20,96,2.27E-08,2.93E-06,0.000146533,0.0195423,B,9.2
2088,Warfarin,129-06-6,Default,20,96,2.43E-07,0.000110495,0.000148267,0.736634,N,
2089,Caffeine,58-08-2,MCF7,20,96,9.96E-08,0.000149804,0.000149894,0.998691,N,
2090,Lamotrigine,84057-84-1,MCF7,20,96,2.09E-07,0.000103801,0.000148079,0.692006,B,6.6
2091,Diclofenac,15307-79-6,MCF7,20,96,1.23E-05,0.000137159,0.000137713,0.914393,B,17.6
2092,"2,4-Dichlorophenoxyacetic",94-75-7,MCF7,20,96,4.16E-09,8.35E-05,0.000147643,0.556493,A,2.7
2093,(S)-Naproxen,22204-53-1,MCF7,20,96,9.35E-09,5.01E-05,0.000146764,0.333954,A,4.4
2094,Ibuprofen,15687-27-1,MCF7,20,96,7.62E-09,1.70E-05,0.000146243,0.11361,A,5.4
2095,Torasemide,56211-40-6,MCF7,20,96,4.63E-09,3.58E-05,0.000146474,0.238406,A,4
2096,Warfarin,81-81-2,MCF7,20,96,1.88E-08,9.33E-05,0.000147923,0.622297,A,4.5
2097,di-n-butylphthalate,84-74-2,MCF7,20,96,1.57E-07,2.11E-06,0.000146533,0.0140484,N,
2098,hexachlorophene,70-30-4,MCF7,20,96,1.59E-07,4.06E-08,0.00010555,0.000270423,A,6.2
2099,hexamethylenetetramine,100-97-0,MCF7,20,96,2.01E-07,0.00014961,0.000149614,0.997397,B,6.4
2100,Malathion,121-75-5,MCF7,20,96,1.27E-07,0.000118579,0.00014865,0.790527,N,
2101,pentachlorophenol,87-86-5,MCF7,20,96,1.22E-09,1.12E-06,0.000144508,0.00745986,A,5
2102,"2,2,2-trichloroethanol",115-20-8,MCF7,20,96,1.04E-07,0.000145907,0.000149474,0.97271,N,
2103,diethylphthalate,84-66-2,MCF7,20,96,1.30E-07,0.000113382,0.000148469,0.755881,N,
2104,4-chlorophenol,106-48-9,MCF7,20,96,1.28E-07,0.000116692,0.000148578,0.777946,N,
2105,permethrin,52645-53-1,MCF7,20,96,1.21E-06,2.04E-07,0.000126994,0.00135775,N,
2106,Aniline,62-53-3,MCF7,20,96,1.01E-07,0.000148814,0.000149812,0.992094,N,
2107,4-fluoroaniline,371-40-4,MCF7,20,96,1.02E-07,0.000147894,0.000149741,0.985958,N,
2108,"2,4,6-trichlorophenol",88-06-2,MCF7,20,96,4.23E-08,1.86E-05,0.000146216,0.123827,A,6.8
2109,Allyl alcohol,107-18-6,MCF7,20,96,9.96E-08,0.000149564,0.000149728,0.997097,N,
2110,N-methylaniline,100-61-8,MCF7,20,96,1.06E-07,0.000143032,0.000149386,0.953544,N,
2111,"3,4-dichloroaniline",95-76-1,MCF7,20,96,1.44E-07,9.38E-05,0.000147828,0.62514,N,
2112,4-decylaniline,37529-30-9,MCF7,20,96,1.05E-06,2.67E-07,0.000129811,0.00178262,N,
2113,naphthalene,91-20-3,MCF7,20,96,1.70E-07,4.02E-05,0.000145888,0.267891,N,
2114,"1,2,4-trichlorobenzene",120-82-1,MCF7,20,96,1.65E-07,9.04E-06,0.000141505,0.0602837,N,
2115,"1,2-dichlorobenzene",95-50-1,MCF7,20,96,1.60E-07,2.93E-05,0.000135611,0.195038,N,
2116,dichloromethane,75-09-2,MCF7,20,96,8.35E-08,0.000120187,0.000122112,0.801249,N,
2117,tetrachloroethylene,127-18-4,MCF7,20,96,1.39E-07,2.70E-05,0.000117951,0.179782,N,
2118,"2,3-dimethyl-1,3-butadiene",513-81-5,MCF7,20,96,1.20E-08,4.37E-06,1.08E-05,0.0291106,N,
2119,Eugenol F,97-53-0,MCF7,20,96,1.23E-07,0.000123743,0.000148827,0.824953,N,
2120,Methyl-antranilate,134-20-3,MCF7,20,96,1.11E-07,0.000138743,0.000149399,0.924953,N,
2121,Lilyfore,285977-85-7,MCF7,20,96,1.69E-07,4.49E-05,0.000146526,0.299124,N,
2122,Damascone beta,23726-91-2,MCF7,20,96,1.65E-07,4.58E-06,0.000146271,0.0305623,N,
2123,Veloutone,14595-54-1,MCF7,20,96,3.26E-07,9.31E-07,0.000143142,0.00620735,N,
2124,Verdox,82356-51-2,MCF7,20,96,1.17E-06,2.20E-07,0.000127759,0.00146735,N,
2125,Nirvanol,1506-02-1,MCF7,20,96,5.51E-07,5.94E-07,0.000138807,0.00395859,N,
2126,Cetalox,3738-00-9,MCF7,20,96,3.81E-07,8.23E-07,0.000141993,0.00548522,N,
2127,Tonalide,21145-77-7,MCF7,20,96,5.51E-07,5.94E-07,0.000138807,0.00395859,N,
2128,"2,4-Dinitrophenol",51-28-5,MCF7,20,96,2.03E-08,0.000143205,0.000149663,0.9547,A,4.1
2129,Aldrin,309-00-2,MCF7,20,96,1.21E-06,2.04E-07,0.000126981,0.00135761,N,
2130,Azinphos-methyl,86-50-0,MCF7,20,96,1.47E-07,8.85E-05,0.000147672,0.589755,N,
2131,Chlorpyrifos,2921-88-2,MCF7,20,96,2.13E-07,1.27E-06,0.000145418,0.00848641,N,
2132,"DDD-p,p'",50-29-3,MCF7,20,96,1.57E-06,1.01E-07,0.000121362,0.000675014,N,
2133,"DDT-o,p'",789-02-6,MCF7,20,96,1.27E-06,1.85E-07,0.000126081,0.00123423,N,
2134,"DDT-p,p'",72-54-8,MCF7,20,96,8.71E-07,3.54E-07,0.000132939,0.00235702,N,
2135,Diazinon,333-41-5,MCF7,20,96,1.73E-07,1.41E-05,0.000146116,0.0940305,N,
2136,Dicofol,115-32-2,MCF7,20,96,2.31E-07,1.20E-06,0.000145051,0.00801493,N,
2137,Dieldrin,60-57-1,MCF7,20,96,2.64E-07,1.09E-06,0.00014438,0.00727633,N,
2138,Disulfoton,298-04-4,MCF7,20,96,1.70E-07,8.71E-06,0.000146168,0.0580574,N,
2139,Endosulfan I,115-29-7,MCF7,20,96,1.73E-07,1.35E-05,0.000146118,0.089887,N,
2140,Endrin,72-20-8,MCF7,20,96,3.96E-07,7.98E-07,0.000141781,0.00531858,N,
2141,Ethion,563-12-2,MCF7,20,96,2.47E-07,1.15E-06,0.000144725,0.00763847,N,
2142,Heptachlor,76-44-8,MCF7,20,96,8.54E-07,3.63E-07,0.000133244,0.00242072,N,
2143,Heptachlor epoxide B,1024-57-3,MCF7,20,96,2.19E-07,1.25E-06,0.000145298,0.0083268,N,
2144,Lindane,58-89-9,MCF7,20,96,1.74E-07,1.72E-05,0.000146109,0.114848,N,
2145,"Methoxychlor-o,p'",72-43-5,MCF7,20,96,2.50E-07,1.13E-06,0.000144658,0.00756492,N,
2146,Parathion,56-38-2,MCF7,20,96,1.73E-07,1.35E-05,0.000146118,0.0898873,N,
2147,Trifluralin,1582-09-8,MCF7,20,96,3.53E-07,8.76E-07,0.000142621,0.00583939,N,
2148,Cisapride,81098-60-4,MCF7,20,96,9.18E-08,2.82E-05,0.000146274,0.188223,B,7.8
2149,Citalopram hydrobromide,59729-33-8,MCF7,20,96,1.68E-07,4.80E-05,0.000146596,0.320323,N,
2150,Dofetilide,115256-11-6,MCF7,20,96,2.21E-07,0.000126271,0.000148819,0.841808,B,8.4
2151,Moxifloxacin hydrochloride,186826-86-8,MCF7,20,96,6.72E-08,0.000148091,0.000149835,0.987277,A,6
2152,N-acetylpro-cainamide,32795-44-1,MCF7,20,96,3.79E-07,0.000147543,0.000149512,0.983617,B,9.2
2153,Quinidine sulfate,50-54-4,MCF7,20,96,1.34E-07,4.62E-05,0.000146557,0.308283,B,9.3
2154,Sematilide,101526-83-4,MCF7,20,96,3.51E-07,0.000147941,0.000149558,0.986276,B,9.1
2155,Sotalol hydrochloride,959-24-0,MCF7,20,96,3.30E-07,0.000149468,0.000149656,0.99645,B,9
2156,Mifepristone,84371-65-3,MCF7,20,96,1.90E-07,1.38E-06,0.000145885,0.00917611,N,
2157,Perfluorobutanesulfonic_acid,375-73-5,MCF7,20,96,6.37E-09,0.000145476,0.000149774,0.969837,A,-2.9
2158,4_2_Fluorotelomer_sulfonic_acid,757124-72-4,MCF7,20,96,6.17E-09,0.000141622,0.000149611,0.944145,A,1.4
2159,Perfluorononanoic_acid,375-95-1,MCF7,20,96,1.84E-11,4.18E-07,0.000132879,0.00278706,A,0.1
2160,Perfluorohexanoic_acid,307-24-4,MCF7,20,96,2.52E-10,5.76E-06,0.000146378,0.0384074,A,0.1
2161,Perfluorobutanoic_acid,375-22-4,MCF7,20,96,6.21E-09,0.000142371,0.000149642,0.94914,A,0.1
2162,Perfluorooctanoic_acid,335-67-1,MCF7,20,96,2.97E-10,6.80E-06,0.000146342,0.0453624,A,0.1
2163,6_2_Fluorotelomer_sulfonic_acid,27619-97-2,MCF7,20,96,2.99E-09,6.87E-05,0.00014723,0.457689,A,1.4
2164,8_2_Fluorotelomer_sulfonic_acid,39108-34-4,MCF7,20,96,2.63E-10,6.04E-06,0.000146367,0.0402829,A,1.4
2165,Perfluoroundecanoic_acid,2058-94-8,MCF7,20,96,2.11E-11,4.80E-07,0.000134956,0.00320181,A,0.1
2166,Perfluorooctanesulfonic_acid,1763-23-1,MCF7,20,96,2.10E-11,4.80E-07,0.000134956,0.00320181,A,-2.9
2167,Perfluoroheptanoic_acid,375-85-9,MCF7,20,96,1.14E-09,2.61E-05,0.000146327,0.173904,A,0.1
2168,Perfluoropentanoic_acid,2706-90-3,MCF7,20,96,5.29E-09,0.000121294,0.00014885,0.808623,A,0.1
2169,Perfluorohexanesulfonic_acid,355-46-4,MCF7,20,96,4.05E-09,9.25E-05,0.000147911,0.616517,A,-2.9
2170,Perfluorodecanoic_acid,335-76-2,MCF7,20,96,1.22E-11,2.76E-07,0.000126344,0.00184276,A,0.1
2171,cyclosporine A,59865-13-3,MCF7,20,96,1.56E-07,7.28E-05,0.00014722,0.485449,N,
2172,chlorpromazine,50-53-3,MCF7,20,96,1.45E-08,8.47E-07,0.000142042,0.00564739,B,9.4
2173,PBDE 47,5436-43-1,MCF7,20,96,1.49E-06,1.21E-07,0.000122575,0.000808611,N,
2174,PBDE 99,60348-60-9,MCF7,20,96,1.83E-06,4.53E-08,0.000117898,0.000302159,N,
2175,PBDE 153,68631-49-2,MCF7,20,96,1.98E-06,1.27E-08,0.000117135,8.44E-05,N,
2176,amiodarone,1951-25-3,MCF7,20,96,1.18E-07,3.85E-08,0.000104941,0.000256613,B,9
2177,Azathioprine,446-86-6,MCF7,20,96,9.63E-08,0.000149757,0.000149894,0.998379,A,8.2
2178,Benzocaine,94-09-7,MCF7,20,96,1.10E-07,0.000139244,0.000149419,0.928292,N,
2179,Butylated hydroxyanisole,25013-16-5,MCF7,20,96,1.73E-07,3.22E-05,0.000146283,0.214522,N,
2180,Cetirizine dihydrochloride,83881-52-1,MCF7,20,96,3.47E-08,0.0001493,0.000149926,0.995335,A,4.7
2181,Cyclamate,139-05-9,MCF7,20,96,1.23E-05,0.000137677,0.000137699,0.917845,B,17.6
2182,Cyclophosphamide,6055-19-2,MCF7,20,96,1.74E-07,0.000149189,0.000149789,0.994594,B,6.1
2183,Cypermethrin,67375-30-8,MCF7,20,96,1.32E-06,1.68E-07,0.00012519,0.00111931,N,
2184,DEET,134-62-3,MCF7,20,96,1.19E-07,0.00012822,0.000148996,0.854797,N,
2185,Dexamethasone,50-02-2,MCF7,20,96,1.12E-07,0.000137676,0.000149357,0.917839,N,
2186,Digoxin,20830-75-5,MCF7,20,96,1.02E-07,0.000147348,0.000149767,0.982319,N,
2187,Fenazaquin,120928-09-8,MCF7,20,96,4.38E-07,7.33E-07,0.000140971,0.0048852,N,
2188,Fenbuconazole,114369-43-6,MCF7,20,96,1.69E-07,4.57E-05,0.000146543,0.304348,N,
2189,Fluazinam,79622-59-6,MCF7,20,96,1.70E-07,8.91E-06,0.000146163,0.0594294,N,
2190,Furosemide,54-31-9,MCF7,20,96,7.54E-09,0.000134478,0.000149329,0.896521,A,3
2191,Glybenclamide,10238-21-8,MCF7,20,96,1.02E-09,1.43E-06,0.000146148,0.00956316,A,5
2192,HC Red 3,2871-01-4,MCF7,20,96,9.97E-08,0.000149742,0.00014989,0.998279,N,
2193,Hydralazine hydrochloride,304-20-1,MCF7,20,96,1.64E-07,0.000149149,0.000149796,0.994329,B,6
2194,Ketoconazole,65277-42-1,MCF7,20,96,1.44E-07,3.98E-06,0.000146359,0.0265292,B,6.6
2195,Metformin,1115-70-4,MCF7,20,96,5.72E-07,0.000149414,0.000149427,0.996097,B,9.6
2196,Metoclopramide,364-62-5,MCF7,20,96,2.24E-07,0.000100005,0.000147932,0.666699,B,9
2197,Nitrofurantoin,67-20-9,MCF7,20,96,8.54E-08,0.000149879,0.000149912,0.999192,A,7.3
2198,Oxytetracycline hydrochloride,2058-46-0,MCF7,20,96,3.00E-08,0.000149967,0.00014997,0.999782,A,4.5
2199,Panthenol,16485-10-2 ,MCF7,20,96,9.95E-08,0.000149888,0.000149899,0.999252,N,
2200,Paracetamol,103-90-2,MCF7,20,96,1.00E-07,0.000149542,0.000149878,0.996949,N,
2201,Topiramate,97240-79-4,MCF7,20,96,9.91E-08,0.000149897,0.000149901,0.999314,A,9.2
2202,Trimellitic anhydride,552-30-7,MCF7,20,96,9.85E-09,0.000145886,0.000149789,0.972576,A,3.3
2203,Verapamil hydrochloride,152-11-4,MCF7,20,96,1.30E-08,2.93E-06,0.000146543,0.0195435,B,9.2
2204,Warfarin,129-06-6,MCF7,20,96,1.32E-07,0.000110576,0.000148376,0.737176,N,
2205,Caffeine,58-08-2,HCT116,20,96,2.56E-08,0.000149878,0.000149968,0.999184,N,
2206,Lamotrigine,84057-84-1,HCT116,20,96,1.16E-07,0.000103866,0.000148171,0.692437,B,6.6
2207,Diclofenac,15307-79-6,HCT116,20,96,3.32E-06,0.000146051,0.00014664,0.973671,B,17.6
2208,"2,4-Dichlorophenoxyacetic",94-75-7,HCT116,20,96,1.06E-09,8.35E-05,0.000147646,0.556505,A,2.7
2209,(S)-Naproxen,22204-53-1,HCT116,20,96,2.47E-09,5.01E-05,0.000146771,0.333969,A,4.4
2210,Ibuprofen,15687-27-1,HCT116,20,96,3.52E-09,1.70E-05,0.000146247,0.113613,A,5.4
2211,Torasemide,56211-40-6,HCT116,20,96,1.21E-09,3.58E-05,0.000146478,0.238411,A,4
2212,Warfarin,81-81-2,HCT116,20,96,4.86E-09,9.34E-05,0.000147937,0.622354,A,4.5
2213,di-n-butylphthalate,84-74-2,HCT116,20,96,2.06E-07,2.11E-06,0.000146485,0.0140438,N,
2214,hexachlorophene,70-30-4,HCT116,20,96,2.10E-07,4.05E-08,0.000105515,0.000270331,A,6.2
2215,hexamethylenetetramine,100-97-0,HCT116,20,96,5.12E-08,0.000149759,0.000149763,0.998393,B,6.4
2216,Malathion,121-75-5,HCT116,20,96,8.35E-08,0.000118613,0.000148693,0.790755,N,
2217,pentachlorophenol,87-86-5,HCT116,20,96,1.27E-09,1.12E-06,0.000144508,0.00745986,A,5
2218,"2,2,2-trichloroethanol",115-20-8,HCT116,20,96,3.36E-08,0.000145975,0.000149544,0.973164,N,
2219,diethylphthalate,84-66-2,HCT116,20,96,9.21E-08,0.000113411,0.000148507,0.756074,N,
2220,4-chlorophenol,106-48-9,HCT116,20,96,8.66E-08,0.000116724,0.000148619,0.778162,N,
2221,permethrin,52645-53-1,HCT116,20,96,1.60E-06,2.03E-07,0.000126665,0.00135423,N,
2222,Aniline,62-53-3,HCT116,20,96,2.79E-08,0.000148887,0.000149885,0.992577,N,
2223,4-fluoroaniline,371-40-4,HCT116,20,96,2.98E-08,0.000147965,0.000149812,0.986431,N,
2224,"2,4,6-trichlorophenol",88-06-2,HCT116,20,96,4.55E-08,1.86E-05,0.000146212,0.123825,A,6.8
2225,Allyl alcohol,107-18-6,HCT116,20,96,2.58E-08,0.000149638,0.000149801,0.997587,N,
2226,N-methylaniline,100-61-8,HCT116,20,96,3.94E-08,0.000143095,0.000149453,0.95397,N,
2227,"3,4-dichloroaniline",95-76-1,HCT116,20,96,1.23E-07,9.38E-05,0.000147847,0.625225,N,
2228,4-decylaniline,37529-30-9,HCT116,20,96,1.38E-06,2.67E-07,0.000129521,0.00177863,N,
2229,naphthalene,91-20-3,HCT116,20,96,1.96E-07,4.02E-05,0.000145863,0.267844,N,
2230,"1,2,4-trichlorobenzene",120-82-1,HCT116,20,96,2.11E-07,9.04E-06,0.000141459,0.0602643,N,
2231,"1,2-dichlorobenzene",95-50-1,HCT116,20,96,1.91E-07,2.92E-05,0.00013558,0.194993,N,
2232,dichloromethane,75-09-2,HCT116,20,96,2.53E-08,0.000120226,0.000122152,0.801508,N,
2233,tetrachloroethylene,127-18-4,HCT116,20,96,1.64E-07,2.70E-05,0.000117923,0.179739,N,
2234,"2,3-dimethyl-1,3-butadiene",513-81-5,HCT116,20,96,1.28E-08,4.37E-06,1.08E-05,0.0291009,N,
2235,Eugenol F,97-53-0,HCT116,20,96,7.47E-08,0.000123783,0.000148874,0.825218,N,
2236,Methyl-antranilate,134-20-3,HCT116,20,96,4.79E-08,0.000138801,0.000149462,0.925339,N,
2237,Lilyfore,285977-85-7,HCT116,20,96,1.91E-07,4.49E-05,0.000146504,0.299079,N,
2238,Damascone beta,23726-91-2,HCT116,20,96,2.14E-07,4.58E-06,0.000146223,0.0305522,N,
2239,Veloutone,14595-54-1,HCT116,20,96,4.30E-07,9.30E-07,0.000143042,0.00620305,N,
2240,Verdox,82356-51-2,HCT116,20,96,1.54E-06,2.20E-07,0.000127441,0.00146369,N,
2241,Nirvanol,1506-02-1,HCT116,20,96,7.27E-07,5.93E-07,0.000138643,0.00395394,N,
2242,Cetalox,3738-00-9,HCT116,20,96,5.02E-07,8.22E-07,0.000141878,0.00548078,N,
2243,Tonalide,21145-77-7,HCT116,20,96,7.27E-07,5.93E-07,0.000138643,0.00395394,N,
2244,"2,4-Dinitrophenol",51-28-5,HCT116,20,96,5.17E-09,0.000143219,0.000149678,0.954796,A,4.1
2245,Aldrin,309-00-2,HCT116,20,96,1.60E-06,2.03E-07,0.000126653,0.0013541,N,
2246,Azinphos-methyl,86-50-0,HCT116,20,96,1.32E-07,8.85E-05,0.000147687,0.589816,N,
2247,Chlorpyrifos,2921-88-2,HCT116,20,96,2.80E-07,1.27E-06,0.000145352,0.0084826,N,
2248,"DDD-p,p'",50-29-3,HCT116,20,96,2.06E-06,1.01E-07,0.000120957,0.000672758,N,
2249,"DDT-o,p'",789-02-6,HCT116,20,96,1.67E-06,1.85E-07,0.00012574,0.00123089,N,
2250,"DDT-p,p'",72-54-8,HCT116,20,96,1.15E-06,3.53E-07,0.000132692,0.00235264,N,
2251,Diazinon,333-41-5,HCT116,20,96,2.18E-07,1.41E-05,0.000146072,0.094002,N,
2252,Dicofol,115-32-2,HCT116,20,96,3.04E-07,1.20E-06,0.00014498,0.00801102,N,
2253,Dieldrin,60-57-1,HCT116,20,96,3.48E-07,1.09E-06,0.0001443,0.00727226,N,
2254,Disulfoton,298-04-4,HCT116,20,96,2.18E-07,8.71E-06,0.000146121,0.0580387,N,
2255,Endosulfan I,115-29-7,HCT116,20,96,2.18E-07,1.35E-05,0.000146073,0.0898596,N,
2256,Endrin,72-20-8,HCT116,20,96,5.22E-07,7.97E-07,0.000141662,0.0053141,N,
2257,Ethion,563-12-2,HCT116,20,96,3.25E-07,1.15E-06,0.00014465,0.00763448,N,
2258,Heptachlor,76-44-8,HCT116,20,96,1.13E-06,3.62E-07,0.000133001,0.00241632,N,
2259,Heptachlor epoxide B,1024-57-3,HCT116,20,96,2.88E-07,1.25E-06,0.000145231,0.00832296,N,
2260,Lindane,58-89-9,HCT116,20,96,2.17E-07,1.72E-05,0.000146067,0.114814,N,
2261,"Methoxychlor-o,p'",72-43-5,HCT116,20,96,3.30E-07,1.13E-06,0.000144581,0.00756091,N,
2262,Parathion,56-38-2,HCT116,20,96,2.18E-07,1.35E-05,0.000146074,0.0898598,N,
2263,Trifluralin,1582-09-8,HCT116,20,96,4.65E-07,8.75E-07,0.000142514,0.00583501,N,
2264,Cisapride,81098-60-4,HCT116,20,96,7.23E-08,2.82E-05,0.000146293,0.188248,B,7.8
2265,Citalopram hydrobromide,59729-33-8,HCT116,20,96,1.87E-07,4.80E-05,0.000146577,0.32028,N,
2266,Dofetilide,115256-11-6,HCT116,20,96,6.06E-08,0.000126407,0.000148979,0.84271,B,8.4
2267,Moxifloxacin hydrochloride,186826-86-8,HCT116,20,96,1.73E-08,0.000148141,0.000149885,0.987606,A,6
2268,N-acetylpro-cainamide,32795-44-1,HCT116,20,96,9.69E-08,0.000147821,0.000149794,0.985472,B,9.2
2269,Quinidine sulfate,50-54-4,HCT116,20,96,3.89E-08,4.63E-05,0.000146651,0.308479,B,9.3
2270,Sematilide,101526-83-4,HCT116,20,96,8.96E-08,0.0001482,0.000149819,0.987998,B,9.1
2271,Sotalol hydrochloride,959-24-0,HCT116,20,96,8.42E-08,0.000149713,0.000149902,0.998088,B,9
2272,Mifepristone,84371-65-3,HCT116,20,96,2.50E-07,1.38E-06,0.000145827,0.00917244,N,
2273,Perfluorobutanesulfonic_acid,375-73-5,HCT116,20,96,1.62E-09,0.00014548,0.000149778,0.969868,A,-2.9
2274,4_2_Fluorotelomer_sulfonic_acid,757124-72-4,HCT116,20,96,1.57E-09,0.000141626,0.000149616,0.944174,A,1.4
2275,Perfluorononanoic_acid,375-95-1,HCT116,20,96,4.78E-12,4.18E-07,0.000132879,0.00278706,A,0.1
2276,Perfluorohexanoic_acid,307-24-4,HCT116,20,96,6.41E-11,5.76E-06,0.000146378,0.0384075,A,0.1
2277,Perfluorobutanoic_acid,375-22-4,HCT116,20,96,1.58E-09,0.000142375,0.000149647,0.949169,A,0.1
2278,Perfluorooctanoic_acid,335-67-1,HCT116,20,96,7.57E-11,6.80E-06,0.000146342,0.0453625,A,0.1
2279,6_2_Fluorotelomer_sulfonic_acid,27619-97-2,HCT116,20,96,7.61E-10,6.87E-05,0.000147233,0.457696,A,1.4
2280,8_2_Fluorotelomer_sulfonic_acid,39108-34-4,HCT116,20,96,6.71E-11,6.04E-06,0.000146368,0.0402829,A,1.4
2281,Perfluoroundecanoic_acid,2058-94-8,HCT116,20,96,5.46E-12,4.80E-07,0.000134956,0.00320181,A,0.1
2282,Perfluorooctanesulfonic_acid,1763-23-1,HCT116,20,96,5.36E-12,4.80E-07,0.000134956,0.00320181,A,-2.9
2283,Perfluoroheptanoic_acid,375-85-9,HCT116,20,96,2.90E-10,2.61E-05,0.000146328,0.173905,A,0.1
2284,Perfluoropentanoic_acid,2706-90-3,HCT116,20,96,1.35E-09,0.000121297,0.000148854,0.808645,A,0.1
2285,Perfluorohexanesulfonic_acid,355-46-4,HCT116,20,96,1.03E-09,9.25E-05,0.000147914,0.61653,A,-2.9
2286,Perfluorodecanoic_acid,335-76-2,HCT116,20,96,3.26E-12,2.76E-07,0.000126344,0.00184276,A,0.1
2287,cyclosporine A,59865-13-3,HCT116,20,96,1.54E-07,7.28E-05,0.000147221,0.485454,N,
2288,chlorpromazine,50-53-3,HCT116,20,96,1.63E-08,8.47E-07,0.00014204,0.00564732,B,9.4
2289,PBDE 47,5436-43-1,HCT116,20,96,1.96E-06,1.21E-07,0.000122187,0.000806046,N,
2290,PBDE 99,60348-60-9,HCT116,20,96,2.40E-06,4.51E-08,0.000117439,0.000300984,N,
2291,PBDE 153,68631-49-2,HCT116,20,96,2.60E-06,1.26E-08,0.000116642,8.40E-05,N,
2292,amiodarone,1951-25-3,HCT116,20,96,1.55E-07,3.85E-08,0.000104915,0.000256549,B,9
2293,Azathioprine,446-86-6,HCT116,20,96,2.48E-08,0.000149828,0.000149965,0.998855,A,8.2
2294,Benzocaine,94-09-7,HCT116,20,96,4.70E-08,0.000139302,0.000149482,0.928683,N,
2295,Butylated hydroxyanisole,25013-16-5,HCT116,20,96,2.05E-07,3.22E-05,0.000146251,0.214475,N,
2296,Cetirizine dihydrochloride,83881-52-1,HCT116,20,96,8.85E-09,0.000149326,0.000149952,0.995507,A,4.7
2297,Cyclamate,139-05-9,HCT116,20,96,3.34E-06,0.000146638,0.000146662,0.977585,B,17.6
2298,Cyclophosphamide,6055-19-2,HCT116,20,96,4.55E-08,0.000149317,0.000149917,0.995444,B,6.1
2299,Cypermethrin,67375-30-8,HCT116,20,96,1.74E-06,1.67E-07,0.000124837,0.00111615,N,
2300,DEET,134-62-3,HCT116,20,96,6.69E-08,0.000128264,0.000149048,0.855096,N,
2301,Dexamethasone,50-02-2,HCT116,20,96,4.99E-08,0.000137732,0.000149418,0.918216,N,
2302,Digoxin,20830-75-5,HCT116,20,96,3.11E-08,0.000147418,0.000149839,0.982786,N,
2303,Fenazaquin,120928-09-8,HCT116,20,96,5.77E-07,7.32E-07,0.00014084,0.00488064,N,
2304,Fenbuconazole,114369-43-6,HCT116,20,96,1.90E-07,4.56E-05,0.000146522,0.304304,N,
2305,Fluazinam,79622-59-6,HCT116,20,96,2.18E-07,8.91E-06,0.000146116,0.0594103,N,
2306,Furosemide,54-31-9,HCT116,20,96,1.92E-09,0.000134483,0.000149334,0.896555,A,3
2307,Glybenclamide,10238-21-8,HCT116,20,96,9.15E-10,1.43E-06,0.000146148,0.00956317,A,5
2308,HC Red 3,2871-01-4,HCT116,20,96,2.58E-08,0.000149816,0.000149964,0.998772,N,
2309,Hydralazine hydrochloride,304-20-1,HCT116,20,96,4.33E-08,0.00014927,0.000149917,0.995132,B,6
2310,Ketoconazole,65277-42-1,HCT116,20,96,1.84E-07,3.98E-06,0.00014632,0.0265222,B,6.6
2311,Metformin,1115-70-4,HCT116,20,96,1.46E-07,0.000149841,0.000149853,0.998937,B,9.6
2312,Metoclopramide,364-62-5,HCT116,20,96,6.04E-08,0.000100114,0.000148093,0.667427,B,9
2313,Nitrofurantoin,67-20-9,HCT116,20,96,2.18E-08,0.000149942,0.000149975,0.999616,A,7.3
2314,Oxytetracycline hydrochloride,2058-46-0,HCT116,20,96,7.65E-09,0.00014999,0.000149992,0.999931,A,4.5
2315,Panthenol,16485-10-2 ,HCT116,20,96,2.54E-08,0.000149962,0.000149974,0.999747,N,
2316,Paracetamol,103-90-2,HCT116,20,96,2.63E-08,0.000149616,0.000149952,0.99744,N,
2317,Topiramate,97240-79-4,HCT116,20,96,2.53E-08,0.000149971,0.000149974,0.999807,A,9.2
2318,Trimellitic anhydride,552-30-7,HCT116,20,96,2.51E-09,0.000145894,0.000149796,0.972624,A,3.3
2319,Verapamil hydrochloride,152-11-4,HCT116,20,96,9.17E-09,2.93E-06,0.000146547,0.019544,B,9.2
2320,Warfarin,129-06-6,HCT116,20,96,9.68E-08,0.000110603,0.000148411,0.737352,N,
2321,Caffeine,58-08-2,HEK293T,20,96,7.25E-08,0.000149831,0.000149921,0.998872,N,
2322,Lamotrigine,84057-84-1,HEK293T,20,96,1.95E-07,0.000103811,0.000148093,0.692072,B,6.6
2323,Diclofenac,15307-79-6,HEK293T,20,96,9.10E-06,0.000140295,0.000140862,0.935301,B,17.6
2324,"2,4-Dichlorophenoxyacetic",94-75-7,HEK293T,20,96,3.02E-09,8.35E-05,0.000147644,0.556498,A,2.7
2325,(S)-Naproxen,22204-53-1,HEK293T,20,96,6.85E-09,5.01E-05,0.000146766,0.33396,A,4.4
2326,Ibuprofen,15687-27-1,HEK293T,20,96,6.62E-09,1.70E-05,0.000146244,0.11361,A,5.4
2327,Torasemide,56211-40-6,HEK293T,20,96,3.38E-09,3.58E-05,0.000146475,0.238408,A,4
2328,Warfarin,81-81-2,HEK293T,20,96,1.37E-08,9.33E-05,0.000147928,0.622318,A,4.5
2329,di-n-butylphthalate,84-74-2,HEK293T,20,96,2.28E-07,2.11E-06,0.000146463,0.0140418,N,
2330,hexachlorophene,70-30-4,HEK293T,20,96,2.32E-07,4.05E-08,0.000105499,0.000270291,A,6.2
2331,hexamethylenetetramine,100-97-0,HEK293T,20,96,1.46E-07,0.000149664,0.000149669,0.997762,B,6.4
2332,Malathion,121-75-5,HEK293T,20,96,1.27E-07,0.000118579,0.000148649,0.790524,N,
2333,pentachlorophenol,87-86-5,HEK293T,20,96,1.54E-09,1.12E-06,0.000144508,0.00745984,A,5
2334,"2,2,2-trichloroethanol",115-20-8,HEK293T,20,96,8.02E-08,0.000145929,0.000149497,0.972862,N,
2335,diethylphthalate,84-66-2,HEK293T,20,96,1.35E-07,0.000113379,0.000148464,0.755857,N,
2336,4-chlorophenol,106-48-9,HEK293T,20,96,1.30E-07,0.00011669,0.000148576,0.777936,N,
2337,permethrin,52645-53-1,HEK293T,20,96,1.77E-06,2.03E-07,0.000126523,0.00135271,N,
2338,Aniline,62-53-3,HEK293T,20,96,7.48E-08,0.00014884,0.000149838,0.992267,N,
2339,4-fluoroaniline,371-40-4,HEK293T,20,96,7.66E-08,0.000147919,0.000149766,0.986123,N,
2340,"2,4,6-trichlorophenol",88-06-2,HEK293T,20,96,5.46E-08,1.86E-05,0.000146204,0.123817,A,6.8
2341,Allyl alcohol,107-18-6,HEK293T,20,96,7.27E-08,0.000149591,0.000149754,0.997276,N,
2342,N-methylaniline,100-61-8,HEK293T,20,96,8.57E-08,0.000143051,0.000149406,0.953675,N,
2343,"3,4-dichloroaniline",95-76-1,HEK293T,20,96,1.64E-07,9.38E-05,0.000147807,0.625055,N,
2344,4-decylaniline,37529-30-9,HEK293T,20,96,1.53E-06,2.67E-07,0.000129395,0.00177691,N,
2345,naphthalene,91-20-3,HEK293T,20,96,2.28E-07,4.02E-05,0.000145831,0.267786,N,
2346,"1,2,4-trichlorobenzene",120-82-1,HEK293T,20,96,2.36E-07,9.04E-06,0.000141437,0.0602547,N,
2347,"1,2-dichlorobenzene",95-50-1,HEK293T,20,96,2.19E-07,2.92E-05,0.000135556,0.194959,N,
2348,dichloromethane,75-09-2,HEK293T,20,96,6.34E-08,0.000120201,0.000122126,0.801337,N,
2349,tetrachloroethylene,127-18-4,HEK293T,20,96,1.90E-07,2.70E-05,0.000117908,0.179717,N,
2350,"2,3-dimethyl-1,3-butadiene",513-81-5,HEK293T,20,96,1.54E-08,4.37E-06,1.08E-05,0.0291065,N,
2351,Eugenol F,97-53-0,HEK293T,20,96,1.19E-07,0.000123746,0.00014883,0.824974,N,
2352,Methyl-antranilate,134-20-3,HEK293T,20,96,9.39E-08,0.000138758,0.000149416,0.925056,N,
2353,Lilyfore,285977-85-7,HEK293T,20,96,2.25E-07,4.49E-05,0.000146472,0.299012,N,
2354,Damascone beta,23726-91-2,HEK293T,20,96,2.38E-07,4.58E-06,0.000146199,0.0305474,N,
2355,Veloutone,14595-54-1,HEK293T,20,96,4.76E-07,9.30E-07,0.000142999,0.00620117,N,
2356,Verdox,82356-51-2,HEK293T,20,96,1.70E-06,2.19E-07,0.000127304,0.00146211,N,
2357,Nirvanol,1506-02-1,HEK293T,20,96,8.03E-07,5.93E-07,0.000138573,0.00395192,N,
2358,Cetalox,3738-00-9,HEK293T,20,96,5.55E-07,8.22E-07,0.000141828,0.00547884,N,
2359,Tonalide,21145-77-7,HEK293T,20,96,8.03E-07,5.93E-07,0.000138573,0.00395192,N,
2360,"2,4-Dinitrophenol",51-28-5,HEK293T,20,96,1.47E-08,0.00014321,0.000149669,0.954736,A,4.1
2361,Aldrin,309-00-2,HEK293T,20,96,1.77E-06,2.03E-07,0.00012651,0.00135258,N,
2362,Azinphos-methyl,86-50-0,HEK293T,20,96,1.71E-07,8.84E-05,0.000147648,0.589658,N,
2363,Chlorpyrifos,2921-88-2,HEK293T,20,96,3.10E-07,1.27E-06,0.000145323,0.00848091,N,
2364,"DDD-p,p'",50-29-3,HEK293T,20,96,2.28E-06,1.01E-07,0.000120781,0.000671783,N,
2365,"DDT-o,p'",789-02-6,HEK293T,20,96,1.85E-06,1.84E-07,0.000125592,0.00122945,N,
2366,"DDT-p,p'",72-54-8,HEK293T,20,96,1.27E-06,3.53E-07,0.000132585,0.00235075,N,
2367,Diazinon,333-41-5,HEK293T,20,96,2.45E-07,1.41E-05,0.000146046,0.0939849,N,
2368,Dicofol,115-32-2,HEK293T,20,96,3.36E-07,1.20E-06,0.000144949,0.00800929,N,
2369,Dieldrin,60-57-1,HEK293T,20,96,3.85E-07,1.09E-06,0.000144264,0.00727046,N,
2370,Disulfoton,298-04-4,HEK293T,20,96,2.44E-07,8.70E-06,0.000146096,0.0580288,N,
2371,Endosulfan I,115-29-7,HEK293T,20,96,2.45E-07,1.35E-05,0.000146047,0.0898434,N,
2372,Endrin,72-20-8,HEK293T,20,96,5.77E-07,7.97E-07,0.000141609,0.00531214,N,
2373,Ethion,563-12-2,HEK293T,20,96,3.60E-07,1.14E-06,0.000144616,0.00763272,N,
2374,Heptachlor,76-44-8,HEK293T,20,96,1.24E-06,3.62E-07,0.000132896,0.0024144,N,
2375,Heptachlor epoxide B,1024-57-3,HEK293T,20,96,3.18E-07,1.25E-06,0.000145202,0.00832126,N,
2376,Lindane,58-89-9,HEK293T,20,96,2.45E-07,1.72E-05,0.00014604,0.114793,N,
2377,"Methoxychlor-o,p'",72-43-5,HEK293T,20,96,3.65E-07,1.13E-06,0.000144547,0.00755914,N,
2378,Parathion,56-38-2,HEK293T,20,96,2.45E-07,1.35E-05,0.000146047,0.0898437,N,
2379,Trifluralin,1582-09-8,HEK293T,20,96,5.14E-07,8.75E-07,0.000142467,0.0058331,N,
2380,Cisapride,81098-60-4,HEK293T,20,96,1.00E-07,2.82E-05,0.000146265,0.188213,B,7.8
2381,Citalopram hydrobromide,59729-33-8,HEK293T,20,96,2.21E-07,4.80E-05,0.000146544,0.320208,N,
2382,Dofetilide,115256-11-6,HEK293T,20,96,1.64E-07,0.00012632,0.000148877,0.842132,B,8.4
2383,Moxifloxacin hydrochloride,186826-86-8,HEK293T,20,96,4.89E-08,0.00014811,0.000149853,0.987397,A,6
2384,N-acetylpro-cainamide,32795-44-1,HEK293T,20,96,2.76E-07,0.000147645,0.000149615,0.984297,B,9.2
2385,Quinidine sulfate,50-54-4,HEK293T,20,96,1.01E-07,4.63E-05,0.00014659,0.308352,B,9.3
2386,Sematilide,101526-83-4,HEK293T,20,96,2.55E-07,0.000148036,0.000149653,0.986907,B,9.1
2387,Sotalol hydrochloride,959-24-0,HEK293T,20,96,2.40E-07,0.000149558,0.000149747,0.997051,B,9
2388,Mifepristone,84371-65-3,HEK293T,20,96,2.77E-07,1.38E-06,0.000145801,0.0091708,N,
2389,Perfluorobutanesulfonic_acid,375-73-5,HEK293T,20,96,4.63E-09,0.000145477,0.000149775,0.969848,A,-2.9
2390,4_2_Fluorotelomer_sulfonic_acid,757124-72-4,HEK293T,20,96,4.48E-09,0.000141623,0.000149613,0.944156,A,1.4
2391,Perfluorononanoic_acid,375-95-1,HEK293T,20,96,1.34E-11,4.18E-07,0.000132879,0.00278706,A,0.1
2392,Perfluorohexanoic_acid,307-24-4,HEK293T,20,96,1.83E-10,5.76E-06,0.000146378,0.0384074,A,0.1
2393,Perfluorobutanoic_acid,375-22-4,HEK293T,20,96,4.51E-09,0.000142373,0.000149644,0.949151,A,0.1
2394,Perfluorooctanoic_acid,335-67-1,HEK293T,20,96,2.16E-10,6.80E-06,0.000146342,0.0453625,A,0.1
2395,6_2_Fluorotelomer_sulfonic_acid,27619-97-2,HEK293T,20,96,2.17E-09,6.87E-05,0.000147231,0.457692,A,1.4
2396,8_2_Fluorotelomer_sulfonic_acid,39108-34-4,HEK293T,20,96,1.91E-10,6.04E-06,0.000146367,0.0402829,A,1.4
2397,Perfluoroundecanoic_acid,2058-94-8,HEK293T,20,96,1.54E-11,4.80E-07,0.000134956,0.00320181,A,0.1
2398,Perfluorooctanesulfonic_acid,1763-23-1,HEK293T,20,96,1.53E-11,4.80E-07,0.000134956,0.00320181,A,-2.9
2399,Perfluoroheptanoic_acid,375-85-9,HEK293T,20,96,8.27E-10,2.61E-05,0.000146327,0.173904,A,0.1
2400,Perfluoropentanoic_acid,2706-90-3,HEK293T,20,96,3.85E-09,0.000121295,0.000148852,0.808631,A,0.1
2401,Perfluorohexanesulfonic_acid,355-46-4,HEK293T,20,96,2.94E-09,9.25E-05,0.000147912,0.616522,A,-2.9
2402,Perfluorodecanoic_acid,335-76-2,HEK293T,20,96,8.97E-12,2.76E-07,0.000126344,0.00184276,A,0.1
2403,cyclosporine A,59865-13-3,HEK293T,20,96,1.92E-07,7.28E-05,0.000147184,0.485331,N,
2404,chlorpromazine,50-53-3,HEK293T,20,96,1.92E-08,8.47E-07,0.000142037,0.00564721,B,9.4
2405,PBDE 47,5436-43-1,HEK293T,20,96,2.16E-06,1.21E-07,0.000122019,0.000804938,N,
2406,PBDE 99,60348-60-9,HEK293T,20,96,2.65E-06,4.51E-08,0.000117242,0.000300477,N,
2407,PBDE 153,68631-49-2,HEK293T,20,96,2.87E-06,1.26E-08,0.00011643,8.39E-05,N,
2408,amiodarone,1951-25-3,HEK293T,20,96,1.71E-07,3.85E-08,0.000104903,0.000256521,B,9
2409,Azathioprine,446-86-6,HEK293T,20,96,7.02E-08,0.000149783,0.00014992,0.998554,A,8.2
2410,Benzocaine,94-09-7,HEK293T,20,96,9.31E-08,0.00013926,0.000149436,0.928398,N,
2411,Butylated hydroxyanisole,25013-16-5,HEK293T,20,96,2.36E-07,3.22E-05,0.000146221,0.214431,N,
2412,Cetirizine dihydrochloride,83881-52-1,HEK293T,20,96,2.52E-08,0.00014931,0.000149936,0.995398,A,4.7
2413,Cyclamate,139-05-9,HEK293T,20,96,9.14E-06,0.000140837,0.00014086,0.938912,B,17.6
2414,Cyclophosphamide,6055-19-2,HEK293T,20,96,1.27E-07,0.000149235,0.000149836,0.994903,B,6.1
2415,Cypermethrin,67375-30-8,HEK293T,20,96,1.92E-06,1.67E-07,0.000124684,0.00111478,N,
2416,DEET,134-62-3,HEK293T,20,96,1.12E-07,0.000128226,0.000149003,0.85484,N,
2417,Dexamethasone,50-02-2,HEK293T,20,96,9.58E-08,0.00013769,0.000149372,0.917935,N,
2418,Digoxin,20830-75-5,HEK293T,20,96,7.79E-08,0.000147372,0.000149792,0.98248,N,
2419,Fenazaquin,120928-09-8,HEK293T,20,96,6.38E-07,7.32E-07,0.000140782,0.00487866,N,
2420,Fenbuconazole,114369-43-6,HEK293T,20,96,2.24E-07,4.56E-05,0.000146489,0.304236,N,
2421,Fluazinam,79622-59-6,HEK293T,20,96,2.44E-07,8.91E-06,0.000146091,0.0594001,N,
2422,Furosemide,54-31-9,HEK293T,20,96,5.48E-09,0.00013448,0.000149331,0.896533,A,3
2423,Glybenclamide,10238-21-8,HEK293T,20,96,1.19E-09,1.43E-06,0.000146148,0.00956315,A,5
2424,HC Red 3,2871-01-4,HEK293T,20,96,7.27E-08,0.000149769,0.000149917,0.998459,N,
2425,Hydralazine hydrochloride,304-20-1,HEK293T,20,96,1.20E-07,0.000149193,0.00014984,0.99462,B,6
2426,Ketoconazole,65277-42-1,HEK293T,20,96,2.06E-07,3.98E-06,0.000146298,0.0265183,B,6.6
2427,Metformin,1115-70-4,HEK293T,20,96,4.16E-07,0.000149571,0.000149583,0.997138,B,9.6
2428,Metoclopramide,364-62-5,HEK293T,20,96,1.65E-07,0.000100044,0.00014799,0.666962,B,9
2429,Nitrofurantoin,67-20-9,HEK293T,20,96,6.21E-08,0.000149902,0.000149935,0.999347,A,7.3
2430,Oxytetracycline hydrochloride,2058-46-0,HEK293T,20,96,2.18E-08,0.000149976,0.000149978,0.999837,A,4.5
2431,Panthenol,16485-10-2 ,HEK293T,20,96,7.23E-08,0.000149915,0.000149927,0.999434,N,
2432,Paracetamol,103-90-2,HEK293T,20,96,7.32E-08,0.000149569,0.000149905,0.997128,N,
2433,Topiramate,97240-79-4,HEK293T,20,96,7.20E-08,0.000149924,0.000149928,0.999495,A,9.2
2434,Trimellitic anhydride,552-30-7,HEK293T,20,96,7.15E-09,0.000145889,0.000149791,0.972593,A,3.3
2435,Verapamil hydrochloride,152-11-4,HEK293T,20,96,1.35E-08,2.93E-06,0.000146542,0.0195435,B,9.2
2436,Warfarin,129-06-6,HEK293T,20,96,1.40E-07,0.000110571,0.000148369,0.737141,N,
2437,Caffeine,58-08-2,HepG2,20,96,2.95E-08,0.000149874,0.000149964,0.999159,N,
2438,Lamotrigine,84057-84-1,HepG2,20,96,1.56E-07,0.000103838,0.000148131,0.692251,B,6.6
2439,Diclofenac,15307-79-6,HepG2,20,96,3.80E-06,0.000145579,0.000146167,0.970529,B,17.6
2440,"2,4-Dichlorophenoxyacetic",94-75-7,HepG2,20,96,1.21E-09,8.35E-05,0.000147646,0.556504,A,2.7
2441,(S)-Naproxen,22204-53-1,HepG2,20,96,2.87E-09,5.01E-05,0.00014677,0.333968,A,4.4
2442,Ibuprofen,15687-27-1,HepG2,20,96,4.63E-09,1.70E-05,0.000146246,0.113612,A,5.4
2443,Torasemide,56211-40-6,HepG2,20,96,1.40E-09,3.58E-05,0.000146477,0.238411,A,4
2444,Warfarin,81-81-2,HepG2,20,96,5.60E-09,9.34E-05,0.000147936,0.622351,A,4.5
2445,di-n-butylphthalate,84-74-2,HepG2,20,96,2.98E-07,2.11E-06,0.000146395,0.0140352,N,
2446,hexachlorophene,70-30-4,HepG2,20,96,3.04E-07,4.05E-08,0.000105448,0.000270161,A,6.2
2447,hexamethylenetetramine,100-97-0,HepG2,20,96,5.87E-08,0.000149751,0.000149756,0.998343,B,6.4
2448,Malathion,121-75-5,HepG2,20,96,1.15E-07,0.000118588,0.000148662,0.79059,N,
2449,pentachlorophenol,87-86-5,HepG2,20,96,1.81E-09,1.12E-06,0.000144508,0.00745983,A,5
2450,"2,2,2-trichloroethanol",115-20-8,HepG2,20,96,4.12E-08,0.000145967,0.000149536,0.973115,N,
2451,diethylphthalate,84-66-2,HepG2,20,96,1.28E-07,0.000113384,0.000148471,0.755895,N,
2452,4-chlorophenol,106-48-9,HepG2,20,96,1.20E-07,0.000116699,0.000148586,0.777991,N,
2453,permethrin,52645-53-1,HepG2,20,96,2.31E-06,2.02E-07,0.000126062,0.00134778,N,
2454,Aniline,62-53-3,HepG2,20,96,3.28E-08,0.000148882,0.00014988,0.992544,N,
2455,4-fluoroaniline,371-40-4,HepG2,20,96,3.57E-08,0.000147959,0.000149807,0.986393,N,
2456,"2,4,6-trichlorophenol",88-06-2,HepG2,20,96,6.52E-08,1.86E-05,0.000146193,0.123808,A,6.8
2457,Allyl alcohol,107-18-6,HepG2,20,96,2.97E-08,0.000149634,0.000149797,0.997561,N,
2458,N-methylaniline,100-61-8,HepG2,20,96,4.97E-08,0.000143086,0.000149442,0.953904,N,
2459,"3,4-dichloroaniline",95-76-1,HepG2,20,96,1.74E-07,9.38E-05,0.000147798,0.625014,N,
2460,4-decylaniline,37529-30-9,HepG2,20,96,1.99E-06,2.66E-07,0.000128987,0.0017713,N,
2461,naphthalene,91-20-3,HepG2,20,96,2.81E-07,4.02E-05,0.000145779,0.267691,N,
2462,"1,2,4-trichlorobenzene",120-82-1,HepG2,20,96,3.06E-07,9.03E-06,0.00014137,0.0602264,N,
2463,"1,2-dichlorobenzene",95-50-1,HepG2,20,96,2.75E-07,2.92E-05,0.000135504,0.194884,N,
2464,dichloromethane,75-09-2,HepG2,20,96,3.05E-08,0.000120222,0.000122148,0.801483,N,
2465,tetrachloroethylene,127-18-4,HepG2,20,96,2.37E-07,2.69E-05,0.000117866,0.179653,N,
2466,"2,3-dimethyl-1,3-butadiene",513-81-5,HepG2,20,96,1.83E-08,4.37E-06,1.08E-05,0.0291004,N,
2467,Eugenol F,97-53-0,HepG2,20,96,1.02E-07,0.00012376,0.000148847,0.825069,N,
2468,Methyl-antranilate,134-20-3,HepG2,20,96,6.24E-08,0.000138788,0.000149447,0.92525,N,
2469,Lilyfore,285977-85-7,HepG2,20,96,2.75E-07,4.48E-05,0.000146423,0.298912,N,
2470,Damascone beta,23726-91-2,HepG2,20,96,3.10E-07,4.58E-06,0.000146129,0.0305327,N,
2471,Veloutone,14595-54-1,HepG2,20,96,6.23E-07,9.29E-07,0.000142858,0.00619507,N,
2472,Verdox,82356-51-2,HepG2,20,96,2.22E-06,2.19E-07,0.000126857,0.00145698,N,
2473,Nirvanol,1506-02-1,HepG2,20,96,1.05E-06,5.92E-07,0.000138342,0.00394535,N,
2474,Cetalox,3738-00-9,HepG2,20,96,7.26E-07,8.21E-07,0.000141665,0.00547255,N,
2475,Tonalide,21145-77-7,HepG2,20,96,1.05E-06,5.92E-07,0.000138342,0.00394535,N,
2476,"2,4-Dinitrophenol",51-28-5,HepG2,20,96,5.92E-09,0.000143219,0.000149678,0.954792,A,4.1
2477,Aldrin,309-00-2,HepG2,20,96,2.31E-06,2.02E-07,0.000126049,0.00134765,N,
2478,Azinphos-methyl,86-50-0,HepG2,20,96,1.86E-07,8.84E-05,0.000147634,0.589601,N,
2479,Chlorpyrifos,2921-88-2,HepG2,20,96,4.05E-07,1.27E-06,0.000145231,0.0084755,N,
2480,"DDD-p,p'",50-29-3,HepG2,20,96,2.97E-06,1.00E-07,0.000120214,0.000668626,N,
2481,"DDT-o,p'",789-02-6,HepG2,20,96,2.41E-06,1.84E-07,0.000125114,0.00122476,N,
2482,"DDT-p,p'",72-54-8,HepG2,20,96,1.66E-06,3.52E-07,0.000132238,0.00234459,N,
2483,Diazinon,333-41-5,HepG2,20,96,3.15E-07,1.41E-05,0.000145977,0.093941,N,
2484,Dicofol,115-32-2,HepG2,20,96,4.40E-07,1.20E-06,0.000144848,0.00800374,N,
2485,Dieldrin,60-57-1,HepG2,20,96,5.04E-07,1.09E-06,0.000144149,0.00726469,N,
2486,Disulfoton,298-04-4,HepG2,20,96,3.16E-07,8.70E-06,0.000146026,0.058001,N,
2487,Endosulfan I,115-29-7,HepG2,20,96,3.16E-07,1.35E-05,0.000145978,0.0898012,N,
2488,Endrin,72-20-8,HepG2,20,96,7.55E-07,7.96E-07,0.000141441,0.00530581,N,
2489,Ethion,563-12-2,HepG2,20,96,4.71E-07,1.14E-06,0.000144509,0.00762705,N,
2490,Heptachlor,76-44-8,HepG2,20,96,1.63E-06,3.61E-07,0.000132555,0.0024082,N,
2491,Heptachlor epoxide B,1024-57-3,HepG2,20,96,4.17E-07,1.25E-06,0.000145106,0.0083158,N,
2492,Lindane,58-89-9,HepG2,20,96,3.13E-07,1.72E-05,0.000145973,0.11474,N,
2493,"Methoxychlor-o,p'",72-43-5,HepG2,20,96,4.77E-07,1.13E-06,0.000144439,0.00755345,N,
2494,Parathion,56-38-2,HepG2,20,96,3.16E-07,1.35E-05,0.000145979,0.0898015,N,
2495,Trifluralin,1582-09-8,HepG2,20,96,6.73E-07,8.74E-07,0.000142316,0.0058269,N,
2496,Cisapride,81098-60-4,HepG2,20,96,1.01E-07,2.82E-05,0.000146264,0.188211,B,7.8
2497,Citalopram hydrobromide,59729-33-8,HepG2,20,96,2.69E-07,4.80E-05,0.000146497,0.320106,N,
2498,Dofetilide,115256-11-6,HepG2,20,96,7.10E-08,0.000126398,0.000148969,0.842652,B,8.4
2499,Moxifloxacin hydrochloride,186826-86-8,HepG2,20,96,1.98E-08,0.000148138,0.000149882,0.987589,A,6
2500,N-acetylpro-cainamide,32795-44-1,HepG2,20,96,1.11E-07,0.000147807,0.00014978,0.985379,B,9.2
2501,Quinidine sulfate,50-54-4,HepG2,20,96,4.63E-08,4.63E-05,0.000146643,0.308464,B,9.3
2502,Sematilide,101526-83-4,HepG2,20,96,1.03E-07,0.000148187,0.000149806,0.987911,B,9.1
2503,Sotalol hydrochloride,959-24-0,HepG2,20,96,9.66E-08,0.000149701,0.00014989,0.998006,B,9
2504,Mifepristone,84371-65-3,HepG2,20,96,3.62E-07,1.37E-06,0.000145718,0.00916559,N,
2505,Perfluorobutanesulfonic_acid,375-73-5,HepG2,20,96,1.86E-09,0.00014548,0.000149778,0.969866,A,-2.9
2506,4_2_Fluorotelomer_sulfonic_acid,757124-72-4,HepG2,20,96,1.80E-09,0.000141626,0.000149616,0.944173,A,1.4
2507,Perfluorononanoic_acid,375-95-1,HepG2,20,96,5.52E-12,4.18E-07,0.000132879,0.00278706,A,0.1
2508,Perfluorohexanoic_acid,307-24-4,HepG2,20,96,7.34E-11,5.76E-06,0.000146378,0.0384075,A,0.1
2509,Perfluorobutanoic_acid,375-22-4,HepG2,20,96,1.81E-09,0.000142375,0.000149646,0.949168,A,0.1
2510,Perfluorooctanoic_acid,335-67-1,HepG2,20,96,8.67E-11,6.80E-06,0.000146342,0.0453625,A,0.1
2511,6_2_Fluorotelomer_sulfonic_acid,27619-97-2,HepG2,20,96,8.73E-10,6.87E-05,0.000147233,0.457696,A,1.4
2512,8_2_Fluorotelomer_sulfonic_acid,39108-34-4,HepG2,20,96,7.70E-11,6.04E-06,0.000146368,0.0402829,A,1.4
2513,Perfluoroundecanoic_acid,2058-94-8,HepG2,20,96,6.29E-12,4.80E-07,0.000134956,0.00320181,A,0.1
2514,Perfluorooctanesulfonic_acid,1763-23-1,HepG2,20,96,6.14E-12,4.80E-07,0.000134956,0.00320181,A,-2.9
2515,Perfluoroheptanoic_acid,375-85-9,HepG2,20,96,3.32E-10,2.61E-05,0.000146328,0.173905,A,0.1
2516,Perfluoropentanoic_acid,2706-90-3,HepG2,20,96,1.55E-09,0.000121297,0.000148854,0.808644,A,0.1
2517,Perfluorohexanesulfonic_acid,355-46-4,HepG2,20,96,1.18E-09,9.25E-05,0.000147914,0.616529,A,-2.9
2518,Perfluorodecanoic_acid,335-76-2,HepG2,20,96,3.80E-12,2.76E-07,0.000126344,0.00184276,A,0.1
2519,cyclosporine A,59865-13-3,HepG2,20,96,2.20E-07,7.28E-05,0.000147157,0.485241,N,
2520,chlorpromazine,50-53-3,HepG2,20,96,2.35E-08,8.47E-07,0.000142033,0.00564705,B,9.4
2521,PBDE 47,5436-43-1,HepG2,20,96,2.82E-06,1.20E-07,0.000121474,0.000801346,N,
2522,PBDE 99,60348-60-9,HepG2,20,96,3.46E-06,4.48E-08,0.000116601,0.000298835,N,
2523,PBDE 153,68631-49-2,HepG2,20,96,3.74E-06,1.25E-08,0.000115742,8.34E-05,N,
2524,amiodarone,1951-25-3,HepG2,20,96,2.25E-07,3.85E-08,0.000104866,0.00025643,B,9
2525,Azathioprine,446-86-6,HepG2,20,96,2.86E-08,0.000149825,0.000149961,0.99883,A,8.2
2526,Benzocaine,94-09-7,HepG2,20,96,6.10E-08,0.00013929,0.000149468,0.928597,N,
2527,Butylated hydroxyanisole,25013-16-5,HepG2,20,96,2.95E-07,3.22E-05,0.000146163,0.214346,N,
2528,Cetirizine dihydrochloride,83881-52-1,HepG2,20,96,1.01E-08,0.000149325,0.000149951,0.995498,A,4.7
2529,Cyclamate,139-05-9,HepG2,20,96,3.81E-06,0.000146163,0.000146187,0.974418,B,17.6
2530,Cyclophosphamide,6055-19-2,HepG2,20,96,5.27E-08,0.000149309,0.00014991,0.995396,B,6.1
2531,Cypermethrin,67375-30-8,HepG2,20,96,2.51E-06,1.67E-07,0.000124189,0.00111036,N,
2532,DEET,134-62-3,HepG2,20,96,9.04E-08,0.000128244,0.000149024,0.854962,N,
2533,Dexamethasone,50-02-2,HepG2,20,96,6.53E-08,0.000137718,0.000149403,0.918122,N,
2534,Digoxin,20830-75-5,HepG2,20,96,3.76E-08,0.000147412,0.000149832,0.982744,N,
2535,Fenazaquin,120928-09-8,HepG2,20,96,8.35E-07,7.31E-07,0.000140597,0.00487222,N,
2536,Fenbuconazole,114369-43-6,HepG2,20,96,2.73E-07,4.56E-05,0.000146441,0.304136,N,
2537,Fluazinam,79622-59-6,HepG2,20,96,3.16E-07,8.91E-06,0.000146021,0.0593716,N,
2538,Furosemide,54-31-9,HepG2,20,96,2.20E-09,0.000134483,0.000149334,0.896553,A,3
2539,Glybenclamide,10238-21-8,HepG2,20,96,1.29E-09,1.43E-06,0.000146148,0.00956314,A,5
2540,HC Red 3,2871-01-4,HepG2,20,96,2.97E-08,0.000149812,0.00014996,0.998746,N,
2541,Hydralazine hydrochloride,304-20-1,HepG2,20,96,5.02E-08,0.000149263,0.00014991,0.995086,B,6
2542,Ketoconazole,65277-42-1,HepG2,20,96,2.66E-07,3.98E-06,0.000146239,0.0265076,B,6.6
2543,Metformin,1115-70-4,HepG2,20,96,1.67E-07,0.000149819,0.000149831,0.998795,B,9.6
2544,Metoclopramide,364-62-5,HepG2,20,96,7.05E-08,0.000100107,0.000148083,0.667382,B,9
2545,Nitrofurantoin,67-20-9,HepG2,20,96,2.50E-08,0.000149939,0.000149972,0.999594,A,7.3
2546,Oxytetracycline hydrochloride,2058-46-0,HepG2,20,96,8.77E-09,0.000149989,0.000149991,0.999924,A,4.5
2547,Panthenol,16485-10-2 ,HepG2,20,96,2.91E-08,0.000149958,0.00014997,0.999722,N,
2548,Paracetamol,103-90-2,HepG2,20,96,3.04E-08,0.000149612,0.000149947,0.997412,N,
2549,Topiramate,97240-79-4,HepG2,20,96,2.90E-08,0.000149967,0.000149971,0.999782,A,9.2
2550,Trimellitic anhydride,552-30-7,HepG2,20,96,2.88E-09,0.000145893,0.000149795,0.972621,A,3.3
2551,Verapamil hydrochloride,152-11-4,HepG2,20,96,1.27E-08,2.93E-06,0.000146543,0.0195436,B,9.2
2552,Warfarin,129-06-6,HepG2,20,96,1.35E-07,0.000110575,0.000148374,0.737166,N,
2553,Caffeine,58-08-2,Me_180,20,96,3.74E-08,0.000149866,0.000149956,0.999106,N,
2554,Lamotrigine,84057-84-1,Me_180,20,96,1.83E-07,0.000103819,0.000148105,0.692129,B,6.6
2555,Diclofenac,15307-79-6,Me_180,20,96,4.79E-06,0.000144587,0.000145171,0.963912,B,17.6
2556,"2,4-Dichlorophenoxyacetic",94-75-7,Me_180,20,96,1.54E-09,8.35E-05,0.000147645,0.556503,A,2.7
2557,(S)-Naproxen,22204-53-1,Me_180,20,96,3.62E-09,5.01E-05,0.00014677,0.333967,A,4.4
2558,Ibuprofen,15687-27-1,Me_180,20,96,5.47E-09,1.70E-05,0.000146245,0.113611,A,5.4
2559,Torasemide,56211-40-6,Me_180,20,96,1.77E-09,3.58E-05,0.000146477,0.238411,A,4
2560,Warfarin,81-81-2,Me_180,20,96,7.09E-09,9.34E-05,0.000147935,0.622345,A,4.5
2561,di-n-butylphthalate,84-74-2,Me_180,20,96,3.37E-07,2.10E-06,0.000146358,0.0140316,N,
2562,hexachlorophene,70-30-4,Me_180,20,96,3.42E-07,4.05E-08,0.000105421,0.000270091,A,6.2
2563,hexamethylenetetramine,100-97-0,Me_180,20,96,7.46E-08,0.000149736,0.00014974,0.998237,B,6.4
2564,Malathion,121-75-5,Me_180,20,96,1.33E-07,0.000118574,0.000148644,0.790495,N,
2565,pentachlorophenol,87-86-5,Me_180,20,96,2.05E-09,1.12E-06,0.000144508,0.00745982,A,5
2566,"2,2,2-trichloroethanol",115-20-8,Me_180,20,96,5.05E-08,0.000145958,0.000149527,0.973054,N,
2567,diethylphthalate,84-66-2,Me_180,20,96,1.47E-07,0.00011337,0.000148452,0.755797,N,
2568,4-chlorophenol,106-48-9,Me_180,20,96,1.38E-07,0.000116684,0.000148568,0.777895,N,
2569,permethrin,52645-53-1,Me_180,20,96,2.60E-06,2.02E-07,0.000125815,0.00134514,N,
2570,Aniline,62-53-3,Me_180,20,96,4.11E-08,0.000148873,0.000149871,0.992489,N,
2571,4-fluoroaniline,371-40-4,Me_180,20,96,4.43E-08,0.00014795,0.000149798,0.986336,N,
2572,"2,4,6-trichlorophenol",88-06-2,Me_180,20,96,7.39E-08,1.86E-05,0.000146185,0.123801,A,6.8
2573,Allyl alcohol,107-18-6,Me_180,20,96,3.77E-08,0.000149626,0.000149789,0.997508,N,
2574,N-methylaniline,100-61-8,Me_180,20,96,6.00E-08,0.000143076,0.000149432,0.953838,N,
2575,"3,4-dichloroaniline",95-76-1,Me_180,20,96,1.99E-07,9.37E-05,0.000147773,0.62491,N,
2576,4-decylaniline,37529-30-9,Me_180,20,96,2.24E-06,2.65E-07,0.000128769,0.0017683,N,
2577,naphthalene,91-20-3,Me_180,20,96,3.18E-07,4.01E-05,0.000145743,0.267625,N,
2578,"1,2,4-trichlorobenzene",120-82-1,Me_180,20,96,3.45E-07,9.03E-06,0.000141333,0.0602107,N,
2579,"1,2-dichlorobenzene",95-50-1,Me_180,20,96,3.11E-07,2.92E-05,0.000135472,0.194838,N,
2580,dichloromethane,75-09-2,Me_180,20,96,3.77E-08,0.000120218,0.000122143,0.80145,N,
2581,tetrachloroethylene,127-18-4,Me_180,20,96,2.68E-07,2.69E-05,0.000117843,0.179617,N,
2582,"2,3-dimethyl-1,3-butadiene",513-81-5,Me_180,20,96,2.08E-08,4.37E-06,1.08E-05,0.0291009,N,
2583,Eugenol F,97-53-0,Me_180,20,96,1.18E-07,0.000123747,0.000148831,0.824978,N,
2584,Methyl-antranilate,134-20-3,Me_180,20,96,7.42E-08,0.000138777,0.000149435,0.925177,N,
2585,Lilyfore,285977-85-7,Me_180,20,96,3.11E-07,4.48E-05,0.000146387,0.29884,N,
2586,Damascone beta,23726-91-2,Me_180,20,96,3.49E-07,4.58E-06,0.000146091,0.0305246,N,
2587,Veloutone,14595-54-1,Me_180,20,96,7.02E-07,9.29E-07,0.000142783,0.00619179,N,
2588,Verdox,82356-51-2,Me_180,20,96,2.50E-06,2.18E-07,0.000126618,0.00145423,N,
2589,Nirvanol,1506-02-1,Me_180,20,96,1.18E-06,5.91E-07,0.000138219,0.00394182,N,
2590,Cetalox,3738-00-9,Me_180,20,96,8.19E-07,8.20E-07,0.000141578,0.00546917,N,
2591,Tonalide,21145-77-7,Me_180,20,96,1.18E-06,5.91E-07,0.000138219,0.00394182,N,
2592,"2,4-Dinitrophenol",51-28-5,Me_180,20,96,7.53E-09,0.000143217,0.000149676,0.954781,A,4.1
2593,Aldrin,309-00-2,Me_180,20,96,2.60E-06,2.02E-07,0.000125802,0.001345,N,
2594,Azinphos-methyl,86-50-0,Me_180,20,96,2.12E-07,8.84E-05,0.000147608,0.589498,N,
2595,Chlorpyrifos,2921-88-2,Me_180,20,96,4.57E-07,1.27E-06,0.000145181,0.00847257,N,
2596,"DDD-p,p'",50-29-3,Me_180,20,96,3.34E-06,1.00E-07,0.00011991,0.000666938,N,
2597,"DDT-o,p'",789-02-6,Me_180,20,96,2.71E-06,1.83E-07,0.000124857,0.00122226,N,
2598,"DDT-p,p'",72-54-8,Me_180,20,96,1.87E-06,3.51E-07,0.000132051,0.00234128,N,
2599,Diazinon,333-41-5,Me_180,20,96,3.56E-07,1.41E-05,0.000145938,0.0939156,N,
2600,Dicofol,115-32-2,Me_180,20,96,4.96E-07,1.20E-06,0.000144794,0.00800074,N,
2601,Dieldrin,60-57-1,Me_180,20,96,5.68E-07,1.09E-06,0.000144088,0.00726158,N,
2602,Disulfoton,298-04-4,Me_180,20,96,3.56E-07,8.70E-06,0.000145986,0.0579853,N,
2603,Endosulfan I,115-29-7,Me_180,20,96,3.56E-07,1.35E-05,0.000145939,0.0897769,N,
2604,Endrin,72-20-8,Me_180,20,96,8.51E-07,7.95E-07,0.00014135,0.0053024,N,
2605,Ethion,563-12-2,Me_180,20,96,5.31E-07,1.14E-06,0.000144451,0.007624,N,
2606,Heptachlor,76-44-8,Me_180,20,96,1.83E-06,3.61E-07,0.000132372,0.00240487,N,
2607,Heptachlor epoxide B,1024-57-3,Me_180,20,96,4.70E-07,1.25E-06,0.000145055,0.00831285,N,
2608,Lindane,58-89-9,Me_180,20,96,3.54E-07,1.72E-05,0.000145934,0.114709,N,
2609,"Methoxychlor-o,p'",72-43-5,Me_180,20,96,5.38E-07,1.13E-06,0.00014438,0.00755039,N,
2610,Parathion,56-38-2,Me_180,20,96,3.56E-07,1.35E-05,0.000145939,0.0897772,N,
2611,Trifluralin,1582-09-8,Me_180,20,96,7.59E-07,8.74E-07,0.000142234,0.00582356,N,
2612,Cisapride,81098-60-4,Me_180,20,96,1.16E-07,2.82E-05,0.00014625,0.188193,B,7.8
2613,Citalopram hydrobromide,59729-33-8,Me_180,20,96,3.04E-07,4.80E-05,0.000146462,0.32003,N,
2614,Dofetilide,115256-11-6,Me_180,20,96,8.92E-08,0.000126382,0.000148951,0.84255,B,8.4
2615,Moxifloxacin hydrochloride,186826-86-8,Me_180,20,96,2.52E-08,0.000148133,0.000149877,0.987553,A,6
2616,N-acetylpro-cainamide,32795-44-1,Me_180,20,96,1.41E-07,0.000147777,0.000149749,0.985181,B,9.2
2617,Quinidine sulfate,50-54-4,Me_180,20,96,5.77E-08,4.63E-05,0.000146632,0.308441,B,9.3
2618,Sematilide,101526-83-4,Me_180,20,96,1.31E-07,0.000148159,0.000149778,0.987728,B,9.1
2619,Sotalol hydrochloride,959-24-0,Me_180,20,96,1.23E-07,0.000149675,0.000149864,0.997831,B,9
2620,Mifepristone,84371-65-3,Me_180,20,96,4.08E-07,1.37E-06,0.000145673,0.00916276,N,
2621,Perfluorobutanesulfonic_acid,375-73-5,Me_180,20,96,2.36E-09,0.000145479,0.000149778,0.969863,A,-2.9
2622,4_2_Fluorotelomer_sulfonic_acid,757124-72-4,Me_180,20,96,2.29E-09,0.000141625,0.000149615,0.94417,A,1.4
2623,Perfluorononanoic_acid,375-95-1,Me_180,20,96,6.99E-12,4.18E-07,0.000132879,0.00278706,A,0.1
2624,Perfluorohexanoic_acid,307-24-4,Me_180,20,96,9.34E-11,5.76E-06,0.000146378,0.0384075,A,0.1
2625,Perfluorobutanoic_acid,375-22-4,Me_180,20,96,2.31E-09,0.000142375,0.000149646,0.949165,A,0.1
2626,Perfluorooctanoic_acid,335-67-1,Me_180,20,96,1.10E-10,6.80E-06,0.000146342,0.0453625,A,0.1
2627,6_2_Fluorotelomer_sulfonic_acid,27619-97-2,Me_180,20,96,1.11E-09,6.87E-05,0.000147232,0.457695,A,1.4
2628,8_2_Fluorotelomer_sulfonic_acid,39108-34-4,Me_180,20,96,9.78E-11,6.04E-06,0.000146368,0.0402829,A,1.4
2629,Perfluoroundecanoic_acid,2058-94-8,Me_180,20,96,7.97E-12,4.80E-07,0.000134956,0.00320181,A,0.1
2630,Perfluorooctanesulfonic_acid,1763-23-1,Me_180,20,96,7.81E-12,4.80E-07,0.000134956,0.00320181,A,-2.9
2631,Perfluoroheptanoic_acid,375-85-9,Me_180,20,96,4.23E-10,2.61E-05,0.000146328,0.173904,A,0.1
2632,Perfluoropentanoic_acid,2706-90-3,Me_180,20,96,1.96E-09,0.000121296,0.000148854,0.808641,A,0.1
2633,Perfluorohexanesulfonic_acid,355-46-4,Me_180,20,96,1.50E-09,9.25E-05,0.000147913,0.616528,A,-2.9
2634,Perfluorodecanoic_acid,335-76-2,Me_180,20,96,4.79E-12,2.76E-07,0.000126344,0.00184276,A,0.1
2635,cyclosporine A,59865-13-3,Me_180,20,96,2.50E-07,7.28E-05,0.000147127,0.485144,N,
2636,chlorpromazine,50-53-3,Me_180,20,96,2.66E-08,8.47E-07,0.00014203,0.00564694,B,9.4
2637,PBDE 47,5436-43-1,Me_180,20,96,3.18E-06,1.20E-07,0.000121183,0.000799425,N,
2638,PBDE 99,60348-60-9,Me_180,20,96,3.89E-06,4.47E-08,0.000116259,0.000297959,N,
2639,PBDE 153,68631-49-2,Me_180,20,96,4.20E-06,1.25E-08,0.000115375,8.31E-05,N,
2640,amiodarone,1951-25-3,Me_180,20,96,2.53E-07,3.85E-08,0.000104846,0.000256381,B,9
2641,Azathioprine,446-86-6,Me_180,20,96,3.62E-08,0.000149817,0.000149954,0.998779,A,8.2
2642,Benzocaine,94-09-7,Me_180,20,96,7.26E-08,0.000139279,0.000149457,0.928525,N,
2643,Butylated hydroxyanisole,25013-16-5,Me_180,20,96,3.34E-07,3.21E-05,0.000146125,0.214291,N,
2644,Cetirizine dihydrochloride,83881-52-1,Me_180,20,96,1.29E-08,0.000149322,0.000149948,0.99548,A,4.7
2645,Cyclamate,139-05-9,Me_180,20,96,4.81E-06,0.000145162,0.000145186,0.967748,B,17.6
2646,Cyclophosphamide,6055-19-2,Me_180,20,96,6.66E-08,0.000149296,0.000149896,0.995304,B,6.1
2647,Cypermethrin,67375-30-8,Me_180,20,96,2.83E-06,1.66E-07,0.000123924,0.00110799,N,
2648,DEET,134-62-3,Me_180,20,96,1.06E-07,0.000128231,0.000149009,0.854876,N,
2649,Dexamethasone,50-02-2,Me_180,20,96,7.74E-08,0.000137707,0.000149391,0.918047,N,
2650,Digoxin,20830-75-5,Me_180,20,96,4.64E-08,0.000147403,0.000149823,0.982686,N,
2651,Fenazaquin,120928-09-8,Me_180,20,96,9.41E-07,7.30E-07,0.000140497,0.00486876,N,
2652,Fenbuconazole,114369-43-6,Me_180,20,96,3.09E-07,4.56E-05,0.000146406,0.304062,N,
2653,Fluazinam,79622-59-6,Me_180,20,96,3.56E-07,8.90E-06,0.000145982,0.0593556,N,
2654,Furosemide,54-31-9,Me_180,20,96,2.80E-09,0.000134482,0.000149333,0.896549,A,3
2655,Glybenclamide,10238-21-8,Me_180,20,96,1.48E-09,1.43E-06,0.000146148,0.00956313,A,5
2656,HC Red 3,2871-01-4,Me_180,20,96,3.77E-08,0.000149804,0.000149952,0.998693,N,
2657,Hydralazine hydrochloride,304-20-1,Me_180,20,96,6.34E-08,0.00014925,0.000149897,0.994998,B,6
2658,Ketoconazole,65277-42-1,Me_180,20,96,3.01E-07,3.98E-06,0.000146206,0.0265016,B,6.6
2659,Metformin,1115-70-4,Me_180,20,96,2.13E-07,0.000149774,0.000149786,0.998492,B,9.6
2660,Metoclopramide,364-62-5,Me_180,20,96,8.88E-08,0.000100095,0.000148065,0.667301,B,9
2661,Nitrofurantoin,67-20-9,Me_180,20,96,3.18E-08,0.000149932,0.000149965,0.999549,A,7.3
2662,Oxytetracycline hydrochloride,2058-46-0,Me_180,20,96,1.11E-08,0.000149986,0.000149989,0.999908,A,4.5
2663,Panthenol,16485-10-2 ,Me_180,20,96,3.70E-08,0.00014995,0.000149962,0.999669,N,
2664,Paracetamol,103-90-2,Me_180,20,96,3.85E-08,0.000149604,0.000149939,0.997359,N,
2665,Topiramate,97240-79-4,Me_180,20,96,3.68E-08,0.000149959,0.000149963,0.99973,A,9.2
2666,Trimellitic anhydride,552-30-7,Me_180,20,96,3.66E-09,0.000145892,0.000149795,0.972616,A,3.3
2667,Verapamil hydrochloride,152-11-4,Me_180,20,96,1.46E-08,2.93E-06,0.000146541,0.0195433,B,9.2
2668,Warfarin,129-06-6,Me_180,20,96,1.55E-07,0.00011056,0.000148354,0.737067,N,
2669,Caffeine,58-08-2,H4lle,20,96,3.49E-08,0.000149868,0.000149958,0.999123,N,
2670,Lamotrigine,84057-84-1,H4lle,20,96,7.74E-08,0.000103892,0.000148209,0.692616,B,6.6
2671,Diclofenac,15307-79-6,H4lle,20,96,4.52E-06,0.000144854,0.000145439,0.965693,B,17.6
2672,"2,4-Dichlorophenoxyacetic",94-75-7,H4lle,20,96,1.45E-09,8.35E-05,0.000147645,0.556503,A,2.7
2673,(S)-Naproxen,22204-53-1,H4lle,20,96,3.27E-09,5.01E-05,0.00014677,0.333967,A,4.4
2674,Ibuprofen,15687-27-1,H4lle,20,96,2.77E-09,1.70E-05,0.000146248,0.113613,A,5.4
2675,Torasemide,56211-40-6,H4lle,20,96,1.62E-09,3.58E-05,0.000146477,0.238411,A,4
2676,Warfarin,81-81-2,H4lle,20,96,6.57E-09,9.34E-05,0.000147935,0.622347,A,4.5
2677,di-n-butylphthalate,84-74-2,H4lle,20,96,6.60E-08,2.11E-06,0.000146622,0.014057,N,
2678,hexachlorophene,70-30-4,H4lle,20,96,6.68E-08,4.06E-08,0.000105615,0.000270589,A,6.2
2679,hexamethylenetetramine,100-97-0,H4lle,20,96,7.03E-08,0.00014974,0.000149744,0.998266,B,6.4
2680,Malathion,121-75-5,H4lle,20,96,4.77E-08,0.000118642,0.000148728,0.790944,N,
2681,pentachlorophenol,87-86-5,H4lle,20,96,4.88E-10,1.12E-06,0.000144509,0.00745989,A,5
2682,"2,2,2-trichloroethanol",115-20-8,H4lle,20,96,3.67E-08,0.000145972,0.000149541,0.973144,N,
2683,diethylphthalate,84-66-2,H4lle,20,96,4.95E-08,0.000113443,0.000148549,0.756289,N,
2684,4-chlorophenol,106-48-9,H4lle,20,96,4.84E-08,0.000116754,0.000148657,0.77836,N,
2685,permethrin,52645-53-1,H4lle,20,96,5.12E-07,2.05E-07,0.000127593,0.00136415,N,
2686,Aniline,62-53-3,H4lle,20,96,3.54E-08,0.000148879,0.000149877,0.992527,N,
2687,4-fluoroaniline,371-40-4,H4lle,20,96,3.59E-08,0.000147959,0.000149806,0.986392,N,
2688,"2,4,6-trichlorophenol",88-06-2,H4lle,20,96,1.71E-08,1.86E-05,0.00014624,0.123848,A,6.8
2689,Allyl alcohol,107-18-6,H4lle,20,96,3.49E-08,0.000149629,0.000149792,0.997527,N,
2690,N-methylaniline,100-61-8,H4lle,20,96,3.80E-08,0.000143097,0.000149454,0.953978,N,
2691,"3,4-dichloroaniline",95-76-1,H4lle,20,96,5.60E-08,9.38E-05,0.000147914,0.625506,N,
2692,4-decylaniline,37529-30-9,H4lle,20,96,4.42E-07,2.68E-07,0.00013034,0.00178988,N,
2693,naphthalene,91-20-3,H4lle,20,96,6.95E-08,4.02E-05,0.000145986,0.26807,N,
2694,"1,2,4-trichlorobenzene",120-82-1,H4lle,20,96,6.89E-08,9.05E-06,0.000141594,0.0603217,N,
2695,"1,2-dichlorobenzene",95-50-1,H4lle,20,96,6.59E-08,2.93E-05,0.000135693,0.195156,N,
2696,dichloromethane,75-09-2,H4lle,20,96,2.95E-08,0.000120224,0.000122149,0.801492,N,
2697,tetrachloroethylene,127-18-4,H4lle,20,96,5.71E-08,2.70E-05,0.000118008,0.179869,N,
2698,"2,3-dimethyl-1,3-butadiene",513-81-5,H4lle,20,96,4.85E-09,4.37E-06,1.08E-05,0.0291036,N,
2699,Eugenol F,97-53-0,H4lle,20,96,4.58E-08,0.000123807,0.000148903,0.825377,N,
2700,Methyl-antranilate,134-20-3,H4lle,20,96,4.00E-08,0.000138808,0.00014947,0.925388,N,
2701,Lilyfore,285977-85-7,H4lle,20,96,6.88E-08,4.49E-05,0.000146624,0.299323,N,
2702,Damascone beta,23726-91-2,H4lle,20,96,6.89E-08,4.59E-06,0.000146364,0.0305818,N,
2703,Veloutone,14595-54-1,H4lle,20,96,1.37E-07,9.32E-07,0.000143323,0.0062152,N,
2704,Verdox,82356-51-2,H4lle,20,96,4.93E-07,2.21E-07,0.000128339,0.001474,N,
2705,Nirvanol,1506-02-1,H4lle,20,96,2.32E-07,5.95E-07,0.000139103,0.00396705,N,
2706,Cetalox,3738-00-9,H4lle,20,96,1.60E-07,8.24E-07,0.000142203,0.00549331,N,
2707,Tonalide,21145-77-7,H4lle,20,96,2.32E-07,5.95E-07,0.000139103,0.00396705,N,
2708,"2,4-Dinitrophenol",51-28-5,H4lle,20,96,7.09E-09,0.000143218,0.000149676,0.954784,A,4.1
2709,Aldrin,309-00-2,H4lle,20,96,5.12E-07,2.05E-07,0.00012758,0.00136402,N,
2710,Azinphos-methyl,86-50-0,H4lle,20,96,5.76E-08,8.85E-05,0.00014776,0.590106,N,
2711,Chlorpyrifos,2921-88-2,H4lle,20,96,8.94E-08,1.27E-06,0.000145538,0.0084934,N,
2712,"DDD-p,p'",50-29-3,H4lle,20,96,6.63E-07,1.02E-07,0.000122103,0.000679131,N,
2713,"DDT-o,p'",789-02-6,H4lle,20,96,5.36E-07,1.86E-07,0.000126703,0.00124032,N,
2714,"DDT-p,p'",72-54-8,H4lle,20,96,3.67E-07,3.55E-07,0.000133388,0.00236499,N,
2715,Diazinon,333-41-5,H4lle,20,96,7.20E-08,1.41E-05,0.000146215,0.0940937,N,
2716,Dicofol,115-32-2,H4lle,20,96,9.70E-08,1.20E-06,0.000145181,0.00802209,N,
2717,Dieldrin,60-57-1,H4lle,20,96,1.11E-07,1.09E-06,0.000144528,0.00728377,N,
2718,Disulfoton,298-04-4,H4lle,20,96,7.10E-08,8.71E-06,0.000146264,0.0580957,N,
2719,Endosulfan I,115-29-7,H4lle,20,96,7.19E-08,1.35E-05,0.000146216,0.0899474,N,
2720,Endrin,72-20-8,H4lle,20,96,1.67E-07,7.99E-07,0.000141998,0.00532674,N,
2721,Ethion,563-12-2,H4lle,20,96,1.04E-07,1.15E-06,0.000144864,0.00764578,N,
2722,Heptachlor,76-44-8,H4lle,20,96,3.60E-07,3.64E-07,0.000133685,0.00242874,N,
2723,Heptachlor epoxide B,1024-57-3,H4lle,20,96,9.19E-08,1.25E-06,0.000145421,0.00833385,N,
2724,Lindane,58-89-9,H4lle,20,96,7.21E-08,1.72E-05,0.000146208,0.114925,N,
2725,"Methoxychlor-o,p'",72-43-5,H4lle,20,96,1.05E-07,1.14E-06,0.000144798,0.00757225,N,
2726,Parathion,56-38-2,H4lle,20,96,7.19E-08,1.35E-05,0.000146216,0.0899477,N,
2727,Trifluralin,1582-09-8,H4lle,20,96,1.48E-07,8.77E-07,0.000142816,0.00584737,N,
2728,Cisapride,81098-60-4,H4lle,20,96,3.53E-08,2.82E-05,0.000146329,0.188294,B,7.8
2729,Citalopram hydrobromide,59729-33-8,H4lle,20,96,6.82E-08,4.81E-05,0.000146693,0.320535,N,
2730,Dofetilide,115256-11-6,H4lle,20,96,7.77E-08,0.000126392,0.000148962,0.842614,B,8.4
2731,Moxifloxacin hydrochloride,186826-86-8,H4lle,20,96,2.35E-08,0.000148135,0.000149879,0.987564,A,6
2732,N-acetylpro-cainamide,32795-44-1,H4lle,20,96,1.33E-07,0.000147785,0.000149758,0.985236,B,9.2
2733,Quinidine sulfate,50-54-4,H4lle,20,96,4.73E-08,4.63E-05,0.000146642,0.308462,B,9.3
2734,Sematilide,101526-83-4,H4lle,20,96,1.23E-07,0.000148167,0.000149785,0.987779,B,9.1
2735,Sotalol hydrochloride,959-24-0,H4lle,20,96,1.16E-07,0.000149682,0.000149871,0.997879,B,9
2736,Mifepristone,84371-65-3,H4lle,20,96,7.98E-08,1.38E-06,0.000145993,0.00918286,N,
2737,Perfluorobutanesulfonic_acid,375-73-5,H4lle,20,96,2.23E-09,0.00014548,0.000149778,0.969864,A,-2.9
2738,4_2_Fluorotelomer_sulfonic_acid,757124-72-4,H4lle,20,96,2.16E-09,0.000141626,0.000149615,0.94417,A,1.4
2739,Perfluorononanoic_acid,375-95-1,H4lle,20,96,6.42E-12,4.18E-07,0.000132879,0.00278706,A,0.1
2740,Perfluorohexanoic_acid,307-24-4,H4lle,20,96,8.79E-11,5.76E-06,0.000146378,0.0384075,A,0.1
2741,Perfluorobutanoic_acid,375-22-4,H4lle,20,96,2.17E-09,0.000142375,0.000149646,0.949166,A,0.1
2742,Perfluorooctanoic_acid,335-67-1,H4lle,20,96,1.04E-10,6.80E-06,0.000146342,0.0453625,A,0.1
2743,6_2_Fluorotelomer_sulfonic_acid,27619-97-2,H4lle,20,96,1.05E-09,6.87E-05,0.000147232,0.457695,A,1.4
2744,8_2_Fluorotelomer_sulfonic_acid,39108-34-4,H4lle,20,96,9.20E-11,6.04E-06,0.000146368,0.0402829,A,1.4
2745,Perfluoroundecanoic_acid,2058-94-8,H4lle,20,96,7.37E-12,4.80E-07,0.000134956,0.00320181,A,0.1
2746,Perfluorooctanesulfonic_acid,1763-23-1,H4lle,20,96,7.35E-12,4.80E-07,0.000134956,0.00320181,A,-2.9
2747,Perfluoroheptanoic_acid,375-85-9,H4lle,20,96,3.98E-10,2.61E-05,0.000146328,0.173905,A,0.1
2748,Perfluoropentanoic_acid,2706-90-3,H4lle,20,96,1.85E-09,0.000121296,0.000148854,0.808642,A,0.1
2749,Perfluorohexanesulfonic_acid,355-46-4,H4lle,20,96,1.42E-09,9.25E-05,0.000147914,0.616528,A,-2.9
2750,Perfluorodecanoic_acid,335-76-2,H4lle,20,96,4.28E-12,2.76E-07,0.000126344,0.00184276,A,0.1
2751,cyclosporine A,59865-13-3,H4lle,20,96,6.21E-08,7.29E-05,0.000147312,0.485753,N,
2752,chlorpromazine,50-53-3,H4lle,20,96,5.90E-09,8.47E-07,0.00014205,0.00564771,B,9.4
2753,PBDE 47,5436-43-1,H4lle,20,96,6.29E-07,1.22E-07,0.000123285,0.000813291,N,
2754,PBDE 99,60348-60-9,H4lle,20,96,7.72E-07,4.56E-08,0.000118736,0.000304307,N,
2755,PBDE 153,68631-49-2,H4lle,20,96,8.36E-07,1.28E-08,0.000118036,8.51E-05,N,
2756,amiodarone,1951-25-3,H4lle,20,96,4.94E-08,3.85E-08,0.000104989,0.00025673,B,9
2757,Azathioprine,446-86-6,H4lle,20,96,3.37E-08,0.000149819,0.000149956,0.998796,A,8.2
2758,Benzocaine,94-09-7,H4lle,20,96,3.98E-08,0.000139309,0.000149489,0.928728,N,
2759,Butylated hydroxyanisole,25013-16-5,H4lle,20,96,7.10E-08,3.22E-05,0.000146382,0.214667,N,
2760,Cetirizine dihydrochloride,83881-52-1,H4lle,20,96,1.21E-08,0.000149323,0.000149949,0.995485,A,4.7
2761,Cyclamate,139-05-9,H4lle,20,96,4.54E-06,0.000145431,0.000145456,0.969543,B,17.6
2762,Cyclophosphamide,6055-19-2,H4lle,20,96,6.08E-08,0.000149301,0.000149902,0.995342,B,6.1
2763,Cypermethrin,67375-30-8,H4lle,20,96,5.59E-07,1.69E-07,0.000125834,0.00112507,N,
2764,DEET,134-62-3,H4lle,20,96,4.42E-08,0.000128284,0.00014907,0.855226,N,
2765,Dexamethasone,50-02-2,H4lle,20,96,4.04E-08,0.000137741,0.000149428,0.918274,N,
2766,Digoxin,20830-75-5,H4lle,20,96,3.62E-08,0.000147413,0.000149833,0.982753,N,
2767,Fenazaquin,120928-09-8,H4lle,20,96,1.84E-07,7.34E-07,0.00014121,0.00489348,N,
2768,Fenbuconazole,114369-43-6,H4lle,20,96,6.87E-08,4.57E-05,0.000146641,0.304551,N,
2769,Fluazinam,79622-59-6,H4lle,20,96,7.11E-08,8.92E-06,0.00014626,0.0594687,N,
2770,Furosemide,54-31-9,H4lle,20,96,2.64E-09,0.000134483,0.000149333,0.89655,A,3
2771,Glybenclamide,10238-21-8,H4lle,20,96,4.01E-10,1.43E-06,0.000146149,0.0095632,A,5
2772,HC Red 3,2871-01-4,H4lle,20,96,3.49E-08,0.000149807,0.000149954,0.998711,N,
2773,Hydralazine hydrochloride,304-20-1,H4lle,20,96,5.76E-08,0.000149256,0.000149902,0.995037,B,6
2774,Ketoconazole,65277-42-1,H4lle,20,96,6.02E-08,3.98E-06,0.000146441,0.0265441,B,6.6
2775,Metformin,1115-70-4,H4lle,20,96,2.01E-07,0.000149786,0.000149798,0.998574,B,9.6
2776,Metoclopramide,364-62-5,H4lle,20,96,7.86E-08,0.000100102,0.000148075,0.667346,B,9
2777,Nitrofurantoin,67-20-9,H4lle,20,96,2.99E-08,0.000149934,0.000149967,0.999562,A,7.3
2778,Oxytetracycline hydrochloride,2058-46-0,H4lle,20,96,1.05E-08,0.000149987,0.000149989,0.999912,A,4.5
2779,Panthenol,16485-10-2 ,H4lle,20,96,3.48E-08,0.000149953,0.000149964,0.999684,N,
2780,Paracetamol,103-90-2,H4lle,20,96,3.50E-08,0.000149607,0.000149943,0.997381,N,
2781,Topiramate,97240-79-4,H4lle,20,96,3.47E-08,0.000149962,0.000149965,0.999744,A,9.2
2782,Trimellitic anhydride,552-30-7,H4lle,20,96,3.44E-09,0.000145893,0.000149795,0.972617,A,3.3
2783,Verapamil hydrochloride,152-11-4,H4lle,20,96,4.94E-09,2.93E-06,0.000146551,0.0195446,B,9.2
2784,Warfarin,129-06-6,H4lle,20,96,5.05E-08,0.000110637,0.000148457,0.737579,N,
2785,Caffeine,58-08-2,SH-SY5Y,20,96,1.95E-08,0.000149884,0.000149974,0.999225,N,
2786,Lamotrigine,84057-84-1,SH-SY5Y,20,96,5.24E-08,0.00010391,0.000148234,0.692731,B,6.6
2787,Diclofenac,15307-79-6,SH-SY5Y,20,96,2.56E-06,0.000146812,0.000147405,0.978749,B,17.6
2788,"2,4-Dichlorophenoxyacetic",94-75-7,SH-SY5Y,20,96,8.11E-10,8.35E-05,0.000147646,0.556506,A,2.7
2789,(S)-Naproxen,22204-53-1,SH-SY5Y,20,96,1.84E-09,5.01E-05,0.000146771,0.333971,A,4.4
2790,Ibuprofen,15687-27-1,SH-SY5Y,20,96,1.78E-09,1.70E-05,0.000146248,0.113614,A,5.4
2791,Torasemide,56211-40-6,SH-SY5Y,20,96,9.08E-10,3.58E-05,0.000146478,0.238412,A,4
2792,Warfarin,81-81-2,SH-SY5Y,20,96,3.68E-09,9.34E-05,0.000147938,0.622359,A,4.5
2793,di-n-butylphthalate,84-74-2,SH-SY5Y,20,96,6.14E-08,2.11E-06,0.000146627,0.0140574,N,
2794,hexachlorophene,70-30-4,SH-SY5Y,20,96,6.23E-08,4.06E-08,0.000105618,0.000270597,A,6.2
2795,hexamethylenetetramine,100-97-0,SH-SY5Y,20,96,3.92E-08,0.000149771,0.000149775,0.998473,B,6.4
2796,Malathion,121-75-5,SH-SY5Y,20,96,3.42E-08,0.000118652,0.000148742,0.791015,N,
2797,pentachlorophenol,87-86-5,SH-SY5Y,20,96,4.14E-10,1.12E-06,0.000144509,0.0074599,A,5
2798,"2,2,2-trichloroethanol",115-20-8,SH-SY5Y,20,96,2.15E-08,0.000145986,0.000149556,0.973242,N,
2799,diethylphthalate,84-66-2,SH-SY5Y,20,96,3.63E-08,0.000113453,0.000148562,0.756356,N,
2800,4-chlorophenol,106-48-9,SH-SY5Y,20,96,3.50E-08,0.000116764,0.00014867,0.77843,N,
2801,permethrin,52645-53-1,SH-SY5Y,20,96,4.78E-07,2.05E-07,0.000127622,0.00136447,N,
2802,Aniline,62-53-3,SH-SY5Y,20,96,2.01E-08,0.000148894,0.000149892,0.992628,N,
2803,4-fluoroaniline,371-40-4,SH-SY5Y,20,96,2.06E-08,0.000147974,0.000149822,0.986492,N,
2804,"2,4,6-trichlorophenol",88-06-2,SH-SY5Y,20,96,1.47E-08,1.86E-05,0.000146242,0.12385,A,6.8
2805,Allyl alcohol,107-18-6,SH-SY5Y,20,96,1.95E-08,0.000149644,0.000149808,0.997629,N,
2806,N-methylaniline,100-61-8,SH-SY5Y,20,96,2.30E-08,0.000143111,0.000149469,0.954074,N,
2807,"3,4-dichloroaniline",95-76-1,SH-SY5Y,20,96,4.41E-08,9.38E-05,0.000147926,0.625555,N,
2808,4-decylaniline,37529-30-9,SH-SY5Y,20,96,4.13E-07,2.69E-07,0.000130365,0.00179023,N,
2809,naphthalene,91-20-3,SH-SY5Y,20,96,6.13E-08,4.02E-05,0.000145994,0.268084,N,
2810,"1,2,4-trichlorobenzene",120-82-1,SH-SY5Y,20,96,6.35E-08,9.05E-06,0.000141599,0.0603238,N,
2811,"1,2-dichlorobenzene",95-50-1,SH-SY5Y,20,96,5.90E-08,2.93E-05,0.000135698,0.195164,N,
2812,dichloromethane,75-09-2,SH-SY5Y,20,96,1.70E-08,0.000120232,0.000122158,0.801547,N,
2813,tetrachloroethylene,127-18-4,SH-SY5Y,20,96,5.09E-08,2.70E-05,0.000118011,0.179874,N,
2814,"2,3-dimethyl-1,3-butadiene",513-81-5,SH-SY5Y,20,96,4.14E-09,4.37E-06,1.08E-05,0.0291018,N,
2815,Eugenol F,97-53-0,SH-SY5Y,20,96,3.20E-08,0.000123818,0.000148917,0.825453,N,
2816,Methyl-antranilate,134-20-3,SH-SY5Y,20,96,2.52E-08,0.000138822,0.000149484,0.92548,N,
2817,Lilyfore,285977-85-7,SH-SY5Y,20,96,6.03E-08,4.49E-05,0.000146632,0.29934,N,
2818,Damascone beta,23726-91-2,SH-SY5Y,20,96,6.39E-08,4.59E-06,0.000146369,0.0305828,N,
2819,Veloutone,14595-54-1,SH-SY5Y,20,96,1.28E-07,9.32E-07,0.000143331,0.00621558,N,
2820,Verdox,82356-51-2,SH-SY5Y,20,96,4.60E-07,2.21E-07,0.000128367,0.00147433,N,
2821,Nirvanol,1506-02-1,SH-SY5Y,20,96,2.17E-07,5.95E-07,0.000139118,0.00396746,N,
2822,Cetalox,3738-00-9,SH-SY5Y,20,96,1.49E-07,8.24E-07,0.000142213,0.00549371,N,
2823,Tonalide,21145-77-7,SH-SY5Y,20,96,2.17E-07,5.95E-07,0.000139118,0.00396746,N,
2824,"2,4-Dinitrophenol",51-28-5,SH-SY5Y,20,96,3.96E-09,0.000143221,0.00014968,0.954804,A,4.1
2825,Aldrin,309-00-2,SH-SY5Y,20,96,4.78E-07,2.05E-07,0.000127609,0.00136433,N,
2826,Azinphos-methyl,86-50-0,SH-SY5Y,20,96,4.61E-08,8.85E-05,0.000147772,0.590152,N,
2827,Chlorpyrifos,2921-88-2,SH-SY5Y,20,96,8.33E-08,1.27E-06,0.000145543,0.00849375,N,
2828,"DDD-p,p'",50-29-3,SH-SY5Y,20,96,6.19E-07,1.02E-07,0.000122139,0.000679332,N,
2829,"DDT-o,p'",789-02-6,SH-SY5Y,20,96,5.00E-07,1.86E-07,0.000126733,0.00124061,N,
2830,"DDT-p,p'",72-54-8,SH-SY5Y,20,96,3.43E-07,3.55E-07,0.00013341,0.00236537,N,
2831,Diazinon,333-41-5,SH-SY5Y,20,96,6.60E-08,1.41E-05,0.000146221,0.0940975,N,
2832,Dicofol,115-32-2,SH-SY5Y,20,96,9.04E-08,1.20E-06,0.000145187,0.00802245,N,
2833,Dieldrin,60-57-1,SH-SY5Y,20,96,1.04E-07,1.09E-06,0.000144535,0.00728414,N,
2834,Disulfoton,298-04-4,SH-SY5Y,20,96,6.55E-08,8.71E-06,0.00014627,0.0580978,N,
2835,Endosulfan I,115-29-7,SH-SY5Y,20,96,6.60E-08,1.35E-05,0.000146222,0.089951,N,
2836,Endrin,72-20-8,SH-SY5Y,20,96,1.55E-07,7.99E-07,0.000142009,0.00532713,N,
2837,Ethion,563-12-2,SH-SY5Y,20,96,9.68E-08,1.15E-06,0.00014487,0.00764613,N,
2838,Heptachlor,76-44-8,SH-SY5Y,20,96,3.36E-07,3.64E-07,0.000133707,0.00242913,N,
2839,Heptachlor epoxide B,1024-57-3,SH-SY5Y,20,96,8.56E-08,1.25E-06,0.000145428,0.0083342,N,
2840,Lindane,58-89-9,SH-SY5Y,20,96,6.58E-08,1.72E-05,0.000146214,0.11493,N,
2841,"Methoxychlor-o,p'",72-43-5,SH-SY5Y,20,96,9.81E-08,1.14E-06,0.000144805,0.00757261,N,
2842,Parathion,56-38-2,SH-SY5Y,20,96,6.60E-08,1.35E-05,0.000146222,0.0899513,N,
2843,Trifluralin,1582-09-8,SH-SY5Y,20,96,1.38E-07,8.77E-07,0.000142825,0.00584776,N,
2844,Cisapride,81098-60-4,SH-SY5Y,20,96,2.70E-08,2.82E-05,0.000146337,0.188305,B,7.8
2845,Citalopram hydrobromide,59729-33-8,SH-SY5Y,20,96,5.95E-08,4.81E-05,0.000146702,0.320554,N,
2846,Dofetilide,115256-11-6,SH-SY5Y,20,96,4.40E-08,0.000126421,0.000148996,0.842804,B,8.4
2847,Moxifloxacin hydrochloride,186826-86-8,SH-SY5Y,20,96,1.31E-08,0.000148145,0.000149889,0.987633,A,6
2848,N-acetylpro-cainamide,32795-44-1,SH-SY5Y,20,96,7.41E-08,0.000147843,0.000149816,0.985622,B,9.2
2849,Quinidine sulfate,50-54-4,SH-SY5Y,20,96,2.71E-08,4.63E-05,0.000146662,0.308504,B,9.3
2850,Sematilide,101526-83-4,SH-SY5Y,20,96,6.86E-08,0.00014822,0.00014984,0.988137,B,9.1
2851,Sotalol hydrochloride,959-24-0,SH-SY5Y,20,96,6.45E-08,0.000149733,0.000149922,0.998219,B,9
2852,Mifepristone,84371-65-3,SH-SY5Y,20,96,7.44E-08,1.38E-06,0.000145998,0.00918319,N,
2853,Perfluorobutanesulfonic_acid,375-73-5,SH-SY5Y,20,96,1.24E-09,0.000145481,0.000149779,0.96987,A,-2.9
2854,4_2_Fluorotelomer_sulfonic_acid,757124-72-4,SH-SY5Y,20,96,1.20E-09,0.000141626,0.000149616,0.944176,A,1.4
2855,Perfluorononanoic_acid,375-95-1,SH-SY5Y,20,96,3.60E-12,4.18E-07,0.000132879,0.00278706,A,0.1
2856,Perfluorohexanoic_acid,307-24-4,SH-SY5Y,20,96,4.91E-11,5.76E-06,0.000146378,0.0384075,A,0.1
2857,Perfluorobutanoic_acid,375-22-4,SH-SY5Y,20,96,1.21E-09,0.000142376,0.000149647,0.949172,A,0.1
2858,Perfluorooctanoic_acid,335-67-1,SH-SY5Y,20,96,5.79E-11,6.80E-06,0.000146342,0.0453625,A,0.1
2859,6_2_Fluorotelomer_sulfonic_acid,27619-97-2,SH-SY5Y,20,96,5.83E-10,6.87E-05,0.000147233,0.457697,A,1.4
2860,8_2_Fluorotelomer_sulfonic_acid,39108-34-4,SH-SY5Y,20,96,5.13E-11,6.04E-06,0.000146368,0.0402829,A,1.4
2861,Perfluoroundecanoic_acid,2058-94-8,SH-SY5Y,20,96,4.12E-12,4.80E-07,0.000134956,0.00320181,A,0.1
2862,Perfluorooctanesulfonic_acid,1763-23-1,SH-SY5Y,20,96,4.10E-12,4.80E-07,0.000134956,0.00320181,A,-2.9
2863,Perfluoroheptanoic_acid,375-85-9,SH-SY5Y,20,96,2.22E-10,2.61E-05,0.000146328,0.173905,A,0.1
2864,Perfluoropentanoic_acid,2706-90-3,SH-SY5Y,20,96,1.03E-09,0.000121297,0.000148854,0.808646,A,0.1
2865,Perfluorohexanesulfonic_acid,355-46-4,SH-SY5Y,20,96,7.90E-10,9.25E-05,0.000147914,0.616531,A,-2.9
2866,Perfluorodecanoic_acid,335-76-2,SH-SY5Y,20,96,2.41E-12,2.76E-07,0.000126344,0.00184276,A,0.1
2867,cyclosporine A,59865-13-3,SH-SY5Y,20,96,5.16E-08,7.29E-05,0.000147322,0.485787,N,
2868,chlorpromazine,50-53-3,SH-SY5Y,20,96,5.16E-09,8.47E-07,0.000142051,0.00564774,B,9.4
2869,PBDE 47,5436-43-1,SH-SY5Y,20,96,5.87E-07,1.22E-07,0.000123319,0.000813518,N,
2870,PBDE 99,60348-60-9,SH-SY5Y,20,96,7.21E-07,4.57E-08,0.000118777,0.000304412,N,
2871,PBDE 153,68631-49-2,SH-SY5Y,20,96,7.81E-07,1.28E-08,0.00011808,8.51E-05,N,
2872,amiodarone,1951-25-3,SH-SY5Y,20,96,4.61E-08,3.85E-08,0.000104991,0.000256736,B,9
2873,Azathioprine,446-86-6,SH-SY5Y,20,96,1.88E-08,0.000149834,0.000149971,0.998895,A,8.2
2874,Benzocaine,94-09-7,SH-SY5Y,20,96,2.50E-08,0.000139323,0.000149504,0.92882,N,
2875,Butylated hydroxyanisole,25013-16-5,SH-SY5Y,20,96,6.35E-08,3.22E-05,0.000146389,0.214678,N,
2876,Cetirizine dihydrochloride,83881-52-1,SH-SY5Y,20,96,6.78E-09,0.000149328,0.000149954,0.995521,A,4.7
2877,Cyclamate,139-05-9,SH-SY5Y,20,96,2.57E-06,0.000147406,0.00014743,0.982704,B,17.6
2878,Cyclophosphamide,6055-19-2,SH-SY5Y,20,96,3.41E-08,0.000149328,0.000149929,0.995519,B,6.1
2879,Cypermethrin,67375-30-8,SH-SY5Y,20,96,5.22E-07,1.69E-07,0.000125865,0.00112534,N,
2880,DEET,134-62-3,SH-SY5Y,20,96,3.00E-08,0.000128296,0.000149084,0.855307,N,
2881,Dexamethasone,50-02-2,SH-SY5Y,20,96,2.57E-08,0.000137755,0.000149442,0.918364,N,
2882,Digoxin,20830-75-5,SH-SY5Y,20,96,2.09E-08,0.000147428,0.000149849,0.982853,N,
2883,Fenazaquin,120928-09-8,SH-SY5Y,20,96,1.72E-07,7.34E-07,0.000141222,0.00489388,N,
2884,Fenbuconazole,114369-43-6,SH-SY5Y,20,96,6.01E-08,4.57E-05,0.000146649,0.304569,N,
2885,Fluazinam,79622-59-6,SH-SY5Y,20,96,6.56E-08,8.92E-06,0.000146265,0.0594708,N,
2886,Furosemide,54-31-9,SH-SY5Y,20,96,1.47E-09,0.000134484,0.000149335,0.896557,A,3
2887,Glybenclamide,10238-21-8,SH-SY5Y,20,96,3.21E-10,1.43E-06,0.000146149,0.0095632,A,5
2888,HC Red 3,2871-01-4,SH-SY5Y,20,96,1.95E-08,0.000149822,0.00014997,0.998813,N,
2889,Hydralazine hydrochloride,304-20-1,SH-SY5Y,20,96,3.23E-08,0.000149281,0.000149928,0.995204,B,6
2890,Ketoconazole,65277-42-1,SH-SY5Y,20,96,5.54E-08,3.98E-06,0.000146445,0.026545,B,6.6
2891,Metformin,1115-70-4,SH-SY5Y,20,96,1.12E-07,0.000149875,0.000149887,0.999165,B,9.6
2892,Metoclopramide,364-62-5,SH-SY5Y,20,96,4.44E-08,0.000100125,0.000148109,0.667499,B,9
2893,Nitrofurantoin,67-20-9,SH-SY5Y,20,96,1.67E-08,0.000149947,0.000149981,0.99965,A,7.3
2894,Oxytetracycline hydrochloride,2058-46-0,SH-SY5Y,20,96,5.86E-09,0.000149992,0.000149994,0.999943,A,4.5
2895,Panthenol,16485-10-2 ,SH-SY5Y,20,96,1.94E-08,0.000149968,0.00014998,0.999786,N,
2896,Paracetamol,103-90-2,SH-SY5Y,20,96,1.97E-08,0.000149623,0.000149958,0.997484,N,
2897,Topiramate,97240-79-4,SH-SY5Y,20,96,1.93E-08,0.000149977,0.00014998,0.999846,A,9.2
2898,Trimellitic anhydride,552-30-7,SH-SY5Y,20,96,1.92E-09,0.000145894,0.000149796,0.972627,A,3.3
2899,Verapamil hydrochloride,152-11-4,SH-SY5Y,20,96,3.62E-09,2.93E-06,0.000146552,0.0195448,B,9.2
2900,Warfarin,129-06-6,SH-SY5Y,20,96,3.75E-08,0.000110647,0.00014847,0.737643,N,
2901,Caffeine,58-08-2,HEK293H,20,96,2.84E-08,0.000149875,0.000149965,0.999166,N,
2902,Lamotrigine,84057-84-1,HEK293H,20,96,1.58E-07,0.000103836,0.000148129,0.692242,B,6.6
2903,Diclofenac,15307-79-6,HEK293H,20,96,3.66E-06,0.00014571,0.000146298,0.9714,B,17.6
2904,"2,4-Dichlorophenoxyacetic",94-75-7,HEK293H,20,96,1.17E-09,8.35E-05,0.000147646,0.556505,A,2.7
2905,(S)-Naproxen,22204-53-1,HEK293H,20,96,2.78E-09,5.01E-05,0.00014677,0.333969,A,4.4
2906,Ibuprofen,15687-27-1,HEK293H,20,96,4.65E-09,1.70E-05,0.000146246,0.113612,A,5.4
2907,Torasemide,56211-40-6,HEK293H,20,96,1.35E-09,3.58E-05,0.000146477,0.238411,A,4
2908,Warfarin,81-81-2,HEK293H,20,96,5.41E-09,9.34E-05,0.000147936,0.622352,A,4.5
2909,di-n-butylphthalate,84-74-2,HEK293H,20,96,3.07E-07,2.11E-06,0.000146386,0.0140344,N,
2910,hexachlorophene,70-30-4,HEK293H,20,96,3.13E-07,4.05E-08,0.000105442,0.000270145,A,6.2
2911,hexamethylenetetramine,100-97-0,HEK293H,20,96,5.66E-08,0.000149754,0.000149758,0.998357,B,6.4
2912,Malathion,121-75-5,HEK293H,20,96,1.17E-07,0.000118587,0.00014866,0.790579,N,
2913,pentachlorophenol,87-86-5,HEK293H,20,96,1.86E-09,1.12E-06,0.000144508,0.00745983,A,5
2914,"2,2,2-trichloroethanol",115-20-8,HEK293H,20,96,4.06E-08,0.000145968,0.000149537,0.973118,N,
2915,diethylphthalate,84-66-2,HEK293H,20,96,1.30E-07,0.000113382,0.000148469,0.755883,N,
2916,4-chlorophenol,106-48-9,HEK293H,20,96,1.22E-07,0.000116697,0.000148584,0.77798,N,
2917,permethrin,52645-53-1,HEK293H,20,96,2.38E-06,2.02E-07,0.000126003,0.00134715,N,
2918,Aniline,62-53-3,HEK293H,20,96,3.19E-08,0.000148883,0.000149881,0.99255,N,
2919,4-fluoroaniline,371-40-4,HEK293H,20,96,3.49E-08,0.00014796,0.000149807,0.986398,N,
2920,"2,4,6-trichlorophenol",88-06-2,HEK293H,20,96,6.69E-08,1.86E-05,0.000146192,0.123807,A,6.8
2921,Allyl alcohol,107-18-6,HEK293H,20,96,2.87E-08,0.000149635,0.000149798,0.997568,N,
2922,N-methylaniline,100-61-8,HEK293H,20,96,4.94E-08,0.000143086,0.000149443,0.953906,N,
2923,"3,4-dichloroaniline",95-76-1,HEK293H,20,96,1.78E-07,9.37E-05,0.000147794,0.624997,N,
2924,4-decylaniline,37529-30-9,HEK293H,20,96,2.05E-06,2.66E-07,0.000128935,0.00177059,N,
2925,naphthalene,91-20-3,HEK293H,20,96,2.89E-07,4.02E-05,0.000145772,0.267676,N,
2926,"1,2,4-trichlorobenzene",120-82-1,HEK293H,20,96,3.15E-07,9.03E-06,0.000141361,0.0602227,N,
2927,"1,2-dichlorobenzene",95-50-1,HEK293H,20,96,2.83E-07,2.92E-05,0.000135496,0.194874,N,
2928,dichloromethane,75-09-2,HEK293H,20,96,2.99E-08,0.000120223,0.000122148,0.801486,N,
2929,tetrachloroethylene,127-18-4,HEK293H,20,96,2.43E-07,2.69E-05,0.000117861,0.179645,N,
2930,"2,3-dimethyl-1,3-butadiene",513-81-5,HEK293H,20,96,1.88E-08,4.37E-06,1.08E-05,0.0291002,N,
2931,Eugenol F,97-53-0,HEK293H,20,96,1.03E-07,0.000123759,0.000148846,0.82506,N,
2932,Methyl-antranilate,134-20-3,HEK293H,20,96,6.25E-08,0.000138787,0.000149447,0.92525,N,
2933,Lilyfore,285977-85-7,HEK293H,20,96,2.82E-07,4.48E-05,0.000146415,0.298897,N,
2934,Damascone beta,23726-91-2,HEK293H,20,96,3.19E-07,4.58E-06,0.00014612,0.0305308,N,
2935,Veloutone,14595-54-1,HEK293H,20,96,6.41E-07,9.29E-07,0.000142841,0.0061943,N,
2936,Verdox,82356-51-2,HEK293H,20,96,2.29E-06,2.18E-07,0.0001268,0.00145633,N,
2937,Nirvanol,1506-02-1,HEK293H,20,96,1.08E-06,5.92E-07,0.000138313,0.00394451,N,
2938,Cetalox,3738-00-9,HEK293H,20,96,7.48E-07,8.21E-07,0.000141644,0.00547175,N,
2939,Tonalide,21145-77-7,HEK293H,20,96,1.08E-06,5.92E-07,0.000138313,0.00394451,N,
2940,"2,4-Dinitrophenol",51-28-5,HEK293H,20,96,5.72E-09,0.000143219,0.000149678,0.954793,A,4.1
2941,Aldrin,309-00-2,HEK293H,20,96,2.38E-06,2.02E-07,0.00012599,0.00134702,N,
2942,Azinphos-methyl,86-50-0,HEK293H,20,96,1.90E-07,8.84E-05,0.000147629,0.589583,N,
2943,Chlorpyrifos,2921-88-2,HEK293H,20,96,4.18E-07,1.27E-06,0.000145219,0.0084748,N,
2944,"DDD-p,p'",50-29-3,HEK293H,20,96,3.06E-06,1.00E-07,0.000120142,0.000668224,N,
2945,"DDT-o,p'",789-02-6,HEK293H,20,96,2.48E-06,1.84E-07,0.000125053,0.00122417,N,
2946,"DDT-p,p'",72-54-8,HEK293H,20,96,1.71E-06,3.52E-07,0.000132193,0.0023438,N,
2947,Diazinon,333-41-5,HEK293H,20,96,3.25E-07,1.41E-05,0.000145968,0.0939352,N,
2948,Dicofol,115-32-2,HEK293H,20,96,4.53E-07,1.20E-06,0.000144836,0.00800303,N,
2949,Dieldrin,60-57-1,HEK293H,20,96,5.19E-07,1.09E-06,0.000144135,0.00726395,N,
2950,Disulfoton,298-04-4,HEK293H,20,96,3.25E-07,8.70E-06,0.000146017,0.0579973,N,
2951,Endosulfan I,115-29-7,HEK293H,20,96,3.25E-07,1.35E-05,0.000145969,0.0897956,N,
2952,Endrin,72-20-8,HEK293H,20,96,7.78E-07,7.96E-07,0.000141419,0.005305,N,
2953,Ethion,563-12-2,HEK293H,20,96,4.85E-07,1.14E-06,0.000144495,0.00762633,N,
2954,Heptachlor,76-44-8,HEK293H,20,96,1.67E-06,3.61E-07,0.000132511,0.00240741,N,
2955,Heptachlor epoxide B,1024-57-3,HEK293H,20,96,4.29E-07,1.25E-06,0.000145094,0.0083151,N,
2956,Lindane,58-89-9,HEK293H,20,96,3.23E-07,1.72E-05,0.000145964,0.114733,N,
2957,"Methoxychlor-o,p'",72-43-5,HEK293H,20,96,4.92E-07,1.13E-06,0.000144425,0.00755273,N,
2958,Parathion,56-38-2,HEK293H,20,96,3.25E-07,1.35E-05,0.00014597,0.0897959,N,
2959,Trifluralin,1582-09-8,HEK293H,20,96,6.93E-07,8.74E-07,0.000142297,0.00582611,N,
2960,Cisapride,81098-60-4,HEK293H,20,96,1.03E-07,2.82E-05,0.000146262,0.188209,B,7.8
2961,Citalopram hydrobromide,59729-33-8,HEK293H,20,96,2.76E-07,4.80E-05,0.00014649,0.32009,N,
2962,Dofetilide,115256-11-6,HEK293H,20,96,6.90E-08,0.000126399,0.000148971,0.842663,B,8.4
2963,Moxifloxacin hydrochloride,186826-86-8,HEK293H,20,96,1.91E-08,0.000148139,0.000149883,0.987593,A,6
2964,N-acetylpro-cainamide,32795-44-1,HEK293H,20,96,1.07E-07,0.000147811,0.000149783,0.985405,B,9.2
2965,Quinidine sulfate,50-54-4,HEK293H,20,96,4.52E-08,4.63E-05,0.000146644,0.308466,B,9.3
2966,Sematilide,101526-83-4,HEK293H,20,96,9.92E-08,0.00014819,0.000149809,0.987935,B,9.1
2967,Sotalol hydrochloride,959-24-0,HEK293H,20,96,9.31E-08,0.000149704,0.000149894,0.998028,B,9
2968,Mifepristone,84371-65-3,HEK293H,20,96,3.73E-07,1.37E-06,0.000145707,0.00916492,N,
2969,Perfluorobutanesulfonic_acid,375-73-5,HEK293H,20,96,1.79E-09,0.00014548,0.000149778,0.969866,A,-2.9
2970,4_2_Fluorotelomer_sulfonic_acid,757124-72-4,HEK293H,20,96,1.74E-09,0.000141626,0.000149616,0.944173,A,1.4
2971,Perfluorononanoic_acid,375-95-1,HEK293H,20,96,5.34E-12,4.18E-07,0.000132879,0.00278706,A,0.1
2972,Perfluorohexanoic_acid,307-24-4,HEK293H,20,96,7.08E-11,5.76E-06,0.000146378,0.0384075,A,0.1
2973,Perfluorobutanoic_acid,375-22-4,HEK293H,20,96,1.75E-09,0.000142375,0.000149647,0.949168,A,0.1
2974,Perfluorooctanoic_acid,335-67-1,HEK293H,20,96,8.37E-11,6.80E-06,0.000146342,0.0453625,A,0.1
2975,6_2_Fluorotelomer_sulfonic_acid,27619-97-2,HEK293H,20,96,8.42E-10,6.87E-05,0.000147233,0.457696,A,1.4
2976,8_2_Fluorotelomer_sulfonic_acid,39108-34-4,HEK293H,20,96,7.43E-11,6.04E-06,0.000146368,0.0402829,A,1.4
2977,Perfluoroundecanoic_acid,2058-94-8,HEK293H,20,96,6.08E-12,4.80E-07,0.000134956,0.00320181,A,0.1
2978,Perfluorooctanesulfonic_acid,1763-23-1,HEK293H,20,96,5.92E-12,4.80E-07,0.000134956,0.00320181,A,-2.9
2979,Perfluoroheptanoic_acid,375-85-9,HEK293H,20,96,3.21E-10,2.61E-05,0.000146328,0.173905,A,0.1
2980,Perfluoropentanoic_acid,2706-90-3,HEK293H,20,96,1.49E-09,0.000121297,0.000148854,0.808644,A,0.1
2981,Perfluorohexanesulfonic_acid,355-46-4,HEK293H,20,96,1.14E-09,9.25E-05,0.000147914,0.616529,A,-2.9
2982,Perfluorodecanoic_acid,335-76-2,HEK293H,20,96,3.68E-12,2.76E-07,0.000126344,0.00184276,A,0.1
2983,cyclosporine A,59865-13-3,HEK293H,20,96,2.26E-07,7.28E-05,0.000147151,0.485223,N,
2984,chlorpromazine,50-53-3,HEK293H,20,96,2.41E-08,8.47E-07,0.000142033,0.00564703,B,9.4
2985,PBDE 47,5436-43-1,HEK293H,20,96,2.91E-06,1.20E-07,0.000121405,0.000800889,N,
2986,PBDE 99,60348-60-9,HEK293H,20,96,3.56E-06,4.48E-08,0.00011652,0.000298627,N,
2987,PBDE 153,68631-49-2,HEK293H,20,96,3.85E-06,1.25E-08,0.000115655,8.33E-05,N,
2988,amiodarone,1951-25-3,HEK293H,20,96,2.31E-07,3.85E-08,0.000104861,0.000256418,B,9
2989,Azathioprine,446-86-6,HEK293H,20,96,2.76E-08,0.000149826,0.000149962,0.998837,A,8.2
2990,Benzocaine,94-09-7,HEK293H,20,96,6.11E-08,0.000139289,0.000149468,0.928596,N,
2991,Butylated hydroxyanisole,25013-16-5,HEK293H,20,96,3.04E-07,3.22E-05,0.000146155,0.214334,N,
2992,Cetirizine dihydrochloride,83881-52-1,HEK293H,20,96,9.79E-09,0.000149325,0.000149951,0.995501,A,4.7
2993,Cyclamate,139-05-9,HEK293H,20,96,3.68E-06,0.000146294,0.000146319,0.975296,B,17.6
2994,Cyclophosphamide,6055-19-2,HEK293H,20,96,5.10E-08,0.000149311,0.000149912,0.995407,B,6.1
2995,Cypermethrin,67375-30-8,HEK293H,20,96,2.59E-06,1.66E-07,0.000124126,0.00110979,N,
2996,DEET,134-62-3,HEK293H,20,96,9.15E-08,0.000128243,0.000149023,0.854956,N,
2997,Dexamethasone,50-02-2,HEK293H,20,96,6.55E-08,0.000137718,0.000149403,0.918121,N,
2998,Digoxin,20830-75-5,HEK293H,20,96,3.68E-08,0.000147412,0.000149833,0.982749,N,
2999,Fenazaquin,120928-09-8,HEK293H,20,96,8.60E-07,7.31E-07,0.000140573,0.0048714,N,
3000,Fenbuconazole,114369-43-6,HEK293H,20,96,2.81E-07,4.56E-05,0.000146434,0.30412,N,
3001,Fluazinam,79622-59-6,HEK293H,20,96,3.25E-07,8.91E-06,0.000146012,0.0593679,N,
3002,Furosemide,54-31-9,HEK293H,20,96,2.12E-09,0.000134483,0.000149334,0.896554,A,3
3003,Glybenclamide,10238-21-8,HEK293H,20,96,1.33E-09,1.43E-06,0.000146148,0.00956314,A,5
3004,HC Red 3,2871-01-4,HEK293H,20,96,2.87E-08,0.000149813,0.000149961,0.998752,N,
3005,Hydralazine hydrochloride,304-20-1,HEK293H,20,96,4.85E-08,0.000149265,0.000149911,0.995097,B,6
3006,Ketoconazole,65277-42-1,HEK293H,20,96,2.74E-07,3.98E-06,0.000146232,0.0265062,B,6.6
3007,Metformin,1115-70-4,HEK293H,20,96,1.62E-07,0.000149825,0.000149837,0.998834,B,9.6
3008,Metoclopramide,364-62-5,HEK293H,20,96,6.84E-08,0.000100109,0.000148085,0.667392,B,9
3009,Nitrofurantoin,67-20-9,HEK293H,20,96,2.41E-08,0.00014994,0.000149973,0.9996,A,7.3
3010,Oxytetracycline hydrochloride,2058-46-0,HEK293H,20,96,8.46E-09,0.000149989,0.000149991,0.999926,A,4.5
3011,Panthenol,16485-10-2 ,HEK293H,20,96,2.81E-08,0.000149959,0.000149971,0.999729,N,
3012,Paracetamol,103-90-2,HEK293H,20,96,2.94E-08,0.000149613,0.000149948,0.997419,N,
3013,Topiramate,97240-79-4,HEK293H,20,96,2.79E-08,0.000149968,0.000149972,0.999789,A,9.2
3014,Trimellitic anhydride,552-30-7,HEK293H,20,96,2.77E-09,0.000145893,0.000149796,0.972622,A,3.3
3015,Verapamil hydrochloride,152-11-4,HEK293H,20,96,1.30E-08,2.93E-06,0.000146543,0.0195435,B,9.2
3016,Warfarin,129-06-6,HEK293H,20,96,1.37E-07,0.000110573,0.000148371,0.737153,N,
3017,Caffeine,58-08-2,Rat cerebellar granule cell,2,384,4.61E-09,4.00E-05,4.00E-05,0.999717,N,
3018,Lamotrigine,84057-84-1,Rat cerebellar granule cell,2,384,1.43E-06,3.57E-05,3.72E-05,0.891381,B,6.6
3019,Diclofenac,15307-79-6,Rat cerebellar granule cell,2,384,4.54E-08,3.99E-05,3.99E-05,0.997862,B,17.6
3020,"2,4-Dichlorophenoxyacetic",94-75-7,Rat cerebellar granule cell,2,384,3.44E-11,3.50E-05,3.77E-05,0.874361,A,2.7
3021,(S)-Naproxen,22204-53-1,Rat cerebellar granule cell,2,384,3.70E-09,2.97E-05,3.55E-05,0.743057,A,4.4
3022,Ibuprofen,15687-27-1,Rat cerebellar granule cell,2,384,1.07E-07,1.75E-05,3.08E-05,0.437484,A,5.4
3023,Torasemide,56211-40-6,Rat cerebellar granule cell,2,384,1.48E-09,2.59E-05,3.39E-05,0.648068,A,4
3024,Warfarin,81-81-2,Rat cerebellar granule cell,2,384,2.04E-09,3.60E-05,3.81E-05,0.90026,A,4.5
3025,di-n-butylphthalate,84-74-2,Rat cerebellar granule cell,2,384,1.23E-05,2.40E-06,1.88E-05,0.0599127,N,
3026,hexachlorophene,70-30-4,Rat cerebellar granule cell,2,384,3.27E-06,1.29E-08,3.37E-06,0.000322314,A,6.2
3027,hexamethylenetetramine,100-97-0,Rat cerebellar granule cell,2,384,9.27E-10,3.99E-05,3.99E-05,0.998382,B,6.4
3028,Malathion,121-75-5,Rat cerebellar granule cell,2,384,1.07E-06,3.71E-05,3.80E-05,0.927142,N,
3029,pentachlorophenol,87-86-5,Rat cerebellar granule cell,2,384,8.61E-08,1.57E-06,2.17E-05,0.0392162,A,5
3030,"2,2,2-trichloroethanol",115-20-8,Rat cerebellar granule cell,2,384,1.31E-07,3.96E-05,3.97E-05,0.989266,N,
3031,diethylphthalate,84-66-2,Rat cerebellar granule cell,2,384,1.26E-06,3.65E-05,3.77E-05,0.913412,N,
3032,4-chlorophenol,106-48-9,Rat cerebellar granule cell,2,384,1.14E-06,3.69E-05,3.79E-05,0.922191,N,
3033,permethrin,52645-53-1,Rat cerebellar granule cell,2,384,2.22E-05,5.60E-08,3.54E-06,0.00140082,N,
3034,Aniline,62-53-3,Rat cerebellar granule cell,2,384,4.01E-08,3.99E-05,3.99E-05,0.997148,N,
3035,4-fluoroaniline,371-40-4,Rat cerebellar granule cell,2,384,7.09E-08,3.98E-05,3.98E-05,0.994876,N,
3036,"2,4,6-trichlorophenol",88-06-2,Rat cerebellar granule cell,2,384,2.15E-06,1.75E-05,2.95E-05,0.437199,A,6.8
3037,Allyl alcohol,107-18-6,Rat cerebellar granule cell,2,384,7.75E-09,3.99E-05,3.99E-05,0.99813,N,
3038,N-methylaniline,100-61-8,Rat cerebellar granule cell,2,384,2.26E-07,3.93E-05,3.95E-05,0.98319,N,
3039,"3,4-dichloroaniline",95-76-1,Rat cerebellar granule cell,2,384,2.10E-06,3.42E-05,3.61E-05,0.854448,N,
3040,4-decylaniline,37529-30-9,Rat cerebellar granule cell,2,384,2.18E-05,8.31E-08,4.11E-06,0.00207726,N,
3041,naphthalene,91-20-3,Rat cerebellar granule cell,2,384,5.79E-06,2.31E-05,2.92E-05,0.577693,N,
3042,"1,2,4-trichlorobenzene",120-82-1,Rat cerebellar granule cell,2,384,9.25E-06,7.54E-06,1.86E-05,0.188574,N,
3043,"1,2-dichlorobenzene",95-50-1,Rat cerebellar granule cell,2,384,5.52E-06,1.63E-05,2.23E-05,0.408319,N,
3044,dichloromethane,75-09-2,Rat cerebellar granule cell,2,384,6.88E-08,3.07E-05,3.08E-05,0.767855,N,
3045,tetrachloroethylene,127-18-4,Rat cerebellar granule cell,2,384,3.84E-06,1.22E-05,1.63E-05,0.304058,N,
3046,"2,3-dimethyl-1,3-butadiene",513-81-5,Rat cerebellar granule cell,2,384,1.39E-07,9.45E-07,1.09E-06,0.0236211,N,
3047,Eugenol F,97-53-0,Rat cerebellar granule cell,2,384,8.79E-07,3.76E-05,3.84E-05,0.940094,N,
3048,Methyl-antranilate,134-20-3,Rat cerebellar granule cell,2,384,3.72E-07,3.90E-05,3.93E-05,0.975053,N,
3049,Lilyfore,285977-85-7,Rat cerebellar granule cell,2,384,5.39E-06,2.47E-05,3.03E-05,0.617541,N,
3050,Damascone beta,23726-91-2,Rat cerebellar granule cell,2,384,1.17E-05,4.78E-06,1.95E-05,0.119449,N,
3051,Veloutone,14595-54-1,Rat cerebellar granule cell,2,384,1.68E-05,7.04E-07,1.15E-05,0.0175989,N,
3052,Verdox,82356-51-2,Rat cerebellar granule cell,2,384,2.21E-05,6.25E-08,3.69E-06,0.00156336,N,
3053,Nirvanol,1506-02-1,Rat cerebellar granule cell,2,384,1.94E-05,3.08E-07,7.49E-06,0.00771149,N,
3054,Cetalox,3738-00-9,Rat cerebellar granule cell,2,384,1.76E-05,5.59E-07,1.02E-05,0.0139753,N,
3055,Tonalide,21145-77-7,Rat cerebellar granule cell,2,384,1.94E-05,3.08E-07,7.49E-06,0.00771149,N,
3056,"2,4-Dinitrophenol",51-28-5,Rat cerebellar granule cell,2,384,1.32E-10,3.96E-05,3.98E-05,0.990344,A,4.1
3057,Aldrin,309-00-2,Rat cerebellar granule cell,2,384,2.22E-05,5.60E-08,3.54E-06,0.00140063,N,
3058,Azinphos-methyl,86-50-0,Rat cerebellar granule cell,2,384,2.36E-06,3.34E-05,3.57E-05,0.83614,N,
3059,Chlorpyrifos,2921-88-2,Rat cerebellar granule cell,2,384,1.44E-05,1.25E-06,1.54E-05,0.0313393,N,
3060,"DDD-p,p'",50-29-3,Rat cerebellar granule cell,2,384,2.30E-05,2.25E-08,2.72E-06,0.000563414,N,
3061,"DDT-o,p'",789-02-6,Rat cerebellar granule cell,2,384,2.24E-05,4.91E-08,3.39E-06,0.00122729,N,
3062,"DDT-p,p'",72-54-8,Rat cerebellar granule cell,2,384,2.12E-05,1.28E-07,4.93E-06,0.00319963,N,
3063,Diazinon,333-41-5,Rat cerebellar granule cell,2,384,9.62E-06,1.19E-05,2.30E-05,0.296726,N,
3064,Dicofol,115-32-2,Rat cerebellar granule cell,2,384,1.48E-05,1.13E-06,1.46E-05,0.0282382,N,
3065,Dieldrin,60-57-1,Rat cerebellar granule cell,2,384,1.56E-05,9.45E-07,1.34E-05,0.0236361,N,
3066,Disulfoton,298-04-4,Rat cerebellar granule cell,2,384,1.08E-05,8.18E-06,2.11E-05,0.204508,N,
3067,Endosulfan I,115-29-7,Rat cerebellar granule cell,2,384,9.74E-06,1.15E-05,2.28E-05,0.286978,N,
3068,Endrin,72-20-8,Rat cerebellar granule cell,2,384,1.79E-05,5.28E-07,9.87E-06,0.0132093,N,
3069,Ethion,563-12-2,Rat cerebellar granule cell,2,384,1.53E-05,1.03E-06,1.40E-05,0.0258517,N,
3070,Heptachlor,76-44-8,Rat cerebellar granule cell,2,384,2.11E-05,1.34E-07,5.02E-06,0.00333953,N,
3071,Heptachlor epoxide B,1024-57-3,Rat cerebellar granule cell,2,384,1.45E-05,1.21E-06,1.52E-05,0.0302762,N,
3072,Lindane,58-89-9,Rat cerebellar granule cell,2,384,9.03E-06,1.37E-05,2.40E-05,0.342726,N,
3073,"Methoxychlor-o,p'",72-43-5,Rat cerebellar granule cell,2,384,1.53E-05,1.02E-06,1.39E-05,0.0253952,N,
3074,Parathion,56-38-2,Rat cerebellar granule cell,2,384,9.74E-06,1.15E-05,2.28E-05,0.286982,N,
3075,Trifluralin,1582-09-8,Rat cerebellar granule cell,2,384,1.73E-05,6.28E-07,1.08E-05,0.0157085,N,
3076,Cisapride,81098-60-4,Rat cerebellar granule cell,2,384,2.49E-06,2.18E-05,3.09E-05,0.54424,B,7.8
3077,Citalopram hydrobromide,59729-33-8,Rat cerebellar granule cell,2,384,5.09E-06,2.56E-05,3.08E-05,0.639495,N,
3078,Dofetilide,115256-11-6,Rat cerebellar granule cell,2,384,8.65E-08,3.85E-05,3.92E-05,0.963288,B,8.4
3079,Moxifloxacin hydrochloride,186826-86-8,Rat cerebellar granule cell,2,384,2.74E-09,3.99E-05,3.99E-05,0.997194,A,6
3080,N-acetylpro-cainamide,32795-44-1,Rat cerebellar granule cell,2,384,3.90E-09,3.99E-05,3.99E-05,0.996823,B,9.2
3081,Quinidine sulfate,50-54-4,Rat cerebellar granule cell,2,384,1.93E-07,2.87E-05,3.49E-05,0.717753,B,9.3
3082,Sematilide,101526-83-4,Rat cerebellar granule cell,2,384,3.59E-09,3.99E-05,3.99E-05,0.997358,B,9.1
3083,Sotalol hydrochloride,959-24-0,Rat cerebellar granule cell,2,384,1.49E-09,4.00E-05,4.00E-05,0.999625,B,9
3084,Mifepristone,84371-65-3,Rat cerebellar granule cell,2,384,1.36E-05,1.44E-06,1.66E-05,0.0360809,N,
3085,Perfluorobutanesulfonic_acid,375-73-5,Rat cerebellar granule cell,2,384,2.22E-11,3.97E-05,3.99E-05,0.993505,A,-2.9
3086,4_2_Fluorotelomer_sulfonic_acid,757124-72-4,Rat cerebellar granule cell,2,384,2.21E-11,3.95E-05,3.97E-05,0.988098,A,1.4
3087,Perfluorononanoic_acid,375-95-1,Rat cerebellar granule cell,2,384,5.19E-12,3.08E-07,1.01E-05,0.0077067,A,0.1
3088,Perfluorohexanoic_acid,307-24-4,Rat cerebellar granule cell,2,384,6.30E-12,8.11E-06,2.79E-05,0.202806,A,0.1
3089,Perfluorobutanoic_acid,375-22-4,Rat cerebellar granule cell,2,384,2.20E-11,3.96E-05,3.98E-05,0.989155,A,0.1
3090,Perfluorooctanoic_acid,335-67-1,Rat cerebellar granule cell,2,384,6.88E-12,9.25E-06,2.82E-05,0.23121,A,0.1
3091,6_2_Fluorotelomer_sulfonic_acid,27619-97-2,Rat cerebellar granule cell,2,384,2.05E-11,3.31E-05,3.68E-05,0.826463,A,1.4
3092,8_2_Fluorotelomer_sulfonic_acid,39108-34-4,Rat cerebellar granule cell,2,384,1.34E-11,8.43E-06,2.80E-05,0.210648,A,1.4
3093,Perfluoroundecanoic_acid,2058-94-8,Rat cerebellar granule cell,2,384,5.00E-12,3.87E-07,1.12E-05,0.00968525,A,0.1
3094,Perfluorooctanesulfonic_acid,1763-23-1,Rat cerebellar granule cell,2,384,2.22E-13,3.87E-07,1.12E-05,0.00968525,A,-2.9
3095,Perfluoroheptanoic_acid,375-85-9,Rat cerebellar granule cell,2,384,1.34E-11,2.23E-05,3.26E-05,0.557226,A,0.1
3096,Perfluoropentanoic_acid,2706-90-3,Rat cerebellar granule cell,2,384,2.14E-11,3.83E-05,3.91E-05,0.956859,A,0.1
3097,Perfluorohexanesulfonic_acid,355-46-4,Rat cerebellar granule cell,2,384,2.01E-11,3.59E-05,3.81E-05,0.898161,A,-2.9
3098,Perfluorodecanoic_acid,335-76-2,Rat cerebellar granule cell,2,384,5.67E-12,1.60E-07,7.47E-06,0.00400854,A,0.1
3099,cyclosporine A,59865-13-3,Rat cerebellar granule cell,2,384,3.23E-06,3.10E-05,3.41E-05,0.773976,N,
3100,chlorpromazine,50-53-3,Rat cerebellar granule cell,2,384,9.35E-07,9.79E-07,1.73E-05,0.0244796,B,9.4
3101,PBDE 47,5436-43-1,Rat cerebellar granule cell,2,384,2.28E-05,2.82E-08,2.87E-06,0.000704537,N,
3102,PBDE 99,60348-60-9,Rat cerebellar granule cell,2,384,2.35E-05,8.95E-09,2.34E-06,0.000223848,N,
3103,PBDE 153,68631-49-2,Rat cerebellar granule cell,2,384,2.39E-05,2.40E-09,2.22E-06,5.99E-05,N,
3104,amiodarone,1951-25-3,Rat cerebellar granule cell,2,384,2.43E-06,1.24E-08,3.38E-06,0.000308815,B,9
3105,Azathioprine,446-86-6,Rat cerebellar granule cell,2,384,5.78E-09,4.00E-05,4.00E-05,0.999607,A,8.2
3106,Benzocaine,94-09-7,Rat cerebellar granule cell,2,384,3.55E-07,3.90E-05,3.93E-05,0.976164,N,
3107,Butylated hydroxyanisole,25013-16-5,Rat cerebellar granule cell,2,384,6.79E-06,2.06E-05,2.78E-05,0.513913,N,
3108,Cetirizine dihydrochloride,83881-52-1,Rat cerebellar granule cell,2,384,1.58E-10,4.00E-05,4.00E-05,0.998957,A,4.7
3109,Cyclamate,139-05-9,Rat cerebellar granule cell,2,384,4.55E-08,4.00E-05,4.00E-05,0.998812,B,17.6
3110,Cyclophosphamide,6055-19-2,Rat cerebellar granule cell,2,384,2.42E-08,3.99E-05,4.00E-05,0.998402,B,6.1
3111,Cypermethrin,67375-30-8,Rat cerebellar granule cell,2,384,2.25E-05,4.30E-08,3.24E-06,0.00107483,N,
3112,DEET,134-62-3,Rat cerebellar granule cell,2,384,7.23E-07,3.80E-05,3.87E-05,0.950955,N,
3113,Dexamethasone,50-02-2,Rat cerebellar granule cell,2,384,4.07E-07,3.89E-05,3.92E-05,0.972679,N,
3114,Digoxin,20830-75-5,Rat cerebellar granule cell,2,384,9.12E-08,3.98E-05,3.98E-05,0.994005,N,
3115,Fenazaquin,120928-09-8,Rat cerebellar granule cell,2,384,1.84E-05,4.52E-07,9.10E-06,0.0112928,N,
3116,Fenbuconazole,114369-43-6,Rat cerebellar granule cell,2,384,5.31E-06,2.49E-05,3.04E-05,0.623081,N,
3117,Fluazinam,79622-59-6,Rat cerebellar granule cell,2,384,1.07E-05,8.33E-06,2.12E-05,0.208372,N,
3118,Furosemide,54-31-9,Rat cerebellar granule cell,2,384,3.27E-11,3.91E-05,3.95E-05,0.977759,A,3
3119,Glybenclamide,10238-21-8,Rat cerebellar granule cell,2,384,6.75E-08,2.29E-06,2.54E-05,0.0572042,A,5
3120,HC Red 3,2871-01-4,Rat cerebellar granule cell,2,384,7.11E-09,4.00E-05,4.00E-05,0.999556,N,
3121,Hydralazine hydrochloride,304-20-1,Rat cerebellar granule cell,2,384,2.61E-08,3.99E-05,3.99E-05,0.998282,B,6
3122,Ketoconazole,65277-42-1,Rat cerebellar granule cell,2,384,1.06E-05,4.41E-06,2.02E-05,0.110175,B,6.6
3123,Metformin,1115-70-4,Rat cerebellar granule cell,2,384,1.97E-09,4.00E-05,4.00E-05,0.999925,B,9.6
3124,Metoclopramide,364-62-5,Rat cerebellar granule cell,2,384,8.19E-08,3.66E-05,3.83E-05,0.914181,B,9
3125,Nitrofurantoin,67-20-9,Rat cerebellar granule cell,2,384,1.04E-09,4.00E-05,4.00E-05,0.999908,A,7.3
3126,Oxytetracycline hydrochloride,2058-46-0,Rat cerebellar granule cell,2,384,1.02E-10,4.00E-05,4.00E-05,0.999992,A,4.5
3127,Panthenol,16485-10-2 ,Rat cerebellar granule cell,2,384,9.78E-10,4.00E-05,4.00E-05,0.999951,N,
3128,Paracetamol,103-90-2,Rat cerebellar granule cell,2,384,1.48E-08,4.00E-05,4.00E-05,0.999055,N,
3129,Topiramate,97240-79-4,Rat cerebellar granule cell,2,384,5.38E-10,4.00E-05,4.00E-05,0.999979,A,9.2
3130,Trimellitic anhydride,552-30-7,Rat cerebellar granule cell,2,384,3.72E-11,3.98E-05,3.99E-05,0.994083,A,3.3
3131,Verapamil hydrochloride,152-11-4,Rat cerebellar granule cell,2,384,5.89E-07,4.54E-06,2.68E-05,0.113462,B,9.2
3132,Warfarin,129-06-6,Rat cerebellar granule cell,2,384,1.37E-06,3.62E-05,3.75E-05,0.905733,N,
3133,Caffeine,58-08-2,Balbc_3T3,2,384,6.27E-09,4.00E-05,4.00E-05,0.999676,N,
3134,Lamotrigine,84057-84-1,Balbc_3T3,2,384,1.86E-07,3.68E-05,3.84E-05,0.920139,B,6.6
3135,Diclofenac,15307-79-6,Balbc_3T3,2,384,7.61E-07,3.92E-05,3.92E-05,0.979993,B,17.6
3136,"2,4-Dichlorophenoxyacetic",94-75-7,Balbc_3T3,2,384,3.80E-10,3.50E-05,3.77E-05,0.874354,A,2.7
3137,(S)-Naproxen,22204-53-1,Balbc_3T3,2,384,1.62E-09,2.97E-05,3.55E-05,0.743096,A,4.4
3138,Ibuprofen,15687-27-1,Balbc_3T3,2,384,1.40E-08,1.75E-05,3.08E-05,0.438499,A,5.4
3139,Torasemide,56211-40-6,Balbc_3T3,2,384,8.95E-10,2.59E-05,3.39E-05,0.648078,A,4
3140,Warfarin,81-81-2,Balbc_3T3,2,384,1.80E-09,3.60E-05,3.81E-05,0.900266,A,4.5
3141,di-n-butylphthalate,84-74-2,Balbc_3T3,2,384,2.00E-06,3.28E-06,2.58E-05,0.0820531,N,
3142,hexachlorophene,70-30-4,Balbc_3T3,2,384,4.34E-07,1.39E-08,3.63E-06,0.000347159,A,6.2
3143,hexamethylenetetramine,100-97-0,Balbc_3T3,2,384,1.17E-08,3.99E-05,3.99E-05,0.998114,B,6.4
3144,Malathion,121-75-5,Balbc_3T3,2,384,1.34E-07,3.80E-05,3.89E-05,0.949353,N,
3145,pentachlorophenol,87-86-5,Balbc_3T3,2,384,1.04E-08,1.57E-06,2.17E-05,0.0392906,A,5
3146,"2,2,2-trichloroethanol",115-20-8,Balbc_3T3,2,384,2.11E-08,3.97E-05,3.98E-05,0.991993,N,
3147,diethylphthalate,84-66-2,Balbc_3T3,2,384,1.59E-07,3.76E-05,3.87E-05,0.939469,N,
3148,4-chlorophenol,106-48-9,Balbc_3T3,2,384,1.43E-07,3.78E-05,3.89E-05,0.945783,N,
3149,permethrin,52645-53-1,Balbc_3T3,2,384,5.29E-06,1.10E-07,6.93E-06,0.00273872,N,
3150,Aniline,62-53-3,Balbc_3T3,2,384,1.04E-08,3.99E-05,3.99E-05,0.997888,N,
3151,4-fluoroaniline,371-40-4,Balbc_3T3,2,384,1.40E-08,3.99E-05,3.99E-05,0.996293,N,
3152,"2,4,6-trichlorophenol",88-06-2,Balbc_3T3,2,384,2.69E-07,1.84E-05,3.10E-05,0.45889,A,6.8
3153,Allyl alcohol,107-18-6,Balbc_3T3,2,384,6.63E-09,3.99E-05,3.99E-05,0.998158,N,
3154,N-methylaniline,100-61-8,Balbc_3T3,2,384,3.23E-08,3.95E-05,3.97E-05,0.987977,N,
3155,"3,4-dichloroaniline",95-76-1,Balbc_3T3,2,384,2.65E-07,3.58E-05,3.79E-05,0.895856,N,
3156,4-decylaniline,37529-30-9,Balbc_3T3,2,384,5.07E-06,1.59E-07,7.88E-06,0.00398521,N,
3157,naphthalene,91-20-3,Balbc_3T3,2,384,7.89E-07,2.65E-05,3.35E-05,0.662111,N,
3158,"1,2,4-trichlorobenzene",120-82-1,Balbc_3T3,2,384,1.38E-06,9.47E-06,2.34E-05,0.23685,N,
3159,"1,2-dichlorobenzene",95-50-1,Balbc_3T3,2,384,7.47E-07,1.86E-05,2.54E-05,0.464828,N,
3160,dichloromethane,75-09-2,Balbc_3T3,2,384,1.25E-08,3.08E-05,3.08E-05,0.768937,N,
3161,tetrachloroethylene,127-18-4,Balbc_3T3,2,384,4.98E-07,1.33E-05,1.78E-05,0.332117,N,
3162,"2,3-dimethyl-1,3-butadiene",513-81-5,Balbc_3T3,2,384,1.67E-08,9.48E-07,1.09E-06,0.0236936,N,
3163,Eugenol F,97-53-0,Balbc_3T3,2,384,1.11E-07,3.83E-05,3.91E-05,0.958556,N,
3164,Methyl-antranilate,134-20-3,Balbc_3T3,2,384,4.97E-08,3.93E-05,3.96E-05,0.982977,N,
3165,Lilyfore,285977-85-7,Balbc_3T3,2,384,7.27E-07,2.80E-05,3.44E-05,0.700716,N,
3166,Damascone beta,23726-91-2,Balbc_3T3,2,384,1.88E-06,6.44E-06,2.63E-05,0.160886,N,
3167,Veloutone,14595-54-1,Balbc_3T3,2,384,3.21E-06,1.12E-06,1.82E-05,0.0279551,N,
3168,Verdox,82356-51-2,Balbc_3T3,2,384,5.23E-06,1.22E-07,7.17E-06,0.00304126,N,
3169,Nirvanol,1506-02-1,Balbc_3T3,2,384,4.08E-06,5.38E-07,1.31E-05,0.0134519,N,
3170,Cetalox,3738-00-9,Balbc_3T3,2,384,3.46E-06,9.13E-07,1.66E-05,0.0228262,N,
3171,Tonalide,21145-77-7,Balbc_3T3,2,384,4.08E-06,5.38E-07,1.31E-05,0.0134519,N,
3172,"2,4-Dinitrophenol",51-28-5,Balbc_3T3,2,384,1.23E-09,3.96E-05,3.98E-05,0.990317,A,4.1
3173,Aldrin,309-00-2,Balbc_3T3,2,384,5.28E-06,1.10E-07,6.93E-06,0.00273801,N,
3174,Azinphos-methyl,86-50-0,Balbc_3T3,2,384,2.99E-07,3.53E-05,3.76E-05,0.881955,N,
3175,Chlorpyrifos,2921-88-2,Balbc_3T3,2,384,2.51E-06,1.83E-06,2.26E-05,0.0458087,N,
3176,"DDD-p,p'",50-29-3,Balbc_3T3,2,384,5.67E-06,4.55E-08,5.49E-06,0.00113745,N,
3177,"DDT-o,p'",789-02-6,Balbc_3T3,2,384,5.35E-06,9.65E-08,6.66E-06,0.00241289,N,
3178,"DDT-p,p'",72-54-8,Balbc_3T3,2,384,4.79E-06,2.39E-07,9.22E-06,0.0059855,N,
3179,Diazinon,333-41-5,Balbc_3T3,2,384,1.45E-06,1.51E-05,2.92E-05,0.376518,N,
3180,Dicofol,115-32-2,Balbc_3T3,2,384,2.64E-06,1.68E-06,2.18E-05,0.0419436,N,
3181,Dieldrin,60-57-1,Balbc_3T3,2,384,2.86E-06,1.44E-06,2.04E-05,0.0360461,N,
3182,Disulfoton,298-04-4,Balbc_3T3,2,384,1.68E-06,1.07E-05,2.76E-05,0.267981,N,
3183,Endosulfan I,115-29-7,Balbc_3T3,2,384,1.47E-06,1.46E-05,2.90E-05,0.365399,N,
3184,Endrin,72-20-8,Balbc_3T3,2,384,3.53E-06,8.70E-07,1.62E-05,0.0217507,N,
3185,Ethion,563-12-2,Balbc_3T3,2,384,2.75E-06,1.56E-06,2.11E-05,0.0389111,N,
3186,Heptachlor,76-44-8,Balbc_3T3,2,384,4.76E-06,2.49E-07,9.37E-06,0.00622972,N,
3187,Heptachlor epoxide B,1024-57-3,Balbc_3T3,2,384,2.55E-06,1.78E-06,2.23E-05,0.0444928,N,
3188,Lindane,58-89-9,Balbc_3T3,2,384,1.34E-06,1.71E-05,2.99E-05,0.427854,N,
3189,"Methoxychlor-o,p'",72-43-5,Balbc_3T3,2,384,2.77E-06,1.53E-06,2.09E-05,0.0383249,N,
3190,Parathion,56-38-2,Balbc_3T3,2,384,1.47E-06,1.46E-05,2.90E-05,0.365405,N,
3191,Trifluralin,1582-09-8,Balbc_3T3,2,384,3.34E-06,1.01E-06,1.74E-05,0.0253211,N,
3192,Cisapride,81098-60-4,Balbc_3T3,2,384,3.20E-07,2.30E-05,3.27E-05,0.575671,B,7.8
3193,Citalopram hydrobromide,59729-33-8,Balbc_3T3,2,384,6.82E-07,2.88E-05,3.47E-05,0.720233,N,
3194,Dofetilide,115256-11-6,Balbc_3T3,2,384,2.45E-08,3.86E-05,3.93E-05,0.964783,B,8.4
3195,Moxifloxacin hydrochloride,186826-86-8,Balbc_3T3,2,384,4.22E-09,3.99E-05,3.99E-05,0.997157,A,6
3196,N-acetylpro-cainamide,32795-44-1,Balbc_3T3,2,384,2.25E-08,3.99E-05,3.99E-05,0.996358,B,9.2
3197,Quinidine sulfate,50-54-4,Balbc_3T3,2,384,4.04E-08,2.88E-05,3.51E-05,0.720504,B,9.3
3198,Sematilide,101526-83-4,Balbc_3T3,2,384,2.08E-08,3.99E-05,3.99E-05,0.996929,B,9.1
3199,Sotalol hydrochloride,959-24-0,Balbc_3T3,2,384,1.92E-08,4.00E-05,4.00E-05,0.999182,B,9
3200,Mifepristone,84371-65-3,Balbc_3T3,2,384,2.33E-06,2.06E-06,2.37E-05,0.0515753,N,
3201,Perfluorobutanesulfonic_acid,375-73-5,Balbc_3T3,2,384,3.78E-10,3.97E-05,3.99E-05,0.993496,A,-2.9
3202,4_2_Fluorotelomer_sulfonic_acid,757124-72-4,Balbc_3T3,2,384,3.74E-10,3.95E-05,3.97E-05,0.98809,A,1.4
3203,Perfluorononanoic_acid,375-95-1,Balbc_3T3,2,384,3.53E-12,3.08E-07,1.01E-05,0.0077067,A,0.1
3204,Perfluorohexanoic_acid,307-24-4,Balbc_3T3,2,384,7.72E-11,8.11E-06,2.79E-05,0.202805,A,0.1
3205,Perfluorobutanoic_acid,375-22-4,Balbc_3T3,2,384,3.75E-10,3.96E-05,3.98E-05,0.989147,A,0.1
3206,Perfluorooctanoic_acid,335-67-1,Balbc_3T3,2,384,8.79E-11,9.25E-06,2.82E-05,0.23121,A,0.1
3207,6_2_Fluorotelomer_sulfonic_acid,27619-97-2,Balbc_3T3,2,384,3.13E-10,3.31E-05,3.68E-05,0.826457,A,1.4
3208,8_2_Fluorotelomer_sulfonic_acid,39108-34-4,Balbc_3T3,2,384,8.08E-11,8.43E-06,2.80E-05,0.210647,A,1.4
3209,Perfluoroundecanoic_acid,2058-94-8,Balbc_3T3,2,384,4.25E-12,3.87E-07,1.12E-05,0.00968525,A,0.1
3210,Perfluorooctanesulfonic_acid,1763-23-1,Balbc_3T3,2,384,3.69E-12,3.87E-07,1.12E-05,0.00968525,A,-2.9
3211,Perfluoroheptanoic_acid,375-85-9,Balbc_3T3,2,384,2.12E-10,2.23E-05,3.26E-05,0.557223,A,0.1
3212,Perfluoropentanoic_acid,2706-90-3,Balbc_3T3,2,384,3.63E-10,3.83E-05,3.91E-05,0.956851,A,0.1
3213,Perfluorohexanesulfonic_acid,355-46-4,Balbc_3T3,2,384,3.42E-10,3.59E-05,3.81E-05,0.898153,A,-2.9
3214,Perfluorodecanoic_acid,335-76-2,Balbc_3T3,2,384,2.20E-12,1.60E-07,7.47E-06,0.00400854,A,0.1
3215,cyclosporine A,59865-13-3,Balbc_3T3,2,384,4.16E-07,3.33E-05,3.67E-05,0.833276,N,
3216,chlorpromazine,50-53-3,Balbc_3T3,2,384,1.15E-07,1.00E-06,1.77E-05,0.0249932,B,9.4
3217,PBDE 47,5436-43-1,Balbc_3T3,2,384,5.59E-06,5.65E-08,5.76E-06,0.00141296,N,
3218,PBDE 99,60348-60-9,Balbc_3T3,2,384,5.95E-06,1.85E-08,4.82E-06,0.000461513,N,
3219,PBDE 153,68631-49-2,Balbc_3T3,2,384,6.23E-06,5.03E-09,4.66E-06,0.000125838,N,
3220,amiodarone,1951-25-3,Balbc_3T3,2,384,3.17E-07,1.30E-08,3.57E-06,0.000326222,B,9
3221,Azathioprine,446-86-6,Balbc_3T3,2,384,6.21E-09,4.00E-05,4.00E-05,0.999596,A,8.2
3222,Benzocaine,94-09-7,Balbc_3T3,2,384,4.78E-08,3.93E-05,3.96E-05,0.98374,N,
3223,Butylated hydroxyanisole,25013-16-5,Balbc_3T3,2,384,9.49E-07,2.42E-05,3.27E-05,0.604268,N,
3224,Cetirizine dihydrochloride,83881-52-1,Balbc_3T3,2,384,2.02E-09,4.00E-05,4.00E-05,0.998911,A,4.7
3225,Cyclamate,139-05-9,Balbc_3T3,2,384,7.62E-07,3.92E-05,3.92E-05,0.980909,B,17.6
3226,Cyclophosphamide,6055-19-2,Balbc_3T3,2,384,1.28E-08,3.99E-05,4.00E-05,0.998686,B,6.1
3227,Cypermethrin,67375-30-8,Balbc_3T3,2,384,5.41E-06,8.50E-08,6.41E-06,0.00212426,N,
3228,DEET,134-62-3,Balbc_3T3,2,384,9.20E-08,3.86E-05,3.93E-05,0.966234,N,
3229,Dexamethasone,50-02-2,Balbc_3T3,2,384,5.39E-08,3.93E-05,3.96E-05,0.981344,N,
3230,Digoxin,20830-75-5,Balbc_3T3,2,384,1.64E-08,3.98E-05,3.99E-05,0.995867,N,
3231,Fenazaquin,120928-09-8,Balbc_3T3,2,384,3.70E-06,7.57E-07,1.53E-05,0.0189345,N,
3232,Fenbuconazole,114369-43-6,Balbc_3T3,2,384,7.16E-07,2.82E-05,3.45E-05,0.705671,N,
3233,Fluazinam,79622-59-6,Balbc_3T3,2,384,1.67E-06,1.09E-05,2.77E-05,0.272681,N,
3234,Furosemide,54-31-9,Balbc_3T3,2,384,4.77E-10,3.91E-05,3.95E-05,0.977748,A,3
3235,Glybenclamide,10238-21-8,Balbc_3T3,2,384,8.22E-09,2.29E-06,2.54E-05,0.0572891,A,5
3236,HC Red 3,2871-01-4,Balbc_3T3,2,384,6.56E-09,4.00E-05,4.00E-05,0.999569,N,
3237,Hydralazine hydrochloride,304-20-1,Balbc_3T3,2,384,1.25E-08,3.99E-05,4.00E-05,0.998622,B,6
3238,Ketoconazole,65277-42-1,Balbc_3T3,2,384,1.66E-06,5.76E-06,2.64E-05,0.143906,B,6.6
3239,Metformin,1115-70-4,Balbc_3T3,2,384,3.33E-08,4.00E-05,4.00E-05,0.999142,B,9.6
3240,Metoclopramide,364-62-5,Balbc_3T3,2,384,2.71E-08,3.66E-05,3.84E-05,0.915435,B,9
3241,Nitrofurantoin,67-20-9,Balbc_3T3,2,384,5.04E-09,4.00E-05,4.00E-05,0.999808,A,7.3
3242,Oxytetracycline hydrochloride,2058-46-0,Balbc_3T3,2,384,1.74E-09,4.00E-05,4.00E-05,0.999951,A,4.5
3243,Panthenol,16485-10-2 ,Balbc_3T3,2,384,5.84E-09,4.00E-05,4.00E-05,0.999829,N,
3244,Paracetamol,103-90-2,Balbc_3T3,2,384,7.46E-09,4.00E-05,4.00E-05,0.999239,N,
3245,Topiramate,97240-79-4,Balbc_3T3,2,384,5.77E-09,4.00E-05,4.00E-05,0.999848,A,9.2
3246,Trimellitic anhydride,552-30-7,Balbc_3T3,2,384,5.84E-10,3.98E-05,3.99E-05,0.99407,A,3.3
3247,Verapamil hydrochloride,152-11-4,Balbc_3T3,2,384,7.37E-08,4.60E-06,2.71E-05,0.114946,B,9.2
3248,Warfarin,129-06-6,Balbc_3T3,2,384,1.72E-07,3.74E-05,3.86E-05,0.933906,N,
3249,Caffeine,58-08-2,FishRtgut,2,384,2.68E-09,4.00E-05,4.00E-05,0.999766,N,
3250,Lamotrigine,84057-84-1,FishRtgut,2,384,1.35E-08,3.70E-05,3.85E-05,0.924117,B,6.6
3251,Diclofenac,15307-79-6,FishRtgut,2,384,3.55E-07,3.96E-05,3.96E-05,0.990139,B,17.6
3252,"2,4-Dichlorophenoxyacetic",94-75-7,FishRtgut,2,384,1.75E-10,3.50E-05,3.77E-05,0.874358,A,2.7
3253,(S)-Naproxen,22204-53-1,FishRtgut,2,384,5.72E-10,2.97E-05,3.55E-05,0.743115,A,4.4
3254,Ibuprofen,15687-27-1,FishRtgut,2,384,1.27E-09,1.75E-05,3.08E-05,0.438638,A,5.4
3255,Torasemide,56211-40-6,FishRtgut,2,384,3.43E-10,2.59E-05,3.39E-05,0.648087,A,4
3256,Warfarin,81-81-2,FishRtgut,2,384,7.34E-10,3.60E-05,3.81E-05,0.90029,A,4.5
3257,di-n-butylphthalate,84-74-2,FishRtgut,2,384,1.14E-07,3.45E-06,2.71E-05,0.0861334,N,
3258,hexachlorophene,70-30-4,FishRtgut,2,384,3.29E-08,1.40E-08,3.66E-06,0.000350675,A,6.2
3259,hexamethylenetetramine,100-97-0,FishRtgut,2,384,5.38E-09,3.99E-05,3.99E-05,0.998271,B,6.4
3260,Malathion,121-75-5,FishRtgut,2,384,8.45E-09,3.81E-05,3.91E-05,0.952347,N,
3261,pentachlorophenol,87-86-5,FishRtgut,2,384,6.33E-10,1.57E-06,2.17E-05,0.0393002,A,5
3262,"2,2,2-trichloroethanol",115-20-8,FishRtgut,2,384,3.31E-09,3.97E-05,3.98E-05,0.992434,N,
3263,diethylphthalate,84-66-2,FishRtgut,2,384,9.59E-09,3.77E-05,3.89E-05,0.942982,N,
3264,4-chlorophenol,106-48-9,FishRtgut,2,384,8.85E-09,3.80E-05,3.90E-05,0.948963,N,
3265,permethrin,52645-53-1,FishRtgut,2,384,3.98E-07,1.25E-07,7.91E-06,0.00312436,N,
3266,Aniline,62-53-3,FishRtgut,2,384,2.85E-09,3.99E-05,3.99E-05,0.998077,N,
3267,4-fluoroaniline,371-40-4,FishRtgut,2,384,3.01E-09,3.99E-05,3.99E-05,0.996567,N,
3268,"2,4,6-trichlorophenol",88-06-2,FishRtgut,2,384,1.45E-08,1.85E-05,3.12E-05,0.461834,A,6.8
3269,Allyl alcohol,107-18-6,FishRtgut,2,384,2.69E-09,3.99E-05,3.99E-05,0.998256,N,
3270,N-methylaniline,100-61-8,FishRtgut,2,384,3.81E-09,3.95E-05,3.97E-05,0.988683,N,
3271,"3,4-dichloroaniline",95-76-1,FishRtgut,2,384,1.46E-08,3.61E-05,3.81E-05,0.901504,N,
3272,4-decylaniline,37529-30-9,FishRtgut,2,384,3.72E-07,1.81E-07,8.94E-06,0.00452137,N,
3273,naphthalene,91-20-3,FishRtgut,2,384,4.08E-08,2.70E-05,3.41E-05,0.674743,N,
3274,"1,2,4-trichlorobenzene",120-82-1,FishRtgut,2,384,7.40E-08,9.79E-06,2.41E-05,0.244873,N,
3275,"1,2-dichlorobenzene",95-50-1,FishRtgut,2,384,3.85E-08,1.89E-05,2.58E-05,0.473208,N,
3276,dichloromethane,75-09-2,FishRtgut,2,384,2.39E-09,3.08E-05,3.08E-05,0.769121,N,
3277,tetrachloroethylene,127-18-4,FishRtgut,2,384,2.55E-08,1.34E-05,1.80E-05,0.33608,N,
3278,"2,3-dimethyl-1,3-butadiene",513-81-5,FishRtgut,2,384,8.56E-10,9.48E-07,1.09E-06,0.0237017,N,
3279,Eugenol F,97-53-0,FishRtgut,2,384,7.38E-09,3.84E-05,3.92E-05,0.961048,N,
3280,Methyl-antranilate,134-20-3,FishRtgut,2,384,4.58E-09,3.94E-05,3.97E-05,0.984087,N,
3281,Lilyfore,285977-85-7,FishRtgut,2,384,3.76E-08,2.85E-05,3.50E-05,0.713025,N,
3282,Damascone beta,23726-91-2,FishRtgut,2,384,1.04E-07,6.73E-06,2.75E-05,0.168367,N,
3283,Veloutone,14595-54-1,FishRtgut,2,384,2.01E-07,1.21E-06,1.97E-05,0.0302417,N,
3284,Verdox,82356-51-2,FishRtgut,2,384,3.91E-07,1.39E-07,8.17E-06,0.00346438,N,
3285,Nirvanol,1506-02-1,FishRtgut,2,384,2.72E-07,5.95E-07,1.44E-05,0.0148775,N,
3286,Cetalox,3738-00-9,FishRtgut,2,384,2.20E-07,9.94E-07,1.80E-05,0.0248494,N,
3287,Tonalide,21145-77-7,FishRtgut,2,384,2.72E-07,5.95E-07,1.44E-05,0.0148775,N,
3288,"2,4-Dinitrophenol",51-28-5,FishRtgut,2,384,5.63E-10,3.96E-05,3.98E-05,0.990333,A,4.1
3289,Aldrin,309-00-2,FishRtgut,2,384,3.98E-07,1.25E-07,7.90E-06,0.00312343,N,
3290,Azinphos-methyl,86-50-0,FishRtgut,2,384,1.63E-08,3.55E-05,3.79E-05,0.888237,N,
3291,Chlorpyrifos,2921-88-2,FishRtgut,2,384,1.50E-07,1.95E-06,2.40E-05,0.0486941,N,
3292,"DDD-p,p'",50-29-3,FishRtgut,2,384,4.53E-07,5.24E-08,6.33E-06,0.00131041,N,
3293,"DDT-o,p'",789-02-6,FishRtgut,2,384,4.06E-07,1.10E-07,7.61E-06,0.00275722,N,
3294,"DDT-p,p'",72-54-8,FishRtgut,2,384,3.41E-07,2.70E-07,1.04E-05,0.00674268,N,
3295,Diazinon,333-41-5,FishRtgut,2,384,7.71E-08,1.56E-05,3.02E-05,0.389939,N,
3296,Dicofol,115-32-2,FishRtgut,2,384,1.59E-07,1.79E-06,2.32E-05,0.0447304,N,
3297,Dieldrin,60-57-1,FishRtgut,2,384,1.74E-07,1.55E-06,2.18E-05,0.0386521,N,
3298,Disulfoton,298-04-4,FishRtgut,2,384,9.06E-08,1.12E-05,2.88E-05,0.279069,N,
3299,Endosulfan I,115-29-7,FishRtgut,2,384,7.84E-08,1.51E-05,3.00E-05,0.378642,N,
3300,Endrin,72-20-8,FishRtgut,2,384,2.26E-07,9.49E-07,1.77E-05,0.0237229,N,
3301,Ethion,563-12-2,FishRtgut,2,384,1.66E-07,1.66E-06,2.25E-05,0.0416099,N,
3302,Heptachlor,76-44-8,FishRtgut,2,384,3.38E-07,2.80E-07,1.05E-05,0.00701237,N,
3303,Heptachlor epoxide B,1024-57-3,FishRtgut,2,384,1.53E-07,1.89E-06,2.37E-05,0.0473462,N,
3304,Lindane,58-89-9,FishRtgut,2,384,7.07E-08,1.77E-05,3.09E-05,0.441903,N,
3305,"Methoxychlor-o,p'",72-43-5,FishRtgut,2,384,1.68E-07,1.64E-06,2.24E-05,0.0410054,N,
3306,Parathion,56-38-2,FishRtgut,2,384,7.84E-08,1.51E-05,3.00E-05,0.378648,N,
3307,Trifluralin,1582-09-8,FishRtgut,2,384,2.11E-07,1.10E-06,1.89E-05,0.0274825,N,
3308,Cisapride,81098-60-4,FishRtgut,2,384,1.93E-08,2.32E-05,3.29E-05,0.580028,B,7.8
3309,Citalopram hydrobromide,59729-33-8,FishRtgut,2,384,3.53E-08,2.93E-05,3.53E-05,0.732083,N,
3310,Dofetilide,115256-11-6,FishRtgut,2,384,7.12E-09,3.86E-05,3.93E-05,0.965203,B,8.4
3311,Moxifloxacin hydrochloride,186826-86-8,FishRtgut,2,384,1.82E-09,3.99E-05,3.99E-05,0.997217,A,6
3312,N-acetylpro-cainamide,32795-44-1,FishRtgut,2,384,1.03E-08,3.99E-05,3.99E-05,0.996664,B,9.2
3313,Quinidine sulfate,50-54-4,FishRtgut,2,384,9.22E-09,2.88E-05,3.51E-05,0.721066,B,9.3
3314,Sematilide,101526-83-4,FishRtgut,2,384,9.49E-09,3.99E-05,3.99E-05,0.997211,B,9.1
3315,Sotalol hydrochloride,959-24-0,FishRtgut,2,384,8.85E-09,4.00E-05,4.00E-05,0.999441,B,9
3316,Mifepristone,84371-65-3,FishRtgut,2,384,1.37E-07,2.18E-06,2.51E-05,0.0545826,N,
3317,Perfluorobutanesulfonic_acid,375-73-5,FishRtgut,2,384,1.74E-10,3.97E-05,3.99E-05,0.993501,A,-2.9
3318,4_2_Fluorotelomer_sulfonic_acid,757124-72-4,FishRtgut,2,384,1.73E-10,3.95E-05,3.97E-05,0.988094,A,1.4
3319,Perfluorononanoic_acid,375-95-1,FishRtgut,2,384,1.39E-12,3.08E-07,1.01E-05,0.0077067,A,0.1
3320,Perfluorohexanoic_acid,307-24-4,FishRtgut,2,384,3.55E-11,8.11E-06,2.79E-05,0.202805,A,0.1
3321,Perfluorobutanoic_acid,375-22-4,FishRtgut,2,384,1.73E-10,3.96E-05,3.98E-05,0.989152,A,0.1
3322,Perfluorooctanoic_acid,335-67-1,FishRtgut,2,384,4.05E-11,9.25E-06,2.82E-05,0.23121,A,0.1
3323,6_2_Fluorotelomer_sulfonic_acid,27619-97-2,FishRtgut,2,384,1.44E-10,3.31E-05,3.68E-05,0.82646,A,1.4
3324,8_2_Fluorotelomer_sulfonic_acid,39108-34-4,FishRtgut,2,384,3.68E-11,8.43E-06,2.80E-05,0.210648,A,1.4
3325,Perfluoroundecanoic_acid,2058-94-8,FishRtgut,2,384,1.73E-12,3.87E-07,1.12E-05,0.00968525,A,0.1
3326,Perfluorooctanesulfonic_acid,1763-23-1,FishRtgut,2,384,1.70E-12,3.87E-07,1.12E-05,0.00968525,A,-2.9
3327,Perfluoroheptanoic_acid,375-85-9,FishRtgut,2,384,9.75E-11,2.23E-05,3.26E-05,0.557225,A,0.1
3328,Perfluoropentanoic_acid,2706-90-3,FishRtgut,2,384,1.67E-10,3.83E-05,3.91E-05,0.956856,A,0.1
3329,Perfluorohexanesulfonic_acid,355-46-4,FishRtgut,2,384,1.58E-10,3.59E-05,3.81E-05,0.898158,A,-2.9
3330,Perfluorodecanoic_acid,335-76-2,FishRtgut,2,384,7.46E-13,1.60E-07,7.47E-06,0.00400854,A,0.1
3331,cyclosporine A,59865-13-3,FishRtgut,2,384,2.20E-08,3.37E-05,3.71E-05,0.84157,N,
3332,chlorpromazine,50-53-3,FishRtgut,2,384,7.04E-09,1.00E-06,1.77E-05,0.025061,B,9.4
3333,PBDE 47,5436-43-1,FishRtgut,2,384,4.40E-07,6.50E-08,6.62E-06,0.00162443,N,
3334,PBDE 99,60348-60-9,FishRtgut,2,384,5.04E-07,2.14E-08,5.59E-06,0.00053534,N,
3335,PBDE 153,68631-49-2,FishRtgut,2,384,5.73E-07,5.88E-09,5.44E-06,0.000146902,N,
3336,amiodarone,1951-25-3,FishRtgut,2,384,2.41E-08,1.31E-08,3.60E-06,0.000328632,B,9
3337,Azathioprine,446-86-6,FishRtgut,2,384,2.60E-09,4.00E-05,4.00E-05,0.999687,A,8.2
3338,Benzocaine,94-09-7,FishRtgut,2,384,4.50E-09,3.94E-05,3.97E-05,0.984805,N,
3339,Butylated hydroxyanisole,25013-16-5,FishRtgut,2,384,4.92E-08,2.47E-05,3.35E-05,0.618186,N,
3340,Cetirizine dihydrochloride,83881-52-1,FishRtgut,2,384,9.32E-10,4.00E-05,4.00E-05,0.998938,A,4.7
3341,Cyclamate,139-05-9,FishRtgut,2,384,3.55E-07,3.96E-05,3.96E-05,0.991074,B,17.6
3342,Cyclophosphamide,6055-19-2,FishRtgut,2,384,4.74E-09,4.00E-05,4.00E-05,0.998887,B,6.1
3343,Cypermethrin,67375-30-8,FishRtgut,2,384,4.15E-07,9.72E-08,7.34E-06,0.00243125,N,
3344,DEET,134-62-3,FishRtgut,2,384,6.50E-09,3.87E-05,3.94E-05,0.968304,N,
3345,Dexamethasone,50-02-2,FishRtgut,2,384,4.77E-09,3.93E-05,3.96E-05,0.98255,N,
3346,Digoxin,20830-75-5,FishRtgut,2,384,3.11E-09,3.98E-05,3.99E-05,0.996198,N,
3347,Fenazaquin,120928-09-8,FishRtgut,2,384,2.40E-07,8.30E-07,1.67E-05,0.0207395,N,
3348,Fenbuconazole,114369-43-6,FishRtgut,2,384,3.70E-08,2.87E-05,3.51E-05,0.717868,N,
3349,Fluazinam,79622-59-6,FishRtgut,2,384,9.00E-08,1.14E-05,2.88E-05,0.283897,N,
3350,Furosemide,54-31-9,FishRtgut,2,384,2.20E-10,3.91E-05,3.95E-05,0.977755,A,3
3351,Glybenclamide,10238-21-8,FishRtgut,2,384,5.13E-10,2.29E-06,2.54E-05,0.0573001,A,5
3352,HC Red 3,2871-01-4,FishRtgut,2,384,2.69E-09,4.00E-05,4.00E-05,0.999666,N,
3353,Hydralazine hydrochloride,304-20-1,FishRtgut,2,384,4.50E-09,4.00E-05,4.00E-05,0.998821,B,6
3354,Ketoconazole,65277-42-1,FishRtgut,2,384,9.22E-08,5.99E-06,2.74E-05,0.149783,B,6.6
3355,Metformin,1115-70-4,FishRtgut,2,384,1.54E-08,4.00E-05,4.00E-05,0.99959,B,9.6
3356,Metoclopramide,364-62-5,FishRtgut,2,384,8.56E-09,3.66E-05,3.84E-05,0.91586,B,9
3357,Nitrofurantoin,67-20-9,FishRtgut,2,384,2.29E-09,4.00E-05,4.00E-05,0.999877,A,7.3
3358,Oxytetracycline hydrochloride,2058-46-0,FishRtgut,2,384,8.03E-10,4.00E-05,4.00E-05,0.999974,A,4.5
3359,Panthenol,16485-10-2 ,FishRtgut,2,384,2.66E-09,4.00E-05,4.00E-05,0.999909,N,
3360,Paracetamol,103-90-2,FishRtgut,2,384,2.73E-09,4.00E-05,4.00E-05,0.999357,N,
3361,Topiramate,97240-79-4,FishRtgut,2,384,2.65E-09,4.00E-05,4.00E-05,0.999926,A,9.2
3362,Trimellitic anhydride,552-30-7,FishRtgut,2,384,2.69E-10,3.98E-05,3.99E-05,0.994077,A,3.3
3363,Verapamil hydrochloride,152-11-4,FishRtgut,2,384,5.01E-09,4.61E-06,2.72E-05,0.115144,B,9.2
3364,Warfarin,129-06-6,FishRtgut,2,384,1.02E-08,3.75E-05,3.88E-05,0.937707,N,
3365,Caffeine,58-08-2,FishRtgill,2,384,1.41E-09,4.00E-05,4.00E-05,0.999797,N,
3366,Lamotrigine,84057-84-1,FishRtgill,2,384,7.08E-09,3.70E-05,3.85E-05,0.924265,B,6.6
3367,Diclofenac,15307-79-6,FishRtgill,2,384,1.87E-07,3.98E-05,3.98E-05,0.994327,B,17.6
3368,"2,4-Dichlorophenoxyacetic",94-75-7,FishRtgill,2,384,9.17E-11,3.50E-05,3.77E-05,0.87436,A,2.7
3369,(S)-Naproxen,22204-53-1,FishRtgill,2,384,3.00E-10,2.97E-05,3.55E-05,0.74312,A,4.4
3370,Ibuprofen,15687-27-1,FishRtgill,2,384,6.67E-10,1.75E-05,3.08E-05,0.438645,A,5.4
3371,Torasemide,56211-40-6,FishRtgill,2,384,1.80E-10,2.59E-05,3.39E-05,0.648089,A,4
3372,Warfarin,81-81-2,FishRtgill,2,384,3.85E-10,3.60E-05,3.81E-05,0.900298,A,4.5
3373,di-n-butylphthalate,84-74-2,FishRtgill,2,384,6.00E-08,3.45E-06,2.71E-05,0.0862504,N,
3374,hexachlorophene,70-30-4,FishRtgill,2,384,1.73E-08,1.40E-08,3.66E-06,0.000350812,A,6.2
3375,hexamethylenetetramine,100-97-0,FishRtgill,2,384,2.82E-09,3.99E-05,3.99E-05,0.998335,B,6.4
3376,Malathion,121-75-5,FishRtgill,2,384,4.44E-09,3.81E-05,3.91E-05,0.952442,N,
3377,pentachlorophenol,87-86-5,FishRtgill,2,384,3.32E-10,1.57E-06,2.17E-05,0.0393005,A,5
3378,"2,2,2-trichloroethanol",115-20-8,FishRtgill,2,384,1.74E-09,3.97E-05,3.98E-05,0.992473,N,
3379,diethylphthalate,84-66-2,FishRtgill,2,384,5.03E-09,3.77E-05,3.89E-05,0.943089,N,
3380,4-chlorophenol,106-48-9,FishRtgill,2,384,4.65E-09,3.80E-05,3.90E-05,0.949062,N,
3381,permethrin,52645-53-1,FishRtgill,2,384,2.10E-07,1.26E-07,7.94E-06,0.00313919,N,
3382,Aniline,62-53-3,FishRtgill,2,384,1.50E-09,3.99E-05,4.00E-05,0.998111,N,
3383,4-fluoroaniline,371-40-4,FishRtgill,2,384,1.58E-09,3.99E-05,3.99E-05,0.996603,N,
3384,"2,4,6-trichlorophenol",88-06-2,FishRtgill,2,384,7.60E-09,1.85E-05,3.12E-05,0.461914,A,6.8
3385,Allyl alcohol,107-18-6,FishRtgill,2,384,1.41E-09,3.99E-05,3.99E-05,0.998288,N,
3386,N-methylaniline,100-61-8,FishRtgill,2,384,2.00E-09,3.95E-05,3.97E-05,0.988728,N,
3387,"3,4-dichloroaniline",95-76-1,FishRtgill,2,384,7.68E-09,3.61E-05,3.81E-05,0.90166,N,
3388,4-decylaniline,37529-30-9,FishRtgill,2,384,1.96E-07,1.82E-07,8.98E-06,0.00454141,N,
3389,naphthalene,91-20-3,FishRtgill,2,384,2.14E-08,2.70E-05,3.41E-05,0.67507,N,
3390,"1,2,4-trichlorobenzene",120-82-1,FishRtgill,2,384,3.89E-08,9.80E-06,2.42E-05,0.245088,N,
3391,"1,2-dichlorobenzene",95-50-1,FishRtgill,2,384,2.02E-08,1.89E-05,2.58E-05,0.473423,N,
3392,dichloromethane,75-09-2,FishRtgill,2,384,1.26E-09,3.08E-05,3.08E-05,0.76914,N,
3393,tetrachloroethylene,127-18-4,FishRtgill,2,384,1.34E-08,1.34E-05,1.80E-05,0.336179,N,
3394,"2,3-dimethyl-1,3-butadiene",513-81-5,FishRtgill,2,384,4.49E-10,9.48E-07,1.09E-06,0.0237016,N,
3395,Eugenol F,97-53-0,FishRtgill,2,384,3.88E-09,3.84E-05,3.92E-05,0.961132,N,
3396,Methyl-antranilate,134-20-3,FishRtgill,2,384,2.41E-09,3.94E-05,3.97E-05,0.98414,N,
3397,Lilyfore,285977-85-7,FishRtgill,2,384,1.98E-08,2.85E-05,3.50E-05,0.713344,N,
3398,Damascone beta,23726-91-2,FishRtgill,2,384,5.46E-08,6.74E-06,2.76E-05,0.168575,N,
3399,Veloutone,14595-54-1,FishRtgill,2,384,1.06E-07,1.21E-06,1.97E-05,0.030314,N,
3400,Verdox,82356-51-2,FishRtgill,2,384,2.06E-07,1.39E-07,8.21E-06,0.00348052,N,
3401,Nirvanol,1506-02-1,FishRtgill,2,384,1.43E-07,5.97E-07,1.45E-05,0.0149257,N,
3402,Cetalox,3738-00-9,FishRtgill,2,384,1.16E-07,9.97E-07,1.81E-05,0.0249145,N,
3403,Tonalide,21145-77-7,FishRtgill,2,384,1.43E-07,5.97E-07,1.45E-05,0.0149257,N,
3404,"2,4-Dinitrophenol",51-28-5,FishRtgill,2,384,2.95E-10,3.96E-05,3.98E-05,0.99034,A,4.1
3405,Aldrin,309-00-2,FishRtgill,2,384,2.10E-07,1.26E-07,7.94E-06,0.00313825,N,
3406,Azinphos-methyl,86-50-0,FishRtgill,2,384,8.54E-09,3.55E-05,3.79E-05,0.888408,N,
3407,Chlorpyrifos,2921-88-2,FishRtgill,2,384,7.87E-08,1.95E-06,2.40E-05,0.0487807,N,
3408,"DDD-p,p'",50-29-3,FishRtgill,2,384,2.39E-07,5.27E-08,6.36E-06,0.00131749,N,
3409,"DDT-o,p'",789-02-6,FishRtgill,2,384,2.14E-07,1.11E-07,7.65E-06,0.00277058,N,
3410,"DDT-p,p'",72-54-8,FishRtgill,2,384,1.80E-07,2.71E-07,1.04E-05,0.0067701,N,
3411,Diazinon,333-41-5,FishRtgill,2,384,4.05E-08,1.56E-05,3.02E-05,0.390296,N,
3412,Dicofol,115-32-2,FishRtgill,2,384,8.35E-08,1.79E-06,2.32E-05,0.0448148,N,
3413,Dieldrin,60-57-1,FishRtgill,2,384,9.18E-08,1.55E-06,2.19E-05,0.0387323,N,
3414,Disulfoton,298-04-4,FishRtgill,2,384,4.76E-08,1.12E-05,2.88E-05,0.27937,N,
3415,Endosulfan I,115-29-7,FishRtgill,2,384,4.12E-08,1.52E-05,3.01E-05,0.378995,N,
3416,Endrin,72-20-8,FishRtgill,2,384,1.19E-07,9.51E-07,1.78E-05,0.0237867,N,
3417,Ethion,563-12-2,FishRtgill,2,384,8.76E-08,1.67E-06,2.26E-05,0.0416923,N,
3418,Heptachlor,76-44-8,FishRtgill,2,384,1.78E-07,2.82E-07,1.06E-05,0.00704062,N,
3419,Heptachlor epoxide B,1024-57-3,FishRtgill,2,384,8.02E-08,1.90E-06,2.38E-05,0.0474322,N,
3420,Lindane,58-89-9,FishRtgill,2,384,3.71E-08,1.77E-05,3.09E-05,0.442274,N,
3421,"Methoxychlor-o,p'",72-43-5,FishRtgill,2,384,8.84E-08,1.64E-06,2.24E-05,0.0410874,N,
3422,Parathion,56-38-2,FishRtgill,2,384,4.12E-08,1.52E-05,3.01E-05,0.379001,N,
3423,Trifluralin,1582-09-8,FishRtgill,2,384,1.11E-07,1.10E-06,1.89E-05,0.0275515,N,
3424,Cisapride,81098-60-4,FishRtgill,2,384,1.01E-08,2.32E-05,3.29E-05,0.580161,B,7.8
3425,Citalopram hydrobromide,59729-33-8,FishRtgill,2,384,1.85E-08,2.93E-05,3.53E-05,0.73239,N,
3426,Dofetilide,115256-11-6,FishRtgill,2,384,3.74E-09,3.86E-05,3.93E-05,0.965285,B,8.4
3427,Moxifloxacin hydrochloride,186826-86-8,FishRtgill,2,384,9.57E-10,3.99E-05,3.99E-05,0.997239,A,6
3428,N-acetylpro-cainamide,32795-44-1,FishRtgill,2,384,5.40E-09,3.99E-05,3.99E-05,0.996785,B,9.2
3429,Quinidine sulfate,50-54-4,FishRtgill,2,384,4.84E-09,2.88E-05,3.51E-05,0.721145,B,9.3
3430,Sematilide,101526-83-4,FishRtgill,2,384,4.98E-09,3.99E-05,3.99E-05,0.997324,B,9.1
3431,Sotalol hydrochloride,959-24-0,FishRtgill,2,384,4.65E-09,4.00E-05,4.00E-05,0.999546,B,9
3432,Mifepristone,84371-65-3,FishRtgill,2,384,7.22E-08,2.19E-06,2.51E-05,0.0546717,N,
3433,Perfluorobutanesulfonic_acid,375-73-5,FishRtgill,2,384,9.16E-11,3.97E-05,3.99E-05,0.993503,A,-2.9
3434,4_2_Fluorotelomer_sulfonic_acid,757124-72-4,FishRtgill,2,384,9.06E-11,3.95E-05,3.97E-05,0.988097,A,1.4
3435,Perfluorononanoic_acid,375-95-1,FishRtgill,2,384,7.28E-13,3.08E-07,1.01E-05,0.0077067,A,0.1
3436,Perfluorohexanoic_acid,307-24-4,FishRtgill,2,384,1.86E-11,8.11E-06,2.79E-05,0.202806,A,0.1
3437,Perfluorobutanoic_acid,375-22-4,FishRtgill,2,384,9.09E-11,3.96E-05,3.98E-05,0.989154,A,0.1
3438,Perfluorooctanoic_acid,335-67-1,FishRtgill,2,384,2.13E-11,9.25E-06,2.82E-05,0.23121,A,0.1
3439,6_2_Fluorotelomer_sulfonic_acid,27619-97-2,FishRtgill,2,384,7.58E-11,3.31E-05,3.68E-05,0.826462,A,1.4
3440,8_2_Fluorotelomer_sulfonic_acid,39108-34-4,FishRtgill,2,384,1.93E-11,8.43E-06,2.80E-05,0.210648,A,1.4
3441,Perfluoroundecanoic_acid,2058-94-8,FishRtgill,2,384,9.09E-13,3.87E-07,1.12E-05,0.00968525,A,0.1
3442,Perfluorooctanesulfonic_acid,1763-23-1,FishRtgill,2,384,8.93E-13,3.87E-07,1.12E-05,0.00968525,A,-2.9
3443,Perfluoroheptanoic_acid,375-85-9,FishRtgill,2,384,5.12E-11,2.23E-05,3.26E-05,0.557225,A,0.1
3444,Perfluoropentanoic_acid,2706-90-3,FishRtgill,2,384,8.79E-11,3.83E-05,3.91E-05,0.956858,A,0.1
3445,Perfluorohexanesulfonic_acid,355-46-4,FishRtgill,2,384,8.28E-11,3.59E-05,3.81E-05,0.898159,A,-2.9
3446,Perfluorodecanoic_acid,335-76-2,FishRtgill,2,384,3.92E-13,1.60E-07,7.47E-06,0.00400854,A,0.1
3447,cyclosporine A,59865-13-3,FishRtgill,2,384,1.15E-08,3.37E-05,3.71E-05,0.841789,N,
3448,chlorpromazine,50-53-3,FishRtgill,2,384,3.70E-09,1.00E-06,1.77E-05,0.0250631,B,9.4
3449,PBDE 47,5436-43-1,FishRtgill,2,384,2.32E-07,6.53E-08,6.66E-06,0.00163296,N,
3450,PBDE 99,60348-60-9,FishRtgill,2,384,2.66E-07,2.15E-08,5.62E-06,0.000538562,N,
3451,PBDE 153,68631-49-2,FishRtgill,2,384,3.03E-07,5.92E-09,5.48E-06,0.000147909,N,
3452,amiodarone,1951-25-3,FishRtgill,2,384,1.27E-08,1.31E-08,3.60E-06,0.000328727,B,9
3453,Azathioprine,446-86-6,FishRtgill,2,384,1.36E-09,4.00E-05,4.00E-05,0.999717,A,8.2
3454,Benzocaine,94-09-7,FishRtgill,2,384,2.36E-09,3.94E-05,3.97E-05,0.984857,N,
3455,Butylated hydroxyanisole,25013-16-5,FishRtgill,2,384,2.58E-08,2.47E-05,3.35E-05,0.618547,N,
3456,Cetirizine dihydrochloride,83881-52-1,FishRtgill,2,384,4.89E-10,4.00E-05,4.00E-05,0.998949,A,4.7
3457,Cyclamate,139-05-9,FishRtgill,2,384,1.87E-07,3.98E-05,3.98E-05,0.99527,B,17.6
3458,Cyclophosphamide,6055-19-2,FishRtgill,2,384,2.49E-09,4.00E-05,4.00E-05,0.998943,B,6.1
3459,Cypermethrin,67375-30-8,FishRtgill,2,384,2.19E-07,9.77E-08,7.38E-06,0.00244327,N,
3460,DEET,134-62-3,FishRtgill,2,384,3.42E-09,3.87E-05,3.94E-05,0.968379,N,
3461,Dexamethasone,50-02-2,FishRtgill,2,384,2.50E-09,3.93E-05,3.96E-05,0.982606,N,
3462,Digoxin,20830-75-5,FishRtgill,2,384,1.63E-09,3.98E-05,3.99E-05,0.996235,N,
3463,Fenazaquin,120928-09-8,FishRtgill,2,384,1.26E-07,8.32E-07,1.68E-05,0.0207987,N,
3464,Fenbuconazole,114369-43-6,FishRtgill,2,384,1.95E-08,2.87E-05,3.51E-05,0.718184,N,
3465,Fluazinam,79622-59-6,FishRtgill,2,384,4.73E-08,1.14E-05,2.89E-05,0.284201,N,
3466,Furosemide,54-31-9,FishRtgill,2,384,1.15E-10,3.91E-05,3.95E-05,0.977757,A,3
3467,Glybenclamide,10238-21-8,FishRtgill,2,384,2.69E-10,2.29E-06,2.54E-05,0.0573004,A,5
3468,HC Red 3,2871-01-4,FishRtgill,2,384,1.41E-09,4.00E-05,4.00E-05,0.999698,N,
3469,Hydralazine hydrochloride,304-20-1,FishRtgill,2,384,2.36E-09,4.00E-05,4.00E-05,0.998874,B,6
3470,Ketoconazole,65277-42-1,FishRtgill,2,384,4.85E-08,6.00E-06,2.75E-05,0.149947,B,6.6
3471,Metformin,1115-70-4,FishRtgill,2,384,8.06E-09,4.00E-05,4.00E-05,0.999772,B,9.6
3472,Metoclopramide,364-62-5,FishRtgill,2,384,4.49E-09,3.66E-05,3.84E-05,0.915953,B,9
3473,Nitrofurantoin,67-20-9,FishRtgill,2,384,1.20E-09,4.00E-05,4.00E-05,0.999904,A,7.3
3474,Oxytetracycline hydrochloride,2058-46-0,FishRtgill,2,384,4.22E-10,4.00E-05,4.00E-05,0.999984,A,4.5
3475,Panthenol,16485-10-2 ,FishRtgill,2,384,1.40E-09,4.00E-05,4.00E-05,0.99994,N,
3476,Paracetamol,103-90-2,FishRtgill,2,384,1.43E-09,4.00E-05,4.00E-05,0.999389,N,
3477,Topiramate,97240-79-4,FishRtgill,2,384,1.39E-09,4.00E-05,4.00E-05,0.999957,A,9.2
3478,Trimellitic anhydride,552-30-7,FishRtgill,2,384,1.41E-10,3.98E-05,3.99E-05,0.994081,A,3.3
3479,Verapamil hydrochloride,152-11-4,FishRtgill,2,384,2.63E-09,4.61E-06,2.72E-05,0.115151,B,9.2
3480,Warfarin,129-06-6,FishRtgill,2,384,5.37E-09,3.75E-05,3.88E-05,0.937821,N,
3481,Caffeine,58-08-2,Default,2,384,1.38E-08,4.00E-05,4.00E-05,0.999488,N,
3482,Lamotrigine,84057-84-1,Default,2,384,1.04E-07,3.69E-05,3.85E-05,0.922022,B,6.6
3483,Diclofenac,15307-79-6,Default,2,384,1.75E-06,3.82E-05,3.82E-05,0.955362,B,17.6
3484,"2,4-Dichlorophenoxyacetic",94-75-7,Default,2,384,8.92E-10,3.50E-05,3.77E-05,0.874343,A,2.7
3485,(S)-Naproxen,22204-53-1,Default,2,384,3.00E-09,2.97E-05,3.55E-05,0.74307,A,4.4
3486,Ibuprofen,15687-27-1,Default,2,384,8.80E-09,1.75E-05,3.08E-05,0.438556,A,5.4
3487,Torasemide,56211-40-6,Default,2,384,1.78E-09,2.59E-05,3.39E-05,0.648063,A,4
3488,Warfarin,81-81-2,Default,2,384,3.79E-09,3.60E-05,3.81E-05,0.900221,A,4.5
3489,di-n-butylphthalate,84-74-2,Default,2,384,9.08E-07,3.38E-06,2.65E-05,0.0844186,N,
3490,hexachlorophene,70-30-4,Default,2,384,1.92E-07,1.40E-08,3.65E-06,0.000349279,A,6.2
3491,hexamethylenetetramine,100-97-0,Default,2,384,2.74E-08,3.99E-05,3.99E-05,0.997721,B,6.4
3492,Malathion,121-75-5,Default,2,384,6.96E-08,3.80E-05,3.90E-05,0.95089,N,
3493,pentachlorophenol,87-86-5,Default,2,384,4.78E-09,1.57E-06,2.17E-05,0.0392962,A,5
3494,"2,2,2-trichloroethanol",115-20-8,Default,2,384,2.02E-08,3.97E-05,3.98E-05,0.992014,N,
3495,diethylphthalate,84-66-2,Default,2,384,8.03E-08,3.77E-05,3.88E-05,0.941314,N,
3496,4-chlorophenol,106-48-9,Default,2,384,7.34E-08,3.79E-05,3.89E-05,0.94743,N,
3497,permethrin,52645-53-1,Default,2,384,2.51E-06,1.18E-07,7.48E-06,0.00295753,N,
3498,Aniline,62-53-3,Default,2,384,1.56E-08,3.99E-05,3.99E-05,0.997759,N,
3499,4-fluoroaniline,371-40-4,Default,2,384,1.72E-08,3.98E-05,3.99E-05,0.996214,N,
3500,"2,4,6-trichlorophenol",88-06-2,Default,2,384,1.23E-07,1.84E-05,3.11E-05,0.46058,A,6.8
3501,Allyl alcohol,107-18-6,Default,2,384,1.39E-08,3.99E-05,3.99E-05,0.997976,N,
3502,N-methylaniline,100-61-8,Default,2,384,2.52E-08,3.95E-05,3.97E-05,0.988155,N,
3503,"3,4-dichloroaniline",95-76-1,Default,2,384,1.27E-07,3.60E-05,3.80E-05,0.898969,N,
3504,4-decylaniline,37529-30-9,Default,2,384,2.40E-06,1.72E-07,8.48E-06,0.00428966,N,
3505,naphthalene,91-20-3,Default,2,384,3.58E-07,2.68E-05,3.38E-05,0.669381,N,
3506,"1,2,4-trichlorobenzene",120-82-1,Default,2,384,6.23E-07,9.66E-06,2.38E-05,0.241512,N,
3507,"1,2-dichlorobenzene",95-50-1,Default,2,384,3.37E-07,1.88E-05,2.56E-05,0.469687,N,
3508,dichloromethane,75-09-2,Default,2,384,1.40E-08,3.08E-05,3.08E-05,0.768926,N,
3509,tetrachloroethylene,127-18-4,Default,2,384,2.24E-07,1.34E-05,1.79E-05,0.334432,N,
3510,"2,3-dimethyl-1,3-butadiene",513-81-5,Default,2,384,7.60E-09,9.48E-07,1.09E-06,0.0237013,N,
3511,Eugenol F,97-53-0,Default,2,384,5.96E-08,3.84E-05,3.92E-05,0.959794,N,
3512,Methyl-antranilate,134-20-3,Default,2,384,3.28E-08,3.93E-05,3.96E-05,0.983394,N,
3513,Lilyfore,285977-85-7,Default,2,384,3.31E-07,2.83E-05,3.47E-05,0.707786,N,
3514,Damascone beta,23726-91-2,Default,2,384,8.50E-07,6.61E-06,2.70E-05,0.165219,N,
3515,Veloutone,14595-54-1,Default,2,384,1.48E-06,1.17E-06,1.91E-05,0.0292699,N,
3516,Verdox,82356-51-2,Default,2,384,2.48E-06,1.31E-07,7.74E-06,0.00328138,N,
3517,Nirvanol,1506-02-1,Default,2,384,1.90E-06,5.71E-07,1.39E-05,0.0142663,N,
3518,Cetalox,3738-00-9,Default,2,384,1.60E-06,9.59E-07,1.74E-05,0.0239874,N,
3519,Tonalide,21145-77-7,Default,2,384,1.90E-06,5.71E-07,1.39E-05,0.0142663,N,
3520,"2,4-Dinitrophenol",51-28-5,Default,2,384,2.87E-09,3.96E-05,3.98E-05,0.990276,A,4.1
3521,Aldrin,309-00-2,Default,2,384,2.51E-06,1.18E-07,7.48E-06,0.00295669,N,
3522,Azinphos-methyl,86-50-0,Default,2,384,1.42E-07,3.54E-05,3.78E-05,0.885445,N,
3523,Chlorpyrifos,2921-88-2,Default,2,384,1.15E-06,1.90E-06,2.34E-05,0.0474766,N,
3524,"DDD-p,p'",50-29-3,Default,2,384,2.71E-06,4.94E-08,5.97E-06,0.00123555,N,
3525,"DDT-o,p'",789-02-6,Default,2,384,2.55E-06,1.04E-07,7.20E-06,0.00260822,N,
3526,"DDT-p,p'",72-54-8,Default,2,384,2.26E-06,2.57E-07,9.88E-06,0.00641606,N,
3527,Diazinon,333-41-5,Default,2,384,6.56E-07,1.54E-05,2.98E-05,0.384283,N,
3528,Dicofol,115-32-2,Default,2,384,1.21E-06,1.74E-06,2.26E-05,0.0435529,N,
3529,Dieldrin,60-57-1,Default,2,384,1.31E-06,1.50E-06,2.12E-05,0.0375486,N,
3530,Disulfoton,298-04-4,Default,2,384,7.59E-07,1.10E-05,2.83E-05,0.274399,N,
3531,Endosulfan I,115-29-7,Default,2,384,6.67E-07,1.49E-05,2.96E-05,0.373062,N,
3532,Endrin,72-20-8,Default,2,384,1.64E-06,9.15E-07,1.71E-05,0.0228819,N,
3533,Ethion,563-12-2,Default,2,384,1.26E-06,1.62E-06,2.19E-05,0.0404683,N,
3534,Heptachlor,76-44-8,Default,2,384,2.25E-06,2.67E-07,1.00E-05,0.00667484,N,
3535,Heptachlor epoxide B,1024-57-3,Default,2,384,1.17E-06,1.85E-06,2.31E-05,0.0461417,N,
3536,Lindane,58-89-9,Default,2,384,6.06E-07,1.74E-05,3.05E-05,0.43598,N,
3537,"Methoxychlor-o,p'",72-43-5,Default,2,384,1.27E-06,1.59E-06,2.18E-05,0.0398713,N,
3538,Parathion,56-38-2,Default,2,384,6.67E-07,1.49E-05,2.96E-05,0.373068,N,
3539,Trifluralin,1582-09-8,Default,2,384,1.54E-06,1.06E-06,1.83E-05,0.0265627,N,
3540,Cisapride,81098-60-4,Default,2,384,1.57E-07,2.31E-05,3.28E-05,0.578032,B,7.8
3541,Citalopram hydrobromide,59729-33-8,Default,2,384,3.11E-07,2.91E-05,3.50E-05,0.72703,N,
3542,Dofetilide,115256-11-6,Default,2,384,3.84E-08,3.86E-05,3.93E-05,0.964448,B,8.4
3543,Moxifloxacin hydrochloride,186826-86-8,Default,2,384,9.37E-09,3.99E-05,3.99E-05,0.997029,A,6
3544,N-acetylpro-cainamide,32795-44-1,Default,2,384,5.25E-08,3.98E-05,3.99E-05,0.995612,B,9.2
3545,Quinidine sulfate,50-54-4,Default,2,384,5.14E-08,2.88E-05,3.51E-05,0.720305,B,9.3
3546,Sematilide,101526-83-4,Default,2,384,4.85E-08,3.98E-05,3.99E-05,0.996239,B,9.1
3547,Sotalol hydrochloride,959-24-0,Default,2,384,4.52E-08,3.99E-05,3.99E-05,0.998533,B,9
3548,Mifepristone,84371-65-3,Default,2,384,1.06E-06,2.13E-06,2.45E-05,0.0533159,N,
3549,Perfluorobutanesulfonic_acid,375-73-5,Default,2,384,8.91E-10,3.97E-05,3.99E-05,0.993483,A,-2.9
3550,4_2_Fluorotelomer_sulfonic_acid,757124-72-4,Default,2,384,8.81E-10,3.95E-05,3.97E-05,0.988077,A,1.4
3551,Perfluorononanoic_acid,375-95-1,Default,2,384,7.15E-12,3.08E-07,1.01E-05,0.0077067,A,0.1
3552,Perfluorohexanoic_acid,307-24-4,Default,2,384,1.81E-10,8.11E-06,2.79E-05,0.202805,A,0.1
3553,Perfluorobutanoic_acid,375-22-4,Default,2,384,8.84E-10,3.96E-05,3.98E-05,0.989134,A,0.1
3554,Perfluorooctanoic_acid,335-67-1,Default,2,384,2.07E-10,9.25E-06,2.82E-05,0.231209,A,0.1
3555,6_2_Fluorotelomer_sulfonic_acid,27619-97-2,Default,2,384,7.37E-10,3.31E-05,3.68E-05,0.826448,A,1.4
3556,8_2_Fluorotelomer_sulfonic_acid,39108-34-4,Default,2,384,1.88E-10,8.43E-06,2.80E-05,0.210647,A,1.4
3557,Perfluoroundecanoic_acid,2058-94-8,Default,2,384,8.91E-12,3.87E-07,1.12E-05,0.00968525,A,0.1
3558,Perfluorooctanesulfonic_acid,1763-23-1,Default,2,384,8.68E-12,3.87E-07,1.12E-05,0.00968525,A,-2.9
3559,Perfluoroheptanoic_acid,375-85-9,Default,2,384,4.98E-10,2.23E-05,3.26E-05,0.557219,A,0.1
3560,Perfluoropentanoic_acid,2706-90-3,Default,2,384,8.55E-10,3.83E-05,3.91E-05,0.956839,A,0.1
3561,Perfluorohexanesulfonic_acid,355-46-4,Default,2,384,8.05E-10,3.59E-05,3.81E-05,0.898143,A,-2.9
3562,Perfluorodecanoic_acid,335-76-2,Default,2,384,3.88E-12,1.60E-07,7.47E-06,0.00400854,A,0.1
3563,cyclosporine A,59865-13-3,Default,2,384,1.93E-07,3.35E-05,3.69E-05,0.837962,N,
3564,chlorpromazine,50-53-3,Default,2,384,5.21E-08,1.00E-06,1.77E-05,0.0250328,B,9.4
3565,PBDE 47,5436-43-1,Default,2,384,2.67E-06,6.13E-08,6.25E-06,0.0015329,N,
3566,PBDE 99,60348-60-9,Default,2,384,2.86E-06,2.01E-08,5.26E-06,0.000503444,N,
3567,PBDE 153,68631-49-2,Default,2,384,3.00E-06,5.51E-09,5.11E-06,0.000137852,N,
3568,amiodarone,1951-25-3,Default,2,384,1.40E-07,1.31E-08,3.59E-06,0.000327677,B,9
3569,Azathioprine,446-86-6,Default,2,384,1.34E-08,4.00E-05,4.00E-05,0.999417,A,8.2
3570,Benzocaine,94-09-7,Default,2,384,3.19E-08,3.94E-05,3.97E-05,0.98413,N,
3571,Butylated hydroxyanisole,25013-16-5,Default,2,384,4.30E-07,2.45E-05,3.32E-05,0.612296,N,
3572,Cetirizine dihydrochloride,83881-52-1,Default,2,384,4.76E-09,4.00E-05,4.00E-05,0.998842,A,4.7
3573,Cyclamate,139-05-9,Default,2,384,1.75E-06,3.82E-05,3.83E-05,0.956233,B,17.6
3574,Cyclophosphamide,6055-19-2,Default,2,384,2.48E-08,3.99E-05,4.00E-05,0.998385,B,6.1
3575,Cypermethrin,67375-30-8,Default,2,384,2.58E-06,9.19E-08,6.94E-06,0.00229839,N,
3576,DEET,134-62-3,Default,2,384,5.12E-08,3.87E-05,3.93E-05,0.967221,N,
3577,Dexamethasone,50-02-2,Default,2,384,3.46E-08,3.93E-05,3.96E-05,0.981818,N,
3578,Digoxin,20830-75-5,Default,2,384,1.82E-08,3.98E-05,3.99E-05,0.995822,N,
3579,Fenazaquin,120928-09-8,Default,2,384,1.72E-06,7.99E-07,1.61E-05,0.0199685,N,
3580,Fenbuconazole,114369-43-6,Default,2,384,3.26E-07,2.85E-05,3.48E-05,0.712675,N,
3581,Fluazinam,79622-59-6,Default,2,384,7.54E-07,1.12E-05,2.84E-05,0.279172,N,
3582,Furosemide,54-31-9,Default,2,384,1.12E-09,3.91E-05,3.95E-05,0.977733,A,3
3583,Glybenclamide,10238-21-8,Default,2,384,3.89E-09,2.29E-06,2.54E-05,0.0572953,A,5
3584,HC Red 3,2871-01-4,Default,2,384,1.39E-08,4.00E-05,4.00E-05,0.999385,N,
3585,Hydralazine hydrochloride,304-20-1,Default,2,384,2.37E-08,3.99E-05,4.00E-05,0.998343,B,6
3586,Ketoconazole,65277-42-1,Default,2,384,7.51E-07,5.89E-06,2.70E-05,0.147312,B,6.6
3587,Metformin,1115-70-4,Default,2,384,7.83E-08,3.99E-05,3.99E-05,0.998018,B,9.6
3588,Metoclopramide,364-62-5,Default,2,384,4.56E-08,3.66E-05,3.84E-05,0.915012,B,9
3589,Nitrofurantoin,67-20-9,Default,2,384,1.17E-08,4.00E-05,4.00E-05,0.999642,A,7.3
3590,Oxytetracycline hydrochloride,2058-46-0,Default,2,384,4.10E-09,4.00E-05,4.00E-05,0.999892,A,4.5
3591,Panthenol,16485-10-2 ,Default,2,384,1.36E-08,4.00E-05,4.00E-05,0.999635,N,
3592,Paracetamol,103-90-2,Default,2,384,1.43E-08,4.00E-05,4.00E-05,0.999067,N,
3593,Topiramate,97240-79-4,Default,2,384,1.35E-08,4.00E-05,4.00E-05,0.999654,A,9.2
3594,Trimellitic anhydride,552-30-7,Default,2,384,1.37E-09,3.98E-05,3.99E-05,0.99405,A,3.3
3595,Verapamil hydrochloride,152-11-4,Default,2,384,3.74E-08,4.60E-06,2.71E-05,0.115051,B,9.2
3596,Warfarin,129-06-6,Default,2,384,8.64E-08,3.74E-05,3.87E-05,0.935922,N,
3597,Caffeine,58-08-2,MCF7,2,384,2.79E-08,4.00E-05,4.00E-05,0.999135,N,
3598,Lamotrigine,84057-84-1,MCF7,2,384,7.81E-08,3.69E-05,3.85E-05,0.922623,B,6.6
3599,Diclofenac,15307-79-6,MCF7,2,384,3.43E-06,3.65E-05,3.66E-05,0.913409,B,17.6
3600,"2,4-Dichlorophenoxyacetic",94-75-7,MCF7,2,384,1.83E-09,3.50E-05,3.77E-05,0.874322,A,2.7
3601,(S)-Naproxen,22204-53-1,MCF7,2,384,5.82E-09,2.97E-05,3.55E-05,0.743018,A,4.4
3602,Ibuprofen,15687-27-1,MCF7,2,384,8.23E-09,1.75E-05,3.08E-05,0.438562,A,5.4
3603,Torasemide,56211-40-6,MCF7,2,384,3.52E-09,2.59E-05,3.39E-05,0.648035,A,4
3604,Warfarin,81-81-2,MCF7,2,384,7.60E-09,3.60E-05,3.81E-05,0.900135,A,4.5
3605,di-n-butylphthalate,84-74-2,MCF7,2,384,2.69E-07,3.43E-06,2.70E-05,0.0857993,N,
3606,hexachlorophene,70-30-4,MCF7,2,384,5.76E-08,1.40E-08,3.66E-06,0.000350458,A,6.2
3607,hexamethylenetetramine,100-97-0,MCF7,2,384,5.62E-08,3.99E-05,3.99E-05,0.997002,B,6.4
3608,Malathion,121-75-5,MCF7,2,384,4.27E-08,3.81E-05,3.90E-05,0.951531,N,
3609,pentachlorophenol,87-86-5,MCF7,2,384,1.79E-09,1.57E-06,2.17E-05,0.0392991,A,5
3610,"2,2,2-trichloroethanol",115-20-8,MCF7,2,384,2.96E-08,3.97E-05,3.98E-05,0.991783,N,
3611,diethylphthalate,84-66-2,MCF7,2,384,4.55E-08,3.77E-05,3.89E-05,0.942134,N,
3612,4-chlorophenol,106-48-9,MCF7,2,384,4.37E-08,3.79E-05,3.90E-05,0.948135,N,
3613,permethrin,52645-53-1,MCF7,2,384,7.75E-07,1.24E-07,7.83E-06,0.00309462,N,
3614,Aniline,62-53-3,MCF7,2,384,2.84E-08,3.99E-05,3.99E-05,0.99744,N,
3615,4-fluoroaniline,371-40-4,MCF7,2,384,2.88E-08,3.98E-05,3.99E-05,0.995925,N,
3616,"2,4,6-trichlorophenol",88-06-2,MCF7,2,384,4.41E-08,1.85E-05,3.11E-05,0.461492,A,6.8
3617,Allyl alcohol,107-18-6,MCF7,2,384,2.79E-08,3.99E-05,3.99E-05,0.997627,N,
3618,N-methylaniline,100-61-8,MCF7,2,384,3.09E-08,3.95E-05,3.97E-05,0.988014,N,
3619,"3,4-dichloroaniline",95-76-1,MCF7,2,384,5.79E-08,3.60E-05,3.81E-05,0.900527,N,
3620,4-decylaniline,37529-30-9,MCF7,2,384,7.38E-07,1.79E-07,8.86E-06,0.00447959,N,
3621,naphthalene,91-20-3,MCF7,2,384,1.19E-07,2.69E-05,3.40E-05,0.673418,N,
3622,"1,2,4-trichlorobenzene",120-82-1,MCF7,2,384,1.87E-07,9.77E-06,2.41E-05,0.244194,N,
3623,"1,2-dichlorobenzene",95-50-1,MCF7,2,384,1.09E-07,1.89E-05,2.58E-05,0.472416,N,
3624,dichloromethane,75-09-2,MCF7,2,384,2.24E-08,3.08E-05,3.08E-05,0.768797,N,
3625,tetrachloroethylene,127-18-4,MCF7,2,384,7.26E-08,1.34E-05,1.80E-05,0.335739,N,
3626,"2,3-dimethyl-1,3-butadiene",513-81-5,MCF7,2,384,2.74E-09,9.48E-07,1.09E-06,0.0237087,N,
3627,Eugenol F,97-53-0,MCF7,2,384,4.00E-08,3.84E-05,3.92E-05,0.960264,N,
3628,Methyl-antranilate,134-20-3,MCF7,2,384,3.29E-08,3.93E-05,3.96E-05,0.983389,N,
3629,Lilyfore,285977-85-7,MCF7,2,384,1.12E-07,2.85E-05,3.49E-05,0.71169,N,
3630,Damascone beta,23726-91-2,MCF7,2,384,2.53E-07,6.71E-06,2.74E-05,0.167739,N,
3631,Veloutone,14595-54-1,MCF7,2,384,4.43E-07,1.20E-06,1.96E-05,0.0300579,N,
3632,Verdox,82356-51-2,MCF7,2,384,7.65E-07,1.37E-07,8.09E-06,0.00343165,N,
3633,Nirvanol,1506-02-1,MCF7,2,384,5.76E-07,5.91E-07,1.43E-05,0.0147638,N,
3634,Cetalox,3738-00-9,MCF7,2,384,4.80E-07,9.87E-07,1.79E-05,0.0246871,N,
3635,Tonalide,21145-77-7,MCF7,2,384,5.76E-07,5.91E-07,1.43E-05,0.0147638,N,
3636,"2,4-Dinitrophenol",51-28-5,MCF7,2,384,5.89E-09,3.96E-05,3.98E-05,0.990201,A,4.1
3637,Aldrin,309-00-2,MCF7,2,384,7.75E-07,1.24E-07,7.83E-06,0.0030937,N,
3638,Azinphos-methyl,86-50-0,MCF7,2,384,6.19E-08,3.55E-05,3.79E-05,0.887223,N,
3639,Chlorpyrifos,2921-88-2,MCF7,2,384,3.40E-07,1.94E-06,2.39E-05,0.048461,N,
3640,"DDD-p,p'",50-29-3,MCF7,2,384,8.44E-07,5.19E-08,6.27E-06,0.00129745,N,
3641,"DDT-o,p'",789-02-6,MCF7,2,384,7.86E-07,1.09E-07,7.54E-06,0.00273076,N,
3642,"DDT-p,p'",72-54-8,MCF7,2,384,6.91E-07,2.67E-07,1.03E-05,0.00668311,N,
3643,Diazinon,333-41-5,MCF7,2,384,2.00E-07,1.55E-05,3.01E-05,0.388737,N,
3644,Dicofol,115-32-2,MCF7,2,384,3.59E-07,1.78E-06,2.31E-05,0.0445055,N,
3645,Dieldrin,60-57-1,MCF7,2,384,3.91E-07,1.54E-06,2.17E-05,0.0384421,N,
3646,Disulfoton,298-04-4,MCF7,2,384,2.28E-07,1.11E-05,2.87E-05,0.278109,N,
3647,Endosulfan I,115-29-7,MCF7,2,384,2.03E-07,1.51E-05,3.00E-05,0.377461,N,
3648,Endrin,72-20-8,MCF7,2,384,4.91E-07,9.43E-07,1.76E-05,0.0235647,N,
3649,Ethion,563-12-2,MCF7,2,384,3.75E-07,1.66E-06,2.24E-05,0.0413922,N,
3650,Heptachlor,76-44-8,MCF7,2,384,6.86E-07,2.78E-07,1.05E-05,0.00695075,N,
3651,Heptachlor epoxide B,1024-57-3,MCF7,2,384,3.46E-07,1.88E-06,2.36E-05,0.0471158,N,
3652,Lindane,58-89-9,MCF7,2,384,1.86E-07,1.76E-05,3.08E-05,0.440622,N,
3653,"Methoxychlor-o,p'",72-43-5,MCF7,2,384,3.78E-07,1.63E-06,2.23E-05,0.0407893,N,
3654,Parathion,56-38-2,MCF7,2,384,2.03E-07,1.51E-05,3.00E-05,0.377467,N,
3655,Trifluralin,1582-09-8,MCF7,2,384,4.62E-07,1.09E-06,1.88E-05,0.0273089,N,
3656,Cisapride,81098-60-4,MCF7,2,384,7.91E-08,2.32E-05,3.29E-05,0.579161,B,7.8
3657,Citalopram hydrobromide,59729-33-8,MCF7,2,384,1.07E-07,2.92E-05,3.52E-05,0.730768,N,
3658,Dofetilide,115256-11-6,MCF7,2,384,7.09E-08,3.85E-05,3.92E-05,0.963664,B,8.4
3659,Moxifloxacin hydrochloride,186826-86-8,MCF7,2,384,1.90E-08,3.99E-05,3.99E-05,0.996789,A,6
3660,N-acetylpro-cainamide,32795-44-1,MCF7,2,384,1.07E-07,3.98E-05,3.98E-05,0.994246,B,9.2
3661,Quinidine sulfate,50-54-4,MCF7,2,384,8.77E-08,2.88E-05,3.50E-05,0.719651,B,9.3
3662,Sematilide,101526-83-4,MCF7,2,384,9.91E-08,3.98E-05,3.98E-05,0.994976,B,9.1
3663,Sotalol hydrochloride,959-24-0,MCF7,2,384,9.25E-08,3.99E-05,3.99E-05,0.99735,B,9
3664,Mifepristone,84371-65-3,MCF7,2,384,3.15E-07,2.17E-06,2.50E-05,0.0543393,N,
3665,Perfluorobutanesulfonic_acid,375-73-5,MCF7,2,384,1.83E-09,3.97E-05,3.99E-05,0.99346,A,-2.9
3666,4_2_Fluorotelomer_sulfonic_acid,757124-72-4,MCF7,2,384,1.81E-09,3.95E-05,3.97E-05,0.988054,A,1.4
3667,Perfluorononanoic_acid,375-95-1,MCF7,2,384,1.42E-11,3.08E-07,1.01E-05,0.0077067,A,0.1
3668,Perfluorohexanoic_acid,307-24-4,MCF7,2,384,3.72E-10,8.11E-06,2.79E-05,0.202804,A,0.1
3669,Perfluorobutanoic_acid,375-22-4,MCF7,2,384,1.81E-09,3.96E-05,3.98E-05,0.989111,A,0.1
3670,Perfluorooctanoic_acid,335-67-1,MCF7,2,384,4.24E-10,9.25E-06,2.82E-05,0.231208,A,0.1
3671,6_2_Fluorotelomer_sulfonic_acid,27619-97-2,MCF7,2,384,1.51E-09,3.31E-05,3.68E-05,0.826432,A,1.4
3672,8_2_Fluorotelomer_sulfonic_acid,39108-34-4,MCF7,2,384,3.85E-10,8.43E-06,2.80E-05,0.210646,A,1.4
3673,Perfluoroundecanoic_acid,2058-94-8,MCF7,2,384,1.78E-11,3.87E-07,1.12E-05,0.00968525,A,0.1
3674,Perfluorooctanesulfonic_acid,1763-23-1,MCF7,2,384,1.78E-11,3.87E-07,1.12E-05,0.00968525,A,-2.9
3675,Perfluoroheptanoic_acid,375-85-9,MCF7,2,384,1.02E-09,2.23E-05,3.26E-05,0.557212,A,0.1
3676,Perfluoropentanoic_acid,2706-90-3,MCF7,2,384,1.75E-09,3.83E-05,3.91E-05,0.956818,A,0.1
3677,Perfluorohexanesulfonic_acid,355-46-4,MCF7,2,384,1.65E-09,3.59E-05,3.81E-05,0.898124,A,-2.9
3678,Perfluorodecanoic_acid,335-76-2,MCF7,2,384,7.44E-12,1.60E-07,7.47E-06,0.00400854,A,0.1
3679,cyclosporine A,59865-13-3,MCF7,2,384,7.56E-08,3.36E-05,3.71E-05,0.84044,N,
3680,chlorpromazine,50-53-3,MCF7,2,384,1.80E-08,1.00E-06,1.77E-05,0.0250542,B,9.4
3681,PBDE 47,5436-43-1,MCF7,2,384,8.29E-07,6.43E-08,6.56E-06,0.00160847,N,
3682,PBDE 99,60348-60-9,MCF7,2,384,8.97E-07,2.12E-08,5.53E-06,0.000530017,N,
3683,PBDE 153,68631-49-2,MCF7,2,384,9.53E-07,5.82E-09,5.39E-06,0.000145486,N,
3684,amiodarone,1951-25-3,MCF7,2,384,4.21E-08,1.31E-08,3.59E-06,0.000328484,B,9
3685,Azathioprine,446-86-6,MCF7,2,384,2.70E-08,4.00E-05,4.00E-05,0.999077,A,8.2
3686,Benzocaine,94-09-7,MCF7,2,384,3.27E-08,3.94E-05,3.97E-05,0.98411,N,
3687,Butylated hydroxyanisole,25013-16-5,MCF7,2,384,1.39E-07,2.47E-05,3.34E-05,0.616798,N,
3688,Cetirizine dihydrochloride,83881-52-1,MCF7,2,384,9.76E-09,3.99E-05,4.00E-05,0.998718,A,4.7
3689,Cyclamate,139-05-9,MCF7,2,384,3.43E-06,3.66E-05,3.66E-05,0.914205,B,17.6
3690,Cyclophosphamide,6055-19-2,MCF7,2,384,4.87E-08,3.99E-05,3.99E-05,0.997788,B,6.1
3691,Cypermethrin,67375-30-8,MCF7,2,384,7.97E-07,9.63E-08,7.27E-06,0.00240775,N,
3692,DEET,134-62-3,MCF7,2,384,3.78E-08,3.87E-05,3.93E-05,0.967546,N,
3693,Dexamethasone,50-02-2,MCF7,2,384,3.34E-08,3.93E-05,3.96E-05,0.981847,N,
3694,Digoxin,20830-75-5,MCF7,2,384,2.91E-08,3.98E-05,3.99E-05,0.995552,N,
3695,Fenazaquin,120928-09-8,MCF7,2,384,5.17E-07,8.24E-07,1.66E-05,0.0205949,N,
3696,Fenbuconazole,114369-43-6,MCF7,2,384,1.11E-07,2.87E-05,3.50E-05,0.716538,N,
3697,Fluazinam,79622-59-6,MCF7,2,384,2.27E-07,1.13E-05,2.87E-05,0.282924,N,
3698,Furosemide,54-31-9,MCF7,2,384,2.30E-09,3.91E-05,3.95E-05,0.977704,A,3
3699,Glybenclamide,10238-21-8,MCF7,2,384,1.72E-09,2.29E-06,2.54E-05,0.0572984,A,5
3700,HC Red 3,2871-01-4,MCF7,2,384,2.79E-08,4.00E-05,4.00E-05,0.999035,N,
3701,Hydralazine hydrochloride,304-20-1,MCF7,2,384,4.62E-08,3.99E-05,3.99E-05,0.99778,B,6
3702,Ketoconazole,65277-42-1,MCF7,2,384,2.27E-07,5.97E-06,2.73E-05,0.149276,B,6.6
3703,Metformin,1115-70-4,MCF7,2,384,1.60E-07,3.98E-05,3.98E-05,0.995969,B,9.6
3704,Metoclopramide,364-62-5,MCF7,2,384,8.60E-08,3.66E-05,3.83E-05,0.914087,B,9
3705,Nitrofurantoin,67-20-9,MCF7,2,384,2.39E-08,4.00E-05,4.00E-05,0.999336,A,7.3
3706,Oxytetracycline hydrochloride,2058-46-0,MCF7,2,384,8.41E-09,4.00E-05,4.00E-05,0.999784,A,4.5
3707,Panthenol,16485-10-2 ,MCF7,2,384,2.79E-08,4.00E-05,4.00E-05,0.999279,N,
3708,Paracetamol,103-90-2,MCF7,2,384,2.80E-08,3.99E-05,4.00E-05,0.998724,N,
3709,Topiramate,97240-79-4,MCF7,2,384,2.77E-08,4.00E-05,4.00E-05,0.999298,A,9.2
3710,Trimellitic anhydride,552-30-7,MCF7,2,384,2.82E-09,3.98E-05,3.99E-05,0.994014,A,3.3
3711,Verapamil hydrochloride,152-11-4,MCF7,2,384,2.15E-08,4.60E-06,2.72E-05,0.115097,B,9.2
3712,Warfarin,129-06-6,MCF7,2,384,4.71E-08,3.75E-05,3.88E-05,0.936842,N,
3713,Caffeine,58-08-2,HCT116,2,384,7.18E-09,4.00E-05,4.00E-05,0.999653,N,
3714,Lamotrigine,84057-84-1,HCT116,2,384,4.33E-08,3.69E-05,3.85E-05,0.923428,B,6.6
3715,Diclofenac,15307-79-6,HCT116,2,384,9.32E-07,3.90E-05,3.90E-05,0.975714,B,17.6
3716,"2,4-Dichlorophenoxyacetic",94-75-7,HCT116,2,384,4.66E-10,3.50E-05,3.77E-05,0.874352,A,2.7
3717,(S)-Naproxen,22204-53-1,HCT116,2,384,1.54E-09,2.97E-05,3.55E-05,0.743097,A,4.4
3718,Ibuprofen,15687-27-1,HCT116,2,384,3.80E-09,1.75E-05,3.08E-05,0.438611,A,5.4
3719,Torasemide,56211-40-6,HCT116,2,384,9.20E-10,2.59E-05,3.39E-05,0.648077,A,4
3720,Warfarin,81-81-2,HCT116,2,384,1.97E-09,3.60E-05,3.81E-05,0.900262,A,4.5
3721,di-n-butylphthalate,84-74-2,HCT116,2,384,3.52E-07,3.42E-06,2.69E-05,0.0856201,N,
3722,hexachlorophene,70-30-4,HCT116,2,384,7.61E-08,1.40E-08,3.66E-06,0.000350296,A,6.2
3723,hexamethylenetetramine,100-97-0,HCT116,2,384,1.43E-08,3.99E-05,3.99E-05,0.998047,B,6.4
3724,Malathion,121-75-5,HCT116,2,384,2.81E-08,3.81E-05,3.90E-05,0.951878,N,
3725,pentachlorophenol,87-86-5,HCT116,2,384,1.87E-09,1.57E-06,2.17E-05,0.039299,A,5
3726,"2,2,2-trichloroethanol",115-20-8,HCT116,2,384,9.58E-09,3.97E-05,3.98E-05,0.992279,N,
3727,diethylphthalate,84-66-2,HCT116,2,384,3.22E-08,3.77E-05,3.89E-05,0.942449,N,
3728,4-chlorophenol,106-48-9,HCT116,2,384,2.96E-08,3.79E-05,3.90E-05,0.948471,N,
3729,permethrin,52645-53-1,HCT116,2,384,1.02E-06,1.23E-07,7.78E-06,0.00307551,N,
3730,Aniline,62-53-3,HCT116,2,384,7.85E-09,3.99E-05,3.99E-05,0.997953,N,
3731,4-fluoroaniline,371-40-4,HCT116,2,384,8.44E-09,3.99E-05,3.99E-05,0.996432,N,
3732,"2,4,6-trichlorophenol",88-06-2,HCT116,2,384,4.75E-08,1.85E-05,3.11E-05,0.461453,A,6.8
3733,Allyl alcohol,107-18-6,HCT116,2,384,7.23E-09,3.99E-05,3.99E-05,0.998143,N,
3734,N-methylaniline,100-61-8,HCT116,2,384,1.14E-08,3.95E-05,3.97E-05,0.988495,N,
3735,"3,4-dichloroaniline",95-76-1,HCT116,2,384,4.98E-08,3.60E-05,3.81E-05,0.900711,N,
3736,4-decylaniline,37529-30-9,HCT116,2,384,9.69E-07,1.78E-07,8.81E-06,0.00445325,N,
3737,naphthalene,91-20-3,HCT116,2,384,1.38E-07,2.69E-05,3.40E-05,0.673107,N,
3738,"1,2,4-trichlorobenzene",120-82-1,HCT116,2,384,2.40E-07,9.75E-06,2.40E-05,0.24386,N,
3739,"1,2-dichlorobenzene",95-50-1,HCT116,2,384,1.29E-07,1.89E-05,2.58E-05,0.47214,N,
3740,dichloromethane,75-09-2,HCT116,2,384,6.79E-09,3.08E-05,3.08E-05,0.769048,N,
3741,tetrachloroethylene,127-18-4,HCT116,2,384,8.59E-08,1.34E-05,1.80E-05,0.335582,N,
3742,"2,3-dimethyl-1,3-butadiene",513-81-5,HCT116,2,384,2.92E-09,9.48E-07,1.09E-06,0.0237019,N,
3743,Eugenol F,97-53-0,HCT116,2,384,2.43E-08,3.84E-05,3.92E-05,0.96064,N,
3744,Methyl-antranilate,134-20-3,HCT116,2,384,1.43E-08,3.94E-05,3.97E-05,0.983848,N,
3745,Lilyfore,285977-85-7,HCT116,2,384,1.27E-07,2.85E-05,3.49E-05,0.711425,N,
3746,Damascone beta,23726-91-2,HCT116,2,384,3.28E-07,6.70E-06,2.74E-05,0.16742,N,
3747,Veloutone,14595-54-1,HCT116,2,384,5.82E-07,1.20E-06,1.95E-05,0.0299523,N,
3748,Verdox,82356-51-2,HCT116,2,384,1.00E-06,1.36E-07,8.04E-06,0.00341073,N,
3749,Nirvanol,1506-02-1,HCT116,2,384,7.57E-07,5.88E-07,1.43E-05,0.0146961,N,
3750,Cetalox,3738-00-9,HCT116,2,384,6.31E-07,9.84E-07,1.79E-05,0.0245929,N,
3751,Tonalide,21145-77-7,HCT116,2,384,7.57E-07,5.88E-07,1.43E-05,0.0146961,N,
3752,"2,4-Dinitrophenol",51-28-5,HCT116,2,384,1.50E-09,3.96E-05,3.98E-05,0.99031,A,4.1
3753,Aldrin,309-00-2,HCT116,2,384,1.02E-06,1.23E-07,7.78E-06,0.00307461,N,
3754,Azinphos-methyl,86-50-0,HCT116,2,384,5.54E-08,3.55E-05,3.79E-05,0.887367,N,
3755,Chlorpyrifos,2921-88-2,HCT116,2,384,4.47E-07,1.93E-06,2.38E-05,0.0483309,N,
3756,"DDD-p,p'",50-29-3,HCT116,2,384,1.11E-06,5.15E-08,6.23E-06,0.00128873,N,
3757,"DDT-o,p'",789-02-6,HCT116,2,384,1.03E-06,1.09E-07,7.49E-06,0.00271365,N,
3758,"DDT-p,p'",72-54-8,HCT116,2,384,9.08E-07,2.66E-07,1.02E-05,0.00664629,N,
3759,Diazinon,333-41-5,HCT116,2,384,2.52E-07,1.55E-05,3.01E-05,0.388226,N,
3760,Dicofol,115-32-2,HCT116,2,384,4.71E-07,1.78E-06,2.30E-05,0.0443792,N,
3761,Dieldrin,60-57-1,HCT116,2,384,5.13E-07,1.53E-06,2.17E-05,0.0383231,N,
3762,Disulfoton,298-04-4,HCT116,2,384,2.92E-07,1.11E-05,2.86E-05,0.277659,N,
3763,Endosulfan I,115-29-7,HCT116,2,384,2.57E-07,1.51E-05,2.99E-05,0.376953,N,
3764,Endrin,72-20-8,HCT116,2,384,6.46E-07,9.39E-07,1.75E-05,0.0234727,N,
3765,Ethion,563-12-2,HCT116,2,384,4.92E-07,1.65E-06,2.23E-05,0.0412695,N,
3766,Heptachlor,76-44-8,HCT116,2,384,9.01E-07,2.77E-07,1.04E-05,0.00691273,N,
3767,Heptachlor epoxide B,1024-57-3,HCT116,2,384,4.55E-07,1.88E-06,2.36E-05,0.0469869,N,
3768,Lindane,58-89-9,HCT116,2,384,2.33E-07,1.76E-05,3.08E-05,0.440108,N,
3769,"Methoxychlor-o,p'",72-43-5,HCT116,2,384,4.97E-07,1.63E-06,2.22E-05,0.0406673,N,
3770,Parathion,56-38-2,HCT116,2,384,2.57E-07,1.51E-05,2.99E-05,0.376959,N,
3771,Trifluralin,1582-09-8,HCT116,2,384,6.07E-07,1.09E-06,1.87E-05,0.0272086,N,
3772,Cisapride,81098-60-4,HCT116,2,384,6.23E-08,2.32E-05,3.29E-05,0.579404,B,7.8
3773,Citalopram hydrobromide,59729-33-8,HCT116,2,384,1.20E-07,2.92E-05,3.52E-05,0.730537,N,
3774,Dofetilide,115256-11-6,HCT116,2,384,1.94E-08,3.86E-05,3.93E-05,0.964906,B,8.4
3775,Moxifloxacin hydrochloride,186826-86-8,HCT116,2,384,4.88E-09,3.99E-05,3.99E-05,0.997141,A,6
3776,N-acetylpro-cainamide,32795-44-1,HCT116,2,384,2.74E-08,3.98E-05,3.99E-05,0.996237,B,9.2
3777,Quinidine sulfate,50-54-4,HCT116,2,384,2.54E-08,2.88E-05,3.51E-05,0.720773,B,9.3
3778,Sematilide,101526-83-4,HCT116,2,384,2.53E-08,3.99E-05,3.99E-05,0.996816,B,9.1
3779,Sotalol hydrochloride,959-24-0,HCT116,2,384,2.36E-08,4.00E-05,4.00E-05,0.999072,B,9
3780,Mifepristone,84371-65-3,HCT116,2,384,4.13E-07,2.17E-06,2.49E-05,0.0542045,N,
3781,Perfluorobutanesulfonic_acid,375-73-5,HCT116,2,384,4.65E-10,3.97E-05,3.99E-05,0.993494,A,-2.9
3782,4_2_Fluorotelomer_sulfonic_acid,757124-72-4,HCT116,2,384,4.60E-10,3.95E-05,3.97E-05,0.988087,A,1.4
3783,Perfluorononanoic_acid,375-95-1,HCT116,2,384,3.70E-12,3.08E-07,1.01E-05,0.0077067,A,0.1
3784,Perfluorohexanoic_acid,307-24-4,HCT116,2,384,9.47E-11,8.11E-06,2.79E-05,0.202805,A,0.1
3785,Perfluorobutanoic_acid,375-22-4,HCT116,2,384,4.62E-10,3.96E-05,3.98E-05,0.989144,A,0.1
3786,Perfluorooctanoic_acid,335-67-1,HCT116,2,384,1.08E-10,9.25E-06,2.82E-05,0.23121,A,0.1
3787,6_2_Fluorotelomer_sulfonic_acid,27619-97-2,HCT116,2,384,3.85E-10,3.31E-05,3.68E-05,0.826455,A,1.4
3788,8_2_Fluorotelomer_sulfonic_acid,39108-34-4,HCT116,2,384,9.83E-11,8.43E-06,2.80E-05,0.210647,A,1.4
3789,Perfluoroundecanoic_acid,2058-94-8,HCT116,2,384,4.62E-12,3.87E-07,1.12E-05,0.00968525,A,0.1
3790,Perfluorooctanesulfonic_acid,1763-23-1,HCT116,2,384,4.54E-12,3.87E-07,1.12E-05,0.00968525,A,-2.9
3791,Perfluoroheptanoic_acid,375-85-9,HCT116,2,384,2.60E-10,2.23E-05,3.26E-05,0.557222,A,0.1
3792,Perfluoropentanoic_acid,2706-90-3,HCT116,2,384,4.47E-10,3.83E-05,3.91E-05,0.956849,A,0.1
3793,Perfluorohexanesulfonic_acid,355-46-4,HCT116,2,384,4.21E-10,3.59E-05,3.81E-05,0.898152,A,-2.9
3794,Perfluorodecanoic_acid,335-76-2,HCT116,2,384,1.99E-12,1.60E-07,7.47E-06,0.00400854,A,0.1
3795,cyclosporine A,59865-13-3,HCT116,2,384,7.49E-08,3.36E-05,3.71E-05,0.840455,N,
3796,chlorpromazine,50-53-3,HCT116,2,384,2.03E-08,1.00E-06,1.77E-05,0.0250527,B,9.4
3797,PBDE 47,5436-43-1,HCT116,2,384,1.09E-06,6.39E-08,6.52E-06,0.00159785,N,
3798,PBDE 99,60348-60-9,HCT116,2,384,1.18E-06,2.10E-08,5.49E-06,0.000526233,N,
3799,PBDE 153,68631-49-2,HCT116,2,384,1.25E-06,5.78E-09,5.35E-06,0.000144382,N,
3800,amiodarone,1951-25-3,HCT116,2,384,5.56E-08,1.31E-08,3.59E-06,0.000328374,B,9
3801,Azathioprine,446-86-6,HCT116,2,384,6.96E-09,4.00E-05,4.00E-05,0.999578,A,8.2
3802,Benzocaine,94-09-7,HCT116,2,384,1.40E-08,3.94E-05,3.97E-05,0.984572,N,
3803,Butylated hydroxyanisole,25013-16-5,HCT116,2,384,1.65E-07,2.47E-05,3.34E-05,0.616393,N,
3804,Cetirizine dihydrochloride,83881-52-1,HCT116,2,384,2.49E-09,4.00E-05,4.00E-05,0.998899,A,4.7
3805,Cyclamate,139-05-9,HCT116,2,384,9.33E-07,3.91E-05,3.91E-05,0.976622,B,17.6
3806,Cyclophosphamide,6055-19-2,HCT116,2,384,1.28E-08,3.99E-05,4.00E-05,0.998686,B,6.1
3807,Cypermethrin,67375-30-8,HCT116,2,384,1.05E-06,9.57E-08,7.22E-06,0.00239246,N,
3808,DEET,134-62-3,HCT116,2,384,2.12E-08,3.87E-05,3.93E-05,0.967948,N,
3809,Dexamethasone,50-02-2,HCT116,2,384,1.50E-08,3.93E-05,3.96E-05,0.9823,N,
3810,Digoxin,20830-75-5,HCT116,2,384,8.83E-09,3.98E-05,3.99E-05,0.996056,N,
3811,Fenazaquin,120928-09-8,HCT116,2,384,6.79E-07,8.20E-07,1.65E-05,0.0205102,N,
3812,Fenbuconazole,114369-43-6,HCT116,2,384,1.25E-07,2.87E-05,3.50E-05,0.716281,N,
3813,Fluazinam,79622-59-6,HCT116,2,384,2.91E-07,1.13E-05,2.87E-05,0.28247,N,
3814,Furosemide,54-31-9,HCT116,2,384,5.86E-10,3.91E-05,3.95E-05,0.977746,A,3
3815,Glybenclamide,10238-21-8,HCT116,2,384,1.54E-09,2.29E-06,2.54E-05,0.0572986,A,5
3816,HC Red 3,2871-01-4,HCT116,2,384,7.23E-09,4.00E-05,4.00E-05,0.999553,N,
3817,Hydralazine hydrochloride,304-20-1,HCT116,2,384,1.22E-08,3.99E-05,4.00E-05,0.998629,B,6
3818,Ketoconazole,65277-42-1,HCT116,2,384,2.90E-07,5.96E-06,2.73E-05,0.14904,B,6.6
3819,Metformin,1115-70-4,HCT116,2,384,4.09E-08,4.00E-05,4.00E-05,0.998951,B,9.6
3820,Metoclopramide,364-62-5,HCT116,2,384,2.32E-08,3.66E-05,3.84E-05,0.915525,B,9
3821,Nitrofurantoin,67-20-9,HCT116,2,384,6.11E-09,4.00E-05,4.00E-05,0.999781,A,7.3
3822,Oxytetracycline hydrochloride,2058-46-0,HCT116,2,384,2.14E-09,4.00E-05,4.00E-05,0.999941,A,4.5
3823,Panthenol,16485-10-2 ,HCT116,2,384,7.11E-09,4.00E-05,4.00E-05,0.999798,N,
3824,Paracetamol,103-90-2,HCT116,2,384,7.37E-09,4.00E-05,4.00E-05,0.999241,N,
3825,Topiramate,97240-79-4,HCT116,2,384,7.07E-09,4.00E-05,4.00E-05,0.999815,A,9.2
3826,Trimellitic anhydride,552-30-7,HCT116,2,384,7.18E-10,3.98E-05,3.99E-05,0.994066,A,3.3
3827,Verapamil hydrochloride,152-11-4,HCT116,2,384,1.51E-08,4.60E-06,2.72E-05,0.115115,B,9.2
3828,Warfarin,129-06-6,HCT116,2,384,3.44E-08,3.75E-05,3.88E-05,0.93714,N,
3829,Caffeine,58-08-2,HEK293T,2,384,2.03E-08,4.00E-05,4.00E-05,0.999325,N,
3830,Lamotrigine,84057-84-1,HEK293T,2,384,7.28E-08,3.69E-05,3.85E-05,0.922745,B,6.6
3831,Diclofenac,15307-79-6,HEK293T,2,384,2.55E-06,3.74E-05,3.74E-05,0.935339,B,17.6
3832,"2,4-Dichlorophenoxyacetic",94-75-7,HEK293T,2,384,1.33E-09,3.50E-05,3.77E-05,0.874333,A,2.7
3833,(S)-Naproxen,22204-53-1,HEK293T,2,384,4.27E-09,2.97E-05,3.55E-05,0.743047,A,4.4
3834,Ibuprofen,15687-27-1,HEK293T,2,384,7.15E-09,1.75E-05,3.08E-05,0.438574,A,5.4
3835,Torasemide,56211-40-6,HEK293T,2,384,2.57E-09,2.59E-05,3.39E-05,0.648051,A,4
3836,Warfarin,81-81-2,HEK293T,2,384,5.54E-09,3.60E-05,3.81E-05,0.900181,A,4.5
3837,di-n-butylphthalate,84-74-2,HEK293T,2,384,3.90E-07,3.42E-06,2.69E-05,0.0855385,N,
3838,hexachlorophene,70-30-4,HEK293T,2,384,8.41E-08,1.40E-08,3.66E-06,0.000350226,A,6.2
3839,hexamethylenetetramine,100-97-0,HEK293T,2,384,4.09E-08,3.99E-05,3.99E-05,0.997386,B,6.4
3840,Malathion,121-75-5,HEK293T,2,384,4.29E-08,3.81E-05,3.90E-05,0.951527,N,
3841,pentachlorophenol,87-86-5,HEK293T,2,384,2.27E-09,1.57E-06,2.17E-05,0.0392986,A,5
3842,"2,2,2-trichloroethanol",115-20-8,HEK293T,2,384,2.29E-08,3.97E-05,3.98E-05,0.991949,N,
3843,diethylphthalate,84-66-2,HEK293T,2,384,4.72E-08,3.77E-05,3.88E-05,0.942094,N,
3844,4-chlorophenol,106-48-9,HEK293T,2,384,4.44E-08,3.79E-05,3.90E-05,0.948118,N,
3845,permethrin,52645-53-1,HEK293T,2,384,1.12E-06,1.23E-07,7.76E-06,0.00306729,N,
3846,Aniline,62-53-3,HEK293T,2,384,2.10E-08,3.99E-05,3.99E-05,0.997623,N,
3847,4-fluoroaniline,371-40-4,HEK293T,2,384,2.17E-08,3.98E-05,3.99E-05,0.996102,N,
3848,"2,4,6-trichlorophenol",88-06-2,HEK293T,2,384,5.70E-08,1.85E-05,3.11E-05,0.461343,A,6.8
3849,Allyl alcohol,107-18-6,HEK293T,2,384,2.04E-08,3.99E-05,3.99E-05,0.997816,N,
3850,N-methylaniline,100-61-8,HEK293T,2,384,2.49E-08,3.95E-05,3.97E-05,0.988163,N,
3851,"3,4-dichloroaniline",95-76-1,HEK293T,2,384,6.62E-08,3.60E-05,3.81E-05,0.900342,N,
3852,4-decylaniline,37529-30-9,HEK293T,2,384,1.07E-06,1.78E-07,8.79E-06,0.00444191,N,
3853,naphthalene,91-20-3,HEK293T,2,384,1.60E-07,2.69E-05,3.40E-05,0.672725,N,
3854,"1,2,4-trichlorobenzene",120-82-1,HEK293T,2,384,2.68E-07,9.75E-06,2.40E-05,0.243696,N,
3855,"1,2-dichlorobenzene",95-50-1,HEK293T,2,384,1.49E-07,1.89E-05,2.57E-05,0.47193,N,
3856,dichloromethane,75-09-2,HEK293T,2,384,1.70E-08,3.08E-05,3.08E-05,0.768883,N,
3857,tetrachloroethylene,127-18-4,HEK293T,2,384,9.91E-08,1.34E-05,1.79E-05,0.3355,N,
3858,"2,3-dimethyl-1,3-butadiene",513-81-5,HEK293T,2,384,3.52E-09,9.48E-07,1.09E-06,0.0237058,N,
3859,Eugenol F,97-53-0,HEK293T,2,384,3.88E-08,3.84E-05,3.92E-05,0.960293,N,
3860,Methyl-antranilate,134-20-3,HEK293T,2,384,2.80E-08,3.93E-05,3.96E-05,0.983511,N,
3861,Lilyfore,285977-85-7,HEK293T,2,384,1.49E-07,2.84E-05,3.49E-05,0.711029,N,
3862,Damascone beta,23726-91-2,HEK293T,2,384,3.65E-07,6.69E-06,2.74E-05,0.167267,N,
3863,Veloutone,14595-54-1,HEK293T,2,384,6.42E-07,1.20E-06,1.95E-05,0.0299062,N,
3864,Verdox,82356-51-2,HEK293T,2,384,1.11E-06,1.36E-07,8.02E-06,0.00340173,N,
3865,Nirvanol,1506-02-1,HEK293T,2,384,8.35E-07,5.87E-07,1.42E-05,0.0146668,N,
3866,Cetalox,3738-00-9,HEK293T,2,384,6.96E-07,9.82E-07,1.78E-05,0.0245519,N,
3867,Tonalide,21145-77-7,HEK293T,2,384,8.35E-07,5.87E-07,1.42E-05,0.0146668,N,
3868,"2,4-Dinitrophenol",51-28-5,HEK293T,2,384,4.28E-09,3.96E-05,3.98E-05,0.990241,A,4.1
3869,Aldrin,309-00-2,HEK293T,2,384,1.12E-06,1.23E-07,7.76E-06,0.00306639,N,
3870,Azinphos-methyl,86-50-0,HEK293T,2,384,7.22E-08,3.55E-05,3.79E-05,0.886994,N,
3871,Chlorpyrifos,2921-88-2,HEK293T,2,384,4.94E-07,1.93E-06,2.38E-05,0.0482733,N,
3872,"DDD-p,p'",50-29-3,HEK293T,2,384,1.22E-06,5.14E-08,6.21E-06,0.00128498,N,
3873,"DDT-o,p'",789-02-6,HEK293T,2,384,1.14E-06,1.08E-07,7.47E-06,0.00270629,N,
3874,"DDT-p,p'",72-54-8,HEK293T,2,384,1.00E-06,2.65E-07,1.02E-05,0.00663042,N,
3875,Diazinon,333-41-5,HEK293T,2,384,2.84E-07,1.55E-05,3.00E-05,0.387922,N,
3876,Dicofol,115-32-2,HEK293T,2,384,5.21E-07,1.77E-06,2.30E-05,0.0443235,N,
3877,Dieldrin,60-57-1,HEK293T,2,384,5.67E-07,1.53E-06,2.16E-05,0.0382709,N,
3878,Disulfoton,298-04-4,HEK293T,2,384,3.26E-07,1.11E-05,2.86E-05,0.277421,N,
3879,Endosulfan I,115-29-7,HEK293T,2,384,2.88E-07,1.51E-05,2.99E-05,0.376655,N,
3880,Endrin,72-20-8,HEK293T,2,384,7.13E-07,9.37E-07,1.75E-05,0.0234326,N,
3881,Ethion,563-12-2,HEK293T,2,384,5.44E-07,1.65E-06,2.23E-05,0.0412155,N,
3882,Heptachlor,76-44-8,HEK293T,2,384,9.94E-07,2.76E-07,1.04E-05,0.00689634,N,
3883,Heptachlor epoxide B,1024-57-3,HEK293T,2,384,5.03E-07,1.88E-06,2.35E-05,0.04693,N,
3884,Lindane,58-89-9,HEK293T,2,384,2.63E-07,1.76E-05,3.08E-05,0.439778,N,
3885,"Methoxychlor-o,p'",72-43-5,HEK293T,2,384,5.49E-07,1.62E-06,2.22E-05,0.0406136,N,
3886,Parathion,56-38-2,HEK293T,2,384,2.88E-07,1.51E-05,2.99E-05,0.376661,N,
3887,Trifluralin,1582-09-8,HEK293T,2,384,6.70E-07,1.09E-06,1.87E-05,0.027165,N,
3888,Cisapride,81098-60-4,HEK293T,2,384,8.64E-08,2.32E-05,3.28E-05,0.579054,B,7.8
3889,Citalopram hydrobromide,59729-33-8,HEK293T,2,384,1.41E-07,2.92E-05,3.52E-05,0.730142,N,
3890,Dofetilide,115256-11-6,HEK293T,2,384,5.24E-08,3.86E-05,3.93E-05,0.96411,B,8.4
3891,Moxifloxacin hydrochloride,186826-86-8,HEK293T,2,384,1.38E-08,3.99E-05,3.99E-05,0.996918,A,6
3892,N-acetylpro-cainamide,32795-44-1,HEK293T,2,384,7.80E-08,3.98E-05,3.99E-05,0.994976,B,9.2
3893,Quinidine sulfate,50-54-4,HEK293T,2,384,6.58E-08,2.88E-05,3.50E-05,0.720045,B,9.3
3894,Sematilide,101526-83-4,HEK293T,2,384,7.21E-08,3.98E-05,3.99E-05,0.995651,B,9.1
3895,Sotalol hydrochloride,959-24-0,HEK293T,2,384,6.73E-08,3.99E-05,3.99E-05,0.997981,B,9
3896,Mifepristone,84371-65-3,HEK293T,2,384,4.57E-07,2.17E-06,2.49E-05,0.0541446,N,
3897,Perfluorobutanesulfonic_acid,375-73-5,HEK293T,2,384,1.33E-09,3.97E-05,3.99E-05,0.993472,A,-2.9
3898,4_2_Fluorotelomer_sulfonic_acid,757124-72-4,HEK293T,2,384,1.31E-09,3.95E-05,3.97E-05,0.988066,A,1.4
3899,Perfluorononanoic_acid,375-95-1,HEK293T,2,384,1.04E-11,3.08E-07,1.01E-05,0.0077067,A,0.1
3900,Perfluorohexanoic_acid,307-24-4,HEK293T,2,384,2.70E-10,8.11E-06,2.79E-05,0.202804,A,0.1
3901,Perfluorobutanoic_acid,375-22-4,HEK293T,2,384,1.32E-09,3.96E-05,3.98E-05,0.989123,A,0.1
3902,Perfluorooctanoic_acid,335-67-1,HEK293T,2,384,3.08E-10,9.25E-06,2.82E-05,0.231208,A,0.1
3903,6_2_Fluorotelomer_sulfonic_acid,27619-97-2,HEK293T,2,384,1.10E-09,3.31E-05,3.68E-05,0.826441,A,1.4
3904,8_2_Fluorotelomer_sulfonic_acid,39108-34-4,HEK293T,2,384,2.80E-10,8.43E-06,2.80E-05,0.210646,A,1.4
3905,Perfluoroundecanoic_acid,2058-94-8,HEK293T,2,384,1.30E-11,3.87E-07,1.12E-05,0.00968525,A,0.1
3906,Perfluorooctanesulfonic_acid,1763-23-1,HEK293T,2,384,1.29E-11,3.87E-07,1.12E-05,0.00968525,A,-2.9
3907,Perfluoroheptanoic_acid,375-85-9,HEK293T,2,384,7.42E-10,2.23E-05,3.26E-05,0.557216,A,0.1
3908,Perfluoropentanoic_acid,2706-90-3,HEK293T,2,384,1.27E-09,3.83E-05,3.91E-05,0.956829,A,0.1
3909,Perfluorohexanesulfonic_acid,355-46-4,HEK293T,2,384,1.20E-09,3.59E-05,3.81E-05,0.898134,A,-2.9
3910,Perfluorodecanoic_acid,335-76-2,HEK293T,2,384,5.47E-12,1.60E-07,7.47E-06,0.00400854,A,0.1
3911,cyclosporine A,59865-13-3,HEK293T,2,384,9.31E-08,3.36E-05,3.70E-05,0.840071,N,
3912,chlorpromazine,50-53-3,HEK293T,2,384,2.39E-08,1.00E-06,1.77E-05,0.0250505,B,9.4
3913,PBDE 47,5436-43-1,HEK293T,2,384,1.20E-06,6.37E-08,6.50E-06,0.00159328,N,
3914,PBDE 99,60348-60-9,HEK293T,2,384,1.30E-06,2.10E-08,5.48E-06,0.000524608,N,
3915,PBDE 153,68631-49-2,HEK293T,2,384,1.38E-06,5.76E-09,5.33E-06,0.000143908,N,
3916,amiodarone,1951-25-3,HEK293T,2,384,6.14E-08,1.31E-08,3.59E-06,0.000328326,B,9
3917,Azathioprine,446-86-6,HEK293T,2,384,1.97E-08,4.00E-05,4.00E-05,0.99926,A,8.2
3918,Benzocaine,94-09-7,HEK293T,2,384,2.76E-08,3.94E-05,3.97E-05,0.984235,N,
3919,Butylated hydroxyanisole,25013-16-5,HEK293T,2,384,1.90E-07,2.46E-05,3.34E-05,0.616008,N,
3920,Cetirizine dihydrochloride,83881-52-1,HEK293T,2,384,7.09E-09,4.00E-05,4.00E-05,0.998784,A,4.7
3921,Cyclamate,139-05-9,HEK293T,2,384,2.55E-06,3.74E-05,3.74E-05,0.936174,B,17.6
3922,Cyclophosphamide,6055-19-2,HEK293T,2,384,3.57E-08,3.99E-05,3.99E-05,0.998115,B,6.1
3923,Cypermethrin,67375-30-8,HEK293T,2,384,1.15E-06,9.54E-08,7.20E-06,0.00238588,N,
3924,DEET,134-62-3,HEK293T,2,384,3.54E-08,3.87E-05,3.93E-05,0.967604,N,
3925,Dexamethasone,50-02-2,HEK293T,2,384,2.87E-08,3.93E-05,3.96E-05,0.981963,N,
3926,Digoxin,20830-75-5,HEK293T,2,384,2.21E-08,3.98E-05,3.99E-05,0.995725,N,
3927,Fenazaquin,120928-09-8,HEK293T,2,384,7.50E-07,8.19E-07,1.65E-05,0.0204735,N,
3928,Fenbuconazole,114369-43-6,HEK293T,2,384,1.47E-07,2.86E-05,3.50E-05,0.715886,N,
3929,Fluazinam,79622-59-6,HEK293T,2,384,3.24E-07,1.13E-05,2.87E-05,0.282229,N,
3930,Furosemide,54-31-9,HEK293T,2,384,1.67E-09,3.91E-05,3.95E-05,0.977719,A,3
3931,Glybenclamide,10238-21-8,HEK293T,2,384,2.00E-09,2.29E-06,2.54E-05,0.057298,A,5
3932,HC Red 3,2871-01-4,HEK293T,2,384,2.04E-08,4.00E-05,4.00E-05,0.999224,N,
3933,Hydralazine hydrochloride,304-20-1,HEK293T,2,384,3.38E-08,3.99E-05,3.99E-05,0.998089,B,6
3934,Ketoconazole,65277-42-1,HEK293T,2,384,3.24E-07,5.96E-06,2.73E-05,0.148911,B,6.6
3935,Metformin,1115-70-4,HEK293T,2,384,1.16E-07,3.99E-05,3.99E-05,0.997062,B,9.6
3936,Metoclopramide,364-62-5,HEK293T,2,384,6.34E-08,3.66E-05,3.83E-05,0.914605,B,9
3937,Nitrofurantoin,67-20-9,HEK293T,2,384,1.74E-08,4.00E-05,4.00E-05,0.999499,A,7.3
3938,Oxytetracycline hydrochloride,2058-46-0,HEK293T,2,384,6.11E-09,4.00E-05,4.00E-05,0.999842,A,4.5
3939,Panthenol,16485-10-2 ,HEK293T,2,384,2.02E-08,4.00E-05,4.00E-05,0.999469,N,
3940,Paracetamol,103-90-2,HEK293T,2,384,2.05E-08,4.00E-05,4.00E-05,0.998912,N,
3941,Topiramate,97240-79-4,HEK293T,2,384,2.02E-08,4.00E-05,4.00E-05,0.999488,A,9.2
3942,Trimellitic anhydride,552-30-7,HEK293T,2,384,2.05E-09,3.98E-05,3.99E-05,0.994033,A,3.3
3943,Verapamil hydrochloride,152-11-4,HEK293T,2,384,2.22E-08,4.60E-06,2.72E-05,0.115095,B,9.2
3944,Warfarin,129-06-6,HEK293T,2,384,4.97E-08,3.75E-05,3.88E-05,0.936783,N,
3945,Caffeine,58-08-2,HepG2,2,384,8.25E-09,4.00E-05,4.00E-05,0.999626,N,
3946,Lamotrigine,84057-84-1,HepG2,2,384,5.84E-08,3.69E-05,3.85E-05,0.92308,B,6.6
3947,Diclofenac,15307-79-6,HepG2,2,384,1.06E-06,3.89E-05,3.89E-05,0.972401,B,17.6
3948,"2,4-Dichlorophenoxyacetic",94-75-7,HepG2,2,384,5.34E-10,3.50E-05,3.77E-05,0.87435,A,2.7
3949,(S)-Naproxen,22204-53-1,HepG2,2,384,1.79E-09,2.97E-05,3.55E-05,0.743093,A,4.4
3950,Ibuprofen,15687-27-1,HepG2,2,384,5.00E-09,1.75E-05,3.08E-05,0.438598,A,5.4
3951,Torasemide,56211-40-6,HepG2,2,384,1.06E-09,2.59E-05,3.39E-05,0.648075,A,4
3952,Warfarin,81-81-2,HepG2,2,384,2.27E-09,3.60E-05,3.81E-05,0.900255,A,4.5
3953,di-n-butylphthalate,84-74-2,HepG2,2,384,5.08E-07,3.41E-06,2.68E-05,0.0852836,N,
3954,hexachlorophene,70-30-4,HepG2,2,384,1.10E-07,1.40E-08,3.66E-06,0.000349997,A,6.2
3955,hexamethylenetetramine,100-97-0,HepG2,2,384,1.64E-08,3.99E-05,3.99E-05,0.997995,B,6.4
3956,Malathion,121-75-5,HepG2,2,384,3.87E-08,3.81E-05,3.90E-05,0.951626,N,
3957,pentachlorophenol,87-86-5,HepG2,2,384,2.67E-09,1.57E-06,2.17E-05,0.0392982,A,5
3958,"2,2,2-trichloroethanol",115-20-8,HepG2,2,384,1.18E-08,3.97E-05,3.98E-05,0.992225,N,
3959,diethylphthalate,84-66-2,HepG2,2,384,4.46E-08,3.77E-05,3.89E-05,0.942157,N,
3960,4-chlorophenol,106-48-9,HepG2,2,384,4.08E-08,3.79E-05,3.90E-05,0.948205,N,
3961,permethrin,52645-53-1,HepG2,2,384,1.46E-06,1.22E-07,7.69E-06,0.00304079,N,
3962,Aniline,62-53-3,HepG2,2,384,9.23E-09,3.99E-05,3.99E-05,0.997918,N,
3963,4-fluoroaniline,371-40-4,HepG2,2,384,1.01E-08,3.99E-05,3.99E-05,0.996391,N,
3964,"2,4,6-trichlorophenol",88-06-2,HepG2,2,384,6.80E-08,1.84E-05,3.11E-05,0.461216,A,6.8
3965,Allyl alcohol,107-18-6,HepG2,2,384,8.33E-09,3.99E-05,3.99E-05,0.998116,N,
3966,N-methylaniline,100-61-8,HepG2,2,384,1.44E-08,3.95E-05,3.97E-05,0.98842,N,
3967,"3,4-dichloroaniline",95-76-1,HepG2,2,384,7.02E-08,3.60E-05,3.81E-05,0.900252,N,
3968,4-decylaniline,37529-30-9,HepG2,2,384,1.39E-06,1.76E-07,8.71E-06,0.00440534,N,
3969,naphthalene,91-20-3,HepG2,2,384,1.98E-07,2.69E-05,3.40E-05,0.672093,N,
3970,"1,2,4-trichlorobenzene",120-82-1,HepG2,2,384,3.46E-07,9.73E-06,2.40E-05,0.24321,N,
3971,"1,2-dichlorobenzene",95-50-1,HepG2,2,384,1.86E-07,1.89E-05,2.57E-05,0.471469,N,
3972,dichloromethane,75-09-2,HepG2,2,384,8.18E-09,3.08E-05,3.08E-05,0.769024,N,
3973,tetrachloroethylene,127-18-4,HepG2,2,384,1.24E-07,1.34E-05,1.79E-05,0.335267,N,
3974,"2,3-dimethyl-1,3-butadiene",513-81-5,HepG2,2,384,4.18E-09,9.48E-07,1.09E-06,0.0237016,N,
3975,Eugenol F,97-53-0,HepG2,2,384,3.32E-08,3.84E-05,3.92E-05,0.960428,N,
3976,Methyl-antranilate,134-20-3,HepG2,2,384,1.86E-08,3.93E-05,3.97E-05,0.983743,N,
3977,Lilyfore,285977-85-7,HepG2,2,384,1.83E-07,2.84E-05,3.49E-05,0.710436,N,
3978,Damascone beta,23726-91-2,HepG2,2,384,4.74E-07,6.67E-06,2.73E-05,0.166806,N,
3979,Veloutone,14595-54-1,HepG2,2,384,8.37E-07,1.19E-06,1.94E-05,0.029758,N,
3980,Verdox,82356-51-2,HepG2,2,384,1.44E-06,1.35E-07,7.95E-06,0.00337271,N,
3981,Nirvanol,1506-02-1,HepG2,2,384,1.09E-06,5.83E-07,1.42E-05,0.0145723,N,
3982,Cetalox,3738-00-9,HepG2,2,384,9.08E-07,9.77E-07,1.77E-05,0.0244199,N,
3983,Tonalide,21145-77-7,HepG2,2,384,1.09E-06,5.83E-07,1.42E-05,0.0145723,N,
3984,"2,4-Dinitrophenol",51-28-5,HepG2,2,384,1.72E-09,3.96E-05,3.98E-05,0.990305,A,4.1
3985,Aldrin,309-00-2,HepG2,2,384,1.46E-06,1.22E-07,7.69E-06,0.0030399,N,
3986,Azinphos-methyl,86-50-0,HepG2,2,384,7.83E-08,3.55E-05,3.78E-05,0.886858,N,
3987,Chlorpyrifos,2921-88-2,HepG2,2,384,6.44E-07,1.92E-06,2.37E-05,0.0480897,N,
3988,"DDD-p,p'",50-29-3,HepG2,2,384,1.58E-06,5.09E-08,6.15E-06,0.00127291,N,
3989,"DDT-o,p'",789-02-6,HepG2,2,384,1.48E-06,1.07E-07,7.40E-06,0.00268258,N,
3990,"DDT-p,p'",72-54-8,HepG2,2,384,1.30E-06,2.63E-07,1.01E-05,0.00657922,N,
3991,Diazinon,333-41-5,HepG2,2,384,3.64E-07,1.55E-05,3.00E-05,0.387138,N,
3992,Dicofol,115-32-2,HepG2,2,384,6.80E-07,1.77E-06,2.29E-05,0.0441456,N,
3993,Dieldrin,60-57-1,HepG2,2,384,7.40E-07,1.52E-06,2.15E-05,0.0381036,N,
3994,Disulfoton,298-04-4,HepG2,2,384,4.22E-07,1.11E-05,2.85E-05,0.276755,N,
3995,Endosulfan I,115-29-7,HepG2,2,384,3.70E-07,1.50E-05,2.98E-05,0.375878,N,
3996,Endrin,72-20-8,HepG2,2,384,9.29E-07,9.32E-07,1.74E-05,0.0233038,N,
3997,Ethion,563-12-2,HepG2,2,384,7.09E-07,1.64E-06,2.22E-05,0.0410427,N,
3998,Heptachlor,76-44-8,HepG2,2,384,1.29E-06,2.74E-07,1.03E-05,0.00684346,N,
3999,Heptachlor epoxide B,1024-57-3,HepG2,2,384,6.56E-07,1.87E-06,2.34E-05,0.0467482,N,
4000,Lindane,58-89-9,HepG2,2,384,3.36E-07,1.76E-05,3.07E-05,0.43897,N,
4001,"Methoxychlor-o,p'",72-43-5,HepG2,2,384,7.15E-07,1.62E-06,2.21E-05,0.0404419,N,
4002,Parathion,56-38-2,HepG2,2,384,3.70E-07,1.50E-05,2.98E-05,0.375884,N,
4003,Trifluralin,1582-09-8,HepG2,2,384,8.74E-07,1.08E-06,1.86E-05,0.0270244,N,
4004,Cisapride,81098-60-4,HepG2,2,384,8.72E-08,2.32E-05,3.28E-05,0.579042,B,7.8
4005,Citalopram hydrobromide,59729-33-8,HepG2,2,384,1.72E-07,2.92E-05,3.52E-05,0.729586,N,
4006,Dofetilide,115256-11-6,HepG2,2,384,2.28E-08,3.86E-05,3.93E-05,0.964826,B,8.4
4007,Moxifloxacin hydrochloride,186826-86-8,HepG2,2,384,5.61E-09,3.99E-05,3.99E-05,0.997123,A,6
4008,N-acetylpro-cainamide,32795-44-1,HepG2,2,384,3.14E-08,3.98E-05,3.99E-05,0.996136,B,9.2
4009,Quinidine sulfate,50-54-4,HepG2,2,384,3.03E-08,2.88E-05,3.51E-05,0.720686,B,9.3
4010,Sematilide,101526-83-4,HepG2,2,384,2.90E-08,3.99E-05,3.99E-05,0.996724,B,9.1
4011,Sotalol hydrochloride,959-24-0,HepG2,2,384,2.71E-08,4.00E-05,4.00E-05,0.998986,B,9
4012,Mifepristone,84371-65-3,HepG2,2,384,5.96E-07,2.16E-06,2.48E-05,0.0539542,N,
4013,Perfluorobutanesulfonic_acid,375-73-5,HepG2,2,384,5.33E-10,3.97E-05,3.99E-05,0.993492,A,-2.9
4014,4_2_Fluorotelomer_sulfonic_acid,757124-72-4,HepG2,2,384,5.27E-10,3.95E-05,3.97E-05,0.988086,A,1.4
4015,Perfluorononanoic_acid,375-95-1,HepG2,2,384,4.27E-12,3.08E-07,1.01E-05,0.0077067,A,0.1
4016,Perfluorohexanoic_acid,307-24-4,HepG2,2,384,1.09E-10,8.11E-06,2.79E-05,0.202805,A,0.1
4017,Perfluorobutanoic_acid,375-22-4,HepG2,2,384,5.29E-10,3.96E-05,3.98E-05,0.989143,A,0.1
4018,Perfluorooctanoic_acid,335-67-1,HepG2,2,384,1.24E-10,9.25E-06,2.82E-05,0.231209,A,0.1
4019,6_2_Fluorotelomer_sulfonic_acid,27619-97-2,HepG2,2,384,4.41E-10,3.31E-05,3.68E-05,0.826454,A,1.4
4020,8_2_Fluorotelomer_sulfonic_acid,39108-34-4,HepG2,2,384,1.13E-10,8.43E-06,2.80E-05,0.210647,A,1.4
4021,Perfluoroundecanoic_acid,2058-94-8,HepG2,2,384,5.33E-12,3.87E-07,1.12E-05,0.00968525,A,0.1
4022,Perfluorooctanesulfonic_acid,1763-23-1,HepG2,2,384,5.20E-12,3.87E-07,1.12E-05,0.00968525,A,-2.9
4023,Perfluoroheptanoic_acid,375-85-9,HepG2,2,384,2.98E-10,2.23E-05,3.26E-05,0.557222,A,0.1
4024,Perfluoropentanoic_acid,2706-90-3,HepG2,2,384,5.12E-10,3.83E-05,3.91E-05,0.956847,A,0.1
4025,Perfluorohexanesulfonic_acid,355-46-4,HepG2,2,384,4.82E-10,3.59E-05,3.81E-05,0.89815,A,-2.9
4026,Perfluorodecanoic_acid,335-76-2,HepG2,2,384,2.31E-12,1.60E-07,7.47E-06,0.00400854,A,0.1
4027,cyclosporine A,59865-13-3,HepG2,2,384,1.07E-07,3.36E-05,3.70E-05,0.839787,N,
4028,chlorpromazine,50-53-3,HepG2,2,384,2.91E-08,1.00E-06,1.77E-05,0.0250472,B,9.4
4029,PBDE 47,5436-43-1,HepG2,2,384,1.56E-06,6.31E-08,6.44E-06,0.00157857,N,
4030,PBDE 99,60348-60-9,HepG2,2,384,1.68E-06,2.08E-08,5.42E-06,0.000519377,N,
4031,PBDE 153,68631-49-2,HepG2,2,384,1.79E-06,5.70E-09,5.27E-06,0.000142384,N,
4032,amiodarone,1951-25-3,HepG2,2,384,8.05E-08,1.31E-08,3.59E-06,0.000328169,B,9
4033,Azathioprine,446-86-6,HepG2,2,384,8.01E-09,4.00E-05,4.00E-05,0.999551,A,8.2
4034,Benzocaine,94-09-7,HepG2,2,384,1.81E-08,3.94E-05,3.97E-05,0.98447,N,
4035,Butylated hydroxyanisole,25013-16-5,HepG2,2,384,2.37E-07,2.46E-05,3.33E-05,0.615273,N,
4036,Cetirizine dihydrochloride,83881-52-1,HepG2,2,384,2.85E-09,4.00E-05,4.00E-05,0.99889,A,4.7
4037,Cyclamate,139-05-9,HepG2,2,384,1.07E-06,3.89E-05,3.89E-05,0.973304,B,17.6
4038,Cyclophosphamide,6055-19-2,HepG2,2,384,1.48E-08,3.99E-05,4.00E-05,0.998636,B,6.1
4039,Cypermethrin,67375-30-8,HepG2,2,384,1.50E-06,9.46E-08,7.14E-06,0.00236469,N,
4040,DEET,134-62-3,HepG2,2,384,2.87E-08,3.87E-05,3.93E-05,0.967768,N,
4041,Dexamethasone,50-02-2,HepG2,2,384,1.96E-08,3.93E-05,3.96E-05,0.982187,N,
4042,Digoxin,20830-75-5,HepG2,2,384,1.07E-08,3.98E-05,3.99E-05,0.99601,N,
4043,Fenazaquin,120928-09-8,HepG2,2,384,9.77E-07,8.14E-07,1.64E-05,0.020355,N,
4044,Fenbuconazole,114369-43-6,HepG2,2,384,1.80E-07,2.86E-05,3.49E-05,0.715302,N,
4045,Fluazinam,79622-59-6,HepG2,2,384,4.19E-07,1.13E-05,2.86E-05,0.281556,N,
4046,Furosemide,54-31-9,HepG2,2,384,6.72E-10,3.91E-05,3.95E-05,0.977744,A,3
4047,Glybenclamide,10238-21-8,HepG2,2,384,2.17E-09,2.29E-06,2.54E-05,0.0572977,A,5
4048,HC Red 3,2871-01-4,HepG2,2,384,8.32E-09,4.00E-05,4.00E-05,0.999525,N,
4049,Hydralazine hydrochloride,304-20-1,HepG2,2,384,1.41E-08,3.99E-05,4.00E-05,0.998581,B,6
4050,Ketoconazole,65277-42-1,HepG2,2,384,4.18E-07,5.94E-06,2.72E-05,0.148559,B,6.6
4051,Metformin,1115-70-4,HepG2,2,384,4.69E-08,4.00E-05,4.00E-05,0.998802,B,9.6
4052,Metoclopramide,364-62-5,HepG2,2,384,2.71E-08,3.66E-05,3.84E-05,0.915436,B,9
4053,Nitrofurantoin,67-20-9,HepG2,2,384,7.00E-09,4.00E-05,4.00E-05,0.999759,A,7.3
4054,Oxytetracycline hydrochloride,2058-46-0,HepG2,2,384,2.46E-09,4.00E-05,4.00E-05,0.999933,A,4.5
4055,Panthenol,16485-10-2 ,HepG2,2,384,8.15E-09,4.00E-05,4.00E-05,0.999771,N,
4056,Paracetamol,103-90-2,HepG2,2,384,8.53E-09,4.00E-05,4.00E-05,0.999212,N,
4057,Topiramate,97240-79-4,HepG2,2,384,8.11E-09,4.00E-05,4.00E-05,0.999789,A,9.2
4058,Trimellitic anhydride,552-30-7,HepG2,2,384,8.23E-10,3.98E-05,3.99E-05,0.994064,A,3.3
4059,Verapamil hydrochloride,152-11-4,HepG2,2,384,2.10E-08,4.60E-06,2.72E-05,0.115098,B,9.2
4060,Warfarin,129-06-6,HepG2,2,384,4.79E-08,3.75E-05,3.88E-05,0.936825,N,
4061,Caffeine,58-08-2,Me_180,2,384,1.05E-08,4.00E-05,4.00E-05,0.999571,N,
4062,Lamotrigine,84057-84-1,Me_180,2,384,6.82E-08,3.69E-05,3.85E-05,0.922853,B,6.6
4063,Diclofenac,15307-79-6,Me_180,2,384,1.34E-06,3.86E-05,3.86E-05,0.96543,B,17.6
4064,"2,4-Dichlorophenoxyacetic",94-75-7,Me_180,2,384,6.79E-10,3.50E-05,3.77E-05,0.874347,A,2.7
4065,(S)-Naproxen,22204-53-1,Me_180,2,384,2.26E-09,2.97E-05,3.55E-05,0.743084,A,4.4
4066,Ibuprofen,15687-27-1,Me_180,2,384,5.92E-09,1.75E-05,3.08E-05,0.438588,A,5.4
4067,Torasemide,56211-40-6,Me_180,2,384,1.35E-09,2.59E-05,3.39E-05,0.64807,A,4
4068,Warfarin,81-81-2,Me_180,2,384,2.87E-09,3.60E-05,3.81E-05,0.900242,A,4.5
4069,di-n-butylphthalate,84-74-2,Me_180,2,384,5.72E-07,3.41E-06,2.67E-05,0.0851453,N,
4070,hexachlorophene,70-30-4,Me_180,2,384,1.24E-07,1.40E-08,3.65E-06,0.000349874,A,6.2
4071,hexamethylenetetramine,100-97-0,Me_180,2,384,2.09E-08,3.99E-05,3.99E-05,0.997884,B,6.4
4072,Malathion,121-75-5,Me_180,2,384,4.48E-08,3.81E-05,3.90E-05,0.951482,N,
4073,pentachlorophenol,87-86-5,Me_180,2,384,3.03E-09,1.57E-06,2.17E-05,0.0392979,A,5
4074,"2,2,2-trichloroethanol",115-20-8,Me_180,2,384,1.44E-08,3.97E-05,3.98E-05,0.992159,N,
4075,diethylphthalate,84-66-2,Me_180,2,384,5.13E-08,3.77E-05,3.88E-05,0.941997,N,
4076,4-chlorophenol,106-48-9,Me_180,2,384,4.71E-08,3.79E-05,3.90E-05,0.948055,N,
4077,permethrin,52645-53-1,Me_180,2,384,1.64E-06,1.21E-07,7.66E-06,0.00302671,N,
4078,Aniline,62-53-3,Me_180,2,384,1.16E-08,3.99E-05,3.99E-05,0.99786,N,
4079,4-fluoroaniline,371-40-4,Me_180,2,384,1.25E-08,3.99E-05,3.99E-05,0.99633,N,
4080,"2,4,6-trichlorophenol",88-06-2,Me_180,2,384,7.70E-08,1.84E-05,3.11E-05,0.461111,A,6.8
4081,Allyl alcohol,107-18-6,Me_180,2,384,1.06E-08,3.99E-05,3.99E-05,0.99806,N,
4082,N-methylaniline,100-61-8,Me_180,2,384,1.74E-08,3.95E-05,3.97E-05,0.988347,N,
4083,"3,4-dichloroaniline",95-76-1,Me_180,2,384,8.02E-08,3.60E-05,3.81E-05,0.900026,N,
4084,4-decylaniline,37529-30-9,Me_180,2,384,1.56E-06,1.75E-07,8.67E-06,0.00438589,N,
4085,naphthalene,91-20-3,Me_180,2,384,2.24E-07,2.69E-05,3.39E-05,0.671656,N,
4086,"1,2,4-trichlorobenzene",120-82-1,Me_180,2,384,3.90E-07,9.72E-06,2.40E-05,0.242941,N,
4087,"1,2-dichlorobenzene",95-50-1,Me_180,2,384,2.10E-07,1.88E-05,2.57E-05,0.471186,N,
4088,dichloromethane,75-09-2,Me_180,2,384,1.01E-08,3.08E-05,3.08E-05,0.768992,N,
4089,tetrachloroethylene,127-18-4,Me_180,2,384,1.40E-07,1.34E-05,1.79E-05,0.335137,N,
4090,"2,3-dimethyl-1,3-butadiene",513-81-5,Me_180,2,384,4.74E-09,9.48E-07,1.09E-06,0.0237019,N,
4091,Eugenol F,97-53-0,Me_180,2,384,3.86E-08,3.84E-05,3.92E-05,0.960299,N,
4092,Methyl-antranilate,134-20-3,Me_180,2,384,2.21E-08,3.93E-05,3.96E-05,0.983656,N,
4093,Lilyfore,285977-85-7,Me_180,2,384,2.07E-07,2.84E-05,3.48E-05,0.710007,N,
4094,Damascone beta,23726-91-2,Me_180,2,384,5.34E-07,6.66E-06,2.73E-05,0.166554,N,
4095,Veloutone,14595-54-1,Me_180,2,384,9.42E-07,1.19E-06,1.93E-05,0.0296787,N,
4096,Verdox,82356-51-2,Me_180,2,384,1.61E-06,1.34E-07,7.92E-06,0.0033573,N,
4097,Nirvanol,1506-02-1,Me_180,2,384,1.22E-06,5.81E-07,1.41E-05,0.0145219,N,
4098,Cetalox,3738-00-9,Me_180,2,384,1.02E-06,9.74E-07,1.77E-05,0.0243494,N,
4099,Tonalide,21145-77-7,Me_180,2,384,1.22E-06,5.81E-07,1.41E-05,0.0145219,N,
4100,"2,4-Dinitrophenol",51-28-5,Me_180,2,384,2.19E-09,3.96E-05,3.98E-05,0.990293,A,4.1
4101,Aldrin,309-00-2,Me_180,2,384,1.64E-06,1.21E-07,7.66E-06,0.00302583,N,
4102,Azinphos-methyl,86-50-0,Me_180,2,384,8.93E-08,3.55E-05,3.78E-05,0.886613,N,
4103,Chlorpyrifos,2921-88-2,Me_180,2,384,7.25E-07,1.92E-06,2.37E-05,0.047991,N,
4104,"DDD-p,p'",50-29-3,Me_180,2,384,1.78E-06,5.07E-08,6.12E-06,0.0012665,N,
4105,"DDT-o,p'",789-02-6,Me_180,2,384,1.66E-06,1.07E-07,7.37E-06,0.00266998,N,
4106,"DDT-p,p'",72-54-8,Me_180,2,384,1.46E-06,2.62E-07,1.01E-05,0.00655198,N,
4107,Diazinon,333-41-5,Me_180,2,384,4.10E-07,1.55E-05,2.99E-05,0.386684,N,
4108,Dicofol,115-32-2,Me_180,2,384,7.65E-07,1.76E-06,2.28E-05,0.04405,N,
4109,Dieldrin,60-57-1,Me_180,2,384,8.32E-07,1.52E-06,2.15E-05,0.0380138,N,
4110,Disulfoton,298-04-4,Me_180,2,384,4.75E-07,1.11E-05,2.85E-05,0.27638,N,
4111,Endosulfan I,115-29-7,Me_180,2,384,4.17E-07,1.50E-05,2.98E-05,0.375431,N,
4112,Endrin,72-20-8,Me_180,2,384,1.04E-06,9.29E-07,1.74E-05,0.0232349,N,
4113,Ethion,563-12-2,Me_180,2,384,7.98E-07,1.64E-06,2.22E-05,0.0409499,N,
4114,Heptachlor,76-44-8,Me_180,2,384,1.45E-06,2.73E-07,1.02E-05,0.00681533,N,
4115,Heptachlor epoxide B,1024-57-3,Me_180,2,384,7.38E-07,1.87E-06,2.34E-05,0.0466505,N,
4116,Lindane,58-89-9,Me_180,2,384,3.79E-07,1.75E-05,3.07E-05,0.438495,N,
4117,"Methoxychlor-o,p'",72-43-5,Me_180,2,384,8.05E-07,1.61E-06,2.20E-05,0.0403497,N,
4118,Parathion,56-38-2,Me_180,2,384,4.17E-07,1.50E-05,2.98E-05,0.375437,N,
4119,Trifluralin,1582-09-8,Me_180,2,384,9.83E-07,1.08E-06,1.85E-05,0.0269492,N,
4120,Cisapride,81098-60-4,Me_180,2,384,1.00E-07,2.32E-05,3.28E-05,0.578857,B,7.8
4121,Citalopram hydrobromide,59729-33-8,Me_180,2,384,1.94E-07,2.92E-05,3.51E-05,0.729171,N,
4122,Dofetilide,115256-11-6,Me_180,2,384,2.86E-08,3.86E-05,3.93E-05,0.964685,B,8.4
4123,Moxifloxacin hydrochloride,186826-86-8,Me_180,2,384,7.12E-09,3.99E-05,3.99E-05,0.997085,A,6
4124,N-acetylpro-cainamide,32795-44-1,Me_180,2,384,3.99E-08,3.98E-05,3.99E-05,0.995924,B,9.2
4125,Quinidine sulfate,50-54-4,Me_180,2,384,3.77E-08,2.88E-05,3.51E-05,0.720552,B,9.3
4126,Sematilide,101526-83-4,Me_180,2,384,3.69E-08,3.99E-05,3.99E-05,0.996528,B,9.1
4127,Sotalol hydrochloride,959-24-0,Me_180,2,384,3.44E-08,4.00E-05,4.00E-05,0.998803,B,9
4128,Mifepristone,84371-65-3,Me_180,2,384,6.71E-07,2.15E-06,2.48E-05,0.0538517,N,
4129,Perfluorobutanesulfonic_acid,375-73-5,Me_180,2,384,6.78E-10,3.97E-05,3.99E-05,0.993488,A,-2.9
4130,4_2_Fluorotelomer_sulfonic_acid,757124-72-4,Me_180,2,384,6.71E-10,3.95E-05,3.97E-05,0.988082,A,1.4
4131,Perfluorononanoic_acid,375-95-1,Me_180,2,384,5.41E-12,3.08E-07,1.01E-05,0.0077067,A,0.1
4132,Perfluorohexanoic_acid,307-24-4,Me_180,2,384,1.38E-10,8.11E-06,2.79E-05,0.202805,A,0.1
4133,Perfluorobutanoic_acid,375-22-4,Me_180,2,384,6.73E-10,3.96E-05,3.98E-05,0.989139,A,0.1
4134,Perfluorooctanoic_acid,335-67-1,Me_180,2,384,1.57E-10,9.25E-06,2.82E-05,0.231209,A,0.1
4135,6_2_Fluorotelomer_sulfonic_acid,27619-97-2,Me_180,2,384,5.61E-10,3.31E-05,3.68E-05,0.826452,A,1.4
4136,8_2_Fluorotelomer_sulfonic_acid,39108-34-4,Me_180,2,384,1.43E-10,8.43E-06,2.80E-05,0.210647,A,1.4
4137,Perfluoroundecanoic_acid,2058-94-8,Me_180,2,384,6.75E-12,3.87E-07,1.12E-05,0.00968525,A,0.1
4138,Perfluorooctanesulfonic_acid,1763-23-1,Me_180,2,384,6.61E-12,3.87E-07,1.12E-05,0.00968525,A,-2.9
4139,Perfluoroheptanoic_acid,375-85-9,Me_180,2,384,3.79E-10,2.23E-05,3.26E-05,0.557221,A,0.1
4140,Perfluoropentanoic_acid,2706-90-3,Me_180,2,384,6.51E-10,3.83E-05,3.91E-05,0.956844,A,0.1
4141,Perfluorohexanesulfonic_acid,355-46-4,Me_180,2,384,6.13E-10,3.59E-05,3.81E-05,0.898147,A,-2.9
4142,Perfluorodecanoic_acid,335-76-2,Me_180,2,384,2.92E-12,1.60E-07,7.47E-06,0.00400854,A,0.1
4143,cyclosporine A,59865-13-3,Me_180,2,384,1.21E-07,3.36E-05,3.70E-05,0.839481,N,
4144,chlorpromazine,50-53-3,Me_180,2,384,3.30E-08,1.00E-06,1.77E-05,0.0250448,B,9.4
4145,PBDE 47,5436-43-1,Me_180,2,384,1.75E-06,6.28E-08,6.41E-06,0.00157077,N,
4146,PBDE 99,60348-60-9,Me_180,2,384,1.89E-06,2.07E-08,5.39E-06,0.000516604,N,
4147,PBDE 153,68631-49-2,Me_180,2,384,2.00E-06,5.66E-09,5.24E-06,0.000141577,N,
4148,amiodarone,1951-25-3,Me_180,2,384,9.07E-08,1.31E-08,3.59E-06,0.000328085,B,9
4149,Azathioprine,446-86-6,Me_180,2,384,1.02E-08,4.00E-05,4.00E-05,0.999498,A,8.2
4150,Benzocaine,94-09-7,Me_180,2,384,2.16E-08,3.94E-05,3.97E-05,0.984385,N,
4151,Butylated hydroxyanisole,25013-16-5,Me_180,2,384,2.68E-07,2.46E-05,3.33E-05,0.614796,N,
4152,Cetirizine dihydrochloride,83881-52-1,Me_180,2,384,3.62E-09,4.00E-05,4.00E-05,0.998871,A,4.7
4153,Cyclamate,139-05-9,Me_180,2,384,1.35E-06,3.87E-05,3.87E-05,0.966319,B,17.6
4154,Cyclophosphamide,6055-19-2,Me_180,2,384,1.87E-08,3.99E-05,4.00E-05,0.998538,B,6.1
4155,Cypermethrin,67375-30-8,Me_180,2,384,1.68E-06,9.41E-08,7.10E-06,0.00235343,N,
4156,DEET,134-62-3,Me_180,2,384,3.34E-08,3.87E-05,3.93E-05,0.967652,N,
4157,Dexamethasone,50-02-2,Me_180,2,384,2.32E-08,3.93E-05,3.96E-05,0.982098,N,
4158,Digoxin,20830-75-5,Me_180,2,384,1.32E-08,3.98E-05,3.99E-05,0.995948,N,
4159,Fenazaquin,120928-09-8,Me_180,2,384,1.10E-06,8.12E-07,1.63E-05,0.0202918,N,
4160,Fenbuconazole,114369-43-6,Me_180,2,384,2.04E-07,2.86E-05,3.49E-05,0.714876,N,
4161,Fluazinam,79622-59-6,Me_180,2,384,4.72E-07,1.12E-05,2.86E-05,0.281177,N,
4162,Furosemide,54-31-9,Me_180,2,384,8.54E-10,3.91E-05,3.95E-05,0.977739,A,3
4163,Glybenclamide,10238-21-8,Me_180,2,384,2.48E-09,2.29E-06,2.54E-05,0.0572973,A,5
4164,HC Red 3,2871-01-4,Me_180,2,384,1.06E-08,4.00E-05,4.00E-05,0.99947,N,
4165,Hydralazine hydrochloride,304-20-1,Me_180,2,384,1.78E-08,3.99E-05,4.00E-05,0.998488,B,6
4166,Ketoconazole,65277-42-1,Me_180,2,384,4.71E-07,5.93E-06,2.72E-05,0.14836,B,6.6
4167,Metformin,1115-70-4,Me_180,2,384,5.96E-08,3.99E-05,3.99E-05,0.998484,B,9.6
4168,Metoclopramide,364-62-5,Me_180,2,384,3.41E-08,3.66E-05,3.84E-05,0.915275,B,9
4169,Nitrofurantoin,67-20-9,Me_180,2,384,8.90E-09,4.00E-05,4.00E-05,0.999711,A,7.3
4170,Oxytetracycline hydrochloride,2058-46-0,Me_180,2,384,3.12E-09,4.00E-05,4.00E-05,0.999916,A,4.5
4171,Panthenol,16485-10-2 ,Me_180,2,384,1.04E-08,4.00E-05,4.00E-05,0.999716,N,
4172,Paracetamol,103-90-2,Me_180,2,384,1.08E-08,4.00E-05,4.00E-05,0.999155,N,
4173,Topiramate,97240-79-4,Me_180,2,384,1.03E-08,4.00E-05,4.00E-05,0.999734,A,9.2
4174,Trimellitic anhydride,552-30-7,Me_180,2,384,1.05E-09,3.98E-05,3.99E-05,0.994058,A,3.3
4175,Verapamil hydrochloride,152-11-4,Me_180,2,384,2.42E-08,4.60E-06,2.72E-05,0.115089,B,9.2
4176,Warfarin,129-06-6,Me_180,2,384,5.51E-08,3.75E-05,3.87E-05,0.936656,N,
4177,Caffeine,58-08-2,H4lle,2,384,9.77E-09,4.00E-05,4.00E-05,0.999588,N,
4178,Lamotrigine,84057-84-1,H4lle,2,384,2.89E-08,3.70E-05,3.85E-05,0.923761,B,6.6
4179,Diclofenac,15307-79-6,H4lle,2,384,1.27E-06,3.87E-05,3.87E-05,0.967306,B,17.6
4180,"2,4-Dichlorophenoxyacetic",94-75-7,H4lle,2,384,6.40E-10,3.50E-05,3.77E-05,0.874348,A,2.7
4181,(S)-Naproxen,22204-53-1,H4lle,2,384,2.04E-09,2.97E-05,3.55E-05,0.743088,A,4.4
4182,Ibuprofen,15687-27-1,H4lle,2,384,2.99E-09,1.75E-05,3.08E-05,0.43862,A,5.4
4183,Torasemide,56211-40-6,H4lle,2,384,1.23E-09,2.59E-05,3.39E-05,0.648072,A,4
4184,Warfarin,81-81-2,H4lle,2,384,2.66E-09,3.60E-05,3.81E-05,0.900246,A,4.5
4185,di-n-butylphthalate,84-74-2,H4lle,2,384,1.13E-07,3.45E-06,2.71E-05,0.0861355,N,
4186,hexachlorophene,70-30-4,H4lle,2,384,2.42E-08,1.40E-08,3.66E-06,0.000350751,A,6.2
4187,hexamethylenetetramine,100-97-0,H4lle,2,384,1.97E-08,3.99E-05,3.99E-05,0.997914,B,6.4
4188,Malathion,121-75-5,H4lle,2,384,1.61E-08,3.81E-05,3.91E-05,0.952165,N,
4189,pentachlorophenol,87-86-5,H4lle,2,384,7.20E-10,1.57E-06,2.17E-05,0.0393002,A,5
4190,"2,2,2-trichloroethanol",115-20-8,H4lle,2,384,1.05E-08,3.97E-05,3.98E-05,0.992257,N,
4191,diethylphthalate,84-66-2,H4lle,2,384,1.73E-08,3.77E-05,3.89E-05,0.9428,N,
4192,4-chlorophenol,106-48-9,H4lle,2,384,1.65E-08,3.80E-05,3.90E-05,0.948781,N,
4193,permethrin,52645-53-1,H4lle,2,384,3.29E-07,1.25E-07,7.92E-06,0.00312978,N,
4194,Aniline,62-53-3,H4lle,2,384,9.97E-09,3.99E-05,3.99E-05,0.9979,N,
4195,4-fluoroaniline,371-40-4,H4lle,2,384,1.01E-08,3.99E-05,3.99E-05,0.99639,N,
4196,"2,4,6-trichlorophenol",88-06-2,H4lle,2,384,1.78E-08,1.85E-05,3.12E-05,0.461795,A,6.8
4197,Allyl alcohol,107-18-6,H4lle,2,384,9.77E-09,3.99E-05,3.99E-05,0.99808,N,
4198,N-methylaniline,100-61-8,H4lle,2,384,1.10E-08,3.95E-05,3.97E-05,0.988504,N,
4199,"3,4-dichloroaniline",95-76-1,H4lle,2,384,2.26E-08,3.61E-05,3.81E-05,0.901324,N,
4200,4-decylaniline,37529-30-9,H4lle,2,384,3.13E-07,1.81E-07,8.96E-06,0.00452803,N,
4201,naphthalene,91-20-3,H4lle,2,384,4.89E-08,2.70E-05,3.41E-05,0.674607,N,
4202,"1,2,4-trichlorobenzene",120-82-1,H4lle,2,384,7.83E-08,9.79E-06,2.41E-05,0.244851,N,
4203,"1,2-dichlorobenzene",95-50-1,H4lle,2,384,4.48E-08,1.89E-05,2.58E-05,0.473145,N,
4204,dichloromethane,75-09-2,H4lle,2,384,7.92E-09,3.08E-05,3.08E-05,0.769032,N,
4205,tetrachloroethylene,127-18-4,H4lle,2,384,2.99E-08,1.34E-05,1.80E-05,0.336059,N,
4206,"2,3-dimethyl-1,3-butadiene",513-81-5,H4lle,2,384,1.11E-09,9.48E-07,1.09E-06,0.0237038,N,
4207,Eugenol F,97-53-0,H4lle,2,384,1.49E-08,3.84E-05,3.92E-05,0.960866,N,
4208,Methyl-antranilate,134-20-3,H4lle,2,384,1.19E-08,3.94E-05,3.97E-05,0.983907,N,
4209,Lilyfore,285977-85-7,H4lle,2,384,4.59E-08,2.85E-05,3.50E-05,0.712877,N,
4210,Damascone beta,23726-91-2,H4lle,2,384,1.06E-07,6.73E-06,2.75E-05,0.168357,N,
4211,Veloutone,14595-54-1,H4lle,2,384,1.87E-07,1.21E-06,1.97E-05,0.0302521,N,
4212,Verdox,82356-51-2,H4lle,2,384,3.25E-07,1.39E-07,8.18E-06,0.00347013,N,
4213,Nirvanol,1506-02-1,H4lle,2,384,2.44E-07,5.96E-07,1.45E-05,0.0148881,N,
4214,Cetalox,3738-00-9,H4lle,2,384,2.03E-07,9.94E-07,1.81E-05,0.0248602,N,
4215,Tonalide,21145-77-7,H4lle,2,384,2.44E-07,5.96E-07,1.45E-05,0.0148881,N,
4216,"2,4-Dinitrophenol",51-28-5,H4lle,2,384,2.06E-09,3.96E-05,3.98E-05,0.990296,A,4.1
4217,Aldrin,309-00-2,H4lle,2,384,3.29E-07,1.25E-07,7.92E-06,0.00312884,N,
4218,Azinphos-methyl,86-50-0,H4lle,2,384,2.43E-08,3.55E-05,3.79E-05,0.888058,N,
4219,Chlorpyrifos,2921-88-2,H4lle,2,384,1.44E-07,1.95E-06,2.40E-05,0.0487014,N,
4220,"DDD-p,p'",50-29-3,H4lle,2,384,3.59E-07,5.25E-08,6.34E-06,0.00131353,N,
4221,"DDT-o,p'",789-02-6,H4lle,2,384,3.34E-07,1.10E-07,7.62E-06,0.00276225,N,
4222,"DDT-p,p'",72-54-8,H4lle,2,384,2.93E-07,2.70E-07,1.04E-05,0.0067508,N,
4223,Diazinon,333-41-5,H4lle,2,384,8.35E-08,1.56E-05,3.02E-05,0.389876,N,
4224,Dicofol,115-32-2,H4lle,2,384,1.51E-07,1.79E-06,2.32E-05,0.0447385,N,
4225,Dieldrin,60-57-1,H4lle,2,384,1.65E-07,1.55E-06,2.18E-05,0.0386613,N,
4226,Disulfoton,298-04-4,H4lle,2,384,9.55E-08,1.12E-05,2.88E-05,0.279035,N,
4227,Endosulfan I,115-29-7,H4lle,2,384,8.48E-08,1.51E-05,3.00E-05,0.378582,N,
4228,Endrin,72-20-8,H4lle,2,384,2.08E-07,9.49E-07,1.77E-05,0.0237338,N,
4229,Ethion,563-12-2,H4lle,2,384,1.58E-07,1.66E-06,2.25E-05,0.0416185,N,
4230,Heptachlor,76-44-8,H4lle,2,384,2.91E-07,2.81E-07,1.06E-05,0.00702063,N,
4231,Heptachlor epoxide B,1024-57-3,H4lle,2,384,1.46E-07,1.89E-06,2.37E-05,0.0473539,N,
4232,Lindane,58-89-9,H4lle,2,384,7.76E-08,1.77E-05,3.09E-05,0.441826,N,
4233,"Methoxychlor-o,p'",72-43-5,H4lle,2,384,1.60E-07,1.64E-06,2.24E-05,0.0410142,N,
4234,Parathion,56-38-2,H4lle,2,384,8.48E-08,1.51E-05,3.00E-05,0.378588,N,
4235,Trifluralin,1582-09-8,H4lle,2,384,1.95E-07,1.10E-06,1.89E-05,0.0274932,N,
4236,Cisapride,81098-60-4,H4lle,2,384,3.05E-08,2.32E-05,3.29E-05,0.579866,B,7.8
4237,Citalopram hydrobromide,59729-33-8,H4lle,2,384,4.36E-08,2.93E-05,3.53E-05,0.731931,N,
4238,Dofetilide,115256-11-6,H4lle,2,384,2.49E-08,3.86E-05,3.93E-05,0.964774,B,8.4
4239,Moxifloxacin hydrochloride,186826-86-8,H4lle,2,384,6.65E-09,3.99E-05,3.99E-05,0.997097,A,6
4240,N-acetylpro-cainamide,32795-44-1,H4lle,2,384,3.76E-08,3.98E-05,3.99E-05,0.995983,B,9.2
4241,Quinidine sulfate,50-54-4,H4lle,2,384,3.09E-08,2.88E-05,3.51E-05,0.720675,B,9.3
4242,Sematilide,101526-83-4,H4lle,2,384,3.47E-08,3.99E-05,3.99E-05,0.996582,B,9.1
4243,Sotalol hydrochloride,959-24-0,H4lle,2,384,3.24E-08,4.00E-05,4.00E-05,0.998852,B,9
4244,Mifepristone,84371-65-3,H4lle,2,384,1.33E-07,2.18E-06,2.51E-05,0.0545888,N,
4245,Perfluorobutanesulfonic_acid,375-73-5,H4lle,2,384,6.39E-10,3.97E-05,3.99E-05,0.993489,A,-2.9
4246,4_2_Fluorotelomer_sulfonic_acid,757124-72-4,H4lle,2,384,6.32E-10,3.95E-05,3.97E-05,0.988083,A,1.4
4247,Perfluorononanoic_acid,375-95-1,H4lle,2,384,4.97E-12,3.08E-07,1.01E-05,0.0077067,A,0.1
4248,Perfluorohexanoic_acid,307-24-4,H4lle,2,384,1.30E-10,8.11E-06,2.79E-05,0.202805,A,0.1
4249,Perfluorobutanoic_acid,375-22-4,H4lle,2,384,6.34E-10,3.96E-05,3.98E-05,0.98914,A,0.1
4250,Perfluorooctanoic_acid,335-67-1,H4lle,2,384,1.48E-10,9.25E-06,2.82E-05,0.231209,A,0.1
4251,6_2_Fluorotelomer_sulfonic_acid,27619-97-2,H4lle,2,384,5.28E-10,3.31E-05,3.68E-05,0.826452,A,1.4
4252,8_2_Fluorotelomer_sulfonic_acid,39108-34-4,H4lle,2,384,1.35E-10,8.43E-06,2.80E-05,0.210647,A,1.4
4253,Perfluoroundecanoic_acid,2058-94-8,H4lle,2,384,6.24E-12,3.87E-07,1.12E-05,0.00968525,A,0.1
4254,Perfluorooctanesulfonic_acid,1763-23-1,H4lle,2,384,6.23E-12,3.87E-07,1.12E-05,0.00968525,A,-2.9
4255,Perfluoroheptanoic_acid,375-85-9,H4lle,2,384,3.57E-10,2.23E-05,3.26E-05,0.557221,A,0.1
4256,Perfluoropentanoic_acid,2706-90-3,H4lle,2,384,6.13E-10,3.83E-05,3.91E-05,0.956845,A,0.1
4257,Perfluorohexanesulfonic_acid,355-46-4,H4lle,2,384,5.78E-10,3.59E-05,3.81E-05,0.898148,A,-2.9
4258,Perfluorodecanoic_acid,335-76-2,H4lle,2,384,2.61E-12,1.60E-07,7.47E-06,0.00400854,A,0.1
4259,cyclosporine A,59865-13-3,H4lle,2,384,3.01E-08,3.37E-05,3.71E-05,0.841397,N,
4260,chlorpromazine,50-53-3,H4lle,2,384,7.33E-09,1.00E-06,1.77E-05,0.0250608,B,9.4
4261,PBDE 47,5436-43-1,H4lle,2,384,3.52E-07,6.51E-08,6.64E-06,0.00162803,N,
4262,PBDE 99,60348-60-9,H4lle,2,384,3.82E-07,2.15E-08,5.61E-06,0.000536999,N,
4263,PBDE 153,68631-49-2,H4lle,2,384,4.06E-07,5.90E-09,5.47E-06,0.000147525,N,
4264,amiodarone,1951-25-3,H4lle,2,384,1.77E-08,1.31E-08,3.60E-06,0.000328685,B,9
4265,Azathioprine,446-86-6,H4lle,2,384,9.44E-09,4.00E-05,4.00E-05,0.999516,A,8.2
4266,Benzocaine,94-09-7,H4lle,2,384,1.18E-08,3.94E-05,3.97E-05,0.984625,N,
4267,Butylated hydroxyanisole,25013-16-5,H4lle,2,384,5.73E-08,2.47E-05,3.35E-05,0.618061,N,
4268,Cetirizine dihydrochloride,83881-52-1,H4lle,2,384,3.41E-09,4.00E-05,4.00E-05,0.998876,A,4.7
4269,Cyclamate,139-05-9,H4lle,2,384,1.27E-06,3.87E-05,3.87E-05,0.968198,B,17.6
4270,Cyclophosphamide,6055-19-2,H4lle,2,384,1.71E-08,3.99E-05,4.00E-05,0.998579,B,6.1
4271,Cypermethrin,67375-30-8,H4lle,2,384,3.39E-07,9.74E-08,7.35E-06,0.0024359,N,
4272,DEET,134-62-3,H4lle,2,384,1.40E-08,3.87E-05,3.94E-05,0.968123,N,
4273,Dexamethasone,50-02-2,H4lle,2,384,1.21E-08,3.93E-05,3.96E-05,0.98237,N,
4274,Digoxin,20830-75-5,H4lle,2,384,1.03E-08,3.98E-05,3.99E-05,0.99602,N,
4275,Fenazaquin,120928-09-8,H4lle,2,384,2.19E-07,8.30E-07,1.67E-05,0.0207505,N,
4276,Fenbuconazole,114369-43-6,H4lle,2,384,4.53E-08,2.87E-05,3.51E-05,0.717719,N,
4277,Fluazinam,79622-59-6,H4lle,2,384,9.50E-08,1.14E-05,2.88E-05,0.283862,N,
4278,Furosemide,54-31-9,H4lle,2,384,8.05E-10,3.91E-05,3.95E-05,0.97774,A,3
4279,Glybenclamide,10238-21-8,H4lle,2,384,6.73E-10,2.29E-06,2.54E-05,0.0572999,A,5
4280,HC Red 3,2871-01-4,H4lle,2,384,9.78E-09,4.00E-05,4.00E-05,0.999489,N,
4281,Hydralazine hydrochloride,304-20-1,H4lle,2,384,1.62E-08,3.99E-05,4.00E-05,0.998529,B,6
4282,Ketoconazole,65277-42-1,H4lle,2,384,9.51E-08,5.99E-06,2.74E-05,0.149772,B,6.6
4283,Metformin,1115-70-4,H4lle,2,384,5.62E-08,3.99E-05,3.99E-05,0.99857,B,9.6
4284,Metoclopramide,364-62-5,H4lle,2,384,3.02E-08,3.66E-05,3.84E-05,0.915365,B,9
4285,Nitrofurantoin,67-20-9,H4lle,2,384,8.37E-09,4.00E-05,4.00E-05,0.999725,A,7.3
4286,Oxytetracycline hydrochloride,2058-46-0,H4lle,2,384,2.94E-09,4.00E-05,4.00E-05,0.999921,A,4.5
4287,Panthenol,16485-10-2 ,H4lle,2,384,9.75E-09,4.00E-05,4.00E-05,0.999732,N,
4288,Paracetamol,103-90-2,H4lle,2,384,9.83E-09,4.00E-05,4.00E-05,0.999179,N,
4289,Topiramate,97240-79-4,H4lle,2,384,9.71E-09,4.00E-05,4.00E-05,0.999749,A,9.2
4290,Trimellitic anhydride,552-30-7,H4lle,2,384,9.86E-10,3.98E-05,3.99E-05,0.99406,A,3.3
4291,Verapamil hydrochloride,152-11-4,H4lle,2,384,8.15E-09,4.61E-06,2.72E-05,0.115135,B,9.2
4292,Warfarin,129-06-6,H4lle,2,384,1.80E-08,3.75E-05,3.88E-05,0.937526,N,
4293,Caffeine,58-08-2,SH-SY5Y,2,384,5.46E-09,4.00E-05,4.00E-05,0.999696,N,
4294,Lamotrigine,84057-84-1,SH-SY5Y,2,384,1.96E-08,3.70E-05,3.85E-05,0.923976,B,6.6
4295,Diclofenac,15307-79-6,SH-SY5Y,2,384,7.18E-07,3.92E-05,3.93E-05,0.98107,B,17.6
4296,"2,4-Dichlorophenoxyacetic",94-75-7,SH-SY5Y,2,384,3.57E-10,3.50E-05,3.77E-05,0.874354,A,2.7
4297,(S)-Naproxen,22204-53-1,SH-SY5Y,2,384,1.15E-09,2.97E-05,3.55E-05,0.743105,A,4.4
4298,Ibuprofen,15687-27-1,SH-SY5Y,2,384,1.92E-09,1.75E-05,3.08E-05,0.438631,A,5.4
4299,Torasemide,56211-40-6,SH-SY5Y,2,384,6.91E-10,2.59E-05,3.39E-05,0.648081,A,4
4300,Warfarin,81-81-2,SH-SY5Y,2,384,1.49E-09,3.60E-05,3.81E-05,0.900273,A,4.5
4301,di-n-butylphthalate,84-74-2,SH-SY5Y,2,384,1.05E-07,3.45E-06,2.71E-05,0.0861525,N,
4302,hexachlorophene,70-30-4,SH-SY5Y,2,384,2.26E-08,1.40E-08,3.66E-06,0.000350766,A,6.2
4303,hexamethylenetetramine,100-97-0,SH-SY5Y,2,384,1.10E-08,3.99E-05,3.99E-05,0.998131,B,6.4
4304,Malathion,121-75-5,SH-SY5Y,2,384,1.15E-08,3.81E-05,3.91E-05,0.952274,N,
4305,pentachlorophenol,87-86-5,SH-SY5Y,2,384,6.10E-10,1.57E-06,2.17E-05,0.0393003,A,5
4306,"2,2,2-trichloroethanol",115-20-8,SH-SY5Y,2,384,6.15E-09,3.97E-05,3.98E-05,0.992364,N,
4307,diethylphthalate,84-66-2,SH-SY5Y,2,384,1.27E-08,3.77E-05,3.89E-05,0.942909,N,
4308,4-chlorophenol,106-48-9,SH-SY5Y,2,384,1.19E-08,3.80E-05,3.90E-05,0.948889,N,
4309,permethrin,52645-53-1,SH-SY5Y,2,384,3.07E-07,1.25E-07,7.92E-06,0.0031315,N,
4310,Aniline,62-53-3,SH-SY5Y,2,384,5.65E-09,3.99E-05,3.99E-05,0.998007,N,
4311,4-fluoroaniline,371-40-4,SH-SY5Y,2,384,5.82E-09,3.99E-05,3.99E-05,0.996497,N,
4312,"2,4,6-trichlorophenol",88-06-2,SH-SY5Y,2,384,1.53E-08,1.85E-05,3.12E-05,0.461825,A,6.8
4313,Allyl alcohol,107-18-6,SH-SY5Y,2,384,5.47E-09,3.99E-05,3.99E-05,0.998187,N,
4314,N-methylaniline,100-61-8,SH-SY5Y,2,384,6.68E-09,3.95E-05,3.97E-05,0.988612,N,
4315,"3,4-dichloroaniline",95-76-1,SH-SY5Y,2,384,1.78E-08,3.61E-05,3.81E-05,0.901433,N,
4316,4-decylaniline,37529-30-9,SH-SY5Y,2,384,2.92E-07,1.81E-07,8.96E-06,0.0045304,N,
4317,naphthalene,91-20-3,SH-SY5Y,2,384,4.32E-08,2.70E-05,3.41E-05,0.674703,N,
4318,"1,2,4-trichlorobenzene",120-82-1,SH-SY5Y,2,384,7.22E-08,9.80E-06,2.41E-05,0.244886,N,
4319,"1,2-dichlorobenzene",95-50-1,SH-SY5Y,2,384,4.00E-08,1.89E-05,2.58E-05,0.473195,N,
4320,dichloromethane,75-09-2,SH-SY5Y,2,384,4.58E-09,3.08E-05,3.08E-05,0.769086,N,
4321,tetrachloroethylene,127-18-4,SH-SY5Y,2,384,2.67E-08,1.34E-05,1.80E-05,0.336077,N,
4322,"2,3-dimethyl-1,3-butadiene",513-81-5,SH-SY5Y,2,384,9.45E-10,9.48E-07,1.09E-06,0.0237025,N,
4323,Eugenol F,97-53-0,SH-SY5Y,2,384,1.04E-08,3.84E-05,3.92E-05,0.960975,N,
4324,Methyl-antranilate,134-20-3,SH-SY5Y,2,384,7.51E-09,3.94E-05,3.97E-05,0.984015,N,
4325,Lilyfore,285977-85-7,SH-SY5Y,2,384,4.02E-08,2.85E-05,3.50E-05,0.712978,N,
4326,Damascone beta,23726-91-2,SH-SY5Y,2,384,9.86E-08,6.74E-06,2.76E-05,0.16839,N,
4327,Veloutone,14595-54-1,SH-SY5Y,2,384,1.74E-07,1.21E-06,1.97E-05,0.0302616,N,
4328,Verdox,82356-51-2,SH-SY5Y,2,384,3.03E-07,1.39E-07,8.19E-06,0.00347201,N,
4329,Nirvanol,1506-02-1,SH-SY5Y,2,384,2.28E-07,5.96E-07,1.45E-05,0.0148941,N,
4330,Cetalox,3738-00-9,SH-SY5Y,2,384,1.89E-07,9.95E-07,1.81E-05,0.0248686,N,
4331,Tonalide,21145-77-7,SH-SY5Y,2,384,2.28E-07,5.96E-07,1.45E-05,0.0148941,N,
4332,"2,4-Dinitrophenol",51-28-5,SH-SY5Y,2,384,1.15E-09,3.96E-05,3.98E-05,0.990319,A,4.1
4333,Aldrin,309-00-2,SH-SY5Y,2,384,3.07E-07,1.25E-07,7.92E-06,0.00313056,N,
4334,Azinphos-methyl,86-50-0,SH-SY5Y,2,384,1.94E-08,3.55E-05,3.79E-05,0.888167,N,
4335,Chlorpyrifos,2921-88-2,SH-SY5Y,2,384,1.34E-07,1.95E-06,2.40E-05,0.0487133,N,
4336,"DDD-p,p'",50-29-3,SH-SY5Y,2,384,3.35E-07,5.26E-08,6.35E-06,0.00131431,N,
4337,"DDT-o,p'",789-02-6,SH-SY5Y,2,384,3.12E-07,1.11E-07,7.63E-06,0.00276379,N,
4338,"DDT-p,p'",72-54-8,SH-SY5Y,2,384,2.74E-07,2.70E-07,1.04E-05,0.0067541,N,
4339,Diazinon,333-41-5,SH-SY5Y,2,384,7.65E-08,1.56E-05,3.02E-05,0.389944,N,
4340,Dicofol,115-32-2,SH-SY5Y,2,384,1.41E-07,1.79E-06,2.32E-05,0.04475,N,
4341,Dieldrin,60-57-1,SH-SY5Y,2,384,1.54E-07,1.55E-06,2.19E-05,0.0386721,N,
4342,Disulfoton,298-04-4,SH-SY5Y,2,384,8.81E-08,1.12E-05,2.88E-05,0.279086,N,
4343,Endosulfan I,115-29-7,SH-SY5Y,2,384,7.77E-08,1.51E-05,3.00E-05,0.378649,N,
4344,Endrin,72-20-8,SH-SY5Y,2,384,1.94E-07,9.50E-07,1.77E-05,0.0237421,N,
4345,Ethion,563-12-2,SH-SY5Y,2,384,1.48E-07,1.67E-06,2.25E-05,0.0416297,N,
4346,Heptachlor,76-44-8,SH-SY5Y,2,384,2.72E-07,2.81E-07,1.06E-05,0.00702405,N,
4347,Heptachlor epoxide B,1024-57-3,SH-SY5Y,2,384,1.36E-07,1.89E-06,2.37E-05,0.0473656,N,
4348,Lindane,58-89-9,SH-SY5Y,2,384,7.09E-08,1.77E-05,3.09E-05,0.441901,N,
4349,"Methoxychlor-o,p'",72-43-5,SH-SY5Y,2,384,1.49E-07,1.64E-06,2.24E-05,0.0410253,N,
4350,Parathion,56-38-2,SH-SY5Y,2,384,7.77E-08,1.51E-05,3.00E-05,0.378655,N,
4351,Trifluralin,1582-09-8,SH-SY5Y,2,384,1.82E-07,1.10E-06,1.89E-05,0.0275022,N,
4352,Cisapride,81098-60-4,SH-SY5Y,2,384,2.32E-08,2.32E-05,3.29E-05,0.579971,B,7.8
4353,Citalopram hydrobromide,59729-33-8,SH-SY5Y,2,384,3.80E-08,2.93E-05,3.53E-05,0.732033,N,
4354,Dofetilide,115256-11-6,SH-SY5Y,2,384,1.41E-08,3.86E-05,3.93E-05,0.965035,B,8.4
4355,Moxifloxacin hydrochloride,186826-86-8,SH-SY5Y,2,384,3.71E-09,3.99E-05,3.99E-05,0.99717,A,6
4356,N-acetylpro-cainamide,32795-44-1,SH-SY5Y,2,384,2.10E-08,3.99E-05,3.99E-05,0.996397,B,9.2
4357,Quinidine sulfate,50-54-4,SH-SY5Y,2,384,1.77E-08,2.88E-05,3.51E-05,0.720913,B,9.3
4358,Sematilide,101526-83-4,SH-SY5Y,2,384,1.94E-08,3.99E-05,3.99E-05,0.996965,B,9.1
4359,Sotalol hydrochloride,959-24-0,SH-SY5Y,2,384,1.81E-08,4.00E-05,4.00E-05,0.99921,B,9
4360,Mifepristone,84371-65-3,SH-SY5Y,2,384,1.24E-07,2.18E-06,2.51E-05,0.0546011,N,
4361,Perfluorobutanesulfonic_acid,375-73-5,SH-SY5Y,2,384,3.56E-10,3.97E-05,3.99E-05,0.993496,A,-2.9
4362,4_2_Fluorotelomer_sulfonic_acid,757124-72-4,SH-SY5Y,2,384,3.52E-10,3.95E-05,3.97E-05,0.98809,A,1.4
4363,Perfluorononanoic_acid,375-95-1,SH-SY5Y,2,384,2.79E-12,3.08E-07,1.01E-05,0.0077067,A,0.1
4364,Perfluorohexanoic_acid,307-24-4,SH-SY5Y,2,384,7.25E-11,8.11E-06,2.79E-05,0.202805,A,0.1
4365,Perfluorobutanoic_acid,375-22-4,SH-SY5Y,2,384,3.54E-10,3.96E-05,3.98E-05,0.989147,A,0.1
4366,Perfluorooctanoic_acid,335-67-1,SH-SY5Y,2,384,8.27E-11,9.25E-06,2.82E-05,0.23121,A,0.1
4367,6_2_Fluorotelomer_sulfonic_acid,27619-97-2,SH-SY5Y,2,384,2.95E-10,3.31E-05,3.68E-05,0.826457,A,1.4
4368,8_2_Fluorotelomer_sulfonic_acid,39108-34-4,SH-SY5Y,2,384,7.52E-11,8.43E-06,2.80E-05,0.210647,A,1.4
4369,Perfluoroundecanoic_acid,2058-94-8,SH-SY5Y,2,384,3.49E-12,3.87E-07,1.12E-05,0.00968525,A,0.1
4370,Perfluorooctanesulfonic_acid,1763-23-1,SH-SY5Y,2,384,3.47E-12,3.87E-07,1.12E-05,0.00968525,A,-2.9
4371,Perfluoroheptanoic_acid,375-85-9,SH-SY5Y,2,384,1.99E-10,2.23E-05,3.26E-05,0.557223,A,0.1
4372,Perfluoropentanoic_acid,2706-90-3,SH-SY5Y,2,384,3.42E-10,3.83E-05,3.91E-05,0.956851,A,0.1
4373,Perfluorohexanesulfonic_acid,355-46-4,SH-SY5Y,2,384,3.22E-10,3.59E-05,3.81E-05,0.898154,A,-2.9
4374,Perfluorodecanoic_acid,335-76-2,SH-SY5Y,2,384,1.47E-12,1.60E-07,7.47E-06,0.00400854,A,0.1
4375,cyclosporine A,59865-13-3,SH-SY5Y,2,384,2.51E-08,3.37E-05,3.71E-05,0.841504,N,
4376,chlorpromazine,50-53-3,SH-SY5Y,2,384,6.41E-09,1.00E-06,1.77E-05,0.0250614,B,9.4
4377,PBDE 47,5436-43-1,SH-SY5Y,2,384,3.29E-07,6.52E-08,6.64E-06,0.00162899,N,
4378,PBDE 99,60348-60-9,SH-SY5Y,2,384,3.56E-07,2.15E-08,5.61E-06,0.00053734,N,
4379,PBDE 153,68631-49-2,SH-SY5Y,2,384,3.79E-07,5.91E-09,5.47E-06,0.000147625,N,
4380,amiodarone,1951-25-3,SH-SY5Y,2,384,1.65E-08,1.31E-08,3.60E-06,0.000328695,B,9
4381,Azathioprine,446-86-6,SH-SY5Y,2,384,5.28E-09,4.00E-05,4.00E-05,0.99962,A,8.2
4382,Benzocaine,94-09-7,SH-SY5Y,2,384,7.42E-09,3.94E-05,3.97E-05,0.984733,N,
4383,Butylated hydroxyanisole,25013-16-5,SH-SY5Y,2,384,5.12E-08,2.47E-05,3.35E-05,0.618155,N,
4384,Cetirizine dihydrochloride,83881-52-1,SH-SY5Y,2,384,1.90E-09,4.00E-05,4.00E-05,0.998914,A,4.7
4385,Cyclamate,139-05-9,SH-SY5Y,2,384,7.18E-07,3.93E-05,3.93E-05,0.981988,B,17.6
4386,Cyclophosphamide,6055-19-2,SH-SY5Y,2,384,9.58E-09,4.00E-05,4.00E-05,0.998766,B,6.1
4387,Cypermethrin,67375-30-8,SH-SY5Y,2,384,3.16E-07,9.75E-08,7.36E-06,0.00243728,N,
4388,DEET,134-62-3,SH-SY5Y,2,384,9.52E-09,3.87E-05,3.94E-05,0.968231,N,
4389,Dexamethasone,50-02-2,SH-SY5Y,2,384,7.71E-09,3.93E-05,3.96E-05,0.982478,N,
4390,Digoxin,20830-75-5,SH-SY5Y,2,384,5.94E-09,3.98E-05,3.99E-05,0.996128,N,
4391,Fenazaquin,120928-09-8,SH-SY5Y,2,384,2.04E-07,8.30E-07,1.67E-05,0.0207581,N,
4392,Fenbuconazole,114369-43-6,SH-SY5Y,2,384,3.97E-08,2.87E-05,3.51E-05,0.717821,N,
4393,Fluazinam,79622-59-6,SH-SY5Y,2,384,8.76E-08,1.14E-05,2.88E-05,0.283914,N,
4394,Furosemide,54-31-9,SH-SY5Y,2,384,4.49E-10,3.91E-05,3.95E-05,0.977749,A,3
4395,Glybenclamide,10238-21-8,SH-SY5Y,2,384,5.38E-10,2.29E-06,2.54E-05,0.0573001,A,5
4396,HC Red 3,2871-01-4,SH-SY5Y,2,384,5.47E-09,4.00E-05,4.00E-05,0.999597,N,
4397,Hydralazine hydrochloride,304-20-1,SH-SY5Y,2,384,9.09E-09,3.99E-05,4.00E-05,0.998706,B,6
4398,Ketoconazole,65277-42-1,SH-SY5Y,2,384,8.76E-08,5.99E-06,2.74E-05,0.1498,B,6.6
4399,Metformin,1115-70-4,SH-SY5Y,2,384,3.13E-08,4.00E-05,4.00E-05,0.99919,B,9.6
4400,Metoclopramide,364-62-5,SH-SY5Y,2,384,1.70E-08,3.66E-05,3.84E-05,0.915666,B,9
4401,Nitrofurantoin,67-20-9,SH-SY5Y,2,384,4.67E-09,4.00E-05,4.00E-05,0.999817,A,7.3
4402,Oxytetracycline hydrochloride,2058-46-0,SH-SY5Y,2,384,1.64E-09,4.00E-05,4.00E-05,0.999953,A,4.5
4403,Panthenol,16485-10-2 ,SH-SY5Y,2,384,5.44E-09,4.00E-05,4.00E-05,0.999839,N,
4404,Paracetamol,103-90-2,SH-SY5Y,2,384,5.51E-09,4.00E-05,4.00E-05,0.999287,N,
4405,Topiramate,97240-79-4,SH-SY5Y,2,384,5.42E-09,4.00E-05,4.00E-05,0.999857,A,9.2
4406,Trimellitic anhydride,552-30-7,SH-SY5Y,2,384,5.50E-10,3.98E-05,3.99E-05,0.99407,A,3.3
4407,Verapamil hydrochloride,152-11-4,SH-SY5Y,2,384,5.97E-09,4.61E-06,2.72E-05,0.115142,B,9.2
4408,Warfarin,129-06-6,SH-SY5Y,2,384,1.33E-08,3.75E-05,3.88E-05,0.937634,N,
4409,Caffeine,58-08-2,HEK293H,2,384,7.97E-09,4.00E-05,4.00E-05,0.999633,N,
4410,Lamotrigine,84057-84-1,HEK293H,2,384,5.91E-08,3.69E-05,3.85E-05,0.923064,B,6.6
4411,Diclofenac,15307-79-6,HEK293H,2,384,1.03E-06,3.89E-05,3.89E-05,0.973319,B,17.6
4412,"2,4-Dichlorophenoxyacetic",94-75-7,HEK293H,2,384,5.15E-10,3.50E-05,3.77E-05,0.874351,A,2.7
4413,(S)-Naproxen,22204-53-1,HEK293H,2,384,1.73E-09,2.97E-05,3.55E-05,0.743094,A,4.4
4414,Ibuprofen,15687-27-1,HEK293H,2,384,5.02E-09,1.75E-05,3.08E-05,0.438597,A,5.4
4415,Torasemide,56211-40-6,HEK293H,2,384,1.03E-09,2.59E-05,3.39E-05,0.648076,A,4
4416,Warfarin,81-81-2,HEK293H,2,384,2.19E-09,3.60E-05,3.81E-05,0.900257,A,4.5
4417,di-n-butylphthalate,84-74-2,HEK293H,2,384,5.23E-07,3.41E-06,2.68E-05,0.0852509,N,
4418,hexachlorophene,70-30-4,HEK293H,2,384,1.14E-07,1.40E-08,3.66E-06,0.000349968,A,6.2
4419,hexamethylenetetramine,100-97-0,HEK293H,2,384,1.59E-08,3.99E-05,3.99E-05,0.99801,B,6.4
4420,Malathion,121-75-5,HEK293H,2,384,3.94E-08,3.81E-05,3.90E-05,0.95161,N,
4421,pentachlorophenol,87-86-5,HEK293H,2,384,2.74E-09,1.57E-06,2.17E-05,0.0392982,A,5
4422,"2,2,2-trichloroethanol",115-20-8,HEK293H,2,384,1.16E-08,3.97E-05,3.98E-05,0.992229,N,
4423,diethylphthalate,84-66-2,HEK293H,2,384,4.54E-08,3.77E-05,3.89E-05,0.942137,N,
4424,4-chlorophenol,106-48-9,HEK293H,2,384,4.15E-08,3.79E-05,3.90E-05,0.948187,N,
4425,permethrin,52645-53-1,HEK293H,2,384,1.50E-06,1.21E-07,7.69E-06,0.00303744,N,
4426,Aniline,62-53-3,HEK293H,2,384,8.98E-09,3.99E-05,3.99E-05,0.997924,N,
4427,4-fluoroaniline,371-40-4,HEK293H,2,384,9.86E-09,3.99E-05,3.99E-05,0.996397,N,
4428,"2,4,6-trichlorophenol",88-06-2,HEK293H,2,384,6.98E-08,1.84E-05,3.11E-05,0.461195,A,6.8
4429,Allyl alcohol,107-18-6,HEK293H,2,384,8.05E-09,3.99E-05,3.99E-05,0.998123,N,
4430,N-methylaniline,100-61-8,HEK293H,2,384,1.43E-08,3.95E-05,3.97E-05,0.988423,N,
4431,"3,4-dichloroaniline",95-76-1,HEK293H,2,384,7.18E-08,3.60E-05,3.81E-05,0.900215,N,
4432,4-decylaniline,37529-30-9,HEK293H,2,384,1.43E-06,1.76E-07,8.70E-06,0.00440071,N,
4433,naphthalene,91-20-3,HEK293H,2,384,2.03E-07,2.69E-05,3.40E-05,0.671998,N,
4434,"1,2,4-trichlorobenzene",120-82-1,HEK293H,2,384,3.56E-07,9.73E-06,2.40E-05,0.243147,N,
4435,"1,2-dichlorobenzene",95-50-1,HEK293H,2,384,1.91E-07,1.89E-05,2.57E-05,0.471405,N,
4436,dichloromethane,75-09-2,HEK293H,2,384,8.02E-09,3.08E-05,3.08E-05,0.769026,N,
4437,tetrachloroethylene,127-18-4,HEK293H,2,384,1.27E-07,1.34E-05,1.79E-05,0.335237,N,
4438,"2,3-dimethyl-1,3-butadiene",513-81-5,HEK293H,2,384,4.29E-09,9.48E-07,1.09E-06,0.0237014,N,
4439,Eugenol F,97-53-0,HEK293H,2,384,3.37E-08,3.84E-05,3.92E-05,0.960416,N,
4440,Methyl-antranilate,134-20-3,HEK293H,2,384,1.86E-08,3.93E-05,3.97E-05,0.983742,N,
4441,Lilyfore,285977-85-7,HEK293H,2,384,1.88E-07,2.84E-05,3.49E-05,0.710344,N,
4442,Damascone beta,23726-91-2,HEK293H,2,384,4.88E-07,6.67E-06,2.73E-05,0.166747,N,
4443,Veloutone,14595-54-1,HEK293H,2,384,8.62E-07,1.19E-06,1.94E-05,0.0297392,N,
4444,Verdox,82356-51-2,HEK293H,2,384,1.48E-06,1.35E-07,7.94E-06,0.00336904,N,
4445,Nirvanol,1506-02-1,HEK293H,2,384,1.12E-06,5.82E-07,1.41E-05,0.0145603,N,
4446,Cetalox,3738-00-9,HEK293H,2,384,9.35E-07,9.76E-07,1.77E-05,0.0244032,N,
4447,Tonalide,21145-77-7,HEK293H,2,384,1.12E-06,5.82E-07,1.41E-05,0.0145603,N,
4448,"2,4-Dinitrophenol",51-28-5,HEK293H,2,384,1.66E-09,3.96E-05,3.98E-05,0.990306,A,4.1
4449,Aldrin,309-00-2,HEK293H,2,384,1.50E-06,1.21E-07,7.68E-06,0.00303655,N,
4450,Azinphos-methyl,86-50-0,HEK293H,2,384,8.02E-08,3.55E-05,3.78E-05,0.886816,N,
4451,Chlorpyrifos,2921-88-2,HEK293H,2,384,6.63E-07,1.92E-06,2.37E-05,0.0480663,N,
4452,"DDD-p,p'",50-29-3,HEK293H,2,384,1.63E-06,5.09E-08,6.14E-06,0.00127138,N,
4453,"DDT-o,p'",789-02-6,HEK293H,2,384,1.52E-06,1.07E-07,7.40E-06,0.00267958,N,
4454,"DDT-p,p'",72-54-8,HEK293H,2,384,1.34E-06,2.63E-07,1.01E-05,0.00657273,N,
4455,Diazinon,333-41-5,HEK293H,2,384,3.75E-07,1.55E-05,3.00E-05,0.387033,N,
4456,Dicofol,115-32-2,HEK293H,2,384,7.00E-07,1.76E-06,2.29E-05,0.0441229,N,
4457,Dieldrin,60-57-1,HEK293H,2,384,7.62E-07,1.52E-06,2.15E-05,0.0380822,N,
4458,Disulfoton,298-04-4,HEK293H,2,384,4.34E-07,1.11E-05,2.85E-05,0.276667,N,
4459,Endosulfan I,115-29-7,HEK293H,2,384,3.81E-07,1.50E-05,2.98E-05,0.375775,N,
4460,Endrin,72-20-8,HEK293H,2,384,9.56E-07,9.31E-07,1.74E-05,0.0232874,N,
4461,Ethion,563-12-2,HEK293H,2,384,7.31E-07,1.64E-06,2.22E-05,0.0410206,N,
4462,Heptachlor,76-44-8,HEK293H,2,384,1.33E-06,2.73E-07,1.03E-05,0.00683677,N,
4463,Heptachlor epoxide B,1024-57-3,HEK293H,2,384,6.75E-07,1.87E-06,2.34E-05,0.046725,N,
4464,Lindane,58-89-9,HEK293H,2,384,3.45E-07,1.76E-05,3.07E-05,0.438861,N,
4465,"Methoxychlor-o,p'",72-43-5,HEK293H,2,384,7.37E-07,1.62E-06,2.21E-05,0.04042,N,
4466,Parathion,56-38-2,HEK293H,2,384,3.81E-07,1.50E-05,2.98E-05,0.375781,N,
4467,Trifluralin,1582-09-8,HEK293H,2,384,9.00E-07,1.08E-06,1.86E-05,0.0270066,N,
4468,Cisapride,81098-60-4,HEK293H,2,384,8.91E-08,2.32E-05,3.28E-05,0.579015,B,7.8
4469,Citalopram hydrobromide,59729-33-8,HEK293H,2,384,1.76E-07,2.92E-05,3.52E-05,0.729498,N,
4470,Dofetilide,115256-11-6,HEK293H,2,384,2.21E-08,3.86E-05,3.93E-05,0.964841,B,8.4
4471,Moxifloxacin hydrochloride,186826-86-8,HEK293H,2,384,5.41E-09,3.99E-05,3.99E-05,0.997128,A,6
4472,N-acetylpro-cainamide,32795-44-1,HEK293H,2,384,3.03E-08,3.98E-05,3.99E-05,0.996164,B,9.2
4473,Quinidine sulfate,50-54-4,HEK293H,2,384,2.96E-08,2.88E-05,3.51E-05,0.720699,B,9.3
4474,Sematilide,101526-83-4,HEK293H,2,384,2.80E-08,3.99E-05,3.99E-05,0.996749,B,9.1
4475,Sotalol hydrochloride,959-24-0,HEK293H,2,384,2.61E-08,4.00E-05,4.00E-05,0.99901,B,9
4476,Mifepristone,84371-65-3,HEK293H,2,384,6.14E-07,2.16E-06,2.48E-05,0.0539299,N,
4477,Perfluorobutanesulfonic_acid,375-73-5,HEK293H,2,384,5.15E-10,3.97E-05,3.99E-05,0.993493,A,-2.9
4478,4_2_Fluorotelomer_sulfonic_acid,757124-72-4,HEK293H,2,384,5.09E-10,3.95E-05,3.97E-05,0.988086,A,1.4
4479,Perfluorononanoic_acid,375-95-1,HEK293H,2,384,4.13E-12,3.08E-07,1.01E-05,0.0077067,A,0.1
4480,Perfluorohexanoic_acid,307-24-4,HEK293H,2,384,1.05E-10,8.11E-06,2.79E-05,0.202805,A,0.1
4481,Perfluorobutanoic_acid,375-22-4,HEK293H,2,384,5.11E-10,3.96E-05,3.98E-05,0.989143,A,0.1
4482,Perfluorooctanoic_acid,335-67-1,HEK293H,2,384,1.19E-10,9.25E-06,2.82E-05,0.231209,A,0.1
4483,6_2_Fluorotelomer_sulfonic_acid,27619-97-2,HEK293H,2,384,4.26E-10,3.31E-05,3.68E-05,0.826455,A,1.4
4484,8_2_Fluorotelomer_sulfonic_acid,39108-34-4,HEK293H,2,384,1.09E-10,8.43E-06,2.80E-05,0.210647,A,1.4
4485,Perfluoroundecanoic_acid,2058-94-8,HEK293H,2,384,5.15E-12,3.87E-07,1.12E-05,0.00968525,A,0.1
4486,Perfluorooctanesulfonic_acid,1763-23-1,HEK293H,2,384,5.02E-12,3.87E-07,1.12E-05,0.00968525,A,-2.9
4487,Perfluoroheptanoic_acid,375-85-9,HEK293H,2,384,2.88E-10,2.23E-05,3.26E-05,0.557222,A,0.1
4488,Perfluoropentanoic_acid,2706-90-3,HEK293H,2,384,4.94E-10,3.83E-05,3.91E-05,0.956848,A,0.1
4489,Perfluorohexanesulfonic_acid,355-46-4,HEK293H,2,384,4.65E-10,3.59E-05,3.81E-05,0.898151,A,-2.9
4490,Perfluorodecanoic_acid,335-76-2,HEK293H,2,384,2.24E-12,1.60E-07,7.47E-06,0.00400854,A,0.1
4491,cyclosporine A,59865-13-3,HEK293H,2,384,1.09E-07,3.36E-05,3.70E-05,0.839729,N,
4492,chlorpromazine,50-53-3,HEK293H,2,384,3.00E-08,1.00E-06,1.77E-05,0.0250467,B,9.4
4493,PBDE 47,5436-43-1,HEK293H,2,384,1.60E-06,6.31E-08,6.43E-06,0.00157671,N,
4494,PBDE 99,60348-60-9,HEK293H,2,384,1.73E-06,2.07E-08,5.42E-06,0.000518716,N,
4495,PBDE 153,68631-49-2,HEK293H,2,384,1.84E-06,5.69E-09,5.27E-06,0.000142192,N,
4496,amiodarone,1951-25-3,HEK293H,2,384,8.29E-08,1.31E-08,3.59E-06,0.000328149,B,9
4497,Azathioprine,446-86-6,HEK293H,2,384,7.73E-09,4.00E-05,4.00E-05,0.999558,A,8.2
4498,Benzocaine,94-09-7,HEK293H,2,384,1.81E-08,3.94E-05,3.97E-05,0.984469,N,
4499,Butylated hydroxyanisole,25013-16-5,HEK293H,2,384,2.44E-07,2.46E-05,3.33E-05,0.615168,N,
4500,Cetirizine dihydrochloride,83881-52-1,HEK293H,2,384,2.75E-09,4.00E-05,4.00E-05,0.998893,A,4.7
4501,Cyclamate,139-05-9,HEK293H,2,384,1.03E-06,3.90E-05,3.90E-05,0.974223,B,17.6
4502,Cyclophosphamide,6055-19-2,HEK293H,2,384,1.43E-08,3.99E-05,4.00E-05,0.998648,B,6.1
4503,Cypermethrin,67375-30-8,HEK293H,2,384,1.54E-06,9.45E-08,7.13E-06,0.002362,N,
4504,DEET,134-62-3,HEK293H,2,384,2.90E-08,3.87E-05,3.93E-05,0.96776,N,
4505,Dexamethasone,50-02-2,HEK293H,2,384,1.96E-08,3.93E-05,3.96E-05,0.982186,N,
4506,Digoxin,20830-75-5,HEK293H,2,384,1.04E-08,3.98E-05,3.99E-05,0.996016,N,
4507,Fenazaquin,120928-09-8,HEK293H,2,384,1.01E-06,8.14E-07,1.64E-05,0.02034,N,
4508,Fenbuconazole,114369-43-6,HEK293H,2,384,1.85E-07,2.86E-05,3.49E-05,0.715211,N,
4509,Fluazinam,79622-59-6,HEK293H,2,384,4.32E-07,1.13E-05,2.86E-05,0.281467,N,
4510,Furosemide,54-31-9,HEK293H,2,384,6.48E-10,3.91E-05,3.95E-05,0.977744,A,3
4511,Glybenclamide,10238-21-8,HEK293H,2,384,2.23E-09,2.29E-06,2.54E-05,0.0572976,A,5
4512,HC Red 3,2871-01-4,HEK293H,2,384,8.04E-09,4.00E-05,4.00E-05,0.999532,N,
4513,Hydralazine hydrochloride,304-20-1,HEK293H,2,384,1.36E-08,3.99E-05,4.00E-05,0.998593,B,6
4514,Ketoconazole,65277-42-1,HEK293H,2,384,4.31E-07,5.94E-06,2.72E-05,0.148513,B,6.6
4515,Metformin,1115-70-4,HEK293H,2,384,4.52E-08,4.00E-05,4.00E-05,0.998843,B,9.6
4516,Metoclopramide,364-62-5,HEK293H,2,384,2.63E-08,3.66E-05,3.84E-05,0.915454,B,9
4517,Nitrofurantoin,67-20-9,HEK293H,2,384,6.76E-09,4.00E-05,4.00E-05,0.999765,A,7.3
4518,Oxytetracycline hydrochloride,2058-46-0,HEK293H,2,384,2.37E-09,4.00E-05,4.00E-05,0.999935,A,4.5
4519,Panthenol,16485-10-2 ,HEK293H,2,384,7.86E-09,4.00E-05,4.00E-05,0.999779,N,
4520,Paracetamol,103-90-2,HEK293H,2,384,8.26E-09,4.00E-05,4.00E-05,0.999219,N,
4521,Topiramate,97240-79-4,HEK293H,2,384,7.82E-09,4.00E-05,4.00E-05,0.999797,A,9.2
4522,Trimellitic anhydride,552-30-7,HEK293H,2,384,7.94E-10,3.98E-05,3.99E-05,0.994064,A,3.3
4523,Verapamil hydrochloride,152-11-4,HEK293H,2,384,2.14E-08,4.60E-06,2.72E-05,0.115097,B,9.2
4524,Warfarin,129-06-6,HEK293H,2,384,4.88E-08,3.75E-05,3.88E-05,0.936803,N,
4525,Caffeine,58-08-2,Rat cerebellar granule cell,20,384,4.61E-09,4.00E-05,4.00E-05,0.999178,N,
4526,Lamotrigine,84057-84-1,Rat cerebellar granule cell,20,384,1.07E-06,2.66E-05,3.79E-05,0.664115,B,6.6
4527,Diclofenac,15307-79-6,Rat cerebellar granule cell,20,384,4.53E-08,3.98E-05,3.99E-05,0.994256,B,17.6
4528,"2,4-Dichlorophenoxyacetic",94-75-7,Rat cerebellar granule cell,20,384,2.14E-11,2.18E-05,3.85E-05,0.544797,A,2.7
4529,(S)-Naproxen,22204-53-1,Rat cerebellar granule cell,20,384,1.62E-09,1.30E-05,3.80E-05,0.324398,A,4.4
4530,Ibuprofen,15687-27-1,Rat cerebellar granule cell,20,384,2.67E-08,4.39E-06,3.77E-05,0.109779,A,5.4
4531,Torasemide,56211-40-6,Rat cerebellar granule cell,20,384,5.29E-10,9.24E-06,3.78E-05,0.23098,A,4
4532,Warfarin,81-81-2,Rat cerebellar granule cell,20,384,1.38E-09,2.44E-05,3.87E-05,0.610866,A,4.5
4533,di-n-butylphthalate,84-74-2,Rat cerebellar granule cell,20,384,2.61E-06,5.10E-07,3.55E-05,0.0127593,N,
4534,hexachlorophene,70-30-4,Rat cerebellar granule cell,20,384,1.86E-06,7.35E-09,1.91E-05,0.000183703,A,6.2
4535,hexamethylenetetramine,100-97-0,Rat cerebellar granule cell,20,384,9.27E-10,3.99E-05,3.99E-05,0.998355,B,6.4
4536,Malathion,121-75-5,Rat cerebellar granule cell,20,384,8.81E-07,3.06E-05,3.84E-05,0.765218,N,
4537,pentachlorophenol,87-86-5,Rat cerebellar granule cell,20,384,1.56E-08,2.84E-07,3.67E-05,0.00710084,A,5
4538,"2,2,2-trichloroethanol",115-20-8,Rat cerebellar granule cell,20,384,1.28E-07,3.87E-05,3.97E-05,0.96819,N,
4539,diethylphthalate,84-66-2,Rat cerebellar granule cell,20,384,1.01E-06,2.91E-05,3.81E-05,0.728171,N,
4540,4-chlorophenol,106-48-9,Rat cerebellar granule cell,20,384,9.27E-07,3.01E-05,3.83E-05,0.751712,N,
4541,permethrin,52645-53-1,Rat cerebellar granule cell,20,384,1.25E-05,3.14E-08,1.96E-05,0.000784827,N,
4542,Aniline,62-53-3,Rat cerebellar granule cell,20,384,3.99E-08,3.96E-05,3.99E-05,0.991184,N,
4543,4-fluoroaniline,371-40-4,Rat cerebellar granule cell,20,384,7.01E-08,3.94E-05,3.98E-05,0.983874,N,
4544,"2,4,6-trichlorophenol",88-06-2,Rat cerebellar granule cell,20,384,5.80E-07,4.72E-06,3.72E-05,0.118034,A,6.8
4545,Allyl alcohol,107-18-6,Rat cerebellar granule cell,20,384,7.74E-09,3.99E-05,3.99E-05,0.997154,N,
4546,N-methylaniline,100-61-8,Rat cerebellar granule cell,20,384,2.17E-07,3.78E-05,3.95E-05,0.946001,N,
4547,"3,4-dichloroaniline",95-76-1,Rat cerebellar granule cell,20,384,1.46E-06,2.37E-05,3.73E-05,0.592006,N,
4548,4-decylaniline,37529-30-9,Rat cerebellar granule cell,20,384,1.14E-05,4.36E-08,2.12E-05,0.00109001,N,
4549,naphthalene,91-20-3,Rat cerebellar granule cell,20,384,2.44E-06,9.76E-06,3.54E-05,0.243991,N,
4550,"1,2,4-trichlorobenzene",120-82-1,Rat cerebellar granule cell,20,384,2.65E-06,2.16E-06,3.39E-05,0.0540926,N,
4551,"1,2-dichlorobenzene",95-50-1,Rat cerebellar granule cell,20,384,2.36E-06,6.99E-06,3.24E-05,0.174798,N,
4552,dichloromethane,75-09-2,Rat cerebellar granule cell,20,384,6.81E-08,3.04E-05,3.09E-05,0.759449,N,
4553,tetrachloroethylene,127-18-4,Rat cerebellar granule cell,20,384,1.99E-06,6.32E-06,2.77E-05,0.158095,N,
4554,"2,3-dimethyl-1,3-butadiene",513-81-5,Rat cerebellar granule cell,20,384,1.35E-07,9.16E-07,2.28E-06,0.0228986,N,
4555,Eugenol F,97-53-0,Rat cerebellar granule cell,20,384,7.51E-07,3.21E-05,3.86E-05,0.802465,N,
4556,Methyl-antranilate,134-20-3,Rat cerebellar granule cell,20,384,3.48E-07,3.65E-05,3.93E-05,0.913483,N,
4557,Lilyfore,285977-85-7,Rat cerebellar granule cell,20,384,2.39E-06,1.09E-05,3.57E-05,0.273341,N,
4558,Damascone beta,23726-91-2,Rat cerebellar granule cell,20,384,2.71E-06,1.11E-06,3.53E-05,0.0276337,N,
4559,Veloutone,14595-54-1,Rat cerebellar granule cell,20,384,4.92E-06,2.06E-07,3.17E-05,0.00514716,N,
4560,Verdox,82356-51-2,Rat cerebellar granule cell,20,384,1.22E-05,3.44E-08,2.00E-05,0.000861209,N,
4561,Nirvanol,1506-02-1,Rat cerebellar granule cell,20,384,7.42E-06,1.18E-07,2.76E-05,0.00294842,N,
4562,Cetalox,3738-00-9,Rat cerebellar granule cell,20,384,5.58E-06,1.77E-07,3.05E-05,0.0044253,N,
4563,Tonalide,21145-77-7,Rat cerebellar granule cell,20,384,7.42E-06,1.18E-07,2.76E-05,0.00294842,N,
4564,"2,4-Dinitrophenol",51-28-5,Rat cerebellar granule cell,20,384,1.27E-10,3.81E-05,3.98E-05,0.952074,A,4.1
4565,Aldrin,309-00-2,Rat cerebellar granule cell,20,384,1.25E-05,3.14E-08,1.96E-05,0.000784768,N,
4566,Azinphos-methyl,86-50-0,Rat cerebellar granule cell,20,384,1.57E-06,2.22E-05,3.71E-05,0.556066,N,
4567,Chlorpyrifos,2921-88-2,Rat cerebellar granule cell,20,384,3.42E-06,2.99E-07,3.41E-05,0.00747267,N,
4568,"DDD-p,p'",50-29-3,Rat cerebellar granule cell,20,384,1.43E-05,1.40E-08,1.68E-05,0.000350539,N,
4569,"DDT-o,p'",789-02-6,Rat cerebellar granule cell,20,384,1.28E-05,2.80E-08,1.91E-05,0.000700858,N,
4570,"DDT-p,p'",72-54-8,Rat cerebellar granule cell,20,384,1.02E-05,6.15E-08,2.31E-05,0.00153836,N,
4571,Diazinon,333-41-5,Rat cerebellar granule cell,20,384,2.75E-06,3.39E-06,3.51E-05,0.0847913,N,
4572,Dicofol,115-32-2,Rat cerebellar granule cell,20,384,3.67E-06,2.80E-07,3.37E-05,0.00698819,N,
4573,Dieldrin,60-57-1,Rat cerebellar granule cell,20,384,4.13E-06,2.49E-07,3.30E-05,0.00623197,N,
4574,Disulfoton,298-04-4,Rat cerebellar granule cell,20,384,2.75E-06,2.09E-06,3.52E-05,0.052368,N,
4575,Endosulfan I,115-29-7,Rat cerebellar granule cell,20,384,2.75E-06,3.24E-06,3.51E-05,0.0810503,N,
4576,Endrin,72-20-8,Rat cerebellar granule cell,20,384,5.76E-06,1.70E-07,3.03E-05,0.00425984,N,
4577,Ethion,563-12-2,Rat cerebellar granule cell,20,384,3.90E-06,2.64E-07,3.34E-05,0.00660225,N,
4578,Heptachlor,76-44-8,Rat cerebellar granule cell,20,384,1.01E-05,6.36E-08,2.33E-05,0.00159033,N,
4579,Heptachlor epoxide B,1024-57-3,Rat cerebellar granule cell,20,384,3.50E-06,2.92E-07,3.40E-05,0.00730854,N,
4580,Lindane,58-89-9,Rat cerebellar granule cell,20,384,2.73E-06,4.14E-06,3.52E-05,0.103616,N,
4581,"Methoxychlor-o,p'",72-43-5,Rat cerebellar granule cell,20,384,3.94E-06,2.61E-07,3.33E-05,0.00652696,N,
4582,Parathion,56-38-2,Rat cerebellar granule cell,20,384,2.75E-06,3.24E-06,3.51E-05,0.0810506,N,
4583,Trifluralin,1582-09-8,Rat cerebellar granule cell,20,384,5.25E-06,1.91E-07,3.11E-05,0.00477775,N,
4584,Cisapride,81098-60-4,Rat cerebellar granule cell,20,384,8.16E-07,7.14E-06,3.70E-05,0.178565,B,7.8
4585,Citalopram hydrobromide,59729-33-8,Rat cerebellar granule cell,20,384,2.33E-06,1.17E-05,3.58E-05,0.293286,N,
4586,Dofetilide,115256-11-6,Rat cerebellar granule cell,20,384,7.49E-08,3.34E-05,3.93E-05,0.834151,B,8.4
4587,Moxifloxacin hydrochloride,186826-86-8,Rat cerebellar granule cell,20,384,2.71E-09,3.95E-05,3.99E-05,0.986769,A,6
4588,N-acetylpro-cainamide,32795-44-1,Rat cerebellar granule cell,20,384,3.86E-09,3.94E-05,3.99E-05,0.985028,B,9.2
4589,Quinidine sulfate,50-54-4,Rat cerebellar granule cell,20,384,8.04E-08,1.20E-05,3.79E-05,0.298898,B,9.3
4590,Sematilide,101526-83-4,Rat cerebellar granule cell,20,384,3.55E-09,3.95E-05,3.99E-05,0.987673,B,9.1
4591,Sotalol hydrochloride,959-24-0,Rat cerebellar granule cell,20,384,1.49E-09,3.99E-05,4.00E-05,0.99849,B,9
4592,Mifepristone,84371-65-3,Rat cerebellar granule cell,20,384,3.10E-06,3.27E-07,3.47E-05,0.00818292,N,
4593,Perfluorobutanesulfonic_acid,375-73-5,Rat cerebellar granule cell,20,384,2.16E-11,3.87E-05,3.99E-05,0.967933,A,-2.9
4594,4_2_Fluorotelomer_sulfonic_acid,757124-72-4,Rat cerebellar granule cell,20,384,2.10E-11,3.76E-05,3.98E-05,0.940895,A,1.4
4595,Perfluorononanoic_acid,375-95-1,Rat cerebellar granule cell,20,384,1.62E-12,9.64E-08,3.06E-05,0.0024101,A,0.1
4596,Perfluorohexanoic_acid,307-24-4,Rat cerebellar granule cell,20,384,1.15E-12,1.49E-06,3.78E-05,0.0371775,A,0.1
4597,Perfluorobutanoic_acid,375-22-4,Rat cerebellar granule cell,20,384,2.11E-11,3.78E-05,3.98E-05,0.946139,A,0.1
4598,Perfluorooctanoic_acid,335-67-1,Rat cerebellar granule cell,20,384,1.31E-12,1.76E-06,3.78E-05,0.0438955,A,0.1
4599,6_2_Fluorotelomer_sulfonic_acid,27619-97-2,Rat cerebellar granule cell,20,384,1.11E-11,1.79E-05,3.83E-05,0.446415,A,1.4
4600,8_2_Fluorotelomer_sulfonic_acid,39108-34-4,Rat cerebellar granule cell,20,384,2.48E-12,1.56E-06,3.78E-05,0.0389891,A,1.4
4601,Perfluoroundecanoic_acid,2058-94-8,Rat cerebellar granule cell,20,384,1.45E-12,1.13E-07,3.16E-05,0.00281492,A,0.1
4602,Perfluorooctanesulfonic_acid,1763-23-1,Rat cerebellar granule cell,20,384,6.46E-14,1.13E-07,3.16E-05,0.00281492,A,-2.9
4603,Perfluoroheptanoic_acid,375-85-9,Rat cerebellar granule cell,20,384,4.06E-12,6.73E-06,3.78E-05,0.168261,A,0.1
4604,Perfluoropentanoic_acid,2706-90-3,Rat cerebellar granule cell,20,384,1.79E-11,3.20E-05,3.93E-05,0.800284,A,0.1
4605,Perfluorohexanesulfonic_acid,355-46-4,Rat cerebellar granule cell,20,384,1.35E-11,2.42E-05,3.87E-05,0.605009,A,-2.9
4606,Perfluorodecanoic_acid,335-76-2,Rat cerebellar granule cell,20,384,2.14E-12,6.06E-08,2.77E-05,0.00151529,A,0.1
4607,cyclosporine A,59865-13-3,Rat cerebellar granule cell,20,384,1.89E-06,1.81E-05,3.66E-05,0.452157,N,
4608,chlorpromazine,50-53-3,Rat cerebellar granule cell,20,384,2.00E-07,2.10E-07,3.51E-05,0.00523942,B,9.4
4609,PBDE 47,5436-43-1,Rat cerebellar granule cell,20,384,1.39E-05,1.72E-08,1.74E-05,0.000429554,N,
4610,PBDE 99,60348-60-9,Rat cerebellar granule cell,20,384,1.54E-05,5.88E-09,1.53E-05,0.000146897,N,
4611,PBDE 153,68631-49-2,Rat cerebellar granule cell,20,384,1.60E-05,1.60E-09,1.48E-05,4.00E-05,N,
4612,amiodarone,1951-25-3,Rat cerebellar granule cell,20,384,1.39E-06,7.03E-09,1.92E-05,0.000175717,B,9
4613,Azathioprine,446-86-6,Rat cerebellar granule cell,20,384,5.78E-09,4.00E-05,4.00E-05,0.998786,A,8.2
4614,Benzocaine,94-09-7,Rat cerebellar granule cell,20,384,3.34E-07,3.67E-05,3.94E-05,0.917273,N,
4615,Butylated hydroxyanisole,25013-16-5,Rat cerebellar granule cell,20,384,2.57E-06,7.79E-06,3.54E-05,0.194656,N,
4616,Cetirizine dihydrochloride,83881-52-1,Rat cerebellar granule cell,20,384,1.57E-10,3.98E-05,4.00E-05,0.995206,A,4.7
4617,Cyclamate,139-05-9,Rat cerebellar granule cell,20,384,4.55E-08,3.99E-05,4.00E-05,0.998664,B,17.6
4618,Cyclophosphamide,6055-19-2,Rat cerebellar granule cell,20,384,2.41E-08,3.98E-05,4.00E-05,0.994807,B,6.1
4619,Cypermethrin,67375-30-8,Rat cerebellar granule cell,20,384,1.31E-05,2.50E-08,1.86E-05,0.000624783,N,
4620,DEET,134-62-3,Rat cerebellar granule cell,20,384,6.35E-07,3.34E-05,3.88E-05,0.835139,N,
4621,Dexamethasone,50-02-2,Rat cerebellar granule cell,20,384,3.78E-07,3.62E-05,3.93E-05,0.90543,N,
4622,Digoxin,20830-75-5,Rat cerebellar granule cell,20,384,8.98E-08,3.92E-05,3.98E-05,0.979615,N,
4623,Fenazaquin,120928-09-8,Rat cerebellar granule cell,20,384,6.23E-06,1.53E-07,2.95E-05,0.00383447,N,
4624,Fenbuconazole,114369-43-6,Rat cerebellar granule cell,20,384,2.37E-06,1.11E-05,3.57E-05,0.278248,N,
4625,Fluazinam,79622-59-6,Rat cerebellar granule cell,20,384,2.75E-06,2.14E-06,3.52E-05,0.0536026,N,
4626,Furosemide,54-31-9,Rat cerebellar granule cell,20,384,2.98E-11,3.56E-05,3.96E-05,0.89116,A,3
4627,Glybenclamide,10238-21-8,Rat cerebellar granule cell,20,384,1.09E-08,3.69E-07,3.76E-05,0.00923569,A,5
4628,HC Red 3,2871-01-4,Rat cerebellar granule cell,20,384,7.10E-09,3.99E-05,4.00E-05,0.998669,N,
4629,Hydralazine hydrochloride,304-20-1,Rat cerebellar granule cell,20,384,2.60E-08,3.98E-05,3.99E-05,0.99441,B,6
4630,Ketoconazole,65277-42-1,Rat cerebellar granule cell,20,384,2.34E-06,9.69E-07,3.56E-05,0.0242261,B,6.6
4631,Metformin,1115-70-4,Rat cerebellar granule cell,20,384,1.97E-09,4.00E-05,4.00E-05,0.999851,B,9.6
4632,Metoclopramide,364-62-5,Rat cerebellar granule cell,20,384,5.87E-08,2.62E-05,3.88E-05,0.655653,B,9
4633,Nitrofurantoin,67-20-9,Rat cerebellar granule cell,20,384,1.04E-09,4.00E-05,4.00E-05,0.99971,A,7.3
4634,Oxytetracycline hydrochloride,2058-46-0,Rat cerebellar granule cell,20,384,1.02E-10,4.00E-05,4.00E-05,0.999978,A,4.5
4635,Panthenol,16485-10-2 ,Rat cerebellar granule cell,20,384,9.78E-10,4.00E-05,4.00E-05,0.999882,N,
4636,Paracetamol,103-90-2,Rat cerebellar granule cell,20,384,1.48E-08,3.99E-05,4.00E-05,0.997044,N,
4637,Topiramate,97240-79-4,Rat cerebellar granule cell,20,384,5.38E-10,4.00E-05,4.00E-05,0.999958,A,9.2
4638,Trimellitic anhydride,552-30-7,Rat cerebellar granule cell,20,384,3.64E-11,3.88E-05,3.99E-05,0.97085,A,3.3
4639,Verapamil hydrochloride,152-11-4,Rat cerebellar granule cell,20,384,9.82E-08,7.56E-07,3.78E-05,0.0189024,B,9.2
4640,Warfarin,129-06-6,Rat cerebellar granule cell,20,384,1.07E-06,2.83E-05,3.80E-05,0.708348,N,
4641,Caffeine,58-08-2,Balbc_3T3,20,384,6.26E-09,4.00E-05,4.00E-05,0.999137,N,
4642,Lamotrigine,84057-84-1,Balbc_3T3,20,384,1.37E-07,2.72E-05,3.88E-05,0.679948,B,6.6
4643,Diclofenac,15307-79-6,Balbc_3T3,20,384,7.58E-07,3.91E-05,3.92E-05,0.976515,B,17.6
4644,"2,4-Dichlorophenoxyacetic",94-75-7,Balbc_3T3,20,384,2.37E-10,2.18E-05,3.85E-05,0.544794,A,2.7
4645,(S)-Naproxen,22204-53-1,Balbc_3T3,20,384,7.09E-10,1.30E-05,3.80E-05,0.324405,A,4.4
4646,Ibuprofen,15687-27-1,Balbc_3T3,20,384,3.51E-09,4.39E-06,3.77E-05,0.109842,A,5.4
4647,Torasemide,56211-40-6,Balbc_3T3,20,384,3.19E-10,9.24E-06,3.78E-05,0.230981,A,4
4648,Warfarin,81-81-2,Balbc_3T3,20,384,1.22E-09,2.44E-05,3.87E-05,0.610868,A,4.5
4649,di-n-butylphthalate,84-74-2,Balbc_3T3,20,384,3.31E-07,5.41E-07,3.77E-05,0.0135372,N,
4650,hexachlorophene,70-30-4,Balbc_3T3,20,384,2.39E-07,7.66E-09,1.99E-05,0.000191515,A,6.2
4651,hexamethylenetetramine,100-97-0,Balbc_3T3,20,384,1.17E-08,3.99E-05,3.99E-05,0.998087,B,6.4
4652,Malathion,121-75-5,Balbc_3T3,20,384,1.10E-07,3.12E-05,3.91E-05,0.780286,N,
4653,pentachlorophenol,87-86-5,Balbc_3T3,20,384,1.89E-09,2.84E-07,3.67E-05,0.00710327,A,5
4654,"2,2,2-trichloroethanol",115-20-8,Balbc_3T3,20,384,2.07E-08,3.88E-05,3.98E-05,0.970801,N,
4655,diethylphthalate,84-66-2,Balbc_3T3,20,384,1.26E-07,2.98E-05,3.90E-05,0.744636,N,
4656,4-chlorophenol,106-48-9,Balbc_3T3,20,384,1.16E-07,3.07E-05,3.91E-05,0.767313,N,
4657,permethrin,52645-53-1,Balbc_3T3,20,384,2.09E-06,4.32E-08,2.70E-05,0.00108058,N,
4658,Aniline,62-53-3,Balbc_3T3,20,384,1.04E-08,3.97E-05,3.99E-05,0.991916,N,
4659,4-fluoroaniline,371-40-4,Balbc_3T3,20,384,1.39E-08,3.94E-05,3.99E-05,0.98526,N,
4660,"2,4,6-trichlorophenol",88-06-2,Balbc_3T3,20,384,7.02E-08,4.78E-06,3.76E-05,0.11956,A,6.8
4661,Allyl alcohol,107-18-6,Balbc_3T3,20,384,6.62E-09,3.99E-05,3.99E-05,0.997182,N,
4662,N-methylaniline,100-61-8,Balbc_3T3,20,384,3.11E-08,3.80E-05,3.97E-05,0.950432,N,
4663,"3,4-dichloroaniline",95-76-1,Balbc_3T3,20,384,1.81E-07,2.45E-05,3.86E-05,0.611592,N,
4664,4-decylaniline,37529-30-9,Balbc_3T3,20,384,1.85E-06,5.82E-08,2.83E-05,0.00145571,N,
4665,naphthalene,91-20-3,Balbc_3T3,20,384,3.07E-07,1.03E-05,3.74E-05,0.257878,N,
4666,"1,2,4-trichlorobenzene",120-82-1,Balbc_3T3,20,384,3.35E-07,2.30E-06,3.60E-05,0.0574516,N,
4667,"1,2-dichlorobenzene",95-50-1,Balbc_3T3,20,384,2.96E-07,7.38E-06,3.42E-05,0.184394,N,
4668,dichloromethane,75-09-2,Balbc_3T3,20,384,1.24E-08,3.04E-05,3.09E-05,0.760507,N,
4669,tetrachloroethylene,127-18-4,Balbc_3T3,20,384,2.48E-07,6.61E-06,2.89E-05,0.165359,N,
4670,"2,3-dimethyl-1,3-butadiene",513-81-5,Balbc_3T3,20,384,1.61E-08,9.19E-07,2.28E-06,0.0229668,N,
4671,Eugenol F,97-53-0,Balbc_3T3,20,384,9.46E-08,3.26E-05,3.93E-05,0.815878,N,
4672,Methyl-antranilate,134-20-3,Balbc_3T3,20,384,4.65E-08,3.68E-05,3.96E-05,0.920434,N,
4673,Lilyfore,285977-85-7,Balbc_3T3,20,384,3.00E-07,1.15E-05,3.77E-05,0.288498,N,
4674,Damascone beta,23726-91-2,Balbc_3T3,20,384,3.43E-07,1.18E-06,3.75E-05,0.0293845,N,
4675,Veloutone,14595-54-1,Balbc_3T3,20,384,6.63E-07,2.31E-07,3.55E-05,0.00577261,N,
4676,Verdox,82356-51-2,Balbc_3T3,20,384,2.02E-06,4.70E-08,2.73E-05,0.00117603,N,
4677,Nirvanol,1506-02-1,Balbc_3T3,20,384,1.07E-06,1.41E-07,3.29E-05,0.00352328,N,
4678,Cetalox,3738-00-9,Balbc_3T3,20,384,7.64E-07,2.02E-07,3.48E-05,0.00504469,N,
4679,Tonalide,21145-77-7,Balbc_3T3,20,384,1.07E-06,1.41E-07,3.29E-05,0.00352328,N,
4680,"2,4-Dinitrophenol",51-28-5,Balbc_3T3,20,384,1.18E-09,3.81E-05,3.98E-05,0.952049,A,4.1
4681,Aldrin,309-00-2,Balbc_3T3,20,384,2.09E-06,4.32E-08,2.69E-05,0.00108047,N,
4682,Azinphos-methyl,86-50-0,Balbc_3T3,20,384,1.95E-07,2.30E-05,3.85E-05,0.575964,N,
4683,Chlorpyrifos,2921-88-2,Balbc_3T3,20,384,4.43E-07,3.23E-07,3.69E-05,0.00808133,N,
4684,"DDD-p,p'",50-29-3,Balbc_3T3,20,384,2.55E-06,2.04E-08,2.45E-05,0.000510983,N,
4685,"DDT-o,p'",789-02-6,Balbc_3T3,20,384,2.16E-06,3.90E-08,2.65E-05,0.000974221,N,
4686,"DDT-p,p'",72-54-8,Balbc_3T3,20,384,1.59E-06,7.93E-08,2.98E-05,0.00198185,N,
4687,Diazinon,333-41-5,Balbc_3T3,20,384,3.48E-07,3.61E-06,3.74E-05,0.090257,N,
4688,Dicofol,115-32-2,Balbc_3T3,20,384,4.79E-07,3.04E-07,3.67E-05,0.00760299,N,
4689,Dieldrin,60-57-1,Balbc_3T3,20,384,5.44E-07,2.74E-07,3.63E-05,0.00685415,N,
4690,Disulfoton,298-04-4,Balbc_3T3,20,384,3.49E-07,2.23E-06,3.74E-05,0.0557492,N,
4691,Endosulfan I,115-29-7,Balbc_3T3,20,384,3.48E-07,3.45E-06,3.74E-05,0.0862801,N,
4692,Endrin,72-20-8,Balbc_3T3,20,384,7.92E-07,1.95E-07,3.47E-05,0.00487753,N,
4693,Ethion,563-12-2,Balbc_3T3,20,384,5.10E-07,2.89E-07,3.65E-05,0.00722121,N,
4694,Heptachlor,76-44-8,Balbc_3T3,20,384,1.56E-06,8.17E-08,3.00E-05,0.00204132,N,
4695,Heptachlor epoxide B,1024-57-3,Balbc_3T3,20,384,4.55E-07,3.17E-07,3.69E-05,0.00791938,N,
4696,Lindane,58-89-9,Balbc_3T3,20,384,3.45E-07,4.41E-06,3.74E-05,0.110248,N,
4697,"Methoxychlor-o,p'",72-43-5,Balbc_3T3,20,384,5.17E-07,2.86E-07,3.64E-05,0.00714664,N,
4698,Parathion,56-38-2,Balbc_3T3,20,384,3.48E-07,3.45E-06,3.74E-05,0.0862804,N,
4699,Trifluralin,1582-09-8,Balbc_3T3,20,384,7.12E-07,2.16E-07,3.52E-05,0.00540142,N,
4700,Cisapride,81098-60-4,Balbc_3T3,20,384,1.01E-07,7.27E-06,3.77E-05,0.181822,B,7.8
4701,Citalopram hydrobromide,59729-33-8,Balbc_3T3,20,384,2.93E-07,1.24E-05,3.77E-05,0.309181,N,
4702,Dofetilide,115256-11-6,Balbc_3T3,20,384,2.12E-08,3.34E-05,3.94E-05,0.835272,B,8.4
4703,Moxifloxacin hydrochloride,186826-86-8,Balbc_3T3,20,384,4.18E-09,3.95E-05,3.99E-05,0.986733,A,6
4704,N-acetylpro-cainamide,32795-44-1,Balbc_3T3,20,384,2.23E-08,3.94E-05,3.99E-05,0.984575,B,9.2
4705,Quinidine sulfate,50-54-4,Balbc_3T3,20,384,1.68E-08,1.20E-05,3.80E-05,0.299374,B,9.3
4706,Sematilide,101526-83-4,Balbc_3T3,20,384,2.06E-08,3.95E-05,3.99E-05,0.987252,B,9.1
4707,Sotalol hydrochloride,959-24-0,Balbc_3T3,20,384,1.92E-08,3.99E-05,4.00E-05,0.998047,B,9
4708,Mifepristone,84371-65-3,Balbc_3T3,20,384,3.97E-07,3.51E-07,3.72E-05,0.00878122,N,
4709,Perfluorobutanesulfonic_acid,375-73-5,Balbc_3T3,20,384,3.68E-10,3.87E-05,3.99E-05,0.967925,A,-2.9
4710,4_2_Fluorotelomer_sulfonic_acid,757124-72-4,Balbc_3T3,20,384,3.56E-10,3.76E-05,3.98E-05,0.940887,A,1.4
4711,Perfluorononanoic_acid,375-95-1,Balbc_3T3,20,384,1.10E-12,9.64E-08,3.06E-05,0.0024101,A,0.1
4712,Perfluorohexanoic_acid,307-24-4,Balbc_3T3,20,384,1.41E-11,1.49E-06,3.78E-05,0.0371775,A,0.1
4713,Perfluorobutanoic_acid,375-22-4,Balbc_3T3,20,384,3.59E-10,3.78E-05,3.98E-05,0.946131,A,0.1
4714,Perfluorooctanoic_acid,335-67-1,Balbc_3T3,20,384,1.67E-11,1.76E-06,3.78E-05,0.0438955,A,0.1
4715,6_2_Fluorotelomer_sulfonic_acid,27619-97-2,Balbc_3T3,20,384,1.69E-10,1.79E-05,3.83E-05,0.446413,A,1.4
4716,8_2_Fluorotelomer_sulfonic_acid,39108-34-4,Balbc_3T3,20,384,1.49E-11,1.56E-06,3.78E-05,0.0389891,A,1.4
4717,Perfluoroundecanoic_acid,2058-94-8,Balbc_3T3,20,384,1.24E-12,1.13E-07,3.16E-05,0.00281492,A,0.1
4718,Perfluorooctanesulfonic_acid,1763-23-1,Balbc_3T3,20,384,1.07E-12,1.13E-07,3.16E-05,0.00281492,A,-2.9
4719,Perfluoroheptanoic_acid,375-85-9,Balbc_3T3,20,384,6.39E-11,6.73E-06,3.78E-05,0.16826,A,0.1
4720,Perfluoropentanoic_acid,2706-90-3,Balbc_3T3,20,384,3.04E-10,3.20E-05,3.93E-05,0.800278,A,0.1
4721,Perfluorohexanesulfonic_acid,355-46-4,Balbc_3T3,20,384,2.30E-10,2.42E-05,3.87E-05,0.605005,A,-2.9
4722,Perfluorodecanoic_acid,335-76-2,Balbc_3T3,20,384,8.31E-13,6.06E-08,2.77E-05,0.00151529,A,0.1
4723,cyclosporine A,59865-13-3,Balbc_3T3,20,384,2.35E-07,1.89E-05,3.82E-05,0.471771,N,
4724,chlorpromazine,50-53-3,Balbc_3T3,20,384,2.43E-08,2.11E-07,3.53E-05,0.00526256,B,9.4
4725,PBDE 47,5436-43-1,Balbc_3T3,20,384,2.45E-06,2.47E-08,2.50E-05,0.000618675,N,
4726,PBDE 99,60348-60-9,Balbc_3T3,20,384,2.86E-06,8.88E-09,2.31E-05,0.000221877,N,
4727,PBDE 153,68631-49-2,Balbc_3T3,20,384,3.04E-06,2.46E-09,2.27E-05,6.15E-05,N,
4728,amiodarone,1951-25-3,Balbc_3T3,20,384,1.76E-07,7.25E-09,1.98E-05,0.00018122,B,9
4729,Azathioprine,446-86-6,Balbc_3T3,20,384,6.20E-09,4.00E-05,4.00E-05,0.998775,A,8.2
4730,Benzocaine,94-09-7,Balbc_3T3,20,384,4.49E-08,3.70E-05,3.97E-05,0.92396,N,
4731,Butylated hydroxyanisole,25013-16-5,Balbc_3T3,20,384,3.24E-07,8.25E-06,3.75E-05,0.206343,N,
4732,Cetirizine dihydrochloride,83881-52-1,Balbc_3T3,20,384,2.02E-09,3.98E-05,4.00E-05,0.99516,A,4.7
4733,Cyclamate,139-05-9,Balbc_3T3,20,384,7.62E-07,3.92E-05,3.92E-05,0.980766,B,17.6
4734,Cyclophosphamide,6055-19-2,Balbc_3T3,20,384,1.27E-08,3.98E-05,4.00E-05,0.995089,B,6.1
4735,Cypermethrin,67375-30-8,Balbc_3T3,20,384,2.23E-06,3.51E-08,2.61E-05,0.000876481,N,
4736,DEET,134-62-3,Balbc_3T3,20,384,8.07E-08,3.39E-05,3.94E-05,0.8469,N,
4737,Dexamethasone,50-02-2,Balbc_3T3,20,384,5.01E-08,3.65E-05,3.96E-05,0.912933,N,
4738,Digoxin,20830-75-5,Balbc_3T3,20,384,1.62E-08,3.93E-05,3.99E-05,0.981423,N,
4739,Fenazaquin,120928-09-8,Balbc_3T3,20,384,8.68E-07,1.78E-07,3.42E-05,0.00444337,N,
4740,Fenbuconazole,114369-43-6,Balbc_3T3,20,384,2.98E-07,1.17E-05,3.77E-05,0.293592,N,
4741,Fluazinam,79622-59-6,Balbc_3T3,20,384,3.49E-07,2.28E-06,3.74E-05,0.0570647,N,
4742,Furosemide,54-31-9,Balbc_3T3,20,384,4.35E-10,3.56E-05,3.96E-05,0.891151,A,3
4743,Glybenclamide,10238-21-8,Balbc_3T3,20,384,1.33E-09,3.70E-07,3.76E-05,0.0092379,A,5
4744,HC Red 3,2871-01-4,Balbc_3T3,20,384,6.55E-09,3.99E-05,4.00E-05,0.998683,N,
4745,Hydralazine hydrochloride,304-20-1,Balbc_3T3,20,384,1.24E-08,3.98E-05,4.00E-05,0.994746,B,6
4746,Ketoconazole,65277-42-1,Balbc_3T3,20,384,2.94E-07,1.02E-06,3.76E-05,0.0255426,B,6.6
4747,Metformin,1115-70-4,Balbc_3T3,20,384,3.33E-08,4.00E-05,4.00E-05,0.999069,B,9.6
4748,Metoclopramide,364-62-5,Balbc_3T3,20,384,1.94E-08,2.63E-05,3.88E-05,0.656298,B,9
4749,Nitrofurantoin,67-20-9,Balbc_3T3,20,384,5.04E-09,4.00E-05,4.00E-05,0.99961,A,7.3
4750,Oxytetracycline hydrochloride,2058-46-0,Balbc_3T3,20,384,1.74E-09,4.00E-05,4.00E-05,0.999937,A,4.5
4751,Panthenol,16485-10-2 ,Balbc_3T3,20,384,5.84E-09,4.00E-05,4.00E-05,0.99976,N,
4752,Paracetamol,103-90-2,Balbc_3T3,20,384,7.44E-09,3.99E-05,4.00E-05,0.997227,N,
4753,Topiramate,97240-79-4,Balbc_3T3,20,384,5.77E-09,4.00E-05,4.00E-05,0.999828,A,9.2
4754,Trimellitic anhydride,552-30-7,Balbc_3T3,20,384,5.70E-10,3.88E-05,3.99E-05,0.970837,A,3.3
4755,Verapamil hydrochloride,152-11-4,Balbc_3T3,20,384,1.22E-08,7.58E-07,3.79E-05,0.0189432,B,9.2
4756,Warfarin,129-06-6,Balbc_3T3,20,384,1.34E-07,2.90E-05,3.89E-05,0.725464,N,
4757,Caffeine,58-08-2,FishRtgut,20,384,2.68E-09,4.00E-05,4.00E-05,0.999226,N,
4758,Lamotrigine,84057-84-1,FishRtgut,20,384,9.95E-09,2.73E-05,3.89E-05,0.682118,B,6.6
4759,Diclofenac,15307-79-6,FishRtgut,20,384,3.53E-07,3.95E-05,3.96E-05,0.986588,B,17.6
4760,"2,4-Dichlorophenoxyacetic",94-75-7,FishRtgut,20,384,1.09E-10,2.18E-05,3.85E-05,0.544796,A,2.7
4761,(S)-Naproxen,22204-53-1,FishRtgut,20,384,2.50E-10,1.30E-05,3.80E-05,0.324409,A,4.4
4762,Ibuprofen,15687-27-1,FishRtgut,20,384,3.18E-10,4.39E-06,3.77E-05,0.109851,A,5.4
4763,Torasemide,56211-40-6,FishRtgut,20,384,1.22E-10,9.24E-06,3.78E-05,0.230982,A,4
4764,Warfarin,81-81-2,FishRtgut,20,384,4.98E-10,2.44E-05,3.87E-05,0.610879,A,4.5
4765,di-n-butylphthalate,84-74-2,FishRtgut,20,384,1.81E-08,5.46E-07,3.80E-05,0.0136438,N,
4766,hexachlorophene,70-30-4,FishRtgut,20,384,1.81E-08,7.70E-09,2.00E-05,0.00019258,A,6.2
4767,hexamethylenetetramine,100-97-0,FishRtgut,20,384,5.38E-09,3.99E-05,3.99E-05,0.998244,B,6.4
4768,Malathion,121-75-5,FishRtgut,20,384,6.94E-09,3.13E-05,3.92E-05,0.782307,N,
4769,pentachlorophenol,87-86-5,FishRtgut,20,384,1.14E-10,2.84E-07,3.67E-05,0.00710359,A,5
4770,"2,2,2-trichloroethanol",115-20-8,FishRtgut,20,384,3.24E-09,3.88E-05,3.98E-05,0.971224,N,
4771,diethylphthalate,84-66-2,FishRtgut,20,384,7.59E-09,2.99E-05,3.91E-05,0.746841,N,
4772,4-chlorophenol,106-48-9,FishRtgut,20,384,7.18E-09,3.08E-05,3.92E-05,0.769405,N,
4773,permethrin,52645-53-1,FishRtgut,20,384,1.45E-07,4.54E-08,2.83E-05,0.0011359,N,
4774,Aniline,62-53-3,FishRtgut,20,384,2.84E-09,3.97E-05,4.00E-05,0.992103,N,
4775,4-fluoroaniline,371-40-4,FishRtgut,20,384,2.97E-09,3.94E-05,3.99E-05,0.985529,N,
4776,"2,4,6-trichlorophenol",88-06-2,FishRtgut,20,384,3.75E-09,4.79E-06,3.77E-05,0.119759,A,6.8
4777,Allyl alcohol,107-18-6,FishRtgut,20,384,2.69E-09,3.99E-05,3.99E-05,0.99728,N,
4778,N-methylaniline,100-61-8,FishRtgut,20,384,3.66E-09,3.80E-05,3.97E-05,0.951085,N,
4779,"3,4-dichloroaniline",95-76-1,FishRtgut,20,384,9.97E-09,2.46E-05,3.87E-05,0.614219,N,
4780,4-decylaniline,37529-30-9,FishRtgut,20,384,1.25E-07,6.09E-08,2.95E-05,0.00152162,N,
4781,naphthalene,91-20-3,FishRtgut,20,384,1.57E-08,1.04E-05,3.77E-05,0.259772,N,
4782,"1,2,4-trichlorobenzene",120-82-1,FishRtgut,20,384,1.75E-08,2.32E-06,3.62E-05,0.0579119,N,
4783,"1,2-dichlorobenzene",95-50-1,FishRtgut,20,384,1.51E-08,7.43E-06,3.44E-05,0.185699,N,
4784,dichloromethane,75-09-2,FishRtgut,20,384,2.37E-09,3.04E-05,3.09E-05,0.760688,N,
4785,tetrachloroethylene,127-18-4,FishRtgut,20,384,1.26E-08,6.65E-06,2.91E-05,0.166336,N,
4786,"2,3-dimethyl-1,3-butadiene",513-81-5,FishRtgut,20,384,8.30E-10,9.19E-07,2.28E-06,0.0229744,N,
4787,Eugenol F,97-53-0,FishRtgut,20,384,6.28E-09,3.27E-05,3.93E-05,0.817683,N,
4788,Methyl-antranilate,134-20-3,FishRtgut,20,384,4.29E-09,3.69E-05,3.97E-05,0.921408,N,
4789,Lilyfore,285977-85-7,FishRtgut,20,384,1.53E-08,1.16E-05,3.80E-05,0.290564,N,
4790,Damascone beta,23726-91-2,FishRtgut,20,384,1.83E-08,1.19E-06,3.78E-05,0.0296249,N,
4791,Veloutone,14595-54-1,FishRtgut,20,384,3.89E-08,2.35E-07,3.61E-05,0.00586418,N,
4792,Verdox,82356-51-2,FishRtgut,20,384,1.39E-07,4.94E-08,2.87E-05,0.00123432,N,
4793,Nirvanol,1506-02-1,FishRtgut,20,384,6.61E-08,1.45E-07,3.38E-05,0.00361398,N,
4794,Cetalox,3738-00-9,FishRtgut,20,384,4.55E-08,2.05E-07,3.55E-05,0.00513713,N,
4795,Tonalide,21145-77-7,FishRtgut,20,384,6.61E-08,1.45E-07,3.38E-05,0.00361398,N,
4796,"2,4-Dinitrophenol",51-28-5,FishRtgut,20,384,5.41E-10,3.81E-05,3.98E-05,0.952064,A,4.1
4797,Aldrin,309-00-2,FishRtgut,20,384,1.45E-07,4.54E-08,2.83E-05,0.00113577,N,
4798,Azinphos-methyl,86-50-0,FishRtgut,20,384,1.06E-08,2.31E-05,3.86E-05,0.578636,N,
4799,Chlorpyrifos,2921-88-2,FishRtgut,20,384,2.51E-08,3.27E-07,3.73E-05,0.00816669,N,
4800,"DDD-p,p'",50-29-3,FishRtgut,20,384,1.88E-07,2.17E-08,2.60E-05,0.000543191,N,
4801,"DDT-o,p'",789-02-6,FishRtgut,20,384,1.51E-07,4.10E-08,2.79E-05,0.00102595,N,
4802,"DDT-p,p'",72-54-8,FishRtgut,20,384,1.04E-07,8.23E-08,3.10E-05,0.00205839,N,
4803,Diazinon,333-41-5,FishRtgut,20,384,1.80E-08,3.64E-06,3.77E-05,0.0910079,N,
4804,Dicofol,115-32-2,FishRtgut,20,384,2.73E-08,3.08E-07,3.71E-05,0.00768984,N,
4805,Dieldrin,60-57-1,FishRtgut,20,384,3.13E-08,2.78E-07,3.67E-05,0.00694316,N,
4806,Disulfoton,298-04-4,FishRtgut,20,384,1.82E-08,2.25E-06,3.77E-05,0.0562139,N,
4807,Endosulfan I,115-29-7,FishRtgut,20,384,1.80E-08,3.48E-06,3.77E-05,0.0869986,N,
4808,Endrin,72-20-8,FishRtgut,20,384,4.74E-08,1.99E-07,3.53E-05,0.00497019,N,
4809,Ethion,563-12-2,FishRtgut,20,384,2.92E-08,2.92E-07,3.69E-05,0.00730919,N,
4810,Heptachlor,76-44-8,FishRtgut,20,384,1.02E-07,8.48E-08,3.11E-05,0.00211881,N,
4811,Heptachlor epoxide B,1024-57-3,FishRtgut,20,384,2.58E-08,3.20E-07,3.73E-05,0.00800526,N,
4812,Lindane,58-89-9,FishRtgut,20,384,1.78E-08,4.45E-06,3.77E-05,0.111159,N,
4813,"Methoxychlor-o,p'",72-43-5,FishRtgut,20,384,2.97E-08,2.89E-07,3.69E-05,0.00723483,N,
4814,Parathion,56-38-2,FishRtgut,20,384,1.80E-08,3.48E-06,3.77E-05,0.0869989,N,
4815,Trifluralin,1582-09-8,FishRtgut,20,384,4.21E-08,2.20E-07,3.58E-05,0.00549358,N,
4816,Cisapride,81098-60-4,FishRtgut,20,384,6.06E-09,7.29E-06,3.78E-05,0.182255,B,7.8
4817,Citalopram hydrobromide,59729-33-8,FishRtgut,20,384,1.50E-08,1.25E-05,3.80E-05,0.311345,N,
4818,Dofetilide,115256-11-6,FishRtgut,20,384,6.16E-09,3.34E-05,3.94E-05,0.835587,B,8.4
4819,Moxifloxacin hydrochloride,186826-86-8,FishRtgut,20,384,1.80E-09,3.95E-05,3.99E-05,0.986791,A,6
4820,N-acetylpro-cainamide,32795-44-1,FishRtgut,20,384,1.02E-08,3.94E-05,3.99E-05,0.984873,B,9.2
4821,Quinidine sulfate,50-54-4,FishRtgut,20,384,3.83E-09,1.20E-05,3.80E-05,0.29947,B,9.3
4822,Sematilide,101526-83-4,FishRtgut,20,384,9.40E-09,3.95E-05,3.99E-05,0.987529,B,9.1
4823,Sotalol hydrochloride,959-24-0,FishRtgut,20,384,8.84E-09,3.99E-05,4.00E-05,0.998306,B,9
4824,Mifepristone,84371-65-3,FishRtgut,20,384,2.23E-08,3.55E-07,3.76E-05,0.00886437,N,
4825,Perfluorobutanesulfonic_acid,375-73-5,FishRtgut,20,384,1.70E-10,3.87E-05,3.99E-05,0.96793,A,-2.9
4826,4_2_Fluorotelomer_sulfonic_acid,757124-72-4,FishRtgut,20,384,1.64E-10,3.76E-05,3.98E-05,0.940891,A,1.4
4827,Perfluorononanoic_acid,375-95-1,FishRtgut,20,384,4.34E-13,9.64E-08,3.06E-05,0.0024101,A,0.1
4828,Perfluorohexanoic_acid,307-24-4,FishRtgut,20,384,6.51E-12,1.49E-06,3.78E-05,0.0371775,A,0.1
4829,Perfluorobutanoic_acid,375-22-4,FishRtgut,20,384,1.66E-10,3.78E-05,3.98E-05,0.946135,A,0.1
4830,Perfluorooctanoic_acid,335-67-1,FishRtgut,20,384,7.69E-12,1.76E-06,3.78E-05,0.0438955,A,0.1
4831,6_2_Fluorotelomer_sulfonic_acid,27619-97-2,FishRtgut,20,384,7.80E-11,1.79E-05,3.83E-05,0.446414,A,1.4
4832,8_2_Fluorotelomer_sulfonic_acid,39108-34-4,FishRtgut,20,384,6.82E-12,1.56E-06,3.78E-05,0.0389891,A,1.4
4833,Perfluoroundecanoic_acid,2058-94-8,FishRtgut,20,384,5.03E-13,1.13E-07,3.16E-05,0.00281492,A,0.1
4834,Perfluorooctanesulfonic_acid,1763-23-1,FishRtgut,20,384,4.94E-13,1.13E-07,3.16E-05,0.00281492,A,-2.9
4835,Perfluoroheptanoic_acid,375-85-9,FishRtgut,20,384,2.95E-11,6.73E-06,3.78E-05,0.168261,A,0.1
4836,Perfluoropentanoic_acid,2706-90-3,FishRtgut,20,384,1.40E-10,3.20E-05,3.93E-05,0.800281,A,0.1
4837,Perfluorohexanesulfonic_acid,355-46-4,FishRtgut,20,384,1.06E-10,2.42E-05,3.87E-05,0.605007,A,-2.9
4838,Perfluorodecanoic_acid,335-76-2,FishRtgut,20,384,2.82E-13,6.06E-08,2.77E-05,0.00151529,A,0.1
4839,cyclosporine A,59865-13-3,FishRtgut,20,384,1.24E-08,1.90E-05,3.84E-05,0.474418,N,
4840,chlorpromazine,50-53-3,FishRtgut,20,384,1.48E-09,2.11E-07,3.53E-05,0.00526556,B,9.4
4841,PBDE 47,5436-43-1,FishRtgut,20,384,1.78E-07,2.62E-08,2.65E-05,0.000656071,N,
4842,PBDE 99,60348-60-9,FishRtgut,20,384,2.24E-07,9.51E-09,2.47E-05,0.000237632,N,
4843,PBDE 153,68631-49-2,FishRtgut,20,384,2.58E-07,2.64E-09,2.45E-05,6.61E-05,N,
4844,amiodarone,1951-25-3,FishRtgut,20,384,1.34E-08,7.28E-09,1.98E-05,0.000181961,B,9
4845,Azathioprine,446-86-6,FishRtgut,20,384,2.59E-09,4.00E-05,4.00E-05,0.998865,A,8.2
4846,Benzocaine,94-09-7,FishRtgut,20,384,4.22E-09,3.70E-05,3.97E-05,0.924899,N,
4847,Butylated hydroxyanisole,25013-16-5,FishRtgut,20,384,1.65E-08,8.32E-06,3.78E-05,0.207942,N,
4848,Cetirizine dihydrochloride,83881-52-1,FishRtgut,20,384,9.29E-10,3.98E-05,4.00E-05,0.995187,A,4.7
4849,Cyclamate,139-05-9,FishRtgut,20,384,3.55E-07,3.96E-05,3.96E-05,0.990928,B,17.6
4850,Cyclophosphamide,6055-19-2,FishRtgut,20,384,4.73E-09,3.98E-05,4.00E-05,0.995288,B,6.1
4851,Cypermethrin,67375-30-8,FishRtgut,20,384,1.58E-07,3.70E-08,2.76E-05,0.000924653,N,
4852,DEET,134-62-3,FishRtgut,20,384,5.70E-09,3.39E-05,3.94E-05,0.84849,N,
4853,Dexamethasone,50-02-2,FishRtgut,20,384,4.44E-09,3.66E-05,3.97E-05,0.913977,N,
4854,Digoxin,20830-75-5,FishRtgut,20,384,3.07E-09,3.93E-05,3.99E-05,0.981745,N,
4855,Fenazaquin,120928-09-8,FishRtgut,20,384,5.24E-08,1.81E-07,3.49E-05,0.00453601,N,
4856,Fenbuconazole,114369-43-6,FishRtgut,20,384,1.53E-08,1.18E-05,3.80E-05,0.295682,N,
4857,Fluazinam,79622-59-6,FishRtgut,20,384,1.82E-08,2.30E-06,3.77E-05,0.0575404,N,
4858,Furosemide,54-31-9,FishRtgut,20,384,2.00E-10,3.56E-05,3.96E-05,0.891156,A,3
4859,Glybenclamide,10238-21-8,FishRtgut,20,384,8.28E-11,3.70E-07,3.76E-05,0.00923819,A,5
4860,HC Red 3,2871-01-4,FishRtgut,20,384,2.69E-09,4.00E-05,4.00E-05,0.998779,N,
4861,Hydralazine hydrochloride,304-20-1,FishRtgut,20,384,4.49E-09,3.98E-05,4.00E-05,0.994944,B,6
4862,Ketoconazole,65277-42-1,FishRtgut,20,384,1.58E-08,1.03E-06,3.78E-05,0.0257217,B,6.6
4863,Metformin,1115-70-4,FishRtgut,20,384,1.54E-08,4.00E-05,4.00E-05,0.999517,B,9.6
4864,Metoclopramide,364-62-5,FishRtgut,20,384,6.13E-09,2.63E-05,3.88E-05,0.656517,B,9
4865,Nitrofurantoin,67-20-9,FishRtgut,20,384,2.29E-09,4.00E-05,4.00E-05,0.999678,A,7.3
4866,Oxytetracycline hydrochloride,2058-46-0,FishRtgut,20,384,8.03E-10,4.00E-05,4.00E-05,0.99996,A,4.5
4867,Panthenol,16485-10-2 ,FishRtgut,20,384,2.66E-09,4.00E-05,4.00E-05,0.999839,N,
4868,Paracetamol,103-90-2,FishRtgut,20,384,2.72E-09,3.99E-05,4.00E-05,0.997345,N,
4869,Topiramate,97240-79-4,FishRtgut,20,384,2.65E-09,4.00E-05,4.00E-05,0.999906,A,9.2
4870,Trimellitic anhydride,552-30-7,FishRtgut,20,384,2.63E-10,3.88E-05,3.99E-05,0.970845,A,3.3
4871,Verapamil hydrochloride,152-11-4,FishRtgut,20,384,8.24E-10,7.58E-07,3.79E-05,0.0189486,B,9.2
4872,Warfarin,129-06-6,FishRtgut,20,384,7.94E-09,2.91E-05,3.91E-05,0.727756,N,
4873,Caffeine,58-08-2,FishRtgill,20,384,1.41E-09,4.00E-05,4.00E-05,0.999258,N,
4874,Lamotrigine,84057-84-1,FishRtgill,20,384,5.23E-09,2.73E-05,3.89E-05,0.682198,B,6.6
4875,Diclofenac,15307-79-6,FishRtgill,20,384,1.86E-07,3.96E-05,3.98E-05,0.990746,B,17.6
4876,"2,4-Dichlorophenoxyacetic",94-75-7,FishRtgill,20,384,5.71E-11,2.18E-05,3.85E-05,0.544796,A,2.7
4877,(S)-Naproxen,22204-53-1,FishRtgill,20,384,1.31E-10,1.30E-05,3.80E-05,0.32441,A,4.4
4878,Ibuprofen,15687-27-1,FishRtgill,20,384,1.67E-10,4.39E-06,3.77E-05,0.109852,A,5.4
4879,Torasemide,56211-40-6,FishRtgill,20,384,6.41E-11,9.24E-06,3.78E-05,0.230982,A,4
4880,Warfarin,81-81-2,FishRtgill,20,384,2.61E-10,2.44E-05,3.87E-05,0.610883,A,4.5
4881,di-n-butylphthalate,84-74-2,FishRtgill,20,384,9.50E-09,5.46E-07,3.80E-05,0.0136468,N,
4882,hexachlorophene,70-30-4,FishRtgill,20,384,9.49E-09,7.70E-09,2.00E-05,0.000192622,A,6.2
4883,hexamethylenetetramine,100-97-0,FishRtgill,20,384,2.82E-09,3.99E-05,3.99E-05,0.998308,B,6.4
4884,Malathion,121-75-5,FishRtgill,20,384,3.64E-09,3.13E-05,3.92E-05,0.782371,N,
4885,pentachlorophenol,87-86-5,FishRtgill,20,384,6.01E-11,2.84E-07,3.67E-05,0.0071036,A,5
4886,"2,2,2-trichloroethanol",115-20-8,FishRtgill,20,384,1.70E-09,3.89E-05,3.98E-05,0.971261,N,
4887,diethylphthalate,84-66-2,FishRtgill,20,384,3.99E-09,2.99E-05,3.91E-05,0.746908,N,
4888,4-chlorophenol,106-48-9,FishRtgill,20,384,3.77E-09,3.08E-05,3.92E-05,0.76947,N,
4889,permethrin,52645-53-1,FishRtgill,20,384,7.61E-08,4.55E-08,2.84E-05,0.00113785,N,
4890,Aniline,62-53-3,FishRtgill,20,384,1.49E-09,3.97E-05,4.00E-05,0.992136,N,
4891,4-fluoroaniline,371-40-4,FishRtgill,20,384,1.56E-09,3.94E-05,3.99E-05,0.985563,N,
4892,"2,4,6-trichlorophenol",88-06-2,FishRtgill,20,384,1.97E-09,4.79E-06,3.77E-05,0.119764,A,6.8
4893,Allyl alcohol,107-18-6,FishRtgill,20,384,1.41E-09,3.99E-05,3.99E-05,0.997311,N,
4894,N-methylaniline,100-61-8,FishRtgill,20,384,1.92E-09,3.80E-05,3.97E-05,0.951127,N,
4895,"3,4-dichloroaniline",95-76-1,FishRtgill,20,384,5.23E-09,2.46E-05,3.87E-05,0.614292,N,
4896,4-decylaniline,37529-30-9,FishRtgill,20,384,6.58E-08,6.10E-08,2.96E-05,0.00152388,N,
4897,naphthalene,91-20-3,FishRtgill,20,384,8.25E-09,1.04E-05,3.77E-05,0.25982,N,
4898,"1,2,4-trichlorobenzene",120-82-1,FishRtgill,20,384,9.19E-09,2.32E-06,3.63E-05,0.0579239,N,
4899,"1,2-dichlorobenzene",95-50-1,FishRtgill,20,384,7.94E-09,7.43E-06,3.44E-05,0.185732,N,
4900,dichloromethane,75-09-2,FishRtgill,20,384,1.24E-09,3.04E-05,3.09E-05,0.760706,N,
4901,tetrachloroethylene,127-18-4,FishRtgill,20,384,6.64E-09,6.65E-06,2.91E-05,0.16636,N,
4902,"2,3-dimethyl-1,3-butadiene",513-81-5,FishRtgill,20,384,4.36E-10,9.19E-07,2.28E-06,0.0229742,N,
4903,Eugenol F,97-53-0,FishRtgill,20,384,3.30E-09,3.27E-05,3.93E-05,0.817744,N,
4904,Methyl-antranilate,134-20-3,FishRtgill,20,384,2.25E-09,3.69E-05,3.97E-05,0.921455,N,
4905,Lilyfore,285977-85-7,FishRtgill,20,384,8.05E-09,1.16E-05,3.80E-05,0.290617,N,
4906,Damascone beta,23726-91-2,FishRtgill,20,384,9.60E-09,1.19E-06,3.78E-05,0.0296314,N,
4907,Veloutone,14595-54-1,FishRtgill,20,384,2.04E-08,2.35E-07,3.61E-05,0.00586689,N,
4908,Verdox,82356-51-2,FishRtgill,20,384,7.32E-08,4.95E-08,2.87E-05,0.00123636,N,
4909,Nirvanol,1506-02-1,FishRtgill,20,384,3.47E-08,1.45E-07,3.38E-05,0.00361681,N,
4910,Cetalox,3738-00-9,FishRtgill,20,384,2.39E-08,2.06E-07,3.55E-05,0.00513991,N,
4911,Tonalide,21145-77-7,FishRtgill,20,384,3.47E-08,1.45E-07,3.38E-05,0.00361681,N,
4912,"2,4-Dinitrophenol",51-28-5,FishRtgill,20,384,2.84E-10,3.81E-05,3.98E-05,0.95207,A,4.1
4913,Aldrin,309-00-2,FishRtgill,20,384,7.61E-08,4.55E-08,2.84E-05,0.00113773,N,
4914,Azinphos-methyl,86-50-0,FishRtgill,20,384,5.56E-09,2.31E-05,3.86E-05,0.578709,N,
4915,Chlorpyrifos,2921-88-2,FishRtgill,20,384,1.32E-08,3.27E-07,3.73E-05,0.00816913,N,
4916,"DDD-p,p'",50-29-3,FishRtgill,20,384,9.88E-08,2.18E-08,2.61E-05,0.000544405,N,
4917,"DDT-o,p'",789-02-6,FishRtgill,20,384,7.95E-08,4.11E-08,2.80E-05,0.0010278,N,
4918,"DDT-p,p'",72-54-8,FishRtgill,20,384,5.47E-08,8.24E-08,3.10E-05,0.00206094,N,
4919,Diazinon,333-41-5,FishRtgill,20,384,9.44E-09,3.64E-06,3.77E-05,0.0910274,N,
4920,Dicofol,115-32-2,FishRtgill,20,384,1.43E-08,3.08E-07,3.71E-05,0.00769233,N,
4921,Dieldrin,60-57-1,FishRtgill,20,384,1.65E-08,2.78E-07,3.68E-05,0.00694575,N,
4922,Disulfoton,298-04-4,FishRtgill,20,384,9.58E-09,2.25E-06,3.77E-05,0.056226,N,
4923,Endosulfan I,115-29-7,FishRtgill,20,384,9.46E-09,3.48E-06,3.77E-05,0.0870172,N,
4924,Endrin,72-20-8,FishRtgill,20,384,2.49E-08,1.99E-07,3.54E-05,0.00497299,N,
4925,Ethion,563-12-2,FishRtgill,20,384,1.54E-08,2.92E-07,3.69E-05,0.00731173,N,
4926,Heptachlor,76-44-8,FishRtgill,20,384,5.37E-08,8.49E-08,3.11E-05,0.00212138,N,
4927,Heptachlor epoxide B,1024-57-3,FishRtgill,20,384,1.35E-08,3.20E-07,3.73E-05,0.00800771,N,
4928,Lindane,58-89-9,FishRtgill,20,384,9.34E-09,4.45E-06,3.77E-05,0.111182,N,
4929,"Methoxychlor-o,p'",72-43-5,FishRtgill,20,384,1.56E-08,2.89E-07,3.69E-05,0.00723738,N,
4930,Parathion,56-38-2,FishRtgill,20,384,9.46E-09,3.48E-06,3.77E-05,0.0870175,N,
4931,Trifluralin,1582-09-8,FishRtgill,20,384,2.21E-08,2.20E-07,3.58E-05,0.00549633,N,
4932,Cisapride,81098-60-4,FishRtgill,20,384,3.18E-09,7.29E-06,3.78E-05,0.182268,B,7.8
4933,Citalopram hydrobromide,59729-33-8,FishRtgill,20,384,7.88E-09,1.25E-05,3.80E-05,0.3114,N,
4934,Dofetilide,115256-11-6,FishRtgill,20,384,3.23E-09,3.34E-05,3.94E-05,0.835648,B,8.4
4935,Moxifloxacin hydrochloride,186826-86-8,FishRtgill,20,384,9.47E-10,3.95E-05,3.99E-05,0.986812,A,6
4936,N-acetylpro-cainamide,32795-44-1,FishRtgill,20,384,5.33E-09,3.94E-05,3.99E-05,0.984992,B,9.2
4937,Quinidine sulfate,50-54-4,FishRtgill,20,384,2.01E-09,1.20E-05,3.80E-05,0.299484,B,9.3
4938,Sematilide,101526-83-4,FishRtgill,20,384,4.94E-09,3.95E-05,3.99E-05,0.987639,B,9.1
4939,Sotalol hydrochloride,959-24-0,FishRtgill,20,384,4.64E-09,3.99E-05,4.00E-05,0.998411,B,9
4940,Mifepristone,84371-65-3,FishRtgill,20,384,1.17E-08,3.55E-07,3.76E-05,0.00886672,N,
4941,Perfluorobutanesulfonic_acid,375-73-5,FishRtgill,20,384,8.92E-11,3.87E-05,3.99E-05,0.967932,A,-2.9
4942,4_2_Fluorotelomer_sulfonic_acid,757124-72-4,FishRtgill,20,384,8.63E-11,3.76E-05,3.98E-05,0.940893,A,1.4
4943,Perfluorononanoic_acid,375-95-1,FishRtgill,20,384,2.28E-13,9.64E-08,3.06E-05,0.0024101,A,0.1
4944,Perfluorohexanoic_acid,307-24-4,FishRtgill,20,384,3.42E-12,1.49E-06,3.78E-05,0.0371775,A,0.1
4945,Perfluorobutanoic_acid,375-22-4,FishRtgill,20,384,8.69E-11,3.78E-05,3.98E-05,0.946137,A,0.1
4946,Perfluorooctanoic_acid,335-67-1,FishRtgill,20,384,4.04E-12,1.76E-06,3.78E-05,0.0438955,A,0.1
4947,6_2_Fluorotelomer_sulfonic_acid,27619-97-2,FishRtgill,20,384,4.09E-11,1.79E-05,3.83E-05,0.446415,A,1.4
4948,8_2_Fluorotelomer_sulfonic_acid,39108-34-4,FishRtgill,20,384,3.58E-12,1.56E-06,3.78E-05,0.0389891,A,1.4
4949,Perfluoroundecanoic_acid,2058-94-8,FishRtgill,20,384,2.64E-13,1.13E-07,3.16E-05,0.00281492,A,0.1
4950,Perfluorooctanesulfonic_acid,1763-23-1,FishRtgill,20,384,2.60E-13,1.13E-07,3.16E-05,0.00281492,A,-2.9
4951,Perfluoroheptanoic_acid,375-85-9,FishRtgill,20,384,1.55E-11,6.73E-06,3.78E-05,0.168261,A,0.1
4952,Perfluoropentanoic_acid,2706-90-3,FishRtgill,20,384,7.35E-11,3.20E-05,3.93E-05,0.800282,A,0.1
4953,Perfluorohexanesulfonic_acid,355-46-4,FishRtgill,20,384,5.58E-11,2.42E-05,3.87E-05,0.605008,A,-2.9
4954,Perfluorodecanoic_acid,335-76-2,FishRtgill,20,384,1.48E-13,6.06E-08,2.77E-05,0.00151529,A,0.1
4955,cyclosporine A,59865-13-3,FishRtgill,20,384,6.50E-09,1.90E-05,3.84E-05,0.474487,N,
4956,chlorpromazine,50-53-3,FishRtgill,20,384,7.77E-10,2.11E-07,3.53E-05,0.00526565,B,9.4
4957,PBDE 47,5436-43-1,FishRtgill,20,384,9.35E-08,2.63E-08,2.66E-05,0.000657458,N,
4958,PBDE 99,60348-60-9,FishRtgill,20,384,1.18E-07,9.53E-09,2.48E-05,0.000238265,N,
4959,PBDE 153,68631-49-2,FishRtgill,20,384,1.36E-07,2.65E-09,2.45E-05,6.63E-05,N,
4960,amiodarone,1951-25-3,FishRtgill,20,384,7.01E-09,7.28E-09,1.98E-05,0.00018199,B,9
4961,Azathioprine,446-86-6,FishRtgill,20,384,1.36E-09,4.00E-05,4.00E-05,0.998896,A,8.2
4962,Benzocaine,94-09-7,FishRtgill,20,384,2.22E-09,3.70E-05,3.97E-05,0.924946,N,
4963,Butylated hydroxyanisole,25013-16-5,FishRtgill,20,384,8.69E-09,8.32E-06,3.78E-05,0.207982,N,
4964,Cetirizine dihydrochloride,83881-52-1,FishRtgill,20,384,4.88E-10,3.98E-05,4.00E-05,0.995198,A,4.7
4965,Cyclamate,139-05-9,FishRtgill,20,384,1.87E-07,3.98E-05,3.98E-05,0.995123,B,17.6
4966,Cyclophosphamide,6055-19-2,FishRtgill,20,384,2.48E-09,3.98E-05,4.00E-05,0.995344,B,6.1
4967,Cypermethrin,67375-30-8,FishRtgill,20,384,8.29E-08,3.71E-08,2.76E-05,0.000926387,N,
4968,DEET,134-62-3,FishRtgill,20,384,2.99E-09,3.39E-05,3.94E-05,0.848548,N,
4969,Dexamethasone,50-02-2,FishRtgill,20,384,2.33E-09,3.66E-05,3.97E-05,0.914025,N,
4970,Digoxin,20830-75-5,FishRtgill,20,384,1.61E-09,3.93E-05,3.99E-05,0.981781,N,
4971,Fenazaquin,120928-09-8,FishRtgill,20,384,2.75E-08,1.82E-07,3.49E-05,0.00453884,N,
4972,Fenbuconazole,114369-43-6,FishRtgill,20,384,8.01E-09,1.18E-05,3.80E-05,0.295736,N,
4973,Fluazinam,79622-59-6,FishRtgill,20,384,9.58E-09,2.30E-06,3.77E-05,0.0575529,N,
4974,Furosemide,54-31-9,FishRtgill,20,384,1.05E-10,3.56E-05,3.96E-05,0.891158,A,3
4975,Glybenclamide,10238-21-8,FishRtgill,20,384,4.34E-11,3.70E-07,3.76E-05,0.0092382,A,5
4976,HC Red 3,2871-01-4,FishRtgill,20,384,1.41E-09,4.00E-05,4.00E-05,0.998811,N,
4977,Hydralazine hydrochloride,304-20-1,FishRtgill,20,384,2.36E-09,3.98E-05,4.00E-05,0.994997,B,6
4978,Ketoconazole,65277-42-1,FishRtgill,20,384,8.31E-09,1.03E-06,3.78E-05,0.0257266,B,6.6
4979,Metformin,1115-70-4,FishRtgill,20,384,8.06E-09,4.00E-05,4.00E-05,0.999699,B,9.6
4980,Metoclopramide,364-62-5,FishRtgill,20,384,3.22E-09,2.63E-05,3.88E-05,0.656564,B,9
4981,Nitrofurantoin,67-20-9,FishRtgill,20,384,1.20E-09,4.00E-05,4.00E-05,0.999706,A,7.3
4982,Oxytetracycline hydrochloride,2058-46-0,FishRtgill,20,384,4.22E-10,4.00E-05,4.00E-05,0.99997,A,4.5
4983,Panthenol,16485-10-2 ,FishRtgill,20,384,1.40E-09,4.00E-05,4.00E-05,0.999871,N,
4984,Paracetamol,103-90-2,FishRtgill,20,384,1.43E-09,3.99E-05,4.00E-05,0.997377,N,
4985,Topiramate,97240-79-4,FishRtgill,20,384,1.39E-09,4.00E-05,4.00E-05,0.999937,A,9.2
4986,Trimellitic anhydride,552-30-7,FishRtgill,20,384,1.38E-10,3.88E-05,3.99E-05,0.970848,A,3.3
4987,Verapamil hydrochloride,152-11-4,FishRtgill,20,384,4.32E-10,7.58E-07,3.79E-05,0.0189487,B,9.2
4988,Warfarin,129-06-6,FishRtgill,20,384,4.17E-09,2.91E-05,3.91E-05,0.727824,N,
4989,Caffeine,58-08-2,Default,20,384,1.38E-08,4.00E-05,4.00E-05,0.998948,N,
4990,Lamotrigine,84057-84-1,Default,20,384,7.69E-08,2.72E-05,3.89E-05,0.680976,B,6.6
4991,Diclofenac,15307-79-6,Default,20,384,1.74E-06,3.81E-05,3.82E-05,0.952056,B,17.6
4992,"2,4-Dichlorophenoxyacetic",94-75-7,Default,20,384,5.56E-10,2.18E-05,3.85E-05,0.544789,A,2.7
4993,(S)-Naproxen,22204-53-1,Default,20,384,1.31E-09,1.30E-05,3.80E-05,0.3244,A,4.4
4994,Ibuprofen,15687-27-1,Default,20,384,2.21E-09,4.39E-06,3.77E-05,0.109846,A,5.4
4995,Torasemide,56211-40-6,Default,20,384,6.35E-10,9.24E-06,3.78E-05,0.230979,A,4
4996,Warfarin,81-81-2,Default,20,384,2.57E-09,2.44E-05,3.87E-05,0.610848,A,4.5
4997,di-n-butylphthalate,84-74-2,Default,20,384,1.46E-07,5.44E-07,3.78E-05,0.0136001,N,
4998,hexachlorophene,70-30-4,Default,20,384,1.06E-07,7.69E-09,2.00E-05,0.000192158,A,6.2
4999,hexamethylenetetramine,100-97-0,Default,20,384,2.74E-08,3.99E-05,3.99E-05,0.997693,B,6.4
5000,Malathion,121-75-5,Default,20,384,5.72E-08,3.13E-05,3.92E-05,0.781323,N,
5001,pentachlorophenol,87-86-5,Default,20,384,8.64E-10,2.84E-07,3.67E-05,0.00710345,A,5
5002,"2,2,2-trichloroethanol",115-20-8,Default,20,384,1.98E-08,3.88E-05,3.98E-05,0.970822,N,
5003,diethylphthalate,84-66-2,Default,20,384,6.36E-08,2.98E-05,3.91E-05,0.745794,N,
5004,4-chlorophenol,106-48-9,Default,20,384,5.96E-08,3.07E-05,3.91E-05,0.768397,N,
5005,permethrin,52645-53-1,Default,20,384,9.46E-07,4.45E-08,2.78E-05,0.00111307,N,
5006,Aniline,62-53-3,Default,20,384,1.55E-08,3.97E-05,3.99E-05,0.991788,N,
5007,4-fluoroaniline,371-40-4,Default,20,384,1.70E-08,3.94E-05,3.99E-05,0.985183,N,
5008,"2,4,6-trichlorophenol",88-06-2,Default,20,384,3.20E-08,4.79E-06,3.77E-05,0.119675,A,6.8
5009,Allyl alcohol,107-18-6,Default,20,384,1.39E-08,3.99E-05,3.99E-05,0.997,N,
5010,N-methylaniline,100-61-8,Default,20,384,2.42E-08,3.80E-05,3.97E-05,0.950597,N,
5011,"3,4-dichloroaniline",95-76-1,Default,20,384,8.66E-08,2.45E-05,3.87E-05,0.613041,N,
5012,4-decylaniline,37529-30-9,Default,20,384,8.37E-07,5.98E-08,2.90E-05,0.00149445,N,
5013,naphthalene,91-20-3,Default,20,384,1.39E-07,1.04E-05,3.76E-05,0.258973,N,
5014,"1,2,4-trichlorobenzene",120-82-1,Default,20,384,1.49E-07,2.31E-06,3.61E-05,0.0577219,N,
5015,"1,2-dichlorobenzene",95-50-1,Default,20,384,1.33E-07,7.41E-06,3.43E-05,0.185154,N,
5016,dichloromethane,75-09-2,Default,20,384,1.38E-08,3.04E-05,3.09E-05,0.760496,N,
5017,tetrachloroethylene,127-18-4,Default,20,384,1.11E-07,6.64E-06,2.90E-05,0.165931,N,
5018,"2,3-dimethyl-1,3-butadiene",513-81-5,Default,20,384,7.36E-09,9.19E-07,2.28E-06,0.022974,N,
5019,Eugenol F,97-53-0,Default,20,384,5.07E-08,3.27E-05,3.93E-05,0.816775,N,
5020,Methyl-antranilate,134-20-3,Default,20,384,3.07E-08,3.68E-05,3.97E-05,0.9208,N,
5021,Lilyfore,285977-85-7,Default,20,384,1.36E-07,1.16E-05,3.78E-05,0.28969,N,
5022,Damascone beta,23726-91-2,Default,20,384,1.52E-07,1.18E-06,3.77E-05,0.0295259,N,
5023,Veloutone,14595-54-1,Default,20,384,2.95E-07,2.33E-07,3.58E-05,0.00582666,N,
5024,Verdox,82356-51-2,Default,20,384,9.16E-07,4.84E-08,2.81E-05,0.00121027,N,
5025,Nirvanol,1506-02-1,Default,20,384,4.77E-07,1.43E-07,3.34E-05,0.00357676,N,
5026,Cetalox,3738-00-9,Default,20,384,3.40E-07,2.04E-07,3.52E-05,0.00509925,N,
5027,Tonalide,21145-77-7,Default,20,384,4.77E-07,1.43E-07,3.34E-05,0.00357676,N,
5028,"2,4-Dinitrophenol",51-28-5,Default,20,384,2.76E-09,3.81E-05,3.98E-05,0.952011,A,4.1
5029,Aldrin,309-00-2,Default,20,384,9.45E-07,4.45E-08,2.78E-05,0.00111295,N,
5030,Azinphos-methyl,86-50-0,Default,20,384,9.26E-08,2.31E-05,3.86E-05,0.577451,N,
5031,Chlorpyrifos,2921-88-2,Default,20,384,1.96E-07,3.25E-07,3.72E-05,0.00813172,N,
5032,"DDD-p,p'",50-29-3,Default,20,384,1.16E-06,2.12E-08,2.54E-05,0.000529883,N,
5033,"DDT-o,p'",789-02-6,Default,20,384,9.81E-07,4.02E-08,2.74E-05,0.0010046,N,
5034,"DDT-p,p'",72-54-8,Default,20,384,7.15E-07,8.11E-08,3.05E-05,0.00202689,N,
5035,Diazinon,333-41-5,Default,20,384,1.55E-07,3.63E-06,3.76E-05,0.0906964,N,
5036,Dicofol,115-32-2,Default,20,384,2.12E-07,3.06E-07,3.69E-05,0.00765426,N,
5037,Dieldrin,60-57-1,Default,20,384,2.41E-07,2.76E-07,3.65E-05,0.0069067,N,
5038,Disulfoton,298-04-4,Default,20,384,1.55E-07,2.24E-06,3.76E-05,0.0560218,N,
5039,Endosulfan I,115-29-7,Default,20,384,1.55E-07,3.47E-06,3.76E-05,0.0867006,N,
5040,Endrin,72-20-8,Default,20,384,3.53E-07,1.97E-07,3.51E-05,0.00493221,N,
5041,Ethion,563-12-2,Default,20,384,2.26E-07,2.91E-07,3.67E-05,0.00727315,N,
5042,Heptachlor,76-44-8,Default,20,384,7.03E-07,8.35E-08,3.06E-05,0.00208692,N,
5043,Heptachlor epoxide B,1024-57-3,Default,20,384,2.01E-07,3.19E-07,3.71E-05,0.00797008,N,
5044,Lindane,58-89-9,Default,20,384,1.54E-07,4.43E-06,3.76E-05,0.11078,N,
5045,"Methoxychlor-o,p'",72-43-5,Default,20,384,2.29E-07,2.88E-07,3.67E-05,0.00719871,N,
5046,Parathion,56-38-2,Default,20,384,1.55E-07,3.47E-06,3.76E-05,0.0867009,N,
5047,Trifluralin,1582-09-8,Default,20,384,3.17E-07,2.18E-07,3.55E-05,0.00545582,N,
5048,Cisapride,81098-60-4,Default,20,384,4.94E-08,7.28E-06,3.77E-05,0.182057,B,7.8
5049,Citalopram hydrobromide,59729-33-8,Default,20,384,1.33E-07,1.24E-05,3.79E-05,0.310427,N,
5050,Dofetilide,115256-11-6,Default,20,384,3.33E-08,3.34E-05,3.94E-05,0.835021,B,8.4
5051,Moxifloxacin hydrochloride,186826-86-8,Default,20,384,9.28E-09,3.95E-05,3.99E-05,0.986607,A,6
5052,N-acetylpro-cainamide,32795-44-1,Default,20,384,5.19E-08,3.94E-05,3.99E-05,0.983846,B,9.2
5053,Quinidine sulfate,50-54-4,Default,20,384,2.14E-08,1.20E-05,3.79E-05,0.299339,B,9.3
5054,Sematilide,101526-83-4,Default,20,384,4.80E-08,3.95E-05,3.99E-05,0.986575,B,9.1
5055,Sotalol hydrochloride,959-24-0,Default,20,384,4.51E-08,3.99E-05,3.99E-05,0.9974,B,9
5056,Mifepristone,84371-65-3,Default,20,384,1.76E-07,3.53E-07,3.74E-05,0.0088303,N,
5057,Perfluorobutanesulfonic_acid,375-73-5,Default,20,384,8.68E-10,3.87E-05,3.99E-05,0.967913,A,-2.9
5058,4_2_Fluorotelomer_sulfonic_acid,757124-72-4,Default,20,384,8.39E-10,3.76E-05,3.98E-05,0.940876,A,1.4
5059,Perfluorononanoic_acid,375-95-1,Default,20,384,2.24E-12,9.64E-08,3.06E-05,0.0024101,A,0.1
5060,Perfluorohexanoic_acid,307-24-4,Default,20,384,3.32E-11,1.49E-06,3.78E-05,0.0371774,A,0.1
5061,Perfluorobutanoic_acid,375-22-4,Default,20,384,8.46E-10,3.78E-05,3.98E-05,0.946119,A,0.1
5062,Perfluorooctanoic_acid,335-67-1,Default,20,384,3.92E-11,1.76E-06,3.78E-05,0.0438955,A,0.1
5063,6_2_Fluorotelomer_sulfonic_acid,27619-97-2,Default,20,384,3.98E-10,1.79E-05,3.83E-05,0.446411,A,1.4
5064,8_2_Fluorotelomer_sulfonic_acid,39108-34-4,Default,20,384,3.48E-11,1.56E-06,3.78E-05,0.0389891,A,1.4
5065,Perfluoroundecanoic_acid,2058-94-8,Default,20,384,2.59E-12,1.13E-07,3.16E-05,0.00281492,A,0.1
5066,Perfluorooctanesulfonic_acid,1763-23-1,Default,20,384,2.52E-12,1.13E-07,3.16E-05,0.00281492,A,-2.9
5067,Perfluoroheptanoic_acid,375-85-9,Default,20,384,1.50E-10,6.73E-06,3.78E-05,0.16826,A,0.1
5068,Perfluoropentanoic_acid,2706-90-3,Default,20,384,7.15E-10,3.20E-05,3.93E-05,0.80027,A,0.1
5069,Perfluorohexanesulfonic_acid,355-46-4,Default,20,384,5.42E-10,2.42E-05,3.87E-05,0.605001,A,-2.9
5070,Perfluorodecanoic_acid,335-76-2,Default,20,384,1.47E-12,6.06E-08,2.77E-05,0.00151529,A,0.1
5071,cyclosporine A,59865-13-3,Default,20,384,1.09E-07,1.89E-05,3.83E-05,0.473269,N,
5072,chlorpromazine,50-53-3,Default,20,384,1.10E-08,2.11E-07,3.53E-05,0.00526431,B,9.4
5073,PBDE 47,5436-43-1,Default,20,384,1.12E-06,2.56E-08,2.59E-05,0.000640621,N,
5074,PBDE 99,60348-60-9,Default,20,384,1.31E-06,9.25E-09,2.40E-05,0.000231132,N,
5075,PBDE 153,68631-49-2,Default,20,384,1.40E-06,2.57E-09,2.38E-05,6.42E-05,N,
5076,amiodarone,1951-25-3,Default,20,384,7.78E-08,7.27E-09,1.98E-05,0.000181668,B,9
5077,Azathioprine,446-86-6,Default,20,384,1.34E-08,3.99E-05,4.00E-05,0.998596,A,8.2
5078,Benzocaine,94-09-7,Default,20,384,3.00E-08,3.70E-05,3.97E-05,0.924304,N,
5079,Butylated hydroxyanisole,25013-16-5,Default,20,384,1.46E-07,8.29E-06,3.77E-05,0.207271,N,
5080,Cetirizine dihydrochloride,83881-52-1,Default,20,384,4.74E-09,3.98E-05,4.00E-05,0.995092,A,4.7
5081,Cyclamate,139-05-9,Default,20,384,1.75E-06,3.82E-05,3.83E-05,0.956097,B,17.6
5082,Cyclophosphamide,6055-19-2,Default,20,384,2.47E-08,3.98E-05,4.00E-05,0.99479,B,6.1
5083,Cypermethrin,67375-30-8,Default,20,384,1.01E-06,3.62E-08,2.70E-05,0.000904762,N,
5084,DEET,134-62-3,Default,20,384,4.49E-08,3.39E-05,3.94E-05,0.847659,N,
5085,Dexamethasone,50-02-2,Default,20,384,3.22E-08,3.65E-05,3.96E-05,0.913344,N,
5086,Digoxin,20830-75-5,Default,20,384,1.80E-08,3.93E-05,3.99E-05,0.98138,N,
5087,Fenazaquin,120928-09-8,Default,20,384,3.87E-07,1.80E-07,3.46E-05,0.00449803,N,
5088,Fenbuconazole,114369-43-6,Default,20,384,1.35E-07,1.18E-05,3.79E-05,0.294798,N,
5089,Fluazinam,79622-59-6,Default,20,384,1.55E-07,2.29E-06,3.76E-05,0.0573437,N,
5090,Furosemide,54-31-9,Default,20,384,1.02E-09,3.56E-05,3.96E-05,0.891138,A,3
5091,Glybenclamide,10238-21-8,Default,20,384,6.27E-10,3.70E-07,3.76E-05,0.00923806,A,5
5092,HC Red 3,2871-01-4,Default,20,384,1.39E-08,3.99E-05,4.00E-05,0.998499,N,
5093,Hydralazine hydrochloride,304-20-1,Default,20,384,2.36E-08,3.98E-05,4.00E-05,0.99447,B,6
5094,Ketoconazole,65277-42-1,Default,20,384,1.31E-07,1.03E-06,3.77E-05,0.0256478,B,6.6
5095,Metformin,1115-70-4,Default,20,384,7.82E-08,3.99E-05,3.99E-05,0.997945,B,9.6
5096,Metoclopramide,364-62-5,Default,20,384,3.27E-08,2.62E-05,3.88E-05,0.656081,B,9
5097,Nitrofurantoin,67-20-9,Default,20,384,1.17E-08,4.00E-05,4.00E-05,0.999443,A,7.3
5098,Oxytetracycline hydrochloride,2058-46-0,Default,20,384,4.10E-09,4.00E-05,4.00E-05,0.999878,A,4.5
5099,Panthenol,16485-10-2 ,Default,20,384,1.36E-08,4.00E-05,4.00E-05,0.999566,N,
5100,Paracetamol,103-90-2,Default,20,384,1.43E-08,3.99E-05,4.00E-05,0.997056,N,
5101,Topiramate,97240-79-4,Default,20,384,1.35E-08,4.00E-05,4.00E-05,0.999633,A,9.2
5102,Trimellitic anhydride,552-30-7,Default,20,384,1.34E-09,3.88E-05,3.99E-05,0.970819,A,3.3
5103,Verapamil hydrochloride,152-11-4,Default,20,384,6.16E-09,7.58E-07,3.79E-05,0.018946,B,9.2
5104,Warfarin,129-06-6,Default,20,384,6.71E-08,2.91E-05,3.90E-05,0.72668,N,
5105,Caffeine,58-08-2,MCF7,20,384,2.79E-08,3.99E-05,4.00E-05,0.998596,N,
5106,Lamotrigine,84057-84-1,MCF7,20,384,5.77E-08,2.73E-05,3.89E-05,0.681303,B,6.6
5107,Diclofenac,15307-79-6,MCF7,20,384,3.42E-06,3.64E-05,3.66E-05,0.910386,B,17.6
5108,"2,4-Dichlorophenoxyacetic",94-75-7,MCF7,20,384,1.14E-09,2.18E-05,3.85E-05,0.544782,A,2.7
5109,(S)-Naproxen,22204-53-1,MCF7,20,384,2.54E-09,1.30E-05,3.80E-05,0.32439,A,4.4
5110,Ibuprofen,15687-27-1,MCF7,20,384,2.06E-09,4.39E-06,3.77E-05,0.109846,A,5.4
5111,Torasemide,56211-40-6,MCF7,20,384,1.26E-09,9.24E-06,3.78E-05,0.230975,A,4
5112,Warfarin,81-81-2,MCF7,20,384,5.16E-09,2.44E-05,3.87E-05,0.610808,A,4.5
5113,di-n-butylphthalate,84-74-2,MCF7,20,384,4.27E-08,5.45E-07,3.79E-05,0.0136354,N,
5114,hexachlorophene,70-30-4,MCF7,20,384,3.17E-08,7.70E-09,2.00E-05,0.000192515,A,6.2
5115,hexamethylenetetramine,100-97-0,MCF7,20,384,5.62E-08,3.99E-05,3.99E-05,0.996975,B,6.4
5116,Malathion,121-75-5,MCF7,20,384,3.51E-08,3.13E-05,3.92E-05,0.781756,N,
5117,pentachlorophenol,87-86-5,MCF7,20,384,3.24E-10,2.84E-07,3.67E-05,0.00710355,A,5
5118,"2,2,2-trichloroethanol",115-20-8,MCF7,20,384,2.89E-08,3.88E-05,3.98E-05,0.970601,N,
5119,diethylphthalate,84-66-2,MCF7,20,384,3.61E-08,2.99E-05,3.91E-05,0.746309,N,
5120,4-chlorophenol,106-48-9,MCF7,20,384,3.54E-08,3.08E-05,3.92E-05,0.768861,N,
5121,permethrin,52645-53-1,MCF7,20,384,2.83E-07,4.53E-08,2.82E-05,0.00113194,N,
5122,Aniline,62-53-3,MCF7,20,384,2.82E-08,3.97E-05,3.99E-05,0.991473,N,
5123,4-fluoroaniline,371-40-4,MCF7,20,384,2.85E-08,3.94E-05,3.99E-05,0.9849,N,
5124,"2,4,6-trichlorophenol",88-06-2,MCF7,20,384,1.14E-08,4.79E-06,3.77E-05,0.119736,A,6.8
5125,Allyl alcohol,107-18-6,MCF7,20,384,2.79E-08,3.99E-05,3.99E-05,0.996652,N,
5126,N-methylaniline,100-61-8,MCF7,20,384,2.97E-08,3.80E-05,3.97E-05,0.950467,N,
5127,"3,4-dichloroaniline",95-76-1,MCF7,20,384,3.95E-08,2.46E-05,3.87E-05,0.613766,N,
5128,4-decylaniline,37529-30-9,MCF7,20,384,2.50E-07,6.07E-08,2.95E-05,0.00151686,N,
5129,naphthalene,91-20-3,MCF7,20,384,4.60E-08,1.04E-05,3.77E-05,0.259575,N,
5130,"1,2,4-trichlorobenzene",120-82-1,MCF7,20,384,4.44E-08,2.31E-06,3.62E-05,0.0578738,N,
5131,"1,2-dichlorobenzene",95-50-1,MCF7,20,384,4.27E-08,7.42E-06,3.44E-05,0.185577,N,
5132,dichloromethane,75-09-2,MCF7,20,384,2.22E-08,3.04E-05,3.09E-05,0.760371,N,
5133,tetrachloroethylene,127-18-4,MCF7,20,384,3.60E-08,6.65E-06,2.91E-05,0.166252,N,
5134,"2,3-dimethyl-1,3-butadiene",513-81-5,MCF7,20,384,2.66E-09,9.19E-07,2.28E-06,0.0229809,N,
5135,Eugenol F,97-53-0,MCF7,20,384,3.41E-08,3.27E-05,3.93E-05,0.817115,N,
5136,Methyl-antranilate,134-20-3,MCF7,20,384,3.08E-08,3.68E-05,3.97E-05,0.920796,N,
5137,Lilyfore,285977-85-7,MCF7,20,384,4.59E-08,1.16E-05,3.79E-05,0.290342,N,
5138,Damascone beta,23726-91-2,MCF7,20,384,4.46E-08,1.18E-06,3.78E-05,0.0296054,N,
5139,Veloutone,14595-54-1,MCF7,20,384,8.62E-08,2.34E-07,3.60E-05,0.00585723,N,
5140,Verdox,82356-51-2,MCF7,20,384,2.74E-07,4.92E-08,2.86E-05,0.00123014,N,
5141,Nirvanol,1506-02-1,MCF7,20,384,1.41E-07,1.44E-07,3.37E-05,0.00360723,N,
5142,Cetalox,3738-00-9,MCF7,20,384,9.98E-08,2.05E-07,3.54E-05,0.00513016,N,
5143,Tonalide,21145-77-7,MCF7,20,384,1.41E-07,1.44E-07,3.37E-05,0.00360723,N,
5144,"2,4-Dinitrophenol",51-28-5,MCF7,20,384,5.66E-09,3.81E-05,3.98E-05,0.951942,A,4.1
5145,Aldrin,309-00-2,MCF7,20,384,2.83E-07,4.53E-08,2.82E-05,0.00113182,N,
5146,Azinphos-methyl,86-50-0,MCF7,20,384,4.03E-08,2.31E-05,3.86E-05,0.578206,N,
5147,Chlorpyrifos,2921-88-2,MCF7,20,384,5.73E-08,3.26E-07,3.73E-05,0.00816011,N,
5148,"DDD-p,p'",50-29-3,MCF7,20,384,3.52E-07,2.16E-08,2.59E-05,0.000540952,N,
5149,"DDT-o,p'",789-02-6,MCF7,20,384,2.94E-07,4.09E-08,2.78E-05,0.00102227,N,
5150,"DDT-p,p'",72-54-8,MCF7,20,384,2.12E-07,8.21E-08,3.09E-05,0.00205281,N,
5151,Diazinon,333-41-5,MCF7,20,384,4.68E-08,3.64E-06,3.77E-05,0.0909423,N,
5152,Dicofol,115-32-2,MCF7,20,384,6.20E-08,3.07E-07,3.71E-05,0.00768316,N,
5153,Dieldrin,60-57-1,MCF7,20,384,7.05E-08,2.77E-07,3.67E-05,0.00693636,N,
5154,Disulfoton,298-04-4,MCF7,20,384,4.60E-08,2.25E-06,3.77E-05,0.0561748,N,
5155,Endosulfan I,115-29-7,MCF7,20,384,4.67E-08,3.48E-06,3.77E-05,0.0869361,N,
5156,Endrin,72-20-8,MCF7,20,384,1.03E-07,1.99E-07,3.53E-05,0.00496321,N,
5157,Ethion,563-12-2,MCF7,20,384,6.61E-08,2.92E-07,3.69E-05,0.00730245,N,
5158,Heptachlor,76-44-8,MCF7,20,384,2.09E-07,8.45E-08,3.10E-05,0.00211315,N,
5159,Heptachlor epoxide B,1024-57-3,MCF7,20,384,5.88E-08,3.20E-07,3.72E-05,0.00799864,N,
5160,Lindane,58-89-9,MCF7,20,384,4.70E-08,4.44E-06,3.77E-05,0.111077,N,
5161,"Methoxychlor-o,p'",72-43-5,MCF7,20,384,6.70E-08,2.89E-07,3.69E-05,0.00722808,N,
5162,Parathion,56-38-2,MCF7,20,384,4.67E-08,3.48E-06,3.77E-05,0.0869364,N,
5163,Trifluralin,1582-09-8,MCF7,20,384,9.28E-08,2.19E-07,3.57E-05,0.00548661,N,
5164,Cisapride,81098-60-4,MCF7,20,384,2.49E-08,7.29E-06,3.78E-05,0.182169,B,7.8
5165,Citalopram hydrobromide,59729-33-8,MCF7,20,384,4.56E-08,1.24E-05,3.80E-05,0.311107,N,
5166,Dofetilide,115256-11-6,MCF7,20,384,6.14E-08,3.34E-05,3.93E-05,0.834433,B,8.4
5167,Moxifloxacin hydrochloride,186826-86-8,MCF7,20,384,1.88E-08,3.95E-05,3.99E-05,0.986372,A,6
5168,N-acetylpro-cainamide,32795-44-1,MCF7,20,384,1.06E-07,3.93E-05,3.98E-05,0.982512,B,9.2
5169,Quinidine sulfate,50-54-4,MCF7,20,384,3.65E-08,1.20E-05,3.79E-05,0.299226,B,9.3
5170,Sematilide,101526-83-4,MCF7,20,384,9.82E-08,3.94E-05,3.98E-05,0.985337,B,9.1
5171,Sotalol hydrochloride,959-24-0,MCF7,20,384,9.24E-08,3.98E-05,3.99E-05,0.996219,B,9
5172,Mifepristone,84371-65-3,MCF7,20,384,5.14E-08,3.54E-07,3.76E-05,0.00885793,N,
5173,Perfluorobutanesulfonic_acid,375-73-5,MCF7,20,384,1.78E-09,3.87E-05,3.99E-05,0.967891,A,-2.9
5174,4_2_Fluorotelomer_sulfonic_acid,757124-72-4,MCF7,20,384,1.72E-09,3.76E-05,3.98E-05,0.940855,A,1.4
5175,Perfluorononanoic_acid,375-95-1,MCF7,20,384,4.44E-12,9.64E-08,3.06E-05,0.0024101,A,0.1
5176,Perfluorohexanoic_acid,307-24-4,MCF7,20,384,6.82E-11,1.49E-06,3.78E-05,0.0371774,A,0.1
5177,Perfluorobutanoic_acid,375-22-4,MCF7,20,384,1.73E-09,3.78E-05,3.98E-05,0.946098,A,0.1
5178,Perfluorooctanoic_acid,335-67-1,MCF7,20,384,8.05E-11,1.76E-06,3.78E-05,0.0438954,A,0.1
5179,6_2_Fluorotelomer_sulfonic_acid,27619-97-2,MCF7,20,384,8.16E-10,1.79E-05,3.83E-05,0.446406,A,1.4
5180,8_2_Fluorotelomer_sulfonic_acid,39108-34-4,MCF7,20,384,7.13E-11,1.56E-06,3.78E-05,0.038989,A,1.4
5181,Perfluoroundecanoic_acid,2058-94-8,MCF7,20,384,5.18E-12,1.13E-07,3.16E-05,0.00281492,A,0.1
5182,Perfluorooctanesulfonic_acid,1763-23-1,MCF7,20,384,5.18E-12,1.13E-07,3.16E-05,0.00281492,A,-2.9
5183,Perfluoroheptanoic_acid,375-85-9,MCF7,20,384,3.08E-10,6.73E-06,3.78E-05,0.168259,A,0.1
5184,Perfluoropentanoic_acid,2706-90-3,MCF7,20,384,1.47E-09,3.20E-05,3.93E-05,0.800255,A,0.1
5185,Perfluorohexanesulfonic_acid,355-46-4,MCF7,20,384,1.11E-09,2.42E-05,3.87E-05,0.604992,A,-2.9
5186,Perfluorodecanoic_acid,335-76-2,MCF7,20,384,2.81E-12,6.06E-08,2.77E-05,0.00151529,A,0.1
5187,cyclosporine A,59865-13-3,MCF7,20,384,4.26E-08,1.90E-05,3.83E-05,0.474059,N,
5188,chlorpromazine,50-53-3,MCF7,20,384,3.78E-09,2.11E-07,3.53E-05,0.00526526,B,9.4
5189,PBDE 47,5436-43-1,MCF7,20,384,3.37E-07,2.61E-08,2.64E-05,0.000653451,N,
5190,PBDE 99,60348-60-9,MCF7,20,384,4.00E-07,9.46E-09,2.46E-05,0.000236578,N,
5191,PBDE 153,68631-49-2,MCF7,20,384,4.31E-07,2.63E-09,2.43E-05,6.58E-05,N,
5192,amiodarone,1951-25-3,MCF7,20,384,2.33E-08,7.28E-09,1.98E-05,0.000181916,B,9
5193,Azathioprine,446-86-6,MCF7,20,384,2.70E-08,3.99E-05,4.00E-05,0.998257,A,8.2
5194,Benzocaine,94-09-7,MCF7,20,384,3.07E-08,3.70E-05,3.97E-05,0.924287,N,
5195,Butylated hydroxyanisole,25013-16-5,MCF7,20,384,4.68E-08,8.31E-06,3.78E-05,0.207784,N,
5196,Cetirizine dihydrochloride,83881-52-1,MCF7,20,384,9.72E-09,3.98E-05,4.00E-05,0.994968,A,4.7
5197,Cyclamate,139-05-9,MCF7,20,384,3.43E-06,3.66E-05,3.66E-05,0.914081,B,17.6
5198,Cyclophosphamide,6055-19-2,MCF7,20,384,4.86E-08,3.98E-05,3.99E-05,0.994197,B,6.1
5199,Cypermethrin,67375-30-8,MCF7,20,384,3.05E-07,3.68E-08,2.75E-05,0.000921234,N,
5200,DEET,134-62-3,MCF7,20,384,3.31E-08,3.39E-05,3.94E-05,0.847908,N,
5201,Dexamethasone,50-02-2,MCF7,20,384,3.11E-08,3.65E-05,3.96E-05,0.913368,N,
5202,Digoxin,20830-75-5,MCF7,20,384,2.87E-08,3.92E-05,3.99E-05,0.981117,N,
5203,Fenazaquin,120928-09-8,MCF7,20,384,1.14E-07,1.81E-07,3.49E-05,0.00452906,N,
5204,Fenbuconazole,114369-43-6,MCF7,20,384,4.58E-08,1.18E-05,3.79E-05,0.295457,N,
5205,Fluazinam,79622-59-6,MCF7,20,384,4.61E-08,2.30E-06,3.77E-05,0.0575003,N,
5206,Furosemide,54-31-9,MCF7,20,384,2.10E-09,3.56E-05,3.96E-05,0.891114,A,3
5207,Glybenclamide,10238-21-8,MCF7,20,384,2.77E-10,3.70E-07,3.76E-05,0.00923814,A,5
5208,HC Red 3,2871-01-4,MCF7,20,384,2.79E-08,3.99E-05,4.00E-05,0.998149,N,
5209,Hydralazine hydrochloride,304-20-1,MCF7,20,384,4.60E-08,3.98E-05,3.99E-05,0.993912,B,6
5210,Ketoconazole,65277-42-1,MCF7,20,384,3.91E-08,1.03E-06,3.78E-05,0.0257067,B,6.6
5211,Metformin,1115-70-4,MCF7,20,384,1.60E-07,3.98E-05,3.98E-05,0.995896,B,9.6
5212,Metoclopramide,364-62-5,MCF7,20,384,6.17E-08,2.62E-05,3.88E-05,0.655605,B,9
5213,Nitrofurantoin,67-20-9,MCF7,20,384,2.39E-08,4.00E-05,4.00E-05,0.999138,A,7.3
5214,Oxytetracycline hydrochloride,2058-46-0,MCF7,20,384,8.41E-09,4.00E-05,4.00E-05,0.99977,A,4.5
5215,Panthenol,16485-10-2 ,MCF7,20,384,2.79E-08,4.00E-05,4.00E-05,0.999209,N,
5216,Paracetamol,103-90-2,MCF7,20,384,2.80E-08,3.99E-05,4.00E-05,0.996714,N,
5217,Topiramate,97240-79-4,MCF7,20,384,2.77E-08,4.00E-05,4.00E-05,0.999278,A,9.2
5218,Trimellitic anhydride,552-30-7,MCF7,20,384,2.75E-09,3.88E-05,3.99E-05,0.970784,A,3.3
5219,Verapamil hydrochloride,152-11-4,MCF7,20,384,3.53E-09,7.58E-07,3.79E-05,0.0189473,B,9.2
5220,Warfarin,129-06-6,MCF7,20,384,3.66E-08,2.91E-05,3.90E-05,0.727234,N,
5221,Caffeine,58-08-2,HCT116,20,384,7.17E-09,4.00E-05,4.00E-05,0.999114,N,
5222,Lamotrigine,84057-84-1,HCT116,20,384,3.20E-08,2.73E-05,3.89E-05,0.681742,B,6.6
5223,Diclofenac,15307-79-6,HCT116,20,384,9.29E-07,3.89E-05,3.90E-05,0.972266,B,17.6
5224,"2,4-Dichlorophenoxyacetic",94-75-7,HCT116,20,384,2.90E-10,2.18E-05,3.85E-05,0.544793,A,2.7
5225,(S)-Naproxen,22204-53-1,HCT116,20,384,6.73E-10,1.30E-05,3.80E-05,0.324406,A,4.4
5226,Ibuprofen,15687-27-1,HCT116,20,384,9.53E-10,4.39E-06,3.77E-05,0.109849,A,5.4
5227,Torasemide,56211-40-6,HCT116,20,384,3.28E-10,9.24E-06,3.78E-05,0.230981,A,4
5228,Warfarin,81-81-2,HCT116,20,384,1.33E-09,2.44E-05,3.87E-05,0.610867,A,4.5
5229,di-n-butylphthalate,84-74-2,HCT116,20,384,5.60E-08,5.45E-07,3.79E-05,0.0136309,N,
5230,hexachlorophene,70-30-4,HCT116,20,384,4.18E-08,7.70E-09,2.00E-05,0.000192466,A,6.2
5231,hexamethylenetetramine,100-97-0,HCT116,20,384,1.43E-08,3.99E-05,3.99E-05,0.99802,B,6.4
5232,Malathion,121-75-5,HCT116,20,384,2.31E-08,3.13E-05,3.92E-05,0.78199,N,
5233,pentachlorophenol,87-86-5,HCT116,20,384,3.37E-10,2.84E-07,3.67E-05,0.00710355,A,5
5234,"2,2,2-trichloroethanol",115-20-8,HCT116,20,384,9.38E-09,3.88E-05,3.98E-05,0.971075,N,
5235,diethylphthalate,84-66-2,HCT116,20,384,2.55E-08,2.99E-05,3.91E-05,0.746507,N,
5236,4-chlorophenol,106-48-9,HCT116,20,384,2.40E-08,3.08E-05,3.92E-05,0.769082,N,
5237,permethrin,52645-53-1,HCT116,20,384,3.73E-07,4.52E-08,2.82E-05,0.00112937,N,
5238,Aniline,62-53-3,HCT116,20,384,7.81E-09,3.97E-05,3.99E-05,0.99198,N,
5239,4-fluoroaniline,371-40-4,HCT116,20,384,8.35E-09,3.94E-05,3.99E-05,0.985396,N,
5240,"2,4,6-trichlorophenol",88-06-2,HCT116,20,384,1.23E-08,4.79E-06,3.77E-05,0.119733,A,6.8
5241,Allyl alcohol,107-18-6,HCT116,20,384,7.22E-09,3.99E-05,3.99E-05,0.997167,N,
5242,N-methylaniline,100-61-8,HCT116,20,384,1.10E-08,3.80E-05,3.97E-05,0.950911,N,
5243,"3,4-dichloroaniline",95-76-1,HCT116,20,384,3.39E-08,2.46E-05,3.87E-05,0.613851,N,
5244,4-decylaniline,37529-30-9,HCT116,20,384,3.29E-07,6.06E-08,2.94E-05,0.00151383,N,
5245,naphthalene,91-20-3,HCT116,20,384,5.31E-08,1.04E-05,3.77E-05,0.259529,N,
5246,"1,2,4-trichlorobenzene",120-82-1,HCT116,20,384,5.68E-08,2.31E-06,3.62E-05,0.0578551,N,
5247,"1,2-dichlorobenzene",95-50-1,HCT116,20,384,5.08E-08,7.42E-06,3.44E-05,0.185534,N,
5248,dichloromethane,75-09-2,HCT116,20,384,6.71E-09,3.04E-05,3.09E-05,0.760616,N,
5249,tetrachloroethylene,127-18-4,HCT116,20,384,4.25E-08,6.65E-06,2.91E-05,0.166214,N,
5250,"2,3-dimethyl-1,3-butadiene",513-81-5,HCT116,20,384,2.83E-09,9.19E-07,2.28E-06,0.0229746,N,
5251,Eugenol F,97-53-0,HCT116,20,384,2.07E-08,3.27E-05,3.93E-05,0.817388,N,
5252,Methyl-antranilate,134-20-3,HCT116,20,384,1.34E-08,3.68E-05,3.97E-05,0.921199,N,
5253,Lilyfore,285977-85-7,HCT116,20,384,5.20E-08,1.16E-05,3.79E-05,0.290297,N,
5254,Damascone beta,23726-91-2,HCT116,20,384,5.81E-08,1.18E-06,3.78E-05,0.0295955,N,
5255,Veloutone,14595-54-1,HCT116,20,384,1.14E-07,2.34E-07,3.60E-05,0.00585321,N,
5256,Verdox,82356-51-2,HCT116,20,384,3.61E-07,4.91E-08,2.85E-05,0.00122744,N,
5257,Nirvanol,1506-02-1,HCT116,20,384,1.85E-07,1.44E-07,3.37E-05,0.00360317,N,
5258,Cetalox,3738-00-9,HCT116,20,384,1.31E-07,2.05E-07,3.54E-05,0.00512607,N,
5259,Tonalide,21145-77-7,HCT116,20,384,1.85E-07,1.44E-07,3.37E-05,0.00360317,N,
5260,"2,4-Dinitrophenol",51-28-5,HCT116,20,384,1.44E-09,3.81E-05,3.98E-05,0.952043,A,4.1
5261,Aldrin,309-00-2,HCT116,20,384,3.73E-07,4.52E-08,2.82E-05,0.00112925,N,
5262,Azinphos-methyl,86-50-0,HCT116,20,384,3.61E-08,2.31E-05,3.86E-05,0.578267,N,
5263,Chlorpyrifos,2921-88-2,HCT116,20,384,7.54E-08,3.26E-07,3.73E-05,0.00815641,N,
5264,"DDD-p,p'",50-29-3,HCT116,20,384,4.63E-07,2.16E-08,2.59E-05,0.00053943,N,
5265,"DDT-o,p'",789-02-6,HCT116,20,384,3.88E-07,4.08E-08,2.78E-05,0.00101986,N,
5266,"DDT-p,p'",72-54-8,HCT116,20,384,2.80E-07,8.20E-08,3.08E-05,0.00204932,N,
5267,Diazinon,333-41-5,HCT116,20,384,5.91E-08,3.64E-06,3.77E-05,0.0909143,N,
5268,Dicofol,115-32-2,HCT116,20,384,8.16E-08,3.07E-07,3.71E-05,0.00767939,N,
5269,Dieldrin,60-57-1,HCT116,20,384,9.29E-08,2.77E-07,3.67E-05,0.00693247,N,
5270,Disulfoton,298-04-4,HCT116,20,384,5.91E-08,2.25E-06,3.77E-05,0.0561564,N,
5271,Endosulfan I,115-29-7,HCT116,20,384,5.91E-08,3.48E-06,3.77E-05,0.0869091,N,
5272,Endrin,72-20-8,HCT116,20,384,1.36E-07,1.98E-07,3.53E-05,0.00495912,N,
5273,Ethion,563-12-2,HCT116,20,384,8.71E-08,2.92E-07,3.69E-05,0.00729862,N,
5274,Heptachlor,76-44-8,HCT116,20,384,2.75E-07,8.44E-08,3.10E-05,0.00210962,N,
5275,Heptachlor epoxide B,1024-57-3,HCT116,20,384,7.74E-08,3.20E-07,3.72E-05,0.00799492,N,
5276,Lindane,58-89-9,HCT116,20,384,5.88E-08,4.44E-06,3.77E-05,0.111045,N,
5277,"Methoxychlor-o,p'",72-43-5,HCT116,20,384,8.82E-08,2.89E-07,3.68E-05,0.00722424,N,
5278,Parathion,56-38-2,HCT116,20,384,5.91E-08,3.48E-06,3.77E-05,0.0869094,N,
5279,Trifluralin,1582-09-8,HCT116,20,384,1.22E-07,2.19E-07,3.57E-05,0.00548255,N,
5280,Cisapride,81098-60-4,HCT116,20,384,1.96E-08,7.29E-06,3.78E-05,0.182193,B,7.8
5281,Citalopram hydrobromide,59729-33-8,HCT116,20,384,5.09E-08,1.24E-05,3.80E-05,0.311065,N,
5282,Dofetilide,115256-11-6,HCT116,20,384,1.68E-08,3.34E-05,3.94E-05,0.835364,B,8.4
5283,Moxifloxacin hydrochloride,186826-86-8,HCT116,20,384,4.83E-09,3.95E-05,3.99E-05,0.986717,A,6
5284,N-acetylpro-cainamide,32795-44-1,HCT116,20,384,2.71E-08,3.94E-05,3.99E-05,0.984456,B,9.2
5285,Quinidine sulfate,50-54-4,HCT116,20,384,1.06E-08,1.20E-05,3.80E-05,0.29942,B,9.3
5286,Sematilide,101526-83-4,HCT116,20,384,2.51E-08,3.95E-05,3.99E-05,0.987142,B,9.1
5287,Sotalol hydrochloride,959-24-0,HCT116,20,384,2.36E-08,3.99E-05,4.00E-05,0.997938,B,9
5288,Mifepristone,84371-65-3,HCT116,20,384,6.75E-08,3.54E-07,3.75E-05,0.00885434,N,
5289,Perfluorobutanesulfonic_acid,375-73-5,HCT116,20,384,4.53E-10,3.87E-05,3.99E-05,0.967923,A,-2.9
5290,4_2_Fluorotelomer_sulfonic_acid,757124-72-4,HCT116,20,384,4.38E-10,3.76E-05,3.98E-05,0.940885,A,1.4
5291,Perfluorononanoic_acid,375-95-1,HCT116,20,384,1.16E-12,9.64E-08,3.06E-05,0.0024101,A,0.1
5292,Perfluorohexanoic_acid,307-24-4,HCT116,20,384,1.74E-11,1.49E-06,3.78E-05,0.0371775,A,0.1
5293,Perfluorobutanoic_acid,375-22-4,HCT116,20,384,4.42E-10,3.78E-05,3.98E-05,0.946129,A,0.1
5294,Perfluorooctanoic_acid,335-67-1,HCT116,20,384,2.05E-11,1.76E-06,3.78E-05,0.0438955,A,0.1
5295,6_2_Fluorotelomer_sulfonic_acid,27619-97-2,HCT116,20,384,2.08E-10,1.79E-05,3.83E-05,0.446413,A,1.4
5296,8_2_Fluorotelomer_sulfonic_acid,39108-34-4,HCT116,20,384,1.82E-11,1.56E-06,3.78E-05,0.0389891,A,1.4
5297,Perfluoroundecanoic_acid,2058-94-8,HCT116,20,384,1.34E-12,1.13E-07,3.16E-05,0.00281492,A,0.1
5298,Perfluorooctanesulfonic_acid,1763-23-1,HCT116,20,384,1.32E-12,1.13E-07,3.16E-05,0.00281492,A,-2.9
5299,Perfluoroheptanoic_acid,375-85-9,HCT116,20,384,7.86E-11,6.73E-06,3.78E-05,0.16826,A,0.1
5300,Perfluoropentanoic_acid,2706-90-3,HCT116,20,384,3.74E-10,3.20E-05,3.93E-05,0.800276,A,0.1
5301,Perfluorohexanesulfonic_acid,355-46-4,HCT116,20,384,2.83E-10,2.42E-05,3.87E-05,0.605005,A,-2.9
5302,Perfluorodecanoic_acid,335-76-2,HCT116,20,384,7.51E-13,6.06E-08,2.77E-05,0.00151529,A,0.1
5303,cyclosporine A,59865-13-3,HCT116,20,384,4.22E-08,1.90E-05,3.83E-05,0.474063,N,
5304,chlorpromazine,50-53-3,HCT116,20,384,4.26E-09,2.11E-07,3.53E-05,0.0052652,B,9.4
5305,PBDE 47,5436-43-1,HCT116,20,384,4.44E-07,2.61E-08,2.63E-05,0.000651692,N,
5306,PBDE 99,60348-60-9,HCT116,20,384,5.27E-07,9.43E-09,2.45E-05,0.000235821,N,
5307,PBDE 153,68631-49-2,HCT116,20,384,5.67E-07,2.62E-09,2.43E-05,6.56E-05,N,
5308,amiodarone,1951-25-3,HCT116,20,384,3.08E-08,7.28E-09,1.98E-05,0.000181882,B,9
5309,Azathioprine,446-86-6,HCT116,20,384,6.95E-09,4.00E-05,4.00E-05,0.998756,A,8.2
5310,Benzocaine,94-09-7,HCT116,20,384,1.31E-08,3.70E-05,3.97E-05,0.924694,N,
5311,Butylated hydroxyanisole,25013-16-5,HCT116,20,384,5.56E-08,8.31E-06,3.78E-05,0.207738,N,
5312,Cetirizine dihydrochloride,83881-52-1,HCT116,20,384,2.48E-09,3.98E-05,4.00E-05,0.995149,A,4.7
5313,Cyclamate,139-05-9,HCT116,20,384,9.33E-07,3.91E-05,3.91E-05,0.97648,B,17.6
5314,Cyclophosphamide,6055-19-2,HCT116,20,384,1.27E-08,3.98E-05,4.00E-05,0.995089,B,6.1
5315,Cypermethrin,67375-30-8,HCT116,20,384,4.02E-07,3.68E-08,2.74E-05,0.000918986,N,
5316,DEET,134-62-3,HCT116,20,384,1.86E-08,3.39E-05,3.94E-05,0.848217,N,
5317,Dexamethasone,50-02-2,HCT116,20,384,1.39E-08,3.66E-05,3.97E-05,0.913761,N,
5318,Digoxin,20830-75-5,HCT116,20,384,8.70E-09,3.93E-05,3.99E-05,0.981607,N,
5319,Fenazaquin,120928-09-8,HCT116,20,384,1.50E-07,1.81E-07,3.48E-05,0.00452495,N,
5320,Fenbuconazole,114369-43-6,HCT116,20,384,5.17E-08,1.18E-05,3.79E-05,0.295413,N,
5321,Fluazinam,79622-59-6,HCT116,20,384,5.91E-08,2.30E-06,3.77E-05,0.0574816,N,
5322,Furosemide,54-31-9,HCT116,20,384,5.34E-10,3.56E-05,3.96E-05,0.891149,A,3
5323,Glybenclamide,10238-21-8,HCT116,20,384,2.48E-10,3.70E-07,3.76E-05,0.00923815,A,5
5324,HC Red 3,2871-01-4,HCT116,20,384,7.22E-09,3.99E-05,4.00E-05,0.998666,N,
5325,Hydralazine hydrochloride,304-20-1,HCT116,20,384,1.21E-08,3.98E-05,4.00E-05,0.994754,B,6
5326,Ketoconazole,65277-42-1,HCT116,20,384,5.00E-08,1.03E-06,3.78E-05,0.0256997,B,6.6
5327,Metformin,1115-70-4,HCT116,20,384,4.09E-08,4.00E-05,4.00E-05,0.998878,B,9.6
5328,Metoclopramide,364-62-5,HCT116,20,384,1.66E-08,2.63E-05,3.88E-05,0.656344,B,9
5329,Nitrofurantoin,67-20-9,HCT116,20,384,6.11E-09,4.00E-05,4.00E-05,0.999583,A,7.3
5330,Oxytetracycline hydrochloride,2058-46-0,HCT116,20,384,2.14E-09,4.00E-05,4.00E-05,0.999927,A,4.5
5331,Panthenol,16485-10-2 ,HCT116,20,384,7.11E-09,4.00E-05,4.00E-05,0.999728,N,
5332,Paracetamol,103-90-2,HCT116,20,384,7.36E-09,3.99E-05,4.00E-05,0.997229,N,
5333,Topiramate,97240-79-4,HCT116,20,384,7.07E-09,4.00E-05,4.00E-05,0.999795,A,9.2
5334,Trimellitic anhydride,552-30-7,HCT116,20,384,7.01E-10,3.88E-05,3.99E-05,0.970834,A,3.3
5335,Verapamil hydrochloride,152-11-4,HCT116,20,384,2.49E-09,7.58E-07,3.79E-05,0.0189478,B,9.2
5336,Warfarin,129-06-6,HCT116,20,384,2.67E-08,2.91E-05,3.90E-05,0.727414,N,
5337,Caffeine,58-08-2,HEK293T,20,384,2.03E-08,4.00E-05,4.00E-05,0.998786,N,
5338,Lamotrigine,84057-84-1,HEK293T,20,384,5.38E-08,2.73E-05,3.89E-05,0.68137,B,6.6
5339,Diclofenac,15307-79-6,HEK293T,20,384,2.54E-06,3.73E-05,3.74E-05,0.93217,B,17.6
5340,"2,4-Dichlorophenoxyacetic",94-75-7,HEK293T,20,384,8.28E-10,2.18E-05,3.85E-05,0.544786,A,2.7
5341,(S)-Naproxen,22204-53-1,HEK293T,20,384,1.86E-09,1.30E-05,3.80E-05,0.324396,A,4.4
5342,Ibuprofen,15687-27-1,HEK293T,20,384,1.79E-09,4.39E-06,3.77E-05,0.109847,A,5.4
5343,Torasemide,56211-40-6,HEK293T,20,384,9.17E-10,9.24E-06,3.78E-05,0.230977,A,4
5344,Warfarin,81-81-2,HEK293T,20,384,3.76E-09,2.44E-05,3.87E-05,0.61083,A,4.5
5345,di-n-butylphthalate,84-74-2,HEK293T,20,384,6.21E-08,5.45E-07,3.79E-05,0.0136288,N,
5346,hexachlorophene,70-30-4,HEK293T,20,384,4.62E-08,7.70E-09,2.00E-05,0.000192445,A,6.2
5347,hexamethylenetetramine,100-97-0,HEK293T,20,384,4.09E-08,3.99E-05,3.99E-05,0.997359,B,6.4
5348,Malathion,121-75-5,HEK293T,20,384,3.52E-08,3.13E-05,3.92E-05,0.781753,N,
5349,pentachlorophenol,87-86-5,HEK293T,20,384,4.11E-10,2.84E-07,3.67E-05,0.00710353,A,5
5350,"2,2,2-trichloroethanol",115-20-8,HEK293T,20,384,2.24E-08,3.88E-05,3.98E-05,0.970759,N,
5351,diethylphthalate,84-66-2,HEK293T,20,384,3.74E-08,2.99E-05,3.91E-05,0.746284,N,
5352,4-chlorophenol,106-48-9,HEK293T,20,384,3.60E-08,3.08E-05,3.92E-05,0.76885,N,
5353,permethrin,52645-53-1,HEK293T,20,384,4.12E-07,4.51E-08,2.81E-05,0.00112826,N,
5354,Aniline,62-53-3,HEK293T,20,384,2.09E-08,3.97E-05,3.99E-05,0.991654,N,
5355,4-fluoroaniline,371-40-4,HEK293T,20,384,2.14E-08,3.94E-05,3.99E-05,0.985074,N,
5356,"2,4,6-trichlorophenol",88-06-2,HEK293T,20,384,1.48E-08,4.79E-06,3.77E-05,0.119726,A,6.8
5357,Allyl alcohol,107-18-6,HEK293T,20,384,2.03E-08,3.99E-05,3.99E-05,0.99684,N,
5358,N-methylaniline,100-61-8,HEK293T,20,384,2.39E-08,3.80E-05,3.97E-05,0.950604,N,
5359,"3,4-dichloroaniline",95-76-1,HEK293T,20,384,4.51E-08,2.45E-05,3.87E-05,0.613679,N,
5360,4-decylaniline,37529-30-9,HEK293T,20,384,3.64E-07,6.05E-08,2.94E-05,0.00151251,N,
5361,naphthalene,91-20-3,HEK293T,20,384,6.19E-08,1.04E-05,3.77E-05,0.259472,N,
5362,"1,2,4-trichlorobenzene",120-82-1,HEK293T,20,384,6.35E-08,2.31E-06,3.62E-05,0.0578458,N,
5363,"1,2-dichlorobenzene",95-50-1,HEK293T,20,384,5.85E-08,7.42E-06,3.44E-05,0.185502,N,
5364,dichloromethane,75-09-2,HEK293T,20,384,1.68E-08,3.04E-05,3.09E-05,0.760455,N,
5365,tetrachloroethylene,127-18-4,HEK293T,20,384,4.91E-08,6.65E-06,2.91E-05,0.166194,N,
5366,"2,3-dimethyl-1,3-butadiene",513-81-5,HEK293T,20,384,3.41E-09,9.19E-07,2.28E-06,0.0229782,N,
5367,Eugenol F,97-53-0,HEK293T,20,384,3.30E-08,3.27E-05,3.93E-05,0.817136,N,
5368,Methyl-antranilate,134-20-3,HEK293T,20,384,2.62E-08,3.68E-05,3.97E-05,0.920903,N,
5369,Lilyfore,285977-85-7,HEK293T,20,384,6.10E-08,1.16E-05,3.79E-05,0.290232,N,
5370,Damascone beta,23726-91-2,HEK293T,20,384,6.45E-08,1.18E-06,3.78E-05,0.0295907,N,
5371,Veloutone,14595-54-1,HEK293T,20,384,1.26E-07,2.34E-07,3.60E-05,0.00585145,N,
5372,Verdox,82356-51-2,HEK293T,20,384,3.99E-07,4.91E-08,2.85E-05,0.00122627,N,
5373,Nirvanol,1506-02-1,HEK293T,20,384,2.05E-07,1.44E-07,3.37E-05,0.00360141,N,
5374,Cetalox,3738-00-9,HEK293T,20,384,1.45E-07,2.05E-07,3.54E-05,0.00512429,N,
5375,Tonalide,21145-77-7,HEK293T,20,384,2.05E-07,1.44E-07,3.37E-05,0.00360141,N,
5376,"2,4-Dinitrophenol",51-28-5,HEK293T,20,384,4.11E-09,3.81E-05,3.98E-05,0.951979,A,4.1
5377,Aldrin,309-00-2,HEK293T,20,384,4.12E-07,4.51E-08,2.81E-05,0.00112814,N,
5378,Azinphos-methyl,86-50-0,HEK293T,20,384,4.71E-08,2.31E-05,3.86E-05,0.578109,N,
5379,Chlorpyrifos,2921-88-2,HEK293T,20,384,8.34E-08,3.26E-07,3.73E-05,0.00815477,N,
5380,"DDD-p,p'",50-29-3,HEK293T,20,384,5.12E-07,2.16E-08,2.58E-05,0.000538772,N,
5381,"DDT-o,p'",789-02-6,HEK293T,20,384,4.28E-07,4.08E-08,2.78E-05,0.00101882,N,
5382,"DDT-p,p'",72-54-8,HEK293T,20,384,3.09E-07,8.19E-08,3.08E-05,0.00204781,N,
5383,Diazinon,333-41-5,HEK293T,20,384,6.64E-08,3.64E-06,3.77E-05,0.0908976,N,
5384,Dicofol,115-32-2,HEK293T,20,384,9.03E-08,3.07E-07,3.71E-05,0.00767772,N,
5385,Dieldrin,60-57-1,HEK293T,20,384,1.03E-07,2.77E-07,3.67E-05,0.00693076,N,
5386,Disulfoton,298-04-4,HEK293T,20,384,6.60E-08,2.25E-06,3.77E-05,0.0561467,N,
5387,Endosulfan I,115-29-7,HEK293T,20,384,6.64E-08,3.48E-06,3.77E-05,0.0868932,N,
5388,Endrin,72-20-8,HEK293T,20,384,1.51E-07,1.98E-07,3.52E-05,0.00495733,N,
5389,Ethion,563-12-2,HEK293T,20,384,9.63E-08,2.92E-07,3.69E-05,0.00729693,N,
5390,Heptachlor,76-44-8,HEK293T,20,384,3.04E-07,8.43E-08,3.09E-05,0.00210809,N,
5391,Heptachlor epoxide B,1024-57-3,HEK293T,20,384,8.57E-08,3.20E-07,3.72E-05,0.00799327,N,
5392,Lindane,58-89-9,HEK293T,20,384,6.63E-08,4.44E-06,3.77E-05,0.111024,N,
5393,"Methoxychlor-o,p'",72-43-5,HEK293T,20,384,9.76E-08,2.89E-07,3.68E-05,0.00722254,N,
5394,Parathion,56-38-2,HEK293T,20,384,6.64E-08,3.48E-06,3.77E-05,0.0868935,N,
5395,Trifluralin,1582-09-8,HEK293T,20,384,1.35E-07,2.19E-07,3.57E-05,0.00548078,N,
5396,Cisapride,81098-60-4,HEK293T,20,384,2.72E-08,7.29E-06,3.77E-05,0.182158,B,7.8
5397,Citalopram hydrobromide,59729-33-8,HEK293T,20,384,6.02E-08,1.24E-05,3.80E-05,0.310993,N,
5398,Dofetilide,115256-11-6,HEK293T,20,384,4.54E-08,3.34E-05,3.94E-05,0.834767,B,8.4
5399,Moxifloxacin hydrochloride,186826-86-8,HEK293T,20,384,1.37E-08,3.95E-05,3.99E-05,0.986498,A,6
5400,N-acetylpro-cainamide,32795-44-1,HEK293T,20,384,7.71E-08,3.93E-05,3.99E-05,0.983225,B,9.2
5401,Quinidine sulfate,50-54-4,HEK293T,20,384,2.74E-08,1.20E-05,3.79E-05,0.299294,B,9.3
5402,Sematilide,101526-83-4,HEK293T,20,384,7.14E-08,3.94E-05,3.99E-05,0.985999,B,9.1
5403,Sotalol hydrochloride,959-24-0,HEK293T,20,384,6.72E-08,3.99E-05,3.99E-05,0.99685,B,9
5404,Mifepristone,84371-65-3,HEK293T,20,384,7.47E-08,3.54E-07,3.75E-05,0.00885274,N,
5405,Perfluorobutanesulfonic_acid,375-73-5,HEK293T,20,384,1.29E-09,3.87E-05,3.99E-05,0.967902,A,-2.9
5406,4_2_Fluorotelomer_sulfonic_acid,757124-72-4,HEK293T,20,384,1.25E-09,3.76E-05,3.98E-05,0.940866,A,1.4
5407,Perfluorononanoic_acid,375-95-1,HEK293T,20,384,3.25E-12,9.64E-08,3.06E-05,0.0024101,A,0.1
5408,Perfluorohexanoic_acid,307-24-4,HEK293T,20,384,4.95E-11,1.49E-06,3.78E-05,0.0371774,A,0.1
5409,Perfluorobutanoic_acid,375-22-4,HEK293T,20,384,1.26E-09,3.78E-05,3.98E-05,0.946109,A,0.1
5410,Perfluorooctanoic_acid,335-67-1,HEK293T,20,384,5.85E-11,1.76E-06,3.78E-05,0.0438955,A,0.1
5411,6_2_Fluorotelomer_sulfonic_acid,27619-97-2,HEK293T,20,384,5.93E-10,1.79E-05,3.83E-05,0.446409,A,1.4
5412,8_2_Fluorotelomer_sulfonic_acid,39108-34-4,HEK293T,20,384,5.18E-11,1.56E-06,3.78E-05,0.038989,A,1.4
5413,Perfluoroundecanoic_acid,2058-94-8,HEK293T,20,384,3.78E-12,1.13E-07,3.16E-05,0.00281492,A,0.1
5414,Perfluorooctanesulfonic_acid,1763-23-1,HEK293T,20,384,3.76E-12,1.13E-07,3.16E-05,0.00281492,A,-2.9
5415,Perfluoroheptanoic_acid,375-85-9,HEK293T,20,384,2.24E-10,6.73E-06,3.78E-05,0.16826,A,0.1
5416,Perfluoropentanoic_acid,2706-90-3,HEK293T,20,384,1.07E-09,3.20E-05,3.93E-05,0.800263,A,0.1
5417,Perfluorohexanesulfonic_acid,355-46-4,HEK293T,20,384,8.08E-10,2.42E-05,3.87E-05,0.604997,A,-2.9
5418,Perfluorodecanoic_acid,335-76-2,HEK293T,20,384,2.07E-12,6.06E-08,2.77E-05,0.00151529,A,0.1
5419,cyclosporine A,59865-13-3,HEK293T,20,384,5.25E-08,1.90E-05,3.83E-05,0.473941,N,
5420,chlorpromazine,50-53-3,HEK293T,20,384,5.02E-09,2.11E-07,3.53E-05,0.0052651,B,9.4
5421,PBDE 47,5436-43-1,HEK293T,20,384,4.90E-07,2.60E-08,2.63E-05,0.000650931,N,
5422,PBDE 99,60348-60-9,HEK293T,20,384,5.82E-07,9.42E-09,2.45E-05,0.000235494,N,
5423,PBDE 153,68631-49-2,HEK293T,20,384,6.26E-07,2.62E-09,2.42E-05,6.55E-05,N,
5424,amiodarone,1951-25-3,HEK293T,20,384,3.40E-08,7.27E-09,1.98E-05,0.000181867,B,9
5425,Azathioprine,446-86-6,HEK293T,20,384,1.96E-08,3.99E-05,4.00E-05,0.99844,A,8.2
5426,Benzocaine,94-09-7,HEK293T,20,384,2.59E-08,3.70E-05,3.97E-05,0.924397,N,
5427,Butylated hydroxyanisole,25013-16-5,HEK293T,20,384,6.41E-08,8.31E-06,3.78E-05,0.207694,N,
5428,Cetirizine dihydrochloride,83881-52-1,HEK293T,20,384,7.06E-09,3.98E-05,4.00E-05,0.995035,A,4.7
5429,Cyclamate,139-05-9,HEK293T,20,384,2.55E-06,3.74E-05,3.74E-05,0.936044,B,17.6
5430,Cyclophosphamide,6055-19-2,HEK293T,20,384,3.55E-08,3.98E-05,3.99E-05,0.994521,B,6.1
5431,Cypermethrin,67375-30-8,HEK293T,20,384,4.44E-07,3.67E-08,2.74E-05,0.000918014,N,
5432,DEET,134-62-3,HEK293T,20,384,3.11E-08,3.39E-05,3.94E-05,0.847952,N,
5433,Dexamethasone,50-02-2,HEK293T,20,384,2.67E-08,3.65E-05,3.96E-05,0.913468,N,
5434,Digoxin,20830-75-5,HEK293T,20,384,2.18E-08,3.93E-05,3.99E-05,0.981286,N,
5435,Fenazaquin,120928-09-8,HEK293T,20,384,1.66E-07,1.81E-07,3.48E-05,0.00452316,N,
5436,Fenbuconazole,114369-43-6,HEK293T,20,384,6.08E-08,1.18E-05,3.79E-05,0.295346,N,
5437,Fluazinam,79622-59-6,HEK293T,20,384,6.61E-08,2.30E-06,3.77E-05,0.0574716,N,
5438,Furosemide,54-31-9,HEK293T,20,384,1.52E-09,3.56E-05,3.96E-05,0.891127,A,3
5439,Glybenclamide,10238-21-8,HEK293T,20,384,3.23E-10,3.70E-07,3.76E-05,0.00923813,A,5
5440,HC Red 3,2871-01-4,HEK293T,20,384,2.04E-08,3.99E-05,4.00E-05,0.998338,N,
5441,Hydralazine hydrochloride,304-20-1,HEK293T,20,384,3.37E-08,3.98E-05,3.99E-05,0.994218,B,6
5442,Ketoconazole,65277-42-1,HEK293T,20,384,5.60E-08,1.03E-06,3.78E-05,0.0256959,B,6.6
5443,Metformin,1115-70-4,HEK293T,20,384,1.16E-07,3.99E-05,3.99E-05,0.996989,B,9.6
5444,Metoclopramide,364-62-5,HEK293T,20,384,4.55E-08,2.62E-05,3.88E-05,0.655871,B,9
5445,Nitrofurantoin,67-20-9,HEK293T,20,384,1.74E-08,4.00E-05,4.00E-05,0.999301,A,7.3
5446,Oxytetracycline hydrochloride,2058-46-0,HEK293T,20,384,6.11E-09,4.00E-05,4.00E-05,0.999827,A,4.5
5447,Panthenol,16485-10-2 ,HEK293T,20,384,2.02E-08,4.00E-05,4.00E-05,0.9994,N,
5448,Paracetamol,103-90-2,HEK293T,20,384,2.05E-08,3.99E-05,4.00E-05,0.996902,N,
5449,Topiramate,97240-79-4,HEK293T,20,384,2.02E-08,4.00E-05,4.00E-05,0.999468,A,9.2
5450,Trimellitic anhydride,552-30-7,HEK293T,20,384,2.00E-09,3.88E-05,3.99E-05,0.970803,A,3.3
5451,Verapamil hydrochloride,152-11-4,HEK293T,20,384,3.66E-09,7.58E-07,3.79E-05,0.0189472,B,9.2
5452,Warfarin,129-06-6,HEK293T,20,384,3.86E-08,2.91E-05,3.90E-05,0.727199,N,
5453,Caffeine,58-08-2,HepG2,20,384,8.25E-09,4.00E-05,4.00E-05,0.999087,N,
5454,Lamotrigine,84057-84-1,HepG2,20,384,4.31E-08,2.73E-05,3.89E-05,0.681552,B,6.6
5455,Diclofenac,15307-79-6,HepG2,20,384,1.06E-06,3.88E-05,3.89E-05,0.968977,B,17.6
5456,"2,4-Dichlorophenoxyacetic",94-75-7,HepG2,20,384,3.33E-10,2.18E-05,3.85E-05,0.544793,A,2.7
5457,(S)-Naproxen,22204-53-1,HepG2,20,384,7.80E-10,1.30E-05,3.80E-05,0.324405,A,4.4
5458,Ibuprofen,15687-27-1,HepG2,20,384,1.25E-09,4.39E-06,3.77E-05,0.109849,A,5.4
5459,Torasemide,56211-40-6,HepG2,20,384,3.79E-10,9.24E-06,3.78E-05,0.230981,A,4
5460,Warfarin,81-81-2,HepG2,20,384,1.54E-09,2.44E-05,3.87E-05,0.610864,A,4.5
5461,di-n-butylphthalate,84-74-2,HepG2,20,384,8.11E-08,5.45E-07,3.79E-05,0.0136223,N,
5462,hexachlorophene,70-30-4,HepG2,20,384,6.06E-08,7.70E-09,2.00E-05,0.000192376,A,6.2
5463,hexamethylenetetramine,100-97-0,HepG2,20,384,1.64E-08,3.99E-05,3.99E-05,0.997968,B,6.4
5464,Malathion,121-75-5,HepG2,20,384,3.18E-08,3.13E-05,3.92E-05,0.78182,N,
5465,pentachlorophenol,87-86-5,HepG2,20,384,4.82E-10,2.84E-07,3.67E-05,0.00710352,A,5
5466,"2,2,2-trichloroethanol",115-20-8,HepG2,20,384,1.15E-08,3.88E-05,3.98E-05,0.971024,N,
5467,diethylphthalate,84-66-2,HepG2,20,384,3.53E-08,2.99E-05,3.91E-05,0.746323,N,
5468,4-chlorophenol,106-48-9,HepG2,20,384,3.31E-08,3.08E-05,3.92E-05,0.768906,N,
5469,permethrin,52645-53-1,HepG2,20,384,5.39E-07,4.50E-08,2.81E-05,0.00112466,N,
5470,Aniline,62-53-3,HepG2,20,384,9.18E-09,3.97E-05,3.99E-05,0.991946,N,
5471,4-fluoroaniline,371-40-4,HepG2,20,384,9.98E-09,3.94E-05,3.99E-05,0.985356,N,
5472,"2,4,6-trichlorophenol",88-06-2,HepG2,20,384,1.76E-08,4.79E-06,3.77E-05,0.119718,A,6.8
5473,Allyl alcohol,107-18-6,HepG2,20,384,8.32E-09,3.99E-05,3.99E-05,0.997139,N,
5474,N-methylaniline,100-61-8,HepG2,20,384,1.39E-08,3.80E-05,3.97E-05,0.950842,N,
5475,"3,4-dichloroaniline",95-76-1,HepG2,20,384,4.78E-08,2.45E-05,3.87E-05,0.613638,N,
5476,4-decylaniline,37529-30-9,HepG2,20,384,4.75E-07,6.03E-08,2.93E-05,0.00150825,N,
5477,naphthalene,91-20-3,HepG2,20,384,7.63E-08,1.04E-05,3.77E-05,0.259378,N,
5478,"1,2,4-trichlorobenzene",120-82-1,HepG2,20,384,8.22E-08,2.31E-06,3.62E-05,0.0578184,N,
5479,"1,2-dichlorobenzene",95-50-1,HepG2,20,384,7.32E-08,7.42E-06,3.44E-05,0.185431,N,
5480,dichloromethane,75-09-2,HepG2,20,384,8.09E-09,3.04E-05,3.09E-05,0.760592,N,
5481,tetrachloroethylene,127-18-4,HepG2,20,384,6.13E-08,6.65E-06,2.91E-05,0.166136,N,
5482,"2,3-dimethyl-1,3-butadiene",513-81-5,HepG2,20,384,4.05E-09,9.19E-07,2.28E-06,0.0229742,N,
5483,Eugenol F,97-53-0,HepG2,20,384,2.83E-08,3.27E-05,3.93E-05,0.817234,N,
5484,Methyl-antranilate,134-20-3,HepG2,20,384,1.74E-08,3.68E-05,3.97E-05,0.921106,N,
5485,Lilyfore,285977-85-7,HepG2,20,384,7.46E-08,1.16E-05,3.79E-05,0.290133,N,
5486,Damascone beta,23726-91-2,HepG2,20,384,8.40E-08,1.18E-06,3.77E-05,0.0295763,N,
5487,Veloutone,14595-54-1,HepG2,20,384,1.64E-07,2.34E-07,3.59E-05,0.00584575,N,
5488,Verdox,82356-51-2,HepG2,20,384,5.21E-07,4.89E-08,2.84E-05,0.00122248,N,
5489,Nirvanol,1506-02-1,HepG2,20,384,2.68E-07,1.44E-07,3.36E-05,0.00359568,N,
5490,Cetalox,3738-00-9,HepG2,20,384,1.90E-07,2.05E-07,3.53E-05,0.00511852,N,
5491,Tonalide,21145-77-7,HepG2,20,384,2.68E-07,1.44E-07,3.36E-05,0.00359568,N,
5492,"2,4-Dinitrophenol",51-28-5,HepG2,20,384,1.65E-09,3.81E-05,3.98E-05,0.952038,A,4.1
5493,Aldrin,309-00-2,HepG2,20,384,5.39E-07,4.50E-08,2.80E-05,0.00112454,N,
5494,Azinphos-methyl,86-50-0,HepG2,20,384,5.11E-08,2.31E-05,3.86E-05,0.578051,N,
5495,Chlorpyrifos,2921-88-2,HepG2,20,384,1.09E-07,3.26E-07,3.72E-05,0.00814952,N,
5496,"DDD-p,p'",50-29-3,HepG2,20,384,6.68E-07,2.15E-08,2.57E-05,0.000536638,N,
5497,"DDT-o,p'",789-02-6,HepG2,20,384,5.60E-07,4.06E-08,2.77E-05,0.00101544,N,
5498,"DDT-p,p'",72-54-8,HepG2,20,384,4.04E-07,8.17E-08,3.07E-05,0.0020429,N,
5499,Diazinon,333-41-5,HepG2,20,384,8.54E-08,3.63E-06,3.76E-05,0.0908545,N,
5500,Dicofol,115-32-2,HepG2,20,384,1.18E-07,3.07E-07,3.70E-05,0.00767236,N,
5501,Dieldrin,60-57-1,HepG2,20,384,1.34E-07,2.77E-07,3.66E-05,0.00692525,N,
5502,Disulfoton,298-04-4,HepG2,20,384,8.55E-08,2.24E-06,3.77E-05,0.0561193,N,
5503,Endosulfan I,115-29-7,HepG2,20,384,8.55E-08,3.47E-06,3.76E-05,0.0868518,N,
5504,Endrin,72-20-8,HepG2,20,384,1.97E-07,1.98E-07,3.52E-05,0.00495153,N,
5505,Ethion,563-12-2,HepG2,20,384,1.26E-07,2.92E-07,3.68E-05,0.00729149,N,
5506,Heptachlor,76-44-8,HepG2,20,384,3.97E-07,8.41E-08,3.09E-05,0.00210312,N,
5507,Heptachlor epoxide B,1024-57-3,HepG2,20,384,1.12E-07,3.20E-07,3.72E-05,0.00798798,N,
5508,Lindane,58-89-9,HepG2,20,384,8.48E-08,4.44E-06,3.76E-05,0.110972,N,
5509,"Methoxychlor-o,p'",72-43-5,HepG2,20,384,1.28E-07,2.89E-07,3.68E-05,0.00721709,N,
5510,Parathion,56-38-2,HepG2,20,384,8.55E-08,3.47E-06,3.76E-05,0.0868521,N,
5511,Trifluralin,1582-09-8,HepG2,20,384,1.77E-07,2.19E-07,3.57E-05,0.00547503,N,
5512,Cisapride,81098-60-4,HepG2,20,384,2.74E-08,7.29E-06,3.77E-05,0.182157,B,7.8
5513,Citalopram hydrobromide,59729-33-8,HepG2,20,384,7.31E-08,1.24E-05,3.79E-05,0.310892,N,
5514,Dofetilide,115256-11-6,HepG2,20,384,1.97E-08,3.34E-05,3.94E-05,0.835303,B,8.4
5515,Moxifloxacin hydrochloride,186826-86-8,HepG2,20,384,5.55E-09,3.95E-05,3.99E-05,0.986699,A,6
5516,N-acetylpro-cainamide,32795-44-1,HepG2,20,384,3.11E-08,3.94E-05,3.99E-05,0.984358,B,9.2
5517,Quinidine sulfate,50-54-4,HepG2,20,384,1.26E-08,1.20E-05,3.80E-05,0.299405,B,9.3
5518,Sematilide,101526-83-4,HepG2,20,384,2.88E-08,3.95E-05,3.99E-05,0.987051,B,9.1
5519,Sotalol hydrochloride,959-24-0,HepG2,20,384,2.70E-08,3.99E-05,4.00E-05,0.997852,B,9
5520,Mifepristone,84371-65-3,HepG2,20,384,9.78E-08,3.54E-07,3.75E-05,0.00884764,N,
5521,Perfluorobutanesulfonic_acid,375-73-5,HepG2,20,384,5.20E-10,3.87E-05,3.99E-05,0.967921,A,-2.9
5522,4_2_Fluorotelomer_sulfonic_acid,757124-72-4,HepG2,20,384,5.02E-10,3.76E-05,3.98E-05,0.940884,A,1.4
5523,Perfluorononanoic_acid,375-95-1,HepG2,20,384,1.34E-12,9.64E-08,3.06E-05,0.0024101,A,0.1
5524,Perfluorohexanoic_acid,307-24-4,HepG2,20,384,1.99E-11,1.49E-06,3.78E-05,0.0371775,A,0.1
5525,Perfluorobutanoic_acid,375-22-4,HepG2,20,384,5.06E-10,3.78E-05,3.98E-05,0.946127,A,0.1
5526,Perfluorooctanoic_acid,335-67-1,HepG2,20,384,2.35E-11,1.76E-06,3.78E-05,0.0438955,A,0.1
5527,6_2_Fluorotelomer_sulfonic_acid,27619-97-2,HepG2,20,384,2.38E-10,1.79E-05,3.83E-05,0.446412,A,1.4
5528,8_2_Fluorotelomer_sulfonic_acid,39108-34-4,HepG2,20,384,2.09E-11,1.56E-06,3.78E-05,0.0389891,A,1.4
5529,Perfluoroundecanoic_acid,2058-94-8,HepG2,20,384,1.55E-12,1.13E-07,3.16E-05,0.00281492,A,0.1
5530,Perfluorooctanesulfonic_acid,1763-23-1,HepG2,20,384,1.51E-12,1.13E-07,3.16E-05,0.00281492,A,-2.9
5531,Perfluoroheptanoic_acid,375-85-9,HepG2,20,384,9.01E-11,6.73E-06,3.78E-05,0.16826,A,0.1
5532,Perfluoropentanoic_acid,2706-90-3,HepG2,20,384,4.28E-10,3.20E-05,3.93E-05,0.800275,A,0.1
5533,Perfluorohexanesulfonic_acid,355-46-4,HepG2,20,384,3.25E-10,2.42E-05,3.87E-05,0.605004,A,-2.9
5534,Perfluorodecanoic_acid,335-76-2,HepG2,20,384,8.74E-13,6.06E-08,2.77E-05,0.00151529,A,0.1
5535,cyclosporine A,59865-13-3,HepG2,20,384,6.02E-08,1.90E-05,3.83E-05,0.473851,N,
5536,chlorpromazine,50-53-3,HepG2,20,384,6.12E-09,2.11E-07,3.53E-05,0.00526495,B,9.4
5537,PBDE 47,5436-43-1,HepG2,20,384,6.40E-07,2.59E-08,2.62E-05,0.000648463,N,
5538,PBDE 99,60348-60-9,HepG2,20,384,7.59E-07,9.38E-09,2.44E-05,0.000234434,N,
5539,PBDE 153,68631-49-2,HepG2,20,384,8.17E-07,2.61E-09,2.41E-05,6.51E-05,N,
5540,amiodarone,1951-25-3,HepG2,20,384,4.46E-08,7.27E-09,1.98E-05,0.000181819,B,9
5541,Azathioprine,446-86-6,HepG2,20,384,8.00E-09,3.99E-05,4.00E-05,0.99873,A,8.2
5542,Benzocaine,94-09-7,HepG2,20,384,1.70E-08,3.70E-05,3.97E-05,0.924604,N,
5543,Butylated hydroxyanisole,25013-16-5,HepG2,20,384,8.01E-08,8.30E-06,3.78E-05,0.207611,N,
5544,Cetirizine dihydrochloride,83881-52-1,HepG2,20,384,2.84E-09,3.98E-05,4.00E-05,0.99514,A,4.7
5545,Cyclamate,139-05-9,HepG2,20,384,1.07E-06,3.89E-05,3.89E-05,0.973163,B,17.6
5546,Cyclophosphamide,6055-19-2,HepG2,20,384,1.47E-08,3.98E-05,4.00E-05,0.995039,B,6.1
5547,Cypermethrin,67375-30-8,HepG2,20,384,5.80E-07,3.66E-08,2.73E-05,0.000914859,N,
5548,DEET,134-62-3,HepG2,20,384,2.51E-08,3.39E-05,3.94E-05,0.848079,N,
5549,Dexamethasone,50-02-2,HepG2,20,384,1.82E-08,3.65E-05,3.96E-05,0.913663,N,
5550,Digoxin,20830-75-5,HepG2,20,384,1.05E-08,3.93E-05,3.99E-05,0.981563,N,
5551,Fenazaquin,120928-09-8,HepG2,20,384,2.17E-07,1.81E-07,3.48E-05,0.00451735,N,
5552,Fenbuconazole,114369-43-6,HepG2,20,384,7.43E-08,1.18E-05,3.79E-05,0.295246,N,
5553,Fluazinam,79622-59-6,HepG2,20,384,8.55E-08,2.30E-06,3.77E-05,0.0574436,N,
5554,Furosemide,54-31-9,HepG2,20,384,6.13E-10,3.56E-05,3.96E-05,0.891147,A,3
5555,Glybenclamide,10238-21-8,HepG2,20,384,3.50E-10,3.70E-07,3.76E-05,0.00923812,A,5
5556,HC Red 3,2871-01-4,HepG2,20,384,8.31E-09,3.99E-05,4.00E-05,0.998639,N,
5557,Hydralazine hydrochloride,304-20-1,HepG2,20,384,1.40E-08,3.98E-05,4.00E-05,0.994706,B,6
5558,Ketoconazole,65277-42-1,HepG2,20,384,7.23E-08,1.03E-06,3.78E-05,0.0256854,B,6.6
5559,Metformin,1115-70-4,HepG2,20,384,4.69E-08,3.99E-05,4.00E-05,0.998729,B,9.6
5560,Metoclopramide,364-62-5,HepG2,20,384,1.94E-08,2.63E-05,3.88E-05,0.656298,B,9
5561,Nitrofurantoin,67-20-9,HepG2,20,384,7.00E-09,4.00E-05,4.00E-05,0.999561,A,7.3
5562,Oxytetracycline hydrochloride,2058-46-0,HepG2,20,384,2.46E-09,4.00E-05,4.00E-05,0.999919,A,4.5
5563,Panthenol,16485-10-2 ,HepG2,20,384,8.15E-09,4.00E-05,4.00E-05,0.999702,N,
5564,Paracetamol,103-90-2,HepG2,20,384,8.52E-09,3.99E-05,4.00E-05,0.9972,N,
5565,Topiramate,97240-79-4,HepG2,20,384,8.11E-09,4.00E-05,4.00E-05,0.999769,A,9.2
5566,Trimellitic anhydride,552-30-7,HepG2,20,384,8.04E-10,3.88E-05,3.99E-05,0.970832,A,3.3
5567,Verapamil hydrochloride,152-11-4,HepG2,20,384,3.45E-09,7.58E-07,3.79E-05,0.0189473,B,9.2
5568,Warfarin,129-06-6,HepG2,20,384,3.72E-08,2.91E-05,3.90E-05,0.727224,N,
5569,Caffeine,58-08-2,Me_180,20,384,1.05E-08,4.00E-05,4.00E-05,0.999032,N,
5570,Lamotrigine,84057-84-1,Me_180,20,384,5.03E-08,2.73E-05,3.89E-05,0.681429,B,6.6
5571,Diclofenac,15307-79-6,Me_180,20,384,1.34E-06,3.85E-05,3.86E-05,0.962054,B,17.6
5572,"2,4-Dichlorophenoxyacetic",94-75-7,Me_180,20,384,4.23E-10,2.18E-05,3.85E-05,0.544791,A,2.7
5573,(S)-Naproxen,22204-53-1,Me_180,20,384,9.86E-10,1.30E-05,3.80E-05,0.324403,A,4.4
5574,Ibuprofen,15687-27-1,Me_180,20,384,1.48E-09,4.39E-06,3.77E-05,0.109848,A,5.4
5575,Torasemide,56211-40-6,Me_180,20,384,4.79E-10,9.24E-06,3.78E-05,0.23098,A,4
5576,Warfarin,81-81-2,Me_180,20,384,1.95E-09,2.44E-05,3.87E-05,0.610857,A,4.5
5577,di-n-butylphthalate,84-74-2,Me_180,20,384,9.15E-08,5.45E-07,3.79E-05,0.0136188,N,
5578,hexachlorophene,70-30-4,Me_180,20,384,6.83E-08,7.69E-09,2.00E-05,0.000192339,A,6.2
5579,hexamethylenetetramine,100-97-0,Me_180,20,384,2.09E-08,3.99E-05,3.99E-05,0.997857,B,6.4
5580,Malathion,121-75-5,Me_180,20,384,3.68E-08,3.13E-05,3.92E-05,0.781723,N,
5581,pentachlorophenol,87-86-5,Me_180,20,384,5.47E-10,2.84E-07,3.67E-05,0.00710351,A,5
5582,"2,2,2-trichloroethanol",115-20-8,Me_180,20,384,1.41E-08,3.88E-05,3.98E-05,0.970961,N,
5583,diethylphthalate,84-66-2,Me_180,20,384,4.07E-08,2.98E-05,3.91E-05,0.746223,N,
5584,4-chlorophenol,106-48-9,Me_180,20,384,3.82E-08,3.08E-05,3.92E-05,0.768808,N,
5585,permethrin,52645-53-1,Me_180,20,384,6.07E-07,4.49E-08,2.80E-05,0.00112273,N,
5586,Aniline,62-53-3,Me_180,20,384,1.15E-08,3.97E-05,3.99E-05,0.991888,N,
5587,4-fluoroaniline,371-40-4,Me_180,20,384,1.24E-08,3.94E-05,3.99E-05,0.985296,N,
5588,"2,4,6-trichlorophenol",88-06-2,Me_180,20,384,2.00E-08,4.79E-06,3.77E-05,0.11971,A,6.8
5589,Allyl alcohol,107-18-6,Me_180,20,384,1.05E-08,3.99E-05,3.99E-05,0.997084,N,
5590,N-methylaniline,100-61-8,Me_180,20,384,1.68E-08,3.80E-05,3.97E-05,0.950774,N,
5591,"3,4-dichloroaniline",95-76-1,Me_180,20,384,5.46E-08,2.45E-05,3.87E-05,0.613533,N,
5592,4-decylaniline,37529-30-9,Me_180,20,384,5.35E-07,6.02E-08,2.92E-05,0.00150596,N,
5593,naphthalene,91-20-3,Me_180,20,384,8.64E-08,1.04E-05,3.77E-05,0.259313,N,
5594,"1,2,4-trichlorobenzene",120-82-1,Me_180,20,384,9.27E-08,2.31E-06,3.62E-05,0.0578032,N,
5595,"1,2-dichlorobenzene",95-50-1,Me_180,20,384,8.27E-08,7.42E-06,3.44E-05,0.185387,N,
5596,dichloromethane,75-09-2,Me_180,20,384,1.00E-08,3.04E-05,3.09E-05,0.760561,N,
5597,tetrachloroethylene,127-18-4,Me_180,20,384,6.93E-08,6.64E-06,2.91E-05,0.166104,N,
5598,"2,3-dimethyl-1,3-butadiene",513-81-5,Me_180,20,384,4.59E-09,9.19E-07,2.28E-06,0.0229746,N,
5599,Eugenol F,97-53-0,Me_180,20,384,3.28E-08,3.27E-05,3.93E-05,0.81714,N,
5600,Methyl-antranilate,134-20-3,Me_180,20,384,2.07E-08,3.68E-05,3.97E-05,0.92103,N,
5601,Lilyfore,285977-85-7,Me_180,20,384,8.45E-08,1.16E-05,3.79E-05,0.290061,N,
5602,Damascone beta,23726-91-2,Me_180,20,384,9.47E-08,1.18E-06,3.77E-05,0.0295683,N,
5603,Veloutone,14595-54-1,Me_180,20,384,1.85E-07,2.34E-07,3.59E-05,0.00584268,N,
5604,Verdox,82356-51-2,Me_180,20,384,5.87E-07,4.88E-08,2.83E-05,0.00122045,N,
5605,Nirvanol,1506-02-1,Me_180,20,384,3.02E-07,1.44E-07,3.36E-05,0.00359261,N,
5606,Cetalox,3738-00-9,Me_180,20,384,2.14E-07,2.05E-07,3.53E-05,0.00511541,N,
5607,Tonalide,21145-77-7,Me_180,20,384,3.02E-07,1.44E-07,3.36E-05,0.00359261,N,
5608,"2,4-Dinitrophenol",51-28-5,Me_180,20,384,2.10E-09,3.81E-05,3.98E-05,0.952027,A,4.1
5609,Aldrin,309-00-2,Me_180,20,384,6.07E-07,4.49E-08,2.80E-05,0.00112261,N,
5610,Azinphos-methyl,86-50-0,Me_180,20,384,5.82E-08,2.31E-05,3.86E-05,0.577947,N,
5611,Chlorpyrifos,2921-88-2,Me_180,20,384,1.23E-07,3.26E-07,3.72E-05,0.00814668,N,
5612,"DDD-p,p'",50-29-3,Me_180,20,384,7.52E-07,2.14E-08,2.57E-05,0.000535496,N,
5613,"DDT-o,p'",789-02-6,Me_180,20,384,6.30E-07,4.05E-08,2.76E-05,0.00101363,N,
5614,"DDT-p,p'",72-54-8,Me_180,20,384,4.55E-07,8.16E-08,3.07E-05,0.00204026,N,
5615,Diazinon,333-41-5,Me_180,20,384,9.64E-08,3.63E-06,3.76E-05,0.0908295,N,
5616,Dicofol,115-32-2,Me_180,20,384,1.33E-07,3.07E-07,3.70E-05,0.00766947,N,
5617,Dieldrin,60-57-1,Me_180,20,384,1.52E-07,2.77E-07,3.66E-05,0.00692228,N,
5618,Disulfoton,298-04-4,Me_180,20,384,9.64E-08,2.24E-06,3.77E-05,0.0561039,N,
5619,Endosulfan I,115-29-7,Me_180,20,384,9.64E-08,3.47E-06,3.76E-05,0.0868279,N,
5620,Endrin,72-20-8,Me_180,20,384,2.22E-07,1.98E-07,3.52E-05,0.00494842,N,
5621,Ethion,563-12-2,Me_180,20,384,1.42E-07,2.92E-07,3.68E-05,0.00728856,N,
5622,Heptachlor,76-44-8,Me_180,20,384,4.48E-07,8.40E-08,3.08E-05,0.00210046,N,
5623,Heptachlor epoxide B,1024-57-3,Me_180,20,384,1.26E-07,3.19E-07,3.72E-05,0.00798512,N,
5624,Lindane,58-89-9,Me_180,20,384,9.58E-08,4.44E-06,3.76E-05,0.110942,N,
5625,"Methoxychlor-o,p'",72-43-5,Me_180,20,384,1.44E-07,2.89E-07,3.68E-05,0.00721415,N,
5626,Parathion,56-38-2,Me_180,20,384,9.65E-08,3.47E-06,3.76E-05,0.0868282,N,
5627,Trifluralin,1582-09-8,Me_180,20,384,2.00E-07,2.19E-07,3.56E-05,0.00547194,N,
5628,Cisapride,81098-60-4,Me_180,20,384,3.15E-08,7.29E-06,3.77E-05,0.182139,B,7.8
5629,Citalopram hydrobromide,59729-33-8,Me_180,20,384,8.28E-08,1.24E-05,3.79E-05,0.310817,N,
5630,Dofetilide,115256-11-6,Me_180,20,384,2.48E-08,3.34E-05,3.94E-05,0.835198,B,8.4
5631,Moxifloxacin hydrochloride,186826-86-8,Me_180,20,384,7.04E-09,3.95E-05,3.99E-05,0.986662,A,6
5632,N-acetylpro-cainamide,32795-44-1,Me_180,20,384,3.95E-08,3.94E-05,3.99E-05,0.984151,B,9.2
5633,Quinidine sulfate,50-54-4,Me_180,20,384,1.57E-08,1.20E-05,3.80E-05,0.299382,B,9.3
5634,Sematilide,101526-83-4,Me_180,20,384,3.65E-08,3.95E-05,3.99E-05,0.986859,B,9.1
5635,Sotalol hydrochloride,959-24-0,Me_180,20,384,3.44E-08,3.99E-05,4.00E-05,0.997669,B,9
5636,Mifepristone,84371-65-3,Me_180,20,384,1.10E-07,3.54E-07,3.75E-05,0.00884488,N,
5637,Perfluorobutanesulfonic_acid,375-73-5,Me_180,20,384,6.61E-10,3.87E-05,3.99E-05,0.967918,A,-2.9
5638,4_2_Fluorotelomer_sulfonic_acid,757124-72-4,Me_180,20,384,6.38E-10,3.76E-05,3.98E-05,0.94088,A,1.4
5639,Perfluorononanoic_acid,375-95-1,Me_180,20,384,1.69E-12,9.64E-08,3.06E-05,0.0024101,A,0.1
5640,Perfluorohexanoic_acid,307-24-4,Me_180,20,384,2.53E-11,1.49E-06,3.78E-05,0.0371774,A,0.1
5641,Perfluorobutanoic_acid,375-22-4,Me_180,20,384,6.44E-10,3.78E-05,3.98E-05,0.946124,A,0.1
5642,Perfluorooctanoic_acid,335-67-1,Me_180,20,384,2.99E-11,1.76E-06,3.78E-05,0.0438955,A,0.1
5643,6_2_Fluorotelomer_sulfonic_acid,27619-97-2,Me_180,20,384,3.03E-10,1.79E-05,3.83E-05,0.446412,A,1.4
5644,8_2_Fluorotelomer_sulfonic_acid,39108-34-4,Me_180,20,384,2.65E-11,1.56E-06,3.78E-05,0.0389891,A,1.4
5645,Perfluoroundecanoic_acid,2058-94-8,Me_180,20,384,1.96E-12,1.13E-07,3.16E-05,0.00281492,A,0.1
5646,Perfluorooctanesulfonic_acid,1763-23-1,Me_180,20,384,1.92E-12,1.13E-07,3.16E-05,0.00281492,A,-2.9
5647,Perfluoroheptanoic_acid,375-85-9,Me_180,20,384,1.14E-10,6.73E-06,3.78E-05,0.16826,A,0.1
5648,Perfluoropentanoic_acid,2706-90-3,Me_180,20,384,5.44E-10,3.20E-05,3.93E-05,0.800273,A,0.1
5649,Perfluorohexanesulfonic_acid,355-46-4,Me_180,20,384,4.13E-10,2.42E-05,3.87E-05,0.605003,A,-2.9
5650,Perfluorodecanoic_acid,335-76-2,Me_180,20,384,1.10E-12,6.06E-08,2.77E-05,0.00151529,A,0.1
5651,cyclosporine A,59865-13-3,Me_180,20,384,6.84E-08,1.90E-05,3.83E-05,0.473753,N,
5652,chlorpromazine,50-53-3,Me_180,20,384,6.93E-09,2.11E-07,3.53E-05,0.00526484,B,9.4
5653,PBDE 47,5436-43-1,Me_180,20,384,7.20E-07,2.59E-08,2.62E-05,0.000647142,N,
5654,PBDE 99,60348-60-9,Me_180,20,384,8.54E-07,9.35E-09,2.43E-05,0.000233867,N,
5655,PBDE 153,68631-49-2,Me_180,20,384,9.19E-07,2.60E-09,2.40E-05,6.50E-05,N,
5656,amiodarone,1951-25-3,Me_180,20,384,5.03E-08,7.27E-09,1.98E-05,0.000181793,B,9
5657,Azathioprine,446-86-6,Me_180,20,384,1.01E-08,3.99E-05,4.00E-05,0.998677,A,8.2
5658,Benzocaine,94-09-7,Me_180,20,384,2.02E-08,3.70E-05,3.97E-05,0.924529,N,
5659,Butylated hydroxyanisole,25013-16-5,Me_180,20,384,9.06E-08,8.30E-06,3.77E-05,0.207557,N,
5660,Cetirizine dihydrochloride,83881-52-1,Me_180,20,384,3.61E-09,3.98E-05,4.00E-05,0.995121,A,4.7
5661,Cyclamate,139-05-9,Me_180,20,384,1.35E-06,3.86E-05,3.87E-05,0.96618,B,17.6
5662,Cyclophosphamide,6055-19-2,Me_180,20,384,1.86E-08,3.98E-05,4.00E-05,0.994942,B,6.1
5663,Cypermethrin,67375-30-8,Me_180,20,384,6.52E-07,3.65E-08,2.72E-05,0.000913169,N,
5664,DEET,134-62-3,Me_180,20,384,2.93E-08,3.39E-05,3.94E-05,0.84799,N,
5665,Dexamethasone,50-02-2,Me_180,20,384,2.16E-08,3.65E-05,3.96E-05,0.913585,N,
5666,Digoxin,20830-75-5,Me_180,20,384,1.30E-08,3.93E-05,3.99E-05,0.981502,N,
5667,Fenazaquin,120928-09-8,Me_180,20,384,2.44E-07,1.81E-07,3.47E-05,0.00451423,N,
5668,Fenbuconazole,114369-43-6,Me_180,20,384,8.41E-08,1.18E-05,3.79E-05,0.295174,N,
5669,Fluazinam,79622-59-6,Me_180,20,384,9.65E-08,2.30E-06,3.77E-05,0.0574278,N,
5670,Furosemide,54-31-9,Me_180,20,384,7.79E-10,3.56E-05,3.96E-05,0.891143,A,3
5671,Glybenclamide,10238-21-8,Me_180,20,384,4.00E-10,3.70E-07,3.76E-05,0.00923811,A,5
5672,HC Red 3,2871-01-4,Me_180,20,384,1.05E-08,3.99E-05,4.00E-05,0.998583,N,
5673,Hydralazine hydrochloride,304-20-1,Me_180,20,384,1.77E-08,3.98E-05,4.00E-05,0.994614,B,6
5674,Ketoconazole,65277-42-1,Me_180,20,384,8.16E-08,1.03E-06,3.78E-05,0.0256794,B,6.6
5675,Metformin,1115-70-4,Me_180,20,384,5.96E-08,3.99E-05,3.99E-05,0.998411,B,9.6
5676,Metoclopramide,364-62-5,Me_180,20,384,2.44E-08,2.62E-05,3.88E-05,0.656216,B,9
5677,Nitrofurantoin,67-20-9,Me_180,20,384,8.90E-09,4.00E-05,4.00E-05,0.999513,A,7.3
5678,Oxytetracycline hydrochloride,2058-46-0,Me_180,20,384,3.12E-09,4.00E-05,4.00E-05,0.999902,A,4.5
5679,Panthenol,16485-10-2 ,Me_180,20,384,1.04E-08,4.00E-05,4.00E-05,0.999647,N,
5680,Paracetamol,103-90-2,Me_180,20,384,1.08E-08,3.99E-05,4.00E-05,0.997144,N,
5681,Topiramate,97240-79-4,Me_180,20,384,1.03E-08,4.00E-05,4.00E-05,0.999714,A,9.2
5682,Trimellitic anhydride,552-30-7,Me_180,20,384,1.02E-09,3.88E-05,3.99E-05,0.970826,A,3.3
5683,Verapamil hydrochloride,152-11-4,Me_180,20,384,3.98E-09,7.58E-07,3.79E-05,0.0189471,B,9.2
5684,Warfarin,129-06-6,Me_180,20,384,4.27E-08,2.91E-05,3.90E-05,0.727122,N,
5685,Caffeine,58-08-2,H4lle,20,384,9.76E-09,4.00E-05,4.00E-05,0.999049,N,
5686,Lamotrigine,84057-84-1,H4lle,20,384,2.13E-08,2.73E-05,3.89E-05,0.681924,B,6.6
5687,Diclofenac,15307-79-6,H4lle,20,384,1.26E-06,3.86E-05,3.87E-05,0.963917,B,17.6
5688,"2,4-Dichlorophenoxyacetic",94-75-7,H4lle,20,384,3.98E-10,2.18E-05,3.85E-05,0.544792,A,2.7
5689,(S)-Naproxen,22204-53-1,H4lle,20,384,8.91E-10,1.30E-05,3.80E-05,0.324404,A,4.4
5690,Ibuprofen,15687-27-1,H4lle,20,384,7.49E-10,4.39E-06,3.77E-05,0.10985,A,5.4
5691,Torasemide,56211-40-6,H4lle,20,384,4.39E-10,9.24E-06,3.78E-05,0.23098,A,4
5692,Warfarin,81-81-2,H4lle,20,384,1.81E-09,2.44E-05,3.87E-05,0.610859,A,4.5
5693,di-n-butylphthalate,84-74-2,H4lle,20,384,1.79E-08,5.46E-07,3.80E-05,0.0136439,N,
5694,hexachlorophene,70-30-4,H4lle,20,384,1.33E-08,7.70E-09,2.00E-05,0.000192603,A,6.2
5695,hexamethylenetetramine,100-97-0,H4lle,20,384,1.97E-08,3.99E-05,3.99E-05,0.997887,B,6.4
5696,Malathion,121-75-5,H4lle,20,384,1.32E-08,3.13E-05,3.92E-05,0.782184,N,
5697,pentachlorophenol,87-86-5,H4lle,20,384,1.30E-10,2.84E-07,3.67E-05,0.00710358,A,5
5698,"2,2,2-trichloroethanol",115-20-8,H4lle,20,384,1.03E-08,3.88E-05,3.98E-05,0.971054,N,
5699,diethylphthalate,84-66-2,H4lle,20,384,1.37E-08,2.99E-05,3.91E-05,0.746727,N,
5700,4-chlorophenol,106-48-9,H4lle,20,384,1.34E-08,3.08E-05,3.92E-05,0.769285,N,
5701,permethrin,52645-53-1,H4lle,20,384,1.20E-07,4.55E-08,2.83E-05,0.00113661,N,
5702,Aniline,62-53-3,H4lle,20,384,9.91E-09,3.97E-05,3.99E-05,0.991927,N,
5703,4-fluoroaniline,371-40-4,H4lle,20,384,1.00E-08,3.94E-05,3.99E-05,0.985355,N,
5704,"2,4,6-trichlorophenol",88-06-2,H4lle,20,384,4.62E-09,4.79E-06,3.77E-05,0.119757,A,6.8
5705,Allyl alcohol,107-18-6,H4lle,20,384,9.76E-09,3.99E-05,3.99E-05,0.997103,N,
5706,N-methylaniline,100-61-8,H4lle,20,384,1.06E-08,3.80E-05,3.97E-05,0.95092,N,
5707,"3,4-dichloroaniline",95-76-1,H4lle,20,384,1.54E-08,2.46E-05,3.87E-05,0.614136,N,
5708,4-decylaniline,37529-30-9,H4lle,20,384,1.05E-07,6.09E-08,2.96E-05,0.00152237,N,
5709,naphthalene,91-20-3,H4lle,20,384,1.88E-08,1.04E-05,3.77E-05,0.259751,N,
5710,"1,2,4-trichlorobenzene",120-82-1,H4lle,20,384,1.85E-08,2.32E-06,3.62E-05,0.0579106,N,
5711,"1,2-dichlorobenzene",95-50-1,H4lle,20,384,1.76E-08,7.43E-06,3.44E-05,0.185689,N,
5712,dichloromethane,75-09-2,H4lle,20,384,7.83E-09,3.04E-05,3.09E-05,0.760601,N,
5713,tetrachloroethylene,127-18-4,H4lle,20,384,1.48E-08,6.65E-06,2.91E-05,0.166331,N,
5714,"2,3-dimethyl-1,3-butadiene",513-81-5,H4lle,20,384,1.07E-09,9.19E-07,2.28E-06,0.0229764,N,
5715,Eugenol F,97-53-0,H4lle,20,384,1.27E-08,3.27E-05,3.93E-05,0.817551,N,
5716,Methyl-antranilate,134-20-3,H4lle,20,384,1.11E-08,3.69E-05,3.97E-05,0.92125,N,
5717,Lilyfore,285977-85-7,H4lle,20,384,1.87E-08,1.16E-05,3.80E-05,0.290539,N,
5718,Damascone beta,23726-91-2,H4lle,20,384,1.87E-08,1.18E-06,3.78E-05,0.0296246,N,
5719,Veloutone,14595-54-1,H4lle,20,384,3.63E-08,2.35E-07,3.61E-05,0.00586457,N,
5720,Verdox,82356-51-2,H4lle,20,384,1.16E-07,4.94E-08,2.87E-05,0.00123505,N,
5721,Nirvanol,1506-02-1,H4lle,20,384,5.92E-08,1.45E-07,3.38E-05,0.0036146,N,
5722,Cetalox,3738-00-9,H4lle,20,384,4.19E-08,2.06E-07,3.55E-05,0.00513759,N,
5723,Tonalide,21145-77-7,H4lle,20,384,5.92E-08,1.45E-07,3.38E-05,0.0036146,N,
5724,"2,4-Dinitrophenol",51-28-5,H4lle,20,384,1.98E-09,3.81E-05,3.98E-05,0.95203,A,4.1
5725,Aldrin,309-00-2,H4lle,20,384,1.20E-07,4.55E-08,2.83E-05,0.00113649,N,
5726,Azinphos-methyl,86-50-0,H4lle,20,384,1.58E-08,2.31E-05,3.86E-05,0.578561,N,
5727,Chlorpyrifos,2921-88-2,H4lle,20,384,2.41E-08,3.27E-07,3.73E-05,0.0081669,N,
5728,"DDD-p,p'",50-29-3,H4lle,20,384,1.49E-07,2.17E-08,2.61E-05,0.000543726,N,
5729,"DDT-o,p'",789-02-6,H4lle,20,384,1.24E-07,4.11E-08,2.80E-05,0.00102665,N,
5730,"DDT-p,p'",72-54-8,H4lle,20,384,8.95E-08,8.24E-08,3.10E-05,0.00205915,N,
5731,Diazinon,333-41-5,H4lle,20,384,1.95E-08,3.64E-06,3.77E-05,0.0910045,N,
5732,Dicofol,115-32-2,H4lle,20,384,2.60E-08,3.08E-07,3.71E-05,0.00769008,N,
5733,Dieldrin,60-57-1,H4lle,20,384,2.96E-08,2.78E-07,3.67E-05,0.00694346,N,
5734,Disulfoton,298-04-4,H4lle,20,384,1.92E-08,2.25E-06,3.77E-05,0.0562125,N,
5735,Endosulfan I,115-29-7,H4lle,20,384,1.95E-08,3.48E-06,3.77E-05,0.0869954,N,
5736,Endrin,72-20-8,H4lle,20,384,4.35E-08,1.99E-07,3.53E-05,0.00497067,N,
5737,Ethion,563-12-2,H4lle,20,384,2.78E-08,2.92E-07,3.69E-05,0.00730946,N,
5738,Heptachlor,76-44-8,H4lle,20,384,8.79E-08,8.48E-08,3.11E-05,0.00211956,N,
5739,Heptachlor epoxide B,1024-57-3,H4lle,20,384,2.47E-08,3.20E-07,3.73E-05,0.00800548,N,
5740,Lindane,58-89-9,H4lle,20,384,1.95E-08,4.45E-06,3.77E-05,0.111154,N,
5741,"Methoxychlor-o,p'",72-43-5,H4lle,20,384,2.81E-08,2.89E-07,3.69E-05,0.00723511,N,
5742,Parathion,56-38-2,H4lle,20,384,1.95E-08,3.48E-06,3.77E-05,0.0869957,N,
5743,Trifluralin,1582-09-8,H4lle,20,384,3.90E-08,2.20E-07,3.58E-05,0.00549401,N,
5744,Cisapride,81098-60-4,H4lle,20,384,9.58E-09,7.29E-06,3.78E-05,0.182239,B,7.8
5745,Citalopram hydrobromide,59729-33-8,H4lle,20,384,1.85E-08,1.25E-05,3.80E-05,0.311317,N,
5746,Dofetilide,115256-11-6,H4lle,20,384,2.16E-08,3.34E-05,3.94E-05,0.835265,B,8.4
5747,Moxifloxacin hydrochloride,186826-86-8,H4lle,20,384,6.58E-09,3.95E-05,3.99E-05,0.986673,A,6
5748,N-acetylpro-cainamide,32795-44-1,H4lle,20,384,3.71E-08,3.94E-05,3.99E-05,0.984209,B,9.2
5749,Quinidine sulfate,50-54-4,H4lle,20,384,1.28E-08,1.20E-05,3.80E-05,0.299403,B,9.3
5750,Sematilide,101526-83-4,H4lle,20,384,3.44E-08,3.95E-05,3.99E-05,0.986912,B,9.1
5751,Sotalol hydrochloride,959-24-0,H4lle,20,384,3.24E-08,3.99E-05,4.00E-05,0.997719,B,9
5752,Mifepristone,84371-65-3,H4lle,20,384,2.16E-08,3.55E-07,3.76E-05,0.00886454,N,
5753,Perfluorobutanesulfonic_acid,375-73-5,H4lle,20,384,6.23E-10,3.87E-05,3.99E-05,0.967919,A,-2.9
5754,4_2_Fluorotelomer_sulfonic_acid,757124-72-4,H4lle,20,384,6.02E-10,3.76E-05,3.98E-05,0.940881,A,1.4
5755,Perfluorononanoic_acid,375-95-1,H4lle,20,384,1.56E-12,9.64E-08,3.06E-05,0.0024101,A,0.1
5756,Perfluorohexanoic_acid,307-24-4,H4lle,20,384,2.38E-11,1.49E-06,3.78E-05,0.0371774,A,0.1
5757,Perfluorobutanoic_acid,375-22-4,H4lle,20,384,6.07E-10,3.78E-05,3.98E-05,0.946125,A,0.1
5758,Perfluorooctanoic_acid,335-67-1,H4lle,20,384,2.81E-11,1.76E-06,3.78E-05,0.0438955,A,0.1
5759,6_2_Fluorotelomer_sulfonic_acid,27619-97-2,H4lle,20,384,2.85E-10,1.79E-05,3.83E-05,0.446412,A,1.4
5760,8_2_Fluorotelomer_sulfonic_acid,39108-34-4,H4lle,20,384,2.49E-11,1.56E-06,3.78E-05,0.0389891,A,1.4
5761,Perfluoroundecanoic_acid,2058-94-8,H4lle,20,384,1.81E-12,1.13E-07,3.16E-05,0.00281492,A,0.1
5762,Perfluorooctanesulfonic_acid,1763-23-1,H4lle,20,384,1.81E-12,1.13E-07,3.16E-05,0.00281492,A,-2.9
5763,Perfluoroheptanoic_acid,375-85-9,H4lle,20,384,1.08E-10,6.73E-06,3.78E-05,0.16826,A,0.1
5764,Perfluoropentanoic_acid,2706-90-3,H4lle,20,384,5.13E-10,3.20E-05,3.93E-05,0.800274,A,0.1
5765,Perfluorohexanesulfonic_acid,355-46-4,H4lle,20,384,3.89E-10,2.42E-05,3.87E-05,0.605003,A,-2.9
5766,Perfluorodecanoic_acid,335-76-2,H4lle,20,384,9.85E-13,6.06E-08,2.77E-05,0.00151529,A,0.1
5767,cyclosporine A,59865-13-3,H4lle,20,384,1.70E-08,1.90E-05,3.84E-05,0.474363,N,
5768,chlorpromazine,50-53-3,H4lle,20,384,1.54E-09,2.11E-07,3.53E-05,0.00526555,B,9.4
5769,PBDE 47,5436-43-1,H4lle,20,384,1.42E-07,2.63E-08,2.65E-05,0.000656657,N,
5770,PBDE 99,60348-60-9,H4lle,20,384,1.69E-07,9.52E-09,2.48E-05,0.000237959,N,
5771,PBDE 153,68631-49-2,H4lle,20,384,1.82E-07,2.65E-09,2.45E-05,6.62E-05,N,
5772,amiodarone,1951-25-3,H4lle,20,384,9.80E-09,7.28E-09,1.98E-05,0.000181977,B,9
5773,Azathioprine,446-86-6,H4lle,20,384,9.43E-09,3.99E-05,4.00E-05,0.998694,A,8.2
5774,Benzocaine,94-09-7,H4lle,20,384,1.11E-08,3.70E-05,3.97E-05,0.92474,N,
5775,Butylated hydroxyanisole,25013-16-5,H4lle,20,384,1.93E-08,8.32E-06,3.78E-05,0.207927,N,
5776,Cetirizine dihydrochloride,83881-52-1,H4lle,20,384,3.40E-09,3.98E-05,4.00E-05,0.995126,A,4.7
5777,Cyclamate,139-05-9,H4lle,20,384,1.27E-06,3.87E-05,3.87E-05,0.968059,B,17.6
5778,Cyclophosphamide,6055-19-2,H4lle,20,384,1.70E-08,3.98E-05,4.00E-05,0.994982,B,6.1
5779,Cypermethrin,67375-30-8,H4lle,20,384,1.29E-07,3.70E-08,2.76E-05,0.000925326,N,
5780,DEET,134-62-3,H4lle,20,384,1.23E-08,3.39E-05,3.94E-05,0.848351,N,
5781,Dexamethasone,50-02-2,H4lle,20,384,1.13E-08,3.66E-05,3.97E-05,0.913821,N,
5782,Digoxin,20830-75-5,H4lle,20,384,1.01E-08,3.93E-05,3.99E-05,0.981572,N,
5783,Fenazaquin,120928-09-8,H4lle,20,384,4.78E-08,1.81E-07,3.49E-05,0.00453654,N,
5784,Fenbuconazole,114369-43-6,H4lle,20,384,1.87E-08,1.18E-05,3.80E-05,0.295657,N,
5785,Fluazinam,79622-59-6,H4lle,20,384,1.93E-08,2.30E-06,3.77E-05,0.057539,N,
5786,Furosemide,54-31-9,H4lle,20,384,7.34E-10,3.56E-05,3.96E-05,0.891144,A,3
5787,Glybenclamide,10238-21-8,H4lle,20,384,1.08E-10,3.70E-07,3.76E-05,0.00923818,A,5
5788,HC Red 3,2871-01-4,H4lle,20,384,9.77E-09,3.99E-05,4.00E-05,0.998602,N,
5789,Hydralazine hydrochloride,304-20-1,H4lle,20,384,1.61E-08,3.98E-05,4.00E-05,0.994655,B,6
5790,Ketoconazole,65277-42-1,H4lle,20,384,1.63E-08,1.03E-06,3.78E-05,0.0257214,B,6.6
5791,Metformin,1115-70-4,H4lle,20,384,5.62E-08,3.99E-05,3.99E-05,0.998497,B,9.6
5792,Metoclopramide,364-62-5,H4lle,20,384,2.16E-08,2.63E-05,3.88E-05,0.656262,B,9
5793,Nitrofurantoin,67-20-9,H4lle,20,384,8.37E-09,4.00E-05,4.00E-05,0.999526,A,7.3
5794,Oxytetracycline hydrochloride,2058-46-0,H4lle,20,384,2.94E-09,4.00E-05,4.00E-05,0.999907,A,4.5
5795,Panthenol,16485-10-2 ,H4lle,20,384,9.75E-09,4.00E-05,4.00E-05,0.999662,N,
5796,Paracetamol,103-90-2,H4lle,20,384,9.81E-09,3.99E-05,4.00E-05,0.997168,N,
5797,Topiramate,97240-79-4,H4lle,20,384,9.71E-09,4.00E-05,4.00E-05,0.999729,A,9.2
5798,Trimellitic anhydride,552-30-7,H4lle,20,384,9.63E-10,3.88E-05,3.99E-05,0.970828,A,3.3
5799,Verapamil hydrochloride,152-11-4,H4lle,20,384,1.34E-09,7.58E-07,3.79E-05,0.0189483,B,9.2
5800,Warfarin,129-06-6,H4lle,20,384,1.40E-08,2.91E-05,3.91E-05,0.727646,N,
5801,Caffeine,58-08-2,SH-SY5Y,20,384,5.46E-09,4.00E-05,4.00E-05,0.999157,N,
5802,Lamotrigine,84057-84-1,SH-SY5Y,20,384,1.45E-08,2.73E-05,3.89E-05,0.682041,B,6.6
5803,Diclofenac,15307-79-6,SH-SY5Y,20,384,7.15E-07,3.91E-05,3.93E-05,0.977584,B,17.6
5804,"2,4-Dichlorophenoxyacetic",94-75-7,SH-SY5Y,20,384,2.22E-10,2.18E-05,3.85E-05,0.544794,A,2.7
5805,(S)-Naproxen,22204-53-1,SH-SY5Y,20,384,5.00E-10,1.30E-05,3.80E-05,0.324407,A,4.4
5806,Ibuprofen,15687-27-1,SH-SY5Y,20,384,4.81E-10,4.39E-06,3.77E-05,0.109851,A,5.4
5807,Torasemide,56211-40-6,SH-SY5Y,20,384,2.46E-10,9.24E-06,3.78E-05,0.230981,A,4
5808,Warfarin,81-81-2,SH-SY5Y,20,384,1.01E-09,2.44E-05,3.87E-05,0.610872,A,4.5
5809,di-n-butylphthalate,84-74-2,SH-SY5Y,20,384,1.67E-08,5.46E-07,3.80E-05,0.0136443,N,
5810,hexachlorophene,70-30-4,SH-SY5Y,20,384,1.24E-08,7.70E-09,2.00E-05,0.000192608,A,6.2
5811,hexamethylenetetramine,100-97-0,SH-SY5Y,20,384,1.10E-08,3.99E-05,3.99E-05,0.998104,B,6.4
5812,Malathion,121-75-5,SH-SY5Y,20,384,9.47E-09,3.13E-05,3.92E-05,0.782257,N,
5813,pentachlorophenol,87-86-5,SH-SY5Y,20,384,1.10E-10,2.84E-07,3.67E-05,0.00710359,A,5
5814,"2,2,2-trichloroethanol",115-20-8,SH-SY5Y,20,384,6.02E-09,3.88E-05,3.98E-05,0.971157,N,
5815,diethylphthalate,84-66-2,SH-SY5Y,20,384,1.00E-08,2.99E-05,3.91E-05,0.746795,N,
5816,4-chlorophenol,106-48-9,SH-SY5Y,20,384,9.68E-09,3.08E-05,3.92E-05,0.769357,N,
5817,permethrin,52645-53-1,SH-SY5Y,20,384,1.12E-07,4.55E-08,2.84E-05,0.00113684,N,
5818,Aniline,62-53-3,SH-SY5Y,20,384,5.62E-09,3.97E-05,3.99E-05,0.992034,N,
5819,4-fluoroaniline,371-40-4,SH-SY5Y,20,384,5.76E-09,3.94E-05,3.99E-05,0.98546,N,
5820,"2,4,6-trichlorophenol",88-06-2,SH-SY5Y,20,384,3.97E-09,4.79E-06,3.77E-05,0.119758,A,6.8
5821,Allyl alcohol,107-18-6,SH-SY5Y,20,384,5.46E-09,3.99E-05,3.99E-05,0.99721,N,
5822,N-methylaniline,100-61-8,SH-SY5Y,20,384,6.43E-09,3.80E-05,3.97E-05,0.95102,N,
5823,"3,4-dichloroaniline",95-76-1,SH-SY5Y,20,384,1.21E-08,2.46E-05,3.87E-05,0.614186,N,
5824,4-decylaniline,37529-30-9,SH-SY5Y,20,384,9.83E-08,6.09E-08,2.96E-05,0.00152264,N,
5825,naphthalene,91-20-3,SH-SY5Y,20,384,1.66E-08,1.04E-05,3.77E-05,0.259766,N,
5826,"1,2,4-trichlorobenzene",120-82-1,SH-SY5Y,20,384,1.71E-08,2.32E-06,3.63E-05,0.0579126,N,
5827,"1,2-dichlorobenzene",95-50-1,SH-SY5Y,20,384,1.57E-08,7.43E-06,3.44E-05,0.185697,N,
5828,dichloromethane,75-09-2,SH-SY5Y,20,384,4.53E-09,3.04E-05,3.09E-05,0.760653,N,
5829,tetrachloroethylene,127-18-4,SH-SY5Y,20,384,1.32E-08,6.65E-06,2.91E-05,0.166335,N,
5830,"2,3-dimethyl-1,3-butadiene",513-81-5,SH-SY5Y,20,384,9.16E-10,9.19E-07,2.28E-06,0.0229752,N,
5831,Eugenol F,97-53-0,SH-SY5Y,20,384,8.87E-09,3.27E-05,3.93E-05,0.81763,N,
5832,Methyl-antranilate,134-20-3,SH-SY5Y,20,384,7.03E-09,3.69E-05,3.97E-05,0.921345,N,
5833,Lilyfore,285977-85-7,SH-SY5Y,20,384,1.64E-08,1.16E-05,3.80E-05,0.290556,N,
5834,Damascone beta,23726-91-2,SH-SY5Y,20,384,1.73E-08,1.19E-06,3.78E-05,0.0296256,N,
5835,Veloutone,14595-54-1,SH-SY5Y,20,384,3.38E-08,2.35E-07,3.61E-05,0.00586492,N,
5836,Verdox,82356-51-2,SH-SY5Y,20,384,1.08E-07,4.94E-08,2.87E-05,0.00123529,N,
5837,Nirvanol,1506-02-1,SH-SY5Y,20,384,5.52E-08,1.45E-07,3.38E-05,0.00361496,N,
5838,Cetalox,3738-00-9,SH-SY5Y,20,384,3.91E-08,2.06E-07,3.55E-05,0.00513795,N,
5839,Tonalide,21145-77-7,SH-SY5Y,20,384,5.52E-08,1.45E-07,3.38E-05,0.00361496,N,
5840,"2,4-Dinitrophenol",51-28-5,SH-SY5Y,20,384,1.10E-09,3.81E-05,3.98E-05,0.952051,A,4.1
5841,Aldrin,309-00-2,SH-SY5Y,20,384,1.12E-07,4.55E-08,2.84E-05,0.00113671,N,
5842,Azinphos-methyl,86-50-0,SH-SY5Y,20,384,1.26E-08,2.31E-05,3.86E-05,0.578607,N,
5843,Chlorpyrifos,2921-88-2,SH-SY5Y,20,384,2.24E-08,3.27E-07,3.73E-05,0.00816723,N,
5844,"DDD-p,p'",50-29-3,SH-SY5Y,20,384,1.39E-07,2.18E-08,2.61E-05,0.000543861,N,
5845,"DDT-o,p'",789-02-6,SH-SY5Y,20,384,1.16E-07,4.11E-08,2.80E-05,0.00102686,N,
5846,"DDT-p,p'",72-54-8,SH-SY5Y,20,384,8.35E-08,8.24E-08,3.10E-05,0.00205945,N,
5847,Diazinon,333-41-5,SH-SY5Y,20,384,1.79E-08,3.64E-06,3.77E-05,0.0910082,N,
5848,Dicofol,115-32-2,SH-SY5Y,20,384,2.43E-08,3.08E-07,3.71E-05,0.00769042,N,
5849,Dieldrin,60-57-1,SH-SY5Y,20,384,2.76E-08,2.78E-07,3.67E-05,0.0069438,N,
5850,Disulfoton,298-04-4,SH-SY5Y,20,384,1.78E-08,2.25E-06,3.77E-05,0.0562146,N,
5851,Endosulfan I,115-29-7,SH-SY5Y,20,384,1.79E-08,3.48E-06,3.77E-05,0.0869989,N,
5852,Endrin,72-20-8,SH-SY5Y,20,384,4.06E-08,1.99E-07,3.53E-05,0.00497103,N,
5853,Ethion,563-12-2,SH-SY5Y,20,384,2.59E-08,2.92E-07,3.69E-05,0.0073098,N,
5854,Heptachlor,76-44-8,SH-SY5Y,20,384,8.21E-08,8.48E-08,3.11E-05,0.00211987,N,
5855,Heptachlor epoxide B,1024-57-3,SH-SY5Y,20,384,2.30E-08,3.20E-07,3.73E-05,0.00800581,N,
5856,Lindane,58-89-9,SH-SY5Y,20,384,1.78E-08,4.45E-06,3.77E-05,0.111159,N,
5857,"Methoxychlor-o,p'",72-43-5,SH-SY5Y,20,384,2.62E-08,2.89E-07,3.69E-05,0.00723545,N,
5858,Parathion,56-38-2,SH-SY5Y,20,384,1.79E-08,3.48E-06,3.77E-05,0.0869992,N,
5859,Trifluralin,1582-09-8,SH-SY5Y,20,384,3.64E-08,2.20E-07,3.58E-05,0.00549437,N,
5860,Cisapride,81098-60-4,SH-SY5Y,20,384,7.31E-09,7.29E-06,3.78E-05,0.182249,B,7.8
5861,Citalopram hydrobromide,59729-33-8,SH-SY5Y,20,384,1.62E-08,1.25E-05,3.80E-05,0.311336,N,
5862,Dofetilide,115256-11-6,SH-SY5Y,20,384,1.22E-08,3.34E-05,3.94E-05,0.83546,B,8.4
5863,Moxifloxacin hydrochloride,186826-86-8,SH-SY5Y,20,384,3.67E-09,3.95E-05,3.99E-05,0.986745,A,6
5864,N-acetylpro-cainamide,32795-44-1,SH-SY5Y,20,384,2.07E-08,3.94E-05,3.99E-05,0.984613,B,9.2
5865,Quinidine sulfate,50-54-4,SH-SY5Y,20,384,7.35E-09,1.20E-05,3.80E-05,0.299444,B,9.3
5866,Sematilide,101526-83-4,SH-SY5Y,20,384,1.92E-08,3.95E-05,3.99E-05,0.987287,B,9.1
5867,Sotalol hydrochloride,959-24-0,SH-SY5Y,20,384,1.81E-08,3.99E-05,4.00E-05,0.998076,B,9
5868,Mifepristone,84371-65-3,SH-SY5Y,20,384,2.01E-08,3.55E-07,3.76E-05,0.00886486,N,
5869,Perfluorobutanesulfonic_acid,375-73-5,SH-SY5Y,20,384,3.47E-10,3.87E-05,3.99E-05,0.967925,A,-2.9
5870,4_2_Fluorotelomer_sulfonic_acid,757124-72-4,SH-SY5Y,20,384,3.36E-10,3.76E-05,3.98E-05,0.940887,A,1.4
5871,Perfluorononanoic_acid,375-95-1,SH-SY5Y,20,384,8.71E-13,9.64E-08,3.06E-05,0.0024101,A,0.1
5872,Perfluorohexanoic_acid,307-24-4,SH-SY5Y,20,384,1.33E-11,1.49E-06,3.78E-05,0.0371775,A,0.1
5873,Perfluorobutanoic_acid,375-22-4,SH-SY5Y,20,384,3.38E-10,3.78E-05,3.98E-05,0.946131,A,0.1
5874,Perfluorooctanoic_acid,335-67-1,SH-SY5Y,20,384,1.57E-11,1.76E-06,3.78E-05,0.0438955,A,0.1
5875,6_2_Fluorotelomer_sulfonic_acid,27619-97-2,SH-SY5Y,20,384,1.59E-10,1.79E-05,3.83E-05,0.446413,A,1.4
5876,8_2_Fluorotelomer_sulfonic_acid,39108-34-4,SH-SY5Y,20,384,1.39E-11,1.56E-06,3.78E-05,0.0389891,A,1.4
5877,Perfluoroundecanoic_acid,2058-94-8,SH-SY5Y,20,384,1.01E-12,1.13E-07,3.16E-05,0.00281492,A,0.1
5878,Perfluorooctanesulfonic_acid,1763-23-1,SH-SY5Y,20,384,1.01E-12,1.13E-07,3.16E-05,0.00281492,A,-2.9
5879,Perfluoroheptanoic_acid,375-85-9,SH-SY5Y,20,384,6.02E-11,6.73E-06,3.78E-05,0.16826,A,0.1
5880,Perfluoropentanoic_acid,2706-90-3,SH-SY5Y,20,384,2.86E-10,3.20E-05,3.93E-05,0.800278,A,0.1
5881,Perfluorohexanesulfonic_acid,355-46-4,SH-SY5Y,20,384,2.17E-10,2.42E-05,3.87E-05,0.605006,A,-2.9
5882,Perfluorodecanoic_acid,335-76-2,SH-SY5Y,20,384,5.55E-13,6.06E-08,2.77E-05,0.00151529,A,0.1
5883,cyclosporine A,59865-13-3,SH-SY5Y,20,384,1.41E-08,1.90E-05,3.84E-05,0.474397,N,
5884,chlorpromazine,50-53-3,SH-SY5Y,20,384,1.35E-09,2.11E-07,3.53E-05,0.00526558,B,9.4
5885,PBDE 47,5436-43-1,SH-SY5Y,20,384,1.33E-07,2.63E-08,2.66E-05,0.000656813,N,
5886,PBDE 99,60348-60-9,SH-SY5Y,20,384,1.58E-07,9.52E-09,2.48E-05,0.000238026,N,
5887,PBDE 153,68631-49-2,SH-SY5Y,20,384,1.70E-07,2.65E-09,2.45E-05,6.62E-05,N,
5888,amiodarone,1951-25-3,SH-SY5Y,20,384,9.14E-09,7.28E-09,1.98E-05,0.00018198,B,9
5889,Azathioprine,446-86-6,SH-SY5Y,20,384,5.28E-09,4.00E-05,4.00E-05,0.998798,A,8.2
5890,Benzocaine,94-09-7,SH-SY5Y,20,384,6.97E-09,3.70E-05,3.97E-05,0.924836,N,
5891,Butylated hydroxyanisole,25013-16-5,SH-SY5Y,20,384,1.72E-08,8.32E-06,3.78E-05,0.207938,N,
5892,Cetirizine dihydrochloride,83881-52-1,SH-SY5Y,20,384,1.90E-09,3.98E-05,4.00E-05,0.995163,A,4.7
5893,Cyclamate,139-05-9,SH-SY5Y,20,384,7.18E-07,3.93E-05,3.93E-05,0.981845,B,17.6
5894,Cyclophosphamide,6055-19-2,SH-SY5Y,20,384,9.55E-09,3.98E-05,4.00E-05,0.995168,B,6.1
5895,Cypermethrin,67375-30-8,SH-SY5Y,20,384,1.20E-07,3.70E-08,2.76E-05,0.000925524,N,
5896,DEET,134-62-3,SH-SY5Y,20,384,8.34E-09,3.39E-05,3.94E-05,0.848434,N,
5897,Dexamethasone,50-02-2,SH-SY5Y,20,384,7.17E-09,3.66E-05,3.97E-05,0.913915,N,
5898,Digoxin,20830-75-5,SH-SY5Y,20,384,5.85E-09,3.93E-05,3.99E-05,0.981677,N,
5899,Fenazaquin,120928-09-8,SH-SY5Y,20,384,4.46E-08,1.81E-07,3.49E-05,0.0045369,N,
5900,Fenbuconazole,114369-43-6,SH-SY5Y,20,384,1.63E-08,1.18E-05,3.80E-05,0.295674,N,
5901,Fluazinam,79622-59-6,SH-SY5Y,20,384,1.78E-08,2.30E-06,3.77E-05,0.0575411,N,
5902,Furosemide,54-31-9,SH-SY5Y,20,384,4.09E-10,3.56E-05,3.96E-05,0.891151,A,3
5903,Glybenclamide,10238-21-8,SH-SY5Y,20,384,8.67E-11,3.70E-07,3.76E-05,0.00923819,A,5
5904,HC Red 3,2871-01-4,SH-SY5Y,20,384,5.47E-09,3.99E-05,4.00E-05,0.99871,N,
5905,Hydralazine hydrochloride,304-20-1,SH-SY5Y,20,384,9.05E-09,3.98E-05,4.00E-05,0.994831,B,6
5906,Ketoconazole,65277-42-1,SH-SY5Y,20,384,1.50E-08,1.03E-06,3.78E-05,0.0257222,B,6.6
5907,Metformin,1115-70-4,SH-SY5Y,20,384,3.13E-08,4.00E-05,4.00E-05,0.999117,B,9.6
5908,Metoclopramide,364-62-5,SH-SY5Y,20,384,1.22E-08,2.63E-05,3.88E-05,0.656417,B,9
5909,Nitrofurantoin,67-20-9,SH-SY5Y,20,384,4.67E-09,4.00E-05,4.00E-05,0.999619,A,7.3
5910,Oxytetracycline hydrochloride,2058-46-0,SH-SY5Y,20,384,1.64E-09,4.00E-05,4.00E-05,0.999939,A,4.5
5911,Panthenol,16485-10-2 ,SH-SY5Y,20,384,5.44E-09,4.00E-05,4.00E-05,0.99977,N,
5912,Paracetamol,103-90-2,SH-SY5Y,20,384,5.50E-09,3.99E-05,4.00E-05,0.997275,N,
5913,Topiramate,97240-79-4,SH-SY5Y,20,384,5.42E-09,4.00E-05,4.00E-05,0.999837,A,9.2
5914,Trimellitic anhydride,552-30-7,SH-SY5Y,20,384,5.37E-10,3.88E-05,3.99E-05,0.970838,A,3.3
5915,Verapamil hydrochloride,152-11-4,SH-SY5Y,20,384,9.83E-10,7.58E-07,3.79E-05,0.0189485,B,9.2
5916,Warfarin,129-06-6,SH-SY5Y,20,384,1.04E-08,2.91E-05,3.91E-05,0.727712,N,
5917,Caffeine,58-08-2,HEK293H,20,384,7.96E-09,4.00E-05,4.00E-05,0.999094,N,
5918,Lamotrigine,84057-84-1,HEK293H,20,384,4.36E-08,2.73E-05,3.89E-05,0.681544,B,6.6
5919,Diclofenac,15307-79-6,HEK293H,20,384,1.02E-06,3.88E-05,3.90E-05,0.969888,B,17.6
5920,"2,4-Dichlorophenoxyacetic",94-75-7,HEK293H,20,384,3.21E-10,2.18E-05,3.85E-05,0.544793,A,2.7
5921,(S)-Naproxen,22204-53-1,HEK293H,20,384,7.56E-10,1.30E-05,3.80E-05,0.324405,A,4.4
5922,Ibuprofen,15687-27-1,HEK293H,20,384,1.26E-09,4.39E-06,3.77E-05,0.109849,A,5.4
5923,Torasemide,56211-40-6,HEK293H,20,384,3.66E-10,9.24E-06,3.78E-05,0.230981,A,4
5924,Warfarin,81-81-2,HEK293H,20,384,1.49E-09,2.44E-05,3.87E-05,0.610864,A,4.5
5925,di-n-butylphthalate,84-74-2,HEK293H,20,384,8.35E-08,5.45E-07,3.79E-05,0.0136215,N,
5926,hexachlorophene,70-30-4,HEK293H,20,384,6.24E-08,7.69E-09,2.00E-05,0.000192367,A,6.2
5927,hexamethylenetetramine,100-97-0,HEK293H,20,384,1.59E-08,3.99E-05,3.99E-05,0.997983,B,6.4
5928,Malathion,121-75-5,HEK293H,20,384,3.24E-08,3.13E-05,3.92E-05,0.78181,N,
5929,pentachlorophenol,87-86-5,HEK293H,20,384,4.95E-10,2.84E-07,3.67E-05,0.00710352,A,5
5930,"2,2,2-trichloroethanol",115-20-8,HEK293H,20,384,1.13E-08,3.88E-05,3.98E-05,0.971028,N,
5931,diethylphthalate,84-66-2,HEK293H,20,384,3.60E-08,2.99E-05,3.91E-05,0.746311,N,
5932,4-chlorophenol,106-48-9,HEK293H,20,384,3.37E-08,3.08E-05,3.92E-05,0.768895,N,
5933,permethrin,52645-53-1,HEK293H,20,384,5.55E-07,4.50E-08,2.80E-05,0.0011242,N,
5934,Aniline,62-53-3,HEK293H,20,384,8.93E-09,3.97E-05,3.99E-05,0.991952,N,
5935,4-fluoroaniline,371-40-4,HEK293H,20,384,9.75E-09,3.94E-05,3.99E-05,0.985362,N,
5936,"2,4,6-trichlorophenol",88-06-2,HEK293H,20,384,1.81E-08,4.79E-06,3.77E-05,0.119716,A,6.8
5937,Allyl alcohol,107-18-6,HEK293H,20,384,8.04E-09,3.99E-05,3.99E-05,0.997146,N,
5938,N-methylaniline,100-61-8,HEK293H,20,384,1.38E-08,3.80E-05,3.97E-05,0.950845,N,
5939,"3,4-dichloroaniline",95-76-1,HEK293H,20,384,4.89E-08,2.45E-05,3.87E-05,0.61362,N,
5940,4-decylaniline,37529-30-9,HEK293H,20,384,4.90E-07,6.03E-08,2.93E-05,0.00150771,N,
5941,naphthalene,91-20-3,HEK293H,20,384,7.85E-08,1.04E-05,3.77E-05,0.259364,N,
5942,"1,2,4-trichlorobenzene",120-82-1,HEK293H,20,384,8.47E-08,2.31E-06,3.62E-05,0.0578148,N,
5943,"1,2-dichlorobenzene",95-50-1,HEK293H,20,384,7.53E-08,7.42E-06,3.44E-05,0.185421,N,
5944,dichloromethane,75-09-2,HEK293H,20,384,7.93E-09,3.04E-05,3.09E-05,0.760595,N,
5945,tetrachloroethylene,127-18-4,HEK293H,20,384,6.30E-08,6.65E-06,2.91E-05,0.166129,N,
5946,"2,3-dimethyl-1,3-butadiene",513-81-5,HEK293H,20,384,4.16E-09,9.19E-07,2.28E-06,0.0229741,N,
5947,Eugenol F,97-53-0,HEK293H,20,384,2.87E-08,3.27E-05,3.93E-05,0.817225,N,
5948,Methyl-antranilate,134-20-3,HEK293H,20,384,1.74E-08,3.68E-05,3.97E-05,0.921105,N,
5949,Lilyfore,285977-85-7,HEK293H,20,384,7.67E-08,1.16E-05,3.79E-05,0.290117,N,
5950,Damascone beta,23726-91-2,HEK293H,20,384,8.65E-08,1.18E-06,3.77E-05,0.0295744,N,
5951,Veloutone,14595-54-1,HEK293H,20,384,1.69E-07,2.34E-07,3.59E-05,0.00584502,N,
5952,Verdox,82356-51-2,HEK293H,20,384,5.37E-07,4.89E-08,2.84E-05,0.001222,N,
5953,Nirvanol,1506-02-1,HEK293H,20,384,2.76E-07,1.44E-07,3.36E-05,0.00359495,N,
5954,Cetalox,3738-00-9,HEK293H,20,384,1.96E-07,2.05E-07,3.53E-05,0.00511778,N,
5955,Tonalide,21145-77-7,HEK293H,20,384,2.76E-07,1.44E-07,3.36E-05,0.00359495,N,
5956,"2,4-Dinitrophenol",51-28-5,HEK293H,20,384,1.60E-09,3.81E-05,3.98E-05,0.952039,A,4.1
5957,Aldrin,309-00-2,HEK293H,20,384,5.55E-07,4.50E-08,2.80E-05,0.00112408,N,
5958,Azinphos-methyl,86-50-0,HEK293H,20,384,5.23E-08,2.31E-05,3.86E-05,0.578033,N,
5959,Chlorpyrifos,2921-88-2,HEK293H,20,384,1.12E-07,3.26E-07,3.72E-05,0.00814884,N,
5960,"DDD-p,p'",50-29-3,HEK293H,20,384,6.88E-07,2.15E-08,2.57E-05,0.000536366,N,
5961,"DDT-o,p'",789-02-6,HEK293H,20,384,5.76E-07,4.06E-08,2.76E-05,0.00101501,N,
5962,"DDT-p,p'",72-54-8,HEK293H,20,384,4.17E-07,8.17E-08,3.07E-05,0.00204227,N,
5963,Diazinon,333-41-5,HEK293H,20,384,8.79E-08,3.63E-06,3.76E-05,0.0908487,N,
5964,Dicofol,115-32-2,HEK293H,20,384,1.22E-07,3.07E-07,3.70E-05,0.00767168,N,
5965,Dieldrin,60-57-1,HEK293H,20,384,1.38E-07,2.77E-07,3.66E-05,0.00692455,N,
5966,Disulfoton,298-04-4,HEK293H,20,384,8.80E-08,2.24E-06,3.77E-05,0.0561157,N,
5967,Endosulfan I,115-29-7,HEK293H,20,384,8.80E-08,3.47E-06,3.76E-05,0.0868463,N,
5968,Endrin,72-20-8,HEK293H,20,384,2.03E-07,1.98E-07,3.52E-05,0.00495079,N,
5969,Ethion,563-12-2,HEK293H,20,384,1.30E-07,2.92E-07,3.68E-05,0.00729079,N,
5970,Heptachlor,76-44-8,HEK293H,20,384,4.09E-07,8.41E-08,3.09E-05,0.00210249,N,
5971,Heptachlor epoxide B,1024-57-3,HEK293H,20,384,1.15E-07,3.19E-07,3.72E-05,0.0079873,N,
5972,Lindane,58-89-9,HEK293H,20,384,8.74E-08,4.44E-06,3.76E-05,0.110965,N,
5973,"Methoxychlor-o,p'",72-43-5,HEK293H,20,384,1.32E-07,2.89E-07,3.68E-05,0.00721639,N,
5974,Parathion,56-38-2,HEK293H,20,384,8.80E-08,3.47E-06,3.76E-05,0.0868466,N,
5975,Trifluralin,1582-09-8,HEK293H,20,384,1.82E-07,2.19E-07,3.57E-05,0.0054743,N,
5976,Cisapride,81098-60-4,HEK293H,20,384,2.80E-08,7.29E-06,3.77E-05,0.182155,B,7.8
5977,Citalopram hydrobromide,59729-33-8,HEK293H,20,384,7.52E-08,1.24E-05,3.79E-05,0.310876,N,
5978,Dofetilide,115256-11-6,HEK293H,20,384,1.92E-08,3.34E-05,3.94E-05,0.835315,B,8.4
5979,Moxifloxacin hydrochloride,186826-86-8,HEK293H,20,384,5.36E-09,3.95E-05,3.99E-05,0.986704,A,6
5980,N-acetylpro-cainamide,32795-44-1,HEK293H,20,384,3.00E-08,3.94E-05,3.99E-05,0.984385,B,9.2
5981,Quinidine sulfate,50-54-4,HEK293H,20,384,1.23E-08,1.20E-05,3.80E-05,0.299407,B,9.3
5982,Sematilide,101526-83-4,HEK293H,20,384,2.77E-08,3.95E-05,3.99E-05,0.987076,B,9.1
5983,Sotalol hydrochloride,959-24-0,HEK293H,20,384,2.61E-08,3.99E-05,4.00E-05,0.997876,B,9
5984,Mifepristone,84371-65-3,HEK293H,20,384,1.01E-07,3.54E-07,3.75E-05,0.00884699,N,
5985,Perfluorobutanesulfonic_acid,375-73-5,HEK293H,20,384,5.01E-10,3.87E-05,3.99E-05,0.967922,A,-2.9
5986,4_2_Fluorotelomer_sulfonic_acid,757124-72-4,HEK293H,20,384,4.84E-10,3.76E-05,3.98E-05,0.940884,A,1.4
5987,Perfluorononanoic_acid,375-95-1,HEK293H,20,384,1.29E-12,9.64E-08,3.06E-05,0.0024101,A,0.1
5988,Perfluorohexanoic_acid,307-24-4,HEK293H,20,384,1.92E-11,1.49E-06,3.78E-05,0.0371775,A,0.1
5989,Perfluorobutanoic_acid,375-22-4,HEK293H,20,384,4.88E-10,3.78E-05,3.98E-05,0.946128,A,0.1
5990,Perfluorooctanoic_acid,335-67-1,HEK293H,20,384,2.27E-11,1.76E-06,3.78E-05,0.0438955,A,0.1
5991,6_2_Fluorotelomer_sulfonic_acid,27619-97-2,HEK293H,20,384,2.30E-10,1.79E-05,3.83E-05,0.446413,A,1.4
5992,8_2_Fluorotelomer_sulfonic_acid,39108-34-4,HEK293H,20,384,2.01E-11,1.56E-06,3.78E-05,0.0389891,A,1.4
5993,Perfluoroundecanoic_acid,2058-94-8,HEK293H,20,384,1.50E-12,1.13E-07,3.16E-05,0.00281492,A,0.1
5994,Perfluorooctanesulfonic_acid,1763-23-1,HEK293H,20,384,1.46E-12,1.13E-07,3.16E-05,0.00281492,A,-2.9
5995,Perfluoroheptanoic_acid,375-85-9,HEK293H,20,384,8.69E-11,6.73E-06,3.78E-05,0.16826,A,0.1
5996,Perfluoropentanoic_acid,2706-90-3,HEK293H,20,384,4.13E-10,3.20E-05,3.93E-05,0.800276,A,0.1
5997,Perfluorohexanesulfonic_acid,355-46-4,HEK293H,20,384,3.13E-10,2.42E-05,3.87E-05,0.605004,A,-2.9
5998,Perfluorodecanoic_acid,335-76-2,HEK293H,20,384,8.48E-13,6.06E-08,2.77E-05,0.00151529,A,0.1
5999,cyclosporine A,59865-13-3,HEK293H,20,384,6.17E-08,1.90E-05,3.83E-05,0.473832,N,
6000,chlorpromazine,50-53-3,HEK293H,20,384,6.30E-09,2.11E-07,3.53E-05,0.00526493,B,9.4
6001,PBDE 47,5436-43-1,HEK293H,20,384,6.59E-07,2.59E-08,2.62E-05,0.000648149,N,
6002,PBDE 99,60348-60-9,HEK293H,20,384,7.82E-07,9.37E-09,2.44E-05,0.000234299,N,
6003,PBDE 153,68631-49-2,HEK293H,20,384,8.41E-07,2.60E-09,2.41E-05,6.51E-05,N,
6004,amiodarone,1951-25-3,HEK293H,20,384,4.59E-08,7.27E-09,1.98E-05,0.000181813,B,9
6005,Azathioprine,446-86-6,HEK293H,20,384,7.73E-09,3.99E-05,4.00E-05,0.998737,A,8.2
6006,Benzocaine,94-09-7,HEK293H,20,384,1.70E-08,3.70E-05,3.97E-05,0.924603,N,
6007,Butylated hydroxyanisole,25013-16-5,HEK293H,20,384,8.24E-08,8.30E-06,3.77E-05,0.207599,N,
6008,Cetirizine dihydrochloride,83881-52-1,HEK293H,20,384,2.74E-09,3.98E-05,4.00E-05,0.995142,A,4.7
6009,Cyclamate,139-05-9,HEK293H,20,384,1.03E-06,3.90E-05,3.90E-05,0.974082,B,17.6
6010,Cyclophosphamide,6055-19-2,HEK293H,20,384,1.43E-08,3.98E-05,4.00E-05,0.995051,B,6.1
6011,Cypermethrin,67375-30-8,HEK293H,20,384,5.97E-07,3.66E-08,2.73E-05,0.000914457,N,
6012,DEET,134-62-3,HEK293H,20,384,2.54E-08,3.39E-05,3.94E-05,0.848072,N,
6013,Dexamethasone,50-02-2,HEK293H,20,384,1.83E-08,3.65E-05,3.96E-05,0.913661,N,
6014,Digoxin,20830-75-5,HEK293H,20,384,1.03E-08,3.93E-05,3.99E-05,0.981568,N,
6015,Fenazaquin,120928-09-8,HEK293H,20,384,2.23E-07,1.81E-07,3.48E-05,0.00451661,N,
6016,Fenbuconazole,114369-43-6,HEK293H,20,384,7.63E-08,1.18E-05,3.79E-05,0.295231,N,
6017,Fluazinam,79622-59-6,HEK293H,20,384,8.81E-08,2.30E-06,3.77E-05,0.0574399,N,
6018,Furosemide,54-31-9,HEK293H,20,384,5.91E-10,3.56E-05,3.96E-05,0.891147,A,3
6019,Glybenclamide,10238-21-8,HEK293H,20,384,3.59E-10,3.70E-07,3.76E-05,0.00923812,A,5
6020,HC Red 3,2871-01-4,HEK293H,20,384,8.03E-09,3.99E-05,4.00E-05,0.998646,N,
6021,Hydralazine hydrochloride,304-20-1,HEK293H,20,384,1.36E-08,3.98E-05,4.00E-05,0.994718,B,6
6022,Ketoconazole,65277-42-1,HEK293H,20,384,7.45E-08,1.03E-06,3.78E-05,0.025684,B,6.6
6023,Metformin,1115-70-4,HEK293H,20,384,4.52E-08,4.00E-05,4.00E-05,0.99877,B,9.6
6024,Metoclopramide,364-62-5,HEK293H,20,384,1.88E-08,2.63E-05,3.88E-05,0.656308,B,9
6025,Nitrofurantoin,67-20-9,HEK293H,20,384,6.76E-09,4.00E-05,4.00E-05,0.999567,A,7.3
6026,Oxytetracycline hydrochloride,2058-46-0,HEK293H,20,384,2.37E-09,4.00E-05,4.00E-05,0.999921,A,4.5
6027,Panthenol,16485-10-2 ,HEK293H,20,384,7.86E-09,4.00E-05,4.00E-05,0.999709,N,
6028,Paracetamol,103-90-2,HEK293H,20,384,8.24E-09,3.99E-05,4.00E-05,0.997207,N,
6029,Topiramate,97240-79-4,HEK293H,20,384,7.82E-09,4.00E-05,4.00E-05,0.999776,A,9.2
6030,Trimellitic anhydride,552-30-7,HEK293H,20,384,7.75E-10,3.88E-05,3.99E-05,0.970832,A,3.3
6031,Verapamil hydrochloride,152-11-4,HEK293H,20,384,3.52E-09,7.58E-07,3.79E-05,0.0189473,B,9.2
6032,Warfarin,129-06-6,HEK293H,20,384,3.79E-08,2.91E-05,3.90E-05,0.727211,N,
